state,dialog
0,I T I T I 500 A I T I T R R R P P P P 200 P 200 P 200 I 200 I 200 I 200 A A A A B B B B 200 B 200 B 200
1,I T I T I 500 A I T I T I T R R R R P P P P P 200 P 200 P 200 P 200 I 200 I 200 I 200 I 200 A A A A U U U 200 U 200 U U U 200 U 200 B B B B B 200 B 200 B 200 B 200
2,I T I 407 A I T I T I 500 A I T I T R R R P P P P 200 I 200 I 200 P 200 I 200 A P 200 A A A B B B B 200 B 200 B 200
3,I T I T I 500 A I T I T S S S P P P P 200 S P 200 P P 200 S P 200 S P P P 200 P P P 200 P 200 P 200 R R R P P P P P 200 P 200 P 200 P 200 I 200 I 200 I 200 A A A A U U U 200 U 200 U U U 200 U 200 U U U 200 U 200 U U 200 U 200 B B B B B 200 B 200 B 200 B 200
4,I T I T I 500 A I T I T I T R R R R P P P P P 200 P 200 P 200 P 200 I 200 I 200 I 200 I 200 A A A A U U U 200 U 200 U U U 200 U 200 U U U 200 U 200 U U 200 U 200 B B B B B 200 B 200 B 200 B 200
5,I T I T I 500 A I T I T I T R R R R P P P P P 200 P 200 P 200 P 200 I 200 I 200 I 200 I 200 A A A A B B B B B 200 B 200 B 200 B 200
6,I T I T I 500 A I T I T I T R R R R P P P P P 200 P 200 P 200 P 200 I 200 I 200 I 200 I 200 A A A A B B B B B B 200 B 200 B 200 B 200 B B 481 B 481
7,I T I T I 500 A I T I T I 500 A I T I T I T R R R R R P P P P P P 200 P 200 P 200 P 200 P 200 I 200 I 200 I 200 I 200 I 200 A A A A A U U U 200 U 200 U U U 200 U 200 U U U 200 U 200 U U U 200 U 200 U U U U U U 200 U 200 U 200 U 200 U U U 200 U 200 U U U 200 U 200 U U 200 B B B B B B 200 B 200 B 200 B 200 B 200
8,I T I T I 500 A I T I T S S S P P P P P 200 P 200 P 200 P 200 I 480 A I 480 A I 480 A
9,I T I T I 500 A I T I T S S S P P P P P 200 S S P 200 P 200 P 200 S P P P P P 200 S P 200 S P 200 P 200 S P P P P P 200 P 200 P 200 P 200 R R R P P P P P 200 P 200 P 200 P 200 I 200 I 200 I 200 A A A A B B B B 200 B 200 B 200
10,I T I T S S P P P 200 P 200 I 200 I 200 A A B B B 200 B 200
11,I T I T I 500 I T I T I T A R R R R P P P P P 200 P 200 P 200 P 200 I 200 I 200 I 200 I 200 A A A A B B B B B 200 B 200 B 200 B 200
12,I T I T I 500 A I T I T I T R R R R P P P P P 200 P 200 P 200 P 200 C C 200 C C 200 C C 200 C C 200 I 487 A I 487 A I 487 A I 487 A
13,I T I 407 A I T I T I 500 A I T I T R R R R R P P P P 200 P 200 P 200 I 200 I 200 I 200 A A A A U U U 200 U 200 U U U 200 U 200 B B B B 200 B 200 B 200
14,I T I T I 500 A I T W W I T I T S S S S P P P P P 200 P 200 P 200 P 200 R R R R P P P P P 200 P 200 P 200 P 200 I 200 I 200 I 200 I 200 A A A A B B B B B 200 B 200 B 200 B 200
15,I T I T R R I 200 I 200 A A B B B 200 B 200
16,I T I T I 500 A I T I T I T R R R R P P P P P 200 P 200 P 200 P 200 I 200 I 200 I 200 I 200 A A A A U U U 200 U 200 U U U 200 U 200 U U U 200 U 200 U U U 200 U 200 U U U 200 U 200 U U U 200 U 200 U U U 200 U 200 U U U 200 U 200 B B B B B 200 B 200 B 200 B 200
17,I T I T R R P P P 200 P 200 I 200 I 200 A A B B B 200 B 200
18,I T I T I 500 A I T I T I T R R R R P P P P P 200 P 200 P 200 P 200 I 200 I 200 I 200 I 200 A A A A U U U U U 200 U 200 U 200 U U U U U 200 U 200 U 200 U 200 U U U 200 U 200 U U U 200 U 200 U U U 200 U 200 U U U 200 U 200 U U U 200 U 200 U U U 200 U 200 U U U 200 U 200 U U U 200 U 200 U U U 200 U 200 U U U 200 U 200 U U U 200 U 200 U U U 200 U 200 U U U 200 U 200 U U U 200 U 200 B B B B B 200 B 200 B 200 B 200
19,I T I T I 500 A I T I I T T R R R R P P P P P 200 P 200 P 200 P 200 I 200 I 200 I 200 I 200 A A A A B B B B B 200 B 200 B 200 B 200
20,I T I 407 A I T I T I 500 A I T I T R R R P P P P 200 P 200 P 200 I 200 I 200 I 200 A A A A U U U 200 U U 200 U 200 U 200 B B B B 200 B 200 B 200
21,I I T I 500 A T I T I T S S S P P P P P 200 P 200 P 200 P 200 I 200 I 200 I 200 A A A A B B B B 200 B 200 B 200
22,I T I T I 500 A I T I T R R R P P P P 200 P 200 P 200 I 200 I 200 I 200 A A A A U U U 200 U 200 U U U 200 U 200 U U U 200 U 200 U U U 200 U 200 B B B B 200 B 200 B 200
23,I T I T R R P P P 200 P 200 I 200 I 200 A A I T I I 200 I 200 A A B B B 200 B 200
24,I T I 407 A I T I T I 500 A I T I T R R R P P P P 200 P 200 P 200 I 200 I 200 I 200 A A A A B B B B 200 B 200 B 200
25,I T I T I 500 A I I T I T T R R R R P P P P P 200 P 200 P 200 P 200 I 200 I 200 I 200 I 200 A A A A B B B B B 200 B 200 B 200 B 200
26,I T I T I 500 A I T I T S S S P P P P 200 R P 200 R P 200 R P P P P 200 P 200 P 200 S S S P P P P 200 P 200 P 200 U U U U 200 U 200 U 200 I 200 I 200 I 200 A A A A B B B B B 200 B 200 B 200 B 200
27,I T I T I 500 A I T I T I 486 A I 486 A I 486 A
28,I T I T I 500 A I I T I T T R R R R P P P P P 200 P 200 P 200 P 200 C C 200 C C 200 C C 200 C C 200 I 487 A I 487 A I 487 A I 487 A
29,I T I 407 A I I T T I 500 A I T I T I 484 A I 484 A I 484 A
30,I T I 407 A I T I T I 500 A I T I T R R R R R P P P P P 200 P 200 P 200 P 200 I 200 I 200 I 200 A A A A B B B B B 200 B 200 B 200 B 200
31,I T I 407 A I T I T I 500 A I T I T S S S P P P P P 200 P 200 P 200 P 200 R R I 486 A I 486 A R P I 486 A P 481
32,I T I T I 500 A I T I T I 200 I 200 I 200 A A A A B B B B B 200 B 200 B 200 B 200
33,I T I T I 500 A I T I T S S S P P P P P 200 P 200 R P 200 R P 200 R P P P P P 200 P 200 P 200 P 200 I 200 I 200 I 200 A A A A U U U U 200 U 200 U 200 U U U 200 U 200 U U U 200 U 200 B B B B B 200 B 200 B 200 B 200
34,I T I T I 500 A I T I T C C 200 C C 200 C C 200 I 487 A I 487 A I 487 A
35,I T I 407 A I T I T I 500 A I T I T I 500 A I T I T I T R R R R R P P P P P P 200 P 200 P 200 P 200 P 200 I 200 I 200 I 200 I 200 I 200 A A A A A B B B B B 200 B 200 B 200 B 200
36,I I T T I 500 A I T I T I 404 A I 404 A S P P 200 C C 200 I 404 A
37,I T I T I 500 A I T I T I 200 I 200 I 200 A A A A B B B B 200 B 200 B 200
38,I T I T I 500 A I T I T I T R R R R P P P P P 200 P 200 P 200 P 200 C C 200 C C 200 I 487 C A C 200 I 487 C A C 200 I 487 A I 487 A
39,I I T I 500 A T I T I T S S S P P P P 200 P 200 P 200 S S S P P P P 200 P 200 P 200 S S S P P P P 200 P 200 P 200 I 200 I 200 I 200 A A A A B B B B 200 B 200 B 200
40,I T I 407 A I T I T I 500 A I T I T S S S P P P P P 200 P 200 P 200 P 200 R R R P P P P P 200 P 200 P 200 P 200 I 200 I 200 I 200 A A A A I I T I T T I 200 I 200 I 200 A A A A B B B B B 200 B 200 B 200 B 200
41,I T I T I 500 A I T I T I T R R R R P P P P P 200 P 200 P 200 P 200 I 200 I 200 I 200 I 200 A A A A U U U U U 200 U 200 U 200 U 200 B B B B B 200 B 200 B 200 B 200
42,I T I T I 500 A I T I T I T R R R R I 200 I 200 I 200 I 200 A A A A B B B B B 200 B 200 B 200 B 200
43,I I T T I 500 A I T I T I 486 A I 486 A I 486 A
44,I T I T I 500 A I T I T I 500 A I T I T I T R R R R R P P P P P P 200 P 200 P 200 P 200 P 200 I 200 I 200 I 200 I 200 I 200 A A A A A B B B B B B 200 B 200 B 200 B 200 B 200
45,I I T I 500 A I T T I T S S S P P P P 200 P 200 P 200 I 200 I 200 I 200 A A A A B B B B 200 B 200 B 200
46,I T I T I 500 A I I T I T T R R R R P P P P P 200 P 200 P 200 P 200 C C 200 C C 200 C C 200 C C 200 I 487 A I 487 A I 487 I 487 A A
47,I I T I 500 I T A T I T I 500 A I T I T I T R R R R R P P P P P P 200 P 200 P 200 P 200 P 200 I 200 I 200 I 200 I 200 I 200 A A A A A B B B B B B B 200 B 200 B 200 B 200 B 200
48,I T I T I 500 A I T I T S S S P P P P 200 P 200 P 200 I 200 I 200 I 200 A A A A B B B B 200 B 200 B 200
49,I T I T I 500 I A T I T I T R R R R P P P P P 200 P 200 P 200 P 200 I 200 I 200 I 200 I 200 A A A A B B B B B 200 B 200 B 200 B 200
50,I T I T S S P P P 200 I 200 P 200 I 200 A A B B B 200 B 200
51,I I T T I 500 A I T I T R R R P P P P P 200 P 200 P 200 P 200 C C 200 C C 200 C C 200 I 487 A I 487 A I 487 A
52,I T I T I 500 I T I T I A T R R R R P P P P P 200 P 200 P 200 P 200 I 200 I 200 I 200 I 200 A A A A B B B B B 200 B 200 B 200 B 200
53,I T I 407 A I T I T I 500 A I T I T S S S P P P P 200 P 200 P 200 R R R P P P P 200 P 200 P 200 I 200 I 200 I 200 A A A A B B B B 200 B 200 B 200
54,I T I T I 500 A I T I T I 484 A I 484 A I 484 A
55,I I T T I 500 A I T I T I 484 A I 484 A I 484 A
56,I T I T I 500 A I T W W I T I T S S S S P P P P P 200 P 200 P 200 P 200 R R R R P P P P P 200 P 200 P 200 P 200 C C 200 C C 200 C C 200 C C 200 I 487 A I 487 A I 487 A I 487 A
57,I I T T I 500 A I T I T R R R P P P P 200 P 200 P 200 I 200 I 200 I 200 A A A A B B B B 200 B 200 B 200
58,I T I T I 500 A I T I T R R R P P P 200 P 200 P P 200 C C 200 C C 200 C C 200 I 487 A I 487 A I 487 A
59,I T I T I 500 A I T I T I T R R R R P P P P P 200 P 200 P 200 P 200 I 200 I 200 I 200 I 200 A A A A U U U U 200 U 200 U 200 U 200 U U U 200 U 200 U U U 200 U 200 B B B B B 200 B 200 B 200 B 200
60,I T I T I 500 A I T I T S S S P P P P P 200 P 200 P 200 P 200 R R R P P P P P 200 P 200 P 200 P 200 I 200 I 200 I 200 A A A A B B B B B 200 B 200 B 200 B 200
61,I T I 407 A I I T I 500 A T I T I T S S S P P P P P 200 P 200 P 200 P 200 R R R P P P P P 200 P 200 P 200 P 200 I 200 I 200 I 200 A A A A I T I T I T I 200 I 200 I 200 A A A A B B B B 200 B 200 B 200
62,I I T I 500 A T I T I T I 200 I 200 I 200 A A A A B B B B B 200 B 200 B 200 B 200
63,I T I T I 500 A I T I T I T R R R R P P P P P 200 P 200 P 200 P 200 I 200 I 200 I 200 I 200 A A A A I T I I T T I I 200 I 200 I 200 I 200 A A A A B B B B B 200 B 200 B 200 B 200
64,I T I 407 A I T I T I 500 A I T I T S S S P P P P P 200 P 200 P 200 P 200 S S S P P P P P 200 R R P 200 P 200 P 200 R P P P P P 200 P 200 P 200 P 200 S S S P P P P P 200 P 200 P 200 P 200 I 200 I 200 I 200 A A A A B B B B B 200 B 200 B 200 B 200
65,I T I T R R P P P 200 P 200 C C 200 C C 200 I 487 A I 487 A
66,I I T I 500 A T I T I T R R R P P P P 200 P 200 P 200 I 200 I 200 I 200 A A A A B B B B 200 B 200 B 200
67,I T I T I 500 A I T I T I 500 A I T I T I T R R R R R P P P P P P 200 P 200 P 200 P 200 P 200 I 200 I 200 I 200 I 200 I 200 A A A A A U U U 200 U 200 U U U 200 U 200 U 200 U U U 200 U 200 U U U U 200 U 200 U 200 B B B B B B 200 B 200 B 200 B 200 B 200
68,I T I T I 500 I T I T I A T R R R R P P P P P 200 P 200 P 200 P 200 C C 200 C C 200 C C 200 C C 200 I 487 A I 487 A I 487 A I 487 A
69,I T I 407 A I T I T I 500 A I T I T S S S P P P P 200 P 200 P 200 R R R P P P P 200 P 200 P 200 I 200 I 200 I 200 A A A A U U U 200 U 200 U U U 200 U 200 B B B B 200 B 200 B 200
70,I I T I 500 A T I T I T I 200 I 200 I 200 A A A A B B B B 200 B 200 B 200
71,I T I T I 500 A I T I T I T R R R R P P P P P 200 P 200 P 200 P 200 C C 200 C C 200 C C 200 C C 200 I 487 I 487 A I 487 I 487 A A A
72,I T I T I 500 A I T I T S S S P P P P P 200 P 200 P 200 P 200 W W W P P P P P 200 P 200 P 200 P 200 I 486 A I 486 A I 486 A
73,I T I T I 500 A I T I T S S S P P P P P 200 P 200 P 200 P 200 S S S P P P P P 200 P 200 P 200 P 200 I 200 I 200 I 200 A A A A B B B B 200 B 200 B 200
74,I T I T I 500 A I T I T S S S P P P P 200 S P 200 S P 200 S P P P P 200 P 200 P 200 R R R P P P P 200 P 200 P 200 S S S P P P P 200 P 200 P 200 S S S P P P P 200 P 200 P 200 S S S P P P P 200 S S P 200 P 200 S P P P P 200 P 200 P 200 I 200 I 200 I 200 A A A A B B B B B 200 B 200 B 200 B 200
75,I T I 407 A I T I 407 A I T I T I 500 A I T I T S S S P P P P 200 P 200 P 200 R R R P R R P P P 200 P 200 P 200 I 200 I 200 I 200 A A A A B B B B 200 B 200 B 200
76,I T I T I 500 A I T I T I T R R R R P P P P P 200 P 200 P 200 P 200 C C 200 C C C 200 C C 200 C 200 I 487 A I 487 A I 487 A I 487 A
77,I T I 407 A I I T I 500 A T I T I T R R R P P P P P 200 P 200 P 200 P 200 C C C 200 C C 200 I 487 C 200 A I 487 A I 487 A
78,I I T I 500 A T I T I T R R R P P P P P 200 P 200 P 200 P 200 I 486 A I 486 A I 486 A
79,I T I T I 500 A I T W W I 486 A I 486 A
80,I T I T I 500 A I T I T I T R R R R P P P P P 200 P 200 P 200 P 200 C C 200 C C 200 C C 200 C C 200 I 487 A I 487 I 487 A A I 487 A
81,I T I T I 500 A I T I T I T R R R R P P P P P 200 P 200 P 200 P 200 I 200 I 200 I 200 I 200 A A A A B B B B B B B 200 B 200 B 200 B 200 B 200 B 200
82,I T I T I 500 A I T I T I T R R R R P P P P P 200 P 200 P 200 P 200 I 200 I 200 I 200 I 200 A A A A U U U U 200 U 200 U 200 U 200 U U U 200 U 200 U U U 200 U 200 U U U 200 U 200 U U U 200 U 200 U U U 200 U 200 U U U 200 U 200 U U U 200 U 200 U U U 200 U 200 U U U 200 U 200 U U U 200 U 200 U U U 200 U 200 U U U 200 U 200 U U U 200 U 200 U U U 200 U 200 U U U 200 U 200 U U U 200 U 200 U U U 200 U 200 U U U 200 U 200 U U U 200 U 200 U U U 200 U 200 B B B B B 200 B 200 B 200 B 200
83,I T I T I 500 A I T I T I 500 I T I T I T A R R R R R P P P P P P 200 P 200 P 200 P 200 P 200 I 200 I 200 I 200 I 200 I 200 A A A A B B B B B B 200 B 200 B 200 B 200 B 200
84,I T I T I 500 A I T I T S S S S S P P P P 200 S S P 200 P 200 S P P P P 200 P 200 P 200 R R R P P P 200 P 200 P P 200 I 200 I 200 I 200 I 200 I 200 A A A A B B B B 200 B 200 B 200
85,I T I T I 500 A I T I T I T R R R R P P P P P 200 P 200 P 200 P 200 I 200 I 200 I 200 I 200 A A A A U U U U 200 U 200 U 200 U 200 U U U 200 U U 200 U 200 U 200 U U U 200 U 200 U U U 200 U 200 U U U 200 U U 200 U 200 U 200 U U U U 200 U 200 U 200 U 200 U U U U 200 U 200 U 200 U 200 U U U 200 U 200 U U 200 U 200 B B B B B 200 B 200 B 200 B 200
86,I T I T I 500 A I T I T I T R R R R P P P P P 200 P 200 P 200 P 200 C C 200 C C C 200 C C 200 C 200 I 487 I 487 A A I 487 A I 487 A
87,I I T T I 500 A I T I T I 500 A I T I T I T R R R R R P P P P P P 200 P 200 P 200 P 200 P 200 I 200 I 200 I 200 I 200 I 200 A A A A A I I T T I T I T I I 200 I 200 I 200 B B B 200 I 200 B 200 I 200 I 200 B B B B 200 B 200 B 200 I 200 I 200 I 200 I 200
88,I T I T I 500 A I T I T I T R R R R P P P P P 200 P 200 P 200 P 200 I 200 I 200 I 200 I 200 A A A A U U U U 200 U 200 U 200 U 200 U U U 200 U 200 U U U 200 U 200 U U U 200 U 200 U U U 200 U 200 B B B B B 200 B 200 B 200 B 200
89,I I T I 500 A I T I T T I 200 I 200 I 200 A A A A B B B B 200 B 200 B 200
90,I T I T I 500 I T A I T R R R P P P P 200 P 200 P 200 I 200 I 200 I 200 A A A A B B B B 200 B 200 B 200
91,I T I T I 500 A I T I T I T R R R R P P P P P 200 P 200 P 200 P 200 I 200 I 200 I 200 I 200 A A A A I T I T I T I T I 200 I 200 I 200 I 200 A A A A B B B B B 200 B 200 B 200 B 200
92,I T I T I 500 A I T I T S S S P P P P 200 P 200 P 200 S S S P P P P 200 P 200 P 200 R R R I 200 I 200 I 200 A A A A B B B B 200 B 200 B 200
93,I T I T I 500 A I T I T S S S P P P P P 200 R P 200 R P 200 P 200 R P P P P P 200 P 200 P 200 P 200 I 200 I 200 I 200 A A A A B B B B B 200 B 200 B 200 B 200
94,I T I T I 500 A I T I T I T R R R R P P P P P 200 P 200 P 200 P 200 C C 200 C C 200 C C 200 C C 200 I 487 A I 487 A I 487 I 487 A A
95,I I T I 500 A I T T I T S S S P P P P 200 P 200 P 200 R R R P P P P 200 P 200 P 200 C C C 200 C C 200 C 200 I 487 A I 487 A I 487 A
96,I T I T I 500 A I T I T R R R P P P P 200 P 200 P 200 I 603 A I 603 A I 603 A
97,I I T I 500 A T I T I T S S S P P P P 200 R P 200 R P 200 R P P P P 200 P 200 P 200 S S S P P P P 200 P 200 P 200 U U U U 200 U 200 U 200 I 200 I 200 I 200 A A A A U U U U 200 U 200 U 200 U 200 U U U 200 U 200 U U U 200 U 200 U U U 200 U 200 U U U 200 U 200 B B B B 200 B 200 B 200
98,I T I 407 A I I T T I 500 A I T I T I 500 A I T I T I T R R R R R P P P P P P 200 P 200 P 200 P 200 P 200 I 200 I 200 I 200 I 200 I 200 A A A A A B B B B B 200 B 200 B 200 B 200
99,I I T T I 500 A I T I T I 500 A I T I T I T R R R R R P P P P P P 200 P 200 P 200 P 200 P 200 I 200 I 200 I 200 I 200 I 200 A A A A A B B B B B B 200 B 200 B 200 B 200 B 200
100,I T I T I 500 A I T I T I T R R R R P P P P P 200 P 200 P 200 P 200 I 200 I 200 I 200 I 200 A A A A I T I T I T I I 200 I 200 I 200 I 200 A A A A B B B B B 200 B 200 B 200 B 200
101,I T I T I 500 A I T I T W W W P P P P P 200 P 200 P 200 P 200 R R R P P P P I 200 I 200 P 200 P 200 P 200 I 200 P 200 A A A A B B B B B 200 B 200 B 200 B 200
102,I T I 407 A I T I T I 500 A I T I T S S S P P P P 200 R P 200 R P 200 R P P P P 200 P 200 P 200 C C C 200 C 200 C C 200 I 487 A I 487 A I 487 A
103,I T I T I 500 A I T I T I T R R R R P P P P P 200 P 200 P 200 P 200 I 200 I 200 I 200 I 200 A A A A B B B B B B B 200 B 481 B 481 B 200 B 200 B 200
104,I T I 407 A I T I T I 500 A I T I T S S S P P P P P 200 P 200 P 200 P 200 R R R P P P P P 200 P 200 P 200 P 200 I 200 I 200 I 200 A A A A I T I T I T I 200 I 200 I 200 A A A A B B B B B 200 B 200 B 200 B 200
105,I T I T I 500 A I T I T I T R R R R P P P P P 200 P 200 P 200 P 200 I 200 I 200 I 200 I 200 A A A A U U U U 200 U 200 U 200 U 200 U U U U 200 U 200 U 200 U 200 U U U 200 U 200 U U U 200 U 200 B B B B B 200 B 200 B 200 B 200
106,I T I T I 500 A I T I T S S S P P P P 200 P 200 P 200 R R R P P P P 200 P 200 P 200 I 200 I 200 I 200 A A A A B B B B 200 B 200 B 200
107,I T I T I 500 A I T I T S S S P P P P 200 P 200 P 200 R R R P P P P 200 P 200 P 200 I 200 I 200 I 200 A A A A U U U 200 U 200 U U U 200 U 200 U U U U 200 U 200 U 200 B B B B 200 B 200 B 200
108,I T I T I 500 A I T I T I T R R R R P P P P P 200 P 200 P 200 P 200 C C 200 C C 200 C C C 200 C 200 I 487 A I 487 A I 487 A I 487 A
109,I I T T I 500 A I T I T R R R P P P P P 200 P 200 P 200 P 200 I 200 I 200 I 200 A A A A B B B B B 200 B 200 B 200 B 200
110,I T I T I 500 A I T I T I 480 A I 480 A I 480 A
111,I T I T I 500 A I T I T I T R R R R P P P P P 200 P 200 P 200 P 200 I 200 I 200 I 200 I 200 A A A A U U U 200 U 200 U U 200 U 200 B B B B B 200 B 200 B 200 B 200
112,I T I 407 A I T I T I 500 A I T I T I 484 A I 484 A I 484 A
113,I T I T I 500 A I T I T I T R R R R P P P P P 200 P 200 P 200 P 200 I 200 I 200 I 200 I 200 A A A A U U U U 200 U 200 U 200 U 200 B B B B B 200 B 200 B 200 B 200
114,I I T I 500 T A I T I T R R R P P P P 200 P 200 P 200 C C 200 C C 200 C C 200 I 487 A I 487 A I 487 A
115,I T I T I 500 A I T I T I 502 A I 502 A I 502 A
116,I T I T I 500 A I T I T S S S P P P P 200 P 200 P 200 S S S P P P P 200 P 200 P 200 I 480 A I 480 A I 480 A
117,I I T T I 500 A I T I T S S S P P P P P 200 P 200 P 200 P 200 R R R P P P P P 200 P 200 P 200 P 200 C C 200 C C 200 C C 200 I 487 A I 487 A I 487 A
118,I T I T I 500 A I T I T I T R R R R P P P P P 200 P 200 P 200 P 200 I 200 I 200 I 200 I 200 A A A A U U U 200 U 200 U U 200 U 200 U U U 200 U 200 U U U 200 U 200 B B B B B 200 B 200 B 200 B 200
119,I T I T I 500 A I T I T I T R R R R P P P P P 200 P 200 P 200 P 200 I 200 I 200 I 200 I 200 A A A A I I T T I T I T I 200 I 200 I 200 I 200 A A A A B B B 200 B 200 U U U 200 U 200 B B B 200 B 200
120,I T I T I 500 A I T I T S S S P P P P P 200 S S P 200 P 200 P 200 S P P P P P 200 P 200 P 200 P 200 R R R P P P P P 200 P 200 P 200 P 200 I 200 I 200 I 200 A A A A B B B B 200 B 200 B 200
121,I T I T I 486 A I 486 A
122,I T I T I 500 A I T I T I T R R R R P P P P P 200 P 200 P 200 P 200 C C 200 C C C 200 C C 200 I 487 A I 487 A C 200 I 487 A I 487 A
123,I T I T I 500 A I T I T S S S P P P P P 200 S P 200 S P 200 P 200 S P P P P P 200 P 200 P 200 P 200 I 480 A I 480 A I 480 A
124,I T I T I 500 A I T I T R R R P P P P 200 P 200 P 200 C C 200 C C 200 C C 200 I 487 A I 487 A I 487 A
125,I T I T I 500 A I T I T R R R P P P P P 200 P 200 P 200 P 200 R R R P P P P P 200 P 200 R R P 200 P 200 R P P I 200 P I 200 P P 200 I 200 P 200 P 200 P 200 A A A A I T I T I I 200 I 200 I 200 A A A I T I T I I 200 I 200 I 200 A A A I T I T I I 200 I 200 I 200 A A A I T I T I I 200 I 200 I 200 A A A I T I T I I 200 I 200 I 200 A A A I T I T I I 200 I 200 I 200 A A A U U U U 200 U 200 U 200 U 200 U U U 200 U 200 U U U 200 U 200 B B B B B 200 B 200 B 200 B 200
126,I I T T I 500 A I T I T I 500 A I T I T I T R R R R R P P P P P P 200 P 200 P 200 P 200 P 200 I 200 I 200 I 200 I 200 I 200 A A A A A U U U 200 U 200 U 200 U 200 B B B B B 200 B 200 B 200 B 200
127,I T I T I 500 A I T I T I T R R R R P P P P P 200 P 200 P 200 P 200 I 200 I 200 I 200 I 200 A A A A U U U 200 U U 200 U 200 U 200 B B B B B 200 B 200 B 200 B 200
128,I I T T I 500 A I T I T I 200 I 200 I 200 A A A A B B B B 200 B 200 B 200
129,I T I T I 500 A I T I T I T R R R R P P P P P 200 P 200 P 200 P 200 I 200 I 200 I 200 I 200 A A A A U U U U 200 U 200 U 200 U 200 U U U U 200 U 200 U 200 U 200 U U U 200 U 200 U U U 200 U 200 U U U 200 U 200 U U U 200 U 200 U U U 200 U 200 U U U 200 U 200 U U U 200 U 200 U U U 200 U 200 U U U 200 U 200 U U U 200 U 200 B B B B B 200 B 200 B 200 B 200
130,I T I 407 A I T I T I 500 A I T I T S S S P P P P 200 R R P 200 P 200 R R R P P P P 200 P 200 R P 200 I 200 I 200 I 200 A A A A B B B B 200 B 200 B 200
131,I T I T I 500 A I T I T S S S P P P P P 200 S P 200 S P 200 S P 200 P P P P P 200 S P 200 S P 200 P 200 S P P P P P 200 P 200 P 200 P 200 R R R P P P P P 200 P 200 P 200 P 200 I 200 I 200 I 200 A A A A B B B B B 200 B 200 B 200 B 200
132,I T I 407 A I T I T I 500 A I T I T S S S P P P P P 200 P 200 P 200 P 200 S S S P P P P P 200 P 200 P 200 P 200 S S S P P P P P 200 P 200 P 200 P 200 S S S P P P P P 200 S P 200 S P 200 P 200 S C C C 200 C C 200 C 200 I 487 A I 487 A I 487 A
133,I I T T I 500 A I T I T R R R P P P P 200 P 200 P 200 C C C 200 C C 200 I 487 C 200 A I 487 A I 487 A
134,I T I T I 500 A I T I T I T R R R R P P P P P 200 P 200 P 200 P 200 I 200 I 200 I 200 I 200 A A A A U U U U U 200 U 200 U 200 B B B B B 200 B 200 B 200 B 200
135,I T I 407 A I I T T I 500 A I T I T S S S P P P P P 200 P 200 P 200 P 200 S S S P P P P P 200 P 200 P 200 P 200 R R R I 200 I 200 I 200 A A A A B B B B B 200 B 200 B 200 B 200
136,I T I 407 A I I T I 500 A T I T I T S S S P P P P P 200 P 200 P 200 P 200 S S S P P P P P 200 P 200 P 200 P 200 S S S P P P P P 200 P 200 P 200 P 200 C C 200 C C 200 C C 200 I 487 A I 487 A I 487 A
137,I T I T I 500 A I T I T W W I T S S S S P P P P P 200 P 200 P 200 P 200 R R R R P P P P P 200 P 200 P 200 P 200 I 200 I 200 I 200 I 200 A A A A B B B B B 200 B 200 B 200 B 200
138,I T I T I 500 A I T I T R R R P P P P P 200 P 200 P 200 P 200 I 200 I 200 I 200 A A A A U U U 200 U U 200 U 200 U 200 B B B B B 200 B 200 B 200 B 200
139,I T I 407 A I T I T I 500 A I T I T S S S P P P P P 200 P 200 P 200 P 200 R R R P P P P P 200 P 200 P 200 P 200 C C 200 C C 200 C C 200 I 487 A I 487 A I 487 A
140,I I T I 500 A I T T I T S S S P P P P 200 P 200 P 200 R R R P P P P 200 P 200 P 200 C C 200 C C 200 C C 200 I 487 A I 487 A I 487 A
141,I T I 407 A I I T I 500 A I T T I T S S S P P P P P 200 P 200 P 200 P 200 R R R I 480 A I 480 A P I 480 A P 481
142,I T I 407 A I T I T I 500 A I T I T I 500 A I T I T I T R R R R R P P P P P P 200 P 200 P 200 P 200 P 200 I 200 I 200 I 200 I 200 I 200 A A A A A B B B B B B 200 B 200 B 200 B 200 B 200
143,I T I T I 500 A I T I T I T R R R R P P P P P 200 P 200 P 200 P 200 C C 200 C C C 200 C 200 C C 200 I 487 A I 487 A I 487 I 487 A A
144,I T I 407 A I T I T I 500 A I T I T S S S P P P P 200 P 200 P 200 I 200 I 200 I 200 A A A A B B B B 200 B 200 B 200
145,I T I T I 500 A I T W W I T I T S S S S P P P P P 200 P 200 P 200 P 200 C C 200 C C 200 I 487 C A I 487 C 200 C C 200 I 487 A A I 487 A
146,I T I T I 500 A I T I T R R R P P P P P 200 P 200 P 200 P 200 I 200 I 200 I 200 A A A A B B B B B 200 B 200 B 200 B 200
147,I I T I 500 T A I T I T S S S P P P P 200 P 200 P 200 R R R P P P P 200 P 200 P 200 I 200 I 200 I 200 A A A A B B B B 200 B 200 B 200
148,I T I T I 500 A I T I T S S S P P P P 200 P 200 P 200 R R R P P P P 200 P 200 P 200 I 200 I 200 I 200 A A A A B B B B B 200 B 200 B 200 B 200
149,I T I 407 A I T I T I 500 A I T I T S S S P P P P 200 P 200 P 200 S S S P P P P 200 P 200 P 200 S S S P P P P 200 P 200 P 200 S S S P P P P 200 P 200 P 200 C C C 200 C C 200 I 487 A I 487 A C 200 I 487 A
150,I T I T I 500 A I T I T S S S P P P P P 200 S P 200 S P 200 P 200 S P P P P P 200 S P 200 S P 200 P 200 S P P P P P 200 P 200 P 200 P 200 R R R P P P P P 200 P 200 P 200 P 200 S S S P P P P P 200 P 200 P 200 P 200 S S S P P P P P 200 P 200 P 200 P 200 S S S P P P P P 200 P 200 P 200 P 200 I 200 I 200 I 200 A A A A B B B B B 200 B 200 B 200 B 200
151,I T I T I 500 A I T I T I 500 A I T I T I T R R R R R P P P P P P 200 P 200 P 200 P 200 P 200 I 200 I 200 I 200 I 200 I 200 A A A A A U U U U U 200 U 200 U 200 U 200 B B B B B 200 B 200 B 200 B 200
152,I I T T I 500 A I T I T S S S P P P P 200 P 200 P 200 R R R P P P P 200 P 200 P 200 I 200 I 200 I 200 A A A A U U U 200 U 200 U U U 200 U 200 B B B B 200 B 200 B 200
153,I T I T I 500 A I T I T S S S P P P P 200 P 200 P 200 C C 200 C C 200 C C 200 I 487 A I 487 A I 487 A
154,I T I T I 500 A I T I T I T R R R R P P P P P 200 P 200 P 200 P 200 C C 200 C C 200 I 487 A I 487 A W W R R P P P 200 P 200 C C 200 C C 200 I 487 A I 487 A
155,I I T T I 500 A I T I T R R R P P P P 200 P 200 P 200 C C C 200 C C 200 C 200 I 487 A I 487 A I 487 A
156,I I T I 500 A T I T I T S S S P P P P P 200 P 200 P 200 P 200 R R R P P P P P 200 P 200 P 200 P 200 I 200 I 200 I 200 A A A A B B B B 200 B 200 B 200
157,I T I T I 500 A I T I T R R R P P P P 200 P 200 P 200 I 200 I 200 I 200 A A A A U U U U 200 U 200 U 200 U 200 U U U U 200 U 200 U 200 U 200 B B B B 200 B 200 B 200
158,I T I T I 500 I A T I T I T R R R R P P P P P 200 P 200 P 200 P 200 C C 200 C C 200 C C 200 C C 200 I 487 A I 487 A I 487 A I 487 A
159,I T I T I 500 A I T I 500 A I T I T I T R R R R P P P P P 200 P 200 P 200 P 200 I 200 I 200 I 200 I 200 A A A A B B B B B 200 B 200 B 200 B 200
160,I T I 407 A I T I T I 500 A I T I T S S S P P P P P 200 S P 200 S P 200 P 200 S P P P P P 200 S P 200 S P 200 P 200 S P P P P P 200 P 200 P 200 R R P 200 R P P P P P 200 P 200 P 200 P 200 C C 200 C C 200 C C 200 I 487 A I 487 A I 487 A
161,I I T I 500 A T I T I T R R R P P P P 200 P 200 P 200 C C 200 C C 200 C C 200 I 487 A I 487 A I 487 A
162,I T I T I 500 A I T I T I T R R R R I 200 I 200 I 200 I 200 A A A A U U U U 200 U 200 U 200 U 200 U U U 200 U 200 U U U 200 U 200 U U U 200 U 200 U U U 200 U 200 B B B B B 200 B 200 B 200 B 200
163,I T I T I 500 A I T I T S S S P P P P 200 S P 200 S P 200 S P P P P 200 P 200 P 200 R R R P P P P 200 P 200 P 200 I 200 I 200 I 200 A A A A U U U 200 U 200 U U U 200 U 200 U U U 200 U 200 U U U 200 U 200 U U U 200 U 200 U U U 200 U 200 U U U 200 U 200 U U U 200 U 200 U U U 200 U 200 U U U 200 U 200 U U U 200 U 200 U U U 200 U 200 U U U 200 U 200 U U U 200 U 200 B B B B 200 B 200 B 200
164,I T I T I 500 A I T I T S S S P P P P 200 S P 200 S P 200 S P P P P 200 R P 200 R P 200 R P P P P 200 P 200 P 200 C C 200 C C 200 C C 200 I 487 A I 487 A I 487 A
165,I T I T I 500 A I T I T R R R P P P P P 200 P 200 P 200 P 200 I 200 I 200 I 200 A A A A B B B B B 200 B B 200 B 481 B 481 B 200
166,I T I T I 500 A I T I T R R R P P P P 200 P 200 P 200 C C C 200 C C 200 C 200 I 487 A I 487 A I 487 A
167,I T I T I 500 A I T I T I T R R R R P P P P P 200 P 200 P 200 P 200 C C C 200 C 200 C C 200 C C 200 I 487 A I 487 I 487 A I 487 A A
168,I T I T I 500 A I T I T S S S P P P P P 200 S P 200 S P 200 P 200 S P P P P P 200 P 200 P 200 P 200 R R R P P P P P 200 P 200 P 200 P 200 C C C 200 C C 200 C 200 I 487 A I 487 A I 487 A
169,I I T I 500 A I T I T T R R R P P P P P 200 P 200 P 200 P 200 C C 200 C C 200 C C 200 I 487 A I 487 A I 487 A
170,I T I T I 500 A I T I T S S S P P P P 200 S S P 200 P 200 S P P P P 200 P 200 P 200 R R R P P P P 200 P 200 P 200 I 200 I 200 I 200 A A A A B B B B 200 B 200 B 200
171,I T I T I 500 A I T I T S S S P P P S S P 200 P 200 P 200 S P P P P 200 P 200 P 200 R R R P P P P 200 P 200 P 200 I 200 I 200 I 200 A A A A U U U 200 U 200 U U U 200 U 200 U U U 200 U 200 U U U 200 U 200 B B B B 200 B 200 B 200
172,I T I T I 500 A I T I T S S S P P P P 200 P 200 P 200 R R R P P P P 200 W W P 200 P 200 I 486 A I 486 A W P I 486 A P 481
173,I T I 407 A I T I T I 500 A I T I T I 500 A I T I T I T R R R R R P P P P P P 200 P 200 P 200 P 200 P 200 I 200 I 200 I 200 I 200 I 200 A A A A A U U U 200 U U U 200 U 200 U 200 U 200 U U 200 U U U 200 U 200 U 200 U 200 U U 200 U U U U 200 U 200 U U 200 U 200 U U 200 U U U U 200 U 200 U U 200 U 200 B B B B B B 200 B 200 B 200 B 200 B 200
174,I I T I 500 T A I T I T S S S P P P P 200 S P 200 S P 200 S P P P P 200 S S P 200 P 200 S P P P P 200 P 200 P 200 C C 200 C C 200 C C 200 I 487 A I 487 A I 487 A
175,I T I T I 500 I T I T I A T R R R R P P P P P 200 P 200 P 200 P 200 I 200 I 200 I 200 I 200 A A A A B B B B B 481 B 481 B 200 B 200 B B 481
176,I T I T I 500 A I T I T S S S P P P P P 200 S S P 200 P 200 P 200 S P P P P P 200 S S P 200 P 200 P 200 S P P P P P 200 P 200 P 200 P 200 C C 200 C C 200 C C 200 I 487 A I 487 A I 487 A
177,I T I 407 A I T I T I 500 A I T I T S S S P P P P 200 R P 200 R P 200 R P P P P 200 P 200 P 200 C C C 200 C C 200 I 487 A I 487 A C 200 I 487 A
178,I I T I 500 A T I T I T S S S P P P P 200 S S P 200 P 200 S P P P P 200 P 200 P 200 R R R P P P P 200 P 200 P 200 I 200 I 200 I 200 A A A A U U U 200 U 200 U U 200 U 200 U U U 200 U 200 U U U 200 U 200 U U U 200 U 200 U U U 200 U 200 B B B B 200 B 200 B 200
179,I T I T I 500 A I T I T R R R P P P P 200 P 200 P 200 S S S P P P P 200 P 200 P 200 S S S P P P P 200 P 200 P 200 I 200 I 200 I 200 A A A A B B B B 200 B 200 B 200
180,I T I T I 500 A I T I T I T I 486 A I 486 A I 486 A I 486 A
181,I T I T I 500 A I T I T S S S P P P P 200 P 200 P 200 S I 200 S I 200 S I 200 P P P A A P 200 A P 200 A P 200 B B B B B 200 B 200 B 200 B 200
182,I T I 407 A I T I T I 500 A I T I T R R R I 200 I 200 I 200 A A A A B B B B 200 B 200 B 200
183,I T I T I 500 A I T I T I 500 I T I T I A T R R R R R P P P P P P 200 P 200 P 200 P 200 P 200 I 200 I 200 I 200 I 200 I 200 A A A A A U U U 200 U 200 U U 200 U 200 U U U U U 200 U 200 U 200 B B B B B B 200 B 200 B 200 B 200 B 200
184,I T I T I 500 A I T I T S S S P P P P 200 I 200 I 200 P 200 I 200 P 200 A A A A I T I T I I 200 I 200 I 200 A A A B B B B 200 B 200 B 200
185,I T I T I 500 A I T I T S S S P P P P P 200 R P 200 R P 200 P 200 R P P P P P 200 P 200 P 200 P 200 I 200 I 200 I 200 A A A A B B B B 200 B 200 B 200
186,I T I T I 500 A I T I T S S S S S P P P P 200 P 200 R R P 200 R P P P P 200 P 200 P 200 I 200 I 200 I 200 A A A A B B B B 200 B 200 B 200
187,I I T T I 500 A I T I T R R R P P P P 200 P 200 P 200 I 200 I 200 I 200 A A A A U U U U 200 U 200 U 200 U 200 U U U U 200 U 200 U 200 U 200 U U U 200 U 200 U U U 200 U 200 B B B B 200 B 200 B 200
188,I T I 407 A I I T I 500 A I T T I T S S S P P P P P 200 P 200 P 200 P 200 R R R P P P P P 200 P 200 P 200 P 200 I 200 I 200 I 200 A A A A I T I T I T I 200 I 200 I 200 A A A A B B B B B 200 B 200 B 200 B 200
189,I T I T I 500 A I T I T I T R R R P P R P P P 200 P 200 P 200 P 200 I 200 I 200 I 200 I 200 A A A A B B B B B 200 B 200 B 200 B 200
190,I T I 407 A I T I T I 500 A I T I T S S S P P P P P 200 P 200 P 200 P 200 I 480 A I 480 A I 480 A
191,I T I T S S P P P 200 P 200 R R P P P 200 P 200 I 200 I 200 A A B B B 200 B 200
192,I T I T I 500 A I I T I T T R R R R P P P P P 200 P 200 P 200 P 200 C C 200 C C C 200 C C 200 C 200 I 487 A I 487 A I 487 A I 487 A
193,I T I T I 500 A I T I T I T R R R R P P P P P 200 P 200 P 200 P 200 I 200 I 200 I 200 I 200 A A A A U U U U 200 U 200 U 200 U 200 U U U 200 U U 200 U 200 U 200 U U U 200 U 200 U U U 200 U 200 U U U 200 U 200 U U U 200 U 200 U U U 200 U 200 U U U 200 U 200 B B B B B 200 B 200 B 200 B 200
194,I T I T I 500 A I T I T S S S P P P P P 200 P 200 P 200 P 200 R R R P P P P P 200 P 200 P 200 P 200 U U U U 200 U 200 U 200 S S S P P P P P 200 P 200 P 200 P 200 U U U U 200 U 200 U 200 I 200 I 200 I 200 A A A A B B B B B 200 B 200 B 200 B 200
195,I T I 407 A I T I T I 500 A I T I T S S S P P P P P 200 P 200 P 200 P 200 S S S P P P P P 200 P 200 P 200 P 200 S S S P P P P P 200 P 200 P 200 P 200 I 200 I 200 I 200 A A A A B B B B B 200 B 481 B 200 B 200
196,I T I 407 A I I T I 500 A T I T I T R R R P P P P 200 P 200 P 200 C C C 200 C C 200 I 487 A I 487 A C 200 I 487 A
197,I T I T I 500 A I T I T S S S P P P P P 200 P 200 P 200 P 200 S S S P P P P P 200 P 200 P 200 P 200 S S S P P P P P 200 P 200 P 200 P 200 C C C 200 C C 200 I 487 A I 487 A C 200 I 487 A
198,I T I T I 500 A I T I T S S S P P P P P 200 S S P 200 P 200 P 200 S P P P P P 200 S P 200 S P 200 P 200 S P P P P P 200 R R P 200 P 200 P 200 R P P P P P 200 P 200 P 200 P 200 I 200 I 200 I 200 A A A A B B B B B 200 B 200 B 200 B 200
199,I T I 407 A I T I T I 500 I T A I T R R R P P P P 200 P 200 P 200 I 200 I 200 I 200 A A A A U U U 200 U U 200 U 200 U 200 B B B B 200 B B 481 B 481 B 200
200,I T I T I 500 A I T I T I T R R R R I 488 I 488 P A I 488 P I 488 A A A
201,I T I T I 500 A I T I T S S S P P P 200 R P 200 P R P 200 R P P P P 200 P 200 P 200 I 200 I 200 I 200 A A A A B B B B B 200 B 200 B 200 B 200
202,I T I T I 500 A I T I T S S S P P P P P 200 P 200 P 200 P 200 R R R P P P P P 200 P 200 P 200 P 200 I 200 I 200 I 200 A A A A U U U 200 U 200 U U U 200 U 200 U U U 200 U 200 U U U 200 U 200 B B B B 200 B 200 B 200
203,I T I 407 A I T I T I 500 A I T I T S S S P P P P 200 R R P 200 P 200 R P P P P 200 P 200 P 200 I 200 I 200 I 200 A A A A B B B B 200 B 200 B 200
204,I T I T I 500 A I T I T R R R P P P P P 200 P 200 P 200 P 200 I 200 I 200 I 200 A A A A U U U U 200 U 200 U 200 U 200 B B B B 200 B 200 B 200
205,I I T I 500 A I T I T T S S S P P P P 200 P 200 P 200 R R R P P P P 200 P 200 P 200 I 200 I 200 I 200 A A A A B B B B B 200 B 200 B 200 B 200
206,I T I 407 A I I T I 500 A T I T I T S S S P P P P P 200 P 200 P 200 P 200 R R R P P P P P 200 P 200 P 200 P 200 C C C 200 C C 200 I 487 A I 487 A C 200 I 487 A
207,I T I T I 500 A I T I T S S S P P P P 200 P 200 P 200 R R R P P P P 200 P 200 P 200 I 200 I 200 I 200 A A A A U U U 200 U 200 U U U 200 U 200 U U U 200 U 200 U U U 200 U 200 U U U 200 U 200 U U U 200 U 200 U U U 200 U 200 U U U 200 U 200 U U U 200 U 200 U U U 200 U 200 U U U 200 U 200 U U U 200 U 200 B B B B 200 B 200 B 200
208,I T I 407 A I I T T I 500 A I T I T S S S P P P P P 200 P 200 P 200 P 200 R R R P P P P P 200 P 200 P 200 P 200 I 480 A I 480 A I 480 A
209,I T I 407 A I T I T I 500 A I T I T I 404 A I 404 A S P P P 200 P 200 C C 200 I 404 A
210,I T I 407 A I T I T I 500 A I T I T S S S S S P P P P P 200 U P 200 P 200 P 200 U U U U 200 U 200 U 200 R R R C C 200 C C 200 C C 200 I 487 A I 487 A I 487 A
211,I T I 407 A I I T T I 500 A I T I T R R R P P P P P 200 P 200 P 200 P 200 I 200 I 200 I 200 A A A A U U U 200 U 200 U U U 200 U 200 B B B B B 200 B 200 B 200 B 200
212,I T I T I 500 A I T I T I T R R R R P P P P P 200 P 200 P 200 P 200 I 200 I 200 I 200 I 200 A A A A U U U U 200 U 200 U 200 U 200 U U U 200 U U 200 U 200 U 200 B B B B B 200 B 200 B 200 B 200
213,I T I T I 500 I A T I 486 A I 486 A
214,I I T T I 500 A I T I T S S S P P P P 200 R R P 200 P 200 R P P P P 200 P 200 P 200 I 200 I 200 I 200 A A A A B B B B 200 B 200 B 200
215,I T I 407 A I T I T I 500 A I T I T I 480 A I 480 A I 480 A
216,I T I 407 A I T I T I 500 A I T I T I 500 A I I T I T T R R R R R P P P P P P 200 P 200 P 200 P 200 P 200 I 200 I 200 I 200 I 200 I 200 A A A A A B B B B B 200 B 200 B 200 B 200
217,I T I T R R P P P 200 P 200 I 200 I 200 I 200 I 200 A A B B B 200 B 200
218,I I T I 500 A T I T I T S S S P P P P 200 P 200 P 200 R R R P P P P 200 P 200 P 200 I 200 I 200 I 200 A A A A U U U U 200 U 200 U 200 U 200 B B B B 200 B 200 B 200
219,I I T I 500 A I T T I T R R R P P P P 200 P 200 P 200 I 200 I 200 I 200 A A A A B B B B 200 B 200 B 200
220,I T I T I 500 A I T I T S S S P P P P P 200 R R P 200 P 200 P 200 R P P P P P 200 P 200 P 200 P 200 I 200 I 200 I 200 A A A A B B B B 200 B 200 B 200
221,I T I T I 500 A I T I T I 500 A I T I T I T R R R R R P P P P P P 200 P 200 P 200 P 200 P 200 C C 200 C C 200 C C 200 C C 200 C C 200 I 487 I 487 A I 487 A I 487 A I 487 A A
222,I T I T I 500 A I T I T R R R P P P P P 200 P 200 P 200 P 200 I 200 I 200 I 200 A A A A U U U U 200 U 200 U 200 U 200 U U U 200 U 200 U U U 200 U 200 U U U U 200 U 200 U 200 U 200 U U U U 200 U 200 U 200 U 200 U U U U 200 U 200 U 200 U 200 U U U U 200 U 200 U 200 U 200 B B B B 200 B 200 B 200
223,I T I T I 500 A I I T T I T R R R R P P P P P 200 P 200 P 200 P 200 C C 200 C C 200 I 487 A I 487 W W A S S P P P 200 P 200 I 200 I 200 A A B B B 200 B 200
224,I T I 407 A I T I T I 500 A I T I T R R R P P P P P 200 P 200 P 200 P 200 I 486 A I 486 A I 486 A
225,I T I T I 500 A I T I T I T R R R R P P P P P 200 P 200 P 200 P 200 I 200 I 200 I 200 I 200 A A A A B B B B B 200 B 200 B 481 B 200 B 200
226,I I T T I 500 A I T I T S S S P P P P 200 P 200 P 200 R R R P P P P 200 P 200 P 200 I 200 I 200 I 200 A A A A B B B B 200 B 200 B 200
227,I T I 407 A I T I T I 500 A I T I T I 500 A I T I T I T R R R R R R R P P P P P P 200 P 200 P 200 P 200 P 200 I 200 I 200 I 200 I 200 I 200 A A A A A B B B B B B 200 B 200 B 200 B 200 B 200
228,I T I T I T I T R R I 200 I 200 S S P P P 200 P 200 I 200 I 200 A A A A B B B B 200 B B 200 B 200 B 200
229,I T I T I 500 I T A I T I 200 I 200 I 200 A A A A B B B B B 200 B 200 B 200 B 200
230,I T I T I 500 A I T I T R R R P P P P P 200 P 200 P 200 P 200 I 200 I 200 I 200 A A A A I T I T I I 200 I 200 I 200 A A A B B B B 200 B 200 B 200
231,I T I T I 500 A I T W W I T I T R R R R P P P P P 200 P 200 P 200 P 200 C C 200 C C 200 C C 200 C C 200 I 487 A I 487 A I 487 A I 487 A
232,I I T I 500 A T I T I T R R R I 200 I 200 I 200 A A A A B B B B 200 B 200 B 200
233,I I T T I 500 A I T I T I 500 A I T I T I T R R R R R P P P P P P 200 P 200 P 200 P 200 P 200 C C 200 C C 200 C C 200 C C 200 C C 200 I 487 A I 487 A I 487 A I 487 A I 487 A
234,I T I T R R I 200 I 200 A A B B 200 B B 200
235,I T I T I 500 A I T I T S S S P P P P 200 P 200 P 200 R R R P P P P 200 P 200 P 200 I 200 I 200 I 200 A A A A U U U 200 U 200 U U U 200 U 200 U U U 200 U 200 U U U 200 U 200 B B B B 200 B 200 B 200
236,I T I T I 500 A I T I T S S S P P P P 200 P 200 P 200 I 480 A I 480 A I 480 A
237,I T I T I 500 A I T I T I T R R R R P P P P P 200 P 200 P 200 P 200 I 200 I 200 I 200 I 200 A A A A B B B B B B B 481 B 200 B 200 B 481 B 481 B 481
238,I T I T I 500 A I T I W T W I T S S S S P P P P P 200 P 200 P 200 P 200 R R R R P P P P P 200 P 200 P 200 P 200 C C 200 C C 200 C C 200 C C 200 I 487 A I 487 A I 487 A I 487 A
239,I T I T I 500 A I T I T S S S P P P P P 200 S P 200 S P 200 P 200 S P P P P P 200 S S P 200 P 200 P 200 S P P P P P 200 P 200 P 200 P 200 R R R P P P P P 200 P 200 P 200 P 200 I 200 I 200 I 200 A A A A U U U U 200 U 200 U 200 U 200 U U U U 200 U 200 U 200 U 200 B B B B 200 B 200 B 200
240,I T I T I 500 A I T I T S S S P P P P 200 P 200 P 200 R R R P P P P 200 P 200 P 200 I 200 I 200 I 200 A A A A U U U 200 U 200 U U 200 U 200 B B B B 200 B 200 B 200
241,I T I T I 500 A I T I T I T R R R R P P P P P 200 P 200 P 200 P 200 I 200 I 200 I 200 I 200 A A A A U U U 200 U 200 U U U 200 U 200 U U U U 200 U 200 U 200 U 200 U U U 200 U U 200 U 200 U 200 U U U 200 U 200 U U U 200 U 200 B B B B B 200 B 200 B 200 B 200
242,I T I T I 500 A I T W W S S P P P 200 S P 200 S P P P 200 S P 200 S P P P 200 P 200 R R P P P 200 P 200 C C 200 C C 200 I 487 A I 487 A
243,I T I 407 A I I T I 500 A I T I T T R R R I 200 I 200 I 200 P P P P P 200 P 200 P 200 P 200 A A A A U U U 200 U 200 U U 200 U 200 U U U 200 U 200 U U U 200 U 200 B B B B 200 B 200 B 200
244,I I T T I 500 A I T I T I 500 A I T I T I T R R R R R P P P P P P 200 P 200 P 200 P 200 P 200 I 200 I 200 I 200 I 200 I 200 A A A A A U U U U U 200 U 200 U 200 U 200 U 200 B B B B B B 200 B 200 B 200 B 200 B 200
245,I I T T I 500 A I T I T I 500 A I T I T I T R R R R R P P P P P P 200 P 200 P 200 P 200 P 200 I 200 I 200 I 200 I 200 I 200 A A A A A B B B B B 200 B 200 B 200 B 200
246,I T I T I 500 A I T I T I T R R R R P P P P P 200 P 200 P 200 P 200 I 200 I 200 I 200 I 200 A A A A U U U 200 U 200 U U U 200 U 200 U U U 200 U 200 U U U 200 U 200 U U U U 200 U 200 U 200 U 200 U U U 200 U 200 U U U 200 U 200 U U U U 200 U 200 U 200 U 200 B B B B B 200 B 200 B 200 B 200
247,I T I T I 500 I I T I T A T R R R R P P P P P 200 P 200 P 200 P 200 C C 200 C C 200 C C 200 C C 200 I 487 A I 487 A I 487 A I 487 A
248,I T I T I 500 A I T I T S S S P P P P 200 P 200 P 200 R R R P P P P 200 P 200 P 200 C C 200 C C 200 C C 200 I 487 A I 487 A I 487 A
249,I T I T I 500 A I T I T S S S P P P P 200 P 200 P 200 S S S P P P P 200 P 200 P 200 R R R P P P P 200 P 200 P 200 I 200 I 200 I 200 A A A A B B B B B 200 B 200 B 200 B 200
250,I I T T I 500 A I T I T R R R P P P P P 200 P 200 P 200 P 200 I 200 I 200 I 200 A A A A B B B B 200 B 200 B 200
251,I T I T I 500 A I T I T I T R R R R P P P P P 200 P 200 P 200 P 200 C C 200 C C C 200 C C 200 C 200 I 487 I 487 A I 487 A I 487 A A
252,I T I T I 500 A I T I T I T R R R R P P P P P 200 P 200 P 200 P 200 C C 200 C C C 200 C C 200 C 200 I 487 I 487 A I 487 I 487 A A A
253,I T I T I 500 A I T I T I T I 408 A I 408 A S S P P P 200 P 200 C C 200 C C 200 I 408 I 408 A A
254,I T I T I 500 A I T I T R R R P P P P P 200 P 200 P 200 P 200 I 480 A I 480 A I 480 A
255,I T I T I 500 A I T I T R R R R R P P P P P 200 P 200 P 200 P 200 C C 200 C C 200 C C 200 I 487 A I 487 A I 487 A
256,I T I T I 500 A I T I T I 500 A I T I T I T R R R R R P P P P P P 200 P 200 P 200 P 200 P 200 C C 200 C C 200 C C 200 C C 200 C C 200 I 487 A I 487 A I 487 A I 487 A I 487 A
257,I T I T I 500 I T I T A W W I T I 500 A I T I T I T R R R R R R P P P P P P P 200 P 200 P 200 P 200 P 200 P 200 I 200 I 200 I 200 I 200 I 200 I 200 A A A A A A B B B B B B B 200 B 200 B 200 B 200 B 200 B 200
258,I T I 407 A I T I T I 500 A I T I T S S S P P P P 200 S P 200 S P 200 S P P P P 200 P 200 P 200 R R R P P P P 200 P 200 P 200 I 200 I 200 I 200 A A A A B B B B 200 B 200 B 200
259,I T I T I 500 A I T I T I 200 I 200 I 200 A A A A I T I T I I 200 I 200 I 200 A A A B B B B B 200 B 200 B 200 B 200
260,I T I T I 500 A I T I T S S S P P P P P 200 P 200 P 200 P 200 R R R P P P P P 200 P 200 P 200 P 200 I 200 I 200 I 200 A A A A U U U 200 U 200 U U U 200 U 200 U U U 200 U U 200 U 200 U 200 U U U 200 U 200 U U U 200 U 200 U U U 200 U 200 U U U 200 U 200 U U U 200 U 200 U U U 200 U 200 U U U 200 U 200 U U U 200 U 200 B B B B B 200 B 200 B 200 B 200
261,I T I 407 A I T I T I 500 A I T I T S S S P P P P 200 R P 200 R P 200 R P P P P 200 P 200 P 200 I 200 I 200 I 200 A A A A B B B B 200 B 200 B 200
262,I T I T I 500 I T I I A T T R R R R P P P P P 200 P 200 P 200 P 200 I 200 I 200 I 200 I 200 A A A A B B B B B B B 200 B 200 B 200 B 200 B 200 B 200
263,I I T T I 500 A I T I T R R R P P P P P 200 P 200 P 200 P 200 C C C 200 C C 200 C 200 I 487 A I 487 A I 487 A
264,I I T I 500 A I T I T T I 487 A I 487 A I 487 A
265,I T I T I 500 A I T I T I 500 A I T I T I T R R R R R P P P P P P 200 P 200 P 200 P 200 P 200 I 200 I 200 I 200 I 200 I 200 A A A A A B B B B B 200 B 200 B 200 B 200
266,I I T T I 500 A I T I T S S S P P P P 200 P 200 P 200 C C 200 C C 200 C C 200 I 487 A I 487 A I 487 A
267,I T I T I 500 A I T I T S S S P P P P 200 P 200 P 200 S S S P P P P 200 P 200 P 200 R R R P P P P 200 P 200 P 200 C C C 200 C C 200 I 487 A I 487 A C 200 I 487 A
268,I T I T I 500 A I T I T S S S P P P P 200 R R P 200 P 200 R P P P P 200 P 200 P 200 C C 200 C C 200 C C 200 I 487 A I 487 A I 487 A
269,I T I 407 A I T I T I 500 A I T I T R R R P P P P P 200 P 200 P 200 P 200 I 200 I 200 I 200 A A A A I T I T I I 200 I 200 I 200 A A A B B B B B 200 B 200 B 200 B 200
270,I T I 407 A I T I T I 500 A I T I T S S S P P P P P 200 S S P 200 P 200 P 200 S P P P P P 200 P 200 P 200 P 200 C C 200 C C 200 C C 200 I 487 A I 487 A I 487 A
271,I T I T I 500 A I T I T I T R R R R P P P P P 200 P 200 P 200 P 200 I 200 I 200 I 200 I 200 A A A A B B B B B 200 B B 200 B 481 B 200 B 200
272,I T I T I 500 A I T I T C C C 200 C 200 C C 200 I 487 A I 487 A I 487 A
273,I T I 407 A I I T T I 500 A I T I T R R R P P P P P 200 P 200 P 200 P 200 I 200 I 200 I 200 A A A A I T I T I I 200 I 200 I 200 A A A B B B B B 200 B 200 B 200 B 200
274,I T I T I 500 A I T I T S S S P P P P 200 P 200 P 200 S S S P P P P 200 P 200 P 200 R R R P P P P 200 P 200 P 200 I 200 I 200 I 200 A A A A B B B B 200 B 200 B 200
275,I T I T I T I T R R I 200 I 200 S S P P P 200 I 200 P 200 I 200 A A A A B B B 200 B 200 B B B 200 B 200
276,I I T T I 500 A I T I T I 500 A I T I T I T R R R R R P P P P P P 200 P 200 P 200 P 200 P 200 C C 200 C C 200 C C C 200 C C 200 C 200 I 487 A I 487 A I 487 A I 487 A I 487 A
277,I T I T I 500 A I T I T I W W T S S S S P P P P P 200 P 200 S P 200 P 200 S S S P P P P P 200 S P 200 P 200 P 200 C C 200 C C 200 I 487 A C I 487 S C A C 200 I 487 A C 200 I 487 A
278,I T I T I 500 A I T I T S S S P P P P 200 S P 200 S P 200 S P P P P 200 P 200 P 200 R R R P P P P 200 P 200 P 200 I 200 I 200 I 200 A A A A B B B B 200 B 200 B 200
279,I T I 407 A I I T I 500 A T I T I T I 500 A I T I T I T R R R R R P P P P P P 200 P 200 P 200 P 200 P 200 I 200 I 200 I 200 I 200 I 200 A A A A A B B B B B B 200 B 200 B 200 B 200 B 200
280,I T I T I 500 A I T I I T T I 486 A I 486 A I 486 I 486 A A
281,I T I T I 500 A I T I T R R R P P P P 200 P 200 P 200 I 200 I 200 I 200 A A A A U U U 200 U 200 U U U 200 U 200 B B B B 200 B 200 B 200
282,I T I T I 500 A I T I T I T I T R R R R P P P P P P 408 C C 200 C C 200 C C 200 C C C 200 C 200 I 482 A P 200 P 200 P 200 I 487 A I 482 A I 482 A I 482 A
283,I T I T I 500 A I T I T I 404 A I 404 A S P P P 200 P 200 C C 200 I 404 A
284,I T I T I 500 A I T I T I 500 A I T I 486 A I 486 A S P P 200 C C 200 I 487 A
285,I I T T I 500 A I T I T I 480 A I 480 A I 480 A
286,I T I 407 A I T I T I 500 A I T I T S S S P P P P 200 S S P 200 P 200 S P P P P 200 P 200 P 200 R R R P P P P 200 P 200 P 200 I 200 I 200 I 200 A A A A B B B B 200 B 200 B 200
287,I T I T I 500 I A T I T I T R R R R P P P P P 200 P 200 P 200 P 200 C C 200 C C 200 C C 200 C C 200 I 487 I 487 A I 487 A I 487 A A
288,I T I T I 500 A I T I T I T R R R R P P P P P 200 P 200 P 200 P 200 I 200 I 200 I 200 I 200 A A A A U U U 200 U 200 U U U 200 U 200 U U U 200 U 200 U U U 200 U 200 B B B B B 200 B 200 B 200 B 200
289,I T I T I 500 A I T I T I T R R R R P P P P P 200 P 200 P 200 P 200 I 200 I 200 I 200 I 200 A A A A U U U 200 U 200 U U U 200 U 200 U U U 200 U U 200 U 200 U 200 U U U 200 U U 200 U 200 U 200 B B B B B 200 B 200 B 200 B 200
290,I T I T I 500 I T A I T S S S P P P P 200 R R P 200 P 200 R P P P P 200 P 200 P 200 I 200 I 200 I 200 A A A A B B B B 200 B 200 B 200
291,I I T I 500 A T I T I T R R R P P P P P 200 P 200 P 200 P 200 I 200 I 200 I 200 A A A A B B B B 200 B 200 B 200
292,I T I T I 500 A I T I T I 404 A I 404 A S P P P 200 P 200 I 404 A
293,I T I T I 500 A I T I T S S S P P P P 200 R R P 200 P 200 R P P P P 200 P 200 P 200 S S S P P P P 200 P 200 P 200 U U U U 200 U 200 U 200 I 200 I 200 I 200 A A A A B B B B 200 B 200 B 200
294,I T I T I 500 A I T I T I W T W S S S S P P P P P 200 P 200 P 200 P 200 C C 200 C C C 200 C C 200 C 200 I 487 A I 487 A I 487 I 487 A A
295,I T I T I 500 I A T I T W I T W S S S S P P P P P 200 P 200 P 200 P 200 R R R R P P P P P 200 P 200 P 200 P 200 I 200 I 200 I 200 I 200 A A A A B B B B B 200 B 200 B 200 B 200
296,I T I T I 500 A I T I T I T R R R R P P P P P 200 P 200 P 200 P 200 I 200 I 200 I 200 I 200 A A A A U U U U 200 U 200 U 200 U 200 U U U 200 U 200 U U U 200 U 200 U U U 200 U 200 U U U 200 U 200 U U U 200 U 200 U U U 200 U 200 U U U 200 U 200 U U U 200 U 200 U U U 200 U 200 U U U 200 U 200 B B B B B 200 B 200 B 200 B 200
297,I T I T I 500 A I T I T R R R P P P P 200 P 200 P 200 I 480 A I 480 A I 480 A
298,I T I T I 500 A I T I T I W W T S S S S P P P P P 200 P 200 P 200 P 200 R R R R P P P P P 200 P 200 P 200 P 200 C C 200 C C 200 C C 200 C C 200 I 487 A I 487 A I 487 A I 487 A
299,I T I T I 500 A I T I T S S S P P P P P 200 R R P 200 P 200 P 200 R P P P P P 200 P 200 P 200 P 200 S S S P P P P P 200 P 200 P 200 P 200 U U U U 200 U 200 U 200 I 200 I 200 I 200 A A A A B B B B B 200 B 200 B 200 B 200
300,I T I 407 A I T I T I 500 A I T I T I 500 A I T I T I T R R R R R P P P P P P 200 P 200 P 200 P 200 P 200 I 200 I 200 I 200 I 200 I 200 A A A A A U U U 200 U 200 U U U U 200 U 200 U U U 200 U 200 U U 200 U U 200 U 200 B B B B B B 200 B 200 B 200 B 200 B 200
301,I T I T I 500 A I T I T I T R R I T R R P P P P P 200 P 200 P 200 P 200 R R R R P P P P P 200 P 200 P 200 P 200 I 200 I 200 C C 200 I 200 I 200 A I 487 A A A A B B B B B 200 B 200 B 200 B 200
302,I T I T I 500 A I I T T I T R R R R P P P P P 200 P 200 P 200 P 200 I 200 I 200 I 200 I 200 A A A A B B B B B 200 B 200 B 200 B 200
303,I T I T I 500 A I T I T I T R R R R P P P P P 200 P 200 P 200 P 200 I 200 I 200 I 200 I 200 A A A A U U U 200 U 200 U U 200 U 200 U U U 200 U 200 U U U 200 U 200 U U U 200 U 200 U U U 200 U 200 U U U 200 U 200 U U U 200 U 200 U U U 200 U 200 U U U 200 U 200 B B B B B 200 B 200 B 200 B 200
304,I I T I 500 A I T T I T I 200 I 200 I 200 A A A A B B B B 200 B 200 B 200
305,I T I T I 500 A I T I T S S S P P P P P 200 P 200 P 200 P 200 S S S P P P P P 200 P 200 P 200 P 200 R R R P P P P P 200 P 200 P 200 P 200 I 200 I 200 I 200 A A A A B B B B 200 B 200 B 200
306,I T I T I 500 A I T I T S S S P P P P 200 S P 200 S P 200 S P P P P 200 R P 200 R P 200 R P P P P 200 P 200 P 200 I 200 I 200 I 200 A A A A B B B B 200 B 200 B 200
307,I T I T I 500 A I T I T I T R R R R P P P P P 200 P 200 P 200 P 200 C C 200 C C C 200 C C 200 C 200 I 487 A I 487 I 487 A A I 487 A
308,I T I T I 500 A I T I T S S S P P P P P 200 P 200 P 200 P 200 S S S P P P P P 200 P 200 P 200 P 200 S S S P P P P P 200 P 200 P 200 P 200 C C 200 C C 200 C C 200 I 487 A I 487 A I 487 A
309,I T I T I 500 A I T I T I T I 486 A I 486 A I 486 I 486 A A
310,I T I T I 500 I T I T I T A R R R R P P P P P 200 P 200 P 200 P 200 I 200 I 200 I 200 I 200 A A A A U U U 200 U 200 U U U 200 U 200 U U U U 200 U 200 U 200 U 200 B B B B B 200 B 200 B 200 B 200
311,I T I T I 500 A I T I T I T R R R R P P P P P 200 P 200 P 200 P 200 I 200 I 200 I 200 I 200 A A A A I T I T I T I I 200 I 200 I 200 I 200 A A A A I I T I T T I T I 200 I 200 I 200 I 200 A A A A I I T I T I T B B T B B B 200 B 200 B 200 B 200
312,I T I T I 500 A I T I T S S S P P P P 200 P 200 P 200 R R R P P P P 200 P 200 P 200 I 200 I 200 I 200 A A A A U U U 200 U 200 U U U 200 U 200 B B B B 200 B 200 B 200
313,I I T T I 500 A I T I T I 500 A I T I T I T R R R R R P P P P P P 200 P 200 P 200 P 200 P 200 I 200 I 200 I 200 I 200 I 200 A B A A A A B B B B B 200 B 200 B 200 B 200 B 200
314,I I T I 500 A I T I T T R R R P P P P P 200 P 200 P 200 P 200 I 200 I 200 I 200 A A A A B B B B B 200 B 200 B 200 B 200
315,I T I 407 A I T I T I 500 A I T I T S S S P P P P 200 R R P 200 P 200 R R R P P P P 200 P 200 P 200 S S S S S P P P P 200 S P 200 S P 200 S S S P P P P 200 P 200 P 200 C C C 200 C C 200 I 487 A I 487 A C 200 I 487 A
316,I T I 407 A I T I T I 500 A I T I T R R R P P P P P 200 I 200 P 200 I 200 P 200 I 200 A P 200 A A A B B B B 200 B 200 B 200
317,I T I 407 A I T I T I 500 A I T I T I 200 I 200 I 200 I 200 I 200 A A A A B B B B 200 B 200 B 200
318,I T I T I 500 I T I T I T A I 486 A I 486 A I 486 A I 486 A
319,I T I T I 500 A I T I T R R R P P P P P 200 P 200 P 200 P 200 I 200 I 200 I 200 A A A A U U U U 200 U 200 U 200 U 200 U U U 200 U 200 U U U 200 U 200 B B B B B 200 B 200 B 200 B 200
320,I T I 407 A I T I T I 500 A I T I T S S S P P P P 200 R P 200 R P 200 R P P P P 200 P 200 P 200 S S S P P P P 200 P 200 P 200 U U U U 200 U 200 U 200 I 200 I 200 I 200 A A A A B B B B 200 B 200 B 200
321,I T I 407 A I I T T I 500 A I T I T S S S P P P P P 200 P 200 P 200 P 200 R R R P P P P P 200 P 200 P 200 P 200 I 200 I 200 I 200 A A A A B B B B 200 B 200 B 200
322,I I T I 500 A I T T I T R R R P P P P P 200 P 200 P 200 P 200 C C 200 C C 200 C C 200 I 487 A I 487 A I 487 A
323,I T I T I 500 A I T I T I T R R R R P P P P P 200 P 200 P 200 P 200 C C 200 C C 200 C C 200 C C 200 I 487 I 487 A I 487 A I 487 A A
324,I T I T I 500 A I T T I R R R P P P P 200 P 200 P 200 I 200 I 200 I 200 A A A A B B B B 200 B 200 B 200
325,I T I 407 A I I T T I 500 A I T I T S S S P P P P 200 S P 200 S P 200 S P P P P 200 P 200 P 200 R R R P P P P 200 P 200 P 200 I 200 I 200 I 200 A A A A B B B B 200 B 200 B 200
326,I T I T I 500 A I T I T I T R R R R P P P P P 200 P 200 P 200 P 200 I 200 I 200 I 200 A I 200 A A A B B B B B 200 B 200 B 200 B 200
327,I I T T I 500 A I T I T R R R P P P P 200 P 200 P 200 I 200 I 200 I 200 A A A A U U U 200 U 200 U U U 200 U 200 B B B B 200 B 200 B 200
328,I T I T I 500 I T I T I T A R R R R P P P P P 200 P 200 P 200 P 200 C C 200 C C 200 C C 200 C C 200 I 487 A I 487 A I 487 A I 487 A
329,I T I T I 500 A I T W W I T I T S S S S P P P P P 200 P 200 P 200 P 200 I 200 I 200 I 200 I 200 A A A A B B B B B 200 B 200 B 200 B 200
330,I T I 407 A I I T I 500 A I T T I T S S S P P P P P 200 P 200 P 200 P 200 R R R P P P P P 200 P 200 P 200 P 200 I 200 I 200 I 200 A A A A I T I T I T I 200 I 200 I 200 A A A A B B B B 200 B 200 B 200
331,I T I T I 500 A I T I T I 200 I 200 I 200 A A A A U U U 200 U 200 U U U 200 U 200 B B B B 200 B 200 B 200
332,I I T I 500 T I T A I T R R R P P P P P 200 P 200 P 200 P 200 I 487 A I 487 A I 487 A
333,I I T T I 500 A I T I T S S S P P P P P 200 P 200 P 200 P 200 S S S P P P P P 200 P 200 P 200 R R P 200 R P P P P P 200 P 200 P 200 P 200 I 200 I 200 I 200 A A A A U U U 200 U 200 U U U 200 U 200 B B B B 200 B 200 B 200
334,I T I 407 A I T I T I 500 A I T I T R R R P P P P 200 P 200 P 200 S S S P P P P 200 P 200 P 200 S S S P P P P 200 P 200 P 200 C C 200 C C 200 C C 200 I 487 A I 487 A I 487 A
335,I T I T I 500 A I T I T R R R P P P P P 200 P 200 P 200 P 200 S S S P P P P P 200 P 200 P 200 P 200 C C C 200 C C 200 I 487 A I 487 A C 200 I 487 A
336,I I T T I 500 A I T I T R R R P P P P P 200 P 200 P 200 P 200 C C C 200 C 200 C C 200 I 487 A I 487 A I 487 A
337,I T I T I 500 A I T I T I T R R P P R R P P P 200 P 200 P 200 P 200 I 200 I 200 I 200 I 200 A A A A B B B B B 200 B 200 B 200 B 200
338,I I T T I 500 A I T I T S S S P P P P 200 P 200 P 200 R R R P P P P 200 P 200 P 200 C C 200 C C 200 C C 200 I 487 A I 487 A I 487 A
339,I T I 407 A I T I T I 500 A I T I T I 500 A I T I T I T R R R R R P P P P P P 200 P 200 P 200 P 200 P 200 I 200 I 200 I 200 I 200 I 200 A A A A A B B B B B 200 B 200 B 200 B 200 B 200
340,I T I T I 500 A I T I T W W I T S S S S P P P P P 200 P 200 P 200 P 200 R R R R P P P P P 200 P 200 P 200 P 200 C C 200 C C 200 C C 200 C I 487 C 200 A I 487 I 487 A I 487 A A
341,I T I T I 500 A I T I T S S S P P P P 200 P 200 P 200 I 487 A I 487 A I 487 A
342,I T I 407 A I I T I 500 A I T T I T I 500 A I T I T I T R R R R R P P P P P P 200 P 200 P 200 P 200 P 200 I 200 I 200 I 200 I 200 I 200 A A A A A U U U U U 200 U 200 U 200 U U U 200 U 200 U U U 200 U 200 U 200 B B B B B B 200 B 200 B 200 B 200 B 200
343,I T I T I 500 A I T I T I T R R R R P P P P P 200 P 200 P 200 P 200 I 200 I 200 I 200 I 200 A A A A U U U U U 200 U 200 U 200 U 200 U U U U 200 U 200 U 200 U 200 U U U 200 U 200 U U U 200 U 200 U U U 200 U 200 U U U 200 U 200 U U U 200 U 200 U U U 200 U 200 U U U 200 U 200 U U U 200 U 200 B B B B B 200 B 200 B 200 B 200
344,I T I 407 A I T I T I 500 A I T I T S S S P P P P 200 P 200 P 200 I 200 I 200 I 200 A A A A U U 200 U 200 U U U U 200 U 200 U U U 200 U 200 U U U 200 U 200 U U U 200 U U 200 U 200 U 200 B B B B 200 B 200 B 200
345,I T I 407 A I I T I 500 A I T T I T S S S S S P P P P 200 P 200 P 200 S S S I 200 I 200 P I 200 P P P 200 P 200 I 200 I 200 A P 200 A A A I 200 A A U U U 200 U 200 U U 200 U 200 U U U 200 U 200 U U U 200 U 200 U U U 200 U 200 U U U 200 U 200 U U U 200 U 200 U U U 200 U 200 B B B B 200 B 200 B 200
346,I I T I 500 A I T T I T S S S P P P P P 200 P 200 P 200 P 200 R R R P P P P P 200 P 200 P 200 P 200 C C 200 C C 200 C C 200 I 487 A I 487 A I 487 A
347,I T I T I 500 A I T I T S S S P P P P 200 S P 200 S P 200 S P P P P 200 P 200 P 200 R R R P P P P 200 P 200 P 200 I 486 A I 486 A I 486 A
348,I I T I 500 A T I T I T I 500 A I T I T I T R R R R R P P P P P P 200 P 200 P 200 P 200 P 200 I 200 I 200 I 200 I 200 I 200 A A A A A U U U U 200 U 200 U U 200 U U 200 U 200 U U U U U 200 U 200 U 200 U 200 U 200 U U U 200 U U U 200 U 200 U 200 U 200 U U U U U 200 U 200 U 200 U 200 U U U U 200 U 200 U U 200 U 200 U 200 U U U 200 U 200 U U 200 U U U 200 U 200 B B B B B B 200 B 200 B 200 B 200 B 200
349,I I T T I 500 A I T I T I 500 A I T I T I T R R R R R P P P P P P 200 P 200 P 200 P 200 P 200 I 200 I 200 I 200 I 200 I 200 A A A A A U U U U U 200 U 200 U 200 U 200 U 200 B B B B B 200 B 200 B 200 B 200 B 200
350,I I T I 500 A I T I T T R R R R R P P P P 200 P 200 P 200 I 200 I 200 I 200 A A A A B B B B 200 B 200 B 200
351,I I T I 500 A I T I T T S S S P P P P P 200 R P 200 R P 200 P 200 R P P P P P 200 P 200 P 200 P 200 I 200 I 200 I 200 A A A A B B B B B 200 B 200 B 200 B 200
352,I T I T I 500 A I T I T R R R P P P P P 200 P 200 P 200 P 200 I 200 I 200 I 200 A A A A B B B B 200 B 200 B 200
353,I T I 407 A I T I T I 500 A I T I T S S S P P P P 200 P 200 P 200 R R R P P P P 200 P 200 P 200 S S S P P P P 200 P 200 P 200 S S S P P P P 200 P 200 P 200 S S S P P P P 200 P 200 P 200 I 200 I 200 I 200 A A A A B B B B 200 B 200 B 200
354,I T I 407 A I I T T I 500 A I T I T S S S P P P P P 200 R P 200 R P 200 P 200 R P P P P P 200 P 200 P 200 P 200 I 200 I 200 I 200 A A A A B B B B 200 B 200 B 200
355,I T I T I 500 A I T I T I T R R R R P P P P P 200 P 200 P 200 P 200 C C 200 C C 200 C C 200 C C 200 I 487 I 487 A A I 487 I 487 A A
356,I T I 407 A I T I T I 500 A I T I T I 404 A I 404 A S P P 200 C C 200 I 404 A
357,I T I T I 500 A I T I T I T R R R R P P P P P 200 P 200 P 200 P 200 C C 200 C C 200 I 487 C A I 487 C 200 C A C 200 I 487 A I 487 A
358,I I T I 500 A I T I T T I 200 I 200 I 200 A A A A I T I T I I 200 I 200 I 200 A A A B B B B B 200 B 200 B 200 B 200
359,I T I 407 A I I T I 500 A T I T I T I 504 A I 504 A I 504 A
360,I T I T I 500 A I T I W W T I T R R R R P P P P P 200 P 200 P 200 P 200 I 200 I 200 I 200 I 200 A A A A B B B B B 200 B 200 B 200 B 200
361,I T I T I 500 A I T I I T T R R R R P P P P P 200 P 200 P 200 P 200 C C 200 C C 200 C C 200 C C 200 I 487 A I 487 A I 487 A I 487 A
362,I T I 407 A I T I T I 500 A I T I T I 200 I 200 I 200 A A A A U U U 200 U 200 U U 200 U 200 U U U 200 U 200 U U U 200 U 200 B B B B 200 B 200 B 200
363,I T I T I 500 I T A I T I T R R R R P P P P P 200 P 200 P 200 P 200 I 200 I 200 I 200 I 200 A A A A B B B B B 200 B 200 B 200 B 200
364,I T I T I 500 A I T I T S S S P P P P 200 S P 200 S P 200 S P P P P 200 P 200 P 200 R R R P P P P 200 P 200 P 200 C C C 200 C C 200 I 487 A I 487 C 200 A I 487 A
365,I T I T I 500 A I T I T I T R R R R P P P P P 200 P 200 P 200 P 200 I 200 I 200 I 200 I 200 A A A A U U U U 200 U 200 U 200 U 200 U U U U 200 U 200 U 200 U 200 U U U 200 U 200 U U U 200 U 200 U U U 200 U 200 U U U 200 U 200 B B B B B 200 B 200 B 200 B 200
366,I T I 407 A I T I T I 500 A I T I T R R R P P P P 200 P 200 P 200 I 200 I 200 I 200 A A A A U U U 200 U 200 U U U 200 U 200 U U U 200 U 200 U U U 200 U 200 U U U 200 U 200 U U U 200 U 200 U U U 200 U 200 U U U 200 U 200 U U U 200 U 200 U U U 200 U 200 U U U 200 U 200 U U U 200 U 200 B B B B 200 B 200 B 200
367,I T I 407 A I T I T I 500 A I T I T S S S P P P P 200 P 200 P 200 C C 200 C C 200 C C 200 I 487 A I 487 A I 487 A
368,I I T I 500 A I T I T T S S S P P P P P 200 P 200 P 200 P 200 R R R P P P P P 200 P 200 P 200 P 200 I 200 I 200 I 200 A A A A I T I T I I 200 I 200 I 200 A A A B B B B B 200 B 200 B 200 B 200
369,I T I T I 500 A I T W W S S P P P 200 R P 200 R P P P 200 P 200 I 200 I 200 A A B B B 200 B 200
370,I I T T I 500 A I T I T R R R P P P P 200 P 200 I 200 I 200 P 200 I 200 A A A A B B B B B 200 B 200 B 200 B 200
371,I T I T I 500 A I T I T R R R I 200 I 200 I 200 A A A A I T I T I I 200 I 200 I 200 A A A B B B B B 200 B 200 B 200 B 200
372,I T I T I 500 I I T I A T T R R R R P P P P P 200 P 200 P 200 P 200 C C 200 C C 200 C C 200 C C 200 I 487 A I 487 A I 487 A I 487 A
373,I T I 407 A I I T T I 500 A I T I T S S S P P P P P 200 S S P 200 P 200 P 200 S P P P P P 200 P 200 P 200 P 200 R R R P P P P P 200 P 200 P 200 P 200 I 200 I 200 I 200 A A A A B B B B 200 B 200 B 200
374,I T I 407 A I T I T I 500 A I T I T I 200 I 200 I 200 A A A A B B B B 200 B 200 B 200
375,I T I 407 A I I T I 500 A I T I T I 484 A I 484 A T I 484 A
376,I T I T I 500 A I T I T R R R I 200 I 200 I 200 A A A A U U U 200 U 200 U U 200 U 200 U U U 200 U 200 U U U 200 U 200 B B B B 200 B 200 B 200
377,I T I 407 A I T I T I 500 A I T I T I 500 I T I T A I T R R R R R P P P P P P 200 P 200 P 200 P 200 P 200 I 200 I 200 I 200 I 200 I 200 A A A A A U U U U U 200 U 200 U 200 U 200 B B B B B B 200 B 200 B 200 B 200 B 200
378,I T I T I 500 A I T I T I 500 I A T I T I T R R R R R P P P P P P 200 P 200 P 200 P 200 P 200 C C 200 C C 200 C C 200 C C 200 C C 200 I 487 A I 487 A I 487 A I 487 A I 487 A
379,I I T I 500 A I T I T T I 486 A I 486 A I 486 A
380,I T I T I 500 A I T I T I T R R R R P P P P P 200 P 200 P 200 P 200 I 200 I 200 I 200 I 200 A A A A U U U 200 U 200 U U U 200 U 200 B B B B B B 200 B B 200 B 200 B 200 B 481 B 481
381,I T I T I 500 A I T I T R R R P P P P P 200 P 200 P 200 P 200 C C C 200 C C 200 C 200 I 487 A I 487 A I 487 A
382,I T I T I 500 A I T I T S S S P P P P 200 R P 200 R P 200 R P P P P 200 P 200 P 200 S S S P P P P 200 P 200 P 200 S S S P P P P 200 P 200 P 200 C C 200 C C 200 C C 200 I 487 A I 487 A I 487 A
383,I T I T I 500 I T A I T I T I 486 A I 486 A I 486 A I 486 A
384,I T I 407 A I I T I 500 T A I T I T S S S P P P P 200 R P 200 R P 200 R P P P P 200 P 200 P 200 S S S P P P P 200 P 200 P 200 U U U U 200 U 200 U 200 I 200 I 200 I 200 A A A A B B B B 200 B 200 B 200
385,I I T T I 500 A I T I T R R R P P P P 200 I 200 I 200 P 200 I 200 P 200 A A A A U U U 200 U 200 U U U 200 U 200 U U U 200 U 200 U U U 200 U 200 B B B B 200 B 200 B 200
386,I I T I 500 A I T I T T R R R P P P P 200 P 200 P 200 I 200 I 200 I 200 A A A A B B B B 200 B 200 B 200
387,I T I T I 500 A I T I T I T R R R R P P P P P P 200 P 200 P 200 P 200 C C 200 C C 200 C C 200 C C 200 I 487 A I 487 A I 487 A I 487 A
388,I T I T I 500 A I T I T S S S P P P P P 200 S P 200 S P 200 P 200 S P P P P P 200 P 200 P 200 P 200 I 200 I 200 I 200 A A A A I T I T I I 200 I 200 I 200 A A A B B B B B 200 B 200 B 200 B 200
389,I T I T I 500 A I T I T I T R R R R P P P P P 200 P 200 P 200 P 200 I 200 I 200 I 200 I 200 A A A A U U U U 200 U U 200 U 200 U 200 U U U U 200 U 200 U 200 U 200 U U U 200 U 200 U U U 200 U 200 U U U U 200 U 200 U 200 U 200 U U U U 200 U 200 U 200 U 200 U U U 200 U 200 U U U 200 U 200 B B B B B 200 B 200 B 200 B 200
390,I T I T I 500 A I I T T I T R R R R P P P P P 200 P 200 P 200 P 200 C C 200 C C 200 C C 200 C C 200 I 487 A I 487 I 487 A A I 487 A
391,I T I T I 500 A I T I T I T I T R R R R P P P P P 200 P 200 P 200 P 200 I 200 I 200 C I 200 I 200 C 200 A A A A I 487 A B B B B B 200 B 200 B 200 B 200
392,I T I T I 500 A I T I T S S S P P P P 200 R P 200 R P 200 R P P P 200 P P 200 P 200 I 200 I 200 I 200 A A A A B B B B 200 B 200 B 200
393,I T I T I 500 A I T I T I T R R R R P P P P P 200 P 200 P 200 P 200 I 200 I 200 I 200 I 200 A A A A U U U U 200 U 200 U 200 B B B B B 200 B 200 B 200 B 200
394,I T I T I 500 A I T I T I T R R R R P P P P P 200 P 200 P 200 P 200 I 200 I 200 I 200 I 200 A A A A U U 200 U U U 200 U 200 U 200 B B B B B 200 B 200 B 200 B 200
395,I T I T I 500 A I T I T I T R R R R P P P P P 200 P 200 P 200 P 200 I 200 I 200 I 200 I 200 A A A A B B B B B B B 481 B 200 B 481 B 200 B 200 B 200
396,I T I T I 500 A I T I T S S S P P P P P 200 S P 200 S P 200 S P 200 P P P P P 200 S P 200 S P 200 P 200 S P P P P P 200 S S P 200 P 200 P 200 S P P P P P 200 P 200 P 200 P 200 S S S P P P P P 200 P 200 P 200 P 200 S S S P P P P P 200 P 200 P 200 P 200 S S S P P P P P 200 S S P 200 P 200 P 200 S P P P P P 200 P 200 P 200 P 200 C C 200 C C 200 C C 200 I 487 A I 487 A I 487 A
397,I I T T I 500 A I T I T R R R P P P P P 200 P 200 P 200 P 200 I 200 I 200 I 200 A A A A U U U 200 U 200 U U U 200 U 200 B B B B B 200 B 200 B 200 B 200
398,I I T T I 500 A I T I T I 200 I 200 I 200 A A A A B B B B B 200 B 200 B 200 B 200
399,I T I T S S P P P 200 P 200 R R P P P 200 P 200 C C 200 C C 200 I 487 A I 487 A
400,I T I 407 A I I T I 500 A T I T I T S S S P P P P 200 P 200 S S P 200 S P P P P 200 P 200 P 200 I 200 I 200 I 200 A A A A U U U U 200 U 200 U 200 U 200 U U U U 200 U 200 U 200 U 200 U U U 200 U 200 U U U 200 U 200 U U U 200 U 200 U U U 200 U 200 U U U 200 U 200 U U U 200 U 200 U U U 200 U 200 U U U 200 U 200 B B B B 200 B 200 B 200
401,I T I T I 500 A I T I T R R R P P P P 200 I 200 I 200 P 200 I 200 P 200 A A A A U U U 200 U 200 U U U 200 U 200 B B B B B 200 B 200 B 200 B 200
402,I T I T I 500 I T I T I T I T A R R R R P P P P P 200 P 200 P 200 P 200 I 408 A I 200 I 200 I 200 A A I 200 A A B B B B B 200 B 200 B 200 B 200
403,I T I T I 500 I A I T I T T R R R R P P P P P 200 P 200 P 200 P 200 I 200 I 200 I 200 I 200 A A A A B B B B B 200 B 200 B 200 B 200
404,I T I T I 500 A I T I T S S S P P P P 200 P 200 P 200 R R R P P P P 200 P 200 P 200 S S S P P P P 200 P 200 P 200 S S S P P P P 200 P 200 P 200 S S S P P P P 200 P 200 P 200 C C C 200 C C 200 I 487 A I 487 A C 200 I 487 A
405,I T I T I 500 A I T I T W W W P P P P 200 P 200 P 200 R R R P P P I 200 I 200 P 200 P 200 I 200 P 200 A A A A B B B B 200 B 200 B 200
406,I I T I 500 A I T I T T R R I 200 I 200 R I 200 P P P P A P 200 A P 200 P 200 P 200 A A B B B B B 200 B 200 B 200 B 200
407,I I T T I 500 A I T I T S S S P P P P P 200 P 200 P 200 P 200 R R R P P P P P 200 P 200 P 200 P 200 I 200 I 200 I 200 A A A A B B B B 200 B 200 B 200
408,I T I T I 500 A I T I T I T R R R R P P P P P 200 P 200 P 200 P 200 I 200 I 200 I 200 I 200 A A A A U U U U 200 U 200 U 200 U 200 I T I I T T I I 200 I 200 I 200 I 200 A A A A B B B B B 200 B 200 B 200 B 200
409,I T I 407 A I T I T I 500 A I T I T S S S P P P P P 200 P 200 P 200 P 200 R R R P P P P P 200 P 200 P 200 P 200 I 200 I 200 I 200 A A A A I I T T I T I 200 I 200 I 200 A A A A B B B B B 200 B 200 B 200 B 200
410,I T I T I T R R R P P 200 C C 200 C C C 200 C 200 I 487 A I 487 A I 487 A
411,I T I T I 500 A I T I T I 500 I T A I T W W I W T S S S S S P P P P P P 200 P 200 P 200 P 200 P 200 R R R R R P P P P P P 200 P 200 P 200 P 200 P 200 C C 200 C C 200 C C 200 I 487 A C C 200 C C 200 I 487 A I 487 A I 487 A I 487 A
412,I T I T I 500 A I T I T I 500 A I T I T I T R R R R R P P P P P P 200 P 200 P 200 P 200 P 200 I 200 I 200 I 200 I 200 I 200 A A A A A U U U 200 U 200 U U 200 U U U 200 U 200 U U U 200 U 200 U U U 200 U 200 U 200 B B B B B B 200 B 200 B 200 B 200 B 200
413,I I T T I 500 A I T I T R R R P P P P 200 P 200 P 200 C C 200 C C 200 C C 200 I 487 A I 487 A I 487 A
414,I T I T I 500 A I T I T S S S P P P P P 200 S S P 200 P 200 P 200 S P P P P P 200 S P 200 S P 200 P 200 S P P P P P 200 P 200 P 200 P 200 R R R P P P P P 200 P 200 P 200 P 200 I 200 I 200 I 200 A A A A U U U U 200 U 200 U 200 U 200 U U U 200 U 200 U U U 200 U 200 U U U 200 U 200 U U U 200 U 200 B B B B 200 B 200 B 200
415,I T I 407 A I I T T I 500 A I T I T I 502 A I 502 A I 502 A
416,I T I 407 A I I T T I 500 A I T I T S S S P P P P 200 P 200 P 200 R R R P P P P 200 P 200 P 200 I 200 I 200 I 200 A A A A U U U 200 U 200 U U U 200 U 200 U U U 200 U 200 U U U 200 U 200 B B B B 200 B 200 B 200
417,I T I T I 500 A I T I T S S S P P P P 200 P 200 P 200 R R R I 200 I 200 I 200 A A A A B B B B 200 B 200 B 200
418,I T I T I 500 A I T I T R R R P P P 200 P 200 P P 200 I 200 I 200 I 200 A A A A U U U 200 U U 200 U 200 U 200 B B B B B 200 B 200 B 200 B 200
419,I T I T I 500 A I T W W S S P P P 200 P 200 R R P P P 200 P 200 I 200 I 200 A A B B B 200 B 200
420,I T I T I 500 I I T I A T T R R R R P P P P P 200 P 200 P 200 P 200 I 200 I 200 I 200 I 200 A A A A B B B B B 200 B 200 B 200 B 200
421,I T I 407 A I T I T I 500 A I T I T S S S P P P P P 200 P 200 P 200 P 200 R R R P P P P P 200 P 200 P 200 P 200 I 480 A I 480 A I 480 A
422,I T I T I 500 A I T I T R R R P P P P P 200 P 200 P 200 P 200 I 200 I 200 I 200 A A A A U U U 200 U U 200 U 200 U 200 B B B B 200 B 200 B 200
423,I T I T I 500 A I T I T S S S S S P P P P 200 R R P 200 P 200 R P P P P 200 P 200 P 200 I 200 I 200 I 200 A A A A B B B B 200 B 200 B 200
424,I T I 407 A I T I T I 500 I T A I T S S S P P P P 200 P 200 P 200 I 200 I 200 I 200 A A A A B B B B 200 B 200 B 200
425,I T I T I 500 A I T I T R R R P P P P P 200 P 200 P 200 P 200 I 200 I 200 I 200 A A A A U U U U 200 U 200 U U 200 U 200 B B B B B 200 B 200 B 200 B 200
426,I I T I 500 A I T I T T R R R P P P P 200 P 200 I 200 P 200 I 200 I 200 A A A A U U U 200 U 200 U U U 200 U 200 B B B B 200 B 200 B 200
427,I T I T I 500 A I T I T I T R R R R P P P P P R R P 200 P 200 P 200 P 200 I 200 I 200 I 200 I 200 A A A A B B B B B 200 B 200 B 200 B 200
428,I T I T I 500 A I T I T I T R R R R P P P P P 200 P 200 P 200 P 200 I 200 I 200 I 200 A A I 200 A A B B B B B 200 B 200 B 200 B 200
429,I I T I 500 A I T I 500 A I T I T T I T R R R R P P P P P 200 P 200 P 200 P 200 C C C 200 I 487 A C C 200 C C 200 I 487 A I 487 A C 200 I 487 A
430,I T I 407 A I T I T I 500 A I T I T S S S P P P P 200 P 200 P 200 R R R P P P P 200 P 200 P 200 C C C 200 C C 200 I 487 A I 487 A C 200 I 487 A
431,I I T I 500 A T I T I T R R R P P P P 200 P 200 P 200 C C C 200 C C 200 I 487 A I 487 A C 200 I 487 A
432,I T I T I 500 A I I T I T T R R R R P P P P P 200 P 200 P 200 P 200 I 200 I 200 I 200 I 200 A A A A U U U U U 200 U 200 U 200 U U U 200 U 200 U U U 200 U 200 U U U 200 U U 200 U 200 U 200 U U U 200 U 200 U U U 200 U 200 B B B B B 200 B 200 B 200 B 200
433,I T I T R R P P P 200 P 200 I 200 I 200 A A U U U 200 U 200 U U U 200 U 200 U U U 200 U 200 B B B 200 B 200
434,I T I 407 A I T I T I 500 A I T I T S S S P P P P P 200 S P 200 S P 200 P 200 S P P P P P 200 R P 200 R P 200 P 200 R P P P P P 200 P 200 P 200 P 200 S S S P P P P P 200 P 200 P 200 P 200 S S S P P P P P 200 P 200 P 200 P 200 S S S P P P P P 200 S S P 200 P 200 P 200 S P P P P P 200 P 200 P 200 P 200 I 200 I 200 I 200 A A A A B B B B B 200 B 200 B 200 B 200
435,I T I T I T I T R R I 200 I 200 S S P P P 200 P 200 A A B B B 200 B 200 C C 200 C C 200 I 487 A I 487 A
436,I T I T I 500 A I T I T R R R C C 200 C C 200 C C 200 I 487 A I 487 A I 487 A
437,I T I T I 500 A I T I T S S S P P P P P 200 P 200 P 200 P 200 C C 200 C C 200 C C 200 I 487 A I 487 A I 487 A
438,I I T T I 500 A I T I T S S S P P P P P 200 P 200 P 200 P 200 R R R P P P P P 200 P 200 P 200 P 200 I 200 I 200 I 200 A A A A B B B B B 200 B 200 B 200 B 200
439,I T I T I 500 A I T I T S S S P P P P P 200 S S P 200 P 200 P 200 S P P P P P 200 P 200 P 200 P 200 R R R P P P P P 200 P 200 P 200 P 200 S S S P P P P P 200 P 200 P 200 P 200 S S S P P P P P 200 P 200 P 200 P 200 S S S P P P P P 200 P 200 P 200 P 200 C C 200 C C 200 C C 200 I 487 A I 487 A I 487 A
440,I T I T I 500 A I T I T S S S P P P P P 200 P 200 P 200 P 200 S S S P P P P P 200 P 200 P 200 P 200 R R R P P P P P 200 P 200 P 200 P 200 I 200 I 200 I 200 A A A A U U U U 200 U 200 U 200 U 200 B B B B 200 B 200 B 200
441,I T I 407 A I T I T I 500 A I T I 500 A I T I T I T R R R R P P P P P 200 P 200 P 200 P 200 I 200 I 200 I 200 I 200 A A A A B B B B B 200 B 200 B 200 B 200
442,I T I 407 A I T I T I 500 A I T I T S S S P P P P 200 P 200 P 200 S S S P P P P 200 P 200 P 200 C C 200 C C 200 C C 200 I 487 A I 487 A I 487 A
443,I T I 407 A I T I T I 500 A I T I T R R R P P P P 200 P 200 P 200 I 200 I 200 I 200 A A A A U U U 200 U U 200 U 200 U 200 U U U 200 U U 200 U 200 U 200 B B B B B 200 B 200 B 200 B 200
444,I T I T I 500 A I T I T S S S P P P P 200 P 200 R R P 200 R P P P P 200 P 200 P 200 I 200 I 200 I 200 A A A A B B B B 200 B 200 B 200
445,I T I T I 500 A I T I T I T R R R R P P P P P 200 P 200 P 200 P 200 I 408 A I 408 A C C 200 C C 200 C C 200 C C 200 I 487 A I 408 A I 408 A I 408 A
446,I T I 407 A I I T I 500 A T I T I T R R R P P P P 200 P 200 P 200 I 480 A I 480 A I 480 A
447,I T I T I 500 A I T I 486 A I 486 A
448,I T I T I 500 A I T W W I T I T S S S S P P P P P 200 P 200 P 200 P 200 S S S S P P P P P 200 P 200 P 200 P 200 I 200 I 200 I 200 I 200 A A A A B B B B B 200 B 200 B 200 B 200
449,I T I 407 A I T I T I 500 A I T I T S S S P P P P 200 R R P 200 P 200 R P P P P 200 P 200 R R P 200 R P P P P 200 P 200 P 200 I 200 I 200 I 200 A A A A B B B B 200 B 200 B 200
450,I T I 407 A I T I T I 500 A I T I T S S S P P P P P 200 S P 200 S P 200 P 200 S P P P P P 200 R P 200 R P 200 P 200 R P P P P P 200 P 200 P 200 P 200 S S S P P P P P 200 P 200 P 200 P 200 S S S P P P P P 200 P 200 P 200 P 200 S S S P P P P P 200 P 200 P 200 P 200 I 200 I 200 I 200 A A A A B B B B B 200 B 200 B 200 B 200
451,I T I T I 500 A I T I T W W I T S S S S P P P P P 200 P 200 P 200 P 200 R R R R P P P P P 200 P 200 P 200 P 200 C C 200 C C 200 C C 200 C C 200 I 487 A I 487 A I 487 A I 487 A
452,I T I T I 500 A I T I T R R R P P P P 200 P 200 P 200 S S S P P P P 200 S S P 200 P 200 S P P P P 200 S P 200 S S P 200 P P P P 200 P 200 P 200 R R R P P P P 200 P 200 P 200 I 200 I 200 I 200 A A A A B B B B 200 B 200 B 200
453,I T I 407 A I T I T I 500 I T A I T S S S P P P P P 200 S P 200 S P 200 P 200 S P P P P P 200 P 200 P 200 P 200 R R R P P P P P 200 P 200 P 200 P 200 I 200 I 200 I 200 A A A A B B B B B 200 B 200 B 200 B 200
454,I I T T I 500 A I T I T S S S P P P P P 200 P 200 P 200 P 200 I 200 I 200 I 200 A A A A B B B B 200 B 200 B 200
455,I T I 407 A I T I T I 500 A I T I T I 500 A I T I T I T R R R R R P P P P P R R P 200 P 200 P 200 P 200 P 200 I 200 I 200 I 200 I 200 I 200 A A A A A B B B B B B 200 B 200 B 200 B 200 B 200
456,I T I T I 500 I T I T I T A R R R R P P P P P 200 P 200 P 200 P 200 C C 200 C C 200 C C 200 C C 200 I 487 I 487 A A I 487 A I 487 A
457,I T I T I 500 A I T I T S S S P P P P 200 P 200 P 200 R R R P P P P 200 P 200 P 200 I 486 A I 486 A I 486 A
458,I T I T I 500 I A T I T S S S P P P P P 200 P 200 P 200 P 200 I 480 A I 480 A I 480 A
459,I T I T I 500 A I T I T I 500 A I T I T I T R R R R R P P P P P P 200 P 200 P 200 P 200 P 200 C C C 200 C C 200 C C 200 C C 200 C 200 I 487 A I 487 A I 487 A I 487 A I 487 A
460,I T I 407 A I T I T I 500 A I T I T S S S P P P P P 200 P 200 P 200 P 200 R R R P P P P P 200 P 200 P 200 P 200 W W W P P P P P 200 P 200 P 200 P 200 S S S P P P P P 200 P 200 P 200 P 200 C C 200 C C 200 C C 200 I 487 A I 487 A I 487 A
461,I T I T I 500 A I T I 486 I 486 A A
462,I T I 407 A I I T I 500 A T I T I T R R R P P P P P 200 P 200 P 200 P 200 I 200 I 200 I 200 A A A A U U U 200 U 200 U U U 200 U 200 B B B B B 200 B 200 B 200 B 200
463,I T I T I 500 A I T I T I T R R R R P P P P P 200 P 200 P 200 P 200 I 200 I 200 I 200 I 200 A A A A B B B B 200
464,I I T T I 500 I T A I T S S S P P P P 200 S S P 200 P 200 S P P P P 200 P 200 P 200 R R R P P P P 200 P 200 P 200 I 200 I 200 I 200 A A A A U U U 200 U 200 U U U 200 U 200 B B B B 200 B 200 B 200
465,I T I T I 500 I A T W W I T I T S S S S P P P P P 200 P 200 P 200 P 200 R R R R P P P P P 200 P 200 P 200 P 200 I 200 I 200 I 200 I 200 A A A A B B B B B 200 B 200 B 200 B 200
466,I T I T I 500 A I T I T S S S P P P 200 P 200 P P 200 R R R P P P P 200 P 200 P 200 I 480 A I 480 A I 480 A
467,I T I T I 500 A I T I T S S S P P P P P 200 P 200 P 200 P 200 R R R P P P P P 200 P 200 P 200 P 200 I 200 I 200 I 200 A A A A U U U 200 U U 200 U 200 U 200 B B B B B 200 B 200 B 200 B 200
468,I T I T I 500 I I T I T A T R R R R P P P P P 200 P 200 P 200 P 200 I 200 I 200 I 200 I 200 A A A A B B B B B 200 B 200 B 200 B 200
469,I T I T I 500 I T I T A I T R R R R P P P P P 200 P 200 P 200 P 200 I 200 I 200 I 200 I 200 A A A A B B B B B 200 B 200 B 200 B 200
470,I I T I 500 A I T T I T S S S P P P P 200 P 200 P 200 R R R P P P P 200 P 200 P 200 S S S P P P P 200 P 200 P 200 S S S P P P P 200 P 200 P 200 S S S P P P P 200 P 200 P 200 C C C 200 C C 200 C 200 I 487 A I 487 A I 487 A
471,I T I 407 A I T I T I 500 A I T I T S S S P P P P 200 S P 200 S P 200 S P P P P 200 R R P 200 P 200 R P P P P 200 P 200 P 200 I 200 I 200 I 200 A A A A B B B B 200 B 200 B 200
472,I T I T I 500 A I T I T I 404 A I 404 A S P P 200 C C 200 I 404 A
473,I T I T I 500 A I T I T I T R R R R C C 200 C C 200 C C 200 C C 200 I 487 A I 487 A I 487 A I 487 A
474,I I T T I 500 A I T I T I 500 I A T I T I T R R R R R P P P P P P 200 P 200 P 200 P 200 P 200 I 200 I 200 I 200 I 200 I 200 A A A A A U U U 200 U 200 U 200 U 200 U 200 B B B B B 200 B 200 B 200 B 200
475,I T I T I 500 A I T I T I T R R R R P P P P P 200 P 200 P 200 P 200 I 200 I 200 I 200 I 200 A A A A U U U 200 U U 200 U U 200 U 200 B B B B B 200 B 200 B 200 B 200
476,I T I T I 500 I T A I T I T R R R R P P P P P 200 P 200 P 200 P 200 C C 200 C C 200 I 487 C C 200 C A I 487 A C 200 I 487 A I 487 A
477,I T I T I 500 I A T I T I 486 A I 486 A I 486 A
478,I T I T I 500 A I T I T S S S P P P P 200 P 200 P 200 R R I 200 I 200 R I 200 P P P P 200 A P 200 A P 200 A A B B B B 200 B 200 B 200
479,I T I T I 500 A I T I T I T R R R R P P P P P 200 P 200 P 200 P 200 I 200 I 200 I 200 I 200 A A A A U U U U U 200 U 200 U 200 U 200 U U U U 200 U 200 U 200 U 200 U U U 200 U 200 U U U 200 U 200 U U U 200 U 200 U U U 200 U 200 B B B B B 200 B 200 B 200 B 200
480,I T I 407 A I T I T I 500 A I T I T S S S P P P P P 200 P 200 P 200 P 200 R R R P P P P P 200 P 200 P 200 P 200 I 200 I 200 I 200 A A A A B B B B B B 200 B 200 B 200 B 200 B 200
481,I I T T I 500 A I T I T I 404 A I 404 A S P P 200 I 404 A
482,I T I 407 A I T I T I 500 A I T I T R R R P P P P P 200 P 200 P 200 P 200 I 200 I 200 I 200 A A A A B B B B B 200 B 200 B 200 B 200
483,I T I T I 500 A I T I T I T R R R R I 200 I 200 I 200 I 200 A A A A I T I T I T I I 200 I 200 I 200 I 200 A A A A B B B B B 200 B 200 B 200 B 200
484,I T I 407 A I I T I 500 A I T T I T R R R P P P P 200 P 200 P 200 C C C 200 C C 200 C 200 I 487 A I 487 A I 487 A
485,I T I T I 500 A I T I T S S S P P P P P 200 P 200 P 200 P 200 I 486 A I 486 A I 486 A
486,I I T T I 500 A I T I T I 200 I 200 I 200 A A A A U U U 200 U U 200 U 200 U 200 U U U U 200 U 200 U 200 U 200 U U U 200 U 200 U U U 200 U 200 U U U 200 U U 200 U 200 U 200 U U U 200 U 200 U U U 200 U 200 U U U 200 U 200 U U U 200 U 200 U U U 200 U 200 U U U 200 U 200 U U U 200 U 200 U U U 200 U 200 B B B B 200 B 200 B 200
487,I T I T I 500 A I T I T I 500 A I T I T I T R R R R R P P P P P P 200 P 200 P 200 P 200 P 200 I 200 I 200 I 200 I 200 I 200 A A A A A U U U U U 200 U 200 U 200 U 200 U U U U 200 U 200 U U U 200 U 200 B B B B B B 200 B 200 B 200 B 200 B 200
488,I T I T I 500 A I T I T I T R R R R P P P P P 200 P 200 P 200 P 200 I 200 I 200 I 200 I 200 A A A A U U U U U 200 U 200 U 200 U 200 U U U 200 U 200 U U U 200 U 200 U U U 200 U 200 U U U 200 U 200 U U U 200 U 200 U U U 200 U 200 B B B B B 200 B 200 B 200 B 200
489,I T I 407 A I T I T I 500 A I T I T R R R P P P P 200 P 200 P 200 C C 200 C C 200 C C 200 I 487 A I 487 A I 487 A
490,I T I T I 500 A I T W W I T I T R R R R P P P P P 200 P 200 P 200 P 200 C C 200 C C 200 I 487 C A I 487 C 200 C A C 200 I 487 A I 487 A
491,I T I 407 A I T I T I 500 A I T I T R R R P P P P P 200 P 200 P 200 P 200 C C 200 C C 200 C C 200 I 487 A I 487 A I 487 A
492,I T I 407 A I T I T I 500 A I T I T S S S P P P P P 200 R R P 200 P 200 P 200 R P P P P P 200 P 200 P 200 P 200 I 200 I 200 I 200 A A A A B B B B B 200 B 200 B 200 B 200
493,I T I 407 A I I T T I 500 A I T I T R R R P P P P 200 I 200 P 200 I 200 P 200 I 200 A A A A B B B B 200 B 200 B 200
494,I T I T I 500 A I T W W I T I T S S S S P P P P P 200 P 200 P 200 P 200 R R R R P P P P P 200 P 200 P 200 P 200 I 480 A I 480 A I 480 A I 480 A
495,I T I 407 A I I T T I 500 A I T I T R R R P P P P 200 P 200 P 200 I 200 I 200 I 200 A A A A B B B B 200 B 200 B 200
496,I T I T I 500 A I T I T S S S P P P P P 200 P 200 P 200 P 200 R R R P P P P P 200 P 200 P 200 P 200 I 200 I 200 I 200 A A A A U U U 200 U 200 U U U 200 U 200 U U U U 200 U 200 U 200 U 200 B B B B 200 B 200 B 200
497,I T I T I 500 A I T I T I T I T R R R R P P P P P 200 P 200 P 200 P 200 I 200 I 200 C I 200 I 200 C 200 A A A A I 408 A B B B B B 200 B 200 B 200 B 200
498,I I T T I 500 A I T I T S S S P P P P 200 R R P 200 P 200 R P P P P 200 P 200 P 200 S S S P P P P 200 P 200 P 200 U U U U 200 U 200 U 200 I 200 I 200 I 200 A A A A B B B B B 200 B 200 B 200 B 200
499,I T I T I 500 A I T I T I T I T R R R R P P P P P 200 P 200 P 200 P 200 I 408 A I 408 A C C 200 C C 200 C C 200 C C 200 I 487 A I 408 A I 408 A I 408 A
500,I I T T I 500 A I T I T W W W P P P P 200 P 200 P 200 R R R P P I 200 P I 200 I 200 P 200 P 200 P 200 A A A A B B B 200 B B 200 B 200
501,I T I T I 500 I A I T I T T R R R R P P P P P 200 P 200 P 200 P 200 I 200 I 200 I 200 I 200 A A A A U U U 200 U 200 U U 200 U 200 U U U 200 U 200 U U U 200 U 200 B B B B B 200 B 200 B 200 B 200
502,I I T T I 500 A I T I T I 403 A I 403 A I 403 A
503,I T I T I 500 A I T I T S S S P P P P P 200 S S P 200 P 200 P 200 S P P P P P 200 P 200 P 200 P 200 R R R P P P P P 200 P 200 P 200 P 200 I 200 I 200 I 200 A A A A B B B B B 200 B 200 B 200 B 200
504,I T I T I 500 A I T I T S S S P P P P 200 P 200 P 200 R R R P P P P 200 P 200 P 200 W W W P P P P 200 P 200 P 200 S S S P P P P 200 S S P 200 P 200 S P P P P 200 P 200 P 200 C C 200 C C 200 C C 200 I 487 A I 487 A I 487 A
505,I T I T I 500 A I T I T I T W W S S S S P P P P P 200 P 200 P 200 P 200 R R R R P P P P P 200 P 200 P 200 P 200 C C 200 C C 200 C C 200 C C 200 I 487 I 487 A A I 487 A I 487 A
506,I T I T I 500 I T A I T S S S P P P P 200 P 200 P 200 S S S P P P P 200 P 200 P 200 I 200 I 200 I 200 A A A A B B B B 200 B 200 B 200
507,I T I T I 500 A I T I T I T R R R R P P P P P 200 P 200 P 200 P 200 C C 200 C C 200 I 487 A I 487 A W W R R P P P 200 P 200 I 480 A I 480 A
508,I T I 407 A I T I T I 500 A I T I T S S S P P P P 200 P 200 P 200 S S S P P P P 200 P 200 P 200 R R R I 200 I 200 I 200 A A A A B B B B 200 B 200 B 200
509,I T I 407 A I T I T I 500 A I T I T S S S P P P P P 200 P 200 P 200 P 200 R R R P P P P P 200 P 200 P 200 P 200 S S S P P P P P 200 P 200 P 200 P 200 I 486 A I 486 A I 486 A
510,I T I T I 500 A I T I T S S S P P P P P 200 P 200 P 200 R R P 200 R R R P R P P P P 200 P 200 P P 482 P 200 P 200 I 486 A I 486 A I 486 A
511,I I T I 500 A T I T I T R R R P P P P 200 P 200 P 200 I 200 I 200 I 200 A A A A U U U 200 U 200 U U U 200 U 200 U U U 200 U 200 U U U 200 U 200 U U U 200 U 200 U U U 200 U 200 U U U 200 U 200 U U U 200 U 200 B B B B 200 B 200 B 200
512,I T I T I 500 A I T I T S S S P P P P 200 P 200 P 200 I 200 I 200 I 200 A A A A B B B B B 200 B 200 B 200 B 200
513,I T I 407 A I T I T I 500 A I T I T S S S P P P P 200 S S P 200 P 200 S P P P P 200 P 200 P 200 R R R P P P P 200 P 200 P 200 I 200 I 200 I 200 A A A A B B B B B 200 B 200 B 200 B 200
514,I T I T I 500 A I T I T I T I 404 A R R R R P P P P P 200 P 200 P 200 P 200 C C 200 C C 200 C C 200 C C 200 I 487 A I 404 A I 404 A I 404 A
515,I T I T I 500 A I T I T S S S S S P P P 200 P 200 P P 200 R R R P P P P 200 P 200 P 200 I 200 I 200 I 200 A A A A B B B B 200 B 200 B 200
516,I T I T I 500 A I T I T I T R R R R P P P P P 200 P 200 P 200 P 200 C C 200 C C 200 C C 200 C C 200 I 487 A I 487 I 487 A I 487 A A
517,I T I T I 500 A I T I T I T R R R R P P P P P 200 P 200 P 200 P 200 I 200 I 200 I 200 I 200 A A A A I T I I T I T I 200 I 200 I 200 I 200 A A A A B B B B B 200 B 200 B 200 B 200
518,I T I T I 500 A I T I T S S S P P P P 200 P 200 P 200 S S S P P P P 200 P 200 R R P 200 R P P P P 200 P 200 P 200 I 200 I 200 I 200 A A A A B B B B B 200 B 200 B 200 B 200
519,I I T T I 500 A I T I T S S S P P P P 200 P 200 P 200 R R R P P P P 200 P 200 P 200 I 200 I 200 I 200 A A A A B B B B B 200 B 200 B 200 B 200
520,I I T I 500 A I T I T T I 200 I 200 I 200 A A A A B B B B B 200 B 200 B 200 B 200
521,I T I 407 A I T I T I 500 A I T I T S S S P P P P P 200 S P 200 S P 200 P 200 S P P P P P 200 P 200 P 200 P 200 I 480 A I 480 A I 480 A
522,I T I T I 500 A I T I T I T R R R R P P P P P 200 P 200 P 200 P 200 I 200 I 200 I 200 I 200 A A A A U U U 200 U 200 U U U 200 U 200 U U U 200 U U 200 U U 200 U 200 B B B B B 200 B 200 B 200 B 200
523,I T I T I 500 A I T W W I T I T S S S S P P P P P 200 P 200 P 200 P 200 S S S S P P P P P 200 P 200 P 200 P 200 S S S S P P P P P 200 P 200 P 200 P 200 I 480 A I 480 A I 480 A I 480 A
524,I T I 407 A I I T T I 500 A I T I T S S S P P P P 200 P 200 P 200 C C 200 C C 200 C C 200 I 487 A I 487 A I 487 A
525,I T I T I 500 A I T I T I T R R R R P P P P P 200 P 200 P 200 P 200 C C 200 C C C 200 C 200 C C 200 I 487 I 487 A I 487 A I 487 A A
526,I T I T I 500 A I T I T S S S P P P P P 200 I 200 P 200 P 200 P 200 I 200 I 200 A A A A B B B B 200 B 200 B 200
527,I T I T I 500 A I T I T R R R P P P P P 200 P 200 P 200 P 200 I 200 I 200 I 200 A A A A U U U 200 U 200 U U U 200 U 200 U U U U 200 U 200 U 200 B B B B B 200 B 200 B 200 B 200
528,I T I T I 500 A I T I T S S S P P P P 200 S P 200 S P 200 S P P P P 200 R R P 200 P 200 R P P P P 200 P 200 P 200 I 200 I 200 I 200 A A A A B B B B 200 B 200 B 200
529,I T I 407 A I I T I 500 A T I T I T R R R P P P P P 200 P 200 P 200 P 200 I 200 I 200 I 200 A A A A B B B B 200 B 200 B 200
530,I T I 407 A I I T I 500 A T I T I T I 500 A I T I T I T R R R R R P P P P P P 200 P 200 P 200 P 200 P 200 I 200 I 200 I 200 I 200 I 200 A A A A A U U U U U 200 U 200 U U 200 U 200 U U U U U 200 U 200 U U 200 B B B B B 200 B 200 B 200 B 200
531,I I T I 500 A T I T I T S S S P P P P 200 P 200 P 200 R R R P P P P 200 P 200 P 200 I 200 I 200 I 200 A A A A B B B B B 200 B 200 B 200 B 200
532,I I T T I 500 A I T I T S S S P P P P 200 P 200 P 200 R R R P P P P 200 P 200 P 200 S S S P P P P 200 P 200 P 200 I 486 A I 486 A I 486 A
533,I T I T I 500 A I T I T I 200 I 200 I 200 A A A A U U U 200 U 200 U U U 200 U 200 B B B B B 200 B 200 B 200 B 200
534,I I T I 500 A T I T I T S S S P P P P P 200 P 200 P 200 P 200 R R R P P P P P 200 P 200 P 200 P 200 I 200 I 200 I 200 A A A A B B B B B 200 B 200 B 200 B 200
535,I T I T I 500 A I I T T I T R R R R P P P P P 200 P 200 P 200 P 200 I 200 I 200 I 200 I 200 A A A A U U U U 200 U 200 U 200 U 200 U U U 200 U 200 U U 200 U 200 B B B B B 200 B 200 B 200 B 200
536,I T I T I 500 A I T I T S S S P P P P P 200 S P 200 S P 200 P 200 S P P P P P 200 S P 200 S P 200 P 200 S P P P P P 200 P 200 P 200 P 200 R R R P P P P P 200 P 200 P 200 P 200 I 200 I 200 I 200 A A A A B B B B 200 B 200 B 200
537,I I T T I 500 A I T I T S S S P P P P 200 P 200 P 200 R R R P P P P 200 P 200 P 200 I 200 I 200 I 200 A A A A U U U 200 U U 200 U 200 U 200 U U U 200 U 200 U U U 200 U 200 B B B B 200 B 200 B 200
538,I T I 407 A I T I T I 500 A I T I T S S S P P P P P 200 P 200 P 200 P 200 S S S P P P P P 200 P 200 P 200 P 200 R R R P P P P P 200 R R P 200 P 200 R P 200 C C C 200 C C 200 I 487 A I 487 A C 200 I 487 A
539,I T I T I 500 A I T I T S S S P P P P 200 S S P 200 P 200 S P P P P 200 P 200 P 200 I 200 I 200 I 200 A A A A I T I T I I 200 I 200 I 200 A A A U U U 200 U 200 U U U 200 U 200 B B B B B 200 B 200 B 200 B 200
540,I T I T I 500 A I T I T I 500 A I T I T I T R R R R R P P P P P P 200 P 200 P 200 P 200 P 200 I 200 I 200 I 200 I 200 I 200 A A A A A B B B B B B B B 200 B 200 B 200 B 200 B 200 B 200 B 200
541,I T I T I 500 A I T I T S S S P P P P 200 P 200 P 200 S S S P P P P 200 P 200 P 200 S S S P P P P 200 P 200 P 200 S S S P P P P 200 P 200 P 200 S S S P P P P 200 P 200 P 200 I 200 I 200 I 200 A A A A B B B B 200 B 200 B 200
542,I T I 407 A I I T I 500 T I T A I T S S S P P P P P 200 P 200 P 200 P 200 I 480 A I 480 A I 480 A
543,I T I T I 500 A I T I T I T R R R R P P P P P 200 P 200 P 200 P 200 I 200 I 200 I 200 I 200 A A A A I T I I T T I I 200 I 200 I 200 I 200 A A A A I T I T I T I I 200 I 200 I 200 I 200 A A A A B B B B B 200 B 200 B 200 B 200
544,I T I T I 500 A I T I T S S S P P P P 200 S P 200 S P 200 S P P P P 200 P 200 P 200 R R R P P P P 200 P 200 P 200 I 200 I 200 I 200 A A A A U U U U 200 U 200 U 200 U 200 B B B B 200 B 200 B 200
545,I T I T I 500 A I T I T S S S P P P P P 200 P 200 P 200 P 200 C C C 200 C C 200 C 200 I 487 A I 487 A I 487 A
546,I T I T I 500 A I T I T I 500 A I T I T I T R R R R R P P P P P P 200 P 200 P 200 P 200 P 200 I 200 I 200 I 200 I 200 I 200 A A A A A U U U U 200 U 200 U 200 U 200 B B B B B 200 B 200 B 200 B 200
547,I T I T I 500 I I T I T T R A R R R P P P P P 200 P 200 P 200 P 200 I 200 I 200 I 200 I 200 A A A A B B B B B B B 200 B 200 B 200 B 200 B 200 B 200
548,I T I T I 500 A I T I T I 500 A I T I T I T R R R R R P P P P P P 200 P 200 P 200 P 200 P 200 C C 200 C C 200 C C C 200 C C 200 I 487 C 200 A I 487 A I 487 A I 487 A I 487 A
549,I T I T I 500 A I T I 500 I A T I T I T S S S S P P P P P 200 S P 200 S P 200 P 200 S S P P P P P 200 S P 200 S P 200 S P 200 S P P P P P 200 P 200 P 200 P 200 R R R R P P P P P 200 P 200 P 200 P 200 I 200 I 200 I 200 I 200 A A A A B B B B B 200 B 200 B 200 B 200
550,I T I 407 A I I T T I 500 A I T I T I 480 A I 480 A I 480 A
551,I T I T I 500 A I T I T S S S P P P P 200 P 200 P 200 R R R P P P P 200 P 200 P 200 I 200 I 200 I 200 A A A A U U U U 200 U 200 U 200 U 200 U U U 200 U 200 U U U 200 U 200 U U U 200 U 200 U U U 200 U 200 B B B B 200 B 200 B 200
552,I T I T I 500 I T I 486 I 486 A A A
553,I T I T I 500 A I T I T S S S P P P P 200 P 200 P 200 R R R P P P P 200 P 200 P 200 W W W I 486 A I 486 A P I 486 A
554,I T I T I 500 A I T I W T W I T R R R R P P P P P 200 P 200 P 200 P 200 I 200 I 200 I 200 I 200 A A A A B B B B B 200 B 200 B 200 B 200
555,I T I 407 A I T I T I 500 A I T I T S S S P P P P P 200 P 200 P 200 P 200 R R R P P P P P 200 P 200 P 200 P 200 I 200 I 200 I 200 A A A A I I T I T I 200 I 200 T I 200 A A A A B B B B B 200 B 200 B 200 B 200
556,I T I T I 500 A I T I T S S S P P P P 200 S S P 200 P 200 S P P P P 200 R R P 200 P 200 R P P P P 200 P 200 P 200 I 200 I 200 I 200 A A A A U U U 200 U 200 U U U 200 U 200 U U U 200 U 200 U U U 200 U 200 B B B B 200 B 200 B 200
557,I T I T I 500 A I T I T I T R R R R P P P P P 200 P 200 P 200 P 200 C C 200 C C 200 I 487 A I 487 A W W R R P P P 200 P 200 I 200 I 200 A A B B B 200 B 200
558,I I T I 500 A I T I T T R R R P P P P 200 P P 200 P 200 P 200 I 480 I 480 A A I 480 A
559,I T I T I 500 A I T I T S S S P P P P P 200 R P 200 R P 200 P 200 R P P P P P 200 P 200 P 200 P 200 C C 200 C C 200 C C 200 I 487 A I 487 A I 487 A
560,I I T T I 500 A I T I T I 500 A I T I T I T R R R R R P P P P P P 200 P 200 P 200 P 200 P 200 I 200 I 200 I 200 I 200 I 200 A A A A A U U U 200 U 200 U U 200 U 200 U U U U 200 U 200 U U 200 U 200 U U 200 B B B B B B 200 B 200 B 200 B 200 B 200
561,I T I 407 A I T I T I 500 A I T I T S S S P P P P P 200 S P 200 S P 200 P 200 S P P P P P 200 S S P 200 P 200 P 200 S P P P P P 200 P 200 P 200 P 200 R R R P P P P P 200 P 200 P 200 P 200 I 200 I 200 I 200 A A A A U U U 200 U 200 U U U 200 U 200 B B B B 200 B B 200 B 200 B 200
562,I T I 407 A I T I T I 500 I T A I T S S S P P P P P 200 R P 200 R P 200 P 200 R P P P P P 200 P 200 P 200 P 200 C C C 200 C C 200 I 487 A I 487 A C 200 I 487 A
563,I T I T I 500 A I T I T I T I 408 A I 408 A S S P P P 200 P 200 C C 200 C C 200 I 408 A I 408 A
564,I T I 407 A I I T T I 500 A I T I T R R R P P P P P 200 P 200 P 200 P 200 C C 200 C C 200 C C 200 I 487 A I 487 A I 487 A
565,I T I T I 500 A I T I T I T R R R R P P P P P 200 P 200 P 200 P 200 I 200 I 200 I 200 I 200 A A A A U U U U 200 U 200 U 200 U 200 U U U 200 U 200 U U 200 U 200 U U U 200 U 200 U U U 200 U 200 U U U 200 U 200 U U U 200 U 200 U U U 200 U 200 U U U 200 U 200 U U U 200 U 200 U U U 200 U 200 U U U 200 U 200 U U U 200 U 200 U U U 200 U 200 U U U 200 U 200 B B B B B 200 B 200 B 200 B 200
566,I T I T I 500 I T A I T I 486 A I 486 A I 486 A
567,I T I 407 A I T I T I 500 A I T I T R R R P P P P 200 P 200 P 200 I 480 A I 480 A I 480 A
568,I T I 407 A I I T I 500 A T I T I T S S S P P P P 200 P 200 P 200 R R R P P P P 200 P 200 P 200 I 200 I 200 I 200 A A A A U U U U 200 U 200 U 200 U 200 B B B B 200 B 200 B 200
569,I T I 407 A I T I T I 500 A I T I T S S S P P P P 200 P 200 P 200 R R R P P P P 200 P 200 P 200 I 200 I 200 I 200 A A A A U U U 200 U 200 U U 200 U 200 B B B B 200 B 200 B 200
570,I T I T I T R R P P P 200 P 200 R R P P P 200 P 200 C C 200 C C 200 C C 200 I 487 A I 487 I 487 A A
571,I T I T I 500 A I T I T S S S P P P P P 200 S P 200 S P 200 P 200 S P P P P P 200 S P 200 S P 200 P 200 S P P P P P 200 R P 200 R P 200 R P 200 P P P P P 200 P 200 P 200 P 200 I 200 I 200 I 200 A A A A B B B B 200 B 200 B 200
572,I T I 407 A I I T T I 500 A I T I T S S S P P P R P 200 P 200 R P 200 R P P P P 200 P 200 P 200 I 200 I 200 I 200 A A A A B B B B 200 B 200 B 200
573,I I T T I 500 A I T I T S S S P P P P P 200 P 200 P 200 P 200 S S S P P P P P 200 P 200 P 200 P 200 S S S P P P P P 200 P 200 P 200 P 200 C C C 200 C 200 C C 200 I 487 A I 487 A I 487 A
574,I T I T I 500 A I T I T I T R R R R P P P P P 200 P 200 P 200 P 200 C C C 200 C 200 C C 200 C C 200 I 487 A I 487 A I 487 A I 487 A
575,I T I T I 500 A I T I T I T R R R R P P P P P 200 P 200 P 200 P 200 C C 200 C C 200 C C 200 C C 200 I 487 I 487 A A I 487 A I 487 A
576,I T I T I 500 A I T W W I T I T S S S S P P P P P 200 P 200 P 200 P 200 I 486 A I 486 A I 486 A I 486 A
577,I T I T I 500 I T W W I T A I T R R R R P P P P P 200 P 200 P 200 P 200 I 200 I 200 I 200 I 200 A A A A B B B B B 200 B 200 B 200 B 200
578,I T I 407 A I T I T I 500 A I T I T S S S P P P P P 200 S P 200 S P 200 P 200 S P P P P P 200 P 200 P 200 P 200 R R R P P P P P 200 P 200 P 200 P 200 I 200 I 200 I 200 A A A A B B B B B 200 B 200 B 200 B 200
579,I T I 407 A I I T I 500 A T I T I T S S S P P P P P 200 P 200 P 200 P 200 C C C 200 C C 200 C 200 I 487 A I 487 A I 487 A
580,I T I 407 A I T I T I 500 A I T I T R R R P P P P 200 P 200 P 200 I 200 I 200 I 200 A A A A U U U 200 U 200 U U U 200 U 200 U U U 200 U 200 U U U 200 U 200 B B B B 200 B 200 B 200
581,I T I T I 500 A I T I T S S S P P P P P 200 P 200 P 200 P 200 S S S P P P P P 200 P 200 P 200 P 200 R R R C C 200 C C 200 C C 200 I 487 A I 487 A I 487 A
582,I T I T I 500 A I T I T I T I T R R R R P P P P I 482 A P P 200 P 200 P 200 P 200 I 200 I 200 I 200 I 200 A A A A B B B B B 200 B 200 B 200 B 200
583,I T I T I 500 A I T W W I T I T S S S S P P P P P 200 P 200 P 200 S P 200 S S S P P P P P 200 S P 200 P 200 P 200 S S S P P P P P 200 P 200 P 200 P 200 R R R R P P P P P 200 P 200 P 200 P 200 I 200 I 200 I 200 I 200 A A A A B B B B B 200 B 200 B 200 B 200
584,I T I T I 500 A I T I T S S S P P P P P 200 P 200 P 200 P 200 I 200 I 200 I 200 A A A A U U U 200 U 200 U U U 200 U 200 U U U 200 U 200 U U U 200 U 200 U U U 200 U 200 U U U 200 U 200 B B B B B 200 B 200 B 200 B 200
585,I T I T I 500 A I T I T S S S P P P P P 200 P 200 P 200 P 200 R R R P P P P P 200 P 200 P 200 P 200 I 200 I 200 I 200 A A A A B B B B 200 B 200 B 200
586,I T I T I 500 A I T I T S S S P P P P 200 P 200 P 200 S S S P P P P 200 P 200 P 200 R R R P P P P 200 P 200 P 200 S S S P P P P 200 P 200 P 200 S S S P P P P 200 P 200 P 200 S S S P P P P 200 P 200 P 200 I 200 I 200 I 200 A A A A B B B B 200 B 200 B 200
587,I T I 407 A I I T T I 500 A I T I T S S S P P P P P 200 P 200 P 200 P 200 R R R P P P P P 200 P 200 P 200 P 200 I 200 I 200 I 200 A A A A I T I T I T I 200 I 200 I 200 A A A A B B B B 200 B 200 B 200
588,I T I T I 500 A I T I T R R R I 200 I 200 P I 200 P P P 200 P 200 A P 200 A A A B B B B 200 B 200 B 200
589,I T I T I 500 A I T I T S S S P P P P P 200 P 200 P 200 P 200 S S S P P P P P 200 P 200 P 200 P 200 I 200 I 200 I 200 A A A A U U U 200 U 200 U U U 200 U 200 B B B B 200 B 200 B 200
590,I T I T I 500 A I T I T I T R R R R P P P P P 200 P 200 P 200 P 200 I 200 I 200 I 200 I 200 A A A A I T I 407 A I T I T I T I T I 200 I 200 I 200 I 200 A A A A B B B B B 200 B 200 B 200 B 200
591,I T I T I 500 A I T I T I T R R R R P P P P P 200 P 200 P 200 P 200 I 200 I 200 I 200 I 200 I 200 I 200 A A A A B B B B B 200 B 200 B 200 B 200
592,I T I 407 A I T I T I 500 A I T I T S S S P P P P P 200 P 200 P 200 P 200 R R R P P P P P 200 P 200 P 200 P 200 I 200 I 200 I 200 A A A A U U U U 200 U 200 U 200 U 200 B B B B 200 B 200 B 200
593,I T I 407 A I I T I 500 A I T T I T I 486 A I 486 A I 486 A
594,I T I 407 A I T I T I 500 A I T I T R R R P P P P 200 P 200 P 200 I 200 I 200 I 200 A A A A U U U 200 U 200 U U U 200 U 200 B B B B 200 B 200 B 200
595,I I T I 500 A I T T I T R R R P P P P 200 P 200 P 200 I 200 I 200 I 200 A A A A B B B B B 200 B 200 B 200 B 200
596,I T I T I 500 A I T I T I T I T R R R R P P P P R R R R P P P P 200 P P 200 P 200 P 200 P 200 P 200 P 200 P 200 I 200 I 200 C I 200 I 200 A C 200 A A A I 487 A B B B B B 200 B 200 B 200 B 200
597,I I T I 500 A T I T I T S S S P P P P 200 R R P 200 P 200 R P P P P 200 P 200 P 200 C C 200 C C 200 C C 200 I 487 A I 487 A I 487 A
598,I T I 407 A I T I T I 500 A I T I T S S S P P P P P 200 P 200 P 200 P 200 S S S P P P P P 200 P 200 P 200 P 200 R R R I 200 I 200 I 200 A A A A B B B B 200 B 200 B 200
599,I T I 407 A I T I T I 500 A I T I T R R R P P P P P 200 P 200 P 200 P 200 I 200 I 200 I 200 A A A A U U U 200 U 200 U U U 200 U 200 B B B B 200 B 200 B 200
600,I T I T I 500 A I T W I W T I T S S S S P P P P P 200 S S P 200 P 200 S P 200 S P P P P P 200 S P 200 S P 200 S P 200 S P P P P P 200 P 200 P 200 P 200 R R R R P P P P P 200 P 200 P 200 P 200 C C 200 C C 200 C C C 200 C 200 I 487 A I 487 A I 487 I 487 A A
601,I T I T I 500 A I T I T I T R I 488 R A I 488 R A R I 488 A I 488 P P 481 A C C 200
602,I T I T I 500 A I T I T R R R P P P P P 200 P 200 P 200 P 200 C C 200 C C 200 C C 200 I 487 A I 487 A I 487 A
603,I T I T I 500 A I T I T S S S P P P P 200 P 200 P 200 S S S P P P P 200 P 200 P 200 R R R P P P P 200 P 200 P 200 I 200 I 200 I 200 A A A A U U U 200 U 200 U U U 200 U 200 U U U 200 U 200 U U U 200 U 200 U U U 200 U 200 U U U 200 U 200 U U U 200 U 200 U U U 200 U 200 U U U 200 U 200 U U U 200 U 200 B B B B 200 B 200 B 200
604,I T I 407 A I T I T I 500 A I T I T I 200 I 200 I 200 A A A A I T I T I T I 200 I 200 I 200 A A A A B B B B B 200 B 200 B 200 B 200
605,I T I T I 500 A I T I T I 200 I 200 I 200 I 200 I 200 A A A A I 200 A A B B B B 200 B 200 B 200
606,I T I T I 500 A I T I T I T R R R R P P P P P 200 P 200 P 200 P 200 I 200 I 200 I 200 I 200 A A A A U U U U U 200 U 200 U 200 U 200 U U U U 200 U 200 U 200 U 200 U U U 200 U 200 U U U 200 U 200 B B B B B 200 B 200 B 200 B 200
607,I T I T I 500 A I T I T S S S P P P P P 200 P 200 P 200 P 200 S S S P P P P P 200 P 200 P 200 P 200 S S S P P P P P 200 P 200 P 200 P 200 R R R P P P P P 200 P 200 P 200 P 200 C C C 200 C C 200 I 487 A I 487 A C 200 I 487 A
608,I I T T I 500 A I T I T S S S P P P P P 200 S P 200 S P 200 P 200 S P P P P P 200 S S P 200 P 200 P 200 S P P P P P 200 P 200 P 200 P 200 R R R P P P P P 200 P 200 P 200 P 200 I 200 I 200 I 200 A A A A B B B B B 200 B 200 B 200 B 200
609,I I T T I 500 A I T I T S S S P P P P 200 P 200 P 200 C C C 200 C C 200 C 200 I 487 A I 487 A I 487 A
610,I T I 407 A I T I T I 500 A I T I T S S S P P P P P 200 P 200 P 200 P 200 R R R P P P P P 200 P 200 P 200 P 200 I 200 I 200 I 200 A A A A B B B B 200 B 200 B 200
611,I T I T I 500 A I T I T R R R P P P P 200 P 200 P 200 C C C 200 C C 200 I 487 A I 487 A C 200 I 487 A
612,I T I T I 500 A I T I T I T R R R R P P P P P 200 P 200 P 200 P 200 I 200 I 200 I 200 I 200 A A A A I T I 407 A I T I T I T I T I 200 I 200 I 200 I 200 A A A A I T I T I T I T I 200 I 200 I 200 I 200 A A A A B B B B B 200 B 200 B 200 B 200
613,I T I T I 500 A I T I T S S S P P P P P 200 R P 200 R P 200 P 200 R P P P P P 200 P 200 P 200 P 200 S S S P P P P P 200 P 200 P 200 P 200 U U U U 200 U 200 U 200 I 200 I 200 I 200 A A A A B B B B 200 B 200 B 200
614,I T I T I 500 A I T I T I 500 I A T I T I T R R R R R P P P P P P 200 P 200 P 200 P 200 P 200 I 200 I 200 I 200 I 200 I 200 A A A A A B B B B B B 200 B 200 B 200 B 200 B 200
615,I T I 407 A I T I T I 500 A I T I T S S S P P P P P 200 P 200 P 200 P 200 I 200 I 200 I 200 A A A A B B B B 200 B 200 B 200
616,I T I T I 500 I T A I T S S S P P P P P 200 R R P 200 P 200 R P P 200 P P P P 200 P 200 P 200 P 200 I 200 I 200 I 200 A A A A B B B B B 200 B 200 B 200 B 200
617,I I T T I 500 A I T I T S S S P P P P 200 R P 200 R P 200 R P P P P 200 P 200 P 200 S S S P P P P 200 P 200 P 200 U U U U 200 U 200 U 200 I 200 I 200 I 200 A A A A B B B B 200 B 200 B 200
618,I I T T R R P P P 200 P 200 I 200 I 200 A A B B B 200 B 200
619,I I T I 500 A T I T I T W W W P P P P P 200 S S P 200 P 200 P 200 S P P P P P 200 I 200 P 200 I 200 P 200 P 200 I 200 A A A A B B B B B 200 B 200 B 200 B 200
620,I T I 407 A I T I T I 500 A I T I T R R R P P P P 200 P 200 P 200 I 200 I 200 I 200 A A A A U U U 200 U 200 U U U 200 U 200 U U U 200 U 200 U U U 200 U 200 U U U 200 U 200 U U U 200 U 200 U U U 200 U 200 U U U 200 U 200 U U U 200 U 200 U U U 200 U 200 B B B B 200 B 200 B 200
621,I T I 407 A I T I T I 500 A I T I T I 200 I 200 I 200 A A A A U U U 200 U U 200 U 200 U 200 B B B B 200 B 200 B 200
622,I T I T I 500 A I T S S P P P 200 P 200 I 603 A I 603 A
623,I I T I 500 A I T I T T R R R R R P P P P 200 P 200 P 200 S S S P P P P 200 P 200 P 200 S S S P P P P 200 P 200 P 200 C C C 200 C C 200 I 487 A I 487 A C 200 I 487 A
624,I T I 407 A I T I T I 500 A I T I T S S S P P P P P 200 P 200 P 200 P 200 C C C 200 C C 200 I 487 A I 487 A C 200 I 487 A
625,I T I 407 A I I T I 500 A I T I T T R R R P P P P 200 P 200 P 200 I 200 I 200 I 200 A A A A B B B B 200 B 200 B 200
626,I T I 407 A I T I T I 500 A I T I T S S S P P P P 200 P 200 P 200 R R R P P P P 200 P 200 P 200 W W W P P P P 200 P 200 P 200 S S S P P P P 200 P 200 P 200 S S S P P P P 200 P 200 P 200 I 200 I 200 I 200 A A A A B B B B 200 B 200 B 200
627,I T I T I 500 I I T I A T T R R R R P P P P P 200 P 200 P 200 P 200 I 200 I 200 I 200 I 200 A A A A B B B B B 200 B B 200 B 481 B 200 B 200
628,I I T I 500 A T I T I T S S S P P P P P 200 P 200 P 200 P 200 C C C 200 C C 200 C 200 I 487 A I 487 A I 487 A
629,I T I T I 500 A I T I T S S S S P S P P P P 200 I 200 P 200 P 200 P 200 I 200 I 200 A A A A B B B B B 200 B 200 B 200 B 200
630,I T I T I 500 A I T I T I T I T R R R R P P P P P 200 P 200 P 200 P 200 I 200 I 200 C I 200 I 200 C 200 A I 487 A A A A B B B B B 200 B 200 B 200 B 200
631,I T I T I 500 A I T I T R R R P P P P 200 P 200 P 200 I 200 I 200 I 200 A A I 200 I 200 A A A A B B B B 200 B 200 B 200
632,I T I T I 500 A I T I T I 500 A I I T I T T R R R R R P P P P P P 200 P 200 P 200 P 200 P 200 I 200 I 200 I 200 I 200 I 200 A A A A A B B B B B B 200 B 200 B 200 B 200 B 200
633,I T I T I 500 A I T I T I T R R R R P P P P P 200 P 200 P 200 P 200 I 200 I 200 I 200 I 200 A A A A U U U 200 U 200 U U U 200 U 200 U U U U 200 U 200 U 200 U 200 U U U 200 U 200 U U U 200 U 200 U U U 200 U 200 U U U 200 U 200 B B B B B 200 B 200 B 200 B 200
634,I T I T I 500 A I T I T I T R R R R P P P P P 200 P 200 P 200 P 200 I 200 I 200 I 200 I 200 A A A A U U U U 200 U 200 U 200 U 200 U U U 200 U 200 U U U 200 U 200 U U U 200 U 200 U U U 200 U 200 U U U 200 U 200 U U U 200 U 200 U U U 200 U 200 U U U 200 U 200 U U U 200 U 200 U U U 200 U 200 U U U 200 U 200 U U U 200 U 200 U U U 200 U 200 U U U 200 U 200 U U U 200 U 200 U U U 200 U 200 I T I T I T I I 200 I 200 I 200 I 200 A A A A B B B 200
635,I T I T I 500 A I T I T I T R R R R P P P P P 200 P 200 P 200 P 200 I 200 I 200 I 200 I 200 A A A A U U U U U 200 U 200 U 200 U U U U 200 U 200 U 200 U 200 B B B B B 200 B 200 B 200 B 200
636,I I T I 500 A I T T I T S S S P P P P P 200 P 200 P 200 P 200 S S S P P P P P 200 P 200 P 200 P 200 R R R P P P P P 200 P 200 P 200 P 200 C C 200 C C 200 C C 200 I 487 A I 487 A I 487 A
637,I T I T I 500 A I T I T W W W P P P P P 200 P 200 P 200 P 200 I 486 A I 486 A I 486 A
638,I T I T I 500 A I T I T S S S P P P P P 200 P 200 P 200 P 200 I 200 I 200 I 200 A A A A B B B B 200 B 200 B 200
639,I I T I 500 T A I T I 500 A I T I T I T R R R R P P P P P 200 P 200 P 200 P 200 I 200 I 200 I 200 I 200 A A A A B B B B B 200 B 200 B 200 B 200
640,I T I T I 500 A I T I 500 A I T I T I T S S S S P P P P P 200 P 200 P 200 P 200 I 200 I 200 I 200 I 200 A A A A U U U 200 U U 200 U 200 U 200 B B B B B 200 B 200 B 200 B 200
641,I I T T I 500 A I T I T S S S P P P P P 200 S P 200 S P 200 P 200 S P P P P P 200 P 200 P 200 P 200 R R R P P P P P 200 P 200 P 200 P 200 I 200 I 200 I 200 A A A A U U U 200 U 200 U U U 200 U 200 U U U 200 U 200 U U U 200 U 200 B B B B 200 B 200 B 200
642,I T I T I 500 A I T I T S S S P P P P 200 P 200 P 200 I 486 A I 486 A I 486 A
643,I T I T I 500 A I T I T S S S P P P P P 200 S S P 200 P 200 P 200 S P P P P P 200 S S P 200 P 200 S P 200 P P P P P 200 P 200 P 200 R R P 200 R P P P P P 200 P 200 P 200 P 200 S S S P P P P P 200 P 200 P 200 P 200 S S S P P P P P 200 P 200 P 200 P 200 S S S P P P P P 200 P 200 P 200 P 200 C C C 200 C C 200 I 487 A I 487 A C 200 I 487 A
644,I T I T I 500 A I T I T I 500 A I T I T I T R R R R R P P P P P P 200 P 200 P 200 P 200 P 200 I 200 I 200 I 200 I 200 I 200 A A A A A U U U U 200 U 200 U 200 U U 200 U U U U 200 U 200 U U 200 U 200 U 200 U U U 200 U 200 U U U 200 U 200 U U 200 B B B B B 200 B 200 B 200 B 200
645,I T I T I 500 A I T I T R R R P P P 200 P 200 P 200 P I 200 I 200 I 200 A A A A U U U 200 U U 200 U 200 U 200 B B B B 200 B 200 B 200
646,I I T I 500 A T I T I T S S S P P P P P 200 P 200 P 200 P 200 S S S P P P P P 200 P 200 P 200 P 200 I 200 I 200 I 200 A A A A B B B B 200 B 200 B 200
647,I T I T I 500 A I T I T I 200 I 200 I 200 A A A A U U U 200 U U 200 U 200 U 200 B B B B 200 B 200 B 200
648,I T I T I 500 A I T I T I T R R R R P P P P P 200 P 200 P 200 P 200 I 200 I 200 I 200 I 200 A A A A U U U U 200 U 200 U 200 U 200 U U U U 200 U 200 U 200 U 200 U U U U 200 U 200 U 200 U 200 U U U 200 U 200 U U U 200 U 200 B B B B B 200 B 200 B 200 B 200
649,I T I T I 500 A I T I T S S S P P P P 200 P 200 P 200 R R R P P P P 200 P 200 P 200 I 200 I 200 I 200 A A A A U U U U 200 U 200 U 200 U 200 B B B B 200 B 200 B 200
650,I T I T I 500 A I T I T R R R P P P P 200 S P 200 S P 200 S P P P P 200 P 200 P 200 S S S P P P P 200 P 200 P 200 I 200 I 200 I 200 A A A A U U U 200 U 200 U U U 200 U 200 B B B B 200 B 200 B 200
651,I T I T I 500 A I T I T R R R P P P P 200 P 200 P 200 I 200 I 200 I 200 A A A A U U U 200 U 200 U U 200 U 200 U U U 200 U 200 U U U 200 U 200 B B B B B 200 B 200 B 200 B 200
652,I I T T I 500 A I T I T S S S S S P P P P P 200 R P 200 R P 200 P 200 R P P P P P 200 P 200 P 200 P 200 I 200 I 200 I 200 A A A A B B B B 200 B 200 B 200
653,I T I T I 500 A I T I T S S S P P P P P 200 P 200 P 200 P 200 S S S P P P P P 200 P 200 P 200 P 200 C C 200 C C 200 C C 200 I 487 A I 487 A I 487 A
654,I T I T S S P P P 200 P 200 S S P P P 200 S S P 200 P P P 200 P 200 R R P P P 200 P 200 I 480 A I 480 A
655,I T I T I 500 A I T I T R R R R R R P P P P P 200 P 200 P 200 P P 482 P 200 I 200 I 200 I 200 A A A A B B B B 200 B 200 B 200
656,I T I 407 A I T I T I 500 A I T I T I 500 A I T I T I T R R R R R P P P P P P 200 P 200 P 200 P 200 P 200 C C 200 C C 200 C C 200 C C 200 C C 200 I 487 A I 487 A I 487 A I 487 A I 487 A
657,I T T I S S P P P 200 P 200 I 200 I 200 A A B B B 200 B 200
658,I T I 407 A I T I T I 500 A I T I T R R R P P P P 200 P 200 P 200 I 200 I 200 I 200 A A A A I T I T I I 200 I 200 I 200 A A A B B B B 200 B 200 B 200
659,I T I T I 500 A I T I T I T R R R R P P P P P 200 P 200 P 200 P 200 I 200 I 200 I 200 I 200 A A A A U U U U 200 U 200 U 200 U 200 U U U U 200 U 200 U 200 U 200 B B B B B 200 B 200 B 200 B 200
660,I T I 407 A I T I T I 500 A I T I T S S S P P P P P 200 S S P 200 P 200 P 200 S P P P P P 200 S P 200 S P 200 P 200 S P P P P P 200 P 200 P 200 P 200 S S S P P P P P 200 P 200 P 200 P 200 C C 200 C C 200 C C 200 I 487 A I 487 A I 487 A
661,I T I T I 500 A I T I T R R R P P P P 200 P 200 P 200 I 200 I 200 I 200 A A A A U U U 200 U 200 U U U 200 U 200 B B B B B 200 B 200 B 200 B 200
662,I T I T I 500 A I T I T S S S P P P P P 200 I 200 P 200 I 200 P 200 P 200 I 200 A A A A B B B B 200 B 200 B 200
663,I T I 407 A I I T I 500 A T I T I T R R R P P P P 200 P 200 P 200 S S S P P P P 200 P 200 P 200 I 200 I 200 I 200 A A A A B B B B 200 B 200 B 200
664,I T I T I 500 A I T I T I T R R R R P P P P P 200 P 200 P 200 P 200 I 200 I 200 I 200 I 200 A A A A I T I T I T I I 200 I 200 I 200 I 200 A A A A I T I 407 A I T I T I T I T I 200 I 200 I 200 I 200 A A A A I I T I T T I T I 200 I 200 I 200 I 200 A A A A B B B B B 200 B 200 B 200 B 200
665,I T I 407 A I I T I 500 A I T I T T S S S P P P P P 200 R P 200 R P 200 P 200 R P P P P P 200 P 200 P 200 P 200 I 200 I 200 I 200 A A A A B B B B B 200 B 200 B 200 B 200
666,I T I T I 500 I T A I T I 484 A I 484 A I 484 A
667,I T I T I 500 A I T I T I 500 A I T I T I T R R R R R P P P P P P 200 P 200 P 200 P 200 P 200 I 200 I 200 I 200 I 200 I 200 A A A A A U U U U 200 U 200 U U 200 U 200 U U U U 200 U 200 U 200 U 200 B B B B B B 200 B 200 B 200 B 200 B 200
668,I T I 407 A I I T T I 500 A I T I T R R R P P P P 200 P 200 P 200 I 200 I 200 I 200 A A A A B B B 200 B 200 B 200 B
669,I T I 407 A I I T T I 500 A I T I T R R R P P P P P 200 P 200 P 200 P 200 I 200 I 200 I 200 A A A A U U U U 200 U 200 U 200 U 200 B B B B 200 B 200 B 200
670,I I T T I 500 A I T I T R R R P P P P 200 P P 200 P 200 P 200 I 200 I 200 I 200 A I 200 A I 200 A A B B B B 200 B 200 B 200
671,I T I 407 A I I T T I 500 A I T I T R R R R R P P P P 200 P 200 P 200 R R R P P P P 200 P 200 P 200 I 200 I 200 I 200 A A A A B B B B 200 B 200 B 200
672,I T I 407 A I T I T I 500 A I T I T I 500 A I T I 486 A I 486 A S P P 200 C C 200 I 487 A
673,I T I T I 500 A I T I T S S S P P P P P 200 P 200 P 200 P 200 S S S P P P P P 200 P 200 P 200 P 200 I 200 I 200 I 200 A A A A I T I T I T I 200 I 200 I 200 A A I 200 A A I 200 A A I I T I T I 200 I 200 T I 200 A A A A B B B B 200 B 200 B 200
674,I T I T I 500 A I T I T S S S P P P P P 200 P 200 P 200 P 200 R R R P P P P P 200 P 200 P 200 P 200 I 200 I 200 I 200 A A A A U U U U 200 U 200 U 200 U 200 B B B B B 200 B 200 B 200 B 200
675,I T I 407 A I T I T I 500 A I T I T S S S P P P P 200 R R P 200 P 200 R P P P P 200 P 200 P 200 C C 200 C C 200 C C 200 I 487 A I 487 A I 487 A
676,I T I 407 A I I T I 500 A T I T I T I 500 A I T I T I T R R R R R P P P P P P 200 P 200 P 200 P 200 P 200 C C 200 C C 200 C C 200 C C 200 C C 200 I 487 A I 487 A I 487 A I 487 A I 487 A
677,I I T I 500 A I T I T T R R R P P P P 200 P 200 P 200 C C 200 C C 200 C C 200 I 487 A I 487 A I 487 A
678,I I T I 500 A T I T I T S S S P P P P 200 P 200 P 200 R R R P P P P 200 P 200 P 200 I 200 I 200 I 200 A A A A U U U U 200 U 200 U 200 U 200 U U U 200 U 200 U U U 200 U 200 B B B B 200 B 200 B 200
679,I T I 407 A I I T T I 500 A I T I T R R R P P P P 200 S S P 200 P 200 S P P P P 200 P 200 P 200 I 200 I 200 I 200 A A A A B B B B 200 B 200 B 200
680,I T I T I 500 A I T I T W W W P P P P 200 P 200 P 200 R R R P P P P 200 P 200 P 200 I 200 I 200 I 200 A A A A B B B B 200 B 200 B 200
681,I T I T I 500 A I T I T S S S P P P P 200 R P 200 R P 200 R P P P P 200 P 200 P 200 I 200 I 200 I 200 A A A A B B B B 200 B 200 B 200
682,I T I T I 500 A I T I T I T I 200 I 200 I 200 I 200 A A A A B B B B B 200 B 200 B 200 B 200
683,I T I 407 A I T I T I 500 A I T I T I 500 I A T I 486 A I 486 A S P P P 200 P 200 C C 200 I 487 A
684,I T I T I 500 A I T I T R R R P P P P P 200 S S P 200 P 200 P 200 S P P P P P 200 I 200 P 200 I 200 P 200 P 200 I 200 A A A A U U U 200 U U 200 U 200 U U U 200 U 200 U U U 200 U 200 U U U 200 U 200 U U U 200 U 200 B B B B 200 B 200 B 200
685,I I T T I 500 A I T I T S S S P P P P 200 P 200 P 200 S S S P P P P 200 P 200 P 200 R R R P P P P 200 P 200 P 200 I 200 I 200 I 200 A A A A B B B B 200 B 200 B 200
686,I I T T I 500 A I T I T S S S P P P P 200 P 200 P 200 S S S P P P P 200 P 200 P 200 S S S P P P P 200 P 200 P 200 S S S P P P P 200 P 200 P 200 C C 200 C C 200 C C 200 I 487 A I 487 A I 487 A
687,I T I T I 500 A I T I T I T R R R R P P P P P 200 P 200 P 200 P 200 I 200 I 200 I 200 I 200 A A A A B B B B B B 200 B B 200 B 481 B 481 B 200 B 200
688,I T I T I 500 A I T I T S S S P P P P S S P 200 P 200 P 200 P 200 S P P P P P 200 P 200 P 200 P 200 R R R P P P P P 200 P 200 P 200 P 200 I 200 I 200 I 200 A A A A U U U 200 U 200 U U U 200 U 200 U U U 200 U 200 U U U 200 U 200 U U U 200 U 200 U U U 200 U 200 B B B B 200 B 200 B 200
689,I T I T I 500 A I T I T I T R R R R P P P P P 200 P 200 P 200 P 200 I 200 I 200 I 200 I 200 A A A A I T I T I T I I 200 I 200 I 200 I 200 A A A A U U U 200 U 200 U U U 200 U 200 B B B B B 200 B 200 B 200 B 200
690,I T I T I 500 A I T I T R R R P P P P P 200 I 200 I 200 P 200 P 200 I 200 A P 200 A A A I T I T I T I 200 I 200 I 200 A A A A B B B B B 200 B 200 B 200 B 200
691,I T I T I 500 A I I T I T T R R R R P P P P P 200 P 200 P 200 P 200 I 200 I 200 I 200 I 200 A A A A U U U U 200 U 200 U 200 U 200 B B B B B 200 B 200 B 200 B 200
692,I T I 407 A I T I T I 500 A I T I T S S S P P P P P 200 P 200 P 200 P 200 R R R P P P P P 200 P 200 P 200 P 200 I 200 I 200 I 200 A A A A U U U 200 U 200 U U 200 U 200 B B B B B 200 B 200 B 200 B 200
693,I T I T I 500 A I T I T I T I 408 A I 408 A S S P P P 200 P 200 I 408 A I 408 A
694,I I T I 500 A I T I T T R R R P P P P P 200 P 200 P 200 P 200 I 200 I 200 I 200 A A A A U U U 200 U 200 U U U 200 U 200 U U U 200 U 200 U U U 200 U 200 B B B B B 200 B 200 B 200 B 200
695,I T I T I 500 A I T I T I T R R R R P P P P P 200 P 200 P 200 P 200 I 200 I 200 I 200 I 200 A A A A I T I 407 A I T I T I T I T I 488 A I 488 I 488 A A I 488 A I T I T I T I T I 200 I 200 I 200 I 200 A A A A B B B B B 200 B 200 B 200 B 200
696,I T I T I 500 A I T I T R R R P P P P 200 P 200 P 200 R R R P P P P 200 R P 200 R P 200 R P P P P 200 P 200 P 200 I 200 I 200 I 200 A A A A I T I T I I 200 I 200 I 200 A A A B B B B 200 B 200 B 200
697,I T I T I 500 A I T T I S S S P P P P P 200 P 200 P 200 P 200 S S S P P P P P 200 P 200 P 200 P 200 R R R P P P P P 200 P 200 P 200 P 200 C C 200 C C 200 C C 200 I 487 A I 487 A I 487 A
698,I T I T I 500 I T I T I A T R R R R P P P P P 200 P 200 P 200 P 200 C C 200 C C 200 C C 200 C C 200 I 487 I 487 A I 487 A I 487 A A
699,I T I T I 500 A I T I T S S S S S P P P P 200 R R P 200 P 200 R P P P P 200 P 200 P 200 C C 200 C C 200 C C 200 I 487 A I 487 A I 487 A
700,I T I T I 500 A I T I T S S S P P P P 200 S S P 200 P 200 S P P P P 200 S S P 200 P 200 S P P P P 200 S P 200 S P 200 S P P P P 200 P 200 P 200 I 200 I 200 I 200 A A A A B B B B 200 B 200 B 200
701,I T I 407 A I T I T I 500 A I T I T S S S P P P P 200 S S P 200 P 200 S P P P P 200 P 200 P 200 S S S P P P P 200 S P 200 S P 200 S P P P P 200 P 200 P 200 S S S P P P P 200 P 200 P 200 S S S P P P P 200 P 200 P 200 C C C 200 C C 200 I 487 A I 487 A C 200 I 487 A
702,I I T T I 500 A I T I T S S S P P P P 200 S S P 200 P 200 S P P P P 200 S S P 200 P 200 S P P P P 200 P 200 P 200 S S S P P P P 200 P 200 P 200 I 200 I 200 I 200 A A A A B B B B B 200 B 200 B 200 B 200
703,I T I T I 500 A I T I T I T R R R R P P P P P 200 P 200 P 200 P 200 C C 200 C C 200 I 487 C C 200 A I 487 A C C 200 I 487 A I 487 A
704,I T I T I 500 I T A S S P P P 200 P 200 I 603 A I 603 A
705,I I T T I 500 A I T I T S S S P P P P 200 P 200 P 200 R R R P P P P 200 P 200 P 200 S S S P P P P 200 P 200 P 200 S S S P P P P 200 P 200 P 200 S S S P P P P 200 P 200 P 200 C C C 200 C C 200 C 200 I 487 A I 487 A I 487 A
706,I I T T I 500 A I T I T I 500 A I 500 A I 500 A
707,I T I T I 500 A I T I T I T R R R R P P P P P 200 P 200 P 200 P 200 I 200 I 200 I 200 I 200 A A A A I T I T I T I I 200 I 200 I 200 I 200 A A A A I T I 407 A I T I T I T I T I 200 I 200 I 200 I 200 A A A A B B B B B 200 B 200 B 200 B 200
708,I T I 407 A I I T T I 500 A I T I T I 404 A I 404 A S P P 200 C C 200 I 404 A
709,I T I T I 500 A I T I T S S S P P P P 200 P 200 P 200 R R R P P P P 200 P 200 P 200 I 200 I 200 I 200 A A A A U U U 200 U 200 U U U 200 U 200 U U U U 200 U 200 U 200 U 200 U U U U 200 U 200 U 200 U 200 B B B B 200 B 200 B 200
710,I I T T I 500 A I T I T R R R P P P P P 200 P 200 P 200 I 200 I 200 P 200 I 200 A A A A B B B B B 200 B 200 B 200 B 200
711,I T I 407 A I T I T I 500 A I T I T S S S P P P P P 200 P 200 P 200 P 200 R R R I 200 I 200 I 200 P P P P P 200 P 200 P 200 P 200 A A A A U U U U 200 U 200 U 200 U 200 U U U U 200 U 200 U U 200 U 200 U U U U 200 U 200 U 200 U 200 U U U 200 U 200 U U U 200 U 200 U U U 200 U 200 U U U 200 U 200 B B B B 200 B 200 B 200
712,I T I 407 A I T I T I 500 A I T I T I 500 A I T I T I T R R R R R P P P P P P 200 P 200 P 200 P 200 P 200 I 200 I 200 I 200 I 200 I 200 A A A A A U U U 200 U 200 U U U 200 U 200 U U 200 B B B B B B 200 B 200 B 200 B 200 B 200
713,I T I T I 500 I I T T I T A R R R R P P P P P 200 P 200 P 200 P 200 I 200 I 200 I 200 I 200 A A A A U U U 200 U 200 U U U 200 U 200 B B B B B 200 B 200 B 200 B 200
714,I T I T I 500 A I T I T S S S P P P P 200 P 200 P 200 I 200 I 200 I 200 A A A A U U U U 200 U 200 U 200 U 200 B B B B 200 B 200 B 200
715,I T I T R R P P P 200 P 200 I 200 I 200 A A U U U 200 U 200 U U U 200 U 200 U U U 200 U 200 U U U 200 U 200 U U U 200 U 200 U U U 200 U 200 U U U 200 U 200 U U U 200 U 200 U U U 200 U 200 U U U 200 U 200 U U U 200 U 200 U U U 200 U 200 U U U 200 U 200 B B B 200 B 200
716,I I T I 500 A I T I T T S S S P P P P 200 P 200 P 200 R R R P P P P 200 P 200 P 200 I 200 I 200 I 200 A A A A U U U U 200 U 200 U 200 U 200 U U U 200 U 200 U U U 200 U 200 B B B B B 200 B 200 B 200 B 200
717,I T I T I 500 I A T I T I T I 200 I 200 I 200 I 200 A A A A B B B B B 200 B 200 B 200 B 200
718,I T I T I 500 A I T I T I T I T R R R R P P P P P 200 P 200 P 200 P 200 I 200 I 200 C I 200 I 200 C 200 C A A A C 200 A I 408 A I 408 A B B B B B 200 B 200 B 200 B 200
719,I T I T I 500 A I T I T R R R P P P P P 200 P 200 P 200 P 200 I 200 I 200 I 200 A A A A U U U 200 U 200 U U 200 U 200 U U U U 200 U 200 U 200 U 200 U U U 200 U 200 U U U 200 U 200 U U U 200 U 200 U U U 200 U 200 U U U 200 U 200 U U U 200 U 200 U U U 200 U 200 U U U 200 U 200 B B B B B 200 B 200 B 200 B 200
720,I T I T I 500 A I I T T I T R R R R P P P P P 200 P 200 P 200 P 200 I 200 I 200 I 200 I 200 A A A A I T I T I T I I 200 I 200 I 200 I 200 A A A A B B B B B 200 B 200 B 200 B 200
721,I T I T I 500 A I T W W I T I T S S S S P P P P P 200 P 200 P 200 P 200 S S S S P P P P P 200 P 200 P 200 P 200 I 200 I 200 I 200 I 200 A A A A I T I T I T I T I 200 I 200 I 200 I 200 A A A A B B B B B 200 B 200 B 200 B 200
722,I T I T I 500 A I T I T S S S P P P P 200 P 200 P 200 R R R P P P P 200 P 200 P 200 W W W P P P P 200 P 200 P 200 I 486 A I 486 A I 486 A
723,I T I T S S P P P 200 S P 200 S P P P 200 P 200 R R P P P 200 P 200 I 200 I 200 A A B B B 200 B 200
724,I T I T I 500 A I T I T S S S P P P P 200 P 200 P 200 S S S P P P P 200 P 200 P 200 R R R P P P P 200 P 200 P 200 I 200 I 200 I 200 A A A A U U U 200 U U 200 U 200 U 200 B B B B 200 B 200 B 200
725,I T I T I 500 A I T I T S S S P P P P 200 R P 200 R P 200 R P P P P 200 P 200 P 200 I 200 I 200 I 200 A A A A U U U U 200 U 200 U 200 U 200 U U U 200 U 200 U U U 200 U 200 U U U 200 U 200 U U U 200 U 200 B B B B 200 B 200 B 200
726,I T I T I 500 A I T I T I T R R R R P P P P P 200 P 200 P 200 P 200 I 200 I 200 I 200 I 200 A A A A I I T T I T I T I 200 I 200 I 200 I 200 A A A A B B B B B 200 B 200 B 200 B 200
727,I T I T I 500 A I T I T I T I T R R R R P P P P P 200 P 200 P 200 P 200 I 408 A I 200 I 200 I 200 I 200 A A A A B B B B B 200 B 200 B 200 B 200
728,I T I 407 A I T I T I 500 A I T I T R R R P P P P 200 P 200 P 200 I 200 I 200 I 200 A A A A U U U U 200 U 200 U 200 U 200 B B B B 200 B 200 B 200
729,I T I T I 500 I A T I T I T I 486 A I 486 A I 486 A I 486 A
730,I I T I 500 A T I T I T R R R R R R I 200 I 200 I 200 A A A A B B B B 200 B 200 B 200
731,I T I T I 500 I T I 486 A I 486 A A
732,I T I 407 A I T I T I 500 A I T I T R R R P P P P 200 P 200 P 200 I 200 I 200 I 200 A A A A U U U 200 U 200 U U U 200 U 200 U U U 200 U 200 U U U 200 U 200 U U U 200 U 200 U U U 200 U 200 U U U 200 U 200 U U U 200 U 200 B B B B 200 B 200 B 200
733,I T I T I 500 A I T I T I T R R R R P P P P P 200 P 200 P 200 P 200 I 200 I 200 I 200 I 200 A A A A B B B B B 200 B 200 B 200 B 200 B B 481
734,I T I T I 500 A I T I T I T R R R R P P P P P 200 P 200 P 200 P 200 I 200 I 200 I 200 I 200 A A A A I T I T I T I T I 200 I 200 I 200 I 200 A A A A I I T I T T I T I 488 A I 488 A I 488 A I 488 A B B B B B 200 B 200 B 200 B 200
735,I T I T R R P P P 200 P 200 I 200 I 200 A A I T I T I 200 I 200 A A B B B 200 B 200
736,I T I 407 A I T I T I 500 A I T I T I 500 A I T W W I T W I T I 500 A I T I T I T R R R R R R R P P P P P P P P 200 P 200 P 200 P 200 P 200 P 200 P 200 I 200 I 200 I 200 I 200 I 200 I 200 I 200 A A A A A A A B B B B B B B B 200 B 200 B 200 B 200 B 200 B 200 B 200
737,I T I T I 500 A I T I T S S S P P P P P 200 P 200 P 200 P 200 S S S P P P P P 200 R R P 200 P 200 R P 200 I 200 I 200 I 200 A A A A B B B B 200 B 200 B 200
738,I T I T I 500 A I T I T I T R R R P R P P P P 200 P 200 P 200 P 200 I 200 I 200 I 200 I 200 A A A A B B B B B 200 B 200 B 200 B 200
739,I I T I 500 A I T I T T I 502 A I 502 A I 502 A
740,I T I T I 500 A I T I T I T R R R R P P P P P 200 P 200 P 200 P 200 C C 200 C C C 200 C 200 C C 200 I 487 A I 487 I 487 A A I 487 A
741,I I T I 500 T I T A I T S S S P P P P 200 P 200 P 200 R R R P P P P 200 P 200 P 200 I 200 I 200 I 200 A A A A U U U 200 U 200 U U U 200 U 200 B B B B 200 B 200 B 200
742,I I T I 500 A I T T I T S S S P P P P P 200 S P 200 S P 200 P 200 S P P P P P 200 P 200 P 200 P 200 R R R P P P P P 200 P 200 P 200 P 200 I 200 I 200 I 200 A A A A B B B B 200 B 200 B 200
743,I T I T I 500 I T I A T I T R R R R P P P P P 200 P 200 P 200 P 200 C C 200 C C 200 C C 200 C C 200 I 487 A I 487 A I 487 I 487 A A
744,I T I 407 A I T I T I 500 A I T I T S S S P P P P 200 P 200 P 200 S S S P P P 200 P 200 P P 200 R R R I 200 I 200 I 200 A A A A B B B B 200 B 200 B 200
745,I T I 407 A I T I T I 500 A I T I T I 500 A I T I T I T R R R R R P P P P P P 200 P 200 P 200 P 200 P 200 I 200 I 200 I 200 I 200 I 200 A A A A A U U U 200 U U 200 U 200 U 200 U 200 U U U 200 U 200 U 200 U U U 200 U 200 U U 200 U U U U 200 U U 200 U 200 U 200 U U 200 U U U U 200 U U 200 U 200 U 200 U U 200 U U U 200 U 200 U U U 200 U 200 U U 200 U U U 200 U 200 U U U 200 U 200 U U 200 U U U 200 U 200 U U U 200 U 200 B B B B B B 200 B 200 B 200 B 200 B 200
746,I T I T I 500 A I T I T S S S P P P P 200 P 200 P 200 S S S P P P P 200 P 200 P 200 R R R I 200 I 200 I 200 A A A A B B B B B 200 B 200 B 200 B 200
747,I T I T R R P P P 200 P 200 I 200 I 200 A A U U U 200 U 200 B B B 200 B 200
748,I T I T I 500 A I T I T I 500 A I T I 486 A I 486 A S P P P 200 P 200 C C 200 I 487 A
749,I T I T I 500 A I T I T I 200 I 200 I 200 A A A A I T I T I I 200 I 200 I 200 A A A B B B B 200 B 200 B 200
750,I T I T I 500 I A I T I T T R R R R P P P P P 200 P 200 P 200 P 200 I 200 I 200 I 200 I 200 A A A A U U U U 200 U 200 U 200 U 200 B B B B B 200 B 200 B 200 B 200
751,I T I T I 500 I T A I 486 A I 486 A
752,I T I T I 500 A I T I T S S S P P P P P 200 R P 200 R P 200 R P P 200 P P P P 200 P 200 P 200 P 200 I 200 I 200 I 200 A A A A B B B B 200 B 200 B 200
753,I T I T I 500 I T I T A I T R R R R P P P P P 200 P 200 P 200 P 200 I 200 I 200 I 200 I 200 A A A A U U U U 200 U 200 U 200 U 200 B B B B B 200 B 200 B 200 B 200
754,I T I T I 500 A I T I T S S S P P P P P 200 P 200 P 200 P 200 S I 200 S I 200 S P I 200 P P P P 200 P 200 P 200 A P 200 A A A B B B B B 200 B 200 B 200 B 200
755,I T I T I 500 A I T I T I T W W I 486 A I 486 A I 486 A I 486 A
756,I I T I 500 A T I T I T S S S P P P P 200 P 200 P 200 R R R P P P P 200 P 200 P 200 I 200 I 200 I 200 A A A A B B B B 200 B 200 B 200
757,I T I T I 500 A I T I T R R R P P P P P 200 P 200 P 200 P 200 I 200 I 200 I 200 A A A A U U U 200 U 200 U U U 200 U 200 U U U U 200 U 200 U 200 U U U 200 U 200 U U U 200 U 200 U U U 200 U 200 U U U 200 U 200 U U U 200 U 200 U U U 200 U 200 U U U 200 U 200 U U U 200 U 200 U U U 200 U 200 U U U 200 U 200 U U U 200 U 200 U U U 200 U 200 U U U 200 U 200 U U U 200 U 200 B B B B B 200 B 200 B 200 B 200
758,I T I T I 500 A I T I T S S S P P P P P 200 P 200 P 200 P 200 S S S P P P P P 200 P 200 P 200 P 200 I 200 I 200 I 200 A A A A U U U 200 U 200 U U U 200 U 200 U U U 200 U 200 U U U 200 U 200 U U U 200 U 200 U U U 200 U 200 U U U 200 U 200 U U U 200 U 200 B B B B B 200 B 200 B 200 B 200
759,I T I 407 A I I T T I 500 A I T I T S S S P P P P 200 P 200 R R P 200 R P P P P 200 P 200 P 200 I 200 I 200 I 200 A A A A B B B B 200 B 200 B 200
760,I T I T I 500 I A T I T I T R R R R P P P P P 200 P 200 P 200 P 200 C C 200 C C 200 C C 200 C C 200 I 487 A I 487 I 487 A A I 487 A
761,I T I T I 500 A I T I T I T R R R R P P P P P 200 P 200 P 200 P 200 I 200 I 200 I 200 I 200 A A A A U U U U 200 U 200 U 200 U 200 U U U 200 U 200 U U 200 U 200 B B B B B 200 B 200 B 200 B 200
762,I T I 407 A I T I T I 500 I T A I T I 486 A I 486 A I 486 A
763,I T I 407 A I I T I 500 A T I T I T S S S P P P P P 200 S S P 200 P 200 P 200 S P P P P P 200 R P 200 R P 200 P 200 R P P P P P 200 P 200 P 200 P 200 I 200 I 200 I 200 A A A A B B B B 200 B 200 B 200
764,I T I T I 500 A I T I T R R R P P P P 200 P 200 P 200 I 200 I 200 I 200 A A A A U U U 200 U 200 U U U 200 U 200 U U U 200 U 200 U U U 200 U 200 U U U 200 U 200 U U U 200 U 200 B B B B 200 B 200 B 200
765,I I T I 500 A T I T I T S S S P P P P P 200 P 200 P 200 P 200 R R R P P P P P 200 P 200 P 200 P 200 I 200 I 200 I 200 A A A A U U U 200 U 200 U U U 200 U 200 B B B B 200 B 200 B 200
766,I T I 407 A I T I T I 500 A I T I T S S S S S P P P P 200 P 200 P 200 R R R R R P P P P 200 P 200 P 200 W W W I 486 A I 486 A P I 486 A
767,I T I T I 500 A I T I T I 500 A I T I T I T R R R R R P P P P P P 200 P 200 P 200 P 200 P 200 I 200 I 200 I 200 I 200 I 200 A A A A A U U U 200 U 200 U U U 200 U 200 U U U 200 U 200 U U 200 U U U 200 U 200 U U U 200 U 200 U 200 U 200 U U 200 U U U 200 U 200 U U 200 U U U 200 U 200 U U 200 U U U 200 U 200 U U U 200 U 200 U 200 U 200 U U U 200 U 200 U 200 U 200 U U U 200 U 200 U 200 U U 200 U 200 U U 200 U U U 200 U 200 U U U 200 U 200 U U U 200 U 200 U U U 200 U 200 B B B B B 200 B 200 B 200 B 200
768,I I T T I 500 A I T I T R R R P P P P P 200 P 200 P 200 P 200 S S S P P P P P 200 P 200 P 200 P 200 S S S P P P P P 200 P 200 P 200 P 200 C C 200 C C 200 C C 200 I 487 A I 487 A I 487 A
769,I T I T I 500 A I T I T I T R R R R P P P P P 200 P 200 P 200 P 200 C C 200 C C C 200 C 200 C C 200 I 487 A I 487 A I 487 A I 487 A
770,I T I T I 500 A I T I T I T R R R R P P P P P 200 P 200 P 200 P 200 I 200 I 200 I 200 I 200 A A A A U U U U U 200 U 200 U 200 U 200 U U U 200 U 200 U U U 200 U 200 U U U 200 U 200 U U U 200 U 200 U U U 200 U 200 U U U 200 U 200 U U U 200 U 200 U U U 200 U 200 B B B B B 200 B 200 B 200 B 200
771,I T I T I 500 A I T I T I 500 I T I T A I T R R R R R P P P P P P 200 P 200 P 200 P 200 P 200 I 200 I 200 I 200 I 200 I 200 A A A A A B B B B B 200 B 200 B 200 B 200
772,I T I T I 500 A I T I T I 500 I T I T A I T R R R R R P P P P P P 200 P 200 P 200 P 200 P 200 I 200 I 200 I 200 I 200 I 200 A A A A A U U U 200 U 200 U U U 200 U 200 U 200 U U U 200 U 200 U U U 200 U 200 U 200 B B B B B B 200 B 200 B 200 B 200 B 200
773,I I T I 500 A T I T I T R R R P P P P 200 I 200 P 200 I 200 I 200 P 200 A A A A U U U U 200 U 200 U 200 U 200 U U U U 200 U 200 U 200 U 200 U U U 200 U 200 U U U 200 U 200 B B B B 200 B 200 B 200
774,I I T T I 500 A I T I T R R R P P P P 200 P 200 P 200 I 200 I 200 I 200 A A A A B B B B B 200 B 200 B 200 B 200
775,I T I T I 500 A I T I T S S S P P P P P 200 P 200 P 200 P 200 S S S P P P P P 200 P 200 P 200 P 200 I 200 I 200 I 200 A A A A B B B B B 200 B 200 B 200 B 200
776,I T I T I 500 A I T I T I T R R R R P P P P P 200 P 200 P 200 C P 200 C 200 C C 200 C C 200 C C 200 I 487 A I 487 A I 487 A I 487 A
777,I T I T I 500 A I T I T S S S P P P P 200 P 200 P 200 R R R P P P P 200 P 200 P 200 W W W P P P P 200 P 200 I 486 P 200 A I 486 A I 486 A
778,I T I T I 500 I T A I T I T R R R R P P P P P 200 P 200 P 200 P 200 I 200 I 200 I 200 I 200 A A A A U U U U U 200 U 200 U 200 U 200 B B B B B 200 B 200 B 200 B 200
779,I T I T I 500 A I T I T S S S P P P P 200 P 200 S S P 200 S P P P P 200 P 200 P 200 I 200 I 200 I 200 A A A A I T I T I I 200 I 200 I 200 A A A B B B B 200 B 200 B 200
780,I T I 407 A I T I T I 500 A I T I T S S S P P P P 200 P 200 P 200 R R R P P P P 200 P 200 P 200 W W W P P P P 200 P 200 P 200 S S S P P P P 200 P 200 P 200 I 200 I 200 I 200 A A A A B B B B 200 B 200 B 200
781,I T I T I 500 A I T I T I 200 I 200 I 200 A A A A U U U 200 U 200 U U U 200 U 200 U U U 200 U U 200 U 200 U 200 B B B B 200 B 200 B 200
782,I T I 407 A I T I T I 500 A I T I T R R R P P P P P 200 P 200 P 200 P 200 I 200 I 200 I 200 A A A A U U U 200 U U 200 U 200 U 200 U U U 200 U 200 U U U 200 U 200 B B B B B 200 B 200 B 200 B 200
783,I I T T I 500 A I T I T S S S P P P P P 200 S P 200 S P 200 P 200 S P P P P P 200 S P 200 S P 200 P 200 S P P P P P 200 P 200 P 200 P 200 R R R P P P P P 200 P 200 P 200 P 200 I 200 I 200 I 200 A A A A B B B B 200 B B 200 B 200 B 200
784,I T I T I 500 A I T I T I T R R R R P P P P P 200 P 200 P 200 P 200 I 200 I 200 I 200 I 200 A A A A U U U 200 U 200 U U U 200 U 200 U U U U 200 U 200 U 200 U 200 U U U 200 U 200 U U U 200 U 200 B B B B B 200 B 200 B 200 B 200
785,I I T I 500 A I T I T T S S S P P P P 200 P 200 P 200 S S S P P P P 200 P 200 P 200 C C 200 C C 200 C C 200 I 487 A I 487 A I 487 A
786,I I T I 500 A T I T I T R R R P P P P P 200 P 200 P 200 P 200 C C 200 C C 200 C C 200 I 487 A I 487 A I 487 A
787,I T I T S S P P P 200 P 200 I 200 A A I 200 B B B 200 B 200
788,I T I T I 500 A I T W W I T I T S S S S P P P P P 200 P 200 P 200 P 200 R R R R P P P P P 200 P 200 P 200 P 200 C C 200 C C 200 C C 200 C C 200 I 487 I 487 A A I 487 A I 487 A
789,I T I T I 500 A I T I T I T R R R R P P P P P 200 P 200 P 200 P 200 I 200 I 200 I 200 I 200 A A A A U U U U 200 U 200 U U 200 U 200 B B B B B 200 B 200 B 200 B 200
790,I T I T I 500 A I T I T S S S P P P P 200 P 200 P 200 S S S P P P P 200 P 200 P 200 I 200 I 200 I 200 A A A A U U U 200 U 200 U U U 200 U 200 U U U 200 U 200 U U U 200 U 200 U U U 200 U 200 U U U 200 U 200 B B B B 200 B 200 B 200
791,I T I 407 A I I T I 500 A I T I T T I 200 I 200 I 200 A A A A B B B B B 200 B 200 B 200 B 200
792,I T I T I 500 A I T I T S S S P P P P 200 P 200 R R P 200 R P P P P 200 P 200 P 200 C C 200 C C 200 C C 200 I 487 A I 487 A I 487 A
793,I T I 407 A I I T I 500 A I T I T T I 200 I 200 I 200 A A A A B B B B 200 B 200 B 200
794,I I T T I 500 A I T I T S S S P P P P P 200 R P 200 R P 200 P 200 R P P P P P 200 P 200 P 200 P 200 S S S P P P P P 200 P 200 P 200 P 200 U U U U 200 U 200 U 200 I 200 I 200 I 200 A A A A B B B B B 200 B 200 B 200 B 200
795,I T I T R R I 200 I 200 A A I T I I 200 I 200 A A U U U 200 U 200 B B B 200 B 200
796,I T I T I 500 A I T I T I T I T I 408 A I 408 A I 408 A S S P P P 200 P 200 I 408 A I 408 A
797,I T I T I 500 A I T I T I T I T I 500 A I T I T I T R R R R P R P R P R P P 200 P 200 P 200 P 200 P P P P 200 P 200 P 200 I 200 I 200 I 200 I 200 A I 200 A I 200 A A I 200 A A A A B B B B B 200 B B 200 B 200 B 200 B B B 200 B 200 B 200
798,I T I T I 500 A I T I T I T R R R R P P P P P 200 P 200 P 200 P 200 I 200 I 200 I 200 I 200 A A A A U U U 200 U 200 U U U 200 U 200 U U U 200 U 200 U U U 200 U 200 U U U 200 U 200 U U U 200 U 200 U U U U 200 U 200 U 200 U 200 U U U 200 U 200 U U U 200 U 200 B B B B B 200 B 200 B 200 B 200
799,I I T T I 500 A I T I T S S S P P P P 200 S S P 200 P 200 S P P P P 200 P 200 P 200 I 200 I 200 I 200 A A A A B B B B 200 B 200 B 200
800,I I T T I 500 A I T I T S S S P P P P P 200 P 200 P 200 P 200 R R R P P P P P 200 P 200 P 200 P 200 S S S P P P P P 200 P 200 P 200 P 200 U U U U 200 U 200 U 200 I 200 I 200 I 200 A A A A B B B B 200 B 200 B 200
801,I T I T I 500 A I T I W T W I T S S S P S P P P P 200 P 200 P 200 P 200 R R R R P P P P P 200 P 200 P 200 P 200 I 480 A I 480 A I 480 I 480 A A
802,I T I T I 500 A I T I T I T R R R R P P P P P 200 P 200 P 200 P 200 I 200 I 200 I 200 I 200 A A A A B B B B B 481 B 481 B B 481 B 200 B 200
803,I T I T I 500 A I T I T I T R R R R P P P P P 200 P 200 P 200 P 200 C C C 200 C C 200 C 200 C C 200 I 487 A I 487 A I 487 A I 487 A
804,I T I T I 500 A I T I T R R R P P P P P 200 P 200 P 200 P 200 I 200 I 200 I 200 I 200 I 200 A A A A U U U 200 U 200 U U U 200 U 200 I T I T I I 200 I 200 I 200 A A A B B B B B 200 B 200 B 200 B 200
805,I T I T I 500 A I T I T S S S P P P P P 200 R P 200 R P 200 P 200 R P P P P P 200 P 200 P 200 P 200 S S S P P P P P 200 P 200 P 200 P 200 U U U U 200 U 200 U 200 I 200 I 200 I 200 A A A A B B B B B 200 B 200 B 200 B 200
806,I T I T I 500 A I T I T I T R R R R P P P P P 200 P 200 P 200 P 200 I 200 I 200 I 200 I 200 A A A A B I B T B B I 407 A B 200 B 200 B 200 B 200
807,I T I T I 500 A I T I T W W W P P P P 200 P 200 P 200 R R R P P I 200 P I 200 I 200 P 200 P 200 P 200 A A A A B B B B 200 B 200 B 200
808,I T I 407 A I T I T I 500 A I T I T R R R P P P P P 200 P 200 P 200 P 200 I 200 I 200 I 200 A A A A U U U 200 U 200 U U 200 U 200 U U U 200 U U 200 U 200 U 200 U U U 200 U 200 U U U 200 U 200 B B B B 200 B 200 B 200
809,I T I T I 500 A I T I T I T R R R R P P P P P 200 P 200 P 200 P 200 I 200 I 200 I 200 I 200 A A A A I T I T I T I T I 200 I 200 I 200 I 200 A A A A A A I T I T I T I T I 200 I 200 I 200 I 200 A A A A B B B B B 200 B 200 B 200 B 200
810,I T I T I 500 A I T I T I 500 A I T I T I T R R R R R P P P P P P 200 P 200 P 200 P 200 P 200 C C C 200 C C 200 C 200 C C 200 C C 200 I 487 A I 487 A I 487 A I 487 A I 487 A
811,I I T I 500 A T I T I T R R R P P P P P 200 P 200 P 200 P 200 I 480 A I 480 A I 480 A
812,I T I T I 500 A I T I T S S S P P P P 200 P 200 P 200 C C C 200 C C 200 C 200 I 487 A I 487 A I 487 A
813,I T I 407 A I T I T I 500 A I T I T S S S P P P P P 200 P 200 P 200 P 200 R R R P P P P P 200 P 200 P 200 P 200 I 200 I 200 I 200 A A A A I T I T I T I 200 I 200 I 200 A A A A B B B B 200 B 200 B 200
814,I I T T I 500 A I T I T S S S P P P P P 200 S P 200 S P 200 P 200 S P P P P P 200 S S P 200 P 200 P 200 S P P P P P 200 P 200 P 200 P 200 R R R P P P P P 200 S P 200 S P 200 P 200 S P P P P P 200 P 200 P 200 P 200 S S S P P P P P 200 P 200 P 200 P 200 S S S P P P P P 200 P 200 P 200 P 200 C C C 200 C C 200 C 200 I 487 A I 487 A I 487 A
815,I T I T I 500 A I T I T I T R R R R P P P P P 200 P 200 P 200 P 200 I 200 I 200 I 200 I 200 A A A A U U U U 200 U 200 U 200 U 200 U U U 200 U 200 U U U 200 U 200 U U U 200 U 200 U U U 200 U 200 U U U 200 U 200 U U U 200 U 200 B B B B B 200 B 200 B 200 B 200
816,I T I T I 500 A I T I T R R R P P P P P 200 P 200 P 200 P 200 I 200 I 200 I 200 A A A A I T I T I I 200 I 200 I 200 A A A B B B B B 200 B 200 B 200 B 200
817,I T I T I 500 A I T I T S S S P P P P P 200 S S P 200 P 200 P 200 S P P P P P 200 P 200 P 200 P 200 R R R P P P P P 200 P 200 P 200 P 200 I 200 I 200 I 200 A A A A U U U 200 U 200 U U U 200 U 200 B B B B 200 B 200 B 200
818,I T I T I 500 A I T I T S S S P P P P 200 P 200 P 200 R R R P P P P 200 P 200 P 200 I 200 I 200 I 200 A A I 200 A I 200 A A A B B B B 200 B 200 B 200
819,I T I 407 A I T I T I 500 A I T I T S S S P P P P 200 P 200 P 200 R R R P P P P 200 P 200 P 200 C C C 200 C C 200 C 200 I 487 A I 487 A I 487 A
820,I T I 407 A I T I T I 500 A I T I T R R R P P P P 200 P 200 P 200 I 200 I 200 I 200 A A A A B B B B B 200 B 200 B 200 B 200
821,I T I 407 A I I T I 500 A T I T I T S S S P P P P 200 R R P 200 P 200 R P P P P 200 P 200 P 200 I 200 I 200 I 200 A A A A B B B B 200 B 200 B 200
822,I T I T I 500 A I T I T S S S P P P P P 200 R P 200 P 200 P 200 I 200 R I 200 R P I 200 P P P P 200 P 200 P 200 A P 200 A A A U U U 200 U 200 U U U 200 U 200 B B B B B 200 B 200 B 200 B 200
823,I T I 407 A I T I T I 500 A I T I T C C C 200 C C 200 I 487 A C 200 I 487 A I 487 A
824,I T I T I 500 A I T I T I T R R R R P P P P P 200 P 200 P 200 P 200 I 200 I 200 I 200 I 200 A A A A U U U U U 200 U 200 U 200 U 200 U U U U U 200 U 200 U 200 B B B B B 200 B 200 B 200 B 200
825,I I T I 500 A I T T I T S S S P P P P 200 R P 200 R P 200 R P P P P 200 P 200 P 200 C C 200 C C 200 C C 200 I 487 A I 487 A I 487 A
826,I T I T I 500 A I T I T R R R P P P P P 200 P 200 P 200 P 200 I 200 I 200 I 200 A A A A U U U 200 U 200 U U 200 U 200 U U U 200 U 200 U U U 200 U 200 B B B B B 200 B 200 B 200 B 200
827,I T I T I 500 I T I A T I T R R R R P P P P P 200 P 200 P 200 P 200 I 200 I 200 I 200 I 200 A A A A B B B B B 200 B 200 B 200 B 200
828,I I T T I 500 A I T I T I 500 A I T I T I T R R R R R P P P P P P 200 P 200 P 200 P 200 P 200 I 200 I 200 I 200 I 200 I 200 A A A A A U U U U U 200 U 200 U 200 U U U U 200 U 200 U U 200 U 200 U 200 U U U 200 U 200 U U 200 U U U 200 U 200 U U U 200 U 200 U U U 200 U 200 U 200 U U U 200 U 200 U U U 200 U 200 U 200 B B B B B B 200 B 200 B 200 B 200 B 200
829,I T I T I 500 A I I T T R R R P P P P 200 P P 200 P 200 P 200 I 200 I 200 I 200 A A A A U U U 200 U 200 U U U 200 U 200 U U U U 200 U 200 U 200 U 200 B B B B B 200 B 200 B 200 B 200
830,I T I T I 500 A I T I T S S S P P P P P 200 R P 200 R P 200 P 200 R P P P P P 200 P 200 P 200 P 200 I 200 I 200 I 200 A A A A U U U 200 U 200 U U U 200 U 200 B B B B B 200 B 200 B 200 B 200
831,I I T T I 500 A I T I T S S S P P P P 200 P 200 P 200 I 200 I 200 I 200 A A A A B B B B 200 B 200 B 200
832,I T I 407 A I T I T I 500 A I T I T S S S P P P P P 200 P 200 P 200 P 200 R R R P P P P P 200 P 200 P 200 P 200 I 200 I 200 I 200 A A A A B B B B B 200 B 200 B 200 B 200
833,I T I T I 500 I A I T T I T R R R R P P P P P 200 P 200 P 200 P 200 I 200 I 200 I 200 I 200 A A A A B B B B B 200 B 200 B 200 B 200
834,I T I T I 500 A I T I T S S S P P P P 200 R P 200 R P 200 R P P P P 200 P 200 P 200 I 200 I 200 I 200 A A A A U U U 200 U 200 U U U 200 U 200 B B B B 200 B 200 B 200
835,I T I T I 500 A I T I T S S S P P P P 200 P 200 P 200 R R R P P P P 200 P 200 P 200 I 200 I 200 I 200 A A A A U U U 200 U 200 U U U 200 U 200 U U U 200 U 200 U U U 200 U 200 U U U 200 U 200 U U U 200 U 200 U U U 200 U 200 U U U 200 U 200 B B B B 200 B 200 B 200
836,I T I T I 500 A I T I T I T R R R R P P P P P 200 P 200 P 200 P 200 I 200 I 200 I 200 I 200 A A A A U U U U U 200 U 200 U 200 U 200 B B B B B B B 200 B 200 B 200 B 200 B 200 B 200
837,I T I T I 500 A I T I T S S S P P P P 200 S S P 200 P 200 S P P P P 200 R R P 200 P 200 R P P P P 200 P 200 P 200 C C 200 C C 200 C C 200 I 487 A I 487 A I 487 A
838,I T I T I 500 A I T I T I T R R R R P P P P P 200 P 200 P 200 P 200 I 200 I 200 I 200 I 200 A A A A B B B B B B 200 B B 200 B 200 B 200 B 200 B 200
839,I T I T I 500 A I T I T I 200 I 200 I 200 A A A A U U U 200 U 200 U U U 200 U 200 U U U 200 U 200 U U U 200 U 200 B B B B B 200 B 200 B 200 B 200
840,I T I T I 500 I T A I T S S S P P P P 200 P 200 P 200 R R R P P P P 200 P 200 P 200 I 200 I 200 I 200 A A A A U U U U 200 U 200 U 200 U 200 U U U 200 U 200 U U U 200 U 200 B B B B 200 B 200 B 200
841,I T I T I 500 A I T I T S S S P P P P P 200 S P 200 S P 200 P 200 S P P P P P 200 S S P 200 P 200 P 200 S P P P P P 200 P 200 P 200 P 200 R R R P P P P P 200 P 200 P 200 P 200 I 200 I 200 I 200 A A A A B B B B B 200 B 200 B 200 B 200
842,I T I T I 500 A I T I T S S S P P P P 200 R P 200 R P 200 R P P P P 200 P 200 P 200 I 200 I 200 I 200 A A A A B B B B B 200 B 200 B 200 B 200
843,I T I T I 500 A I T I T R R R P P P P 200 P 200 I 200 P 200 I 200 I 200 A A A A B B B B B 200 B 200 B 200 B 200
844,I T I T I 500 A I T I T S S S S S P S P P P 200 R R P 200 P 200 R P P P P 200 P 200 P 200 I 200 I 200 I 200 A A A A B B B B 200 B 200 B 200
845,I T I T I 500 A I T I T I I T T R R R R P R P P R R P R P P P P 200 P P 200 P 200 P 200 P 200 P 200 P 200 P 200 I 200 I 200 C C 200 I 200 I 200 A A A I 487 A A B B B B B 200 B 200 B 200 B 200
846,I I T T I 500 A I T I T S S S P P P P P 200 S S P 200 P 200 P 200 S P P P P P 200 S S P 200 P 200 P 200 S P P P P P 200 P 200 P 200 P 200 C C C 200 C C 200 I 487 A I 487 A C 200 I 487 A
847,I T I 407 A I T I T I 500 A I T I T S S S P P P 200 P P 200 P 200 C C 200 C C 200 C C 200 I 487 A I 487 A I 487 A
848,I T I T I 500 A I T I T R R R P P P P P 200 P 200 P 200 P 200 S S S P P P P P 200 I 200 P 200 I 200 P 200 I 200 P 200 A A A A B B B B 200 B 200 B 200
849,I T I 407 A I T I T I 500 A I T I T I 486 I 486 A A I 486 A
850,I T I 407 A I T I T I 500 A I T I T S S S P P P P 200 P 200 P 200 R R R P P P P 200 P 200 P 200 I 200 I 200 I 200 A A A A U U U U 200 U 200 U 200 U 200 B B B B 200 B 200 B 200
851,I T I 407 A I T I T I 500 I T A I T S S S P P P P 200 P 200 P 200 C C 200 C C 200 C C 200 I 487 A I 487 A I 487 A
852,I T I T I 500 A I T I T S S S P P P P P 200 S S P 200 P 200 P 200 S P P P P P 200 P 200 P 200 P 200 C C 200 C C 200 C C 200 I 487 A I 487 A I 487 A
853,I T I T I 500 I A T I T I T R R R R P P P P P 200 P 200 P 200 P 200 I 200 I 200 I 200 I 200 A A A A U U U U 200 U 200 U 200 U 200 B B B B B 200 B 200 B 200 B 200
854,I T I T I 500 A I T I T S S S P P P P 200 P 200 P P 200 P 200 R R R P P P P P 200 P 200 P 200 I 200 I 200 P 200 I 200 A A A A I T I T I I 200 I 200 I 200 A A A B B B B 200 B 200 B 200
855,I T I T I 500 A I T I T I 500 I T A I 486 A I 486 A S P P 200 C C 200 I 487 A
856,I T I 407 A I T I T I 500 A I T I T S S S P P P P P 200 S S P 200 P 200 P 200 S P P P P P 200 P 200 P 200 P 200 R R R P P P P P 200 P 200 P 200 P 200 I 200 I 200 I 200 A A A A B B B B B 200 B 200 B 200 B 200
857,I T I 407 A I T I T I 500 A I T I T R R R P P P P 200 P 200 P 200 C C 200 C C C 200 C 200 I 487 A I 487 A I 487 A
858,I I T T I 500 A I T I T S S S P P P P P 200 P 200 P 200 P 200 R R R P P P P P 200 P 200 P 200 P 200 I 200 I 200 I 200 A A A A U U U U 200 U 200 U 200 U 200 B B B B B B 200 B 200 B 200 B 200 B 200
859,I T I T I 500 A I T I T R R R P P P P 200 P 200 P 200 I 200 I 200 I 200 A A A A I T I T I I 200 I 200 I 200 A A A B B B B 200 B 200 B 200
860,I T I T S P P P 200 S P 200 I 200 I 200 A A B B B 200 B 200
861,I T I T I 500 A I T I T I T R R R R P P P P P 200 P 200 P 200 P 200 C C C 200 C C 200 C C 200 C 200 I 487 A I 487 A I 487 A I 487 A
862,I T I T I 500 A I T I T I 500 I T I T I A T R R R R R P P P P P P 200 P 200 P 200 P 200 P 200 I 200 I 200 I 200 I 200 I 200 A A A A A B B B B B B 200 B 200 B 200 B 200 B 200
863,I T I T I 500 A I T I T R R R P P P P P 200 I 200 P 200 P 200 I 200 P 200 I 200 A A A A B B B B 200 B 200 B 200
864,I T I 407 A I I T T I 500 I T A I T R R R P P P P 200 P 200 P 200 I 200 I 200 I 200 A A A A B B B B 200 B 200 B 200
865,I I T T I 500 A I T I T R R R P P P P P 200 P 200 P 200 P 200 I 200 I 200 I 200 A A A A I T I T I I 200 I 200 I 200 A A A B B B B B 200 B 200 B 200 B 200
866,I T I 407 A I T I T I 500 I T A I T R R R P P P P 200 P 200 P 200 I 480 A I 480 A I 480 A
867,I T I T I 500 I T A I T S S S P P P P P 200 R R P 200 P 200 P 200 R P P P P P 200 P 200 P 200 P 200 S S S P P P P P 200 P 200 P 200 P 200 U U U U 200 U 200 U 200 I 200 I 200 I 200 A A A A B B B B B 200 B 200 B 200 B 200
868,I T I 407 A I I T T I 500 I T A I T S S S P P P P 200 P 200 P 200 R R R P P P P 200 P 200 P 200 S S S P P P P 200 P 200 P 200 S S S P P P P 200 P 200 P 200 S S S P P P P 200 P 200 P 200 C C 200 C C 200 C C 200 I 487 A I 487 A I 487 A
869,I T I 407 A I I T T I 500 A I T I T I 200 I 200 I 200 A A A A B B B B 200 B 200 B 200
870,I T I T R R P P P 200 P 200 I 200 I 200 A A U U U 200 U 200 B B B B B 200 B 200 B 200 B 200
871,I T I T I 500 A I T I T R R R I 200 I 200 P I 200 P P P 200 P 200 A P 200 A A A I T I T I I 200 I 200 I 200 A A A B B B B 200 B 200 B 200
872,I T I 407 A I T I T I 500 A I T I T S S S P P P P P 200 S S P 200 P 200 P 200 S P P P P P 200 S P 200 S P 200 P 200 S P P P P P 200 P 200 P 200 P 200 R R R P P P P P 200 P 200 P 200 P 200 I 486 A I 486 A I 486 A
873,I I T I 500 A T I T I T I 500 I T I T I A T I 408 A I 408 A S S S P P P P 200 P 200 P 200 P 200 C C 200 C C 200 C C 200 I 408 A I 408 A I 487 A
874,I T I T I 500 A I T I T R R R P P P P P 200 P 200 P 200 P 200 S S S P P P P P 200 P 200 P 200 P 200 S S S P P P P P 200 P 200 P 200 P 200 I 200 I 200 I 200 A A A A B B B B B 200 B 200 B 200 B 200
875,I T I 407 A I T I T I 500 A I T I T S S S P P P P P 200 S P 200 S P 200 P 200 S P P P P P 200 P 200 P 200 P 200 R R R P P P P P 200 P 200 P 200 P 200 I 200 I 200 I 200 A A A A B B B B 200 B 200 B 200
876,I T I T I 500 A I T I T I T R R R R P P P P P 200 P 200 P 200 P 200 I 200 I 200 I 200 I 200 A A A A U U U U 200 U 200 U 200 U 200 U U U U 200 U 200 U 200 U 200 U U U 200 U 200 U U U 200 U 200 U U U 200 U 200 U U U 200 U 200 U U U 200 U 200 U U U 200 U 200 B B B B B 200 B 200 B 200 B 200
877,I I T T I 500 A I T I T S S S P P P P 200 S P 200 S P 200 S P P P P 200 P 200 P 200 R R R P P P P 200 P 200 P 200 I 200 I 200 I 200 A A A A B B B B B 200 B 200 B 200 B 200
878,I T I T I 500 A I T I T W W W P P P P P 200 P 200 P 200 P 200 R R R I 200 I 200 P I 200 P P P P 200 P 200 P 200 A P 200 A A A B B B B 200 B 200 B 200
879,I T I T I 500 A I I T T I T R R R R P P P P P 200 P 200 P 200 P 200 I 200 I 200 I 200 I 200 A A A A U U U 200 U 200 U U U 200 U 200 U U U 200 U 200 U 200 U U U 200 B B B B B 200 B 200 B 200 B 200
880,I T I 407 A I T I T I 500 A I T I T I 401 A I 401 A I 401 A
881,I T I T I 500 I T W W I T A I T I 200 I 200 I 200 I 200 A A A A B B B B B 200 B 200 B 200 B 200
882,I T I T I 500 A I T I T I T R R R R P P P P P 200 P 200 P 200 P 200 I 200 I 200 I 200 I 200 A A A A I T I T I T I I 200 I 200 I 200 I 200 A A A A U U U U 200 U 200 U 200 U 200 B B B B B 200 B 200 B 200 B 200
883,I T I 407 A I T I T I 500 A I T I T S S S S S P P P P P 200 R R P 200 P 200 P 200 R R R P P P P P 200 P 200 P 200 P 200 I 200 I 200 I 200 I 200 I 200 A A A A I 200 A A B B B B B 200 B 200 B 200 B 200
884,I T I 407 A I T I T I 500 A I T I T S S S P P P P 200 S S P 200 P 200 S P P P P 200 P 200 P 200 R R R P P P P 200 P 200 P 200 I 200 I 200 I 200 A A A A I T I T I I 200 I 200 I 200 A A A B B B B 200 B 200 B 200
885,I T I T I 500 I A T I T I T I T R R R R P P P P P 200 P 200 P 200 P 200 I 200 I 200 I 200 I 200 C A A A C 200 A I 408 A B B B B B 200 B 200 B 200 B 200
886,I T I T I 500 A I T I T I T R R R R P P P P P 200 P 200 P 200 P 200 I 200 I 200 I 200 I 200 A A A A B B B B B B 200 B B 200 B 200 B 200 B 200
887,I T I T I 500 A I T I T S S S P P P P P 200 S S P 200 P 200 P 200 S P P P P P 200 S S P 200 P 200 P 200 S P P P P P 200 P 200 P 200 P 200 R R R P P P P P 200 P 200 P 200 P 200 I 200 I 200 I 200 A A A A B B B B B 200 B 200 B 200 B 200
888,I T I 407 A I T I T I 500 A I T I T S S S P P P P 200 P 200 P 200 S S S P P P P 200 P 200 P 200 R R R P P P P 200 P 200 P 200 I 200 I 200 I 200 A A A A B B B B 200 B 200 B 200
889,I T I T I 500 A I I T I T R R T R R P P P P P 200 P 200 P 200 P 200 I 200 I 200 I 200 I 200 A A A A B B B B B 200 B 200 B 200 B 200
890,I I T I 500 A T I T I T I 500 A I T I T I T R R R R R P P P P P P 200 P 200 P 200 P 200 P 200 I 200 I 200 I 200 I 200 I 200 A A A A A U U U 200 U U 200 U 200 U U 200 U 200 U U 200 U U U 200 U 200 U U U 200 U 200 U U 200 U U U U U 200 U 200 U 200 U 200 U U 200 U U U 200 U 200 U U U 200 U 200 U U 200 U U U U U 200 U 200 U 200 U 200 U U 200 U U U 200 U 200 U U U 200 U 200 U U 200 U U U 200 U 200 U U U 200 U 200 U U 200 U U U U U 200 U 200 U 200 U 200 U U 200 U U U 200 U 200 U U U 200 U 200 U U 200 U U U U U 200 U 200 U 200 U 200 B B B B B B 200 B 200 B 200 B 200 B 200
891,I T I T I 500 A I T I T R R R P P P P P 200 R R P 200 P 200 P 200 R P P P P P 200 R P 200 R P 200 P 200 I 200 R I 200 P I 200 P P P P 200 P 200 P 200 A P 200 A A A I T I T I I 200 I 200 I 200 A A A I T I T I I 200 I 200 I 200 A A A U U U U 200 U 200 U 200 U 200 U U U 200 U U 200 U 200 U 200 U U U 200 U U 200 U 200 U 200 U U U U 200 U 200 U 200 U 200 U U U 200 U 200 U U U 200 U 200 B B B B B 200 B 200 B 200 B 200
892,I T I T R R P P P 200 P 200 I 200 I 200 A I A T I I 200 I 200 A A U U U 200 U 200 U U U 200 U 200 U U U 200 U 200 U U U 200 U 200 B B B 200 B 200
893,I T I T I 500 A I T I T W I W T S S S S P P P P P 200 P 200 P 200 P 200 I 480 A I 480 A I 480 A I 480 A
894,I T I T I 500 A I T I T I T R R R R P P P P P 200 P 200 P 200 P 200 I 200 I 200 I 200 I 200 A A A A U U U U 200 U 200 U 200 U 200 U U U 200 U 200 U U U 200 U 200 U U U 200 U 200 U U U 200 U 200 U U U 200 U 200 U U U 200 U 200 U U U 200 U 200 U U U 200 U 200 U U U 200 U 200 U U U 200 U 200 U U U 200 U 200 U U U 200 U 200 B B B B B 200 B 200 B 200 B 200
895,I T I T I 500 A I T I T I T R R R R P P P P P 200 P 200 P 200 P 200 I 200 I 200 I 200 I 200 A A A A I T I T I T I I 200 I 200 I 200 I 200 A A A A I T I T I T I I 200 I 200 I 200 I 200 A A A A U U U 200 U 200 U U 200 U 200 B B B B B 200 B 200 B 200 B 200
896,I I T T I 500 A I T I T R R R P P P P 200 P 200 P 200 S S S P P P P 200 P 200 P 200 I 487 A I 487 A I 487 A
897,I T I T I 500 A I T I T I T R R R R P P P P P 200 P 200 P 200 P 200 C C 200 C C C 200 C C 200 C 200 I 487 A I 487 A I 487 I 487 A A
898,I T I T I 500 A I T W W I T I T S S S S P P P P P 200 P 200 P 200 P 200 C C 200 C C 200 I 487 C I 487 C 200 A C C 200 I 487 A I 487 A A
899,I T I 407 A I T I T I 500 A I T I T S S S P P P P 200 S P 200 S P 200 S P P P P 200 I 200 P 200 I 200 I 200 P 200 A A A A B B B B 200 B 200 B 200
900,I T I 407 A I T I T I 500 A I T I T S S S P P P P P 200 R R P 200 P 200 R P 200 R R R R R R R R R R R R R R R R R I 500 A I 500 A I 500 A
901,I T I T I 500 A I T I T I T R R R R P P P P P 200 P 200 P 200 P 200 I 200 I 200 I 200 I 200 A A A A B B B B 200 B B 200 B 481 B 200 B 200
902,I T I T I 500 A I T I T S S S P P P P 200 P 200 P 200 I 200 I 200 I 200 A A A A U U U 200 U 200 U U 200 U 200 B B B B 200 B 200 B 200
903,I T I T I 500 A I T I T R R R P P P P P 200 P 200 P 200 P 200 I 200 I 200 I 200 A A A A U U U U 200 U 200 U 200 U 200 B B B B B 200 B 200 B 200 B 200
904,I T I 407 A I I T T I 500 A I T I T R R R R R P P P P P 200 I 200 I 200 P 200 P 200 I 200 A P 200 A A A U U U 200 U 200 U U U 200 U 200 B B B B B 200 B 200 B 200 B 200
905,I T I 407 A I I T T I 500 A I T I T S S S P P P R R P 200 P 200 P 200 R P P P P 200 P 200 P 200 S S S P P P P 200 P 200 P 200 S S S P P P P 200 P 200 P 200 S S S P P P P 200 P 200 P 200 I 200 I 200 I 200 A A A A B B B B 200 B 200 B 200
906,I T I T I 500 I T A I T S S S P P P P P 200 R R P 200 P 200 P 200 R P P P P P 200 P 200 P 200 P 200 I 200 I 200 I 200 A A A A B B B B 200 B 200 B 200
907,I T I T I 500 A I T I T I T R R R R P P P P P 200 P 200 P 200 P 200 I 200 I 200 I 200 I 200 A A A A U U U U 200 U 200 U 200 U 200 U U U 200 U U 200 U 200 U 200 U U U 200 U 200 U U U 200 U 200 U U U 200 U 200 U U U 200 U 200 U U U U 200 U 200 U 200 U 200 U U U 200 U 200 U U U 200 U 200 B B B B B 200 B 200 B 200 B 200
908,I T I T I 500 A I I T I T T R R R R P P P P P 200 P 200 P 200 P 200 C C 200 C C C 200 C 200 C C 200 I 487 A I 487 A I 487 A I 487 A
909,I T I T I 500 A I T I T S S S P P P P P 200 W P 200 P 200 P 200 W W P P P P P 200 P 200 P 200 P 200 R R R P P P P P 200 P 200 P 200 P 200 I 200 I 200 I 200 A A A A B B B B B 200 B 200 B 200 B 200
910,I I T I 500 A I T I T T R R R P P P P 200 P 200 P 200 I 200 I 200 I 200 I 200 I 200 A A A A B B B B 200 B 200 B 200
911,I I T I 500 A I T T I T S S S P P P P P 200 P 200 P 200 P 200 R R R P P P P P 200 P 200 P 200 P 200 C C C 200 C C 200 I 487 A I 487 A C 200 I 487 A
912,I T I T I 500 I T A I T S S S P P P P 200 P 200 P 200 R R R P P P P 200 P 200 P 200 I 200 I 200 I 200 A A A A B B B B 200 B 200 B 200
913,I T I T I 500 A I T I T W W W P P P P 200 P 200 P 200 R R R I 200 I 200 P I 200 P P P 200 P 200 A P 200 A A A B B B B 200 B 200 B 200
914,I T I T I 500 A I T I T I T R R R R P P P P P 200 P 200 P 200 P 200 I 200 I 200 I 200 I 200 A A A A U U U 200 U 200 U U U 200 U 200 U U U 200 U 200 U U U 200 U 200 U U U 200 U 200 U U U 200 U 200 U U U 200 U 200 U U U 200 U 200 U U U 200 U 200 U U U 200 U 200 I T I T I T I I 200 I 200 I 200 I 200 A A A A B B B B B 200 B 200 B 200 B 200
915,I T I T I 500 A I T I T S S S P P P P 200 S P 200 S P 200 S P P P P 200 P 200 P 200 R R R P P P P 200 P 200 P 200 C C C 200 C C 200 I 487 A I 487 A C 200 I 487 A
916,I T I T I 500 I T I T I T A R R R R P P P P 200 P P 200 P 200 P 200 C C 200 C C 200 C C 200 C C 200 I 487 A I 487 A I 487 A I 487 A
917,I T I T I 500 A I T I T I T R R R R P P P P P 200 P 200 P 200 P 200 I 200 I 200 I 200 I 200 A A A A U U U U U 200 U 200 U 200 U 200 U U U U 200 U 200 U 200 U 200 B B B B B 200 B 200 B 200 B 200
918,I I T I 500 A I T T I T R R R P P P P 200 P 200 P 200 C C C 200 C C 200 I 487 A I 487 A C 200 I 487 A
919,I T I T I 500 A I T I T S S S P P P P P 200 R R P 200 P 200 P 200 R P P P P P 200 P 200 P 200 P 200 C C 200 C C 200 C C 200 I 487 A I 487 A I 487 A
920,I T I T I 500 A I T I T S S S P P P P P 200 S P 200 S P 200 P 200 S P P P P P 200 S S P 200 P 200 P 200 S P P P P P 200 P 200 P 200 P 200 R R R P P P P P 200 P 200 P 200 P 200 I 200 I 200 I 200 A A A A B B B B 200 B 200 B 200
921,I T I T I 500 A I T I T S S S P P P P P 200 P 200 P 200 P 200 S S S P P P P P 200 P 200 P 200 P 200 S S S P P P P P 200 P 200 P 200 P 200 I 200 I 200 I 200 A A A A B B B B B 200 B 200 B 200 B 200
922,I T I T I 500 A I T W W I T I T R R R R P P P P P 200 P 200 P 200 P 200 C C 200 C C 200 I 487 A I 487 C A C 200 C C 200 I 487 A I 487 A
923,I T I T I 500 A I T I T R R R R R P P P P P 200 P 200 P 200 P 200 I 200 I 200 I 200 A A A A B B B B B 200 B 200 B 200 B 200
924,I T I T I 500 A I T I T S S S P P P P 200 P 200 P 200 S S S P P P P 200 P 200 P 200 R R R P P P P 200 P 200 P 200 I 200 I 200 I 200 A A A A U U U 200 U U 200 U 200 U 200 U U U 200 U 200 U U 200 U 200 U U U 200 U 200 U U U 200 U 200 U U U 200 U 200 U U U 200 U 200 U U U 200 U 200 U U U 200 U 200 U U U 200 U 200 U U U 200 U 200 U U U 200 U 200 U U U 200 U 200 B B B B 200 B 200 B 200
925,I I T I 500 A T I T I T S S S I 480 A I 480 A I 480 A P P 481
926,I T I T I 500 A I T I T I 200 I 200 I 200 A A A A U U U 200 U 200 U U U 200 U 200 U U U 200 U 200 U U U 200 U 200 U U U 200 U 200 U U U 200 U 200 B B B B B 200 B 200 B 200 B 200
927,I T I 407 A I T I T I 500 A I T I T I 200 I 200 I 200 I 200 I 200 A A A A U U U 200 U 200 U U U 200 U 200 U U U 200 U 200 U U U 200 U 200 B B B B B 200 B 200 B 200 B 200
928,I T I 407 A I T I T I 500 A I T I T S S S P P P P 200 S S P 200 P 200 S P P P P 200 S P 200 S P 200 S P P P P 200 P 200 P 200 C C 200 C C 200 C C 200 I 487 A I 487 A I 487 A
929,I T I 407 A I I T T I 500 A I T I T S S S P P P P 200 S P 200 S P 200 S P P P P 200 P 200 P 200 R R R P P P P 200 P 200 P 200 I 200 I 200 I 200 A A A A U U U 200 U 200 U U U 200 U 200 B B B 200 B 200 B B 200
930,I T I T I 500 A I T I T I T R R R R P P P P P 200 P 200 P 200 P 200 I 200 I 200 I 200 I 200 A A A A I T I I T T I I 200 I 200 I 200 I 200 A A A A I T I 407 A I T I T I T I T I 200 I 200 I 200 I 200 A A A A B B B B B 200 B 200 B 200 B 200
931,I T I T I 500 A I T I T S S S P P P P 200 S P 200 S P 200 S P P P P 200 S P 200 S P 200 S P P P P 200 P 200 P 200 R R R P P P P 200 P 200 P 200 I 200 I 200 I 200 A A A A U U U 200 U 200 U U U 200 U 200 B B B B 200 B 200 B 200
932,I I T T I 500 A I T I T R R R P P P P P 200 P 200 P 200 P 200 I 200 I 200 I 200 A A A A B B B B B B 200 B 200 B 200 B 200 B 200
933,I T I T I 500 A I T I T S S S P P P P 200 S P 200 S P 200 S P P P P 200 P 200 R R P 200 R P P P P 200 P 200 P 200 S S S P P P P 200 P 200 P 200 S S S P P P P 200 P 200 P 200 S S S P P P P 200 P 200 P 200 I 200 I 200 I 200 A A A A B B B B 200 B 200 B 200
934,I I T I 500 A T I T I T S S S P P P P P 200 P 200 P 200 P 200 C C C 200 C C 200 I 487 C 200 A I 487 A I 487 A
935,I T I T I 500 A I T I T I T R R R R P P P P P 200 P 200 P 200 P 200 I 200 I 200 A I 200 I 200 A A A B B B B B 200 B 200 B 200 B 200
936,I T I T I 500 A I T I T S S S P P P P 200 S S P 200 P 200 S P P P P 200 P 200 P 200 I 200 I 200 I 200 A A A A B B B B B 200 B 200 B 200 B 200
937,I T I T I 500 A I T I T S S S P P P P 200 R P P 200 R P 200 P 200 R P P P P P 200 P 200 P 200 P 200 I 200 I 200 I 200 A A A A B B B B 200 B 200 B 200
938,I T I T I 500 A I T I T S S S P P P P P 200 R R P 200 P 200 P 200 R P P P P P 200 P 200 P 200 P 200 I 200 I 200 I 200 A A A A U U U U 200 U 200 U 200 U 200 U U U 200 U 200 U U U 200 U 200 B B B B 200 B 200 B 200
939,I T I T I 500 A I T I T R R R P P P P P 200 P 200 P 200 P 200 I 200 I 200 I 200 A A A A U U U 200 U 200 U U U 200 U 200 U U U 200 U 200 U U U 200 U 200 U U U 200 U 200 U U U 200 U 200 B B B B 200 B 200 B 200
940,I I T I 500 A I T I T T C C 200 C C 200 C C 200 I 487 A I 487 A I 487 A
941,I T I T I 500 A I T I T R R R P P P P 200 P 200 R R P 200 R P P P P 200 R R P 200 P 200 R P I 200 I 200 P P P 200 P 200 I 200 A P 200 A A A I T I T I I 200 I 200 I 200 A A A I T I T I I 200 I 200 I 200 A A A I T I T I I 200 I 200 I 200 A A A I T I T I I 200 I 200 I 200 A A A U U U U 200 U 200 U 200 U 200 U U U U 200 U 200 U 200 U 200 B B B B 200 B 200 B 200
942,I T I T I 500 I A T W W I T I T S S S S P P P P P 200 P 200 P 200 P 200 R R R R P P P P P 200 P 200 P 200 P 200 C C 200 C C 200 I 487 A I 487 C C 200 C A C 200 I 487 A I 487 A
943,I T I T I 500 A I T I T R R R P P P P 200 P P 200 P 200 P 200 I 200 I 200 I 200 A A A A B B B B 200 B 200 B 200 B B 200
944,I T I 407 A I T I T I 500 A I T I T S S S P P S S P P P 200 R R P 200 P 200 R R P 200 R P P P P P 200 P 200 P 200 P 200 I 200 I 200 I 200 I 200 I 200 A A I 200 A A A A B B B B 200 B 200 B 200
945,I T I T I 500 A I T I T S S S P P P P 200 P 200 P 200 S S S P P P P 200 P 200 P 200 I 200 I 200 I 200 A A A A B B B B 200 B 200 B 200
946,I T I T I 500 I A T I T I T R R R R P P P P P 200 P 200 P 200 P 200 I 200 I 200 I 200 I 200 A A A A U U U U 200 U 200 U 200 U 200 U U U 200 U 200 U U U 200 U 200 B B B B B 200 B 200 B 200 B 200
947,I T I T I 500 A I T I T I T R R R R P P P P P 200 P 200 P 200 P 200 I 200 I 200 I 200 I 200 A A A A U U U 200 U 200 U U U 200 U 200 U U U 200 U 200 U U U 200 U 200 U U U U 200 U 200 U 200 U 200 U U U 200 U 200 U U U 200 U 200 U U 200 U 200 U U U U 200 U 200 U U U 200 U 200 U U U 200 U 200 U U U 200 U 200 U U U 200 U 200 B B B B B 200 B 200 B 200 B 200
948,I I T T I 500 A I T I T I 500 I T I T I T A R R R R R P P P P P P 200 P 200 P 200 P 200 P 200 I 200 I 200 I 200 I 200 I 200 A A A A A B B B B B 200 B 200 B 200 B 200
949,I T I 407 A I I T T I 500 A I T I T S S S P P P P P 200 P 200 P 200 P 200 S S S P P P P P 200 P 200 P 200 P 200 R R R P P P P P 200 P 200 P 200 P 200 I 200 I 200 I 200 A A A A B B B B 200 B 200 B 200
950,I T I T I 500 I T I T I T A R R R R P P P P P 200 P 200 P 200 P 200 I 200 I 200 I 200 I 200 A A A A U U U U 200 U 200 U 200 U 200 U U U 200 U U 200 U 200 U 200 U U U 200 U 200 U U U 200 U 200 U U U 200 U 200 U U U 200 U 200 U U U 200 U U 200 U 200 U 200 U U U 200 U 200 U U U 200 U 200 B B B B B 200 B 200 B 200 B 200
951,I T I T I 500 A I T I T I T R R P R R P P P P 200 P 200 P 200 P 200 I 200 A I 200 I 200 I 200 A A A B B B B B 200 B 200 B 200 B 200
952,I T I T I 500 A I T I T R R R P P P P 200 P 200 P 200 I 200 I 200 I 200 A A A A U U U U U 200 U 200 U 200 U 200 B B B B 200 B 200 B 200
953,I T I T I 500 A I T I T I 500 A I T I T I T R R R R R P P P P P P 200 P 200 P 200 P 200 P 200 I 200 I 200 I 200 I 200 I 200 A A A A A U U U 200 U 200 U U U 200 U 200 B B B B B 200 B 200 B 200 B 200
954,I T I 407 A I T I T I 500 A I T I T S S S P P P P 200 S P 200 S S P 200 P P P P 200 P 200 P 200 S S S P P P P 200 P 200 S S P 200 S P P P P 200 P 200 P 200 S S S P P P P 200 P 200 P 200 R R R P P P P 200 P 200 P 200 I 200 I 200 I 200 A A A A B B B B 200 B 200 B 200
955,I I T T I 500 A I T I T R R R P P P P P 200 P 200 P 200 P 200 I 480 A I 480 A I 480 A
956,I T I T I 500 A I T I T S S S P P P P 200 R R P 200 P 200 R P P P P 200 P 200 P 200 I 200 I 200 I 200 A A A A B B B B B 200 B 200 B 200 B 200
957,I I T T I 500 A I T I T S S S P P P P P 200 P 200 P 200 P 200 S S S P P P P P 200 P 200 P 200 P 200 I 200 I 200 I 200 A A A A B B B B 200 B 200 B 200
958,I I T I 500 A I T I T T S S S P P P P 200 P 200 P 200 R R R P P P P 200 P 200 P 200 I 200 I 200 I 200 A A A A U U U 200 U 200 U U U 200 U 200 U U U 200 U 200 U U U 200 U 200 U U U 200 U 200 U U U 200 U 200 B B B B 200 B 200 B 200
959,I T I T I 500 I A T W W I T I T I 486 A I 486 A I 486 A I 486 A
960,I T I 407 A I T I T I 500 A I T I T S S S P P P P 200 S P 200 S P 200 S P P P P 200 P 200 P 200 S S S P P P P 200 P 200 P 200 S S S P P P P 200 P 200 P 200 S S S P P P P 200 P 200 P 200 S S S P P P P 200 P 200 P 200 C C C 200 C 200 C C 200 I 487 A I 487 A I 487 A
961,I T I 407 A I T I T I 500 A I T I T R R R R R P P P P 200 P 200 R P 200 I 200 I 200 I 200 A A A A B B B B 200 B 200 B 200
962,I T I 407 A I I T I 500 A I T I T T S S S P P P P 200 P 200 P 200 S S S P P P P 200 P 200 P 200 I 200 I 200 I 200 A A A A B B B B 200 B 200 B 200
963,I T I T I 500 A I T I T W W W P P P P 200 P 200 P 200 W W W P P P P 200 P 200 P 200 R R R P P P P 200 P 200 P 200 I 200 I 200 I 200 A A A A U U U 200 U 200 U U U 200 U 200 B B B B 200 B 200 B 200
964,I T I T I 500 A I T I T S S S P P P P 200 P 200 P 200 S S S P P P P 200 P 200 P 200 S S S P P P I 200 I 200 P 200 P 200 I 200 P 200 A A A A B B B B 200 B 200 B 200
965,I T I T I 500 A I T I T I T R R R R P P P P P 200 P 200 P 200 P 200 I 200 I 200 I 200 I 200 A A A A U U U 200 U 200 U U U 200 U 200 U U U U 200 U 200 U 200 U 200 U U U U 200 U 200 U 200 U 200 U U U 200 U 200 U U U 200 U 200 U U U 200 U 200 U U U 200 U 200 U U U 200 U 200 U U U 200 U 200 B B B B B 200 B 200 B 200 B 200
966,I T I 407 A I T I T I 500 A I T I T R R R P P P P P 200 P 200 P 200 P 200 I 200 I 200 I 200 A A A A B B B B 200 B 200 B 200
967,I T I T I 500 A I T I T I 486 I 486 A A I 486 A
968,I T I T I 500 A I T I T S S S P P P P 200 P 200 P 200 R R R P P P P 200 P 200 P 200 I 200 I 200 I 200 A A A A B B B B B B 200 B 200 B 200 B 200 B 200
969,I T I T I 500 A I T T I R R R R R P P R P P 200 P 200 P 200 I 200 I 200 I 200 A A A A B B B B 200 B 200 B 200
970,I T I T I 500 A I T W I W T I T S S S S P P P P P 200 P 200 P 200 P 200 R R R R P P P P P 200 P 200 P 200 P 200 C C 200 C C 200 I 487 A I 487 C C 200 C A C 200 I 487 A I 487 A
971,I T I T I 500 I I T I T A T R R R R P P P P P 200 P 200 P 200 P 200 I 200 I 200 I 200 I 200 A A A A U U U U 200 U 200 U 200 U 200 B B B B B 200 B 200 B 200 B 200
972,I T I T I 500 A I T I T I T R R R R P P P P P 200 P 200 P 200 P 200 I 200 I 200 I 200 I 200 A A A A U U U 200 U U 200 U U 200 U 200 B B B B B B 200 B 200 B 200 B 200
973,I T I 407 A I I T I 500 A I T I T T S S S P P P P 200 P 200 P 200 I 200 I 200 I 200 A A A A B B B B 200 B 200 B 200
974,I T I T I 500 A I T I T S S S P P P P 200 W W P 200 P 200 W P P P P 200 P 200 P 200 I 200 I 200 I 200 A A A A B B B B 200 B 200 B 200
975,I T I T I 500 I T A I T S S S P P P P 200 P 200 P 200 S S S P P P P 200 P 200 P 200 R R R P P P P 200 P 200 P 200 I 200 I 200 I 200 A A A A U U U U 200 U 200 U 200 U 200 U U U U 200 U 200 U 200 U 200 U U U 200 U 200 U U U 200 U 200 U U U 200 U 200 U U U 200 U 200 U U U 200 U 200 U U U 200 U 200 B B B B 200 B 200 B 200
976,I T I T I 500 A I T I T S S S P P P P 200 R R P 200 P 200 R P P P P 200 P 200 P 200 I 200 I 200 I 200 A A A A B B B B 200 B 200 B 200
977,I T I 407 A I T I T I 500 A I T I T I 500 A I 500 A I 500 A
978,I T I T I 500 A I T I T R R R P P P P 200 P 200 P 200 I 200 I 200 I 200 A A A A B B B B B 200 B 200 B 200 B 200
979,I T I T I 500 A I T I T R R R P P P P P 200 P 200 P 200 P 200 S S S P P P P P 200 P 200 P 200 P 200 S S S I 200 I 200 P P P P P 200 I 200 P 200 P 200 P 200 A A A A B B B B B 200 B 200 B 200 B 200
980,I T I 407 A I T I T I 500 A I T I T R R R P P P P P 200 P 200 P 200 P 200 C C C 200 C C 200 C 200 I 487 A I 487 A I 487 A
981,I T I T I 500 A I T I T R R R P P P P P 200 I 200 I 200 P 200 P 200 I 200 A P 200 A A A I T I T I I 200 I 200 I 200 A A A B B B B 200 B 200 B 200
982,I T I T I 500 A I T W W I T I T I 500 A I T I T I T R R R R R R P P P P P P P 200 P 200 P 200 P 200 P 200 P 200 C C 200 C C 200 I 487 A I 487 C C 200 A C C 200 C C 200 C C 200 I 487 A I 487 A I 487 A I 487 A
983,I T I T I 500 A I T I T I T R R R R P P P P P 200 P 200 P 200 P 200 I 200 I 200 I 200 I 200 A A A A U U U U U 200 U 200 U 200 U 200 U U U 200 U 200 U U 200 U 200 U U U 200 U 200 U U U 200 U 200 B B B B B 200 B 200 B 200 B 200
984,I T I T I 500 A I T I T W W I T S S S S P P P P P 200 P 200 S P 200 P 200 S S S P P P P P 200 S P 200 P 200 P 200 S S S P P P P P 200 P 200 P 200 P 200 R R R P P R P P P 200 P 200 P 200 P 200 C C 200 C C C 200 C C 200 I 487 A I 487 A C 200 I 487 A I 487 A
985,I T I T I 500 A I T I T S S S P P P P P 200 P 200 P 200 P 200 R R R P P P P P 200 P 200 P 200 P 200 C C C 200 C C 200 C 200 I 487 A I 487 A I 487 A
986,I T I T I 500 A I T I T I T I 486 I 486 A I 486 A I 486 A A
987,I T I T I 500 A I T I T S S S S S P P P P 200 R P 200 R P 200 R P P P P 200 P 200 P 200 S S S P P P P 200 P 200 P 200 U U U U 200 U 200 U U 200 I 200 I 200 I 200 I 200 I 200 A A A A B B B B 200 B 200 B 200
988,I T I T I 500 A I T I T S S S P P P P P 200 I 200 P 200 I 200 P 200 P 200 I 200 A A A A B B B B B 200 B 200 B 200 B 200
989,I T I T I 500 A I T I T R R R P P P P 200 P 200 P 200 I 200 I 200 I 200 A A A A U U U 200 U 200 U U U 200 U 200 U U U U 200 U 200 U 200 U 200 U U U 200 U 200 U U U 200 U 200 U U U 200 U 200 U U U 200 U 200 B B B B 200 B 200 B 200
990,I I T I 500 A T I T I T S S S P P P P 200 P 200 P 200 R R R P P P P 200 P 200 P 200 C C 200 C C 200 C C 200 I 487 A I 487 A I 487 A
991,I I T T I 500 A I T I T S S S P P P P 200 P 200 P 200 R R R P P P P 200 P 200 P 200 I 480 A I 480 A I 480 A
992,I T I 407 A I I T I 500 A T I T I T I 401 A I 401 A I 401 A
993,I T I T I 500 A I T I T R R R P P P P P 200 P 200 P 200 P 200 S S S P P P P P 200 P 200 P 200 P 200 S S S P P P P P 200 P 200 P 200 P 200 I 200 I 200 I 200 A A A A U U U 200 U 200 U U 200 U 200 U U U U 200 U 200 U 200 U 200 U U U 200 U 200 U U U 200 U 200 B B B B B 200 B 200 B 200 B 200
994,I T I 407 A I I T I 500 A T I T I T I 486 A I 486 A I 486 A
995,I T I 407 A I T I T I 500 A I T I T S S S P P P P P 200 S S P 200 P 200 P 200 S P P P P P 200 P 200 P 200 P 200 I 480 A I 480 A I 480 A
996,I T I T S S P P P 200 P 200 S S P P P 200 P 200 R R P P P 200 P 200 I 200 I 200 A A U U U 200 U 200 B B B 200 B 200
997,I T I 407 A I T I T I 500 A I T I T I 200 I 200 I 200 A A A A U U U 200 U U 200 U 200 U 200 B B B B B 200 B 200 B 200 B 200
998,I I T I 500 A I T I T T R R R P P P P P 200 P 200 P 200 P 200 I 200 I 200 I 200 A A A A B B B B 200 B 200 B 200
999,I I T I 500 A T I T I T I 500 A I T I T I T R R R R R P P P P P P 200 P 200 P 200 P 200 P 200 C C C 200 C 200 C C 200 C C 200 C C 200 I 487 A I 487 A I 487 A I 487 A I 487 A
1000,I T I T I 500 A I T I T S S S S S P P P P 200 P 200 P 200 I 200 I 200 I 200 A A A A B B B B 200 B 200 B 200
1001,I I T T I 500 A I T I T R R R P P P P 200 P 200 P 200 C C 200 C C C 200 C 200 I 487 A I 487 A I 487 A
1002,I T I T I 500 A I T I T R R R I 200 I 200 I 200 P P P P P 200 P 200 P 200 P 200 A A A A I T I T I I 200 I 200 I 200 A A A B B B B 200 B 200 B 200
1003,I T I T S S S S C C 200 C C 200 I 487 A I 487 A
1004,I T I T I 500 A I T I T S S S S S P P P P 200 R P 200 R P 200 R P P P P 200 P 200 P 200 C C C 200 C C 200 I 487 A I 487 A C 200 I 487 A
1005,I I T T I 500 A I T I T R R R P P P P P 200 P 200 P 200 P 200 I 200 I 200 I 200 A A A A U U U U 200 U 200 U 200 U 200 U U U 200 U U 200 U 500 U 500 B B B B B 200 B 200 B 200 B 200
1006,I I T I 500 A I T T I T S S S P P P P 200 P 200 P 200 R R R P P P P 200 P 200 P 200 I 200 I 200 I 200 A A A A B B B B 200 B 200 B 200
1007,I T I T I 500 A I T I T I 500 A I T I T I T R R R R R P P P P P P 200 P 200 P 200 P 200 P 200 I 200 I 200 I 200 I 200 I 200 A A A A A U U U 200 U U U 200 U 200 U 200 U 200 B B B B B 200 B 200 B 200 B 200
1008,I T I T I 500 A I T I T R R R R R P P P P 200 P 200 P 200 I 200 I 200 I 200 A A A A B B B B 200 B 200 B 200
1009,I T I T I 500 A I I T I C C 200 T C C C 200 T C C 200 I 487 C 200 A I 487 A R R I 487 A I 487 A
1010,I T I 407 A I T I T I 500 A I T I T S S S P P P P P 200 P 200 P 200 P 200 C C 200 C C 200 C C 200 I 487 A I 487 A I 487 A
1011,I T I 407 A I T I T I 500 A I T I T S S S P P P P 200 P 200 P 200 S S S P P P P 200 P 200 P 200 I 200 I 200 I 200 A A A A U U U 200 U 200 U U U 200 U 200 U U U 200 U 200 U U U 200 U 200 U U U 200 U 200 U U U 200 U 200 B B B B 200 B 200 B 200
1012,I I T I 500 A T I T I T S S S P P P P P 200 R P 200 P 200 P 200 R R P P P P P 200 P 200 P 200 P 200 I 200 I 200 I 200 A A A A B B B B B 200 B 200 B 200 B 200
1013,I T I T I 500 A I T I T I T R R R R P P P P P 200 P 200 P 200 P 200 I 200 I 200 I 200 I 200 A A A A U U U U U 200 U 200 U 200 U U U 200 U 200 U U U 200 U 200 B B B B B 200 B 200 B 200 B 200
1014,I T I 407 A I I T I 500 A I T I T T S S S P P P P P 200 P 200 P 200 P 200 R R R I 480 A I 480 A P I 480 A P 481
1015,I I T I 500 A T I T I T S S S P P P P 200 P 200 P 200 U U U U 200 U 200 U 200 I 200 I 200 I 200 A A A A U U U 200 U 200 U U U 200 U 200 U U U 200 U 200 U U U 200 U 200 U U U 200 U 200 U U U 200 U 200 B B B B B 200 B 200 B 200 B 200
1016,I I T I 500 A T I T I T I 500 A I T I T I T R R R R R P P P P P P 200 P 200 P 200 P 200 P 200 C C 200 C C 200 C C 200 C C 200 C C 200 I 487 A I 487 A I 487 A I 487 A I 487 A
1017,I T I T R R P P P 200 P 200 I 200 I 200 A A B B B 408 B 200
1018,I T I 407 A I T I T I 500 A I T I T S S S P P P P 200 P 200 P 200 R R R P P P P 200 P 200 P 200 S S S P P P P 200 P 200 P 200 S S S P P P P 200 P 200 P 200 I 200 I 200 I 200 A A A A B B B B 200 B 200 B 200
1019,I T I T I 500 A I T I T S S S P P P P P 200 S S P 200 P 200 P 200 S P P P P P 200 S P 200 S P 200 P 200 S P P P P P 200 P 200 P 200 P 200 R R R P P P P P 200 P 200 P 200 P 200 I 486 A I 486 A I 486 A
1020,I T I 407 A I T I T I 500 A I T I T S S S S S P P P P P 200 P 200 P 200 P 200 R R R P P P P R R P 200 P 200 P 200 P 200 I 200 I 200 I 200 A A A A B B B B 200 B 200 B 200
1021,I T I 407 A I T I T I 500 I T A I T I 404 A I 404 A S P P P 200 P 200 C C 200 I 404 A
1022,I T I 407 A I T I T I 500 A I T I T I 200 I 200 I 200 A A A A U U U 200 U 200 U U U 200 U 200 U U U 200 U U 200 U 200 U 200 B B B B 200 B 200 B 200
1023,I T I T I 500 A I T I T S S S P P P P P 200 P 200 P 200 P 200 R R R P P P P P 200 P 200 P 200 P 200 I 200 I 200 I 200 A A A A U U U 200 U 200 U U U 200 U 200 U U U 200 U 200 U U U 200 U 200 U U U 200 U 200 U U U 200 U 200 U U U 200 U 200 U U U 200 U 200 U U U 200 U 200 U U U 200 U 200 U U U 200 U 200 U U U 200 U 200 B B B B B 200 B 200 B 200 B 200
1024,I I T T I 500 A I T I T R R R R R P P P P 200 P 200 P 200 I 200 I 200 I 200 A A A A I T I T I I 200 I 200 I 200 A A A B B B B 200 B 200 B 200
1025,I T I 407 A I I T I 500 A T I T I T I 500 A I T I T I T R R R R R P P P P P P 200 P 200 P 200 P 200 P 200 I 200 I 200 I 200 I 200 I 200 A A A A A U U U U U 200 U 200 U 200 U 200 U U 200 U U U U U 200 U 200 U 200 U 200 U U 200 B B B B B 200 B 200 B 200 B 200
1026,I T I T I 500 A I T I T S S S P P P P P 200 P 200 P 200 P 200 S S S P P P P P 200 P 200 P 200 P 200 I 486 A I 486 A I 486 A
1027,I T I 407 A I T I T I 500 A I T I T I 500 A I T I T I T R R R R R P P P P P P 200 P 200 P 200 P 200 P 200 C C 200 C C C 200 C C 200 C C 200 C 200 I 487 A I 487 A I 487 A I 487 A I 487 A
1028,I T I T I 500 A I T I T I 500 A I T I T I T R R R R R P P P P P P 200 P 200 P 200 P 200 P 200 C C C 200 C C 200 C C 200 C C 200 I 487 A I 487 A I 487 A I 487 A C 200 I 487 A
1029,I I T I 500 A I T I T T S S S P P P P 200 P 200 P 200 R R R P P P P 200 P 200 P 200 I 200 I 200 I 200 A A A A B B B B 200 B 200 B 200
1030,I T I 407 A I I T T I 500 A I T I T S S S P P P P 200 P 200 P 200 C C C 200 C C 200 C 200 I 487 A I 487 A I 487 A
1031,I T I T I 500 A I T I T I 200 I 200 I 200 A A A A U U U 200 U 200 U U U 200 U 200 U U U 200 U 200 U U U 200 U 200 U U U 200 U 200 U U U 200 U 200 U U U 200 U 200 U U U 200 U 200 U U U 200 U 200 U U U 200 U 200 B B B B 200 B 200 B 200
1032,I T I T I 500 A I T W W I T I T S S S S P P P P P 200 P 200 P 200 P 200 S S S S P P P P P 200 S P 200 S P 200 S P 200 S P P P P P 200 P 200 P 200 P 200 R R R R P P P P P 200 P 200 P 200 P 200 I 200 I 200 I 200 I 200 A A A A B B B B B 200 B 200 B 200 B 200
1033,I T I T S S P P P 200 P 200 R R P P 200 P P 200 C C 200 C C 200 I 487 I 487 A A
1034,I T I T I 500 I T A I T I 500 A I T I T I T R R R R R P P P P P P 200 P 200 P 200 P 200 P 200 I 200 I 200 I 200 I 200 I 200 A A A A A B B B B B 200 B 200 B 200 B 200
1035,I I T T I 500 I T A I T R R R P P P P 200 P 200 P 200 I 200 I 200 I 200 A A A A B B B B 200 B 200 B 200
1036,I T I T I 500 A I T W W I T I T S S S S P P P P P 200 P 200 P 200 P 200 S S S S P P P P P 200 P 200 P 200 P 200 R R R R I 200 I 200 I 200 I 200 A A A A B B B B B 200 B 200 B 200 B 200
1037,I T I T I 500 A I T I T W W I T S S S S P P P P P 200 P 200 P 200 P 200 R R R R P P P P P 200 P 200 P 200 P 200 C C 200 C C 200 C C 200 C I 487 A I 487 C 200 I 487 A I 487 A A
1038,I T I T R R P P P 200 P 200 I 200 I 200 A A U U U 200 U 200 U U U 200 U 200 U U U 200 U 200 U U U 200 U 200 B B B 200 B 200
1039,I T I T I 500 A I T I T S S S P P P P 200 P 200 P 200 R R R P P P P 200 P 200 P 200 W W W P P P P 200 P 200 P 200 S S S P P P P 200 P 200 P 200 C C C 200 C C 200 C 200 I 487 A I 487 A I 487 A
1040,I T I 407 A I I T I 500 A I T T I T I 500 A I T I T I T R R R R R P P P P P P 200 P 200 P 200 P 200 P 200 I 200 I 200 I 200 I 200 I 200 A A A A A U U U 200 U 200 U U U 200 U 200 U U 200 B B B B B B 200 B 200 B 200 B 200 B 200
1041,I T I 407 A I T I T I 500 A I T I T S S S P P P P 200 S P 200 S P 200 S P P P P 200 P 200 P 200 I 200 I 200 I 200 A A A A B B B B 200 B 200 B 200
1042,I T I 407 A I T I T I 500 A I T I T S S S P P P P 200 S S P 200 P 200 S P P P P 200 P 200 P 200 S S S P P P P 200 P 200 P 200 C C C 200 C C 200 I 487 A I 487 C 200 A I 487 A
1043,I T I 407 A I T I T I 500 A I T I T R R R P P P P P 200 P 200 P 200 P 200 C C C 200 C C 200 I 487 A I 487 A C 200 I 487 A
1044,I T I 407 A I T I T I 500 A I T I T I 404 A I 404 A S P P P 200 P 200 I 404 A
1045,I T I T I 500 A I T I T S S S P P P P P 200 P 200 P 200 P 200 R R R R R P P P P P 200 P 200 P 200 P 200 I 200 I 200 I 200 A A A A B B B B B 200 B 200 B 200 B 200
1046,I T I T I 500 A I I T T I T R R R R P P P P P 200 P 200 P 200 P 200 C C 200 C C C 200 C C 200 C 200 I 487 A I 487 A I 487 A I 487 A
1047,I T I 407 A I T I T I 500 I T A I T I 484 A I 484 A I 484 A
1048,I I T I 500 T A I T I T S S S P P P P P 200 P 200 P 200 P 200 I 486 A I 486 A I 486 A
1049,I T I T I 500 A I T I T R R I 200 I 200 R I 200 P P P P P 200 P 200 P 200 P 200 A A A A I T I T I I 200 I 200 I 200 A A A B B B B 200 B 200 B 200
1050,I T I 407 A I T I T I 500 A I T I T S S S P P P P P 200 R P 200 R P 200 P 200 R P P P P P 200 P 200 P 200 P 200 I 200 I 200 I 200 A A A A I T I T I I 200 I 200 I 200 A A A I T I T I T I 200 I 200 I 200 A A A A B B B B B 200 B 200 B 200 B 200
1051,I T I T I 500 A I T I T I T R R R R P P P P P 200 P 200 P 200 P 200 I 200 I 200 I 200 I 200 A A A A B B B B 200 B B 200 B 200 B 200
1052,I T I T I 500 A I T I T R R R P P P P P 200 P 200 P 200 P 200 S S S P P P P P 200 P 200 P 200 P 200 S S S P P P P P 200 P 200 P 200 P 200 I 200 I 200 I 200 A A A A B B B B 200 B 200 B 200
1053,I T I T I 500 A I T I T S S S P P P P 200 S S P 200 P 200 S P P P P 200 P 200 P 200 R R R P P P P 200 P 200 P 200 C C C 200 C C 200 I 487 A I 487 A C 200 I 487 A
1054,I T I T I 500 A I T I T R R R P P P P 200 P 200 P 200 S S S P P P P 200 P 200 P 200 S S S P P P P 200 P 200 P 200 C C 200 C C 200 C C 200 I 487 A I 487 A I 487 A
1055,I T I T I 500 A I T I T I T R R R R P P P P P 200 P 200 P 200 P 200 I 200 I 200 I 200 I 200 A A A A U U U U 200 U 200 U 200 U 200 U U U 200 U 200 U U U 200 U 200 U U U U 200 U 200 U 200 U 200 U U U 200 U 200 U U U 200 U 200 U U U U 200 U 200 U 200 U 200 U U U U 200 U 200 U 200 U 200 U U U U 200 U 200 U 200 U 200 U U U 200 U 200 U U U 200 U 200 U U U 200 U 200 U U U 200 U 200 U U U 200 U 200 U U U 200 U 200 U U U 200 U 200 U U U 200 U 200 U U U 200 U 200 U U U 200 U 200 U U U 200 U 200 U U U 200 U 200 B B B B B 200 B 200 B 200 B 200
1056,I T I 407 A I I T T I 500 A I T I T S S S P P P P P 200 P 200 P 200 P 200 R R R P P P P P 200 P 200 P 200 P 200 I 200 I 200 I 200 A A A A B B B B B 200 B 200 B 200 B 200
1057,I T I 407 A I T I T I 500 A I T I T S S S P P P P 200 P 200 P 200 S S S P P P P 200 P 200 P 200 R R R P P P P 200 P 200 P 200 I 200 I 200 I 200 A A A A U U U 200 U 200 U U U 200 U 200 U U U 200 U 200 U U U 200 U 200 B B B B B 200 B 200 B 200 B 200
1058,I T I T I 500 A I T I T W W I T S S S S P P P P P 200 P 200 P 200 P 200 S S S S P P P P P 200 P 200 P 200 P 200 I 200 I 200 I 200 I 200 A A A A I T I T I T I T I 200 I 200 I 200 I 200 A A A A B B B B B 200 B 200 B 200 B 200
1059,I T I 407 A I T I T I 500 A I T I T R R R P P P P P 200 P 200 P 200 P 200 I 200 I 200 I 200 A A A A U U U 200 U 200 U U U 200 U 200 U U U U 200 U 200 U 200 U 200 U U U 200 U 200 U U U 200 U 200 B B B B 200 B 200 B 200
1060,I T I T I 500 A I T I T I T R R R R P P P P P 200 P 200 P 200 P 200 I 200 I 200 I 200 I 200 A A A A U U U U 200 U 200 U 200 U 200 U U U 200 U 200 U U 200 U 200 U U U 200 U 200 U U U 200 U 200 U U U 200 U 200 U U U 200 U 200 B B B B B 200 B 200 B 200 B 200
1061,I I T I 500 A I T T I T R R R P P P P P 200 P 200 P 200 P 200 I 200 I 200 I 200 A A A A B B B B 200 B 200 B 200
1062,I I T I 500 A T I T I T S S S P P P P P 200 P 200 P 200 P 200 R R R P P P P P 200 I 200 I 200 P 200 P 200 I 200 P 200 A A A A B B B B 200 B 200 B 200
1063,I T I 407 A I I T T I 500 A I T I T I 486 A I 486 A I 486 A
1064,I I T T I 500 A I T I T R R R P P P P P 200 P 200 P 200 P 200 I 200 I 200 I 200 A A A A U U U 200 U 200 U U 200 U 200 U U U 200 U 200 U U U 200 U 200 U U U 200 U 200 U U U 200 U 200 B B B B B 200 B 200 B 200 B 200
1065,I T I T I 500 A I T I T S S S P P P P P 200 S P 200 S P 200 P 200 S P P P P P 200 P 200 P 200 P 200 R R R P P P P P 200 P 200 P 200 P 200 I 200 I 200 I 200 A A A A U U U 200 U U 200 U 200 U 200 U U U U 200 U 200 U 200 U 200 B B B B B 200 B 200 B 200 B 200
1066,I T I T I 500 A I T I T R R R P P P P P 200 P 200 P 200 P 200 I 200 I 200 I 200 A A A A U U U 200 U 200 U U U 200 U 200 B B B B 200 B 200 B B 200 B 200
1067,I T I T I 500 A I T I T R R R P P P P 200 P 200 P 200 I 486 A I 486 A I 486 A
1068,I T I 407 A I T I T I 500 A I T I T I 500 A I I T T I T R R R R R P P P P P P 200 P 200 P 200 P 200 P 200 I 200 I 200 I 200 I 200 I 200 A A A A A B B B B B 200 B 200 B 200 B 200
1069,I T I T I 500 A I T I T S S S P P P P 200 S P 200 S P 200 S P P P P 200 P 200 P 200 R R R P P P P 200 P 200 P 200 S S S P P P P 200 P 200 P 200 S S S P P P P 200 P 200 P 200 S S S P P P P 200 P 200 P 200 S S S P P P P 200 P 200 P 200 I 200 I 200 I 200 A A A A U U U 200 U 200 U U 200 U 200 B B B B 200 B 200 B 200
1070,I T I T I 500 A I T I T I 500 A I T I T I T I R R R R R P P P P T P P 200 P 200 P 200 P 200 P 200 I 408 A I 200 I 200 I 200 I 200 I 200 A A A A A B B B B B B 200 B 200 B 200 B 200 B 200
1071,I T I T I 500 A I T I T S S S P P P P 200 R P 200 R P 200 R P P P P 200 P 200 P 200 I 200 I 200 I 200 A A A A U U U U 200 U 200 U 200 U 200 B B B B 200 B 200 B 200
1072,I T I 407 A I T I T I 500 A I T I T R R R P P P P 200 I 200 I 200 P 200 I 200 P 200 A A A A U U U U 200 U 200 U 200 U 200 U U U U 200 U 200 U 200 U 200 B B B B 200 B 200 B 200
1073,I I T I 500 A I T T I T I 486 A I 486 A I 486 A
1074,I T I T I 500 A I T I T I T R R R R P P P P P 200 P 200 P 200 P 200 I 200 I 200 I 200 I 200 A A A A U U U 200 U U 200 U 200 U 200 U U U 200 U 200 U U U 200 U 200 U U U 200 U U 200 U 200 U 200 B B B B B 200 B 200 B 200 B 200
1075,I T I T I 500 A I T I T I T R R R R P P P P P 200 P 200 P 200 P 200 C C C 200 C C 200 C C 200 C 200 I 487 A I 487 A I 487 I 487 A A
1076,I T I 407 A I I T T I 500 A I T I T S S S P P P P 200 P 200 P 200 I 200 I 200 I 200 A A A A B B B B 200 B 200 B 200
1077,I T I T I 500 A I T I T S S S P P P P 200 P 200 P 200 S S S P P P P 200 P 200 P 200 C C 200 C C 200 C C 200 I 487 A I 487 A I 487 A
1078,I T I T I 500 A I T I T S S S P P P P 200 R P 200 R P 200 R P P P P 200 P 200 P 200 I 500 A I 500 A I 500 A
1079,I T I 407 A I I T I 500 A T I T I T I 500 A I T I T I T R R R R R P P P P P P 200 P 200 P 200 P 200 I 200 I 200 I 200 I 200 A A A A A B B B B B B 200 B 200 B 200 B 200 B 200
1080,I I T T I 500 A I T I T R R R P P P P 200 P 200 P 200 I 200 I 200 I 200 A A A A U U U 200 U 200 U U U 200 U 200 U U U U 200 U 200 U 200 U 200 U U U 200 U 200 U U U 200 U 200 U U U 200 U 200 U U U 200 U 200 U U U 200 U 200 U U U 200 U 200 U U U 200 U 200 U U U 200 U 200 U U U 200 U 200 U U U 200 U 200 B B B B B 200 B 200 B 200 B 200
1081,I I T I 500 A T I T I T R R R P P P P 200 P 200 P 200 I 200 I 200 I 200 A A A A U U U 200 U 200 U U U 200 U 200 B B B B 200 B 200 B 200
1082,I T I T I 500 A I T W W I T I T I 200 I 200 I 200 I 200 A A A A B B B B B 200 B 200 B 200 B 200
1083,I T I T I 500 A I T I T I 500 I T I T I T A R R R R R P P P P P P 200 P 200 P 200 P 200 P 200 I 200 I 200 I 200 I 200 I 200 A A A A A I T I T I T I T I I 200 I 200 I 200 I 200 A A A A I I T I T I T I T I 200 I 200 I 200 I 200 A A A A B B B B B B 200 B 200 B 200 B 200 B 200
1084,I I T I 500 A I T I T T S S S P P P P 200 S S P 200 P 200 S P P P P 200 R P 200 R P 200 R P P P P 200 P 200 P 200 I 200 I 200 I 200 A A A A B B B B 200 B 200 B 200
1085,I T I T I 500 A I T I T S S S P P P P 200 P 200 P 200 S S S P P P P 200 P 200 P 200 R R R P P P P 200 P 200 P 200 I 200 I 200 I 200 A A A A U U U U 200 U 200 U 200 U 200 U U U U 200 U 200 U 200 U 200 B B B B 200 B 200 B 200
1086,I T I 407 A I I T T I 500 A I T I T R R R P P P P P 200 P 200 P 200 P 200 I 200 I 200 I 200 A A A A B B B B 200 B 200 B 200
1087,I T I T I 500 A I T I T I T R R R R P P P P P 200 P 200 P 200 P 200 I 200 I 200 I 200 I 200 A A A A U U U U 200 U 200 U 200 U 200 U U U 200 U 200 U U 200 U 200 U U U 200 U 200 U U U 200 U 200 U U U 200 U 200 U U U 200 U 200 U U U 200 U 200 U U U 200 U 200 U U U 200 U 200 U U U 200 U 200 U U U 200 U 200 U U U 200 U 200 U U U 200 U 200 U U U 200 U 200 U U U 200 U 200 U U U 200 U 200 B B B B B 200 B 200 B 200 B 200
1088,I T I T I 500 A I T I T I 500 A I T I T I T R R R R R P P P P P P 200 P 200 P 200 P 200 P 200 I 200 I 200 I 200 I 200 I 200 A A A A A B B B B B 200 B 200 B 200 B 200 B 200
1089,I T I T I 500 A I T I T I T R R R R P P P P P 200 P 200 P 200 P 200 I 200 I 200 I 200 I 200 A A A A U U U 200 U U 200 U U 200 U 200 U U U U 200 U 200 U 200 U 200 B B B B B 200 B 200 B 200 B 200
1090,I T I T I 500 A I I T I T T I 200 I 200 I 200 I 200 A A A A U U U U 200 U 200 U 200 U 200 B B B B B B 200 B 200 B B 481 B 481 B 200 B 200
1091,I T I T I 500 A I T I T S S S P P P P P 200 P 200 P 200 P 200 I 200 I 200 I 200 I 200 I 200 A A A A B B B B B 200 B 200 B 200 B 200
1092,I T I T I T R R R P P 200 I 200 I 200 I 200 A B B 200
1093,I T I T I 500 A I T I T S S S P P P P 200 S P 200 S P 200 S P P P P 200 S S P 200 P 200 S P P P P 200 P 200 R R P 200 R P P P P 200 P 200 P 200 I 200 I 200 I 200 A A A A B B B B B 200 B 200 B 200 B 200
1094,I T I T I 500 A I T I T I 500 A I T I T I T R R R R R P P P P P P 200 P 200 P 200 P 200 P 200 I 200 I 200 I 200 I 200 I 200 A A A A A B B B B B B 481 B 481 B 481 B 200 B 200 B 200
1095,I T I T I 500 A I T I T I 500 A I T I T I T R R R R R P P P P P P 200 P 200 P 200 P 200 P 200 I 200 I 200 I 200 I 200 I 200 A A A A A U U U U 200 U U 200 U 200 U 200 U U 200 U U U 200 U 200 U U U 200 U 200 U U 200 U U U 200 U 200 U U U 200 U 200 U U 200 U U U 200 U 200 U U U 200 U 200 B B B B B B 200 B 200 B 200 B 200 B 200
1096,I T I T I 500 A I T I W T W I T S S S S P P P P P 200 P 200 P 200 P 200 C C 200 C C 200 C C 200 C C 200 I 487 A I 487 A I 487 A I 487 A
1097,I T I 407 A I I T I 500 A I T T I T R R R P P P P P 200 P 200 P 200 P 200 I 200 I 200 I 200 A A A A B B B B B 200 B 200 B 200 B 200
1098,I T I T I 500 A I T I T I T R R R R P P P P P 200 P 200 P 200 P 200 I 200 I 200 I 200 I 200 A A A A U U U U 200 U 200 U 200 U 200 U U U 200 U 200 U U 200 U 200 U U U 200 U 200 U U U 200 U 200 U U U 200 U 200 U U U 200 U 200 U U U 200 U 200 U U U 200 U 200 B B B B B 200 B 200 B 200 B 200
1099,I T I 407 A I T I T I 500 A I T I T S S S P P P P P 200 P 200 P 200 P 200 S S S P P P P P 200 P 200 P 200 P 200 S S S P P P P P 200 P 200 P 200 P 200 S S S P P P P P 200 P 200 P 200 P 200 I 480 A I 480 A I 480 A
1100,I T I 407 A I I T I 500 A T I T I T R R R P P P P P 200 P 200 P 200 P 200 I 200 I 200 I 200 A A A A B B B B B 200 B 200 B 200 B 200
1101,I T I 407 A I I T T I 500 A I T I T S S S P P P P 200 P 200 P 200 S S S P P P P 200 P 200 P 200 R R R I 200 I 200 I 200 A A A A B B B B 200 B 200 B 200
1102,I T I T I T I T R R I 200 I 200 S S P P P 200 P 200 I 200 I 200 A A A A B B B 200 B B 200 B B 200 B 200
1103,I T I T I 500 A I T I T I T R R R R P P P P P 200 P 200 P 200 P 200 C C 200 C C 200 C C 200 C C 200 I 487 A I 487 A
1104,I T I T I 500 A I T I T S S S P P P P 200 P 200 P 200 R R I 200 I 200 R P I 200 P P P 200 P 200 A P 200 A A A U U U 200 U 200 U U U 200 U 200 U U U U 200 U U 200 U 200 U 200 B B B B 200 B 200 B 200
1105,I T I T I 500 I T I T A I T R R R R P P P P P 200 P 200 P 200 P 200 C C 200 C C 200 C C 200 C C 200 I 487 A I 487 A I 487 A I 487 A
1106,I T I T I 500 I T A I T R R R P P P P 200 P 200 P 200 I 200 I 200 I 200 A A A A B B B B B 200 B 200 B 200 B 200
1107,I T I T I 500 A I T I T I T R R R R P P P P P 200 P 200 P 200 P 200 I 200 I 200 I 200 I 200 A A A A U U U 200 U U 200 U 200 U 200 U U U 200 U 200 U U U 200 U 200 B B B B B 200 B 200 B 200 B 200
1108,I T I T I 500 A I T I T I T R R R R P P P P P 200 P 200 P 200 P 200 I 200 I 200 I 200 A I 200 A A A U U U U 200 U 200 U 200 U 200 U U U 200 U 200 U U U 200 U 200 U U U 200 U 200 U U U 200 U 200 B B B B B 200 B 200 B 200 B 200
1109,I T I T I 500 A I T W I W T I T S S S S P P P P P 200 P 200 P 200 S P 200 S S S P P P P P 200 S P 200 P 200 P 200 S S S P P P P P 200 P 200 P 200 P 200 R R R R P P P P P 200 P 200 P 200 P 200 C C 200 C C 200 I 487 A C I 487 C 200 C A C 200 I 487 A I 487 A
1110,I T I 407 A I T I T I 500 A I T I T R R R P P P P 200 R R P 200 P 200 R I 200 I 200 I 200 P P P P 200 P 200 P 200 A A A A I T I T I I 200 I 200 I 200 A A A B B B B 200 B 200 B 200
1111,I T I T I 500 A I T I 500 A I T I T I T R R R R P P P P P 200 P 200 P 200 P 200 I 200 I 200 I 200 I 200 A A A A U U U 200 U 200 U U U 200 U 200 B B B B B B 200 B B 200 B 200 B 481 B 200 B 481
1112,I T I T I 500 A I T I T W W I T S S S S P P P P P 200 P 200 P 200 P 200 I 480 A I 480 A I 480 A I 480 A
1113,I I T I 500 A T I T I T I 500 A I 500 A I 500 A
1114,I T I 407 A I I T T I 500 A I T I T S S S P P P P 200 P 200 P 200 R R R P P P P 200 P 200 P 200 C C 200 C C 200 C C 200 I 487 A I 487 A I 487 A
1115,I I T I 500 A I T T I T R R R I 200 I 200 P P I 200 P P P 200 P 200 P 200 A A A A P 200 U U U 200 U 200 U U U 200 U 200 B B B B 200 B 200 B 200
1116,I T I T I 500 I T A I T S S S P P P P 200 P 200 P 200 I 200 I 200 I 200 A A A A B B B B B 200 B 200 B 200 B 200
1117,I T I 407 A I I T T I 500 A I T I T I 500 A I T I T I T R R R R R P P P P P P 200 P 200 P 200 P 200 P 200 I 200 I 200 I 200 I 200 I 200 A A A A A U U U 200 U 200 U 200 U 200 U 200 U U U U 200 U 200 U U U 200 U 200 U U U 200 U 200 U U U 200 U 200 U U U 200 U 200 U U U 200 U 200 U 200 U U U 200 U 200 U U 200 U U U 200 U 200 B B B B B 200 B 200 B 200 B 200
1118,I T I T I 500 A I T I T I T R R R R P P P P P 200 P 200 P 200 P 200 I 200 I 200 I 200 I 200 A A A A U U U 200 U 200 U U U 200 U 200 U U U 200 U 200 U U U 200 U 200 U U U 200 U 200 U U U 200 U 200 U U U 200 U 200 U U U 200 U 200 U U U U 200 U 200 U 200 U 200 U U U 200 U 200 U U U 200 U 200 U U U 200 U 200 U U U 200 U 200 U U U 200 U 200 U U U 200 U 200 B B B B B 200 B 200 B 200 B 200
1119,I T I T I 500 A I T I T W W I T R R R R P P P P P 200 P 200 P 200 P 200 I 200 I 200 I 200 I 200 A A A A B B B B B 200 B 200 B 200 B 200
1120,I T I T I 500 A I T I T R R R P P P P P 200 P 200 P 200 P 200 I 200 I 200 I 200 A A A A U U U U 200 U 200 U 200 U 200 U U U 200 U 200 U U U 200 U 200 U U U 200 U 200 U U U 200 U 200 U U U 200 U 200 U U U 200 U 200 U U U 200 U 200 U U U 200 U 200 U U U 200 U 200 U U U 200 U 200 B B B B B 200 B 200 B 200 B 200
1121,I T I T I 500 A I T I T R R R P P P P 200 P 200 P 200 I 200 I 200 I 200 A A A A U U U 200 U U 200 U 200 U 200 B B B B 200 B 200 B 200
1122,I I T I 500 A T I T I T S S S P P P P 200 P 200 P 200 R R R P P P P 200 P 200 P 200 S S S P P P P 200 P 200 P 200 S S S P P P P 200 P 200 P 200 I 200 I 200 I 200 A A A A B B B B 200 B 200 B 200
1123,I T I T I 500 A I I T I T T R R R R I 200 I 200 I 200 I 200 A A A A I I T T I T I T I 200 I 200 I 200 I 200 A A A A B B B 200 B 200 U U U 200 U 200 B B B 200 B 200
1124,I T I T I 500 A I T I T R R R P P P P P 200 P 200 P 200 P 200 S S S P P P P P 200 I 200 I 200 P 200 P 200 I 200 P 200 A A A A B B B B 200 B 200 B 200
1125,I T I 407 A I T I T I 500 A I T I T R R R P P P P P 200 P 200 P 200 P 200 I 200 I 200 I 200 A A A A I T I T I I 200 I 200 I 200 A A A B B B B 200 B 200 B 200
1126,I T I 407 A I I T T I 500 A I T I T R R R I 200 I 200 P I 200 P P P 200 P 200 P 200 A A A A B B B B 200 B 200 B 200
1127,I T I T I 500 A I T I T I 200 I 200 I 200 A A A A B B B B 200 B 200 B 200 B B 200
1128,I T I T I 500 A I T I T I 500 I A T I T I T R R R R R P P P P P P 200 P 200 P 200 P 200 P 200 I 200 I 200 I 200 I 200 I 200 A A A A A B B B B B 200 B 200 B 200 B 200
1129,I T I 407 A I T I T I 500 A I T I T I 200 I 200 I 200 A A A A U U U 200 U 200 U U U 200 U 200 U U U 200 U 200 U U U 200 U 200 U U U 200 U 200 U U U 200 U 200 U U U 200 U 200 U U U 200 U 200 U U U 200 U 200 U U U 200 U 200 B B B B 200 B 200 B 200
1130,I T I T I 500 A I T I T I I T T R R R R P P P P P 200 P 200 P 200 P 200 I 200 I 200 C I 200 I 200 C 200 A A A A I 487 A B B B B B 200 B 200 B 200 B 200
1131,I T I T I 500 A I T W W I T I T S S S S P P P P P 200 P 200 P 200 P 200 R R R R P P P P P 200 P 200 P 200 P 200 I 200 I 200 I 200 I 200 A A A A U U U U 200 U 200 U 200 U 200 B B B B B 200 B 200 B 200 B 200
1132,I T I T I 500 A I T I T S S S P P P P P 200 S S P 200 P 200 P 200 S P P P P P 200 P 200 P 200 P 200 R R R P P P P P 200 P 200 P 200 P 200 I 200 I 200 I 200 A A A A I T I T I I 200 I 200 I 200 A A A U U U 200 U U 200 U U 200 U 200 B B B B 200 B 200 B 200
1133,I T I T I 500 A I T I T S S S P P P P 200 S P 200 S P 200 S P P P P 200 P 200 P 200 S S S P P P P 200 P 200 P 200 C C 200 C C 200 C C 200 I 487 A I 487 A I 487 A
1134,I T I T I 500 A I T I T I T R R R R P P P P P 200 P 200 P 200 P 200 C C 200 C C 200 C C C 200 C 200 I 487 A I 487 A I 487 I 487 A A
1135,I T I T I 500 A I T I T S S S P P P P P 200 P 200 P 200 P 200 I 200 I 200 I 200 A A A A U U U U 200 U 200 U 200 U 200 U U U 200 U 200 U U U 200 U 200 B B B B B 200 B 200 B 200 B 200
1136,I T I T I 500 A I T I T I T R R R R P P P P P 200 P 200 P 200 P 200 I 200 I 200 I 200 I 200 A A A A U U U 200 U 200 U U 200 U 200 U U U U 200 U 200 U 200 U 200 B B B B B 200 B 200 B 200 B 200
1137,I T I T I 500 A I T I T W W I T I 200 I 200 I 200 I 200 A A A A B B B B B 200 B 200 B 200 B 200
1138,I T I T I 500 A I T I T R R R P P P P 200 I 200 I 200 P 200 I 200 P 200 A A A A B B B B 200 B 200 B 200
1139,I I T I 500 A I T T I T S S S P P P P P 200 P 200 P 200 P 200 R R R P P P P P 200 P 200 P 200 P 200 I 200 I 200 I 200 I 200 I 200 A A A A B B B B 200 B 200 B 200
1140,I I T T I 500 A I T I T R R R P P P P P 200 P 200 P 200 P 200 I 200 I 200 I 200 A A A A U U U 200 U 200 U U U 200 U 200 U U U 200 U 200 U U U 200 U 200 B B B B B 200 B 200 B 200 B 200
1141,I T I 407 A I T I T I 500 A I T I T S S S P P P P P 200 P 200 P 200 P 200 I 200 I 200 I 200 A A A A I T I T I T I 200 I 200 I 200 A A A B A B 200 B B B 200 B 200
1142,I T I 407 A I T I T I 500 A I T I T I 500 A I I T T I T R R R R R P P P P P P 200 P 200 P 200 P 200 P 200 I 200 I 200 I 200 I 200 I 200 A A A A A B B B B B B B 200 B 200 B 200 B 200 B 200
1143,I T I 407 A I T I T I 500 A I T I T R R R P P P P P 200 P 200 P 200 P 200 I 200 I 200 I 200 A A A A U U U 200 U 200 U U U 200 U 200 U U U 200 U 200 U U U 200 U 200 U U U 200 U 200 U U U 200 U 200 B B B B 200 B 200 B 200
1144,I T I T I 500 A I T I T I 500 I T W W I T A W I T I 500 A I T I T I T R R R R R R R P P P P P P P P 200 P 200 P 200 P 200 P 200 P 200 P 200 I 200 I 200 I 200 I 200 I 200 I 200 I 200 A A A A A A A B B B B B B B B 200 B 200 B 200 B 200 B 200 B 200 B 200
1145,I T I 407 A I T I T I 500 A I T I T S S S P P P P P 200 R P 200 R P 200 P 200 R P P P P P 200 P 200 P 200 P 200 C C C 200 C C 200 I 487 A I 487 A C 200 I 487 A
1146,I I T I 500 A T I T I T I 500 A I T I T I T R R R R R P P P P P P 200 P 200 P 200 P 200 P 200 I 200 I 200 I 200 I 200 I 200 A A A A A B B B B B B 200 B 200 B 200 B 200 B 200
1147,I T I 407 A I T I T I 500 A I T I T I 200 I 200 I 200 A A A A U U U 200 U 200 U U U 200 U 200 B B B B B 200 B 200 B 200 B 200
1148,I T I 407 A I I T T I 500 A I T I T S S S P P P P 200 P 200 P 200 I 200 I 200 I 200 A A A A U U U U 200 U 200 U 200 U 200 U U U 200 U 200 U U U 200 U 200 U U U 200 U 200 U U U 200 U 200 U U U 200 U 200 U U U 200 U 200 U U U 200 U 200 U U U 200 U 200 U U U 200 U 200 U U U 200 U 200 U U U 200 U 200 U U U 200 U 200 U U U 200 U 200 U U U 200 U 200 B B B B 200 B 200 B 200
1149,I T I 407 A I T I T I 500 A I T I T S S S P P P P P 200 P 200 P 200 P 200 R R R P P P P P 200 P 200 P 200 P 200 C C C 200 C C 200 I 487 A I 487 A C 200 I 487 A
1150,I T I T I 500 A I T I T R R R P P P P 200 I 200 I 200 P 200 P 200 I 200 A A A A U U U 200 U 200 U U 200 U 200 U U U 200 U U 200 U 200 U 200 U U U 200 U 200 U U U 200 U 200 B B B B 200 B 200 B 200
1151,I T I T I 500 A I T W W I T I T S S S S P P P P P 200 P 200 P 200 P 200 I 480 A I 480 A I 480 A I 480 A
1152,I T I 407 A I I T I 500 A I T T I T R R R P P P P 200 P 200 P 200 I 200 I 200 I 200 A A A A B B B B 200 B 200 B 200
1153,I T I 407 A I I T T I 500 A I T I T I 500 A I T I T I T R R R R R P P P P P P 200 P 200 P 200 P 200 P 200 C C C 200 C C 200 C 200 C C 200 C C 200 I 487 I 487 A A I 487 A I 487 A I 487 A
1154,I T I T I 500 A I T I T S S S P P P P P 200 P 200 P 200 P 200 S S S P P P P P 200 P 200 P 200 P 200 I 200 I 200 I 200 A A I 200 I 200 A A B B B B B 200 B 200 B 200 B 200
1155,I T I T I 500 A I T I T S S S P P P P 200 P 200 P 200 S S S P P P P 200 P 200 P 200 S S S P P P P 200 P 200 P 200 C C 200 C C 200 C C 200 I 487 A I 487 A I 487 A
1156,I T I T I T I T R R I 200 I 200 S S P P P 200 P 200 A A C C 200 C C 200 B B B 200 I 487 A B 200 I 487 A
1157,I T I T I 500 A I T I T R R R P P P P P 200 P 200 P 200 P 200 I 200 I 200 I 200 A A A A U U U 200 U 200 U U U 200 U 200 B B B B B 200 B 200 B 200 B 200
1158,I T I T I 500 A I T I T I T R R P R R P P P P 200 P 200 P 200 P 200 I 200 I 200 I 200 I 200 A A A A B B B B B 200 B 200 B 200 B 200
1159,I T I T I 500 A I T I T S S S P P P P 200 S S P 200 P 200 S P P P 200 P 200 R P R P 200 R P P P 200 P P 200 P 200 I 200 I 200 I 200 A A A A B B B B 200 B 200 B 200
1160,I T I T I 500 A I T I T R R R R R R P P P P 200 P 200 P 200 I 200 I 200 I 200 A A A A B B B B 200 B 200 B 200
1161,I T I T I 500 A I T I T R R R P P P P 200 P 200 P 200 I 200 I 200 I 200 A A A A U U U 200 U 200 U U U 200 U 200 U U U 200 U 200 U U 200 U 200 B B B B 200 B 200 B 200
1162,I T I 407 A I T I T I 500 A I T I T S S S P P P P P 200 P 200 P 200 P 200 R R R I 200 I 200 I 200 P P P P P 200 P 200 P 200 P 200 A A A A I T I T I T I 200 I 200 I 200 A A A A B B B B 200 B 200 B 200
1163,I T I T I 500 A I T I T R R R I 200 I 200 I 200 A A A A B B B B B 200 B 200 B 200 B 200
1164,I T I T I 500 A I T I T I T R R R R P P P P P 200 P 200 P 200 P 200 I 200 I 200 I 200 I 200 A A A A B B B B B B B 200 B 200 B 481 B 481 B 200 B 200
1165,I T I 407 A I T I T I 500 A I T I T S S S P P P P P 200 P 200 P 200 P 200 S S S P P P P P 200 P 200 P 200 P 200 R R R I 480 A I 480 A I 480 A
1166,I T I T I 500 A I T I T W W I T S S S S P P P P P 200 P 200 P 200 P 200 R R R R P P P P P 200 P 200 P 200 P 200 I 200 I 200 I 200 I 200 A A A A U U U 200 U 200 U U U 200 U 200 U U U 200 U 200 U U U 200 U 200 U U U 200 U 200 U U U 200 U 200 B B B B B 200 B 200 B 200 B 200
1167,I T I T I 500 A I T I T I T R R R R P P P P P 200 P 200 P 200 P 200 I 200 I 200 I 200 I 200 A A A A U U U U 200 U 200 U 200 U 200 U U U U 200 U 200 U 200 U 200 U U U 200 U 200 U U U 200 U 200 U U U 200 U 200 U U U 200 U 200 U U U 200 U 200 U U U 200 U 200 U U U 200 U 200 U U U 200 U 200 U U U 200 U 200 U U U 200 U 200 U U U 200 U 200 U U U 200 U 200 B B B B B 200 B 200 B 200 B 200
1168,I T I T I 500 A I I I T T R T R R R P P P P P 200 P 200 P 200 P 200 I 200 I 200 I 200 I 200 A A A A B B B B B 200 B 200 B 200 B 200
1169,I I T T I 500 A I T I T S S S P P P P P 200 R P 200 R P 200 P 200 R P P P P P 200 P 200 P 200 P 200 I 200 I 200 I 200 A A A A B B B B B 200 B 200 B 200 B 200
1170,I I T I 500 A I T T I T I 500 A I T I T I T R R R R R P P P P P P 200 P 200 P 200 P 200 P 200 I 200 I 200 I 200 I 200 I 200 A A A A A B B B B B 200 B 200 B 200 B 200
1171,I T I T I 500 A I T I T W I W T R R R R P P P P P 200 P 200 P 200 P 200 I 200 I 200 I 200 I 200 A A A A U U U U 200 U 200 U 200 B B B B B 200 B 200 B 200 B 200
1172,I T I T I 500 A I T I T S S S P P P P P 200 P 200 P 200 P 200 R R R P P P P P 200 P 200 P 200 P 200 I 200 I 200 I 200 A A A A U U U 200 U 200 U U U 200 U 200 B B B B B 200 B 200 B 200 B 200
1173,I T I T I 500 A I T I T I T R R R R P P P P P 200 P 200 P 200 P 200 C C 200 C C 200 C C 200 C C 200 I 487 I 487 I 487 A A I 487 A A
1174,I T I 407 A I T I T I 500 A I T I T S S S P P P P P 200 R P 200 R P 200 P 200 R P P P P P 200 P 200 P 200 P 200 I 200 I 200 I 200 A A A A B B B B 200 B 200 B 200
1175,I T I T I 500 A I T I T S S S P P P P 200 P 200 P 200 R R R P P P P 200 P 200 P 200 S S S P P P P 200 P 200 P 200 S S S P P P P 200 P 200 P 200 C C C C 200 C 200 I 487 A I 487 A C 200 I 487 A
1176,I T I T I 500 A I T I W T W I T S S S S P P P P P 200 P 200 P 200 P 200 R R R R P P P P P 200 P 200 P 200 P 200 I 200 I 200 I 200 I 200 A A A A B B B B B 200 B 200 B 200 B 200
1177,I T I T I 500 A I T I W T W I T S S S S P P P P P 200 P 200 P 200 P 200 S S S S P P P P P 200 P 200 P 200 P 200 I 200 I 200 I 200 I 200 A A A A I T I I T T I T I 200 I 200 I 200 I 200 A A A A B B B B B 200 B 200 B 200 B 200
1178,I T I 407 A I T I T I 500 A I T I T S S S P S S P P P 200 P 200 P 200 R R R P P P P 200 P 200 P 200 I 200 I 200 I 200 A A A A B B B B 200 B 200 B 200
1179,I T I T I 500 A I T I T I 500 A I T I T I T R R R R R P P P P P P 200 P 200 P 200 P 200 P 200 I 200 I 200 I 200 I 200 I 200 A A A A A U U U U U U 200 U 200 U 200 U 200 U 200 U U 200 U U U U U 200 U 200 U 200 U 200 U U 200 U U U 200 U 200 U U U 200 U 200 U U 200 U U U U 200 U U 200 U 200 U 200 U U 200 U U U 200 U 200 U U U 200 U 200 B B B B B 200 B 200 B 200 B 200
1180,I T I 407 A I I T I 500 A T I T I T S S S P P P P 200 P 200 P 200 R R R P P P P 200 P 200 P 200 I 200 I 200 I 200 A A A A B B B B 200 B 200 B 200
1181,I T I 407 A I T I T I 500 I T A I T S S S S S P P P P 200 P 200 P 200 R R R P R R P P P 200 P 200 P 200 I 200 I 200 I 200 A A A A B B B B 200 B 200 B 200
1182,I T I T I 500 A I T I T S S S P P P P P 200 P 200 P 200 P 200 R R R P P P P P 200 P 200 P 200 P 200 I 200 I 200 I 200 A A A A I T I T I I 200 I 200 I 200 A A A B B B B B 200 B 200 B 200 B 200
1183,I T I T I 500 A I T I T S S S P P P P 200 P 200 P 200 R R R P P P P 200 P 200 P 200 I 200 I 200 I 200 A A A A U U U U 200 U 200 U 200 U 200 U U U 200 U 200 U U U 200 U 200 B B B B 200 B 200 B 200
1184,I T I T I 500 A I T I T R R R P P P P P 200 P 200 P 200 P 200 I 200 I 200 I 200 A A A A U U U 200 U U 200 U 200 U 200 U U U 200 U 200 U U U 200 U 200 U U U 200 U 200 U U U 200 U 200 U U U 200 U 200 U U U 200 U 200 U U U 200 U 200 U U U 200 U 200 U U U 200 U 200 U U U 200 U 200 U U U 200 U 200 U U U 200 U 200 U U U 200 U 200 U U U 200 U 200 U U U 200 U 200 U U U 200 U 200 U U U 200 U 200 U U U 200 U 200 U U U 200 U 200 U U U 200 U 200 U U U 200 U 200 U U U 200 U 200 B B B B B 200 B 200 B 200 B 200
1185,I T I T I 500 I A T I T I T R R R R P P P P P 200 P 200 P 200 P 200 C C 200 C C C 200 C C 200 C 200 I 487 A I 487 A I 487 A I 487 A
1186,I T I T I 500 I A T W W I T I T S S S S P P P P P 200 P 200 P 200 P 200 R R R R P P P P P 200 P 200 P 200 P 200 C C 200 C C 200 C I 487 C 200 C C 200 A I 487 A I 487 A I 487 A
1187,I T I T I 500 A I T I T I T R R R R P P P P P 200 P 200 P 200 P 200 I 200 I 200 I 200 I 200 A A A A U U U U U 200 U 200 U 200 U 200 U U U U 200 U U 200 U 200 U 200 B B B B B 200 B 200 B 200 B 200
1188,I T I T I 500 A I T I T S S S P P P P 200 P 200 P 200 R R R P P P P 200 P 200 P 200 W W W P P P P 200 P 200 P 200 S S S P P P P 200 P 200 P 200 S S S P P P P 200 P 200 P 200 C C 200 C C 200 C C 200 I 487 A I 487 A I 487 A
1189,I T I T I 500 A I T I T I T R R R R P P P P P 200 P 200 P 200 P 200 I 200 I 200 I 200 I 200 A A A A U U U U U 200 U 200 U 200 U 200 U U U 200 U 200 U U U 200 U 200 U U U 200 U U 200 U 200 U 200 U U U 200 U 200 U U U 200 U 200 B B B B B 200 B 200 B 200 B 200
1190,I I T I 500 A T I T I T S S S P P P P 200 P 200 P 200 S S S P P P P 200 P 200 P 200 R R R P P P P 200 P 200 P 200 I 200 I 200 I 200 A A A A B B B B 200 B 200 B 200
1191,I T I T I 500 A I T I T I T R R R R P P P P P 200 P 200 P 200 P 200 I 200 I 200 I 200 I 200 A A A A B B B B B 200 B B 481 B 200 B 200 B 200
1192,I T I T I 500 A I T I T I T R R R R P P P P P 200 P 200 P 200 P 200 I 200 I 200 I 200 I 200 A A A A U U U U U 200 U 200 U 200 U 200 U U U 200 U 200 U U 200 U 200 U U U 200 U 200 U U 200 U 200 U U U 200 U 200 U U U 200 U 200 B B B B B 200 B 200 B 200 B 200
1193,I I T T I 500 A I T I T R R R P P P P 200 P 200 P 200 S S S P P P P 200 P 200 P 200 S S S P P P P 200 P 200 P 200 I 200 I 200 I 200 A A A A B B B B 200 B 200 B 200
1194,I T I T I 500 A I T I T S S S P P P P 200 P 200 P 200 S S S P P P P 200 P 200 P 200 S S S P P P P 200 P 200 P 200 R R R P P P P 200 P 200 P 200 I 200 I 200 I 200 A A A A B B B B 200 B 200 B 200
1195,I T I T I 500 A I T I T I T R R R R P P P P P 200 P 200 P 200 P 200 I 200 I 200 I 200 A I 200 A A A U U U U 200 U 200 U 200 U 200 U U U 200 U 200 U U U 200 U 200 U U U 200 U 200 U U U 200 U 200 U U U 200 U 200 U U U 200 U 200 B B B B B 200 B 200 B 200 B 200
1196,I T I T I 500 A I T I T S S S P P P P P 200 S S P 200 P 200 P 200 S P P P P P 200 S S P 200 P 200 P 200 S P P P P P 200 P 200 P 200 P 200 R R R P P P P P 200 P 200 P 200 P 200 I 200 I 200 I 200 A A A A B B B B 200 B 200 B 200
1197,I T I T I 500 A I T I T R R R I 200 I 200 I 200 A A A A B B B B 200 B 200 B 200
1198,I T I T I 500 A I T I T R R R P P P P 200 P 200 P 200 I 200 I 200 I 200 A A A A U U U 200 U 200 U U U 200 U 200 U U U 200 U 200 U U U 200 U 200 U U U 200 U 200 U U U 200 U 200 U U U 200 U U 200 U 200 U 200 U U U 200 U 200 U U U 200 U 200 U U U 200 U 200 U U U 200 U 200 U U U 200 U 200 U U U 200 U 200 U U U 200 U 200 U U U 200 U 200 U U U 200 U 200 U U U 200 U 200 U U U 200 U 200 U U U 200 U 200 U U U 200 U 200 U U U 200 U 200 U U U 200 U 200 U U U 200 U 200 U U U 200 U 200 U U U 200 U 200 B B B B 200 B 200 B 200
1199,I T I T I 500 A I T I T I T R R R R P P P P P 200 P 200 P 200 P 200 I 200 I 200 I 200 I 200 A A A A U U U 200 U 200 U U U 200 U 200 B B B B 200
1200,I T I T I 500 A I T I T S S S P P P P P 200 P 200 P 200 P 200 I 200 I 200 I 200 A A A A U U U 200 U U 200 U 200 U 200 B B B B 200 B 200 B 200
1201,I T I T I 500 I T A I T S S S P P P P P 200 P 200 P 200 P 200 R R R P P P P P 200 P 200 P 200 P 200 I 200 I 200 I 200 A A A A B B B B B 200 B 200 B 200 B 200
1202,I T I T I 500 A I T I T I 200 I 200 I 200 A A A A U U U 200 U 200 U U U 200 U 200 U U U 200 U 200 U U U 200 U 200 U U U 200 U 200 U U U 200 U 200 U U U 200 U U 200 U 200 U 200 U U U 200 U U 200 U 200 U 200 U U U 200 U 200 U U U 200 U 200 U U U 200 U 200 U U U 200 U 200 B B B B 200 B 200 B 200
1203,I T I T I 500 A I T I T I T R R R R P P P P P 200 P 200 P 200 P 200 I 200 I 200 I 200 I 200 A A A A I T I 407 A I T I T I T I T I 488 A I 488 A I 488 A I 488 A I I I T T T I T I 200 I 200 I 200 I 200 A A A A B B B B B 200 B 200 B 200 B 200
1204,I T I T I 500 A I T I T R R R P P P P 200 P 200 P 200 S S S P P P P 200 P 200 P 200 C C C 200 C C 200 I 487 A I 487 A C 200 I 487 A
1205,I I T T I 500 A I T I T S S S P P P S S P 200 P 200 P 200 S P P P P 200 P 200 P 200 R R R P P P P 200 P 200 P 200 I 200 I 200 I 200 A A A A B B B B 200 B 200 B 200
1206,I T I T I 500 A I T I T R R R P P P P 200 P 200 P 200 C C C 200 C C 200 I 487 A C 200 I 487 A I 487 A
1207,I T I T I 500 A I T I T R R R P P P P P 200 P 200 P 200 I 200 I 200 P 200 I 200 A A A A U U U 200 U 200 U U U 200 U 200 B B B B B 200 B 200 B 200 B 200
1208,I I T I 500 A I T T I T R R R P P P P P 200 S P 200 S P 200 P 200 S P P P P P 200 I 200 P 200 I 200 P 200 I 200 A P 200 A A A B B B B B 200 B 200 B 200 B 200
1209,I T I T I 500 A I I T I T T I 486 A I 486 A I 486 A I 486 A
1210,I T I T I 500 I A T I T I T R R R R P P P P P 200 P 200 P 200 P 200 C C 200 C C C 200 C 200 C C 200 I 487 A I 487 A I 487 A I 487 A
1211,I T I 407 A I T I T I 500 I T A I T S S S P P P P 200 P 200 P 200 R R R P P P P 200 P 200 P 200 I 200 I 200 I 200 A A A A B B B B 200 B 200 B 200
1212,I T I 407 A I I T I 500 A I T T I T S S S P P P P 200 S S P 200 P 200 S P P P P 200 P 200 P 200 R R R P P P P 200 P 200 P 200 S S S P P P P 200 P 200 P 200 S S S P P P P 200 P 200 P 200 S S S P P P P 200 P 200 P 200 I 200 I 200 I 200 A A A A B B B B 200 B 200 B 200
1213,I T I T I 500 A I T W W I T I T R R R R P P P P P 200 P 200 P 200 P 200 S S S S P P P P P 200 P 200 P 200 P 200 I 200 I 200 I 200 I 200 A A A A B B B B B 200 B 200 B 200 B 200
1214,I T I 407 A I T I T I 500 A I T I T C C C 200 C C 200 C 200 I 487 A I 487 A I 487 A
1215,I T I T I 500 A I T I T S S S P P P S S P 200 P 200 P 200 S P P P P 200 S P 200 S P 200 S P P P P 200 P 200 P 200 I 200 I 200 I 200 A A A A B B B B 200 B 200 B 200
1216,I T I 407 A I T I T I 500 A I T I T S S S P P P P 200 P 200 P 200 R R R P P P P 200 P 200 P 200 I 200 I 200 I 200 A A A A U U U U 200 U 200 U 200 U 200 U U U 200 U 200 U U U 200 U 200 B B B B 200 B 200 B 200
1217,I I T I 500 A T I T I T S S S P P P P P 200 P 200 P 200 P 200 R R R P P P P P 200 P 200 P 200 P 200 W W W I 486 A I 486 A P I 486 A P 481
1218,I T I 407 A I T I T I 500 A I T I T S S S P P P P P 200 S S P 200 P 200 P 200 S P P P P R R P 200 P 200 P 200 P 200 R P P P P P 200 P 200 P 200 P 200 C C 200 C C 200 C C 200 I 487 A I 487 A I 487 A
1219,I I T I 500 T A I T I T R R R I 200 I 200 I 200 A A A A U U U U 200 U 200 U 200 U 200 U U U 200 U 200 U U U 200 U 200 U U U 200 U 200 U U U 200 U 200 B B B B B 200 B 200 B 200 B 200
1220,I T I T I 500 A I T I T S S S P P P P P 200 S P 200 S P 200 P 200 S P P P P P 200 S P 200 S P 200 P 200 S P P P P P 200 P 200 P 200 P 200 C C 200 C C 200 C C 200 I 487 A I 487 A I 487 A
1221,I T I T I 500 A I T I T R R R P P P P 200 P 200 P 200 I 200 I 200 I 200 A A A A U U U 200 U U 200 U 200 U 200 U U U 200 U 200 U U U 200 U 200 U U U 200 U 200 U U U 200 U 200 B B B B 200 B 200 B 200
1222,I I T I 500 A I T I T T R R R P P P P P 200 P 200 P 200 P 200 I 486 A I 486 A I 486 A
1223,I I T T I 500 A I T I T S S S P P P P P 200 P 200 P 200 P 200 R R R P P P P P 200 P 200 P 200 P 200 I 200 I 200 I 200 A A A A U U U 200 U 200 U U U 200 U 200 B B B B B 200 B 200 B 200 B 200
1224,I T I T I 500 I A T I T W W I T S S S S P P P P P 200 P 200 P 200 P 200 R R R R P P P P P 200 P 200 P 200 P 200 I 200 I 200 I 200 I 200 A A A A B B B B B 200 B 200 B 200 B 200
1225,I T I 407 A I T I T I 500 A I T I T S S S P P P P P 200 S P 200 S P 200 P 200 S P P P P P 200 P 200 P 200 P 200 R R R P P P P P 200 P 200 P 200 P 200 I 200 I 200 I 200 A A A A U U U 200 U 200 U U U 200 U 200 U U 200 U U 200 U U U 200 U 200 B B B B 200 B 200 B 200
1226,I I T I 500 A I T I T T S S S P P P P P 200 P 200 R R P 200 P 200 R P P P P P 200 P 200 P 200 P 200 S S S P P P P P 200 P 200 P 200 P 200 U U U U 200 U 200 U 200 I 200 I 200 I 200 A A A A B B B B B 200 B 200 B 200 B 200
1227,I T I 407 A I I T I 500 A T I T I T R R R P P P P 200 P 200 P 200 I 200 I 200 I 200 A A A A B B B B 200 B 200 B 200
1228,I T I 407 A I T I T I 500 I A T I T S S S P P P S P S P 200 R R P 200 P 200 P 200 R R R P P P P P 200 P 200 P 200 R P 200 I 200 I 200 I 200 A A A A I T I T I I 200 I 200 I 200 A A A I T I T I I 200 I 200 I 200 A A A B B B B 200 B 200 B 200
1229,I T I 407 A I T I T I 500 A I T I T S S S P P P P 200 P 200 P 200 S S S P P P P 200 P 200 P 200 R R R P P P P 200 P 200 P 200 I 200 I 200 I 200 A A A A B B B B B 200 B 200 B 200 B 200
1230,I T I 407 A I I T I 500 A T I T I T S S S P P P P 200 P 200 P 200 R R R I 486 A I 486 A I 486 P A P 481
1231,I T I T I 500 A I T I T S S S P P P P 200 S S P 200 P 200 S P P P P 200 P 200 P 200 R R R P P P P 200 P 200 P 200 I 200 I 200 I 200 A A A A B B B B B 200 B 200 B 200 B 200
1232,I T I T I 500 A I T W W I T I T C C 200 C C 200 C C 200 C C 200 I 487 A I 487 A I 487 A I 487 A
1233,I T I T I 500 A I T I T I 200 I 200 I 200 A A A A U U U 200 U 200 U U 200 U 200 B B B B 200 B 200 B 200
1234,I T I 407 A I T I T I 500 A I T I T R R R P P P P P 200 P 200 P 200 P 200 I 200 I 200 I 200 A A A A U U U 200 U 200 U U U 200 U 200 U U 200 U 200 U U U U 200 U 200 B B B B 200 B 200 B 200
1235,I I T I 500 A I T T T I R R R P P P P P 200 P 200 P 200 P 200 C C 200 C C 200 C C 200 I 487 A I 487 A I 487 A
1236,I T I 407 A I T I T I 500 A I T I T R R R I 200 P P I 200 P P P 200 P 200 I 200 P 200 P 200 A A A A B B B B 200 B 200 B 200
1237,I T I T I 500 A I T I T R R R P P P P 200 P 200 P 200 S S S P P P P 200 P 200 P 200 I 200 I 200 I 200 A A A A B B B B 200 B 200 B 200
1238,I T I T I 500 A I T I T S S S P P P P 200 P 200 P 200 S S S P P P P 200 P 200 P 200 R R R P P P P 200 P 200 P 200 I 200 I 200 I 200 A A A A U U U U 200 U 200 U 200 U 200 B B B B B 200 B 200 B 200 B 200
1239,I T I T I 500 A I T I T S S S P P P P 200 P 200 P 200 I 200 I 200 I 200 A A A A U U U U 200 U 200 U 200 U 200 U U U 200 U 200 U U U 200 U 200 B B B B B 200 B 200 B 200 B 200
1240,I T I 407 A I T I T I 500 A I T I T S S S P P P P P 200 R R P 200 P 200 P 200 R P P P P P 200 P 200 P 200 P 200 S S S P P P P P 200 P 200 P 200 P 200 U U U U 200 U 200 U 200 I 200 I 200 I 200 A A A A B B B B B 200 B 200 B 200 B 200
1241,I T I T I 500 A I T I T S S S P P P P 200 S P 200 S P 200 S P P P R P 200 P 200 R P 200 R P P P P 200 P 200 P 200 I 200 I 200 I 200 A A A A B B B B 200 B 200 B 200
1242,I T I 407 A I I T T I 500 A I T I T R R R P P P P P 200 P 200 P 200 P 200 I 200 I 200 I 200 A A A A B B B B B 200 B 200 B 200 B 200
1243,I T I 407 A I T I T I 500 A I T I T S S S P P P P 200 R P 200 R P 200 R P P P P 200 P 200 P 200 I 200 I 200 I 200 A A A A U U U 200 U 200 U U U 200 U 200 B B B B 200 B 200 B 200
1244,I T I T I 500 A I T I T S S S P P P P P 200 R R P 200 P 200 P 200 R P P P P P 200 P 200 P 200 P 200 C C C 200 C C 200 I 487 C 200 A I 487 A I 487 A
1245,I I T I 500 A I T T I T S S S P P P P 200 P 200 P 200 I 200 I 200 I 200 A A A A B B B B B 200 B 200 B 200 B 200
1246,I T I 407 A I I T I 500 A T I T I T S S S P P P S S P 200 P 200 P 200 S P P P P 200 P 200 P 200 R R R P P P P 200 P 200 P 200 I 200 I 200 I 200 A A A A B B B B 200 B 200 B 200
1247,I I T T I 500 A I T I T S S S P P P P 200 P 200 P 200 S S S P P P P 200 P 200 P 200 R R R P P P P 200 P 200 P 200 C C 200 C C 200 C C 200 I 487 A I 487 A I 487 A
1248,I I T I 500 A T I T I T R R R P P P P 200 P 200 P 200 I 200 I 200 I 200 A A A A U U U 200 U 200 U U U 200 U 200 U U U U 200 U 200 U 200 U 200 B B B B 200 B 200 B 200
1249,I I T I 500 A I T I T T S S S P P P P 200 P 200 P 200 R R R P P P P 200 P 200 P 200 I 200 I 200 I 200 A A A A U U U U 200 U 200 U 200 U 200 U U U 200 U 200 U U U 200 U 200 U U U 200 U 200 U U U 200 U 200 B B B B 200 B 200 B 200
1250,I T I T I 500 A I T I T I 200 I 200 I 200 I 200 I 200 A A A A U U U U 200 U 200 U 200 U 200 U U U U 200 U 200 U 200 U 200 U U U 200 U 200 U U U 200 U 200 U U U 200 U 200 U U U 200 U 200 U U U 200 U 200 U U U 200 U 200 I T I T I T I 200 I 200 I 200 I 200 I 200 A A A A B B B 200 B 200 B B B 200 B 200
1251,I I T I 500 A I T I T T S S S P P P P P 200 S P 200 S P 200 P 200 S P P P P P 200 P 200 P 200 P 200 R R R P P P P P 200 P 200 P 200 P 200 I 200 I 200 I 200 A A A A U U U 200 U 200 U U U 200 U 200 B B B B B 200 B 200 B 200 B 200
1252,I I T I 500 A T I T I T S S S P P P P 200 P 200 P 200 R R R I 200 P I 200 P P P 200 I 200 P 200 A P 200 A A A B B B B 200 B 200 B 200
1253,I I T T I 500 A I T I T S S S P P P P P 200 P 200 P 200 P 200 R R R P P P P P 200 P 200 P 200 P 200 C C C 200 C C 200 I 487 A I 487 A C 200 I 487 A
1254,I T I T I 500 A I T W W I T I T S S S S P P P P P 200 P 200 P 200 P 200 C C 200 C C 200 I 487 C A I 487 C 200 C A C 200 I 487 A I 487 A
1255,I T I T I 500 A I T I T R R R P P P P P 200 P 200 P 200 P 200 S S S P P P P P 200 S S P 200 P 200 P 200 S P P P P P 200 P 200 P 200 P 200 S S S P P P P P 200 P 200 P 200 P 200 C C C 200 C C 200 I 487 A I 487 A C 200 I 487 A
1256,I T I 407 A I T I T I 500 A I T I T S S S P P P P 200 P 200 P 200 S S S P P P P 200 P 200 P 200 R R R P P P P 200 P 200 P 200 C C C 200 C 200 C C 200 I 487 A I 487 A I 487 A
1257,I T I T I 500 A I T I T S S S P P P P 200 P 200 R R P 200 R P P P P 200 P 200 P 200 I 200 I 200 I 200 A A A A U U U 200 U 200 U U U 200 U 200 U U U 200 U 200 U U U 200 U 200 U U U 200 U 200 U U U 200 U 200 U U U 200 U 200 U U U 200 U 200 B B B B 200 B 200 B 200
1258,I T I T I 500 A I T I T S S S P P P P P 200 P 200 P 200 P 200 S S S P P P P P 200 P 200 P 200 P 200 R R R P P P P P 200 P 200 P 200 P 200 C C 200 C C 200 C C 200 I 487 A I 487 A I 487 A
1259,I T I T I 500 A I T I T S S S P P P P P 200 P 200 P 200 P 200 I 200 I 200 I 200 A A A A I T I T I I 200 I 200 I 200 A A A B B B B B 200 B 200 B 200 B 200
1260,I I T I 500 A T I T I T S S S P P P P P 200 P 200 P 200 P 200 R R R P P P P P 200 P 200 P 200 P 200 C C 200 C C 200 C C 200 I 487 A I 487 A I 487 A
1261,I I T I 500 A T I T I T S S S P P P P 200 S P 200 S P 200 S P P P P 200 P 200 P 200 R R R P P P P 200 P 200 P 200 I 200 I 200 I 200 A A A A B B B B 200 B 200 B 200
1262,I T I T I 500 A I T I T S S S P P P P 200 S S P 200 P 200 S P P P P 200 P 200 R R P 200 R P P P P 200 P 200 P 200 I 200 I 200 I 200 A A A A B B B B 200 B 200 B 200
1263,I T I T I 500 A I T W W I T I T S S S S P P P P P 200 P 200 P 200 P 200 C C 200 C C 200 I 487 A I 487 C A C 200 C C 200 I 487 A I 487 A
1264,I T I 407 A I T I T I 500 A I T I T I 500 A I I T T I T R R R R R P P P P P P 200 P 200 P 200 P 200 P 200 C C 200 C C 200 C C 200 C C 200 C C 200 I 487 A I 487 A I 487 A I 487 A I 487 A
1265,I T I 407 A I T I T I 500 A I T I T S S S P P P P P 200 S P 200 S P 200 P 200 S P P P P P 200 R P 200 R P 200 P 200 R P P P P P 200 P 200 P 200 P 200 C C 200 C C 200 C C 200 I 487 A I 487 A I 487 A
1266,I T I T I 500 A I I T I T T R R R R P P P P P 200 P 200 P 200 P 200 C C C 200 C 200 C C 200 C C 200 I 487 A I 487 A I 487 A I 487 A
1267,I T I T I 500 A I T I T I T R R R R P P P P P 200 P 200 P 200 P 200 C C 200 C C 200 I 487 C C 200 C A I 487 A C 200 I 487 A I 487 A
1268,I T I 407 A I I T T I 500 A I T I T S S S P P P P 200 R R P 200 P 200 R P P P P 200 P 200 P 200 I 200 I 200 I 200 A A A A B B B B 200 B 200 B 200
1269,I I T T I 500 I T A I T S S S P P P P 200 P 200 P 200 R R R P P P P 200 P 200 P 200 I 200 I 200 I 200 A A A A B B B B 200 B 200 B 200
1270,I T I T I 500 A I T I T I T R R R R P P P P P 200 P 200 P 200 P 200 I 200 I 200 I 200 I 200 A A A A U U U U U 200 U 200 U 200 U 200 U U U 200 U 200 U U U 200 U 200 U U U 200 U 200 U U U 200 U 200 B B B B B 200 B 200 B 200 B 200
1271,I T I 407 A I T I T I 500 A I T I T I 500 A I T I T I T R R R R R I 200 I 200 I 200 I 200 I 200 A A A A A B B B B B 200 B 200 B 200 B 200
1272,I I T I 500 T A I T I T S S S P P P P 200 S S P 200 P 200 S P P P P 200 P 200 P 200 R R R P P P P 200 P 200 P 200 I 200 I 200 I 200 A A A A B B B B 200 B 200 B 200
1273,I T I 407 A I T I T I 500 A I T I T R R R P P P P P 200 I 200 P 200 I 200 P 200 P 200 I 200 A A A A B B B B B 200 B 200 B 200 B 200
1274,I T I T I 500 A I T I T R R R P P P P P 200 I 200 P 200 I 200 P 200 P 200 I 200 A A A A I T I T I I 200 I 200 I 200 A A A B B B B B 200 B 200 B 200 B 200
1275,I T I T I 500 A I T I T S S S P P P P 200 I 200 P 200 I 200 I 200 A P 200 A A A B B B B 200 B 200 B 200
1276,I T I T I 500 A I T I T I T R R R R P P P P P 200 P 200 P 200 P 200 I 200 I 200 I 200 I 200 A A A A U U U 200 U 200 U U U 200 U 200 U U U U U 200 U 200 U 200 U 200 U U U U 200 U 200 U 200 U 200 U U U 200 U 200 U U U 200 U 200 U U U 200 U 200 U U 200 U 200 B B B B B 200 B 200 B 200 B 200
1277,I T I T I 500 A I I T I T T R R R R P P P P P 200 P 200 P 200 P 200 I 200 I 200 I 200 A I 200 A A A U U U U 200 U 200 U 200 U 200 U U U 200 U 200 U U U 200 U 200 B B B B B 200 B 200 B 200 B 200
1278,I T I 407 A I T I T I 500 A I T I T S S S S S P P P P P 200 U P 200 P 200 P 200 U U U U 200 U 200 U 200 R R R I 480 A I 480 A I 480 A
1279,I T I T I 500 A I T I T S S S P P P P 200 P 200 P 200 R R R P P P P 200 P 200 P 200 I 200 I 200 I 200 A A A A U U U 200 U 200 U U U 200 U 200 U U U 200 U 200 U U U 200 U 200 U U U 200 U U 200 U 200 U 200 U U U 200 U 200 U U U 200 U 200 U U U 200 U 200 U U U 200 U 200 B B B B 200 B 200 B 200
1280,I T I T I 500 A I T I T R R R P P P P P 200 P 200 P 200 I 200 I 200 P 200 I 200 A A A A B B B B B 200 B 200 B 200 B 200
1281,I T I T I 500 A I T W W I T I T S S S S P P P P P 200 P 200 P 200 P 200 C C 200 C C 200 C C 200 C C 200 I 487 A I 487 A I 487 A I 487 A
1282,I T I 407 A I I T T I 500 A I T I T S S S P P P P P 200 P 200 P 200 P 200 I 480 A I 480 A I 480 A
1283,I I T I 500 A I T T I T S S S P P P P P 200 P 200 P 200 P 200 C C C 200 C C 200 C 200 I 487 A I 487 A I 487 A
1284,I T I T I 500 A I T I T R R R P P P P P 200 P 200 P 200 P 200 I 200 I 200 I 200 A A A A U U U 200 U 200 U U U 200 U 200 U U U 200 U U 200 U 200 U 200 B B B B 200 B 200 B 200 B B 200
1285,I T I T I 500 A I T I T I T R R R R P P P P P 200 P 200 P 200 P 200 I 200 I 200 I 200 I 200 A A A A U U U U 200 U 200 U 200 U 200 B B B B B B 200 B B 200 B 200 B 200 B 200
1286,I T I 407 A I T I T I 500 I T A I T R R R P P P P P 200 P 200 P 200 P 200 I 200 I 200 I 200 A A A A U U U 200 U 200 U U U 200 U 200 B B B B 200 B B 200 B 200 B 200
1287,I T I 407 A I T I T I 500 A I T I T S S S P P P P P 200 P 200 P 200 P 200 I 200 I 200 I 200 A A A A B B B B B 200 B 200 B 200 B 200
1288,I T I 407 A I T I T I 500 A I T I T S S S P P P P 200 S P 200 S P 200 S P P P P 200 P 200 P 200 R R R P P P P 200 P 200 P 200 S S S P P P P 200 P 200 P 200 U U U U 200 U 200 U 200 I 200 I 200 I 200 A A A A B B B B 200 B 200 B 200
1289,I I T T I 500 A I T I T S S S P P P P P 200 R P 200 P 200 P 200 R R P P P P P 200 P 200 P 200 P 200 S S S P P P P P 200 P 200 P 200 P 200 U U U U 200 U 200 U 200 I 200 I 200 I 200 A A A A B B B B B 200 B 200 B 200 B 200
1290,I T I 407 A I T I T I 500 I T A I T R R R P P P P P 200 P 200 P 200 P 200 I 200 I 200 I 200 A A A A B B B B 200 B B 200 B 200 B 200
1291,I I T T I 500 A I T I T R R R P P P P 200 S S P 200 P 200 S P P P P 200 P 200 P 200 S S S P P P P 200 P 200 P 200 I 200 I 200 I 200 A A A A U U U 200 U 200 U U U 200 U 200 B B B B 200 B 200 B 200
1292,I T I T I 500 A I T W W I T I T S S S S P P P P P 200 P 200 P 200 P 200 S S S S P P P P P 200 S S P 200 P 200 S P 200 S P P P P P 200 P 200 P 200 P 200 R R R R P P P P P 200 P 200 P 200 P 200 I 200 I 200 I 200 I 200 A A A A B B B B B 200 B 200 B 200 B 200
1293,I T I T I 500 A I T I T I T R R R R P P P P P 200 P 200 P 200 P 200 I 200 I 200 I 200 I 200 A A A A U U U 200 U 200 U U 200 U U 200 B B B B B B B 200 B 481 B 481 B 200 B 200 B 200
1294,I T I T I 500 I T I T A I T R R R R P P P P P 200 P 200 P 200 P 200 I 200 I 200 I 200 I 200 A A A A I T I T I T I I 200 I 200 I 200 I 200 A A A A B B B B B 200 B 200 B 200 B 200
1295,I T I T I 500 A I T I T S S S P P P P P 200 S P 200 S P 200 P 200 S P P P P P 200 S P 200 S P 200 P 200 S P P P P P 200 P 200 P 200 P 200 S S S P P P P P 200 P 200 P 200 P 200 S S S P P P P P 200 P 200 P 200 P 200 S S S P P P P P 200 P 200 P 200 P 200 S S S P P P P P 200 P 200 P 200 P 200 C C 200 C C 200 C C 200 I 487 A I 487 A I 487 A
1296,I T I 407 A I T I T I 500 A I T I T R R R P P P P 200 P 200 P 200 I 200 I 200 I 200 A A A A U U U 200 U 200 U U U 200 U 200 U U U U 200 U 200 U 200 U 200 U U U 200 U 200 U U U 200 U 200 U U U U 200 U 200 U 200 U 200 U U U 200 U 200 U U U 200 U 200 U U U 200 U 200 U U U 200 U 200 B B B B 200 B 200 B 200
1297,I T I 407 A I T I T I 500 A I T I T I 502 A I 502 A I 502 A
1298,I T I T I 500 A I T I T S S S S S P P P P 200 P 200 P 200 R R R P P P P 200 P 200 P 200 I 200 I 200 I 200 A A A A B B B B 200 B 200 B 200
1299,I T I T I 500 A I T I T I T R R R R P P P P P 200 P 200 P 200 P 200 I 200 I 200 I 200 I 200 A A A A U U U U U 200 U 200 U 200 U 200 U U U 200 U U 200 U 200 U 200 B B B B B 200 B 200 B 200 B 200
1300,I I T T I 500 A I T I T C C 200 C C 200 C I 487 A C 200 I 487 A I 487 A
1301,I T I T I 500 A I T I T I T R R R R P P P P P 200 P 200 P 200 P 200 C C 200 C C C 200 C C 200 I 487 C 200 A I 487 A I 487 A I 487 A
1302,I T I 407 A I T I T I 500 A I T I T I 200 I 200 I 200 A A A A U U U 200 U 200 U U U 200 U 200 U U U 200 U 200 U U U 200 U 200 B B B B 200 B 200 B 200
1303,I I T I 500 A I T I T T S S S P S P S P P P 200 R R P 200 P 200 P 200 R P P P P P 200 P 200 P 200 P 200 C C C 200 C C 200 I 487 A I 487 A C 200 I 487 A
1304,I T I 407 A I I T T I 500 A I T I T I 500 A I T I T I T R R R R R P P P P P P 200 P 200 P 200 P 200 P 200 I 200 I 200 I 200 I 200 I 200 A A A A A B B B B B B B B 200 B 200 B 200 B 200 B 200 B 200 B 200
1305,I T I T I 500 I I T I T R R A T R R P P P P P 200 P 200 P 200 P 200 I 200 I 200 I 200 I 200 A A A A U U U U 200 U 200 U 200 U 200 B B B B B 200 B 200 B 200 B 200
1306,I T I 407 A I T I T I 500 A I T I T S S S P P P P P 200 S P 200 S P 200 P 200 S P P P P P 200 R P 200 R P 200 P 200 R P P P P P 200 P 200 P 200 P 200 I 200 I 200 I 200 A A A A B B B B 200 B 200 B 200
1307,I T I T I 500 I I T A T I T R R R R P P P P P 200 P 200 P 200 P 200 I 200 I 200 I 200 I 200 A A A A B B B B B 200 B 200 B 200 B 200
1308,I T I 407 A I I T I 500 A T I T I T R R R P P P P 200 P 200 I 200 I 200 P 200 I 200 A A A A B B B B 200 B 200 B 200
1309,I I T T I 500 A I T I T I 500 A I T I T I T R R R R R P P P P P P 200 P 200 P 200 P 200 P 200 I 200 I 200 I 200 I 200 I 200 A A A A A U U U U U 200 U 200 U 200 B B B B B B B B 200 B 200 B 200 B 200 B 200 B 200
1310,I T I T I 500 A I T I T I T R R R R P P P P P 200 P 200 P 200 P 200 I 200 I 200 I 200 I 200 A A A A U U U 200 U 200 U U U 200 U 200 I T I T I T I I 200 I 200 I 200 I 200 A A A A B B B B B 200 B 200 B 200 B 200
1311,I T I T I 500 A I T I T I 500 A I T I T I T R R R R R P P P P P P 200 P 200 P 200 P 200 P 200 I 200 I 200 I 200 I 200 I 200 A A A A A U U U 200 U 200 U U U 200 U 200 U U 200 U U U U 200 U U 200 U 200 U 200 U U 200 B B B B B B 200 B 200 B 200 B 200 B 200
1312,I T I 407 A I T I T I 500 A I T I T I 500 A I T I T I T R R R R R P P P P P P 200 P 200 P 200 P 200 P 200 I 200 I 200 I 200 I 200 I 200 A A A A A U U U U U 200 U 200 U U 200 U 200 U 200 U U U U U 200 U 200 U 200 U 200 U 200 U U U 200 U 200 U 200 U U U 200 U 200 U U U U U 200 U 200 U 200 U 200 U 200 U U U U 200 U U 200 U 200 U 200 U 200 B B B B B B 200 B 200 B 200 B 200 B 200
1313,I T I T I 500 A I T I T I T W W S S S S P P P P P 200 S P 200 P 200 P 200 S S S P P P P P 200 S S P 200 P 200 S S P 200 P P P P P 200 P 200 P 200 P 200 R R R R P P P P P 200 P 200 P 200 P 200 C C 200 C C 200 C C 200 C I 487 I 487 C 200 I 487 A A I 487 A A
1314,I I T I 500 A I T I T T S S S P P P P 200 P 200 S S P 200 S P P P P 200 P 200 P 200 I 480 A I 480 A I 480 A
1315,I T I T I 500 A I T I T I T R R R R P P P P P 200 P 200 P 200 P 200 I 480 A I 480 A I 480 A I 480 A
1316,I T I 407 A I T I T I 500 A I T I T S S S P P P P 200 P 200 P 200 S S S P P P P 200 P 200 P 200 R R R P P P P 200 P 200 P 200 I 200 I 200 I 200 A A A A U U U U 200 U 200 U 200 U 200 B B B B 200 B 200 B 200
1317,I T I T I 500 A I T I T I T R R R R P P P P P 200 P 200 P 200 P 200 I 200 I 200 I 200 I 200 A A A A U U U 200 U 200 U U 200 U 200 U U U 200 U U 200 U 200 U 200 U U U U 200 U 200 U 200 U 200 U U U 200 U U 200 U 200 U 200 U U U 200 U 200 U U U 200 U 200 U U U 200 U U 200 U 200 U 200 U U U 200 U 200 U U U 200 U 200 B B B B B 200 B 200 B 200 B 200
1318,I T I T I 500 A I T I T R R R P P P P 200 P 200 P 200 I 200 I 200 I 200 A A A A U U U U 200 U 200 U 200 U 200 I T B B I T I B B B 200 B 200 B 200 B 200
1319,I T I 407 A I T I T I 500 A I T I T S S S P P P P P 200 R P 200 R P 200 P 200 R P P P P P 200 P 200 P 200 P 200 I 200 I 200 I 200 A A A A B B B B B 200 B 200 B 200 B 200
1320,I I T I 500 A I T T I T I 480 A I 480 A I 480 A
1321,I T I 407 A I I T I 500 A I T T I T I 404 A I 404 A S P P 200 C C 200 I 404 A
1322,I T I T I T R R P P P 200 P 200 I 408 A C C 200 C C 200 I 487 A I 408 A
1323,I T I T I 500 A I T I T S S S P P P P P 200 S S P 200 P 200 P 200 S P P P P P 200 P 200 P 200 P 200 R R R P P P P P 200 P 200 P 200 P 200 S S S P P P P P 200 P 200 P 200 P 200 S S S P P P P P 200 P 200 P 200 P 200 S S S P P P P P 200 P 200 P 200 P 200 I 200 I 200 I 200 A A A A B B B B B 200 B 200 B 200 B 200
1324,I I T I 500 A T I T I T S S S P P P P 200 S P 200 S P 200 S P P P P 200 P 200 P 200 C C 200 C C 200 C C 200 I 487 A I 487 A I 487 A
1325,I T I T I 500 A I T I T S S S P P P P 200 R P 200 R P 200 R P P P P 200 P 200 P 200 R R R P P P P 200 P 200 P 200 I 200 I 200 I 200 I 200 I 200 A A I 200 A A A A U U U 200 U 200 U U U 200 U 200 B B B B B 200 B 200 B 200 B 200
1326,I I T T I 500 A I T I T S S S P P P P 200 S P 200 S P 200 S P P P P 200 P 200 P 200 R R R P P P P 200 P 200 P 200 S S S P P P P 200 P 200 P 200 S S S P P P P 200 P 200 P 200 S S S P P P P 200 P 200 P 200 S S S P P P P 200 P 200 P 200 I 200 I 200 I 200 A A A A B B B B 200 B 200 B 200
1327,I T I T I 500 I A T I T I T R R R R P P P P P 200 P 200 P 200 P 200 I 200 I 200 I 200 I 200 A A A A I T I I T T I I 200 I 200 I 200 I 200 A A A A B B B B B 200 B 200 B 200 B 200
1328,I T I T I 500 A I T I T I T R R R R P P P P P 200 P 200 P 200 P 200 I 200 I 200 I 200 I 200 A A A A I T I T I T I T I 200 I 200 I 200 I 200 A A A A I I T I T I T T I 488 A I 488 I 488 A A I 488 A I T I 407 A I T I T I T I T I 200 I 200 I 200 I 200 A A A A B B B B B 200 B 200 B 200 B 200
1329,I T I 407 A I T I T I 500 A I T I T C C 200 C C 200 C C 200 I 487 I 487 A I 487 A A
1330,I T I 407 A I T I T I 500 A I T I T S S S P P P P 200 S S P 200 P 200 S P P P P 200 R P 200 R P 200 R P P P P 200 P 200 P 200 C C C 200 C C 200 I 487 A I 487 A C 200 I 487 A
1331,I T I T I 500 A I T I T S S S P P P P 200 P 200 P 200 R R R P P P P 200 P 200 P 200 W W W I 481 A I 481 A P I 481 P 481 A
1332,I T I T I 500 I I T I T A T I T R R R R P P P P P 200 P 200 P 200 P 200 I 408 A I 200 I 200 I 200 I 200 A A A A B B B B B B 408
1333,I T I T I 500 A I T I T S S S P P P P 200 I 200 I 200 P 200 I 200 A P 200 A A A B B B B 200 B 200 B 200
1334,I T I T I 500 A I T I T S S S P P P P P 200 R P 200 R P 200 P 200 R P P P P P 200 P 200 P 200 P 200 I 486 A I 486 A I 486 A
1335,I T I 407 A I T I T I 500 A I T I T S S S P P P R P P 200 R P 200 P 200 P 200 R P P P P P 200 P 200 P 200 P 200 I 200 I 200 I 200 A A A A B B B B 200 B 200 B 200
1336,I I T T I 500 A I T I T R R R P P P P P 200 P 200 P 200 P 200 C C C 200 C C 200 I 487 A I 487 A C 200 I 487 A
1337,I T I 407 A I I T T I 500 A I T I T S S S P P P P 200 P 200 P 200 S S S P P P P 200 P 200 P 200 I 200 I 200 I 200 A A A A U U U 200 U U 200 U 200 U 200 U U U 200 U 200 U U U 200 U 200 B B B B 200 B 200 B 200
1338,I T I T I 500 A I T I T R R R P P P P P 200 P 200 P 200 P 200 S S S P P P P P 200 I 200 P 200 I 200 P 200 P 200 I 200 A A A A B B B B B 200 B 200 B 200 B 200
1339,I T I T I 500 A I T I T R R R P P P P 200 P 200 P 200 I 200 I 200 I 200 A A A A U U U U 200 U 200 U 200 U 200 U U U U 200 U 200 U 200 U 200 U U U U 200 U 200 U 200 U 200 U U U U 200 U 200 U 200 U 200 U U U 200 U 200 U U U 200 U 200 U U U 200 U 200 U U U 200 U 200 B B B B B 200 B 200 B 200 B 200
1340,I I T I 500 A T I T I T S S S P P P P P 200 S P 200 S P 200 P 200 S P P P P P 200 S S P 200 P 200 P 200 S P P P P P 200 P 200 P 200 P 200 R R R P P P P P 200 P 200 P 200 P 200 I 200 I 200 I 200 A A A A B B B B B 200 B 200 B 200 B 200
1341,I I T I 500 A T I T I T R R R C C C 200 C 200 C C 200 I 487 A I 487 A I 487 A
1342,I T I T I 500 A I T I T S S S P P P P P 200 P 200 P 200 P 200 R R R P P P P P 200 P 200 P 200 P 200 I 200 I 200 I 200 A A A A U U U 200 U 200 U U U 200 U 200 U U U 200 U 200 U U U 200 U 200 U U U 200 U 200 U U U 200 U 200 U U U 200 U 200 U U U 200 U 200 B B B B 200 B 200 B 200
1343,I T I T I 500 A I T I T R R R P P P P P 200 I 200 I 200 P 200 P 200 I 200 A P 200 A A A B B B B B 200 B 200 B 200 B 200
1344,I I T T I 500 I T A I T R R R P P P P P 200 P 200 P 200 P 200 C C C 200 C 200 C C 200 I 487 A I 487 A I 487 A
1345,I I T T I 500 A I T I T S S S P P P P 200 S P 200 S P 200 S P P P P 200 P 200 P 200 R R R P P P P 200 P 200 P 200 I 200 I 200 I 200 A A A A B B B B 200 B 200 B 200
1346,I T I 407 A I T I T I 500 A I T I T R R R P P P P 200 P 200 P 200 I 200 I 200 I 200 A A A A U U U U 200 U 200 U 200 U 200 U U U 200 U 200 U U U 200 U 200 B B B B 200 B 200 B 200
1347,I T I T I 500 A I T I T R R R C C 200 C C 200 C P C 200 I 487 P A I 487 A P 481 I 487 A
1348,I T I T I 500 A I T I T S S S P P P P P 200 R P 200 P 200 P 200 R R P P P P P 200 P 200 P 200 P 200 I 200 I 200 I 200 A A A A B B B B 200 B 200 B 200
1349,I T I T I 500 A I T I T I T R R R R P P P P P 200 P 200 P 200 P 200 I 200 I 200 I 200 I 200 A A A A B B B B 200 B 200 B B 200 B 200
1350,I I T I 500 A T I T I T I 500 A I T I T I T R R R R R P P P P P P 200 P 200 P 200 P 200 P 200 I 200 I 200 I 200 I 200 I 200 A A A A A B B B B B B B 200 B 200 B 200 B 200 B 200
1351,I I T T I 500 A I T I T I 500 A I T I T I T R R R R R P P P P P P 200 P 200 P 200 P 200 P 200 I 200 I 200 I 200 I 200 I 200 A A A A A U U U 200 U 200 U 200 B B B B B 200 B 200 B 200 B 200
1352,I T I T I 500 A I T W W I T I T S S S S P P P P P 200 P 200 R P 200 P 200 R R R P P P P P 200 P 200 P 200 P 200 S S S S P P P P P 200 P 200 P 200 P 200 U U U U U 200 U 200 U 200 U 200 I 200 I 200 I 200 I 200 A A A A B B B B 200 B 200 B B 200 B 200
1353,I T I T I 500 A I T I T S S S P P P P 200 S S P 200 P 200 S P P P P 200 P 200 P 200 R R R P P P P 200 P 200 P 200 I 200 I 200 I 200 A A A A U U U 200 U 200 U U 200 U 200 U U U 200 U 200 U U U 200 U 200 U U U 200 U 200 U U U 200 U 200 U U U 200 U 200 U U U 200 U 200 U U U 200 U 200 U U U 200 U 200 B B B B 200 B 200 B 200
1354,I T I 407 A I T I T I 500 A I T I T S S S S S P P P P 200 S P 200 S P 200 S S S P P P P 200 P 200 P 200 R R R P P P P 200 P 200 P 200 I 486 A I 486 A I 486 A
1355,I I T T I 500 A I T I T S S S P P P P 200 P 200 P 200 R R R P P P P 200 P 200 P 200 I 200 I 200 I 200 A A A A U U U 200 U 200 U U 200 U 200 B B B B 200 B 200 B 200
1356,I T I T I 500 A I T I T R R R P P P P P 200 P 200 P 200 P 200 S S S P P P P P 200 P 200 P 200 P 200 S S S P P P P P 200 P 200 P 200 P 200 S S S P P P P P 200 P 200 P 200 P 200 C C C 200 C C 200 I 487 A I 487 A C 200 I 487 A
1357,I T I T I 500 A I T I T I T R R R R P P P P P 200 P 200 P 200 P 200 I 200 I 200 I 200 I 200 A A A A U U U 200 U 200 U U U 200 U 200 U U U U 200 U 200 U 200 U 200 U U U U 200 U 200 U 200 U 200 B B B B B 200 B 200 B 200 B 200
1358,I T I T I 500 A I I T I T T I 486 I 486 A I 486 A A I 486 A
1359,I T I T R R P P P 200 P 200 I 200 I 200 A A U U U 200 U 200 U U U 200 U 200 B B B 200 B 200
1360,I T I T I 500 A I T I T S S S P P P P P 200 P 200 P 200 P 200 S S S P P P P P 200 P 200 P 200 P 200 R R R P P P P P 200 P 200 P 200 P 200 I 200 I 200 I 200 A A A A B B B B B 200 B 200 B 200 B 200
1361,I T I T I 500 A I T I T S S S P P P P 200 P 200 P 200 S S S P P P P 200 P 200 P 200 R R R P P P P 200 P 200 P 200 C C 200 C C C 200 C 200 I 487 A I 487 A I 487 A
1362,I T I T I 500 A I T I T R R R P P P P 200 P 200 P 200 S S S P P P P 200 P 200 P 200 S S I 200 I 200 S I 200 P A P A P P 200 P 200 A I 200 A I 200 A A P 200 U U U 200 U 200 U U U 200 U 200 B B B B 200 B 200 B 200
1363,I T I T I 500 A I T I T I T R R R R P P P P P 200 P 200 P 200 P 200 I 200 I 200 I 200 I 200 A B A A A B B B B 200 B 200 B 200 B 200
1364,I T I T I 500 A I T I T S S S P P P P P 200 P 200 P 200 P 200 R R R P P P P P 200 P 200 P 200 P 200 I 200 I 200 I 200 A A A A U U U 200 U 200 U U U 200 U 200 U U U 200 U 200 U U U 200 U 200 B B B B B 200 B 200 B 200 B 200
1365,I T I T I 500 I A T W W I T I T R R R R P P P P P 200 P 200 P 200 P 200 C C 200 C C 200 C C 200 I 487 C A I 487 C 200 A I 487 A I 487 A
1366,I T I 407 A I T I T I 500 A I T I T I 500 I I T I A T T R R R R R P P P P P P 200 P 200 P 200 P 200 P 200 C C 200 C C 200 C C 200 C C 200 C C 200 I 487 A I 487 A I 487 A I 487 A I 487 A
1367,I T I T I 500 I T I T A I T R R R R P P P P P 200 P 200 P 200 P 200 I 200 I 200 I 200 I 200 A A A A U U U U U 200 U 200 U 200 U 200 U U U 200 U 200 U U U 200 U 200 B B B B B 200 B 200 B 200 B 200
1368,I T I T I 500 A I T I T I T R R R R P P P P P 200 P 200 P 200 P 200 I 603 A I 603 A I 603 A I 603 A
1369,I T I 407 A I T I T I 500 A I T I T S S S P P P P 200 I 200 P 200 I 200 I 200 P 200 A A A A U U U 200 U 200 U U U 200 U 200 B B B B 200 B 200 B 200
1370,I T I T I 500 A I T I T S S S P P P P P 200 P 200 P 200 P 200 S S S P P P P P 200 P 200 P 200 I 200 I 200 P 200 I 200 A A A A U U U 200 U 200 U U U 200 U 200 U U U 200 U 200 U U U 200 U 200 B B B B B 200 B 200 B 200 B 200
1371,I I T T I 500 A I T I T S S S P P P P 200 P 200 P 200 R R R P P P P 200 P 200 P 200 R R R P P P P 200 P 200 P 200 I 200 I 200 I 200 A A A A B B B B B 200 B 200 B 200 B 200
1372,I T I T I 500 A I T I T I 500 I I T T I A T R R R R R P P P P P P 200 P 200 P 200 P 200 P 200 I 200 I 200 I 200 I 200 I 200 A A A A A U U U U U 200 U 200 U 200 U 200 U 200 U U 200 U U 200 U 200 U 200 U 200 U U U 200 U U 200 U 200 U 200 U 200 B B B B B 200 B 200 B 200 B 200
1373,I T I 407 A I T I T I 500 A I T I T S S S P P P P 200 P 200 P 200 S S S P P P P 200 P 200 P 200 S S S P P P P 200 P 200 P 200 C C 200 C C 200 C C 200 I 487 A I 487 A I 487 A
1374,I T I 407 A I T I T I 500 A I T I T I 500 A I T I 486 A I 486 A I 486 A
1375,I T I T I 500 I T I T I A T R R R R P P P P P 200 P 200 P 200 P 200 I 200 I 200 I 200 I 200 A A A A U U U U 200 U 200 U 200 U 200 U U U 200 U 200 U U U 200 U 200 U U U 200 U 200 U U U 200 U 200 B B B B B 200 B 200 B 200 B 200
1376,I I T T I 500 A I T I T R R R P P P P 200 R P 200 R P 200 R P P P P 200 R R I 200 P 200 I 200 P P I 200 P 200 P 200 P 200 A A A A I T I T I I 200 I 200 I 200 A A A I T I T I I 200 I 200 I 200 A A A I T I T I I 200 I 200 I 200 A A A I T I T I I 200 I 200 I 200 A A A I T I T I I 200 I 200 I 200 A A A U U U U U 200 U 200 U 200 U 200 B B B B 200 B 200 B 200
1377,I T I T I 500 I T I T I T A R R R R P P P P P 200 P 200 P 200 P 200 I 200 I 200 I 200 I 200 A A A A I T I T I T I T I 200 I 200 I 200 I 200 A A A A I T I I T T I T I 200 I 200 I 200 I 200 A A A A B B B B B 200 B 200 B 200 B 200
1378,I T I T I 500 A I I T I T T R R P R R P P P P 200 P 200 P 200 P 200 C C 200 C C 200 C C 200 C C 200 I 487 A I 487 A I 487 A I 487 A
1379,I I T I 500 A T I T I T S S S P P P P P 200 S S P 200 P 200 P 200 S P P P P P 200 S P 200 S P 200 P 200 S P P P P P 200 P 200 R R P 200 P 200 R P P P P P 200 P 200 P 200 P 200 I 200 I 200 I 200 A A A A B B B B 200 B 200 B 200
1380,I T I 407 A I I T I 500 A I T I T T S S S P P P P 200 P 200 P 200 R R R P P P P 200 P 200 P 200 I 200 I 200 I 200 A A A A B B B B 200 B 200 B 200
1381,I T I 407 A I I T I 500 A I T I T T R R R P P P P P 200 P 200 P 200 P 200 S S S P P P P P 200 P 200 P 200 P 200 S S S P P P P P 200 P 200 P 200 P 200 I 200 I 200 I 200 A A A A B B B B B 200 B 200 B 200 B 200
1382,I T I 407 A I I T I 500 A T I T I T S S S P P P P P 200 P 200 P 200 P 200 R R R P P P P P 200 P 200 P 200 P 200 I 200 I 200 I 200 A A A A B B B B B 200 B 200 B 200 B 200
1383,I T I T I 500 A I T I T R R R P P P P 200 P 200 P 200 I 487 A I 487 A I 487 A
1384,I T I T I 500 I T A I T S S S P P P P 200 S P S P 200 P 200 P 200 S P P P P P 200 P 200 P 200 P 200 R R R P P P P P 200 P 200 P 200 P 200 C C C C 200 C 200 I 487 A I 487 A C 200 I 487 A
1385,I T I T R R P P P 200 P 200 I 200 I 200 A A U U U 200 U 200 U U U 200 U 200 U U U 200 U 200 U U U 200 U 200 U U U 200 U 200 B B B 200 B 200
1386,I T I T I 500 A I T I T I T I R T R R R P P P P P 200 P 200 P 200 P 200 I 480 A I 200 I 200 I 200 I 200 A A A A B B B B B 200 B 200 B 200 B 200
1387,I I T T I 500 A I T I T S S S P P P P P 200 P 200 P 200 P 200 S S S P P P P P 200 P 200 P 200 P 200 R R R P P P P P 200 P 200 P 200 P 200 I 200 I 200 I 200 A A A A I T I T I I 200 I 200 I 200 A A A U U U U 200 U 200 U 200 U 200 B B B B 200 B 200 B 200
1388,I T I 407 A I T I T I 500 A I T I T R R R P P P P 200 P 200 P 200 C C C 200 C C 200 I 487 A C 200 I 487 A I 487 A
1389,I I T I 500 A T I T I T R R R P P P P P 200 P 200 P 200 P 200 I 200 I 200 I 200 A A A A U U U 200 U 200 U U U 200 U 200 B B B B B 200 B 200 B 200 B 200
1390,I I T T I 500 A I T I T I 500 A I T I T I T R R R R R P P P P P P 200 P 200 P 200 P 200 P 200 I 200 I 200 I 200 I 200 I 200 A A A A A U U U 200 U U 200 U U U 200 U 200 U 200 U U U 200 U 200 U U U 200 U 200 U U U 200 U 200 U U 200 U U U 200 U 200 U U U 200 U 200 U U 200 U U U 200 U 200 U U U 200 U 200 U U U 200 U 200 U U U 200 U 200 U 200 U U U 200 U 200 U U U 200 U 200 U U U 200 U 200 B B B B B 200 B 200 B 200 B 200
1391,I T I T I 500 A I T I T I T R R R R P P P P P 200 P 200 P 200 P 200 I 200 I 200 I 200 I 200 A A A A U U U U U 200 U 200 U 200 U U U 200 U U 200 U 200 U 200 U U U 200 U 200 U U U 200 U 200 B B B B B 200 B 200 B 200 B 200
1392,I T I T I 500 A I T I T R R R P P P P 200 P 200 P 200 I 200 I 200 I 200 A A A A U U U 200 U 200 U U U 200 U 200 U U U 200 U U 200 U 200 U 200 B B B B 200 B 200 B 200
1393,I T I T I 500 A I T I T R R R P P P P 200 P 200 P P 200 P 200 I 200 I 200 I 200 A A A A B B B B B 200 B 200 B 200 B 200
1394,I T I T I 500 I A T I 486 I 486 A A
1395,I T I T I 500 A I T I T S S S P P P P P 200 P 200 P 200 P 200 S S S P P P P P 200 P 200 P 200 P 200 R R R I 200 I 200 I 200 A A A A B B B B B 200 B 200 B 200 B 200
1396,I T I T I 500 A I T I T R R R P P P P P 200 P 200 P 200 P 200 I 200 I 200 I 200 A A A A U U U 200 U 200 U U U 200 U 200 U U U 200 U 200 U U U 200 U 200 U U U 200 U 200 U U U 200 U 200 U U U 200 U 200 U U U 200 U 200 B B B B B 200 B 200 B 200 B 200
1397,I I T I 500 A T I T I T S S S P P P P P 200 S P 200 P 200 P 200 S S P P P P P 200 P 200 P 200 P 200 I 200 I 200 I 200 A A A A I T I T I I 200 I 200 I 200 A A A B B B B B 200 B 200 B 200 B 200
1398,I T I T S S P P P 200 P 200 S S P P P 200 P 200 I 486 A I 486 A
1399,I T I T I 500 A I T I T I T I T R R R R P P P P P 200 P 200 P 200 P 200 I 408 A I 408 A I 200 I 200 I 200 I 200 A A A A B B B B B 200 B 200 B 200 B 200
1400,I T I T I 500 I I T I T A T R R R R P P P P P 200 P 200 P 200 P 200 I 200 I 200 I 200 I 200 A A A A U U U 200 U 200 U U U 200 U 200 U U U 200 U 200 U U U 200 U 200 U U U 200 U 200 U U U 200 U 200 U U U 200 U 200 U U U 200 U 200 U U U 200 U 200 U U U 200 U 200 B B B B B 200 B 200 B 200 B 200
1401,I T I T I 500 A I T I T S S S P P P P P 200 P 200 P 200 P 200 S S S P P P P 200 P P 200 P 200 P 200 S S S P P P P P 200 P 200 P 200 P 200 R R R P P P P P 200 P 200 P 200 P 200 I 200 I 200 I 200 A A A A B B B B B 200 B 200 B 200 B 200
1402,I T I T I 500 A I T I T R R R P P P P P 200 I 200 P 200 I 200 P 200 P 200 I 200 A A A A U U U 200 U 200 U U U 200 U 200 U U U 200 U 200 U U U 200 U 200 U U U 200 U 200 U U U 200 U 200 B B B B B 200 B 200 B 200 B 200
1403,I T I 407 A I T I T I 500 A I T I T S S S P P P P P 200 P 200 P 200 P 200 S S S P P P P P 200 P 200 P 200 P 200 R R R P P P P P 200 P 200 P 200 P 200 I 200 I 200 I 200 A A A A B B B B 200 B 200 B 200
1404,I I T T I 500 A I T I T R R R P P P P 200 P 200 P 200 I 200 I 200 I 200 A A A A U U U 200 U 200 U U U 200 U 200 U U U 200 U 200 U U U 200 U 200 U U U 200 U 200 U U U 200 U 200 U U U 200 U 200 U U U 200 U 200 B B B B 200 B 200 B 200
1405,I T I 407 A I T I T I 500 A I T I T S S S P P P P 200 P 200 P 200 S S S P P P 200 P P 200 P 200 R R R S S S P P P P 200 P 200 P 200 I 200 I 200 I 200 A A A A B B B B 200 B 200 B 200
1406,I T I T I 500 A I T I T S S S P P P P P 200 S S P 200 P 200 S P 200 P P P P P 200 P 200 P 200 P 200 R R R P P P P P 200 P 200 P 200 P 200 I 480 A I 480 A I 480 A
1407,I T I 407 A I I T I 500 A T I T I T R R R P P P P P 200 P 200 P 200 P 200 S S S P P P P P 200 P 200 P 200 P 200 S S S P P P P P 200 P 200 P 200 P 200 S S S P P P P P 200 P 200 P 200 P 200 I 200 I 200 I 200 A A A A B B B B B 200 B 200 B 200 B 200
1408,I T I T I 500 I A T I T I T R R R R P P P P P 200 P 200 P 200 P 200 I 200 I 200 I 200 I 200 A A A A I I I T I T T T I 200 I 200 I 200 I 200 A A A A I T I I T T I T I 488 A I 488 A I 488 A I 488 A I T I 407 A I I I T T I T T I 200 I 200 I 200 I 200 A A A A B B B B B 200 B 200 B 200 B 200
1409,I T I T I 500 A I T I T I T R R R R P P P P P 200 P 200 P 200 P 200 I 200 I 200 I 200 I 200 A A A A U U U U U 200 U 200 U 200 U U U U U 200 U 200 U 200 U U U U 200 U 200 U 200 U 200 U U U U 200 U 200 U 200 U 200 U U U U 200 U 200 U 200 U 200 U U U 200 U 200 U U U 200 U 200 U U U 200 U 200 U U U 200 U 200 U U U 200 U 200 U U U 200 U 200 B B B B B 200 B 200 B 200 B 200
1410,I T I T I 500 A I T I T S S S P P P P P 200 P 200 P 200 P 200 S S S I 200 P I 200 P P I 200 P P 200 P 200 P 200 P 200 A A A A B B B B 200 B 200 B 200
1411,I I T I 500 A T I T T I S S S P P P P P 200 P 200 P 200 P 200 C C 200 C C 200 C C 200 I 487 A I 487 A I 487 A
1412,I I T T I 500 A I T I T S S S P P P P P 200 R R P 200 P 200 P 200 R P P P P P 200 P 200 P 200 P 200 I 200 I 200 I 200 A A A A B B B B B 200 B 200 B 200 B 200
1413,I T I 407 A I I T I 500 I T A I T T I 484 A I 484 A I 484 A
1414,I T I T I 500 A I T I T I T R R R R P P P P P 200 P 200 P 200 P 200 I 200 I 200 I 200 I 200 A A A A U U U U 200 U 200 U 200 U 200 U U U 200 U 200 U U U 200 U 200 U U U 200 U 200 U U U 200 U 200 U U U 200 U 200 U U U 200 U 200 U U U 200 U 200 U U U 200 U 200 B B B B B 200 B 200 B 200 B 200
1415,I T I T I 500 I T A I T S S S P P P P P 200 P 200 P 200 P 200 S S S P P P P P 200 P 200 P 200 P 200 R R R P P P P P 200 P 200 P 200 P 200 C C 200 C C 200 C C 200 I 487 A I 487 A I 487 A
1416,I I T I 500 A I T T I T S S S P P P P 200 P 200 P 200 S S S P P P P 200 P 200 P 200 I 200 I 200 I 200 A A A A U U U 200 U 200 U U U 200 U 200 B B B B 200 B 200 B 200
1417,I T I T I 500 A I T I T S S S S S P P P P 200 P 200 P 200 R R R P P P P 200 P 200 P 200 I 200 I 200 I 200 A A A A B B B B 200 B 200 B 200 B B 200
1418,I T I T I 500 A I T I T S S S P P P P P 200 P 200 P 200 P 200 S S S P P P P P 200 P 200 P 200 P 200 R R R P P P P P 200 P 200 P 200 P 200 I 200 I 200 I 200 A A A A U U U 200 U 200 U U U 200 U 200 U U U 200 U 200 U U U 200 U 200 U U U 200 U 200 U U U 200 U 200 U U U 200 U 200 U U U 200 U 200 U U U 200 U 200 U U U 200 U 200 B B B B B 200 B 200 B 200 B 200
1419,I I T I 500 T A I T I T R R R P P P P P 200 P 200 P 200 P 200 I 200 I 200 I 200 A A A A B B B B B 200 B 200 B 200 B 200
1420,I T I T I 500 A I T W W R R P P P 200 P 200 I 200 I 200 A A B B B 200 B 200
1421,I T I T I 500 I T A I T S S S P P P P P 200 R P 200 R P 200 P 200 R P P P P P 200 P 200 P 200 P 200 I 200 I 200 I 200 A A A A B B B B B 200 B 200 B 200 B 200
1422,I T I T I 500 A I T I T I I T T R R R R P P P P P 200 P 200 P 200 P 200 I 480 A I 200 I 200 I 200 I 200 A A A A B B B B B 200 B 200 B 200 B 200
1423,I T I T I 500 I A T I T I T R R R R P P P P P 200 P 200 P 200 P 200 I 200 I 200 I 200 I 200 A A A A B B B B 200 B B 200 B 481 B 200 B 200
1424,I T I 407 A I T I T I 500 I T A I T R R R P P P P 200 P 200 P 200 C C C 200 C C 200 I 487 A I 487 C 200 A I 487 A
1425,I T I T I 500 A I T I T R R R I 200 I 200 I 200 A A I 200 I 200 A A B B B B 200 B 200 B 200
1426,I T I T I 500 A I T I T I T R R R R P P P P P 200 P 200 P 200 P 200 I 200 I 200 I 200 I 200 A A A A I T I T I T I I 200 I 200 I 200 I 200 A A A A U U U U U 200 U 200 U 200 U 200 B B B B B 200 B 200 B 200 B 200
1427,I T I T I 500 A I T I T I W T W S S S S P P P P P 200 P 200 P 200 P 200 R R R R P P P P P 200 P 200 P 200 P 200 C C 200 C C 200 C C 200 C C 200 I 487 A I 487 A I 487 A I 487 A
1428,I T I T I 500 A I T I T S S S P P P P 200 P 200 P 200 R R R P P P P 200 P 200 P 200 I 200 I 200 I 200 A A A A U U U 200 U 200 U U U 200 U 200 B B B B 200 B 200 B 200 B B 481
1429,I T I 407 A I T I T I 500 A I T I T S S S P P P P P 200 S P 200 S P 200 S P 200 P P P P P 200 S S P 200 P 200 P 200 S P P P P P 200 P 200 P 200 P 200 S S S P P P P P 200 P 200 P 200 P 200 C C 200 C C 200 C C 200 I 487 A I 487 A I 487 A
1430,I T I T I 500 A I T I T I T R R R R P P P P P 200 P 200 P 200 P 200 I 200 I 200 I 200 I 200 A A A A U U U U 200 U 200 U 200 U 200 U U U 200 U 200 U U U 200 U 200 U U U 200 U 200 U U U 200 U 200 I T I I T T I I 200 I 200 I 200 I 200 A A A A I I T I T T I T I 200 I 200 I 200 I 200 A A A A U U U U 200 U 200 U 200 U 200 U U U 200 U 200 U U U 200 U 200 B B B B B 200 B 200 B 200 B 200
1431,I T I 407 A I T I T I 500 A I T I T R R R P P P P 200 P 200 P 200 C C C 200 C C 200 C 200 I 487 A I 487 A I 487 A
1432,I I T I 500 A T I T I T S S S P P P P 200 P 200 P 200 R R R P P P P 200 P 200 P 200 I 480 A I 480 A I 480 A
1433,I T I T I 500 A I T I T I 404 A I 404 A S P P 200 I 404 A
1434,I T I 407 A I T I T I 500 A I T I T S S S P P P P P 200 P 200 P 200 P 200 S S S P P P P P 200 P 200 P 200 P 200 R R R P P P P P 200 P 200 P 200 P 200 C C 200 C C 200 C C 200 I 487 A I 487 A I 487 A
1435,I T I T I 500 A I T I T S S S P P P P 200 R R P 200 P 200 R P P P P 200 R P 200 R P 200 R P P P P 200 P 200 P 200 I 200 I 200 I 200 A A A A B B B B B 200 B 200 B 200 B 200
1436,I T I T I 500 I T A I T I 500 A I T I T I T R R R R R P P P P P P 200 P 200 P 200 P 200 P 200 I 200 I 200 I 200 I 200 I 200 A A A A A B B B B B B 200 B 200 B 200 B 200 B 200
1437,I T I 407 A I T I T I 500 I T A I T R R R P P P P P 200 P 200 P 200 P 200 I 200 I 200 I 200 A A A A B B B B B 200 B 200 B 200 B 200
1438,I T I T I 500 A I T I T R R R I 200 I 200 I 200 P P P P P 200 P 200 A P 200 A A A P 200 I T I T I I 200 I 200 I 200 A A A B B B B 200 B 200 B 200
1439,I T I T I 500 A I T I T I T R R R R P P P P P 200 P 200 P 200 P 200 I 200 I 200 I 200 I 200 A A A A I T I T I T I I 200 I 200 I 200 I 200 A A A A U U U 200 U U 200 U 200 U U 200 B B B B B 200 B 200 B 200 B 200
1440,I T I T I 500 I A T I T I T R R R R P P P P P 200 P 200 P 200 P 200 C C 200 C C 200 C C 200 C C 200 I 487 A I 487 A I 487 I 487 A A
1441,I I T T I 500 A I T I T R R R P P P P 200 P 200 P 200 I 200 I 200 I 200 A A A A I T I T I I 200 I 200 I 200 A A A B B B B 200 B 200 B 200
1442,I T I T I 500 A I T I T I T R R R R P P P P P 200 P 200 P 200 P 200 I 200 I 200 I 200 I 200 A A A A U U U U 200 U 200 U 200 U 200 U U U 200 U 200 U U U 200 U 200 U U U 200 U 200 U U U 200 U 200 U U U 200 U 200 U U U 200 U 200 I T I T I T I I 200 I 200 I 200 I 200 A A A A U U U 200 U 200 U U 200 U 200 B B B B B 200 B 200 B 200 B 200
1443,I T I T I 500 A I T I T R R R P P P P 200 P 200 P 200 I 200 I 200 I 200 A A A A U U U U 200 U U 200 U 200 U 200 B B B B 200 B 200 B 200
1444,I T I T I 500 A I T I T I T R R R R P P P P P 200 P 200 P 200 P 200 I 200 I 200 I 200 I 200 A A A A B B B B B 200 B B 200 B 200 B 200 B 200 B 200
1445,I T I T I 500 A I T I T S S S P P P P P 200 P 200 P 200 P 200 R R R P P P P P 200 P 200 P 200 P 200 I 200 I 200 I 200 A A A A U U U 200 U 200 U U U 200 U 200 B B B B 200 B 200 B 200
1446,I T I T I 500 I T I T I T A R R R R P P P P P 200 P 200 P 200 P 200 I 200 I 200 I 200 I 200 A A A A I I T I 200 I 200 A A I I I 200 T I 200 A A B B B B B 200 B 200 B 200 B 200
1447,I T I T I 500 A I I T T I T R R R R P P P P P 200 P 200 P 200 P 200 I 200 I 200 I 200 I 200 A A A A U U U U 200 U 200 U 200 U 200 U U U U 200 U 200 U 200 U 200 B B B B B 200 B 200 B 200 B 200
1448,I T I T I 500 I T W I W T A I T S S S S P P P P P 200 P 200 S P 200 P 200 S S S P P P P P 200 S S P 200 P 200 S P 200 S P P P P P 200 P 200 P 200 P 200 R R R R P P P P P 200 P 200 P 200 P 200 I 480 A I 480 A I 480 A I 480 A
1449,I T I 407 A I T I T I 500 A I T I T S S S P P P P P 200 R P 200 R P 200 P 200 R P P P P P 200 P 200 P 200 P 200 I 480 A I 480 A I 480 A
1450,I T I T I 500 A I T I T I T R R R R I 200 I 200 I 200 I 200 A A A A U U U U U 200 U 200 U 200 U 200 U U U 200 U 200 U U U 200 U 200 U U U 200 U 200 U U U 200 U 200 B B B B B 200 B 200 B 200 B 200
1451,I T I T I 500 A I T I T S S S P P P P 200 P 200 P 200 R R R P P P P 200 P 200 P 200 I 200 I 200 I 200 A A A A U U U 200 U 200 U U U 200 U 200 U U U 200 U U 200 U 200 U 200 U U U 200 U 200 U U U 200 U 200 U U U 200 U 200 U U U 200 U 200 U U U 200 U 200 U U U 200 U 200 U U U 200 U 200 U U U 200 U 200 B B B B 200 B 200 B 200
1452,I T I 407 A I T I T I 500 A I T I T S S S P P P P 200 S P 200 S P 200 S P P P P 200 P 200 P 200 C C 200 C C 200 C C 200 I 487 A I 487 A I 487 A
1453,I T I 407 A I I T I 500 A I T I T T I 504 A I 504 A I 504 A
1454,I T I T I 500 I I T I T T A R R R R P P P P P 200 P 200 P 200 P 200 C C 200 C C 200 C C 200 C C 200 I 487 A I 487 A I 487 A I 487 A
1455,I T I 407 A I I T I 500 A T I T I T I 200 I 200 I 200 A A A A B B B B 200 B 200 B 200
1456,I T I 407 A I T I T I 500 I T A I T S S S P P P P P 200 P 200 P 200 P 200 I 200 I 200 I 200 A A A A B B B B B 200 B 200 B 200 B 200
1457,I T I T I 500 A I T I T W W I T S S S S P P P P P 200 P 200 P 200 P 200 R R R R P P P P P 200 P 200 P 200 P 200 C C 200 C C 200 C I 487 A I 487 C 200 C C 200 A I 487 A I 487 A
1458,I T I T I 500 A I T I T I T R R R R P P P P P 200 P 200 P 200 P 200 I 200 I 200 I 200 I 200 A A A A U U U U 200 U 200 U 200 U 200 B B B B B B 200 B 200 B 200 B 200 B B 481 B 481
1459,I T I T I 500 A I T I T S S S P P P P 200 S P 200 S P 200 S P P P P 200 P 200 P 200 R R R P P P P 200 P 200 P 200 C C 200 C C 200 C C 200 I 487 A I 487 A I 487 A
1460,I T I T I 500 A I T I T S S S P P P P 200 R R P 200 P 200 R P P P P 200 P 200 P 200 I 200 I 200 I 200 A A A A U U U 200 U 200 U U U 200 U 200 B B B B 200 B 200 B 200
1461,I T I 407 A I T I T I 500 A I T I T S S S P P P P 200 P 200 P 200 S S S P P P P 200 P 200 P 200 R R R P P P P 200 P 200 P 200 R R R P P P P 200 P 200 P 200 R R R P P P P 200 P 200 P 200 C C C 200 C C 200 I 487 A I 487 A C 200 I 487 A
1462,I T I 407 A I T I T I 500 A I T I T I 200 I 200 I 200 A A A A U U U 200 U U 200 U 200 U 200 U U U 200 U 200 U U U 200 U 200 U U U 200 U 200 U U U 200 U 200 B B B B 200 B 200 B 200
1463,I T I T I 500 A I T I T I T R R R R P P P P P 200 P 200 P 200 P 200 I 200 I 200 I 200 I 200 A A A A U U U U 200 U 200 U 200 U 200 U U U 200 U U 200 U 200 U 200 U U U 200 U 200 U U 200 U 200 U U U 200 U 200 U U U 200 U 200 B B B B B 200 B 200 B 200 B 200
1464,I T I T I 500 I A T I T I T R R R R P P P P P 200 P 200 P 200 P 200 I 200 I 200 I 200 I 200 A A A A I T I T I T I I 200 I 200 I 200 I 200 A A A A U U U U 200 U U 200 U 200 U 200 B B B B B 200 B 200 B 200 B 200
1465,I I T T R R I 200 I 200 A A B B B 200 B 200
1466,I T I T I 500 A I T I T S S S P P P P 200 P 200 P 200 R R R P P P P 200 R P 200 R P 200 R P P P P 200 P 200 P 200 I 480 A I 480 A I 480 A
1467,I I T I 500 A I T T I T I 500 A I I T I T T R R R R R P P P P P P 200 P 200 P 200 P 200 P 200 I 200 I 200 I 200 I 200 I 200 A A A A A U U U 200 U U 200 U U 200 U 200 U U 200 B B B B B B 200 B 200 B 200 B 200 B 200
1468,I I T I 500 A I T I T I 500 A I T I T T I T R R R R R P P P P P P 200 P 200 P 200 P 200 P 200 C C 200 C C 200 C C 200 C C 200 C C 200 I 487 A I 487 A I 487 A I 487 A I 487 A
1469,I T I 407 A I T I T I 500 A I T I T S S S P P P P P 200 P 200 P 200 P 200 S S S P P P P P 200 P 200 P 200 P 200 I 200 I 200 I 200 A A A A B B B B B 200 B 200 B 200 B 200
1470,I T I T I 500 A I T I T I T R R R R P P P P P 200 P 200 P 200 P 200 I 200 I 200 I 200 I 200 A A A A I I T I T T I T I 200 I 200 I 200 I 200 A A A A B B B B B 200 B 200 B 200 B 200
1471,I T I 407 A I T I T I 500 A I T I T S S S P P P S S P 200 P 200 P 200 S P P P P 200 P 200 R R P 200 R P P P P 200 P 200 P 200 C C 200 C C 200 C C 200 I 487 A I 487 A I 487 A
1472,I T I T I 500 A I T I T I T I T R R R R P P P P R R R R P P P P P 200 P 200 P 200 P 200 P 200 P 200 P 200 P 200 I 200 I 200 C C 200 I 200 I 200 A A A A I 487 A B B B B B 200 B 200 B 200 B 200
1473,I I T I 500 A T I T I T R R R I 200 I 200 I 200 A A A A U U U 200 U U 200 U 200 U 200 B B B B 200 B 200 B 200
1474,I T I 407 A I I T I 500 A T I T I T S S S P P P P P 200 R P 200 R P 200 P 200 R P P P P P 200 P 200 P 200 P 200 I 200 I 200 I 200 A A A A B B B B 200 B 200 B 200
1475,I T I T I 500 A I T I T I T R R R R P P P P P 200 P 200 P 200 P 200 I 200 I 200 I 200 I 200 A A A A B B B B 200 B B B 200 B 200 B 200 B 200 B 200
1476,I I T T I 500 A I T I T S S S P P P 200 P 200 P P 200 S S S P P P P 200 P 200 P 200 I 200 I 200 I 200 A A A A U U U 200 U 200 U U U 200 U 200 B B B B 200 B 200 B 200
1477,I T I T I 500 I T A I T I T R R R R P P P P P 200 P 200 P 200 P 200 I 200 I 200 I 200 I 200 A A A A I T I T I T I I 200 I 200 I 200 I 200 A A A A B B B B B 200 B 200 B 200 B 200
1478,I T I T I 500 A I T I T S S S P P P P P 200 P 200 P 200 P 200 R R R P P P P P 200 P 200 P 200 P 200 S S S P P P P P 200 P 200 P 200 P 200 S S S P P P P P 200 P 200 P 200 P 200 S S S P P P P P 200 P 200 P 200 P 200 C C 200 C C 200 C C 200 I 487 A I 487 A I 487 A
1479,I T I T I 500 A I T I T S S S P P P P 200 S P 200 S P 200 S P P P P 200 S P 200 S P 200 S P P P P 200 S S P 200 P 200 S P P P P 200 S P 200 S P 200 S P P P P 200 P 200 P 200 C C C 200 C C 200 C 200 I 487 A I 487 A I 487 A
1480,I T I T I 500 A I T I T I 500 A I T W W I T W I T I 500 A I T I T I T I 486 A I 486 A I 486 A I 486 A I 486 A I 486 A I 486 A
1481,I T I T I 500 A I T I T W W I T S S S S P P P P P 200 P 200 P 200 P 200 S S S S P P P P P 200 P 200 P 200 P 200 I 486 A I 486 A I 486 A I 486 A
1482,I T I 407 A I T I T I 500 A I T I T I 500 A I T I T I T R R R R R P P P P P P 200 P 200 P 200 P 200 P 200 I 200 I 200 I 200 I 200 I 200 A A A A A U U U 200 U 200 U U U 200 U 200 U 200 U U U 200 U 200 U U 200 U U 200 U 200 B B B B B B 200 B 200 B 200 B 200 B 200
1483,I T I 407 A I I T I 500 A T I T I T S S S P P P P S S P 200 P 200 P 200 P 200 S P P P P P 200 P 200 P 200 P 200 R R R P P P P P 200 P 200 P 200 P 200 I 200 I 200 I 200 A A A A B B B B B B 200 B 200 B 481 B 481 B 200
1484,I T I T I 500 A I I T I T T R R R R P P P P P 200 P 200 P 200 P 200 I 200 I 200 I 200 I 200 A A A A U U U 200 U U 200 U 200 U 200 U U U 200 U 200 U U U 200 U 200 B B B B B 200 B 200 B 200 B 200
1485,I T I T I 500 A I T I T R R R R R R I 200 I 200 I 200 A A A A B B B B 200 B 200 B 200
1486,I T I T I 500 A I T I T I T R R P R R P P P P 200 P 200 P 200 P 200 C C 200 C C 200 C C 200 C C 200 I 487 A I 487 A I 487 A I 487 A
1487,I T I T I 500 A I T I T R R R P P P P 200 P 200 P 200 I 200 I 200 I 200 A A A A U U U U 200 U 200 U 200 U 200 B B B B B 200 B 200 B 200 B 200
1488,I T I T I 500 A I T I T R R R P P P P P 200 P 200 P 200 P 200 I 200 I 200 I 200 A A A A B B B B B B 200 B 481 B 481 B 200 B 200
1489,I T I T I 500 A I T I T R R R P P P P P 200 P 200 P 200 P 200 I 200 I 200 I 200 A A A A U U U 200 U 200 U U U 200 U 200 U U U 200 U 200 U U U 200 U 200 B B B B 200 B B 200 B 481 B 200
1490,I T I T I 500 A I T I T I T R R R R P P P P P 200 P 200 P 200 P 200 C C C 200 C 200 C C 200 C C 200 I 487 A I 487 A I 487 I 487 A A
1491,I T I T I 500 A I T I T S S S P P P P 200 P 200 P 200 S S S I 200 I 200 P I 200 P P A P 200 A P 200 A A P 200 U U U 200 U 200 U U U 200 U 200 B B B B 200 B 200 B 200
1492,I T I 407 A I I T I 500 A I T T I T S S S P P P P P 200 P 200 P 200 R P 200 R R P P P P P 200 P 200 P 200 P 200 S S S P P P P P 200 P 200 P 200 P 200 S S S P P P P P 200 P 200 P 200 P 200 I 200 I 200 I 200 A A A A B B B B B 200 B 200 B 200 B 200
1493,I T I T I 500 A I T I 500 A I T I T I T S S S S P P P P P 200 R P 200 R P 200 R P 200 R P P P P P 200 P 200 P 200 P 200 I 200 I 200 I 200 I 200 A A A A U U U 200 U U 200 U 200 U 200 B B B B B 200 B 200 B 200 B 200
1494,I T I T I 500 I T A I T S S S P P P P 200 S P 200 S P 200 S P P P P 200 P 200 R R P 200 R P P P P 200 P 200 P 200 C C 200 C C 200 C C 200 I 487 A I 487 A I 487 A
1495,I T I T I 500 A I T I T R R R P P P P 200 P P 200 P 200 P 200 C C 200 C C 200 C C 200 I 487 A I 487 A I 487 A
1496,I I T T I 500 A I T I T R R R P P P P P 200 P 200 P 200 P 200 I 200 I 200 I 200 A A A A U U U 200 U 200 U U U 200 U 200 U U U 200 U 200 U U U 200 U 200 U U U 200 U 200 U U 200 U 200 U U U 200 U 200 U U U 200 U 200 B B B B B 200 B 200 B 200 B 200
1497,I T I T I 500 I T W W I T A I T R R R R P P P P P 200 P 200 P 200 P 200 C C 200 C C 200 C C 200 C C 200 I 487 A I 487 A I 487 A I 487 A
1498,I T I T I 500 A I T I T R R R P P P P P 200 P 200 P 200 P 200 I 200 I 200 I 200 A A A A U U U 200 U 200 U U U 200 U 200 B B B B 200 B 200 B 200
1499,I T I T I 500 A I T I T S S S P P P P P 200 P 200 P 200 P 200 W W W P P P P P 200 P 200 P 200 P 200 S S S P P P P P 200 P 200 P 200 P 200 R R R P P P P P 200 P 200 P 200 P 200 I 200 I 200 I 200 A A A A U U U 200 U 200 U U U 200 U 200 U U U U 200 U 200 U 200 U 200 U U U 200 U 200 U U 200 U 200 U U U 200 U 200 U U U 200 U 200 U U U 200 U 200 U U U 200 U 200 U U U 200 U 200 U U U 200 U 200 U U U 200 U 200 U U U 200 U 200 U U U 200 U 200 U U U 200 U 200 U U U 200 U 200 U U U 200 U 200 U U U 200 U 200 U U U 200 U 200 U U U 200 U 200 U U U 200 U 200 U U U 200 U 200 U U U 200 U 200 U U U 200 U 200 U U U 200 U 200 B B B B B 200 B 200 B 200 B 200
1500,I T I 407 A I I T I 500 A T I T I T I 500 A I T I 486 A I 486 A S P P 200 C C 200 I 487 A
1501,I T I 407 A I I T I 500 A T I T I T R R R P P P P 200 P 200 P 200 C C 200 C C 200 C C 200 I 487 A I 487 A I 487 A
1502,I T I 407 A I T I T I 500 A I T I T S S S P P P P P 200 P 200 P 200 P 200 R R R P P P P P 200 P 200 P 200 P 200 C C C 200 C C 200 C 200 I 487 A I 487 A I 487 A
1503,I T I T I 500 A I I T I T T R R R R P P P P P 200 P 200 P 200 P 200 I 200 I 200 I 200 I 200 A A A A U U U 200 U 200 U U U 200 U 200 B B B B B 200 B 200 B 200 B 200
