idx,test_csv_row,true_label,pred_label,seq_len,viterbi_score_norm,forward_score_norm,predicted_state,empty_path,Replaced Signalling Description
0,0,0,0,60,-1.2741591772685112,-1.2432560861029565,357,0,"GTW,ICSCF,I:ICSCF,GTW,T:SCSCF,ASLI,I:ASLI,SCSCF,T:ASLI,SCSCF,I-500:SCSCF,ASLI,A:SCSCF,MTAS,I:MTAS,SCSCF,T:MTAS,SCSCF,I:SCSCF,MTAS,T:SCSCF,MTAS,I-480:MTAS,SCSCF,A:MTAS,SCSCF,W:ICSCF,GTW,W:MTAS,SCSCF,I:SCSCF,MTAS,T:SCSCF,GTW,I:GTW,SCSCF,T:GTW,SCSCF,S:SCSCF,MTAS,S:MTAS,SCSCF,S:ICSCF,GTW,S:GTW,SCSCF,P:SCSCF,MTAS,P:MTAS,SCSCF,P:SCSCF,GTW,P:GTW,SCSCF,P-200:SCSCF,MTAS,P-200:MTAS,SCSCF,P-200:SCSCF,GTW,P-200:GTW,ICSCF,C:ICSCF,GTW,C-200:SCSCF,MTAS,C:MTAS,SCSCF,C-200:MTAS,SCSCF,I-487:MTAS,SCSCF,C:SCSCF,MTAS,A:ICSCF,GTW,I-487:SCSCF,MTAS,C-200:SCSCF,GTW,C:GTW,SCSCF,C-200:GTW,ICSCF,A:GTW,SCSCF,I-487:SCSCF,GTW,A:SCSCF,MTAS,I-487:MTAS,SCSCF,A"
1,1,0,0,53,-1.2426032467063908,-1.188539869899318,28,0,"PCSCF,SCSCF,I:SCSCF,ASLI,I:ASLI,SCSCF,T:ASLI,SCSCF,I-500:SCSCF,ASLI,A:SCSCF,PCSCF,T:MTAS,SCSCF,I:SCSCF,MTAS,T:SCSCF,GTW,I:GTW,SCSCF,T:GTW,SCSCF,S:SCSCF,MTAS,S:SCSCF,PCSCF,S:PCSCF,SCSCF,P:MTAS,SCSCF,P:SCSCF,GTW,P:GTW,SCSCF,P-200:GTW,SCSCF,S:SCSCF,MTAS,P-200:SCSCF,MTAS,S:SCSCF,PCSCF,S:SCSCF,PCSCF,P-200:PCSCF,SCSCF,P:MTAS,SCSCF,P:SCSCF,GTW,P:GTW,SCSCF,P-200:SCSCF,MTAS,P-200:SCSCF,PCSCF,P-200:PCSCF,SCSCF,C:SCSCF,PCSCF,C-200:MTAS,SCSCF,C:SCSCF,MTAS,C-200:SCSCF,GTW,C:GTW,SCSCF,C-200:GTW,SCSCF,I-487:SCSCF,GTW,A:SCSCF,MTAS,I-487:MTAS,SCSCF,A:SCSCF,PCSCF,I-487:PCSCF,SCSCF,A"
2,2,0,0,76,-0.7748024855856364,-0.7404350755756272,59,0,"GTW,ICSCF,I:ICSCF,GTW,T:SCSCF,ASLI,I:ASLI,SCSCF,T:ASLI,SCSCF,I-500:SCSCF,MTAS,I:MTAS,SCSCF,T:MTAS,SCSCF,I:SCSCF,MTAS,T:SCSCF,PCSCF,I:PCSCF,SCSCF,T:SCSCF,ASLI,A:PCSCF,SCSCF,R:SCSCF,MTAS,R:MTAS,SCSCF,R:ICSCF,GTW,R:GTW,SCSCF,P:SCSCF,MTAS,P:MTAS,SCSCF,P:SCSCF,PCSCF,P:PCSCF,SCSCF,P-200:SCSCF,MTAS,P-200:MTAS,SCSCF,P-200:SCSCF,GTW,P-200:PCSCF,SCSCF,I-200:SCSCF,MTAS,I-200:MTAS,SCSCF,I-200:ICSCF,GTW,I-200:GTW,SCSCF,A:SCSCF,MTAS,A:MTAS,SCSCF,A:SCSCF,PCSCF,A:MTAS,SCSCF,U:SCSCF,PCSCF,U:PCSCF,SCSCF,U-200:SCSCF,MTAS,U-200:MTAS,SCSCF,U:SCSCF,GTW,U:GTW,SCSCF,U-200:SCSCF,MTAS,U-200:MTAS,SCSCF,U:SCSCF,GTW,U:SCSCF,PCSCF,U:GTW,SCSCF,U-200:SCSCF,MTAS,U-200:PCSCF,SCSCF,U-200:SCSCF,MTAS,U-200:PCSCF,SCSCF,B:SCSCF,MTAS,B:MTAS,SCSCF,B:SCSCF,GTW,B:GTW,SCSCF,B-200:SCSCF,MTAS,B-200:MTAS,SCSCF,B-200:SCSCF,PCSCF,B-200"
3,3,0,0,20,-1.132457687738071,-1.1289430977408466,54,0,"PCSCF,SCSCF,I:SCSCF,ASLI,I:ASLI,SCSCF,T:ASLI,SCSCF,I-500:SCSCF,ASLI,A:SCSCF,PCSCF,T:MTAS,SCSCF,I:SCSCF,MTAS,T:SCSCF,GTW,I:GTW,SCSCF,T:GTW,SCSCF,I-484:SCSCF,GTW,A:SCSCF,MTAS,I-484:MTAS,SCSCF,A:SCSCF,PCSCF,I-484:PCSCF,SCSCF,A"
4,4,0,0,71,-0.8635945694362535,-0.8017299160797133,113,0,"PCSCF,SCSCF,I:SCSCF,PCSCF,T:SCSCF,ASLI,I:ASLI,SCSCF,T:ASLI,SCSCF,I-500:SCSCF,ASLI,A:MTAS,SCSCF,I:SCSCF,MTAS,T:SCSCF,GTW,I:GTW,SCSCF,T:GTW,SCSCF,S:SCSCF,MTAS,S:SCSCF,PCSCF,S:PCSCF,SCSCF,P:MTAS,SCSCF,P:SCSCF,GTW,P:GTW,SCSCF,P-200:SCSCF,MTAS,P-200:SCSCF,PCSCF,P-200:GTW,SCSCF,R:SCSCF,MTAS,R:SCSCF,PCSCF,R:GTW,SCSCF,R:SCSCF,MTAS,R:PCSCF,SCSCF,P:MTAS,SCSCF,P:SCSCF,GTW,P:GTW,SCSCF,P-200:SCSCF,MTAS,P-200:SCSCF,PCSCF,P-200:GTW,SCSCF,I-200:SCSCF,MTAS,I-200:SCSCF,PCSCF,I-200:PCSCF,SCSCF,A:SCSCF,MTAS,A:MTAS,SCSCF,A:SCSCF,GTW,A:MTAS,SCSCF,U:SCSCF,GTW,U:GTW,SCSCF,U-200:SCSCF,MTAS,U-200:MTAS,SCSCF,U:SCSCF,PCSCF,U:PCSCF,SCSCF,U-200:SCSCF,MTAS,U-200:PCSCF,SCSCF,B:SCSCF,MTAS,B:MTAS,SCSCF,B:SCSCF,GTW,B:GTW,SCSCF,B-200:SCSCF,MTAS,B-200:MTAS,SCSCF,B-200:SCSCF,PCSCF,B-200"
5,5,0,0,32,-1.2714196251591672,-1.237944343779426,224,0,"PCSCF,SCSCF,I:SCSCF,PCSCF,T:SCSCF,ASLI,I:ASLI,SCSCF,T:ASLI,SCSCF,I-500:SCSCF,ASLI,A:MTAS,SCSCF,I:SCSCF,MTAS,T:SCSCF,ASLI,I:ASLI,SCSCF,T:ASLI,SCSCF,I-500:SCSCF,ASLI,A:SCSCF,MTAS,I:MTAS,SCSCF,T:MTAS,SCSCF,I-486:SCSCF,MTAS,A:SCSCF,MTAS,I-486:MTAS,SCSCF,A:SCSCF,PCSCF,S:PCSCF,SCSCF,P:SCSCF,MTAS,P:MTAS,SCSCF,P-200:SCSCF,PCSCF,P-200:SCSCF,PCSCF,I-486:PCSCF,SCSCF,A"
6,6,0,0,80,-0.7070556204527538,-0.6855630245007757,59,0,"PCSCF,SCSCF,I:SCSCF,PCSCF,T:SCSCF,ASLI,I:ASLI,SCSCF,T:ASLI,SCSCF,I-500:SCSCF,ASLI,A:MTAS,SCSCF,I:SCSCF,MTAS,T:SCSCF,GTW,I:GTW,SCSCF,T:GTW,SCSCF,R:SCSCF,MTAS,R:SCSCF,PCSCF,R:PCSCF,SCSCF,P:SCSCF,MTAS,P:MTAS,SCSCF,P:SCSCF,GTW,P:GTW,SCSCF,P-200:SCSCF,MTAS,P-200:MTAS,SCSCF,P-200:SCSCF,PCSCF,P-200:GTW,SCSCF,I-200:SCSCF,MTAS,I-200:SCSCF,PCSCF,I-200:PCSCF,SCSCF,A:SCSCF,MTAS,A:MTAS,SCSCF,A:SCSCF,GTW,A:MTAS,SCSCF,U:SCSCF,GTW,U:GTW,SCSCF,U-200:SCSCF,MTAS,U-200:MTAS,SCSCF,U:SCSCF,PCSCF,U:PCSCF,SCSCF,U-200:SCSCF,MTAS,U-200:MTAS,SCSCF,U:SCSCF,GTW,U:GTW,SCSCF,U-200:SCSCF,MTAS,U-200:MTAS,SCSCF,U:SCSCF,PCSCF,U:PCSCF,SCSCF,U-200:SCSCF,MTAS,U-200:MTAS,SCSCF,U:SCSCF,GTW,U:GTW,SCSCF,U-200:SCSCF,PCSCF,U:SCSCF,MTAS,U-200:PCSCF,SCSCF,U-200:SCSCF,MTAS,U-200:GTW,SCSCF,B:MTAS,SCSCF,B:SCSCF,PCSCF,B:PCSCF,SCSCF,B-200:SCSCF,MTAS,B-200:SCSCF,GTW,B-200"
7,7,0,0,53,-0.8096837313313485,-0.8058226883790298,28,0,"GTW,ICSCF,I:ICSCF,GTW,T:SCSCF,ASLI,I:ASLI,SCSCF,T:ASLI,SCSCF,I-500:SCSCF,MTAS,I:MTAS,SCSCF,I:SCSCF,MTAS,T:SCSCF,PCSCF,I:MTAS,SCSCF,T:PCSCF,SCSCF,T:SCSCF,ASLI,A:PCSCF,SCSCF,R:SCSCF,MTAS,R:MTAS,SCSCF,R:ICSCF,GTW,R:GTW,SCSCF,P:SCSCF,MTAS,P:MTAS,SCSCF,P:SCSCF,PCSCF,P:PCSCF,SCSCF,P-200:SCSCF,MTAS,P-200:MTAS,SCSCF,P-200:SCSCF,GTW,P-200:GTW,ICSCF,C:ICSCF,GTW,C-200:SCSCF,MTAS,C:MTAS,SCSCF,C-200:MTAS,SCSCF,C:SCSCF,MTAS,C-200:SCSCF,PCSCF,C:PCSCF,SCSCF,C-200:PCSCF,SCSCF,I-487:SCSCF,PCSCF,A:SCSCF,MTAS,I-487:MTAS,SCSCF,A:MTAS,SCSCF,I-487:SCSCF,MTAS,A:ICSCF,GTW,I-487:GTW,ICSCF,A"
8,8,0,0,82,-0.5530255019883535,-0.5510433669711753,113,0,"PCSCF,SCSCF,I:SCSCF,PCSCF,T:SCSCF,ASLI,I:ASLI,SCSCF,T:ASLI,SCSCF,I-500:SCSCF,ASLI,A:MTAS,SCSCF,I:SCSCF,MTAS,T:SCSCF,ASLI,I:ASLI,SCSCF,T:ASLI,SCSCF,I-500:SCSCF,ASLI,A:SCSCF,MTAS,I:MTAS,SCSCF,T:MTAS,SCSCF,I:SCSCF,MTAS,T:SCSCF,PCSCF,I:PCSCF,SCSCF,T:PCSCF,SCSCF,R:SCSCF,MTAS,R:MTAS,SCSCF,R:SCSCF,MTAS,R:SCSCF,PCSCF,R:PCSCF,SCSCF,P:MTAS,SCSCF,P:SCSCF,MTAS,P:MTAS,SCSCF,P:SCSCF,PCSCF,P:PCSCF,SCSCF,P-200:SCSCF,MTAS,P-200:MTAS,SCSCF,P-200:SCSCF,MTAS,P-200:SCSCF,PCSCF,P-200:PCSCF,SCSCF,I-200:SCSCF,MTAS,I-200:MTAS,SCSCF,I-200:SCSCF,MTAS,I-200:SCSCF,PCSCF,I-200:PCSCF,SCSCF,A:MTAS,SCSCF,A:SCSCF,MTAS,A:MTAS,SCSCF,A:SCSCF,PCSCF,A:MTAS,SCSCF,U:SCSCF,PCSCF,U:PCSCF,SCSCF,U-200:SCSCF,MTAS,U-200:MTAS,SCSCF,U:SCSCF,PCSCF,U:PCSCF,SCSCF,U-200:SCSCF,MTAS,U-200:PCSCF,SCSCF,B:MTAS,SCSCF,B:SCSCF,MTAS,B:MTAS,SCSCF,B:SCSCF,PCSCF,B:PCSCF,SCSCF,B-200:SCSCF,MTAS,B-200:MTAS,SCSCF,B-200:SCSCF,MTAS,B-200:SCSCF,PCSCF,B-200"
9,9,0,0,53,-1.0296353385363275,-0.9641772161023794,248,0,"PCSCF,SCSCF,I:SCSCF,PCSCF,T:SCSCF,ASLI,I:ASLI,SCSCF,T:ASLI,SCSCF,I-500:SCSCF,ASLI,A:MTAS,SCSCF,I:SCSCF,MTAS,T:SCSCF,GTW,I:GTW,SCSCF,T:GTW,SCSCF,S:SCSCF,MTAS,S:SCSCF,PCSCF,S:PCSCF,SCSCF,P:MTAS,SCSCF,P:SCSCF,GTW,P:GTW,SCSCF,P-200:GTW,SCSCF,S:SCSCF,MTAS,S:SCSCF,MTAS,P-200:SCSCF,PCSCF,P-200:SCSCF,PCSCF,S:PCSCF,SCSCF,P:MTAS,SCSCF,P:SCSCF,GTW,P:GTW,SCSCF,P-200:SCSCF,MTAS,P-200:SCSCF,PCSCF,P-200:PCSCF,SCSCF,C:SCSCF,PCSCF,C-200:MTAS,SCSCF,C:SCSCF,MTAS,C-200:SCSCF,GTW,C:GTW,SCSCF,C-200:GTW,SCSCF,I-487:SCSCF,GTW,A:SCSCF,MTAS,I-487:MTAS,SCSCF,A:SCSCF,PCSCF,I-487:PCSCF,SCSCF,A"
10,10,0,0,57,-0.751675299182334,-0.7390924651387534,53,0,"PCSCF,SCSCF,I:SCSCF,PCSCF,T:SCSCF,ASLI,I:ASLI,SCSCF,T:ASLI,SCSCF,I-500:SCSCF,ASLI,A:MTAS,SCSCF,I:SCSCF,MTAS,T:SCSCF,GTW,I:GTW,SCSCF,T:GTW,SCSCF,S:SCSCF,MTAS,S:SCSCF,PCSCF,S:PCSCF,SCSCF,P:MTAS,SCSCF,P:SCSCF,GTW,P:GTW,SCSCF,P-200:SCSCF,MTAS,P-200:SCSCF,PCSCF,P-200:GTW,SCSCF,R:SCSCF,MTAS,R:SCSCF,PCSCF,R:PCSCF,SCSCF,P:MTAS,SCSCF,P:GTW,SCSCF,P-200:SCSCF,MTAS,P-200:SCSCF,GTW,P:SCSCF,PCSCF,P-200:GTW,SCSCF,I-200:SCSCF,MTAS,I-200:SCSCF,PCSCF,I-200:PCSCF,SCSCF,A:SCSCF,MTAS,A:MTAS,SCSCF,A:SCSCF,GTW,A:PCSCF,SCSCF,B:SCSCF,MTAS,B:MTAS,SCSCF,B:SCSCF,GTW,B:GTW,SCSCF,B-200:SCSCF,MTAS,B-200:MTAS,SCSCF,B-200:SCSCF,PCSCF,B-200"
11,11,0,0,68,-0.7794130737153288,-0.7283645649816671,113,0,"PCSCF,SCSCF,I:SCSCF,PCSCF,T:SCSCF,ASLI,I:ASLI,SCSCF,T:ASLI,SCSCF,I-500:SCSCF,ASLI,A:MTAS,SCSCF,I:SCSCF,MTAS,T:SCSCF,GTW,I:GTW,SCSCF,T:GTW,SCSCF,S:SCSCF,MTAS,S:SCSCF,PCSCF,S:PCSCF,SCSCF,P:MTAS,SCSCF,P:SCSCF,GTW,P:GTW,SCSCF,P-200:SCSCF,MTAS,P-200:SCSCF,PCSCF,P-200:GTW,SCSCF,R:SCSCF,MTAS,R:SCSCF,PCSCF,R:PCSCF,SCSCF,P:MTAS,SCSCF,P:SCSCF,GTW,P:GTW,SCSCF,P-200:SCSCF,MTAS,P-200:SCSCF,PCSCF,P-200:GTW,SCSCF,I-200:SCSCF,MTAS,I-200:SCSCF,PCSCF,I-200:PCSCF,SCSCF,A:SCSCF,MTAS,A:MTAS,SCSCF,A:SCSCF,GTW,A:MTAS,SCSCF,U:SCSCF,GTW,U:SCSCF,PCSCF,U:GTW,SCSCF,U-200:SCSCF,MTAS,U-200:PCSCF,SCSCF,U-200:SCSCF,MTAS,U-200:PCSCF,SCSCF,B:SCSCF,MTAS,B:MTAS,SCSCF,B:SCSCF,GTW,B:GTW,SCSCF,B-200:SCSCF,MTAS,B-200:MTAS,SCSCF,B-200:SCSCF,PCSCF,B-200"
12,12,0,0,63,-0.6022124513410427,-0.5924565804876163,60,0,"PCSCF,SCSCF,I:SCSCF,PCSCF,T:SCSCF,ASLI,I:ASLI,SCSCF,T:ASLI,SCSCF,I-500:SCSCF,ASLI,A:MTAS,SCSCF,I:SCSCF,MTAS,T:SCSCF,GTW,I:GTW,SCSCF,T:GTW,SCSCF,S:SCSCF,MTAS,S:SCSCF,PCSCF,S:PCSCF,SCSCF,P:SCSCF,MTAS,P:MTAS,SCSCF,P:SCSCF,GTW,P:GTW,SCSCF,P-200:SCSCF,MTAS,P-200:MTAS,SCSCF,P-200:SCSCF,PCSCF,P-200:GTW,SCSCF,R:SCSCF,MTAS,R:SCSCF,PCSCF,R:PCSCF,SCSCF,P:SCSCF,MTAS,P:MTAS,SCSCF,P:SCSCF,GTW,P:GTW,SCSCF,P-200:SCSCF,MTAS,P-200:MTAS,SCSCF,P-200:SCSCF,PCSCF,P-200:GTW,SCSCF,I-200:SCSCF,MTAS,I-200:SCSCF,PCSCF,I-200:SCSCF,MTAS,A:PCSCF,SCSCF,A:MTAS,SCSCF,A:SCSCF,GTW,A:PCSCF,SCSCF,B:SCSCF,MTAS,B:MTAS,SCSCF,B:SCSCF,GTW,B:GTW,SCSCF,B-200:SCSCF,MTAS,B-200:MTAS,SCSCF,B-200:SCSCF,PCSCF,B-200"
13,13,0,0,60,-0.7830070101334272,-0.7723023443289931,60,0,"PCSCF,SCSCF,I:SCSCF,ASLI,I:ASLI,SCSCF,T:ASLI,SCSCF,I-500:SCSCF,ASLI,A:MTAS,SCSCF,I:SCSCF,MTAS,T:SCSCF,PCSCF,T:SCSCF,GTW,I:GTW,SCSCF,T:GTW,SCSCF,S:SCSCF,MTAS,S:SCSCF,PCSCF,S:PCSCF,SCSCF,P:SCSCF,MTAS,P:MTAS,SCSCF,P:SCSCF,GTW,P:GTW,SCSCF,P-200:SCSCF,MTAS,P-200:MTAS,SCSCF,P-200:SCSCF,PCSCF,P-200:GTW,SCSCF,R:SCSCF,MTAS,R:SCSCF,PCSCF,R:PCSCF,SCSCF,P:SCSCF,MTAS,P:MTAS,SCSCF,P:SCSCF,GTW,P:GTW,SCSCF,P-200:SCSCF,MTAS,P-200:MTAS,SCSCF,P-200:SCSCF,PCSCF,P-200:GTW,SCSCF,I-200:SCSCF,MTAS,I-200:SCSCF,PCSCF,I-200:PCSCF,SCSCF,A:SCSCF,MTAS,A:MTAS,SCSCF,A:SCSCF,GTW,A:GTW,SCSCF,B:MTAS,SCSCF,B:SCSCF,PCSCF,B:PCSCF,SCSCF,B-200:SCSCF,MTAS,B-200:SCSCF,GTW,B-200"
14,14,0,0,36,-0.9964340332283056,-0.9671218052760542,146,0,"PCSCF,SCSCF,I:SCSCF,ASLI,I:ASLI,SCSCF,T:ASLI,SCSCF,I-500:SCSCF,ASLI,A:SCSCF,PCSCF,T:MTAS,SCSCF,I:SCSCF,MTAS,T:SCSCF,GTW,I:GTW,SCSCF,T:GTW,SCSCF,R:SCSCF,MTAS,R:SCSCF,PCSCF,R:GTW,SCSCF,I-200:SCSCF,MTAS,I-200:SCSCF,PCSCF,I-200:PCSCF,SCSCF,A:SCSCF,MTAS,A:MTAS,SCSCF,A:SCSCF,GTW,A:PCSCF,SCSCF,B:SCSCF,MTAS,B:MTAS,SCSCF,B:SCSCF,GTW,B:GTW,SCSCF,B-200:SCSCF,MTAS,B-200:MTAS,SCSCF,B-200:SCSCF,PCSCF,B-200"
15,15,0,0,74,-0.9265360665168462,-0.869982100988268,76,0,"PCSCF,SCSCF,I:SCSCF,PCSCF,T:SCSCF,ASLI,I:ASLI,SCSCF,T:ASLI,SCSCF,I-500:SCSCF,ASLI,A:MTAS,SCSCF,I:SCSCF,MTAS,T:SCSCF,GTW,I:GTW,SCSCF,T:GTW,SCSCF,R:SCSCF,MTAS,R:SCSCF,PCSCF,R:PCSCF,SCSCF,P:SCSCF,MTAS,P:MTAS,SCSCF,P:SCSCF,GTW,P:GTW,SCSCF,P-200:SCSCF,MTAS,P-200:MTAS,SCSCF,P-200:SCSCF,PCSCF,P-200:GTW,SCSCF,S:SCSCF,MTAS,S:SCSCF,PCSCF,S:PCSCF,SCSCF,P:SCSCF,MTAS,P:MTAS,SCSCF,P:SCSCF,GTW,P:GTW,SCSCF,P-200:SCSCF,MTAS,P-200:MTAS,SCSCF,P-200:SCSCF,PCSCF,P-200:GTW,SCSCF,S:SCSCF,MTAS,S:SCSCF,PCSCF,S:PCSCF,SCSCF,P:SCSCF,MTAS,P:MTAS,SCSCF,P:SCSCF,GTW,P:GTW,SCSCF,P-200:SCSCF,MTAS,P-200:MTAS,SCSCF,P-200:SCSCF,PCSCF,P-200:MTAS,SCSCF,C:SCSCF,MTAS,C-200:SCSCF,GTW,C:PCSCF,SCSCF,C:SCSCF,PCSCF,C-200:GTW,SCSCF,C-200:GTW,SCSCF,I-487:SCSCF,GTW,A:SCSCF,MTAS,I-487:MTAS,SCSCF,A:SCSCF,PCSCF,I-487:PCSCF,SCSCF,A"
16,16,0,1,35,-1.700272118841377,-1.598779343757067,65,0,"PCSCF,SCSCF,I:SCSCF,ASLI,I:SCSCF,PCSCF,T:ASLI,SCSCF,T:ASLI,SCSCF,I-500:SCSCF,ASLI,A:MTAS,SCSCF,I:SCSCF,MTAS,T:SCSCF,ASLI,I:ASLI,SCSCF,T:ASLI,SCSCF,I-500:SCSCF,MTAS,I:SCSCF,ASLI,A:MTAS,SCSCF,T:MTAS,SCSCF,I-486:SCSCF,MTAS,A:SCSCF,MTAS,I-486:MTAS,SCSCF,A:SCSCF,PCSCF,S:PCSCF,SCSCF,P:SCSCF,MTAS,P:MTAS,SCSCF,P-200:SCSCF,PCSCF,P-200:PCSCF,SCSCF,C:SCSCF,PCSCF,C-200:SCSCF,PCSCF,I-487:PCSCF,SCSCF,A"
17,17,0,0,95,-0.9405852282966961,-0.9152141827286221,59,0,"PCSCF,SCSCF,I:SCSCF,PCSCF,T:SCSCF,PCSCF,I-407:PCSCF,SCSCF,A:PCSCF,SCSCF,I:SCSCF,PCSCF,T:SCSCF,ASLI,I:ASLI,SCSCF,T:ASLI,SCSCF,I-500:SCSCF,ASLI,A:MTAS,SCSCF,I:SCSCF,MTAS,T:SCSCF,GTW,I:GTW,SCSCF,T:GTW,SCSCF,S:SCSCF,MTAS,S:SCSCF,PCSCF,S:PCSCF,SCSCF,P:MTAS,SCSCF,P:SCSCF,GTW,P:GTW,SCSCF,P-200:GTW,SCSCF,R:SCSCF,MTAS,P-200:SCSCF,MTAS,R:SCSCF,PCSCF,P-200:SCSCF,PCSCF,R:PCSCF,SCSCF,P:MTAS,SCSCF,P:SCSCF,GTW,P:GTW,SCSCF,P-200:SCSCF,MTAS,P-200:SCSCF,PCSCF,P-200:GTW,SCSCF,I-200:SCSCF,MTAS,I-200:SCSCF,PCSCF,I-200:PCSCF,SCSCF,A:SCSCF,MTAS,A:MTAS,SCSCF,A:SCSCF,GTW,A:MTAS,SCSCF,U:SCSCF,GTW,U:GTW,SCSCF,U-200:SCSCF,MTAS,U-200:MTAS,SCSCF,U:SCSCF,PCSCF,U:PCSCF,SCSCF,U-200:SCSCF,MTAS,U-200:MTAS,SCSCF,U:SCSCF,GTW,U:GTW,SCSCF,U-200:SCSCF,MTAS,U-200:MTAS,SCSCF,U:SCSCF,PCSCF,U:PCSCF,SCSCF,U-200:SCSCF,MTAS,U-200:MTAS,SCSCF,U:SCSCF,GTW,U:GTW,SCSCF,U-200:SCSCF,MTAS,U-200:MTAS,SCSCF,U:SCSCF,PCSCF,U:PCSCF,SCSCF,U-200:SCSCF,MTAS,U-200:GTW,SCSCF,B:MTAS,SCSCF,B:SCSCF,PCSCF,B:PCSCF,SCSCF,B-200:SCSCF,MTAS,B-200:SCSCF,GTW,B-200"
18,18,0,0,38,-1.2197826624732369,-1.161736289679372,110,0,"PCSCF,SCSCF,I:SCSCF,PCSCF,T:SCSCF,ASLI,I:ASLI,SCSCF,T:ASLI,SCSCF,I-500:SCSCF,ASLI,A:MTAS,SCSCF,I:SCSCF,MTAS,T:SCSCF,ASLI,I:ASLI,SCSCF,T:ASLI,SCSCF,I-500:SCSCF,ASLI,A:SCSCF,MTAS,I:MTAS,SCSCF,T:MTAS,SCSCF,W:SCSCF,MTAS,W:MTAS,SCSCF,I:SCSCF,MTAS,T:SCSCF,GTW,I:SCSCF,PCSCF,W:GTW,SCSCF,T:GTW,SCSCF,I-480:SCSCF,GTW,A:SCSCF,MTAS,I-480:MTAS,SCSCF,A:MTAS,SCSCF,I-480:SCSCF,MTAS,A:SCSCF,MTAS,I-480:MTAS,SCSCF,A:SCSCF,PCSCF,I-480:PCSCF,SCSCF,A"
19,19,0,0,89,-1.0463314578246974,-1.0160223878030248,28,0,"PCSCF,SCSCF,I:SCSCF,PCSCF,T:SCSCF,ASLI,I:ASLI,SCSCF,T:ASLI,SCSCF,I-500:SCSCF,ASLI,A:MTAS,SCSCF,I:SCSCF,MTAS,T:SCSCF,GTW,I:GTW,SCSCF,T:GTW,SCSCF,S:SCSCF,MTAS,S:SCSCF,PCSCF,S:PCSCF,SCSCF,P:SCSCF,MTAS,P:MTAS,SCSCF,P:SCSCF,GTW,P:GTW,SCSCF,P-200:GTW,SCSCF,S:SCSCF,MTAS,P-200:SCSCF,MTAS,S:MTAS,SCSCF,P-200:SCSCF,PCSCF,P-200:SCSCF,PCSCF,S:PCSCF,SCSCF,P:SCSCF,MTAS,P:MTAS,SCSCF,P:SCSCF,GTW,P:GTW,SCSCF,P-200:GTW,SCSCF,S:SCSCF,MTAS,P-200:SCSCF,MTAS,S:MTAS,SCSCF,P-200:SCSCF,PCSCF,P-200:SCSCF,PCSCF,S:PCSCF,SCSCF,P:SCSCF,MTAS,P:MTAS,SCSCF,P:SCSCF,GTW,P:GTW,SCSCF,P-200:GTW,SCSCF,R:SCSCF,MTAS,R:SCSCF,MTAS,P-200:MTAS,SCSCF,P-200:SCSCF,PCSCF,P-200:SCSCF,PCSCF,R:PCSCF,SCSCF,P:SCSCF,MTAS,P:MTAS,SCSCF,P:SCSCF,GTW,P:GTW,SCSCF,P-200:SCSCF,MTAS,P-200:MTAS,SCSCF,P-200:SCSCF,PCSCF,P-200:PCSCF,SCSCF,C:SCSCF,PCSCF,C-200:MTAS,SCSCF,C:SCSCF,MTAS,C-200:SCSCF,GTW,C:GTW,SCSCF,C-200:GTW,SCSCF,I-487:SCSCF,GTW,A:SCSCF,MTAS,I-487:MTAS,SCSCF,A:SCSCF,PCSCF,I-487:PCSCF,SCSCF,A"
20,20,0,0,53,-0.6796426625154505,-0.6546004624046512,323,0,"GTW,ICSCF,I:ICSCF,GTW,T:SCSCF,ASLI,I:ASLI,SCSCF,T:ASLI,SCSCF,I-500:SCSCF,ASLI,A:SCSCF,MTAS,I:MTAS,SCSCF,T:MTAS,SCSCF,I:SCSCF,MTAS,T:SCSCF,PCSCF,I:PCSCF,SCSCF,T:PCSCF,SCSCF,R:SCSCF,MTAS,R:MTAS,SCSCF,R:ICSCF,GTW,R:GTW,SCSCF,P:SCSCF,MTAS,P:MTAS,SCSCF,P:SCSCF,PCSCF,P:PCSCF,SCSCF,P-200:SCSCF,MTAS,P-200:MTAS,SCSCF,P-200:SCSCF,GTW,P-200:GTW,ICSCF,C:ICSCF,GTW,C-200:SCSCF,MTAS,C:MTAS,SCSCF,C-200:MTAS,SCSCF,C:SCSCF,MTAS,C-200:SCSCF,PCSCF,C:PCSCF,SCSCF,C-200:PCSCF,SCSCF,I-487:SCSCF,PCSCF,A:SCSCF,MTAS,I-487:MTAS,SCSCF,I-487:SCSCF,MTAS,A:MTAS,SCSCF,A:ICSCF,GTW,I-487:GTW,ICSCF,A"
21,21,0,0,88,-0.8526704338427815,-0.8282483274892172,59,0,"GTW,ICSCF,I:ICSCF,GTW,T:SCSCF,ASLI,I:ASLI,SCSCF,T:ASLI,SCSCF,I-500:SCSCF,MTAS,I:MTAS,SCSCF,I:SCSCF,MTAS,T:SCSCF,PCSCF,I:SCSCF,ASLI,A:PCSCF,SCSCF,T:MTAS,SCSCF,T:PCSCF,SCSCF,R:SCSCF,MTAS,R:MTAS,SCSCF,R:ICSCF,GTW,R:GTW,SCSCF,P:SCSCF,MTAS,P:MTAS,SCSCF,P:SCSCF,PCSCF,P:PCSCF,SCSCF,P-200:SCSCF,MTAS,P-200:MTAS,SCSCF,P-200:SCSCF,GTW,P-200:PCSCF,SCSCF,I-200:SCSCF,MTAS,I-200:MTAS,SCSCF,I-200:ICSCF,GTW,I-200:GTW,SCSCF,A:SCSCF,MTAS,A:MTAS,SCSCF,A:SCSCF,PCSCF,A:MTAS,SCSCF,U:SCSCF,PCSCF,U:SCSCF,GTW,U:GTW,SCSCF,U-200:SCSCF,MTAS,U-200:PCSCF,SCSCF,U-200:SCSCF,MTAS,U-200:MTAS,SCSCF,U:SCSCF,GTW,U:GTW,SCSCF,U-200:SCSCF,MTAS,U-200:MTAS,SCSCF,U:SCSCF,PCSCF,U:PCSCF,SCSCF,U-200:SCSCF,MTAS,U-200:MTAS,SCSCF,U:SCSCF,GTW,U:GTW,SCSCF,U-200:SCSCF,MTAS,U-200:MTAS,SCSCF,U:SCSCF,PCSCF,U:PCSCF,SCSCF,U-200:SCSCF,MTAS,U-200:GTW,SCSCF,B:SCSCF,MTAS,B:MTAS,SCSCF,B:SCSCF,PCSCF,B:PCSCF,SCSCF,B-200:SCSCF,MTAS,B-200:MTAS,SCSCF,B-200:SCSCF,GTW,B-200"
22,22,0,0,75,-0.8422988992089513,-0.8232202205470577,76,0,"PCSCF,SCSCF,I:SCSCF,PCSCF,T:SCSCF,PCSCF,I-407:PCSCF,SCSCF,A:PCSCF,SCSCF,I:SCSCF,PCSCF,T:SCSCF,ASLI,I:ASLI,SCSCF,T:ASLI,SCSCF,I-500:SCSCF,ASLI,A:MTAS,SCSCF,I:SCSCF,MTAS,T:SCSCF,ASLI,I:ASLI,SCSCF,T:ASLI,SCSCF,I-500:SCSCF,MTAS,I:MTAS,SCSCF,T:MTAS,SCSCF,I:SCSCF,MTAS,T:SCSCF,ASLI,A:SCSCF,PCSCF,I:PCSCF,SCSCF,T:PCSCF,SCSCF,R:SCSCF,MTAS,R:MTAS,SCSCF,R:SCSCF,MTAS,R:SCSCF,PCSCF,R:PCSCF,SCSCF,P:MTAS,SCSCF,P:SCSCF,MTAS,P:MTAS,SCSCF,P:SCSCF,PCSCF,P:PCSCF,SCSCF,P-200:SCSCF,MTAS,P-200:MTAS,SCSCF,P-200:SCSCF,MTAS,P-200:SCSCF,PCSCF,P-200:PCSCF,SCSCF,C:MTAS,SCSCF,C:SCSCF,MTAS,C-200:SCSCF,MTAS,C:MTAS,SCSCF,C-200:MTAS,SCSCF,C:SCSCF,MTAS,C-200:SCSCF,PCSCF,C:PCSCF,SCSCF,C-200:SCSCF,PCSCF,C-200:PCSCF,SCSCF,I-487:SCSCF,PCSCF,A:SCSCF,MTAS,I-487:MTAS,SCSCF,A:MTAS,SCSCF,I-487:SCSCF,MTAS,A:SCSCF,MTAS,I-487:MTAS,SCSCF,A:SCSCF,PCSCF,I-487:PCSCF,SCSCF,A"
23,23,0,0,83,-0.4620423375577371,-0.4615756294011754,113,0,"PCSCF,SCSCF,I:SCSCF,PCSCF,T:SCSCF,ASLI,I:ASLI,SCSCF,T:ASLI,SCSCF,I-500:SCSCF,ASLI,A:MTAS,SCSCF,I:SCSCF,MTAS,T:SCSCF,ASLI,I:ASLI,SCSCF,T:ASLI,SCSCF,I-500:SCSCF,ASLI,A:SCSCF,MTAS,I:MTAS,SCSCF,T:MTAS,SCSCF,I:SCSCF,MTAS,T:SCSCF,PCSCF,I:PCSCF,SCSCF,T:PCSCF,SCSCF,R:SCSCF,MTAS,R:MTAS,SCSCF,R:SCSCF,MTAS,R:SCSCF,PCSCF,R:PCSCF,SCSCF,P:MTAS,SCSCF,P:SCSCF,MTAS,P:MTAS,SCSCF,P:SCSCF,PCSCF,P:PCSCF,SCSCF,P-200:SCSCF,MTAS,P-200:MTAS,SCSCF,P-200:SCSCF,MTAS,P-200:SCSCF,PCSCF,P-200:PCSCF,SCSCF,I-200:SCSCF,MTAS,I-200:MTAS,SCSCF,I-200:SCSCF,MTAS,I-200:SCSCF,PCSCF,I-200:PCSCF,SCSCF,A:MTAS,SCSCF,A:SCSCF,MTAS,A:MTAS,SCSCF,A:SCSCF,PCSCF,A:MTAS,SCSCF,U:SCSCF,PCSCF,U:SCSCF,PCSCF,U:SCSCF,MTAS,U-200:PCSCF,SCSCF,U-200:SCSCF,MTAS,U-200:PCSCF,SCSCF,U-200:SCSCF,MTAS,U-200:PCSCF,SCSCF,B:MTAS,SCSCF,B:SCSCF,MTAS,B:MTAS,SCSCF,B:SCSCF,PCSCF,B:PCSCF,SCSCF,B-200:SCSCF,MTAS,B-200:MTAS,SCSCF,B-200:SCSCF,MTAS,B-200:SCSCF,PCSCF,B-200"
24,24,0,0,44,-0.9624836958603457,-0.9227815293958618,248,0,"PCSCF,SCSCF,I:SCSCF,ASLI,I:SCSCF,PCSCF,T:ASLI,SCSCF,T:ASLI,SCSCF,I-500:SCSCF,ASLI,A:MTAS,SCSCF,I:SCSCF,MTAS,T:SCSCF,GTW,I:GTW,SCSCF,T:GTW,SCSCF,S:SCSCF,MTAS,S:SCSCF,PCSCF,S:PCSCF,SCSCF,P:SCSCF,MTAS,P:MTAS,SCSCF,P:SCSCF,GTW,P:GTW,SCSCF,P-200:SCSCF,MTAS,P-200:MTAS,SCSCF,P-200:SCSCF,PCSCF,P-200:PCSCF,SCSCF,C:SCSCF,PCSCF,C-200:MTAS,SCSCF,C:SCSCF,MTAS,C-200:SCSCF,GTW,C:GTW,SCSCF,C-200:GTW,SCSCF,I-487:SCSCF,GTW,A:SCSCF,MTAS,I-487:MTAS,SCSCF,A:SCSCF,PCSCF,I-487:PCSCF,SCSCF,A"
25,25,0,0,89,-0.8726449244941836,-0.829005917848847,59,0,"PCSCF,SCSCF,I:SCSCF,PCSCF,T:SCSCF,ASLI,I:ASLI,SCSCF,T:ASLI,SCSCF,I-500:SCSCF,ASLI,A:MTAS,SCSCF,I:SCSCF,MTAS,T:SCSCF,GTW,I:GTW,SCSCF,T:GTW,SCSCF,S:SCSCF,MTAS,S:SCSCF,PCSCF,S:PCSCF,SCSCF,P:MTAS,SCSCF,P:SCSCF,GTW,P:GTW,SCSCF,P-200:SCSCF,MTAS,P-200:SCSCF,PCSCF,P-200:GTW,SCSCF,S:SCSCF,MTAS,S:SCSCF,PCSCF,S:PCSCF,SCSCF,P:MTAS,SCSCF,P:SCSCF,GTW,P:GTW,SCSCF,P-200:SCSCF,MTAS,P-200:SCSCF,PCSCF,P-200:GTW,SCSCF,R:SCSCF,MTAS,R:SCSCF,PCSCF,R:PCSCF,SCSCF,P:MTAS,SCSCF,P:SCSCF,GTW,P:GTW,SCSCF,P-200:SCSCF,MTAS,P-200:SCSCF,PCSCF,P-200:GTW,SCSCF,I-200:SCSCF,MTAS,I-200:SCSCF,PCSCF,I-200:PCSCF,SCSCF,A:SCSCF,MTAS,A:MTAS,SCSCF,A:SCSCF,GTW,A:MTAS,SCSCF,U:SCSCF,GTW,U:GTW,SCSCF,U-200:SCSCF,MTAS,U-200:MTAS,SCSCF,U:SCSCF,PCSCF,U:PCSCF,SCSCF,U-200:SCSCF,MTAS,U-200:MTAS,SCSCF,U:SCSCF,GTW,U:GTW,SCSCF,U-200:SCSCF,MTAS,U-200:SCSCF,PCSCF,U:PCSCF,SCSCF,U-200:SCSCF,MTAS,U-200:PCSCF,SCSCF,B:MTAS,SCSCF,B:SCSCF,GTW,B:GTW,SCSCF,B-200:SCSCF,MTAS,B-200:SCSCF,PCSCF,B-200"
26,26,0,0,60,-1.1222212017654791,-1.0889199799333062,5,0,"PCSCF,SCSCF,I:SCSCF,ASLI,I:ASLI,SCSCF,T:ASLI,SCSCF,I-500:SCSCF,PCSCF,T:SCSCF,ASLI,A:MTAS,SCSCF,I:SCSCF,MTAS,T:SCSCF,GTW,I:GTW,SCSCF,T:GTW,SCSCF,S:SCSCF,MTAS,S:SCSCF,PCSCF,S:PCSCF,SCSCF,P:SCSCF,MTAS,P:MTAS,SCSCF,P:SCSCF,GTW,P:GTW,SCSCF,P-200:GTW,SCSCF,R:SCSCF,MTAS,P-200:SCSCF,MTAS,R:MTAS,SCSCF,P-200:SCSCF,PCSCF,P-200:SCSCF,PCSCF,R:PCSCF,SCSCF,P:SCSCF,MTAS,P:MTAS,SCSCF,P:SCSCF,GTW,P:GTW,SCSCF,P-200:SCSCF,MTAS,P-200:MTAS,SCSCF,P-200:SCSCF,PCSCF,P-200:GTW,SCSCF,I-200:SCSCF,MTAS,I-200:SCSCF,PCSCF,I-200:PCSCF,SCSCF,A:SCSCF,MTAS,A:MTAS,SCSCF,A:SCSCF,GTW,A:GTW,SCSCF,B:MTAS,SCSCF,B:SCSCF,PCSCF,B:PCSCF,SCSCF,B-200:SCSCF,MTAS,B-200:SCSCF,GTW,B-200"
27,27,0,0,64,-0.6953897210041226,-0.6507663831119317,113,0,"GTW,ICSCF,I:ICSCF,GTW,T:SCSCF,ASLI,I:ASLI,SCSCF,T:ASLI,SCSCF,I-500:SCSCF,ASLI,A:SCSCF,MTAS,I:MTAS,SCSCF,I:SCSCF,MTAS,T:SCSCF,PCSCF,I:MTAS,SCSCF,T:PCSCF,SCSCF,T:PCSCF,SCSCF,R:SCSCF,MTAS,R:MTAS,SCSCF,R:ICSCF,GTW,R:GTW,SCSCF,P:SCSCF,MTAS,P:MTAS,SCSCF,P:SCSCF,PCSCF,P:PCSCF,SCSCF,P-200:SCSCF,MTAS,P-200:MTAS,SCSCF,P-200:SCSCF,GTW,P-200:PCSCF,SCSCF,I-200:SCSCF,MTAS,I-200:MTAS,SCSCF,I-200:ICSCF,GTW,I-200:GTW,SCSCF,A:SCSCF,MTAS,A:MTAS,SCSCF,A:SCSCF,PCSCF,A:MTAS,SCSCF,U:SCSCF,PCSCF,U:SCSCF,GTW,U:GTW,SCSCF,U-200:SCSCF,MTAS,U-200:PCSCF,SCSCF,U-200:SCSCF,MTAS,U-200:PCSCF,SCSCF,B:SCSCF,MTAS,B:MTAS,SCSCF,B:SCSCF,GTW,B:GTW,SCSCF,B-200:SCSCF,MTAS,B-200:MTAS,SCSCF,B-200:SCSCF,PCSCF,B-200"
28,28,0,0,90,-0.8211021992894264,-0.7802337857249232,59,0,"PCSCF,SCSCF,I:SCSCF,PCSCF,T:SCSCF,ASLI,I:ASLI,SCSCF,T:ASLI,SCSCF,I-500:SCSCF,ASLI,A:MTAS,SCSCF,I:SCSCF,MTAS,T:SCSCF,GTW,I:GTW,SCSCF,T:GTW,SCSCF,S:SCSCF,MTAS,S:SCSCF,PCSCF,S:PCSCF,SCSCF,P:MTAS,SCSCF,P:SCSCF,GTW,P:GTW,SCSCF,P-200:SCSCF,MTAS,P-200:SCSCF,PCSCF,P-200:GTW,SCSCF,R:SCSCF,MTAS,R:SCSCF,PCSCF,R:PCSCF,SCSCF,P:MTAS,SCSCF,P:SCSCF,GTW,P:GTW,SCSCF,P-200:SCSCF,MTAS,P-200:SCSCF,PCSCF,P-200:GTW,SCSCF,I-200:SCSCF,MTAS,I-200:SCSCF,PCSCF,I-200:PCSCF,SCSCF,A:SCSCF,MTAS,A:MTAS,SCSCF,A:SCSCF,GTW,A:MTAS,SCSCF,U:SCSCF,GTW,U:GTW,SCSCF,U-200:SCSCF,MTAS,U-200:MTAS,SCSCF,U:SCSCF,PCSCF,U:PCSCF,SCSCF,U-200:SCSCF,MTAS,U-200:MTAS,SCSCF,U:SCSCF,GTW,U:GTW,SCSCF,U-200:SCSCF,MTAS,U-200:MTAS,SCSCF,U:SCSCF,PCSCF,U:PCSCF,SCSCF,U-200:SCSCF,MTAS,U-200:MTAS,SCSCF,U:SCSCF,GTW,U:GTW,SCSCF,U-200:SCSCF,MTAS,U-200:MTAS,SCSCF,U:SCSCF,PCSCF,U:PCSCF,SCSCF,U-200:SCSCF,MTAS,U-200:PCSCF,SCSCF,B:MTAS,SCSCF,B:SCSCF,GTW,B:GTW,SCSCF,B-200:SCSCF,MTAS,B-200:SCSCF,PCSCF,B-200"
29,29,0,0,59,-0.7945264338807798,-0.7606132976733622,901,0,"GTW,ICSCF,I:ICSCF,GTW,T:SCSCF,ASLI,I:ASLI,SCSCF,T:ASLI,SCSCF,I-500:SCSCF,ASLI,A:SCSCF,MTAS,I:MTAS,SCSCF,T:MTAS,SCSCF,I:SCSCF,MTAS,T:SCSCF,PCSCF,I:PCSCF,SCSCF,T:PCSCF,SCSCF,R:SCSCF,MTAS,R:MTAS,SCSCF,R:ICSCF,GTW,R:GTW,SCSCF,P:SCSCF,MTAS,P:MTAS,SCSCF,P:SCSCF,PCSCF,P:PCSCF,SCSCF,P-200:SCSCF,MTAS,P-200:MTAS,SCSCF,P-200:SCSCF,GTW,P-200:PCSCF,SCSCF,I-200:SCSCF,MTAS,I-200:MTAS,SCSCF,I-200:ICSCF,GTW,I-200:GTW,SCSCF,A:SCSCF,MTAS,A:MTAS,SCSCF,A:SCSCF,PCSCF,A:PCSCF,SCSCF,B:SCSCF,MTAS,B:MTAS,SCSCF,B:GTW,SCSCF,B:SCSCF,GTW,B:GTW,SCSCF,B-200:SCSCF,MTAS,B-200:SCSCF,MTAS,B:MTAS,SCSCF,B-200:MTAS,SCSCF,B-481:SCSCF,GTW,B-481:SCSCF,PCSCF,B-200"
30,30,0,0,71,-0.89058136944139,-0.8419603914165763,28,0,"GTW,ICSCF,I:ICSCF,GTW,T:SCSCF,ASLI,I:ASLI,SCSCF,T:ASLI,SCSCF,I-500:SCSCF,MTAS,I:SCSCF,ASLI,A:MTAS,SCSCF,T:MTAS,SCSCF,W:ICSCF,GTW,W:MTAS,SCSCF,I:SCSCF,MTAS,T:SCSCF,GTW,I:GTW,SCSCF,T:GTW,SCSCF,S:SCSCF,MTAS,S:MTAS,SCSCF,S:ICSCF,GTW,S:GTW,SCSCF,P:SCSCF,MTAS,P:MTAS,SCSCF,P:SCSCF,GTW,P:GTW,SCSCF,P-200:SCSCF,MTAS,P-200:MTAS,SCSCF,P-200:SCSCF,GTW,P-200:GTW,SCSCF,R:SCSCF,MTAS,R:MTAS,SCSCF,R:ICSCF,GTW,R:GTW,SCSCF,P:SCSCF,MTAS,P:MTAS,SCSCF,P:SCSCF,GTW,P:GTW,SCSCF,P-200:SCSCF,MTAS,P-200:MTAS,SCSCF,P-200:SCSCF,GTW,P-200:GTW,ICSCF,C:ICSCF,GTW,C-200:SCSCF,MTAS,C:MTAS,SCSCF,C-200:MTAS,SCSCF,C:SCSCF,MTAS,C-200:SCSCF,GTW,C:GTW,SCSCF,C-200:GTW,SCSCF,I-487:SCSCF,GTW,A:SCSCF,MTAS,I-487:MTAS,SCSCF,A:MTAS,SCSCF,I-487:SCSCF,MTAS,A:ICSCF,GTW,I-487:GTW,ICSCF,A"
31,31,0,0,83,-0.9066749357312085,-0.8770380827768216,59,0,"PCSCF,SCSCF,I:SCSCF,PCSCF,T:SCSCF,ASLI,I:ASLI,SCSCF,T:ASLI,SCSCF,I-500:SCSCF,ASLI,A:MTAS,SCSCF,I:SCSCF,MTAS,T:SCSCF,GTW,I:GTW,SCSCF,T:GTW,SCSCF,S:SCSCF,MTAS,S:SCSCF,PCSCF,S:PCSCF,SCSCF,P:SCSCF,MTAS,P:MTAS,SCSCF,P:SCSCF,GTW,P:GTW,SCSCF,P-200:GTW,SCSCF,R:SCSCF,MTAS,R:SCSCF,MTAS,P-200:MTAS,SCSCF,P-200:SCSCF,PCSCF,P-200:SCSCF,PCSCF,R:PCSCF,SCSCF,P:SCSCF,MTAS,P:MTAS,SCSCF,P:SCSCF,GTW,P:GTW,SCSCF,P-200:SCSCF,MTAS,P-200:MTAS,SCSCF,P-200:SCSCF,PCSCF,P-200:GTW,SCSCF,I-200:SCSCF,MTAS,I-200:SCSCF,PCSCF,I-200:PCSCF,SCSCF,A:SCSCF,MTAS,A:MTAS,SCSCF,A:SCSCF,GTW,A:MTAS,SCSCF,U:SCSCF,GTW,U:GTW,SCSCF,U-200:SCSCF,PCSCF,U:SCSCF,MTAS,U-200:PCSCF,SCSCF,U-200:SCSCF,MTAS,U-200:MTAS,SCSCF,U:SCSCF,GTW,U:GTW,SCSCF,U-200:SCSCF,MTAS,U-200:MTAS,SCSCF,U:SCSCF,PCSCF,U:PCSCF,SCSCF,U-200:SCSCF,MTAS,U-200:GTW,SCSCF,B:MTAS,SCSCF,B:SCSCF,PCSCF,B:PCSCF,SCSCF,B-200:SCSCF,MTAS,B-200:SCSCF,GTW,B-200"
32,32,0,0,61,-0.9590393074570641,-0.9324111645028215,0,0,"GTW,ICSCF,I:ICSCF,GTW,T:SCSCF,ASLI,I:ASLI,SCSCF,T:ASLI,SCSCF,I-500:SCSCF,ASLI,A:SCSCF,BCCAS,I:BCCAS,SCSCF,T:BCCAS,SCSCF,I:SCSCF,BCCAS,T:SCSCF,PCSCF,I:PCSCF,SCSCF,T:SCSCF,PCSCF,I:PCSCF,SCSCF,T:PCSCF,SCSCF,R:SCSCF,BCCAS,R:BCCAS,SCSCF,R:ICSCF,GTW,R:GTW,SCSCF,P:SCSCF,BCCAS,P:BCCAS,SCSCF,P:SCSCF,PCSCF,P:PCSCF,SCSCF,P-200:SCSCF,BCCAS,P-200:BCCAS,SCSCF,P-200:SCSCF,GTW,P-200:PCSCF,SCSCF,I-200:SCSCF,BCCAS,I-200:SCSCF,PCSCF,C:BCCAS,SCSCF,I-200:ICSCF,GTW,I-200:PCSCF,SCSCF,C-200:GTW,SCSCF,A:SCSCF,BCCAS,A:BCCAS,SCSCF,A:PCSCF,SCSCF,I-487:SCSCF,PCSCF,A:SCSCF,PCSCF,A:PCSCF,SCSCF,B:SCSCF,BCCAS,B:BCCAS,SCSCF,B:SCSCF,GTW,B:GTW,SCSCF,B-200:SCSCF,BCCAS,B-200:BCCAS,SCSCF,B-200:SCSCF,PCSCF,B-200"
33,33,0,0,53,-0.5411565555229825,-0.5402469985270527,24,0,"PCSCF,SCSCF,I:SCSCF,PCSCF,T:SCSCF,PCSCF,I-407:PCSCF,SCSCF,A:PCSCF,SCSCF,I:SCSCF,PCSCF,T:SCSCF,ASLI,I:ASLI,SCSCF,T:ASLI,SCSCF,I-500:SCSCF,ASLI,A:MTAS,SCSCF,I:SCSCF,MTAS,T:SCSCF,GTW,I:GTW,SCSCF,T:GTW,SCSCF,R:SCSCF,MTAS,R:SCSCF,PCSCF,R:PCSCF,SCSCF,P:SCSCF,MTAS,P:MTAS,SCSCF,P:SCSCF,GTW,P:GTW,SCSCF,P-200:SCSCF,MTAS,P-200:MTAS,SCSCF,P-200:SCSCF,PCSCF,P-200:GTW,SCSCF,I-200:SCSCF,MTAS,I-200:SCSCF,PCSCF,I-200:PCSCF,SCSCF,A:SCSCF,MTAS,A:MTAS,SCSCF,A:SCSCF,GTW,A:PCSCF,SCSCF,B:SCSCF,MTAS,B:MTAS,SCSCF,B:SCSCF,GTW,B:GTW,SCSCF,B-200:SCSCF,MTAS,B-200:MTAS,SCSCF,B-200:SCSCF,PCSCF,B-200"
34,34,0,0,65,-1.0724629024218113,-0.9990576431232794,28,0,"PCSCF,SCSCF,I:SCSCF,PCSCF,T:SCSCF,ASLI,I:ASLI,SCSCF,T:ASLI,SCSCF,I-500:SCSCF,ASLI,A:MTAS,SCSCF,I:SCSCF,MTAS,T:SCSCF,GTW,I:GTW,SCSCF,T:GTW,SCSCF,S:SCSCF,MTAS,S:SCSCF,PCSCF,S:PCSCF,SCSCF,P:MTAS,SCSCF,P:SCSCF,GTW,P:GTW,SCSCF,P-200:GTW,SCSCF,R:SCSCF,MTAS,P-200:SCSCF,MTAS,R:SCSCF,PCSCF,P-200:SCSCF,PCSCF,R:PCSCF,SCSCF,P:MTAS,SCSCF,P:SCSCF,GTW,P:GTW,SCSCF,P-200:SCSCF,MTAS,P-200:SCSCF,PCSCF,P-200:GTW,SCSCF,S:SCSCF,MTAS,S:SCSCF,PCSCF,S:PCSCF,SCSCF,P:MTAS,SCSCF,P:SCSCF,GTW,P:GTW,SCSCF,P-200:SCSCF,MTAS,P-200:SCSCF,PCSCF,P-200:PCSCF,SCSCF,C:SCSCF,PCSCF,C-200:MTAS,SCSCF,C:SCSCF,MTAS,C-200:SCSCF,GTW,C:GTW,SCSCF,C-200:GTW,SCSCF,I-487:SCSCF,GTW,A:SCSCF,MTAS,I-487:MTAS,SCSCF,A:SCSCF,PCSCF,I-487:PCSCF,SCSCF,A"
35,35,0,0,124,-0.6508324658274394,-0.6357307879807272,59,0,"GTW,ICSCF,I:ICSCF,GTW,T:SCSCF,ASLI,I:ASLI,SCSCF,T:ASLI,SCSCF,I-500:SCSCF,ASLI,A:SCSCF,MTAS,I:MTAS,SCSCF,T:MTAS,SCSCF,I:SCSCF,MTAS,T:SCSCF,PCSCF,I:PCSCF,SCSCF,T:PCSCF,SCSCF,R:SCSCF,MTAS,R:MTAS,SCSCF,R:ICSCF,GTW,R:GTW,SCSCF,P:SCSCF,MTAS,P:MTAS,SCSCF,P:SCSCF,PCSCF,P:PCSCF,SCSCF,P-200:SCSCF,MTAS,P-200:MTAS,SCSCF,P-200:SCSCF,GTW,P-200:PCSCF,SCSCF,I-200:SCSCF,MTAS,I-200:MTAS,SCSCF,I-200:ICSCF,GTW,I-200:GTW,SCSCF,A:SCSCF,MTAS,A:MTAS,SCSCF,A:SCSCF,PCSCF,A:MTAS,SCSCF,U:SCSCF,PCSCF,U:PCSCF,SCSCF,U-200:SCSCF,MTAS,U-200:MTAS,SCSCF,U:SCSCF,GTW,U:GTW,SCSCF,U-200:SCSCF,MTAS,U-200:MTAS,SCSCF,U:SCSCF,PCSCF,U:SCSCF,GTW,U:GTW,SCSCF,U-200:SCSCF,MTAS,U-200:PCSCF,SCSCF,U-200:SCSCF,MTAS,U-200:MTAS,SCSCF,U:SCSCF,GTW,U:GTW,SCSCF,U-200:SCSCF,MTAS,U-200:MTAS,SCSCF,U:SCSCF,PCSCF,U:PCSCF,SCSCF,U-200:SCSCF,MTAS,U-200:MTAS,SCSCF,U:SCSCF,GTW,U:GTW,SCSCF,U-200:SCSCF,MTAS,U-200:MTAS,SCSCF,U:SCSCF,PCSCF,U:PCSCF,SCSCF,U-200:SCSCF,MTAS,U-200:MTAS,SCSCF,U:SCSCF,GTW,U:GTW,SCSCF,U-200:SCSCF,MTAS,U-200:MTAS,SCSCF,U:SCSCF,PCSCF,U:PCSCF,SCSCF,U-200:SCSCF,MTAS,U-200:MTAS,SCSCF,U:SCSCF,GTW,U:GTW,SCSCF,U-200:SCSCF,MTAS,U-200:MTAS,SCSCF,U:SCSCF,PCSCF,U:PCSCF,SCSCF,U-200:SCSCF,MTAS,U-200:GTW,SCSCF,B:SCSCF,MTAS,B:MTAS,SCSCF,B:SCSCF,PCSCF,B:PCSCF,SCSCF,B-200:SCSCF,MTAS,B-200:MTAS,SCSCF,B-200:SCSCF,GTW,B-200"
36,36,0,0,73,-0.7159250745243081,-0.6788545978403344,104,0,"GTW,ICSCF,I:ICSCF,GTW,T:SCSCF,ASLI,I:ASLI,SCSCF,T:ASLI,SCSCF,I-500:SCSCF,ASLI,A:SCSCF,MTAS,I:MTAS,SCSCF,T:MTAS,SCSCF,I:SCSCF,MTAS,T:SCSCF,PCSCF,I:PCSCF,SCSCF,T:PCSCF,SCSCF,R:SCSCF,MTAS,R:MTAS,SCSCF,R:ICSCF,GTW,R:GTW,SCSCF,P:SCSCF,MTAS,P:MTAS,SCSCF,P:SCSCF,PCSCF,P:PCSCF,SCSCF,P-200:SCSCF,MTAS,P-200:MTAS,SCSCF,P-200:SCSCF,GTW,P-200:PCSCF,SCSCF,I-200:SCSCF,MTAS,I-200:MTAS,SCSCF,I-200:ICSCF,GTW,I-200:GTW,SCSCF,A:SCSCF,MTAS,A:MTAS,SCSCF,A:SCSCF,PCSCF,A:PCSCF,SCSCF,I:SCSCF,PCSCF,T:SCSCF,MTAS,I:MTAS,SCSCF,T:MTAS,SCSCF,I:SCSCF,MTAS,T:SCSCF,GTW,I:GTW,SCSCF,T:GTW,SCSCF,I-200:SCSCF,MTAS,I-200:MTAS,SCSCF,I-200:SCSCF,PCSCF,I-200:PCSCF,SCSCF,A:SCSCF,MTAS,A:MTAS,SCSCF,A:SCSCF,GTW,A:PCSCF,SCSCF,B:SCSCF,MTAS,B:MTAS,SCSCF,B-200:SCSCF,PCSCF,B-200:GTW,SCSCF,B:SCSCF,MTAS,B:MTAS,SCSCF,B-200:SCSCF,GTW,B-200"
37,37,0,0,191,-0.65135597657532,-0.6428441642366375,59,0,"PCSCF,SCSCF,I:SCSCF,PCSCF,T:SCSCF,ASLI,I:ASLI,SCSCF,T:ASLI,SCSCF,I-500:SCSCF,ASLI,A:MTAS,SCSCF,I:SCSCF,MTAS,T:SCSCF,GTW,I:GTW,SCSCF,T:GTW,SCSCF,R:SCSCF,MTAS,R:SCSCF,PCSCF,R:PCSCF,SCSCF,P:SCSCF,MTAS,P:MTAS,SCSCF,P:SCSCF,GTW,P:GTW,SCSCF,P-200:SCSCF,MTAS,P-200:MTAS,SCSCF,P-200:SCSCF,PCSCF,P-200:GTW,SCSCF,I-200:SCSCF,MTAS,I-200:SCSCF,PCSCF,I-200:PCSCF,SCSCF,A:SCSCF,MTAS,A:MTAS,SCSCF,A:SCSCF,GTW,A:MTAS,SCSCF,U:SCSCF,GTW,U:SCSCF,PCSCF,U:GTW,SCSCF,U-200:SCSCF,MTAS,U-200:PCSCF,SCSCF,U-200:SCSCF,MTAS,U-200:MTAS,SCSCF,U:SCSCF,GTW,U:GTW,SCSCF,U-200:SCSCF,MTAS,U-200:MTAS,SCSCF,U:SCSCF,PCSCF,U:PCSCF,SCSCF,U-200:SCSCF,MTAS,U-200:MTAS,SCSCF,U:SCSCF,GTW,U:GTW,SCSCF,U-200:SCSCF,MTAS,U-200:MTAS,SCSCF,U:SCSCF,PCSCF,U:PCSCF,SCSCF,U-200:SCSCF,MTAS,U-200:MTAS,SCSCF,U:SCSCF,GTW,U:GTW,SCSCF,U-200:SCSCF,MTAS,U-200:MTAS,SCSCF,U:SCSCF,PCSCF,U:PCSCF,SCSCF,U-200:SCSCF,MTAS,U-200:MTAS,SCSCF,U:SCSCF,GTW,U:GTW,SCSCF,U-200:SCSCF,MTAS,U-200:MTAS,SCSCF,U:SCSCF,PCSCF,U:PCSCF,SCSCF,U-200:SCSCF,MTAS,U-200:MTAS,SCSCF,U:SCSCF,GTW,U:GTW,SCSCF,U-200:SCSCF,MTAS,U-200:MTAS,SCSCF,U:SCSCF,PCSCF,U:PCSCF,SCSCF,U-200:SCSCF,MTAS,U-200:MTAS,SCSCF,U:SCSCF,GTW,U:GTW,SCSCF,U-200:SCSCF,MTAS,U-200:MTAS,SCSCF,U:SCSCF,PCSCF,U:PCSCF,SCSCF,U-200:SCSCF,MTAS,U-200:MTAS,SCSCF,U:SCSCF,GTW,U:GTW,SCSCF,U-200:SCSCF,MTAS,U-200:MTAS,SCSCF,U:SCSCF,PCSCF,U:PCSCF,SCSCF,U-200:SCSCF,MTAS,U-200:MTAS,SCSCF,U:SCSCF,GTW,U:GTW,SCSCF,U-200:SCSCF,MTAS,U-200:MTAS,SCSCF,U:SCSCF,PCSCF,U:PCSCF,SCSCF,U-200:SCSCF,MTAS,U-200:MTAS,SCSCF,U:SCSCF,GTW,U:GTW,SCSCF,U-200:SCSCF,MTAS,U-200:MTAS,SCSCF,U:SCSCF,PCSCF,U:PCSCF,SCSCF,U-200:SCSCF,MTAS,U-200:MTAS,SCSCF,U:SCSCF,GTW,U:GTW,SCSCF,U-200:SCSCF,MTAS,U-200:MTAS,SCSCF,U:SCSCF,PCSCF,U:PCSCF,SCSCF,U-200:SCSCF,MTAS,U-200:MTAS,SCSCF,U:SCSCF,GTW,U:GTW,SCSCF,U-200:SCSCF,MTAS,U-200:MTAS,SCSCF,U:SCSCF,PCSCF,U:PCSCF,SCSCF,U-200:SCSCF,MTAS,U-200:PCSCF,SCSCF,B:SCSCF,MTAS,B:MTAS,SCSCF,B:SCSCF,GTW,B:GTW,SCSCF,B-200:SCSCF,MTAS,B-200:MTAS,SCSCF,B-200:SCSCF,PCSCF,B-200"
38,38,0,0,47,-0.840601398812745,-0.8398948570990279,24,0,"PCSCF,SCSCF,I:SCSCF,PCSCF,T:SCSCF,PCSCF,I-407:PCSCF,SCSCF,A:PCSCF,SCSCF,I:SCSCF,PCSCF,T:SCSCF,ASLI,I:ASLI,SCSCF,T:ASLI,SCSCF,I-500:SCSCF,ASLI,A:MTAS,SCSCF,I:SCSCF,MTAS,T:SCSCF,GTW,I:GTW,SCSCF,T:GTW,SCSCF,R:SCSCF,MTAS,R:SCSCF,PCSCF,R:PCSCF,SCSCF,P:MTAS,SCSCF,P:GTW,SCSCF,P-200:SCSCF,GTW,P:SCSCF,MTAS,P-200:SCSCF,PCSCF,P-200:GTW,SCSCF,I-200:SCSCF,MTAS,I-200:SCSCF,PCSCF,I-200:PCSCF,SCSCF,A:SCSCF,MTAS,A:MTAS,SCSCF,A:SCSCF,GTW,A:PCSCF,SCSCF,B:MTAS,SCSCF,B:GTW,SCSCF,B-200:SCSCF,MTAS,B-200:SCSCF,GTW,B:SCSCF,PCSCF,B-200"
39,39,0,0,42,-0.6583003829556222,-0.6523781297311386,5,0,"PCSCF,SCSCF,I:SCSCF,PCSCF,T:SCSCF,ASLI,I:ASLI,SCSCF,T:ASLI,SCSCF,I-500:SCSCF,ASLI,A:MTAS,SCSCF,I:SCSCF,MTAS,T:SCSCF,GTW,I:GTW,SCSCF,T:GTW,SCSCF,R:SCSCF,MTAS,R:SCSCF,PCSCF,R:PCSCF,SCSCF,P:MTAS,SCSCF,P:SCSCF,MTAS,P-200:SCSCF,PCSCF,P-200:SCSCF,GTW,P:GTW,SCSCF,P-200:SCSCF,MTAS,I-200:GTW,SCSCF,I-200:SCSCF,PCSCF,I-200:PCSCF,SCSCF,A:SCSCF,MTAS,A:MTAS,SCSCF,A:SCSCF,GTW,A:PCSCF,SCSCF,B:MTAS,SCSCF,B:SCSCF,GTW,B:GTW,SCSCF,B-200:SCSCF,MTAS,B-200:SCSCF,PCSCF,B-200"
40,40,0,0,57,-0.7938074205266212,-0.7283544204141835,0,0,"GTW,ICSCF,I:ICSCF,GTW,T:SCSCF,ASLI,I:ASLI,SCSCF,T:ASLI,SCSCF,I-500:SCSCF,ASLI,A:SCSCF,MTAS,I:MTAS,SCSCF,T:MTAS,SCSCF,I:SCSCF,MTAS,T:SCSCF,PCSCF,I:PCSCF,SCSCF,T:PCSCF,SCSCF,R:SCSCF,MTAS,R:MTAS,SCSCF,R:SCSCF,MTAS,P:MTAS,SCSCF,P:ICSCF,GTW,R:GTW,SCSCF,P:SCSCF,PCSCF,P:GTW,SCSCF,P:PCSCF,SCSCF,P-200:SCSCF,MTAS,P-200:MTAS,SCSCF,P-200:SCSCF,GTW,P-200:PCSCF,SCSCF,I-200:SCSCF,MTAS,I-200:MTAS,SCSCF,I-200:ICSCF,GTW,I-200:GTW,SCSCF,A:SCSCF,MTAS,A:MTAS,SCSCF,A:SCSCF,PCSCF,A:GTW,SCSCF,B:SCSCF,MTAS,B:MTAS,SCSCF,B:SCSCF,PCSCF,B:PCSCF,SCSCF,B-200:SCSCF,MTAS,B-200:MTAS,SCSCF,B-200:SCSCF,GTW,B-200:PCSCF,SCSCF,B:SCSCF,PCSCF,B-481"
41,41,0,0,54,-0.9458710000574418,-0.888884515020634,53,0,"PCSCF,SCSCF,I:SCSCF,PCSCF,T:SCSCF,ASLI,I:ASLI,SCSCF,T:ASLI,SCSCF,I-500:SCSCF,ASLI,A:MTAS,SCSCF,I:SCSCF,MTAS,T:SCSCF,GTW,I:GTW,SCSCF,T:GTW,SCSCF,R:SCSCF,MTAS,R:SCSCF,PCSCF,R:PCSCF,SCSCF,P:MTAS,SCSCF,P:SCSCF,GTW,P:GTW,SCSCF,P-200:SCSCF,MTAS,P-200:SCSCF,PCSCF,P-200:GTW,SCSCF,S:SCSCF,MTAS,S:SCSCF,PCSCF,S:PCSCF,SCSCF,P:MTAS,SCSCF,P:SCSCF,GTW,P:GTW,SCSCF,P-200:GTW,SCSCF,I-200:SCSCF,MTAS,I-200:SCSCF,MTAS,P-200:SCSCF,PCSCF,P-200:SCSCF,PCSCF,I-200:PCSCF,SCSCF,A:SCSCF,MTAS,A:MTAS,SCSCF,A:SCSCF,GTW,A:GTW,SCSCF,B:MTAS,SCSCF,B:SCSCF,PCSCF,B:PCSCF,SCSCF,B-200:SCSCF,MTAS,B-200:SCSCF,GTW,B-200"
42,42,0,0,99,-0.9502810237057843,-0.9210166003943169,59,0,"PCSCF,SCSCF,I:SCSCF,PCSCF,T:SCSCF,ASLI,I:ASLI,SCSCF,T:ASLI,SCSCF,I-500:SCSCF,ASLI,A:MTAS,SCSCF,I:SCSCF,MTAS,T:SCSCF,GTW,I:GTW,SCSCF,T:GTW,SCSCF,S:SCSCF,MTAS,S:SCSCF,PCSCF,S:PCSCF,SCSCF,P:SCSCF,MTAS,P:MTAS,SCSCF,P:SCSCF,GTW,P:GTW,SCSCF,P-200:GTW,SCSCF,S:SCSCF,MTAS,P-200:SCSCF,MTAS,S:MTAS,SCSCF,P-200:SCSCF,PCSCF,P-200:SCSCF,PCSCF,S:PCSCF,SCSCF,P:SCSCF,MTAS,P:MTAS,SCSCF,P:SCSCF,GTW,P:GTW,SCSCF,P-200:SCSCF,MTAS,P-200:MTAS,SCSCF,P-200:SCSCF,PCSCF,P-200:GTW,SCSCF,R:SCSCF,MTAS,R:SCSCF,PCSCF,R:PCSCF,SCSCF,P:SCSCF,MTAS,P:MTAS,SCSCF,P:SCSCF,GTW,P:GTW,SCSCF,P-200:SCSCF,MTAS,P-200:MTAS,SCSCF,P-200:SCSCF,PCSCF,P-200:GTW,SCSCF,I-200:SCSCF,MTAS,I-200:SCSCF,PCSCF,I-200:PCSCF,SCSCF,A:SCSCF,MTAS,A:MTAS,SCSCF,A:SCSCF,GTW,A:MTAS,SCSCF,U:SCSCF,GTW,U:GTW,SCSCF,U-200:SCSCF,MTAS,U-200:MTAS,SCSCF,U:SCSCF,PCSCF,U:PCSCF,SCSCF,U-200:SCSCF,MTAS,U-200:MTAS,SCSCF,U:SCSCF,GTW,U:GTW,SCSCF,U-200:SCSCF,MTAS,U-200:MTAS,SCSCF,U:SCSCF,PCSCF,U:PCSCF,SCSCF,U-200:SCSCF,MTAS,U-200:GTW,SCSCF,B:MTAS,SCSCF,B:SCSCF,PCSCF,B:PCSCF,SCSCF,B-200:SCSCF,MTAS,B-200:SCSCF,GTW,B-200"
43,43,0,0,34,-0.8026767463278709,-0.7824166455450687,53,0,"MTAS,SCSCF,I:SCSCF,MTAS,T:SCSCF,GTW,I:GTW,SCSCF,T:GTW,SCSCF,S:SCSCF,MTAS,S:GTW,SCSCF,S:SCSCF,MTAS,S:MTAS,SCSCF,P:SCSCF,GTW,P:GTW,SCSCF,P-200:SCSCF,MTAS,P-200:GTW,SCSCF,R:SCSCF,MTAS,R:MTAS,SCSCF,P:SCSCF,GTW,P:GTW,SCSCF,P-200:SCSCF,MTAS,P-200:GTW,SCSCF,I-200:SCSCF,MTAS,I-200:MTAS,SCSCF,A:SCSCF,GTW,A:MTAS,SCSCF,B:SCSCF,GTW,B:GTW,SCSCF,B-200:SCSCF,MTAS,B-200"
44,44,0,0,72,-0.6700074877247822,-0.6685380423610333,24,0,"PCSCF,SCSCF,I:SCSCF,PCSCF,T:SCSCF,PCSCF,I-407:PCSCF,SCSCF,A:PCSCF,SCSCF,I:SCSCF,ASLI,I:ASLI,SCSCF,T:ASLI,SCSCF,I-500:SCSCF,ASLI,A:SCSCF,PCSCF,T:MTAS,SCSCF,I:SCSCF,MTAS,T:SCSCF,ASLI,I:ASLI,SCSCF,T:ASLI,SCSCF,I-500:SCSCF,ASLI,A:SCSCF,MTAS,I:MTAS,SCSCF,T:MTAS,SCSCF,I:SCSCF,MTAS,T:SCSCF,PCSCF,I:PCSCF,SCSCF,T:PCSCF,SCSCF,R:SCSCF,MTAS,R:MTAS,SCSCF,R:SCSCF,MTAS,R:SCSCF,PCSCF,R:PCSCF,SCSCF,P:MTAS,SCSCF,P:SCSCF,MTAS,P:MTAS,SCSCF,P:SCSCF,PCSCF,P:PCSCF,SCSCF,P-200:SCSCF,MTAS,P-200:MTAS,SCSCF,P-200:SCSCF,MTAS,P-200:SCSCF,PCSCF,P-200:PCSCF,SCSCF,I-200:SCSCF,MTAS,I-200:MTAS,SCSCF,I-200:SCSCF,MTAS,I-200:SCSCF,PCSCF,I-200:PCSCF,SCSCF,A:MTAS,SCSCF,A:SCSCF,MTAS,A:MTAS,SCSCF,A:SCSCF,PCSCF,A:PCSCF,SCSCF,B:SCSCF,MTAS,B:MTAS,SCSCF,B:SCSCF,PCSCF,B:PCSCF,SCSCF,B-200:SCSCF,MTAS,B-200:MTAS,SCSCF,B-200:SCSCF,PCSCF,B-200"
45,45,0,0,67,-0.6021001025443797,-0.5989697537175864,5,0,"PCSCF,SCSCF,I:SCSCF,ASLI,I:ASLI,SCSCF,T:ASLI,SCSCF,I-500:SCSCF,ASLI,A:SCSCF,PCSCF,T:MTAS,SCSCF,I:SCSCF,MTAS,T:SCSCF,ASLI,I:ASLI,SCSCF,T:ASLI,SCSCF,I-500:SCSCF,ASLI,A:SCSCF,MTAS,I:MTAS,SCSCF,T:MTAS,SCSCF,I:SCSCF,MTAS,T:SCSCF,PCSCF,I:PCSCF,SCSCF,T:PCSCF,SCSCF,R:SCSCF,MTAS,R:MTAS,SCSCF,R:SCSCF,MTAS,R:SCSCF,PCSCF,R:PCSCF,SCSCF,P:MTAS,SCSCF,P:SCSCF,MTAS,P:MTAS,SCSCF,P:SCSCF,PCSCF,P:PCSCF,SCSCF,P-200:SCSCF,MTAS,P-200:MTAS,SCSCF,P-200:SCSCF,MTAS,P-200:SCSCF,PCSCF,P-200:PCSCF,SCSCF,I-200:SCSCF,MTAS,I-200:MTAS,SCSCF,I-200:SCSCF,MTAS,I-200:SCSCF,PCSCF,I-200:PCSCF,SCSCF,A:MTAS,SCSCF,A:SCSCF,MTAS,A:MTAS,SCSCF,A:SCSCF,PCSCF,A:PCSCF,SCSCF,B:SCSCF,MTAS,B:MTAS,SCSCF,B:SCSCF,PCSCF,B:PCSCF,SCSCF,B-200:SCSCF,MTAS,B-200:MTAS,SCSCF,B-200:SCSCF,PCSCF,B-200"
46,46,0,0,32,-1.2591082363437667,-1.2067478218177576,180,0,"PCSCF,SCSCF,I:SCSCF,ASLI,I:ASLI,SCSCF,T:ASLI,SCSCF,I-500:SCSCF,ASLI,A:MTAS,SCSCF,I:SCSCF,MTAS,T:SCSCF,GTW,I:GTW,SCSCF,T:SCSCF,PCSCF,T:GTW,SCSCF,R:SCSCF,MTAS,R:SCSCF,PCSCF,R:PCSCF,SCSCF,P:MTAS,SCSCF,P:SCSCF,GTW,P:GTW,SCSCF,P-200:SCSCF,MTAS,P-200:SCSCF,PCSCF,P-200:GTW,SCSCF,I-486:SCSCF,GTW,A:SCSCF,MTAS,I-486:MTAS,SCSCF,A:SCSCF,PCSCF,I-486:PCSCF,SCSCF,A"
47,47,0,0,118,-1.0202884782022643,-1.0022339468355153,104,0,"GTW,ICSCF,I:ICSCF,GTW,T:SCSCF,ASLI,I:ASLI,SCSCF,T:ASLI,SCSCF,I-500:SCSCF,ASLI,A:SCSCF,MTAS,I:MTAS,SCSCF,T:MTAS,SCSCF,I:SCSCF,MTAS,T:SCSCF,PCSCF,I:PCSCF,SCSCF,T:PCSCF,SCSCF,R:SCSCF,MTAS,R:MTAS,SCSCF,R:ICSCF,GTW,R:GTW,SCSCF,P:SCSCF,MTAS,P:MTAS,SCSCF,P:SCSCF,PCSCF,P:PCSCF,SCSCF,P-200:SCSCF,MTAS,P-200:MTAS,SCSCF,P-200:SCSCF,GTW,P-200:PCSCF,SCSCF,I-200:SCSCF,MTAS,I-200:MTAS,SCSCF,I-200:ICSCF,GTW,I-200:GTW,SCSCF,A:SCSCF,MTAS,A:MTAS,SCSCF,A:SCSCF,PCSCF,A:PCSCF,SCSCF,I:SCSCF,PCSCF,T:SCSCF,MTAS,I:MTAS,SCSCF,I:SCSCF,MTAS,T:SCSCF,GTW,I:MTAS,SCSCF,T:GTW,SCSCF,T:GTW,SCSCF,I-200:SCSCF,MTAS,I-200:MTAS,SCSCF,I-200:SCSCF,PCSCF,I-200:PCSCF,SCSCF,A:SCSCF,MTAS,A:MTAS,SCSCF,A:SCSCF,GTW,A:PCSCF,SCSCF,I:SCSCF,PCSCF,T:SCSCF,MTAS,I:MTAS,SCSCF,T:MTAS,SCSCF,I:SCSCF,MTAS,T:SCSCF,GTW,I:GTW,SCSCF,T:GTW,SCSCF,I-488:SCSCF,GTW,A:SCSCF,MTAS,I-488:MTAS,SCSCF,A:MTAS,SCSCF,I-488:SCSCF,MTAS,A:SCSCF,PCSCF,I-488:PCSCF,SCSCF,A:PCSCF,SCSCF,I:SCSCF,PCSCF,T:SCSCF,PCSCF,I-407:PCSCF,SCSCF,A:PCSCF,SCSCF,I:SCSCF,MTAS,I:MTAS,SCSCF,T:MTAS,SCSCF,I:SCSCF,MTAS,T:SCSCF,PCSCF,T:SCSCF,GTW,I:GTW,SCSCF,T:GTW,SCSCF,I-200:SCSCF,MTAS,I-200:MTAS,SCSCF,I-200:SCSCF,PCSCF,I-200:PCSCF,SCSCF,A:SCSCF,MTAS,A:MTAS,SCSCF,A:SCSCF,GTW,A:GTW,SCSCF,B:SCSCF,MTAS,B:MTAS,SCSCF,B:SCSCF,PCSCF,B:PCSCF,SCSCF,B-200:SCSCF,MTAS,B-200:MTAS,SCSCF,B-200:SCSCF,GTW,B-200"
48,48,0,0,53,-0.7112101714670266,-0.7039322355975156,28,0,"GTW,ICSCF,I:ICSCF,GTW,T:SCSCF,ASLI,I:ASLI,SCSCF,T:ASLI,SCSCF,I-500:SCSCF,ASLI,A:SCSCF,MTAS,I:MTAS,SCSCF,I:SCSCF,MTAS,T:MTAS,SCSCF,T:SCSCF,PCSCF,I:PCSCF,SCSCF,T:PCSCF,SCSCF,R:SCSCF,MTAS,R:MTAS,SCSCF,R:ICSCF,GTW,R:GTW,SCSCF,P:SCSCF,MTAS,P:MTAS,SCSCF,P:SCSCF,PCSCF,P:PCSCF,SCSCF,P-200:SCSCF,MTAS,P-200:MTAS,SCSCF,P-200:SCSCF,GTW,P-200:GTW,ICSCF,C:ICSCF,GTW,C-200:SCSCF,MTAS,C:MTAS,SCSCF,C-200:MTAS,SCSCF,C:SCSCF,MTAS,C-200:SCSCF,PCSCF,C:PCSCF,SCSCF,C-200:PCSCF,SCSCF,I-487:SCSCF,PCSCF,A:SCSCF,MTAS,I-487:MTAS,SCSCF,A:MTAS,SCSCF,I-487:SCSCF,MTAS,A:ICSCF,GTW,I-487:GTW,ICSCF,A"
49,49,0,0,81,-0.8909286363641922,-0.8896236274202785,14,0,"PCSCF,SCSCF,I:SCSCF,PCSCF,T:SCSCF,ASLI,I:ASLI,SCSCF,T:ASLI,SCSCF,I-500:SCSCF,ASLI,A:MTAS,SCSCF,I:SCSCF,MTAS,T:SCSCF,GTW,I:GTW,SCSCF,T:GTW,SCSCF,S:SCSCF,MTAS,S:SCSCF,PCSCF,S:PCSCF,SCSCF,P:MTAS,SCSCF,P:SCSCF,GTW,P:GTW,SCSCF,P-200:SCSCF,MTAS,P-200:SCSCF,PCSCF,P-200:GTW,SCSCF,R:SCSCF,MTAS,R:SCSCF,PCSCF,R:PCSCF,SCSCF,P:MTAS,SCSCF,P:SCSCF,GTW,P:GTW,SCSCF,P-200:SCSCF,MTAS,P-200:SCSCF,PCSCF,P-200:GTW,SCSCF,W:SCSCF,MTAS,W:SCSCF,PCSCF,W:PCSCF,SCSCF,P:MTAS,SCSCF,P:SCSCF,GTW,P:GTW,SCSCF,P-200:SCSCF,MTAS,P-200:SCSCF,PCSCF,P-200:GTW,SCSCF,S:SCSCF,MTAS,S:SCSCF,PCSCF,S:PCSCF,SCSCF,P:MTAS,SCSCF,P:SCSCF,GTW,P:GTW,SCSCF,P-200:SCSCF,MTAS,P-200:SCSCF,PCSCF,P-200:GTW,SCSCF,I-200:SCSCF,MTAS,I-200:SCSCF,PCSCF,I-200:PCSCF,SCSCF,A:SCSCF,MTAS,A:MTAS,SCSCF,A:SCSCF,GTW,A:PCSCF,SCSCF,B:SCSCF,MTAS,B:MTAS,SCSCF,B:SCSCF,GTW,B:GTW,SCSCF,B-200:SCSCF,MTAS,B-200:MTAS,SCSCF,B-200:SCSCF,PCSCF,B-200"
50,50,0,0,75,-0.5644915904118005,-0.5640867821215856,113,0,"GTW,ICSCF,I:ICSCF,GTW,T:SCSCF,ASLI,I:ASLI,SCSCF,T:ASLI,SCSCF,I-500:SCSCF,ASLI,A:SCSCF,MTAS,I:MTAS,SCSCF,T:MTAS,SCSCF,I:SCSCF,MTAS,T:SCSCF,PCSCF,I:PCSCF,SCSCF,T:PCSCF,SCSCF,R:SCSCF,MTAS,R:MTAS,SCSCF,R:ICSCF,GTW,R:GTW,SCSCF,P:SCSCF,MTAS,P:MTAS,SCSCF,P:SCSCF,PCSCF,P:PCSCF,SCSCF,P-200:SCSCF,MTAS,P-200:MTAS,SCSCF,P-200:SCSCF,GTW,P-200:PCSCF,SCSCF,I-200:SCSCF,MTAS,I-200:MTAS,SCSCF,I-200:ICSCF,GTW,I-200:GTW,SCSCF,A:SCSCF,MTAS,A:MTAS,SCSCF,A:SCSCF,PCSCF,A:MTAS,SCSCF,U:SCSCF,PCSCF,U:SCSCF,GTW,U:GTW,SCSCF,U-200:SCSCF,MTAS,U-200:PCSCF,SCSCF,U-200:SCSCF,MTAS,U-200:MTAS,SCSCF,U:SCSCF,GTW,U:SCSCF,PCSCF,U:GTW,SCSCF,U-200:SCSCF,MTAS,U-200:PCSCF,SCSCF,U-200:SCSCF,MTAS,U-200:GTW,SCSCF,B:SCSCF,MTAS,B:MTAS,SCSCF,B:SCSCF,PCSCF,B:PCSCF,SCSCF,B-200:SCSCF,MTAS,B-200:MTAS,SCSCF,B-200:SCSCF,GTW,B-200"
51,51,0,0,53,-1.1301345194165517,-1.0754794815871254,76,0,"PCSCF,SCSCF,I:SCSCF,PCSCF,T:SCSCF,ASLI,I:ASLI,SCSCF,T:ASLI,SCSCF,I-500:SCSCF,ASLI,A:MTAS,SCSCF,I:SCSCF,MTAS,T:SCSCF,GTW,I:GTW,SCSCF,T:GTW,SCSCF,S:SCSCF,MTAS,S:SCSCF,PCSCF,S:PCSCF,SCSCF,P:MTAS,SCSCF,P:SCSCF,GTW,P:GTW,SCSCF,P-200:SCSCF,MTAS,P-200:GTW,SCSCF,S:SCSCF,MTAS,S:SCSCF,PCSCF,P-200:SCSCF,PCSCF,S:PCSCF,SCSCF,P:MTAS,SCSCF,P:SCSCF,GTW,P:GTW,SCSCF,P-200:SCSCF,MTAS,P-200:SCSCF,PCSCF,P-200:PCSCF,SCSCF,C:MTAS,SCSCF,C:SCSCF,MTAS,C-200:SCSCF,GTW,C:SCSCF,PCSCF,C-200:GTW,SCSCF,C-200:GTW,SCSCF,I-487:SCSCF,GTW,A:SCSCF,MTAS,I-487:MTAS,SCSCF,A:SCSCF,PCSCF,I-487:PCSCF,SCSCF,A"
52,52,0,0,63,-0.6022124513410427,-0.5924565804876163,60,0,"PCSCF,SCSCF,I:SCSCF,PCSCF,T:SCSCF,ASLI,I:ASLI,SCSCF,T:ASLI,SCSCF,I-500:SCSCF,ASLI,A:MTAS,SCSCF,I:SCSCF,MTAS,T:SCSCF,GTW,I:GTW,SCSCF,T:GTW,SCSCF,S:SCSCF,MTAS,S:SCSCF,PCSCF,S:PCSCF,SCSCF,P:SCSCF,MTAS,P:MTAS,SCSCF,P:SCSCF,GTW,P:GTW,SCSCF,P-200:SCSCF,MTAS,P-200:MTAS,SCSCF,P-200:SCSCF,PCSCF,P-200:GTW,SCSCF,R:SCSCF,MTAS,R:SCSCF,PCSCF,R:PCSCF,SCSCF,P:SCSCF,MTAS,P:MTAS,SCSCF,P:SCSCF,GTW,P:GTW,SCSCF,P-200:SCSCF,MTAS,P-200:MTAS,SCSCF,P-200:SCSCF,PCSCF,P-200:SCSCF,MTAS,I-200:GTW,SCSCF,I-200:SCSCF,PCSCF,I-200:PCSCF,SCSCF,A:SCSCF,MTAS,A:MTAS,SCSCF,A:SCSCF,GTW,A:PCSCF,SCSCF,B:SCSCF,MTAS,B:MTAS,SCSCF,B:SCSCF,GTW,B:GTW,SCSCF,B-200:SCSCF,MTAS,B-200:MTAS,SCSCF,B-200:SCSCF,PCSCF,B-200"
53,53,0,0,76,-0.6542934661489296,-0.6339997695009617,113,0,"GTW,ICSCF,I:ICSCF,GTW,T:SCSCF,ASLI,I:ASLI,SCSCF,T:ASLI,SCSCF,I-500:SCSCF,ASLI,A:SCSCF,MTAS,I:MTAS,SCSCF,T:MTAS,SCSCF,I:SCSCF,MTAS,T:SCSCF,PCSCF,I:PCSCF,SCSCF,T:PCSCF,SCSCF,R:SCSCF,MTAS,R:MTAS,SCSCF,R:ICSCF,GTW,R:GTW,SCSCF,P:SCSCF,MTAS,P:MTAS,SCSCF,P:SCSCF,PCSCF,P:PCSCF,SCSCF,P-200:SCSCF,MTAS,P-200:MTAS,SCSCF,P-200:SCSCF,GTW,P-200:PCSCF,SCSCF,I-200:SCSCF,MTAS,I-200:MTAS,SCSCF,I-200:ICSCF,GTW,I-200:GTW,SCSCF,A:SCSCF,MTAS,A:MTAS,SCSCF,A:SCSCF,PCSCF,A:MTAS,SCSCF,U:SCSCF,PCSCF,U:PCSCF,SCSCF,U-200:SCSCF,MTAS,U-200:MTAS,SCSCF,U:SCSCF,GTW,U:GTW,SCSCF,U-200:SCSCF,MTAS,U-200:MTAS,SCSCF,U:SCSCF,PCSCF,U:SCSCF,GTW,U:GTW,SCSCF,U-200:SCSCF,MTAS,U-200:PCSCF,SCSCF,U-200:SCSCF,MTAS,U-200:GTW,SCSCF,B:SCSCF,MTAS,B:MTAS,SCSCF,B:SCSCF,PCSCF,B:PCSCF,SCSCF,B-200:SCSCF,MTAS,B-200:MTAS,SCSCF,B-200:SCSCF,GTW,B-200"
54,54,0,0,53,-0.5901542590727639,-0.5329220722426397,28,0,"GTW,ICSCF,I:ICSCF,GTW,T:SCSCF,ASLI,I:ASLI,SCSCF,T:ASLI,SCSCF,I-500:SCSCF,ASLI,A:SCSCF,MTAS,I:MTAS,SCSCF,T:MTAS,SCSCF,I:SCSCF,MTAS,T:SCSCF,PCSCF,I:PCSCF,SCSCF,T:PCSCF,SCSCF,R:SCSCF,MTAS,R:MTAS,SCSCF,R:ICSCF,GTW,R:SCSCF,MTAS,P:MTAS,SCSCF,P:GTW,SCSCF,P:SCSCF,PCSCF,P:PCSCF,SCSCF,P-200:SCSCF,MTAS,P-200:MTAS,SCSCF,P-200:SCSCF,GTW,P-200:GTW,ICSCF,C:ICSCF,GTW,C-200:SCSCF,MTAS,C:MTAS,SCSCF,C-200:MTAS,SCSCF,C:SCSCF,MTAS,C-200:SCSCF,PCSCF,C:PCSCF,SCSCF,C-200:SCSCF,MTAS,I-487:MTAS,SCSCF,A:PCSCF,SCSCF,I-487:SCSCF,PCSCF,A:MTAS,SCSCF,I-487:SCSCF,MTAS,A:ICSCF,GTW,I-487:GTW,ICSCF,A"
55,55,0,0,53,-0.36705100684479475,-0.3669834238881995,5,0,"GTW,ICSCF,I:ICSCF,GTW,T:SCSCF,ASLI,I:ASLI,SCSCF,T:ASLI,SCSCF,I-500:SCSCF,ASLI,A:SCSCF,MTAS,I:MTAS,SCSCF,T:MTAS,SCSCF,I:SCSCF,MTAS,T:SCSCF,PCSCF,I:PCSCF,SCSCF,T:PCSCF,SCSCF,R:SCSCF,MTAS,R:MTAS,SCSCF,R:ICSCF,GTW,R:GTW,SCSCF,P:SCSCF,MTAS,P:MTAS,SCSCF,P:SCSCF,PCSCF,P:SCSCF,MTAS,P-200:PCSCF,SCSCF,P-200:MTAS,SCSCF,P-200:SCSCF,GTW,P-200:PCSCF,SCSCF,I-200:SCSCF,MTAS,I-200:MTAS,SCSCF,I-200:ICSCF,GTW,I-200:GTW,SCSCF,A:SCSCF,MTAS,A:MTAS,SCSCF,A:SCSCF,PCSCF,A:GTW,SCSCF,B:SCSCF,MTAS,B:MTAS,SCSCF,B:SCSCF,PCSCF,B:PCSCF,SCSCF,B-200:SCSCF,MTAS,B-200:MTAS,SCSCF,B-200:SCSCF,GTW,B-200"
56,56,0,0,53,-0.6796426625154505,-0.6545944292545726,323,0,"GTW,ICSCF,I:ICSCF,GTW,T:SCSCF,ASLI,I:ASLI,SCSCF,T:ASLI,SCSCF,I-500:SCSCF,ASLI,A:SCSCF,MTAS,I:MTAS,SCSCF,T:MTAS,SCSCF,I:SCSCF,MTAS,T:SCSCF,PCSCF,I:PCSCF,SCSCF,T:SCSCF,MTAS,R:MTAS,SCSCF,R:ICSCF,GTW,R:PCSCF,SCSCF,R:GTW,SCSCF,P:SCSCF,MTAS,P:MTAS,SCSCF,P:SCSCF,PCSCF,P:PCSCF,SCSCF,P-200:SCSCF,MTAS,P-200:MTAS,SCSCF,P-200:SCSCF,GTW,P-200:GTW,ICSCF,C:ICSCF,GTW,C-200:SCSCF,MTAS,C:MTAS,SCSCF,C-200:MTAS,SCSCF,C:SCSCF,MTAS,C-200:SCSCF,PCSCF,C:PCSCF,SCSCF,C-200:SCSCF,MTAS,I-487:PCSCF,SCSCF,I-487:SCSCF,PCSCF,A:MTAS,SCSCF,A:MTAS,SCSCF,I-487:SCSCF,MTAS,A:ICSCF,GTW,I-487:GTW,ICSCF,A"
57,57,0,0,29,-1.329710519528569,-1.2953262989426597,356,0,"PCSCF,SCSCF,I:SCSCF,PCSCF,T:SCSCF,PCSCF,I-407:PCSCF,SCSCF,A:PCSCF,SCSCF,I:SCSCF,PCSCF,T:SCSCF,ASLI,I:ASLI,SCSCF,T:ASLI,SCSCF,I-500:SCSCF,ASLI,A:MTAS,SCSCF,I:SCSCF,MTAS,T:SCSCF,GTW,I:GTW,SCSCF,T:GTW,SCSCF,I-404:SCSCF,GTW,A:SCSCF,MTAS,I-404:MTAS,SCSCF,A:SCSCF,PCSCF,S:PCSCF,SCSCF,P:SCSCF,PCSCF,P-200:SCSCF,PCSCF,I-404:PCSCF,SCSCF,A"
58,58,0,0,58,-0.9104945245326599,-0.8950486241119506,113,0,"PCSCF,SCSCF,I:SCSCF,PCSCF,T:SCSCF,PCSCF,I-407:PCSCF,SCSCF,A:PCSCF,SCSCF,I:SCSCF,ASLI,I:ASLI,SCSCF,T:SCSCF,PCSCF,T:ASLI,SCSCF,I-500:SCSCF,ASLI,A:MTAS,SCSCF,I:SCSCF,MTAS,T:SCSCF,GTW,I:GTW,SCSCF,T:GTW,SCSCF,R:SCSCF,MTAS,R:SCSCF,PCSCF,R:PCSCF,SCSCF,P:MTAS,SCSCF,P:SCSCF,GTW,P:GTW,SCSCF,P-200:SCSCF,MTAS,P-200:SCSCF,PCSCF,P-200:GTW,SCSCF,I-200:SCSCF,MTAS,I-200:SCSCF,PCSCF,I-200:PCSCF,SCSCF,A:SCSCF,MTAS,A:MTAS,SCSCF,A:SCSCF,GTW,A:MTAS,SCSCF,U:SCSCF,GTW,U:SCSCF,PCSCF,U:GTW,SCSCF,U-200:SCSCF,MTAS,U-200:PCSCF,SCSCF,U-200:SCSCF,MTAS,U-200:PCSCF,SCSCF,B:MTAS,SCSCF,B:SCSCF,GTW,B:GTW,SCSCF,B-200:SCSCF,MTAS,B-200:SCSCF,PCSCF,B-200"
59,59,0,0,70,-0.515634841227111,-0.5153908698407109,113,0,"GTW,ICSCF,I:ICSCF,GTW,T:SCSCF,ASLI,I:ASLI,SCSCF,T:ASLI,SCSCF,I-500:SCSCF,ASLI,A:SCSCF,MTAS,I:MTAS,SCSCF,T:MTAS,SCSCF,I:SCSCF,MTAS,T:SCSCF,PCSCF,I:PCSCF,SCSCF,T:PCSCF,SCSCF,R:SCSCF,MTAS,R:MTAS,SCSCF,R:ICSCF,GTW,R:GTW,SCSCF,P:SCSCF,MTAS,P:MTAS,SCSCF,P:SCSCF,PCSCF,P:PCSCF,SCSCF,P-200:SCSCF,MTAS,P-200:MTAS,SCSCF,P-200:SCSCF,GTW,P-200:PCSCF,SCSCF,I-200:SCSCF,MTAS,I-200:MTAS,SCSCF,I-200:ICSCF,GTW,I-200:GTW,SCSCF,A:SCSCF,MTAS,A:MTAS,SCSCF,A:SCSCF,PCSCF,A:MTAS,SCSCF,U:SCSCF,PCSCF,U:SCSCF,GTW,U:GTW,SCSCF,U-200:SCSCF,MTAS,U-200:PCSCF,SCSCF,U-200:SCSCF,MTAS,U-200:GTW,SCSCF,B:SCSCF,MTAS,B:PCSCF,SCSCF,B:SCSCF,MTAS,B:MTAS,SCSCF,B:MTAS,SCSCF,B-200:SCSCF,PCSCF,B:SCSCF,PCSCF,B-200:PCSCF,SCSCF,B-200:SCSCF,MTAS,B-200:MTAS,SCSCF,B-200:SCSCF,GTW,B-200"
60,60,0,0,44,-0.7314802956423659,-0.7124024018435545,76,0,"PCSCF,SCSCF,I:SCSCF,PCSCF,T:SCSCF,ASLI,I:ASLI,SCSCF,T:ASLI,SCSCF,I-500:SCSCF,ASLI,A:MTAS,SCSCF,I:SCSCF,MTAS,T:SCSCF,GTW,I:GTW,SCSCF,T:GTW,SCSCF,R:SCSCF,MTAS,R:SCSCF,PCSCF,R:PCSCF,SCSCF,P:SCSCF,MTAS,P:MTAS,SCSCF,P:SCSCF,GTW,P:GTW,SCSCF,P-200:SCSCF,MTAS,P-200:MTAS,SCSCF,P-200:SCSCF,PCSCF,P-200:PCSCF,SCSCF,C:MTAS,SCSCF,C:SCSCF,MTAS,C-200:SCSCF,PCSCF,C-200:SCSCF,GTW,C:GTW,SCSCF,C-200:GTW,SCSCF,I-487:SCSCF,GTW,A:SCSCF,MTAS,I-487:MTAS,SCSCF,A:SCSCF,PCSCF,I-487:PCSCF,SCSCF,A"
61,61,0,0,78,-0.904130723133753,-0.8678308127313782,5,0,"PCSCF,SCSCF,I:SCSCF,PCSCF,T:SCSCF,ASLI,I:ASLI,SCSCF,T:ASLI,SCSCF,I-500:SCSCF,ASLI,A:MTAS,SCSCF,I:SCSCF,MTAS,T:SCSCF,GTW,I:GTW,SCSCF,T:GTW,SCSCF,S:SCSCF,MTAS,S:SCSCF,PCSCF,S:PCSCF,SCSCF,P:SCSCF,MTAS,P:MTAS,SCSCF,P:SCSCF,GTW,P:GTW,SCSCF,P-200:GTW,SCSCF,S:SCSCF,MTAS,P-200:SCSCF,MTAS,S:MTAS,SCSCF,P-200:SCSCF,PCSCF,P-200:SCSCF,PCSCF,S:PCSCF,SCSCF,P:SCSCF,MTAS,P:MTAS,SCSCF,P:SCSCF,GTW,P:GTW,SCSCF,P-200:SCSCF,MTAS,P-200:MTAS,SCSCF,P-200:SCSCF,PCSCF,P-200:GTW,SCSCF,R:SCSCF,MTAS,R:SCSCF,PCSCF,R:PCSCF,SCSCF,P:SCSCF,MTAS,P:MTAS,SCSCF,P:SCSCF,GTW,P:GTW,SCSCF,P-200:SCSCF,MTAS,P-200:MTAS,SCSCF,P-200:SCSCF,PCSCF,P-200:GTW,SCSCF,I-200:SCSCF,MTAS,I-200:SCSCF,PCSCF,I-200:PCSCF,SCSCF,A:SCSCF,MTAS,A:MTAS,SCSCF,A:SCSCF,GTW,A:PCSCF,SCSCF,B:SCSCF,MTAS,B:MTAS,SCSCF,B:SCSCF,GTW,B:GTW,SCSCF,B-200:SCSCF,MTAS,B-200:MTAS,SCSCF,B-200:SCSCF,PCSCF,B-200"
62,62,0,0,30,-0.6055563311438036,-0.5925544266053654,37,0,"PCSCF,SCSCF,I:SCSCF,PCSCF,T:SCSCF,ASLI,I:ASLI,SCSCF,T:ASLI,SCSCF,I-500:SCSCF,ASLI,A:MTAS,SCSCF,I:SCSCF,MTAS,T:SCSCF,GTW,I:GTW,SCSCF,T:GTW,SCSCF,I-200:SCSCF,PCSCF,I-200:SCSCF,MTAS,I-200:PCSCF,SCSCF,A:SCSCF,MTAS,A:MTAS,SCSCF,A:SCSCF,GTW,A:GTW,SCSCF,B:MTAS,SCSCF,B:SCSCF,PCSCF,B:PCSCF,SCSCF,B-200:SCSCF,MTAS,B-200:SCSCF,GTW,B-200"
63,63,0,0,64,-0.6153891308096052,-0.6133065757338938,113,0,"GTW,ICSCF,I:ICSCF,GTW,T:SCSCF,ASLI,I:ASLI,SCSCF,T:ASLI,SCSCF,I-500:SCSCF,ASLI,A:SCSCF,MTAS,I:MTAS,SCSCF,T:MTAS,SCSCF,I:SCSCF,MTAS,T:SCSCF,PCSCF,I:PCSCF,SCSCF,T:PCSCF,SCSCF,R:SCSCF,MTAS,R:MTAS,SCSCF,R:ICSCF,GTW,R:GTW,SCSCF,P:SCSCF,MTAS,P:MTAS,SCSCF,P:SCSCF,PCSCF,P:PCSCF,SCSCF,P-200:SCSCF,MTAS,P-200:MTAS,SCSCF,P-200:SCSCF,GTW,P-200:PCSCF,SCSCF,I-200:MTAS,SCSCF,I-200:ICSCF,GTW,I-200:SCSCF,MTAS,I-200:GTW,SCSCF,A:SCSCF,MTAS,A:MTAS,SCSCF,A:SCSCF,PCSCF,A:MTAS,SCSCF,U:SCSCF,GTW,U:GTW,SCSCF,U-200:SCSCF,MTAS,U-200:SCSCF,PCSCF,U:PCSCF,SCSCF,U-200:SCSCF,MTAS,U-200:PCSCF,SCSCF,B:SCSCF,MTAS,B:MTAS,SCSCF,B:SCSCF,GTW,B:GTW,SCSCF,B-200:SCSCF,MTAS,B-200:MTAS,SCSCF,B-200:SCSCF,PCSCF,B-200"
64,64,0,0,53,-0.5298037939100934,-0.5295284556047439,28,0,"GTW,ICSCF,I:ICSCF,GTW,T:SCSCF,ASLI,I:ASLI,SCSCF,T:ASLI,SCSCF,I-500:SCSCF,ASLI,A:SCSCF,MTAS,I:MTAS,SCSCF,I:SCSCF,MTAS,T:SCSCF,PCSCF,I:MTAS,SCSCF,T:PCSCF,SCSCF,T:PCSCF,SCSCF,R:SCSCF,MTAS,R:MTAS,SCSCF,R:ICSCF,GTW,R:GTW,SCSCF,P:SCSCF,MTAS,P:MTAS,SCSCF,P:SCSCF,PCSCF,P:SCSCF,MTAS,P-200:PCSCF,SCSCF,P-200:MTAS,SCSCF,P-200:SCSCF,GTW,P-200:GTW,ICSCF,C:ICSCF,GTW,C-200:SCSCF,MTAS,C:MTAS,SCSCF,C-200:MTAS,SCSCF,C:SCSCF,MTAS,C-200:SCSCF,PCSCF,C:PCSCF,SCSCF,C-200:PCSCF,SCSCF,I-487:SCSCF,PCSCF,A:SCSCF,MTAS,I-487:MTAS,SCSCF,A:MTAS,SCSCF,I-487:SCSCF,MTAS,A:ICSCF,GTW,I-487:GTW,ICSCF,A"
65,65,0,0,71,-0.9648152129626598,-0.9444378602444726,59,0,"PCSCF,SCSCF,I:SCSCF,PCSCF,T:SCSCF,PCSCF,I-407:PCSCF,SCSCF,A:PCSCF,SCSCF,I:SCSCF,ASLI,I:SCSCF,PCSCF,T:ASLI,SCSCF,T:ASLI,SCSCF,I-500:SCSCF,ASLI,A:MTAS,SCSCF,I:SCSCF,MTAS,T:SCSCF,GTW,I:GTW,SCSCF,T:GTW,SCSCF,R:SCSCF,MTAS,R:SCSCF,PCSCF,R:PCSCF,SCSCF,P:MTAS,SCSCF,P:SCSCF,GTW,P:GTW,SCSCF,P-200:SCSCF,MTAS,P-200:SCSCF,PCSCF,P-200:GTW,SCSCF,I-200:SCSCF,MTAS,I-200:SCSCF,PCSCF,I-200:PCSCF,SCSCF,A:SCSCF,MTAS,A:MTAS,SCSCF,A:SCSCF,GTW,A:MTAS,SCSCF,U:SCSCF,GTW,U:GTW,SCSCF,U-200:SCSCF,MTAS,U-200:MTAS,SCSCF,U:SCSCF,PCSCF,U:PCSCF,SCSCF,U-200:SCSCF,MTAS,U-200:MTAS,SCSCF,U:SCSCF,GTW,U:GTW,SCSCF,U-200:SCSCF,MTAS,U-200:MTAS,SCSCF,U:SCSCF,PCSCF,U:PCSCF,SCSCF,U-200:SCSCF,MTAS,U-200:PCSCF,SCSCF,B:MTAS,SCSCF,B:SCSCF,GTW,B:GTW,SCSCF,B-200:SCSCF,MTAS,B-200:SCSCF,PCSCF,B-200"
66,66,0,0,83,-0.8303411998275061,-0.7957535246190925,59,0,"PCSCF,SCSCF,I:SCSCF,PCSCF,T:SCSCF,PCSCF,I-407:PCSCF,SCSCF,A:PCSCF,SCSCF,I:SCSCF,PCSCF,T:SCSCF,ASLI,I:ASLI,SCSCF,T:ASLI,SCSCF,I-500:SCSCF,ASLI,A:MTAS,SCSCF,I:SCSCF,MTAS,T:SCSCF,GTW,I:GTW,SCSCF,T:GTW,SCSCF,S:SCSCF,MTAS,S:SCSCF,PCSCF,S:PCSCF,SCSCF,P:MTAS,SCSCF,P:SCSCF,GTW,P:GTW,SCSCF,P-200:SCSCF,MTAS,P-200:SCSCF,PCSCF,P-200:GTW,SCSCF,R:SCSCF,MTAS,R:SCSCF,PCSCF,R:PCSCF,SCSCF,P:MTAS,SCSCF,P:SCSCF,GTW,P:GTW,SCSCF,P-200:SCSCF,MTAS,P-200:SCSCF,PCSCF,P-200:GTW,SCSCF,I-200:SCSCF,MTAS,I-200:SCSCF,PCSCF,I-200:PCSCF,SCSCF,A:SCSCF,MTAS,A:MTAS,SCSCF,A:SCSCF,GTW,A:MTAS,SCSCF,U:SCSCF,GTW,U:GTW,SCSCF,U-200:SCSCF,MTAS,U-200:MTAS,SCSCF,U:SCSCF,PCSCF,U:PCSCF,SCSCF,U-200:SCSCF,MTAS,U-200:MTAS,SCSCF,U:SCSCF,GTW,U:GTW,SCSCF,U-200:SCSCF,MTAS,U-200:MTAS,SCSCF,U:SCSCF,PCSCF,U:PCSCF,SCSCF,U-200:SCSCF,MTAS,U-200:PCSCF,SCSCF,B:MTAS,SCSCF,B:SCSCF,GTW,B:GTW,SCSCF,B-200:SCSCF,MTAS,B-200:SCSCF,PCSCF,B-200"
67,67,0,0,69,-0.9485465083692277,-0.9365109647194281,53,0,"PCSCF,SCSCF,I:SCSCF,PCSCF,T:SCSCF,ASLI,I:ASLI,SCSCF,T:ASLI,SCSCF,I-500:SCSCF,ASLI,A:MTAS,SCSCF,I:SCSCF,MTAS,T:SCSCF,GTW,I:GTW,SCSCF,T:GTW,SCSCF,S:SCSCF,MTAS,S:SCSCF,PCSCF,S:PCSCF,SCSCF,P:MTAS,SCSCF,P:SCSCF,GTW,P:GTW,SCSCF,P-200:GTW,SCSCF,S:SCSCF,MTAS,S:SCSCF,MTAS,P-200:SCSCF,PCSCF,P-200:SCSCF,PCSCF,S:PCSCF,SCSCF,P:MTAS,SCSCF,P:GTW,SCSCF,P-200:SCSCF,GTW,P:SCSCF,MTAS,P-200:SCSCF,PCSCF,P-200:GTW,SCSCF,R:SCSCF,MTAS,R:SCSCF,PCSCF,R:PCSCF,SCSCF,P:MTAS,SCSCF,P:SCSCF,GTW,P:GTW,SCSCF,P-200:SCSCF,MTAS,P-200:SCSCF,PCSCF,P-200:GTW,SCSCF,I-200:SCSCF,MTAS,I-200:SCSCF,PCSCF,I-200:PCSCF,SCSCF,A:SCSCF,MTAS,A:MTAS,SCSCF,A:SCSCF,GTW,A:PCSCF,SCSCF,B:SCSCF,MTAS,B:MTAS,SCSCF,B:SCSCF,GTW,B:GTW,SCSCF,B-200:SCSCF,MTAS,B-200:MTAS,SCSCF,B-200:SCSCF,PCSCF,B-200"
68,68,0,0,70,-1.2231104409655114,-1.1935055760509858,28,0,"PCSCF,SCSCF,I:SCSCF,PCSCF,T:SCSCF,PCSCF,I-407:PCSCF,SCSCF,A:PCSCF,SCSCF,I:SCSCF,ASLI,I:ASLI,SCSCF,T:ASLI,SCSCF,I-500:SCSCF,ASLI,A:SCSCF,PCSCF,T:MTAS,SCSCF,I:SCSCF,MTAS,T:SCSCF,GTW,I:GTW,SCSCF,T:GTW,SCSCF,S:SCSCF,MTAS,S:SCSCF,PCSCF,S:PCSCF,SCSCF,P:MTAS,SCSCF,P:SCSCF,GTW,P:GTW,SCSCF,P-200:GTW,SCSCF,S:SCSCF,MTAS,S:SCSCF,MTAS,P-200:SCSCF,PCSCF,P-200:SCSCF,PCSCF,S:PCSCF,SCSCF,P:MTAS,SCSCF,P:SCSCF,GTW,P:GTW,SCSCF,P-200:GTW,SCSCF,R:SCSCF,MTAS,R:SCSCF,MTAS,P-200:SCSCF,PCSCF,P-200:SCSCF,PCSCF,R:PCSCF,SCSCF,P:MTAS,SCSCF,P:SCSCF,GTW,P:GTW,SCSCF,P-200:SCSCF,MTAS,P-200:SCSCF,PCSCF,P-200:PCSCF,SCSCF,C:SCSCF,PCSCF,C-200:MTAS,SCSCF,C:SCSCF,MTAS,C-200:SCSCF,GTW,C:GTW,SCSCF,C-200:GTW,SCSCF,I-487:SCSCF,GTW,A:SCSCF,MTAS,I-487:MTAS,SCSCF,A:SCSCF,PCSCF,I-487:PCSCF,SCSCF,A"
69,69,0,0,69,-0.9085106643905675,-0.8931603933771256,113,0,"PCSCF,SCSCF,I:SCSCF,PCSCF,T:SCSCF,PCSCF,I-407:PCSCF,SCSCF,A:PCSCF,SCSCF,I:SCSCF,ASLI,I:ASLI,SCSCF,T:SCSCF,PCSCF,T:ASLI,SCSCF,I-500:SCSCF,ASLI,A:MTAS,SCSCF,I:SCSCF,MTAS,T:SCSCF,GTW,I:GTW,SCSCF,T:GTW,SCSCF,R:SCSCF,MTAS,R:SCSCF,PCSCF,R:PCSCF,SCSCF,P:MTAS,SCSCF,P:SCSCF,GTW,P:GTW,SCSCF,P-200:SCSCF,MTAS,P-200:SCSCF,PCSCF,P-200:GTW,SCSCF,I-200:SCSCF,MTAS,I-200:SCSCF,PCSCF,I-200:PCSCF,SCSCF,A:SCSCF,MTAS,A:MTAS,SCSCF,A:SCSCF,GTW,A:MTAS,SCSCF,U:SCSCF,GTW,U:SCSCF,PCSCF,U:GTW,SCSCF,U-200:SCSCF,MTAS,U-200:PCSCF,SCSCF,U-200:SCSCF,MTAS,U-200:MTAS,SCSCF,U:SCSCF,GTW,U:SCSCF,PCSCF,U:GTW,SCSCF,U-200:SCSCF,MTAS,U-200:PCSCF,SCSCF,U-200:SCSCF,MTAS,U-200:PCSCF,SCSCF,B:MTAS,SCSCF,B:SCSCF,GTW,B:GTW,SCSCF,B-200:SCSCF,MTAS,B-200:SCSCF,PCSCF,B-200"
70,70,0,1,55,-1.4822040330999104,-1.432092488702626,611,0,"PCSCF,SCSCF,I:SCSCF,PCSCF,T:SCSCF,PCSCF,I-407:PCSCF,SCSCF,A:PCSCF,SCSCF,I:SCSCF,PCSCF,T:SCSCF,ASLI,I:ASLI,SCSCF,T:ASLI,SCSCF,I-500:SCSCF,ASLI,A:MTAS,SCSCF,I:SCSCF,MTAS,T:SCSCF,ASLI,I:ASLI,SCSCF,T:ASLI,SCSCF,I-500:SCSCF,ASLI,A:SCSCF,MTAS,I:MTAS,SCSCF,T:MTAS,SCSCF,I:SCSCF,MTAS,T:SCSCF,PCSCF,I:PCSCF,SCSCF,T:PCSCF,SCSCF,C:MTAS,SCSCF,C:SCSCF,MTAS,C-200:SCSCF,MTAS,C:MTAS,SCSCF,C-200:MTAS,SCSCF,C:MTAS,SCSCF,I-487:SCSCF,MTAS,A:SCSCF,MTAS,C-200:SCSCF,PCSCF,C:SCSCF,MTAS,I-487:MTAS,SCSCF,A:PCSCF,SCSCF,C-200:SCSCF,PCSCF,C-200:SCSCF,PCSCF,I-487:PCSCF,SCSCF,A:PCSCF,SCSCF,I-408:SCSCF,PCSCF,A:SCSCF,MTAS,I-408:MTAS,SCSCF,A"
71,71,0,0,53,-0.36705100684479475,-0.3669834238881995,5,0,"GTW,ICSCF,I:ICSCF,GTW,T:SCSCF,ASLI,I:ASLI,SCSCF,T:ASLI,SCSCF,I-500:SCSCF,ASLI,A:SCSCF,MTAS,I:MTAS,SCSCF,T:MTAS,SCSCF,I:SCSCF,MTAS,T:SCSCF,PCSCF,I:PCSCF,SCSCF,T:SCSCF,MTAS,R:PCSCF,SCSCF,R:MTAS,SCSCF,R:ICSCF,GTW,R:GTW,SCSCF,P:SCSCF,MTAS,P:MTAS,SCSCF,P:SCSCF,PCSCF,P:PCSCF,SCSCF,P-200:SCSCF,MTAS,P-200:MTAS,SCSCF,P-200:SCSCF,GTW,P-200:PCSCF,SCSCF,I-200:SCSCF,MTAS,I-200:MTAS,SCSCF,I-200:ICSCF,GTW,I-200:GTW,SCSCF,A:SCSCF,MTAS,A:MTAS,SCSCF,A:SCSCF,PCSCF,A:PCSCF,SCSCF,B:SCSCF,MTAS,B:MTAS,SCSCF,B:SCSCF,GTW,B:GTW,SCSCF,B-200:SCSCF,MTAS,B-200:MTAS,SCSCF,B-200:SCSCF,PCSCF,B-200"
72,72,0,0,30,-0.6055563311438036,-0.5925544266053654,37,0,"PCSCF,SCSCF,I:SCSCF,PCSCF,T:SCSCF,ASLI,I:ASLI,SCSCF,T:ASLI,SCSCF,I-500:SCSCF,ASLI,A:MTAS,SCSCF,I:SCSCF,MTAS,T:SCSCF,GTW,I:GTW,SCSCF,T:SCSCF,MTAS,I-200:GTW,SCSCF,I-200:SCSCF,PCSCF,I-200:PCSCF,SCSCF,A:SCSCF,MTAS,A:MTAS,SCSCF,A:SCSCF,GTW,A:PCSCF,SCSCF,B:MTAS,SCSCF,B:SCSCF,GTW,B:GTW,SCSCF,B-200:SCSCF,MTAS,B-200:SCSCF,PCSCF,B-200"
73,73,0,0,87,-0.6597486046255344,-0.6373677090261454,59,0,"GTW,ICSCF,I:ICSCF,GTW,T:SCSCF,ASLI,I:ASLI,SCSCF,T:ASLI,SCSCF,I-500:SCSCF,ASLI,A:SCSCF,MTAS,I:MTAS,SCSCF,T:MTAS,SCSCF,I:SCSCF,MTAS,T:SCSCF,PCSCF,I:PCSCF,SCSCF,T:PCSCF,SCSCF,R:SCSCF,MTAS,R:MTAS,SCSCF,R:ICSCF,GTW,R:GTW,SCSCF,P:SCSCF,MTAS,P:MTAS,SCSCF,P:SCSCF,PCSCF,P:PCSCF,SCSCF,P-200:SCSCF,MTAS,P-200:MTAS,SCSCF,P-200:SCSCF,GTW,P-200:PCSCF,SCSCF,I-200:SCSCF,MTAS,I-200:MTAS,SCSCF,I-200:ICSCF,GTW,I-200:GTW,SCSCF,A:SCSCF,MTAS,A:MTAS,SCSCF,A:SCSCF,PCSCF,A:MTAS,SCSCF,U:SCSCF,GTW,U:GTW,SCSCF,U-200:SCSCF,MTAS,U-200:SCSCF,PCSCF,U:SCSCF,MTAS,U-200:PCSCF,SCSCF,U-200:MTAS,SCSCF,U:SCSCF,GTW,U:SCSCF,PCSCF,U:GTW,SCSCF,U-200:SCSCF,MTAS,U-200:PCSCF,SCSCF,U-200:SCSCF,MTAS,U-200:MTAS,SCSCF,U:SCSCF,GTW,U:GTW,SCSCF,U-200:SCSCF,MTAS,U-200:MTAS,SCSCF,U:SCSCF,PCSCF,U:PCSCF,SCSCF,U-200:SCSCF,MTAS,U-200:PCSCF,SCSCF,B:SCSCF,MTAS,B:MTAS,SCSCF,B:SCSCF,GTW,B:GTW,SCSCF,B-200:SCSCF,MTAS,B-200:MTAS,SCSCF,B-200:SCSCF,PCSCF,B-200"
74,74,0,0,25,-1.249304346320265,-1.2459823206725884,215,0,"PCSCF,SCSCF,I:SCSCF,PCSCF,T:SCSCF,PCSCF,I-407:PCSCF,SCSCF,A:PCSCF,SCSCF,I:SCSCF,PCSCF,T:SCSCF,ASLI,I:ASLI,SCSCF,T:ASLI,SCSCF,I-500:MTAS,SCSCF,I:SCSCF,MTAS,T:SCSCF,ASLI,A:SCSCF,GTW,I:GTW,SCSCF,T:GTW,SCSCF,I-480:SCSCF,GTW,A:SCSCF,MTAS,I-480:MTAS,SCSCF,A:SCSCF,PCSCF,I-480:PCSCF,SCSCF,A"
75,75,0,0,39,-0.8091491272488279,-0.803345496061786,14,0,"GTW,ICSCF,I:ICSCF,GTW,T:SCSCF,ASLI,I:ASLI,SCSCF,T:ASLI,SCSCF,I-500:SCSCF,ASLI,A:SCSCF,MTAS,I:MTAS,SCSCF,T:MTAS,SCSCF,I:SCSCF,MTAS,T:SCSCF,GTW,I:GTW,SCSCF,T:MTAS,SCSCF,W:ICSCF,GTW,W:GTW,SCSCF,I-200:SCSCF,MTAS,I-200:MTAS,SCSCF,I-200:ICSCF,GTW,I-200:GTW,SCSCF,A:SCSCF,MTAS,A:MTAS,SCSCF,A:SCSCF,GTW,A:GTW,SCSCF,B:SCSCF,MTAS,B:MTAS,SCSCF,B:SCSCF,GTW,B:GTW,SCSCF,B-200:SCSCF,MTAS,B-200:MTAS,SCSCF,B-200:SCSCF,GTW,B-200"
76,76,0,0,46,-0.98940654729382,-0.9681540326212535,124,0,"PCSCF,SCSCF,I:SCSCF,PCSCF,T:SCSCF,PCSCF,I-407:PCSCF,SCSCF,A:PCSCF,SCSCF,I:SCSCF,ASLI,I:SCSCF,PCSCF,T:ASLI,SCSCF,T:ASLI,SCSCF,I-500:SCSCF,ASLI,A:MTAS,SCSCF,I:SCSCF,MTAS,T:SCSCF,GTW,I:GTW,SCSCF,T:GTW,SCSCF,R:SCSCF,MTAS,R:SCSCF,PCSCF,R:PCSCF,SCSCF,P:MTAS,SCSCF,P:SCSCF,GTW,P:GTW,SCSCF,P-200:SCSCF,MTAS,P-200:SCSCF,PCSCF,P-200:PCSCF,SCSCF,C:SCSCF,PCSCF,C-200:MTAS,SCSCF,C:SCSCF,MTAS,C-200:SCSCF,GTW,C:GTW,SCSCF,C-200:GTW,SCSCF,I-487:SCSCF,GTW,A:SCSCF,MTAS,I-487:MTAS,SCSCF,A:SCSCF,PCSCF,I-487:PCSCF,SCSCF,A"
77,77,0,0,58,-1.0095933546844644,-0.9559216848499867,28,0,"PCSCF,SCSCF,I:SCSCF,PCSCF,T:SCSCF,PCSCF,I-407:PCSCF,SCSCF,A:PCSCF,SCSCF,I:SCSCF,PCSCF,T:SCSCF,ASLI,I:ASLI,SCSCF,T:ASLI,SCSCF,I-500:SCSCF,ASLI,A:MTAS,SCSCF,I:SCSCF,MTAS,T:SCSCF,GTW,I:GTW,SCSCF,T:GTW,SCSCF,S:SCSCF,MTAS,S:SCSCF,PCSCF,S:PCSCF,SCSCF,P:MTAS,SCSCF,P:SCSCF,GTW,P:GTW,SCSCF,P-200:GTW,SCSCF,R:SCSCF,MTAS,P-200:SCSCF,MTAS,R:SCSCF,PCSCF,P-200:SCSCF,PCSCF,R:PCSCF,SCSCF,P:MTAS,SCSCF,P:SCSCF,GTW,P:GTW,SCSCF,P-200:SCSCF,MTAS,P-200:SCSCF,PCSCF,P-200:PCSCF,SCSCF,C:SCSCF,PCSCF,C-200:MTAS,SCSCF,C:SCSCF,MTAS,C-200:SCSCF,GTW,C:GTW,SCSCF,C-200:GTW,SCSCF,I-487:SCSCF,GTW,A:SCSCF,MTAS,I-487:MTAS,SCSCF,A:SCSCF,PCSCF,I-487:PCSCF,SCSCF,A"
78,78,0,0,53,-1.2193586083964156,-1.1578671765652888,28,0,"PCSCF,SCSCF,I:SCSCF,ASLI,I:ASLI,SCSCF,T:ASLI,SCSCF,I-500:SCSCF,ASLI,A:MTAS,SCSCF,I:SCSCF,MTAS,T:SCSCF,GTW,I:SCSCF,PCSCF,T:GTW,SCSCF,T:GTW,SCSCF,S:SCSCF,MTAS,S:SCSCF,PCSCF,S:PCSCF,SCSCF,P:MTAS,SCSCF,P:SCSCF,GTW,P:GTW,SCSCF,P-200:GTW,SCSCF,S:SCSCF,MTAS,P-200:SCSCF,MTAS,S:SCSCF,PCSCF,P-200:SCSCF,PCSCF,S:PCSCF,SCSCF,P:MTAS,SCSCF,P:SCSCF,GTW,P:GTW,SCSCF,P-200:SCSCF,MTAS,P-200:SCSCF,PCSCF,P-200:PCSCF,SCSCF,C:SCSCF,PCSCF,C-200:MTAS,SCSCF,C:SCSCF,MTAS,C-200:SCSCF,GTW,C:GTW,SCSCF,C-200:GTW,SCSCF,I-487:SCSCF,GTW,A:SCSCF,MTAS,I-487:MTAS,SCSCF,A:SCSCF,PCSCF,I-487:PCSCF,SCSCF,A"
79,79,0,0,59,-0.7591337049661081,-0.6951098832482324,248,0,"PCSCF,SCSCF,I:SCSCF,PCSCF,T:SCSCF,ASLI,I:ASLI,SCSCF,T:ASLI,SCSCF,I-500:SCSCF,ASLI,A:MTAS,SCSCF,I:SCSCF,MTAS,T:SCSCF,GTW,I:GTW,SCSCF,T:GTW,SCSCF,S:SCSCF,MTAS,S:SCSCF,PCSCF,S:PCSCF,SCSCF,P:SCSCF,MTAS,P:MTAS,SCSCF,P:SCSCF,GTW,P:GTW,SCSCF,P-200:SCSCF,MTAS,P-200:MTAS,SCSCF,P-200:SCSCF,PCSCF,P-200:GTW,SCSCF,R:SCSCF,MTAS,R:SCSCF,PCSCF,R:PCSCF,SCSCF,P:SCSCF,MTAS,P:MTAS,SCSCF,P:SCSCF,GTW,P:GTW,SCSCF,P-200:SCSCF,MTAS,P-200:MTAS,SCSCF,P-200:SCSCF,PCSCF,P-200:PCSCF,SCSCF,C:SCSCF,PCSCF,C-200:MTAS,SCSCF,C:SCSCF,MTAS,C-200:SCSCF,GTW,C:GTW,SCSCF,C-200:GTW,SCSCF,I-487:SCSCF,GTW,A:SCSCF,MTAS,I-487:MTAS,SCSCF,A:SCSCF,PCSCF,I-487:PCSCF,SCSCF,A"
80,80,0,0,80,-0.5635947664957655,-0.5614826427792783,113,0,"PCSCF,SCSCF,I:SCSCF,PCSCF,T:SCSCF,ASLI,I:ASLI,SCSCF,T:ASLI,SCSCF,I-500:SCSCF,ASLI,A:MTAS,SCSCF,I:SCSCF,MTAS,T:SCSCF,ASLI,I:ASLI,SCSCF,T:ASLI,SCSCF,I-500:SCSCF,ASLI,A:SCSCF,MTAS,I:MTAS,SCSCF,T:MTAS,SCSCF,I:SCSCF,MTAS,T:SCSCF,PCSCF,I:PCSCF,SCSCF,T:PCSCF,SCSCF,R:SCSCF,MTAS,R:MTAS,SCSCF,R:SCSCF,MTAS,R:SCSCF,PCSCF,R:PCSCF,SCSCF,P:MTAS,SCSCF,P:SCSCF,MTAS,P:MTAS,SCSCF,P:SCSCF,PCSCF,P:PCSCF,SCSCF,P-200:SCSCF,MTAS,P-200:MTAS,SCSCF,P-200:SCSCF,MTAS,P-200:SCSCF,PCSCF,P-200:PCSCF,SCSCF,I-200:SCSCF,MTAS,I-200:MTAS,SCSCF,I-200:SCSCF,MTAS,I-200:SCSCF,PCSCF,I-200:PCSCF,SCSCF,A:MTAS,SCSCF,A:SCSCF,MTAS,A:MTAS,SCSCF,A:SCSCF,PCSCF,A:MTAS,SCSCF,U:SCSCF,PCSCF,U:MTAS,SCSCF,U:SCSCF,PCSCF,U:PCSCF,SCSCF,U-200:MTAS,SCSCF,U:SCSCF,MTAS,U-200:PCSCF,SCSCF,U-200:SCSCF,MTAS,U-200:PCSCF,SCSCF,B:SCSCF,MTAS,B:MTAS,SCSCF,B:SCSCF,PCSCF,B:PCSCF,SCSCF,B-200:SCSCF,MTAS,B-200:MTAS,SCSCF,B-200:SCSCF,PCSCF,B-200"
81,81,0,0,30,-0.7456824995935122,-0.74529464319892,113,0,"MTAS,SCSCF,I:SCSCF,MTAS,T:SCSCF,PCSCF,I:PCSCF,SCSCF,T:PCSCF,SCSCF,R:SCSCF,MTAS,R:MTAS,SCSCF,P:SCSCF,PCSCF,P:PCSCF,SCSCF,P-200:SCSCF,MTAS,P-200:PCSCF,SCSCF,I-200:SCSCF,MTAS,I-200:MTAS,SCSCF,A:SCSCF,PCSCF,A:MTAS,SCSCF,U:SCSCF,PCSCF,U:PCSCF,SCSCF,U-200:SCSCF,MTAS,U-200:PCSCF,SCSCF,B:SCSCF,MTAS,B:MTAS,SCSCF,B-200:SCSCF,PCSCF,B-200"
82,82,0,0,62,-0.7883039639472078,-0.774555962392629,113,0,"PCSCF,SCSCF,I:SCSCF,PCSCF,T:SCSCF,PCSCF,I-407:PCSCF,SCSCF,A:PCSCF,SCSCF,I:SCSCF,PCSCF,T:SCSCF,ASLI,I:ASLI,SCSCF,T:ASLI,SCSCF,I-500:SCSCF,ASLI,A:MTAS,SCSCF,I:SCSCF,MTAS,T:SCSCF,GTW,I:GTW,SCSCF,T:GTW,SCSCF,R:SCSCF,MTAS,R:SCSCF,PCSCF,R:PCSCF,SCSCF,P:SCSCF,MTAS,P:MTAS,SCSCF,P:SCSCF,GTW,P:GTW,SCSCF,P-200:SCSCF,MTAS,P-200:MTAS,SCSCF,P-200:SCSCF,PCSCF,P-200:GTW,SCSCF,I-200:SCSCF,MTAS,I-200:SCSCF,PCSCF,I-200:PCSCF,SCSCF,A:SCSCF,MTAS,A:MTAS,SCSCF,A:SCSCF,GTW,A:MTAS,SCSCF,U:SCSCF,GTW,U:GTW,SCSCF,U-200:SCSCF,MTAS,U-200:MTAS,SCSCF,U:SCSCF,PCSCF,U:PCSCF,SCSCF,U-200:SCSCF,MTAS,U-200:GTW,SCSCF,B:MTAS,SCSCF,B:SCSCF,PCSCF,B:PCSCF,SCSCF,B-200:SCSCF,MTAS,B-200:SCSCF,GTW,B-200"
83,83,0,0,33,-0.9020122668774159,-0.885935292962573,37,0,"PCSCF,SCSCF,I:SCSCF,ASLI,I:ASLI,SCSCF,T:SCSCF,PCSCF,T:ASLI,SCSCF,I-500:SCSCF,ASLI,A:MTAS,SCSCF,I:SCSCF,MTAS,T:SCSCF,GTW,I:GTW,SCSCF,T:GTW,SCSCF,I-200:SCSCF,MTAS,I-200:SCSCF,PCSCF,I-200:PCSCF,SCSCF,A:SCSCF,MTAS,A:MTAS,SCSCF,A:SCSCF,GTW,A:PCSCF,SCSCF,B:SCSCF,MTAS,B:MTAS,SCSCF,B:SCSCF,GTW,B:GTW,SCSCF,B-200:SCSCF,MTAS,B-200:MTAS,SCSCF,B-200:SCSCF,PCSCF,B-200"
84,84,0,0,78,-0.8390329775655354,-0.8367285007499919,59,0,"PCSCF,SCSCF,I:SCSCF,ASLI,I:SCSCF,PCSCF,T:ASLI,SCSCF,T:ASLI,SCSCF,I-500:SCSCF,ASLI,A:MTAS,SCSCF,I:SCSCF,MTAS,T:SCSCF,GTW,I:GTW,SCSCF,T:GTW,SCSCF,R:SCSCF,MTAS,R:SCSCF,PCSCF,R:PCSCF,SCSCF,P:MTAS,SCSCF,P:SCSCF,GTW,P:GTW,SCSCF,P-200:SCSCF,MTAS,P-200:SCSCF,PCSCF,P-200:GTW,SCSCF,I-200:SCSCF,MTAS,I-200:SCSCF,PCSCF,I-200:PCSCF,SCSCF,A:SCSCF,MTAS,A:MTAS,SCSCF,A:SCSCF,GTW,A:MTAS,SCSCF,U:SCSCF,GTW,U:GTW,SCSCF,U-200:SCSCF,MTAS,U-200:MTAS,SCSCF,U:SCSCF,PCSCF,U:PCSCF,SCSCF,U-200:SCSCF,MTAS,U-200:MTAS,SCSCF,U:SCSCF,GTW,U:GTW,SCSCF,U-200:SCSCF,MTAS,U-200:MTAS,SCSCF,U:SCSCF,PCSCF,U:PCSCF,SCSCF,U-200:SCSCF,MTAS,U-200:MTAS,SCSCF,U:SCSCF,GTW,U:GTW,SCSCF,U-200:SCSCF,MTAS,U-200:MTAS,SCSCF,U:SCSCF,PCSCF,U:PCSCF,SCSCF,U-200:SCSCF,MTAS,U-200:PCSCF,SCSCF,B:MTAS,SCSCF,B:SCSCF,GTW,B:GTW,SCSCF,B-200:SCSCF,MTAS,B-200:SCSCF,PCSCF,B-200"
85,85,0,0,53,-1.0829882336934702,-0.9971329234598117,28,0,"PCSCF,SCSCF,I:SCSCF,PCSCF,T:SCSCF,ASLI,I:ASLI,SCSCF,T:ASLI,SCSCF,I-500:SCSCF,ASLI,A:MTAS,SCSCF,I:SCSCF,MTAS,T:SCSCF,GTW,I:GTW,SCSCF,T:GTW,SCSCF,S:SCSCF,MTAS,S:SCSCF,PCSCF,S:PCSCF,SCSCF,P:MTAS,SCSCF,P:SCSCF,GTW,P:GTW,SCSCF,P-200:GTW,SCSCF,S:SCSCF,MTAS,P-200:SCSCF,MTAS,S:SCSCF,PCSCF,P-200:SCSCF,PCSCF,S:PCSCF,SCSCF,P:MTAS,SCSCF,P:SCSCF,GTW,P:GTW,SCSCF,P-200:SCSCF,MTAS,P-200:SCSCF,PCSCF,P-200:PCSCF,SCSCF,C:SCSCF,PCSCF,C-200:MTAS,SCSCF,C:SCSCF,MTAS,C-200:SCSCF,GTW,C:GTW,SCSCF,C-200:GTW,SCSCF,I-487:SCSCF,GTW,A:SCSCF,MTAS,I-487:MTAS,SCSCF,A:SCSCF,PCSCF,I-487:PCSCF,SCSCF,A"
86,86,0,0,27,-1.1054127153462712,-1.07282329218309,27,0,"GTW,ICSCF,I:ICSCF,GTW,T:SCSCF,ASLI,I:ASLI,SCSCF,T:ASLI,SCSCF,I-500:SCSCF,ASLI,A:SCSCF,MTAS,I:MTAS,SCSCF,T:MTAS,SCSCF,I:SCSCF,MTAS,T:MTAS,SCSCF,W:ICSCF,GTW,W:SCSCF,GTW,I:GTW,SCSCF,T:GTW,SCSCF,I-486:SCSCF,GTW,A:SCSCF,MTAS,I-486:MTAS,SCSCF,A:MTAS,SCSCF,I-486:SCSCF,MTAS,A:ICSCF,GTW,I-486:GTW,ICSCF,A"
87,87,0,0,37,-0.8536219090668855,-0.8503574851791128,52,0,"GTW,ICSCF,I:ICSCF,GTW,T:SCSCF,ASLI,I:ASLI,SCSCF,T:ASLI,SCSCF,I-500:SCSCF,MTAS,I:MTAS,SCSCF,T:MTAS,SCSCF,I:SCSCF,MTAS,T:SCSCF,PCSCF,I:SCSCF,ASLI,A:PCSCF,SCSCF,T:PCSCF,SCSCF,I-200:SCSCF,MTAS,I-200:MTAS,SCSCF,I-200:ICSCF,GTW,I-200:GTW,SCSCF,A:SCSCF,MTAS,A:MTAS,SCSCF,A:SCSCF,PCSCF,A:GTW,SCSCF,B:SCSCF,MTAS,B:MTAS,SCSCF,B:SCSCF,PCSCF,B:PCSCF,SCSCF,B-200:SCSCF,MTAS,B-200:MTAS,SCSCF,B-200:SCSCF,GTW,B-200"
88,88,0,0,59,-0.8452227996731311,-0.82748068874763,60,0,"PCSCF,SCSCF,I:SCSCF,ASLI,I:SCSCF,PCSCF,T:ASLI,SCSCF,T:ASLI,SCSCF,I-500:SCSCF,ASLI,A:MTAS,SCSCF,I:SCSCF,MTAS,T:SCSCF,GTW,I:GTW,SCSCF,T:GTW,SCSCF,S:SCSCF,MTAS,S:SCSCF,PCSCF,S:GTW,SCSCF,S:SCSCF,MTAS,S:SCSCF,PCSCF,S:PCSCF,SCSCF,P:MTAS,SCSCF,P:SCSCF,GTW,P:GTW,SCSCF,P-200:SCSCF,MTAS,P-200:SCSCF,PCSCF,P-200:GTW,SCSCF,R:SCSCF,MTAS,R:SCSCF,PCSCF,R:GTW,SCSCF,R:SCSCF,MTAS,R:PCSCF,SCSCF,P:MTAS,SCSCF,P:SCSCF,GTW,P:GTW,SCSCF,P-200:SCSCF,MTAS,P-200:SCSCF,PCSCF,P-200:GTW,SCSCF,I-200:SCSCF,MTAS,I-200:SCSCF,PCSCF,I-200:PCSCF,SCSCF,A:SCSCF,MTAS,A:MTAS,SCSCF,A:SCSCF,GTW,A:GTW,SCSCF,B:MTAS,SCSCF,B:SCSCF,PCSCF,B:PCSCF,SCSCF,B-200:SCSCF,MTAS,B-200:SCSCF,GTW,B-200"
89,89,0,0,53,-0.36705100684479475,-0.3669834238881995,5,0,"GTW,ICSCF,I:ICSCF,GTW,T:SCSCF,ASLI,I:ASLI,SCSCF,T:ASLI,SCSCF,I-500:SCSCF,ASLI,A:SCSCF,BCCAS,I:BCCAS,SCSCF,T:BCCAS,SCSCF,I:SCSCF,BCCAS,T:SCSCF,PCSCF,I:PCSCF,SCSCF,T:SCSCF,BCCAS,R:PCSCF,SCSCF,R:BCCAS,SCSCF,R:ICSCF,GTW,R:GTW,SCSCF,P:SCSCF,BCCAS,P:BCCAS,SCSCF,P:SCSCF,PCSCF,P:BCCAS,SCSCF,P-200:SCSCF,GTW,P-200:PCSCF,SCSCF,P-200:SCSCF,BCCAS,P-200:PCSCF,SCSCF,I-200:SCSCF,BCCAS,I-200:BCCAS,SCSCF,I-200:ICSCF,GTW,I-200:GTW,SCSCF,A:SCSCF,BCCAS,A:BCCAS,SCSCF,A:SCSCF,PCSCF,A:PCSCF,SCSCF,B:SCSCF,BCCAS,B:BCCAS,SCSCF,B:SCSCF,GTW,B:GTW,SCSCF,B-200:SCSCF,BCCAS,B-200:BCCAS,SCSCF,B-200:SCSCF,PCSCF,B-200"
90,90,0,0,53,-0.6709438273876098,-0.6502996428866452,76,0,"GTW,ICSCF,I:ICSCF,GTW,T:SCSCF,ASLI,I:ASLI,SCSCF,T:ASLI,SCSCF,I-500:SCSCF,ASLI,A:SCSCF,MTAS,I:MTAS,SCSCF,T:MTAS,SCSCF,I:SCSCF,MTAS,T:SCSCF,PCSCF,I:PCSCF,SCSCF,T:PCSCF,SCSCF,R:SCSCF,MTAS,R:MTAS,SCSCF,R:ICSCF,GTW,R:GTW,SCSCF,P:MTAS,SCSCF,P:SCSCF,MTAS,P:SCSCF,PCSCF,P:PCSCF,SCSCF,P-200:SCSCF,MTAS,P-200:MTAS,SCSCF,P-200:SCSCF,GTW,P-200:GTW,ICSCF,C:ICSCF,GTW,C-200:MTAS,SCSCF,C:SCSCF,MTAS,C:MTAS,SCSCF,C-200:SCSCF,MTAS,C-200:SCSCF,PCSCF,C:PCSCF,SCSCF,C-200:SCSCF,MTAS,I-487:MTAS,SCSCF,A:PCSCF,SCSCF,I-487:SCSCF,PCSCF,A:MTAS,SCSCF,I-487:SCSCF,MTAS,A:ICSCF,GTW,I-487:GTW,ICSCF,A"
91,91,0,0,53,-0.6802193684144725,-0.66341929558494,302,0,"GTW,ICSCF,I:ICSCF,GTW,T:SCSCF,ASLI,I:ASLI,SCSCF,T:ASLI,SCSCF,I-500:SCSCF,ASLI,A:SCSCF,MTAS,I:MTAS,SCSCF,I:SCSCF,MTAS,T:MTAS,SCSCF,T:SCSCF,PCSCF,I:PCSCF,SCSCF,T:PCSCF,SCSCF,R:SCSCF,MTAS,R:MTAS,SCSCF,R:ICSCF,GTW,R:GTW,SCSCF,P:SCSCF,MTAS,P:MTAS,SCSCF,P:SCSCF,PCSCF,P:PCSCF,SCSCF,P-200:SCSCF,MTAS,P-200:MTAS,SCSCF,P-200:SCSCF,GTW,P-200:PCSCF,SCSCF,I-200:SCSCF,MTAS,I-200:MTAS,SCSCF,I-200:ICSCF,GTW,I-200:GTW,SCSCF,A:SCSCF,MTAS,A:MTAS,SCSCF,A:SCSCF,PCSCF,A:PCSCF,SCSCF,B:SCSCF,MTAS,B:MTAS,SCSCF,B:SCSCF,GTW,B:GTW,SCSCF,B-200:SCSCF,MTAS,B-200:MTAS,SCSCF,B-200:SCSCF,PCSCF,B-200"
92,92,0,0,80,-0.6389157665750851,-0.6096139698838683,1,0,"PCSCF,SCSCF,I:SCSCF,PCSCF,T:SCSCF,ASLI,I:ASLI,SCSCF,T:ASLI,SCSCF,I-500:SCSCF,ASLI,A:MTAS,SCSCF,I:SCSCF,MTAS,T:SCSCF,ASLI,I:ASLI,SCSCF,T:ASLI,SCSCF,I-500:SCSCF,ASLI,A:SCSCF,MTAS,I:MTAS,SCSCF,T:MTAS,SCSCF,I:SCSCF,MTAS,T:SCSCF,PCSCF,I:PCSCF,SCSCF,T:PCSCF,SCSCF,R:SCSCF,MTAS,R:MTAS,SCSCF,R:SCSCF,MTAS,R:SCSCF,PCSCF,R:PCSCF,SCSCF,P:MTAS,SCSCF,P:SCSCF,MTAS,P:MTAS,SCSCF,P:SCSCF,PCSCF,P:PCSCF,SCSCF,P-200:SCSCF,MTAS,P-200:MTAS,SCSCF,P-200:SCSCF,MTAS,P-200:SCSCF,PCSCF,P-200:PCSCF,SCSCF,I-200:SCSCF,MTAS,I-200:MTAS,SCSCF,I-200:SCSCF,MTAS,I-200:SCSCF,PCSCF,I-200:PCSCF,SCSCF,A:MTAS,SCSCF,A:SCSCF,MTAS,A:MTAS,SCSCF,A:SCSCF,PCSCF,A:MTAS,SCSCF,U:SCSCF,PCSCF,U:PCSCF,SCSCF,U-200:MTAS,SCSCF,U:SCSCF,MTAS,U-200:SCSCF,PCSCF,U:PCSCF,SCSCF,U-200:MTAS,SCSCF,U:SCSCF,MTAS,U-200:PCSCF,SCSCF,B:SCSCF,MTAS,B:MTAS,SCSCF,B:SCSCF,PCSCF,B:PCSCF,SCSCF,B-200:SCSCF,MTAS,B-200:MTAS,SCSCF,B-200:SCSCF,PCSCF,B-200"
93,93,0,0,88,-0.6596258447957224,-0.6376356155669509,59,0,"GTW,ICSCF,I:ICSCF,GTW,T:SCSCF,ASLI,I:ASLI,SCSCF,T:ASLI,SCSCF,I-500:SCSCF,ASLI,A:SCSCF,MTAS,I:MTAS,SCSCF,T:MTAS,SCSCF,I:SCSCF,MTAS,T:SCSCF,PCSCF,I:PCSCF,SCSCF,T:PCSCF,SCSCF,R:SCSCF,MTAS,R:MTAS,SCSCF,R:ICSCF,GTW,R:GTW,SCSCF,P:SCSCF,MTAS,P:MTAS,SCSCF,P:SCSCF,PCSCF,P:PCSCF,SCSCF,P-200:SCSCF,MTAS,P-200:MTAS,SCSCF,P-200:SCSCF,GTW,P-200:PCSCF,SCSCF,I-200:SCSCF,MTAS,I-200:MTAS,SCSCF,I-200:ICSCF,GTW,I-200:GTW,SCSCF,A:SCSCF,MTAS,A:MTAS,SCSCF,A:SCSCF,PCSCF,A:MTAS,SCSCF,U:SCSCF,PCSCF,U:PCSCF,SCSCF,U-200:SCSCF,MTAS,U-200:MTAS,SCSCF,U:SCSCF,GTW,U:GTW,SCSCF,U-200:SCSCF,MTAS,U-200:MTAS,SCSCF,U:SCSCF,PCSCF,U:PCSCF,SCSCF,U-200:SCSCF,MTAS,U-200:MTAS,SCSCF,U:SCSCF,GTW,U:GTW,SCSCF,U-200:SCSCF,MTAS,U-200:MTAS,SCSCF,U:SCSCF,PCSCF,U:SCSCF,GTW,U:GTW,SCSCF,U-200:SCSCF,MTAS,U-200:PCSCF,SCSCF,U-200:SCSCF,MTAS,U-200:PCSCF,SCSCF,B:SCSCF,MTAS,B:MTAS,SCSCF,B:SCSCF,GTW,B:GTW,SCSCF,B-200:SCSCF,MTAS,B-200:MTAS,SCSCF,B-200:SCSCF,PCSCF,B-200"
94,94,0,0,25,-0.9194576667750692,-0.8964906367127008,27,0,"PCSCF,SCSCF,I:SCSCF,PCSCF,T:SCSCF,PCSCF,I-407:PCSCF,SCSCF,A:PCSCF,SCSCF,I:SCSCF,PCSCF,T:SCSCF,ASLI,I:ASLI,SCSCF,T:ASLI,SCSCF,I-500:SCSCF,ASLI,A:MTAS,SCSCF,I:SCSCF,MTAS,T:SCSCF,GTW,I:GTW,SCSCF,T:GTW,SCSCF,I-486:SCSCF,GTW,A:SCSCF,MTAS,I-486:MTAS,SCSCF,A:SCSCF,PCSCF,I-486:PCSCF,SCSCF,A"
95,95,0,0,78,-0.6301484700501959,-0.6291636815110498,113,0,"PCSCF,SCSCF,I:SCSCF,ASLI,I:SCSCF,PCSCF,T:ASLI,SCSCF,T:ASLI,SCSCF,I-500:SCSCF,ASLI,A:MTAS,SCSCF,I:SCSCF,MTAS,T:SCSCF,ASLI,I:ASLI,SCSCF,T:ASLI,SCSCF,I-500:SCSCF,ASLI,A:SCSCF,MTAS,I:MTAS,SCSCF,T:MTAS,SCSCF,I:SCSCF,MTAS,T:SCSCF,PCSCF,I:PCSCF,SCSCF,T:PCSCF,SCSCF,R:SCSCF,MTAS,R:MTAS,SCSCF,R:SCSCF,MTAS,R:SCSCF,PCSCF,R:PCSCF,SCSCF,P:MTAS,SCSCF,P:SCSCF,MTAS,P:MTAS,SCSCF,P:SCSCF,PCSCF,P:PCSCF,SCSCF,P-200:SCSCF,MTAS,P-200:MTAS,SCSCF,P-200:SCSCF,MTAS,P-200:SCSCF,PCSCF,P-200:PCSCF,SCSCF,I-200:SCSCF,MTAS,I-200:MTAS,SCSCF,I-200:SCSCF,MTAS,I-200:SCSCF,PCSCF,I-200:PCSCF,SCSCF,A:MTAS,SCSCF,A:SCSCF,MTAS,A:MTAS,SCSCF,A:SCSCF,PCSCF,A:MTAS,SCSCF,U:SCSCF,PCSCF,U:SCSCF,MTAS,U-200:PCSCF,SCSCF,U-200:SCSCF,MTAS,U-200:PCSCF,SCSCF,B:SCSCF,MTAS,B:MTAS,SCSCF,B:PCSCF,SCSCF,B:SCSCF,PCSCF,B:SCSCF,PCSCF,B-200:PCSCF,SCSCF,B-200:SCSCF,MTAS,B-200:MTAS,SCSCF,B-200:SCSCF,PCSCF,B-200"
96,96,0,0,59,-0.6432461166863797,-0.6411419830135375,113,0,"PCSCF,SCSCF,I:SCSCF,PCSCF,T:SCSCF,ASLI,I:ASLI,SCSCF,T:ASLI,SCSCF,I-500:SCSCF,ASLI,A:MTAS,SCSCF,I:SCSCF,MTAS,T:SCSCF,GTW,I:GTW,SCSCF,T:GTW,SCSCF,R:SCSCF,MTAS,R:SCSCF,PCSCF,R:PCSCF,SCSCF,P:SCSCF,MTAS,P:MTAS,SCSCF,P:SCSCF,GTW,P:GTW,SCSCF,P-200:SCSCF,MTAS,P-200:MTAS,SCSCF,P-200:SCSCF,PCSCF,P-200:GTW,SCSCF,I-200:SCSCF,MTAS,I-200:SCSCF,PCSCF,I-200:PCSCF,SCSCF,A:SCSCF,MTAS,A:MTAS,SCSCF,A:SCSCF,GTW,A:MTAS,SCSCF,U:SCSCF,GTW,U:GTW,SCSCF,U-200:SCSCF,MTAS,U-200:SCSCF,PCSCF,U:PCSCF,SCSCF,U-200:SCSCF,MTAS,U-200:PCSCF,SCSCF,B:SCSCF,MTAS,B:MTAS,SCSCF,B:SCSCF,GTW,B:GTW,SCSCF,B-200:SCSCF,MTAS,B-200:MTAS,SCSCF,B-200:SCSCF,PCSCF,B-200"
97,97,0,0,50,-1.0806484783616492,-1.0227685471598889,190,0,"PCSCF,SCSCF,I:SCSCF,ASLI,I:ASLI,SCSCF,T:ASLI,SCSCF,I-500:SCSCF,ASLI,A:MTAS,SCSCF,I:SCSCF,MTAS,T:SCSCF,GTW,I:GTW,SCSCF,T:SCSCF,PCSCF,T:GTW,SCSCF,S:SCSCF,MTAS,S:SCSCF,PCSCF,S:PCSCF,SCSCF,P:SCSCF,MTAS,P:MTAS,SCSCF,P:SCSCF,GTW,P:GTW,SCSCF,P-200:SCSCF,MTAS,P-200:MTAS,SCSCF,P-200:SCSCF,PCSCF,P-200:GTW,SCSCF,R:SCSCF,MTAS,R:SCSCF,PCSCF,R:PCSCF,SCSCF,P:SCSCF,MTAS,P:MTAS,SCSCF,P:SCSCF,GTW,P:GTW,SCSCF,P-200:SCSCF,MTAS,P-200:MTAS,SCSCF,P-200:SCSCF,PCSCF,P-200:GTW,SCSCF,I-480:SCSCF,GTW,A:SCSCF,MTAS,I-480:MTAS,SCSCF,A:SCSCF,PCSCF,I-480:PCSCF,SCSCF,A"
98,98,0,1,25,-1.5328501026180832,-1.5293537195634814,213,0,"GTW,ICSCF,I:ICSCF,GTW,T:SCSCF,ASLI,I:ASLI,SCSCF,T:ASLI,SCSCF,I-500:SCSCF,MTAS,I:MTAS,SCSCF,I:SCSCF,MTAS,T:SCSCF,PCSCF,I:MTAS,SCSCF,T:SCSCF,ASLI,A:PCSCF,SCSCF,T:PCSCF,SCSCF,I-486:SCSCF,PCSCF,A:SCSCF,MTAS,I-486:MTAS,SCSCF,A:MTAS,SCSCF,I-486:ICSCF,GTW,I-486:SCSCF,MTAS,A:GTW,ICSCF,A"
99,99,0,0,53,-0.5901542590727639,-0.5329220722426397,28,0,"GTW,ICSCF,I:ICSCF,GTW,T:SCSCF,ASLI,I:ASLI,SCSCF,T:ASLI,SCSCF,I-500:SCSCF,ASLI,A:SCSCF,MTAS,I:MTAS,SCSCF,T:MTAS,SCSCF,I:SCSCF,MTAS,T:SCSCF,PCSCF,I:PCSCF,SCSCF,T:PCSCF,SCSCF,R:SCSCF,MTAS,R:MTAS,SCSCF,R:ICSCF,GTW,R:GTW,SCSCF,P:SCSCF,MTAS,P:MTAS,SCSCF,P:SCSCF,PCSCF,P:PCSCF,SCSCF,P-200:SCSCF,MTAS,P-200:MTAS,SCSCF,P-200:SCSCF,GTW,P-200:GTW,ICSCF,C:ICSCF,GTW,C-200:SCSCF,MTAS,C:MTAS,SCSCF,C-200:MTAS,SCSCF,C:SCSCF,MTAS,C-200:SCSCF,PCSCF,C:PCSCF,SCSCF,C-200:PCSCF,SCSCF,I-487:SCSCF,PCSCF,A:SCSCF,MTAS,I-487:MTAS,SCSCF,A:MTAS,SCSCF,I-487:SCSCF,MTAS,A:ICSCF,GTW,I-487:GTW,ICSCF,A"
100,100,0,0,71,-1.0551931388153941,-1.030446744065674,357,0,"GTW,ICSCF,I:ICSCF,GTW,T:SCSCF,ASLI,I:ASLI,SCSCF,T:ASLI,SCSCF,I-500:SCSCF,ASLI,A:SCSCF,MTAS,I:MTAS,SCSCF,T:MTAS,SCSCF,I:SCSCF,MTAS,T:SCSCF,GTW,I:GTW,SCSCF,T:MTAS,SCSCF,W:ICSCF,GTW,W:GTW,SCSCF,S:SCSCF,MTAS,S:MTAS,SCSCF,S:ICSCF,GTW,S:GTW,SCSCF,P:SCSCF,MTAS,P:MTAS,SCSCF,P:SCSCF,GTW,P:GTW,SCSCF,P-200:SCSCF,MTAS,P-200:MTAS,SCSCF,P-200:SCSCF,GTW,P-200:GTW,SCSCF,R:SCSCF,MTAS,R:MTAS,SCSCF,R:ICSCF,GTW,R:GTW,SCSCF,P:SCSCF,MTAS,P:MTAS,SCSCF,P:SCSCF,GTW,P:GTW,SCSCF,P-200:SCSCF,MTAS,P-200:MTAS,SCSCF,P-200:SCSCF,GTW,P-200:GTW,ICSCF,C:ICSCF,GTW,C-200:SCSCF,MTAS,C:MTAS,SCSCF,C-200:MTAS,SCSCF,I-487:MTAS,SCSCF,C:SCSCF,MTAS,A:ICSCF,GTW,I-487:SCSCF,MTAS,C-200:SCSCF,GTW,C:GTW,SCSCF,C-200:GTW,ICSCF,A:GTW,SCSCF,I-487:SCSCF,GTW,A:SCSCF,MTAS,I-487:MTAS,SCSCF,A"
101,101,0,0,64,-0.7853466497856064,-0.7227404433008349,28,0,"PCSCF,SCSCF,I:SCSCF,PCSCF,T:SCSCF,PCSCF,I-407:PCSCF,SCSCF,A:PCSCF,SCSCF,I:SCSCF,PCSCF,T:SCSCF,ASLI,I:ASLI,SCSCF,T:ASLI,SCSCF,I-500:SCSCF,ASLI,A:MTAS,SCSCF,I:SCSCF,MTAS,T:SCSCF,GTW,I:GTW,SCSCF,T:GTW,SCSCF,R:SCSCF,MTAS,R:SCSCF,PCSCF,R:PCSCF,SCSCF,P:SCSCF,MTAS,P:MTAS,SCSCF,P:SCSCF,GTW,P:GTW,SCSCF,P-200:SCSCF,MTAS,P-200:MTAS,SCSCF,P-200:SCSCF,PCSCF,P-200:GTW,SCSCF,R:SCSCF,MTAS,R:SCSCF,PCSCF,R:PCSCF,SCSCF,P:SCSCF,MTAS,P:MTAS,SCSCF,P:SCSCF,GTW,P:GTW,SCSCF,P-200:SCSCF,MTAS,P-200:MTAS,SCSCF,P-200:SCSCF,PCSCF,P-200:PCSCF,SCSCF,C:SCSCF,PCSCF,C-200:MTAS,SCSCF,C:SCSCF,MTAS,C-200:SCSCF,GTW,C:GTW,SCSCF,C-200:GTW,SCSCF,I-487:SCSCF,GTW,A:SCSCF,MTAS,I-487:MTAS,SCSCF,A:SCSCF,PCSCF,I-487:PCSCF,SCSCF,A"
102,102,0,0,60,-0.9008527125878786,-0.8838274912507955,53,0,"PCSCF,SCSCF,I:SCSCF,ASLI,I:ASLI,SCSCF,T:ASLI,SCSCF,I-500:SCSCF,ASLI,A:MTAS,SCSCF,I:SCSCF,MTAS,T:SCSCF,GTW,I:SCSCF,PCSCF,T:GTW,SCSCF,T:GTW,SCSCF,S:SCSCF,MTAS,S:SCSCF,PCSCF,S:PCSCF,SCSCF,P:SCSCF,MTAS,P:MTAS,SCSCF,P:SCSCF,MTAS,P-200:SCSCF,GTW,P:GTW,SCSCF,P-200:MTAS,SCSCF,P-200:SCSCF,PCSCF,P-200:GTW,SCSCF,R:SCSCF,MTAS,R:SCSCF,PCSCF,R:PCSCF,SCSCF,P:SCSCF,MTAS,P:MTAS,SCSCF,P:SCSCF,GTW,P:GTW,SCSCF,P-200:SCSCF,MTAS,P-200:MTAS,SCSCF,P-200:SCSCF,PCSCF,P-200:GTW,SCSCF,I-200:SCSCF,MTAS,I-200:SCSCF,PCSCF,I-200:PCSCF,SCSCF,A:SCSCF,MTAS,A:MTAS,SCSCF,A:SCSCF,GTW,A:GTW,SCSCF,B:MTAS,SCSCF,B:SCSCF,PCSCF,B:PCSCF,SCSCF,B-200:SCSCF,MTAS,B-200:SCSCF,GTW,B-200"
103,103,0,0,84,-0.927788611523191,-0.8973984906488529,104,0,"PCSCF,SCSCF,I:SCSCF,PCSCF,T:SCSCF,PCSCF,I-407:PCSCF,SCSCF,A:PCSCF,SCSCF,I:SCSCF,PCSCF,T:SCSCF,ASLI,I:ASLI,SCSCF,T:ASLI,SCSCF,I-500:SCSCF,ASLI,A:MTAS,SCSCF,I:SCSCF,MTAS,T:SCSCF,GTW,I:GTW,SCSCF,T:GTW,SCSCF,S:SCSCF,MTAS,S:SCSCF,PCSCF,S:PCSCF,SCSCF,P:SCSCF,MTAS,P:MTAS,SCSCF,P:SCSCF,GTW,P:GTW,SCSCF,P-200:GTW,SCSCF,R:SCSCF,MTAS,P-200:SCSCF,MTAS,R:MTAS,SCSCF,P-200:SCSCF,PCSCF,P-200:SCSCF,PCSCF,R:PCSCF,SCSCF,P:SCSCF,MTAS,P:MTAS,SCSCF,P:SCSCF,GTW,P:GTW,SCSCF,P-200:SCSCF,MTAS,P-200:MTAS,SCSCF,P-200:SCSCF,PCSCF,P-200:GTW,SCSCF,I-200:SCSCF,MTAS,I-200:SCSCF,PCSCF,I-200:PCSCF,SCSCF,A:SCSCF,MTAS,A:MTAS,SCSCF,A:SCSCF,GTW,A:PCSCF,SCSCF,I:SCSCF,PCSCF,T:MTAS,SCSCF,I:SCSCF,MTAS,T:SCSCF,GTW,I:GTW,SCSCF,T:GTW,SCSCF,I-200:SCSCF,MTAS,I-200:SCSCF,PCSCF,I-200:PCSCF,SCSCF,A:SCSCF,MTAS,A:MTAS,SCSCF,A:SCSCF,GTW,A:PCSCF,SCSCF,B:SCSCF,MTAS,B:MTAS,SCSCF,B:SCSCF,GTW,B:GTW,SCSCF,B-200:SCSCF,MTAS,B-200:MTAS,SCSCF,B-200:SCSCF,PCSCF,B-200"
104,104,0,0,75,-0.6568461038915946,-0.6337336599299479,113,0,"GTW,ICSCF,I:ICSCF,GTW,T:SCSCF,ASLI,I:ASLI,SCSCF,T:ASLI,SCSCF,I-500:SCSCF,ASLI,A:SCSCF,MTAS,I:MTAS,SCSCF,T:MTAS,SCSCF,I:SCSCF,MTAS,T:SCSCF,PCSCF,I:PCSCF,SCSCF,T:PCSCF,SCSCF,R:SCSCF,MTAS,R:MTAS,SCSCF,R:ICSCF,GTW,R:GTW,SCSCF,P:SCSCF,MTAS,P:MTAS,SCSCF,P:SCSCF,PCSCF,P:PCSCF,SCSCF,P-200:SCSCF,MTAS,P-200:MTAS,SCSCF,P-200:SCSCF,GTW,P-200:PCSCF,SCSCF,I-200:SCSCF,MTAS,I-200:MTAS,SCSCF,I-200:ICSCF,GTW,I-200:GTW,SCSCF,A:SCSCF,MTAS,A:MTAS,SCSCF,A:SCSCF,PCSCF,A:MTAS,SCSCF,U:SCSCF,PCSCF,U:SCSCF,GTW,U:GTW,SCSCF,U-200:SCSCF,MTAS,U-200:PCSCF,SCSCF,U-200:SCSCF,MTAS,U-200:MTAS,SCSCF,U:SCSCF,GTW,U:GTW,SCSCF,U-200:SCSCF,MTAS,U-200:SCSCF,PCSCF,U:PCSCF,SCSCF,U-200:SCSCF,MTAS,U-200:PCSCF,SCSCF,B:SCSCF,MTAS,B:MTAS,SCSCF,B:SCSCF,GTW,B:GTW,SCSCF,B-200:SCSCF,MTAS,B-200:MTAS,SCSCF,B-200:SCSCF,PCSCF,B-200"
105,105,0,0,53,-0.987308842023968,-0.97289222963161,323,0,"GTW,ICSCF,I:ICSCF,GTW,T:SCSCF,ASLI,I:ASLI,SCSCF,T:ASLI,SCSCF,I-500:SCSCF,MTAS,I:SCSCF,ASLI,A:MTAS,SCSCF,I:SCSCF,MTAS,T:SCSCF,PCSCF,I:PCSCF,SCSCF,T:MTAS,SCSCF,T:PCSCF,SCSCF,R:SCSCF,MTAS,R:MTAS,SCSCF,R:ICSCF,GTW,R:GTW,SCSCF,P:SCSCF,MTAS,P:MTAS,SCSCF,P:SCSCF,PCSCF,P:PCSCF,SCSCF,P-200:SCSCF,MTAS,P-200:MTAS,SCSCF,P-200:SCSCF,GTW,P-200:GTW,ICSCF,C:ICSCF,GTW,C-200:SCSCF,MTAS,C:MTAS,SCSCF,C-200:MTAS,SCSCF,C:SCSCF,MTAS,C-200:SCSCF,PCSCF,C:PCSCF,SCSCF,C-200:PCSCF,SCSCF,I-487:SCSCF,MTAS,I-487:MTAS,SCSCF,I-487:MTAS,SCSCF,A:SCSCF,MTAS,A:ICSCF,GTW,I-487:GTW,ICSCF,A:SCSCF,PCSCF,A"
106,106,0,0,59,-0.515516882697385,-0.5142908257510561,5,0,"GTW,ICSCF,I:ICSCF,GTW,T:SCSCF,ASLI,I:ASLI,SCSCF,T:ASLI,SCSCF,I-500:SCSCF,ASLI,A:SCSCF,MTAS,I:MTAS,SCSCF,T:MTAS,SCSCF,I:SCSCF,MTAS,T:SCSCF,PCSCF,I:PCSCF,SCSCF,T:PCSCF,SCSCF,R:SCSCF,MTAS,R:MTAS,SCSCF,R:ICSCF,GTW,R:GTW,SCSCF,P:SCSCF,MTAS,P:MTAS,SCSCF,P:SCSCF,PCSCF,P:PCSCF,SCSCF,P-200:SCSCF,MTAS,P-200:MTAS,SCSCF,P-200:SCSCF,GTW,P-200:PCSCF,SCSCF,I-200:SCSCF,MTAS,I-200:MTAS,SCSCF,I-200:ICSCF,GTW,I-200:GTW,SCSCF,A:SCSCF,MTAS,A:MTAS,SCSCF,A:SCSCF,PCSCF,A:GTW,SCSCF,B:SCSCF,MTAS,B:PCSCF,SCSCF,B:SCSCF,MTAS,B:MTAS,SCSCF,B:MTAS,SCSCF,B-200:SCSCF,PCSCF,B:SCSCF,PCSCF,B-200:PCSCF,SCSCF,B-200:SCSCF,MTAS,B-200:MTAS,SCSCF,B-200:SCSCF,GTW,B-200"
107,107,0,0,54,-1.1057915207430478,-1.0719361339131634,170,0,"PCSCF,SCSCF,I:SCSCF,ASLI,I:ASLI,SCSCF,T:ASLI,SCSCF,I-500:SCSCF,ASLI,A:SCSCF,PCSCF,T:MTAS,SCSCF,I:SCSCF,MTAS,T:SCSCF,GTW,I:GTW,SCSCF,T:GTW,SCSCF,S:SCSCF,MTAS,S:SCSCF,PCSCF,S:PCSCF,SCSCF,P:MTAS,SCSCF,P:SCSCF,GTW,P:GTW,SCSCF,P-200:GTW,SCSCF,S:SCSCF,MTAS,S:SCSCF,MTAS,P-200:SCSCF,PCSCF,P-200:SCSCF,PCSCF,S:PCSCF,SCSCF,P:MTAS,SCSCF,P:SCSCF,GTW,P:GTW,SCSCF,P-200:SCSCF,MTAS,P-200:SCSCF,PCSCF,P-200:GTW,SCSCF,I-200:SCSCF,MTAS,I-200:SCSCF,PCSCF,I-200:PCSCF,SCSCF,A:SCSCF,MTAS,A:MTAS,SCSCF,A:SCSCF,GTW,A:PCSCF,SCSCF,B:MTAS,SCSCF,B:SCSCF,GTW,B:GTW,SCSCF,B-200:SCSCF,MTAS,B-200:SCSCF,PCSCF,B-200"
108,108,0,0,53,-1.0054819974267464,-0.9998333554688915,248,0,"PCSCF,SCSCF,I:SCSCF,ASLI,I:ASLI,SCSCF,T:ASLI,SCSCF,I-500:SCSCF,PCSCF,T:MTAS,SCSCF,I:SCSCF,MTAS,T:SCSCF,ASLI,A:SCSCF,GTW,I:GTW,SCSCF,T:GTW,SCSCF,S:SCSCF,MTAS,S:SCSCF,PCSCF,S:PCSCF,SCSCF,P:MTAS,SCSCF,P:SCSCF,GTW,P:GTW,SCSCF,P-200:SCSCF,MTAS,P-200:SCSCF,PCSCF,P-200:GTW,SCSCF,R:SCSCF,MTAS,R:SCSCF,PCSCF,R:PCSCF,SCSCF,P:MTAS,SCSCF,P:SCSCF,GTW,P:GTW,SCSCF,P-200:SCSCF,MTAS,P-200:SCSCF,PCSCF,P-200:PCSCF,SCSCF,C:SCSCF,PCSCF,C-200:MTAS,SCSCF,C:SCSCF,MTAS,C-200:SCSCF,GTW,C:GTW,SCSCF,C-200:GTW,SCSCF,I-487:SCSCF,GTW,A:SCSCF,MTAS,I-487:MTAS,SCSCF,A:SCSCF,PCSCF,I-487:PCSCF,SCSCF,A"
109,109,0,0,53,-0.36705100684479475,-0.3669834238881995,5,0,"GTW,ICSCF,I:ICSCF,GTW,T:SCSCF,ASLI,I:ASLI,SCSCF,T:ASLI,SCSCF,I-500:SCSCF,ASLI,A:SCSCF,MTAS,I:MTAS,SCSCF,T:MTAS,SCSCF,I:SCSCF,MTAS,T:SCSCF,PCSCF,I:PCSCF,SCSCF,T:PCSCF,SCSCF,R:SCSCF,MTAS,R:MTAS,SCSCF,R:ICSCF,GTW,R:GTW,SCSCF,P:SCSCF,MTAS,P:MTAS,SCSCF,P:SCSCF,PCSCF,P:SCSCF,MTAS,P-200:MTAS,SCSCF,P-200:SCSCF,GTW,P-200:PCSCF,SCSCF,P-200:SCSCF,MTAS,I-200:MTAS,SCSCF,I-200:PCSCF,SCSCF,I-200:ICSCF,GTW,I-200:GTW,SCSCF,A:SCSCF,MTAS,A:MTAS,SCSCF,A:SCSCF,PCSCF,A:GTW,SCSCF,B:SCSCF,MTAS,B:MTAS,SCSCF,B:SCSCF,PCSCF,B:PCSCF,SCSCF,B-200:SCSCF,MTAS,B-200:MTAS,SCSCF,B-200:SCSCF,GTW,B-200"
110,110,0,0,88,-0.6596258447957225,-0.6374930750462829,59,0,"GTW,ICSCF,I:ICSCF,GTW,T:SCSCF,ASLI,I:ASLI,SCSCF,T:ASLI,SCSCF,I-500:SCSCF,ASLI,A:SCSCF,MTAS,I:MTAS,SCSCF,T:MTAS,SCSCF,I:SCSCF,MTAS,T:SCSCF,PCSCF,I:PCSCF,SCSCF,T:PCSCF,SCSCF,R:SCSCF,MTAS,R:MTAS,SCSCF,R:ICSCF,GTW,R:GTW,SCSCF,P:SCSCF,MTAS,P:MTAS,SCSCF,P:SCSCF,PCSCF,P:PCSCF,SCSCF,P-200:SCSCF,MTAS,P-200:MTAS,SCSCF,P-200:SCSCF,GTW,P-200:PCSCF,SCSCF,I-200:SCSCF,MTAS,I-200:MTAS,SCSCF,I-200:ICSCF,GTW,I-200:GTW,SCSCF,A:SCSCF,MTAS,A:MTAS,SCSCF,A:SCSCF,PCSCF,A:MTAS,SCSCF,U:SCSCF,PCSCF,U:SCSCF,GTW,U:GTW,SCSCF,U-200:SCSCF,MTAS,U-200:PCSCF,SCSCF,U-200:SCSCF,MTAS,U-200:MTAS,SCSCF,U:SCSCF,GTW,U:GTW,SCSCF,U-200:SCSCF,MTAS,U-200:MTAS,SCSCF,U:SCSCF,PCSCF,U:PCSCF,SCSCF,U-200:SCSCF,MTAS,U-200:MTAS,SCSCF,U:SCSCF,GTW,U:GTW,SCSCF,U-200:SCSCF,MTAS,U-200:MTAS,SCSCF,U:SCSCF,PCSCF,U:PCSCF,SCSCF,U-200:SCSCF,MTAS,U-200:GTW,SCSCF,B:SCSCF,MTAS,B:MTAS,SCSCF,B:SCSCF,PCSCF,B:PCSCF,SCSCF,B-200:SCSCF,MTAS,B-200:MTAS,SCSCF,B-200:SCSCF,GTW,B-200"
111,111,0,0,112,-0.6638080555822666,-0.6470340457941959,59,0,"GTW,ICSCF,I:ICSCF,GTW,T:SCSCF,ASLI,I:ASLI,SCSCF,T:ASLI,SCSCF,I-500:SCSCF,ASLI,A:SCSCF,MTAS,I:MTAS,SCSCF,T:MTAS,SCSCF,I:SCSCF,MTAS,T:SCSCF,PCSCF,I:PCSCF,SCSCF,T:PCSCF,SCSCF,R:SCSCF,MTAS,R:MTAS,SCSCF,R:ICSCF,GTW,R:GTW,SCSCF,P:SCSCF,MTAS,P:MTAS,SCSCF,P:SCSCF,PCSCF,P:PCSCF,SCSCF,P-200:SCSCF,MTAS,P-200:MTAS,SCSCF,P-200:SCSCF,GTW,P-200:PCSCF,SCSCF,I-200:SCSCF,MTAS,I-200:MTAS,SCSCF,I-200:ICSCF,GTW,I-200:GTW,SCSCF,A:SCSCF,MTAS,A:MTAS,SCSCF,A:SCSCF,PCSCF,A:MTAS,SCSCF,U:SCSCF,PCSCF,U:PCSCF,SCSCF,U-200:MTAS,SCSCF,U:SCSCF,MTAS,U-200:SCSCF,GTW,U:GTW,SCSCF,U-200:SCSCF,MTAS,U-200:MTAS,SCSCF,U:SCSCF,PCSCF,U:SCSCF,GTW,U:GTW,SCSCF,U-200:SCSCF,MTAS,U-200:PCSCF,SCSCF,U-200:SCSCF,MTAS,U-200:MTAS,SCSCF,U:SCSCF,GTW,U:GTW,SCSCF,U-200:SCSCF,MTAS,U-200:MTAS,SCSCF,U:SCSCF,PCSCF,U:PCSCF,SCSCF,U-200:SCSCF,MTAS,U-200:MTAS,SCSCF,U:SCSCF,GTW,U:GTW,SCSCF,U-200:SCSCF,MTAS,U-200:MTAS,SCSCF,U:SCSCF,PCSCF,U:PCSCF,SCSCF,U-200:SCSCF,MTAS,U-200:MTAS,SCSCF,U:SCSCF,GTW,U:GTW,SCSCF,U-200:SCSCF,MTAS,U-200:MTAS,SCSCF,U:SCSCF,PCSCF,U:PCSCF,SCSCF,U-200:SCSCF,MTAS,U-200:PCSCF,SCSCF,B:SCSCF,MTAS,B:MTAS,SCSCF,B:SCSCF,GTW,B:GTW,SCSCF,B-200:SCSCF,MTAS,B-200:MTAS,SCSCF,B-200:SCSCF,PCSCF,B-200"
112,112,0,0,103,-1.2365169344672833,-1.1889932480820207,158,0,"GTW,ICSCF,I:ICSCF,GTW,T:SCSCF,ASLI,I:ASLI,SCSCF,T:ASLI,SCSCF,I-500:SCSCF,MTAS,I:SCSCF,ASLI,A:MTAS,SCSCF,T:MTAS,SCSCF,W:ICSCF,GTW,W:MTAS,SCSCF,I:SCSCF,MTAS,T:SCSCF,GTW,I:GTW,SCSCF,T:GTW,SCSCF,S:SCSCF,MTAS,S:MTAS,SCSCF,S:ICSCF,GTW,S:GTW,SCSCF,P:SCSCF,MTAS,P:MTAS,SCSCF,P:SCSCF,GTW,P:GTW,SCSCF,P-200:SCSCF,MTAS,P-200:GTW,SCSCF,S:MTAS,SCSCF,P-200:SCSCF,MTAS,S:MTAS,SCSCF,S:SCSCF,GTW,P-200:ICSCF,GTW,S:GTW,SCSCF,P:SCSCF,MTAS,P:MTAS,SCSCF,P:SCSCF,GTW,P:GTW,SCSCF,P-200:GTW,SCSCF,S:SCSCF,MTAS,P-200:SCSCF,MTAS,S:MTAS,SCSCF,P-200:SCSCF,GTW,P-200:MTAS,SCSCF,S:ICSCF,GTW,S:GTW,SCSCF,P:SCSCF,MTAS,P:MTAS,SCSCF,P:SCSCF,GTW,P:GTW,SCSCF,P-200:SCSCF,MTAS,P-200:MTAS,SCSCF,P-200:SCSCF,GTW,P-200:GTW,SCSCF,R:SCSCF,MTAS,R:MTAS,SCSCF,R:ICSCF,GTW,R:GTW,SCSCF,P:SCSCF,MTAS,P:MTAS,SCSCF,P:SCSCF,GTW,P:GTW,SCSCF,P-200:SCSCF,MTAS,P-200:MTAS,SCSCF,P-200:SCSCF,GTW,P-200:GTW,ICSCF,C:ICSCF,GTW,C-200:SCSCF,MTAS,C:MTAS,SCSCF,C-200:MTAS,SCSCF,C:SCSCF,MTAS,C-200:SCSCF,GTW,C:MTAS,SCSCF,I-487:SCSCF,MTAS,A:ICSCF,GTW,I-487:GTW,SCSCF,C-200:GTW,ICSCF,A:GTW,SCSCF,I-487:SCSCF,GTW,A:SCSCF,MTAS,I-487:MTAS,SCSCF,A"
113,113,0,0,64,-0.8207541463612458,-0.767867036851168,59,0,"GTW,ICSCF,I:ICSCF,GTW,T:SCSCF,ASLI,I:ASLI,SCSCF,T:ASLI,SCSCF,I-500:SCSCF,MTAS,I:MTAS,SCSCF,T:MTAS,SCSCF,I:SCSCF,MTAS,T:SCSCF,PCSCF,I:PCSCF,SCSCF,T:SCSCF,ASLI,A:PCSCF,SCSCF,R:SCSCF,MTAS,R:MTAS,SCSCF,R:ICSCF,GTW,R:GTW,SCSCF,P:SCSCF,MTAS,P:MTAS,SCSCF,P:SCSCF,PCSCF,P:PCSCF,SCSCF,P-200:SCSCF,MTAS,P-200:MTAS,SCSCF,P-200:SCSCF,GTW,P-200:PCSCF,SCSCF,I-200:SCSCF,MTAS,I-200:MTAS,SCSCF,I-200:ICSCF,GTW,I-200:GTW,SCSCF,A:SCSCF,MTAS,A:MTAS,SCSCF,A:SCSCF,PCSCF,A:MTAS,SCSCF,U:SCSCF,GTW,U:GTW,SCSCF,U-200:SCSCF,MTAS,U-200:SCSCF,PCSCF,U:PCSCF,SCSCF,U-200:SCSCF,MTAS,U-200:PCSCF,SCSCF,B:SCSCF,MTAS,B:MTAS,SCSCF,B:SCSCF,GTW,B:GTW,SCSCF,B-200:SCSCF,MTAS,B-200:MTAS,SCSCF,B-200:SCSCF,PCSCF,B-200"
114,114,0,0,59,-1.0203070604970823,-0.9897571624339098,113,0,"PCSCF,SCSCF,I:SCSCF,PCSCF,T:SCSCF,PCSCF,I-407:PCSCF,SCSCF,A:PCSCF,SCSCF,I:SCSCF,ASLI,I:ASLI,SCSCF,T:ASLI,SCSCF,I-500:SCSCF,ASLI,A:MTAS,SCSCF,I:SCSCF,MTAS,T:SCSCF,GTW,I:GTW,SCSCF,T:SCSCF,PCSCF,T:GTW,SCSCF,R:SCSCF,MTAS,R:SCSCF,PCSCF,R:PCSCF,SCSCF,P:MTAS,SCSCF,P:SCSCF,GTW,P:GTW,SCSCF,P-200:SCSCF,MTAS,P-200:SCSCF,PCSCF,P-200:GTW,SCSCF,I-200:SCSCF,MTAS,I-200:SCSCF,PCSCF,I-200:PCSCF,SCSCF,A:SCSCF,MTAS,A:MTAS,SCSCF,A:SCSCF,GTW,A:MTAS,SCSCF,U:SCSCF,GTW,U:GTW,SCSCF,U-200:SCSCF,MTAS,U-200:MTAS,SCSCF,U:SCSCF,PCSCF,U:PCSCF,SCSCF,U-200:SCSCF,MTAS,U-200:PCSCF,SCSCF,B:MTAS,SCSCF,B:SCSCF,GTW,B:GTW,SCSCF,B-200:SCSCF,MTAS,B-200:SCSCF,PCSCF,B-200"
115,115,0,0,66,-1.0388084284412462,-0.9714701272451444,59,0,"PCSCF,SCSCF,I:SCSCF,ASLI,I:ASLI,SCSCF,T:ASLI,SCSCF,I-500:SCSCF,ASLI,A:MTAS,SCSCF,I:SCSCF,MTAS,T:SCSCF,GTW,I:GTW,SCSCF,T:SCSCF,PCSCF,T:GTW,SCSCF,S:SCSCF,MTAS,S:SCSCF,PCSCF,S:PCSCF,SCSCF,P:MTAS,SCSCF,P:SCSCF,GTW,P:GTW,SCSCF,P-200:SCSCF,MTAS,P-200:SCSCF,PCSCF,P-200:GTW,SCSCF,R:SCSCF,MTAS,R:SCSCF,PCSCF,R:PCSCF,SCSCF,P:MTAS,SCSCF,P:SCSCF,GTW,P:GTW,SCSCF,P-200:SCSCF,MTAS,P-200:SCSCF,PCSCF,P-200:GTW,SCSCF,I-200:SCSCF,MTAS,I-200:SCSCF,PCSCF,I-200:PCSCF,SCSCF,A:SCSCF,MTAS,A:MTAS,SCSCF,A:SCSCF,GTW,A:MTAS,SCSCF,U:SCSCF,GTW,U:GTW,SCSCF,U-200:SCSCF,MTAS,U-200:MTAS,SCSCF,U:SCSCF,PCSCF,U:PCSCF,SCSCF,U-200:SCSCF,MTAS,U-200:PCSCF,SCSCF,B:MTAS,SCSCF,B:SCSCF,GTW,B:GTW,SCSCF,B-200:SCSCF,MTAS,B-200:SCSCF,PCSCF,B-200"
116,116,0,0,138,-1.0071102796849989,-0.9880694531546712,59,0,"PCSCF,SCSCF,I:SCSCF,ASLI,I:ASLI,SCSCF,T:ASLI,SCSCF,I-500:SCSCF,ASLI,A:SCSCF,PCSCF,T:MTAS,SCSCF,I:SCSCF,MTAS,T:SCSCF,GTW,I:GTW,SCSCF,T:GTW,SCSCF,R:SCSCF,MTAS,R:SCSCF,PCSCF,R:PCSCF,SCSCF,P:MTAS,SCSCF,P:SCSCF,GTW,P:GTW,SCSCF,P-200:SCSCF,MTAS,P-200:SCSCF,PCSCF,P-200:GTW,SCSCF,S:SCSCF,MTAS,S:SCSCF,PCSCF,S:PCSCF,SCSCF,P:MTAS,SCSCF,P:SCSCF,GTW,P:GTW,SCSCF,P-200:GTW,SCSCF,S:SCSCF,MTAS,P-200:SCSCF,MTAS,S:SCSCF,PCSCF,P-200:SCSCF,PCSCF,S:PCSCF,SCSCF,P:MTAS,SCSCF,P:SCSCF,GTW,P:GTW,SCSCF,P-200:GTW,SCSCF,S:SCSCF,MTAS,P-200:SCSCF,MTAS,S:SCSCF,PCSCF,P-200:SCSCF,PCSCF,S:PCSCF,SCSCF,P:MTAS,SCSCF,P:SCSCF,GTW,P:GTW,SCSCF,P-200:SCSCF,MTAS,P-200:SCSCF,PCSCF,P-200:GTW,SCSCF,R:SCSCF,MTAS,R:SCSCF,PCSCF,R:PCSCF,SCSCF,P:MTAS,SCSCF,P:SCSCF,GTW,P:GTW,SCSCF,P-200:SCSCF,MTAS,P-200:SCSCF,PCSCF,P-200:GTW,SCSCF,I-200:SCSCF,MTAS,I-200:SCSCF,PCSCF,I-200:PCSCF,SCSCF,A:SCSCF,MTAS,A:MTAS,SCSCF,A:SCSCF,GTW,A:MTAS,SCSCF,U:SCSCF,GTW,U:GTW,SCSCF,U-200:SCSCF,MTAS,U-200:MTAS,SCSCF,U:SCSCF,PCSCF,U:PCSCF,SCSCF,U-200:SCSCF,MTAS,U-200:MTAS,SCSCF,U:SCSCF,GTW,U:GTW,SCSCF,U-200:SCSCF,MTAS,U-200:MTAS,SCSCF,U:SCSCF,PCSCF,U:PCSCF,SCSCF,U-200:SCSCF,MTAS,U-200:MTAS,SCSCF,U:SCSCF,GTW,U:GTW,SCSCF,U-200:SCSCF,MTAS,U-200:MTAS,SCSCF,U:SCSCF,PCSCF,U:PCSCF,SCSCF,U-200:SCSCF,MTAS,U-200:MTAS,SCSCF,U:SCSCF,GTW,U:GTW,SCSCF,U-200:SCSCF,MTAS,U-200:MTAS,SCSCF,U:SCSCF,PCSCF,U:PCSCF,SCSCF,U-200:SCSCF,MTAS,U-200:GTW,SCSCF,B:MTAS,SCSCF,B:SCSCF,PCSCF,B:PCSCF,SCSCF,B-200:SCSCF,MTAS,B-200:SCSCF,GTW,B-200"
117,117,0,0,56,-0.5410995874049824,-0.5408513912905027,113,0,"PCSCF,SCSCF,I:SCSCF,PCSCF,T:SCSCF,ASLI,I:ASLI,SCSCF,T:ASLI,SCSCF,I-500:SCSCF,ASLI,A:MTAS,SCSCF,I:SCSCF,MTAS,T:SCSCF,GTW,I:GTW,SCSCF,T:GTW,SCSCF,R:SCSCF,MTAS,R:SCSCF,PCSCF,R:PCSCF,SCSCF,P:SCSCF,MTAS,P:MTAS,SCSCF,P:SCSCF,GTW,P:GTW,SCSCF,P-200:SCSCF,MTAS,P-200:MTAS,SCSCF,P-200:SCSCF,PCSCF,P-200:GTW,SCSCF,I-200:SCSCF,MTAS,I-200:SCSCF,PCSCF,I-200:PCSCF,SCSCF,A:SCSCF,MTAS,A:MTAS,SCSCF,A:SCSCF,GTW,A:MTAS,SCSCF,U:SCSCF,GTW,U:SCSCF,PCSCF,U:GTW,SCSCF,U-200:SCSCF,MTAS,U-200:PCSCF,SCSCF,U-200:SCSCF,MTAS,U-200:GTW,SCSCF,B:MTAS,SCSCF,B:SCSCF,PCSCF,B:PCSCF,SCSCF,B-200:SCSCF,MTAS,B-200:SCSCF,GTW,B-200"
118,118,0,0,118,-0.9524587878756227,-0.9263657167389393,104,0,"GTW,ICSCF,I:ICSCF,GTW,T:SCSCF,ASLI,I:ASLI,SCSCF,T:ASLI,SCSCF,I-500:SCSCF,ASLI,A:SCSCF,MTAS,I:MTAS,SCSCF,I:MTAS,SCSCF,T:SCSCF,MTAS,T:SCSCF,PCSCF,I:PCSCF,SCSCF,T:PCSCF,SCSCF,R:SCSCF,MTAS,R:MTAS,SCSCF,R:ICSCF,GTW,R:GTW,SCSCF,P:SCSCF,MTAS,P:MTAS,SCSCF,P:SCSCF,PCSCF,P:PCSCF,SCSCF,P-200:SCSCF,MTAS,P-200:MTAS,SCSCF,P-200:SCSCF,GTW,P-200:PCSCF,SCSCF,I-200:SCSCF,MTAS,I-200:MTAS,SCSCF,I-200:ICSCF,GTW,I-200:GTW,SCSCF,A:SCSCF,MTAS,A:MTAS,SCSCF,A:SCSCF,PCSCF,A:PCSCF,SCSCF,I:SCSCF,PCSCF,T:SCSCF,MTAS,I:MTAS,SCSCF,T:MTAS,SCSCF,I:SCSCF,MTAS,T:SCSCF,GTW,I:GTW,SCSCF,T:GTW,SCSCF,I-200:SCSCF,MTAS,I-200:MTAS,SCSCF,I-200:SCSCF,PCSCF,I-200:PCSCF,SCSCF,A:SCSCF,MTAS,A:MTAS,SCSCF,A:SCSCF,GTW,A:PCSCF,SCSCF,I:SCSCF,PCSCF,T:SCSCF,MTAS,I:MTAS,SCSCF,T:MTAS,SCSCF,I:SCSCF,MTAS,T:SCSCF,GTW,I:GTW,SCSCF,T:GTW,SCSCF,I-488:SCSCF,GTW,A:SCSCF,MTAS,I-488:MTAS,SCSCF,A:MTAS,SCSCF,I-488:SCSCF,MTAS,A:SCSCF,PCSCF,I-488:PCSCF,SCSCF,A:PCSCF,SCSCF,I:SCSCF,PCSCF,T:SCSCF,PCSCF,I-407:PCSCF,SCSCF,A:PCSCF,SCSCF,I:SCSCF,PCSCF,T:SCSCF,MTAS,I:MTAS,SCSCF,T:MTAS,SCSCF,I:SCSCF,MTAS,T:SCSCF,GTW,I:GTW,SCSCF,T:GTW,SCSCF,I-200:SCSCF,MTAS,I-200:MTAS,SCSCF,I-200:SCSCF,PCSCF,I-200:PCSCF,SCSCF,A:SCSCF,MTAS,A:MTAS,SCSCF,A:SCSCF,GTW,A:GTW,SCSCF,B:SCSCF,MTAS,B:MTAS,SCSCF,B:SCSCF,PCSCF,B:PCSCF,SCSCF,B-200:SCSCF,MTAS,B-200:MTAS,SCSCF,B-200:SCSCF,GTW,B-200"
119,119,0,0,29,-0.9491772188442741,-0.947276474488702,76,0,"PCSCF,SCSCF,I:SCSCF,PCSCF,T:SCSCF,ASLI,I:ASLI,SCSCF,T:ASLI,SCSCF,I-500:SCSCF,ASLI,A:MTAS,SCSCF,I:SCSCF,MTAS,T:SCSCF,GTW,I:GTW,SCSCF,T:PCSCF,SCSCF,C:MTAS,SCSCF,C:SCSCF,MTAS,C-200:SCSCF,GTW,C:GTW,SCSCF,C-200:SCSCF,PCSCF,C-200:GTW,SCSCF,I-487:SCSCF,GTW,A:SCSCF,MTAS,I-487:MTAS,SCSCF,A:SCSCF,PCSCF,I-487:PCSCF,SCSCF,A"
120,120,0,0,63,-0.9774602800638098,-0.9635500529026293,226,0,"PCSCF,SCSCF,I:SCSCF,ASLI,I:SCSCF,PCSCF,T:ASLI,SCSCF,T:ASLI,SCSCF,I-500:SCSCF,ASLI,A:MTAS,SCSCF,I:SCSCF,MTAS,T:GTW,SCSCF,T:SCSCF,GTW,I:GTW,SCSCF,S:SCSCF,MTAS,S:SCSCF,PCSCF,S:PCSCF,SCSCF,P:SCSCF,MTAS,P:MTAS,SCSCF,P:SCSCF,GTW,P:GTW,SCSCF,P-200:SCSCF,MTAS,P-200:SCSCF,PCSCF,P-200:MTAS,SCSCF,P-200:GTW,SCSCF,R:SCSCF,MTAS,R:SCSCF,PCSCF,R:PCSCF,SCSCF,P:SCSCF,MTAS,P:MTAS,SCSCF,P:GTW,SCSCF,P-200:SCSCF,GTW,P:SCSCF,MTAS,P-200:MTAS,SCSCF,P-200:SCSCF,PCSCF,P-200:GTW,SCSCF,I-200:SCSCF,MTAS,I-200:SCSCF,PCSCF,I-200:PCSCF,SCSCF,A:SCSCF,MTAS,A:MTAS,SCSCF,A:SCSCF,GTW,A:PCSCF,SCSCF,B:SCSCF,MTAS,B:MTAS,SCSCF,B:SCSCF,GTW,B:GTW,SCSCF,B-200:SCSCF,MTAS,B-200:MTAS,SCSCF,B-200:SCSCF,PCSCF,B-200"
121,121,0,0,89,-1.1275407820860022,-1.105074020344525,28,0,"PCSCF,SCSCF,I:SCSCF,ASLI,I:ASLI,SCSCF,T:SCSCF,PCSCF,T:ASLI,SCSCF,I-500:SCSCF,ASLI,A:MTAS,SCSCF,I:SCSCF,MTAS,T:SCSCF,GTW,I:GTW,SCSCF,T:GTW,SCSCF,S:SCSCF,MTAS,S:SCSCF,PCSCF,S:PCSCF,SCSCF,P:SCSCF,MTAS,P:MTAS,SCSCF,P:SCSCF,GTW,P:GTW,SCSCF,P-200:GTW,SCSCF,S:SCSCF,MTAS,P-200:SCSCF,MTAS,S:MTAS,SCSCF,P-200:SCSCF,PCSCF,P-200:SCSCF,PCSCF,S:PCSCF,SCSCF,P:SCSCF,MTAS,P:MTAS,SCSCF,P:SCSCF,GTW,P:GTW,SCSCF,P-200:GTW,SCSCF,S:SCSCF,MTAS,P-200:SCSCF,MTAS,S:MTAS,SCSCF,P-200:SCSCF,PCSCF,P-200:SCSCF,PCSCF,S:PCSCF,SCSCF,P:SCSCF,MTAS,P:MTAS,SCSCF,P:SCSCF,GTW,P:GTW,SCSCF,P-200:GTW,SCSCF,R:SCSCF,MTAS,R:SCSCF,MTAS,P-200:MTAS,SCSCF,P-200:SCSCF,PCSCF,P-200:SCSCF,PCSCF,R:PCSCF,SCSCF,P:SCSCF,MTAS,P:MTAS,SCSCF,P:SCSCF,GTW,P:GTW,SCSCF,P-200:SCSCF,MTAS,P-200:MTAS,SCSCF,P-200:SCSCF,PCSCF,P-200:PCSCF,SCSCF,C:SCSCF,PCSCF,C-200:MTAS,SCSCF,C:SCSCF,MTAS,C-200:SCSCF,GTW,C:GTW,SCSCF,C-200:GTW,SCSCF,I-487:SCSCF,GTW,A:SCSCF,MTAS,I-487:MTAS,SCSCF,A:SCSCF,PCSCF,I-487:PCSCF,SCSCF,A"
122,122,0,0,53,-0.36705100684479475,-0.3669834238881995,5,0,"GTW,ICSCF,I:ICSCF,GTW,T:SCSCF,ASLI,I:ASLI,SCSCF,T:ASLI,SCSCF,I-500:SCSCF,ASLI,A:SCSCF,MTAS,I:MTAS,SCSCF,T:MTAS,SCSCF,I:SCSCF,MTAS,T:SCSCF,PCSCF,I:PCSCF,SCSCF,T:PCSCF,SCSCF,R:SCSCF,MTAS,R:MTAS,SCSCF,R:ICSCF,GTW,R:GTW,SCSCF,P:SCSCF,MTAS,P:MTAS,SCSCF,P:SCSCF,PCSCF,P:PCSCF,SCSCF,P-200:SCSCF,MTAS,P-200:MTAS,SCSCF,P-200:SCSCF,GTW,P-200:PCSCF,SCSCF,I-200:SCSCF,MTAS,I-200:ICSCF,GTW,I-200:MTAS,SCSCF,I-200:GTW,SCSCF,A:SCSCF,MTAS,A:MTAS,SCSCF,A:SCSCF,PCSCF,A:PCSCF,SCSCF,B:SCSCF,MTAS,B:MTAS,SCSCF,B:SCSCF,GTW,B:GTW,SCSCF,B-200:SCSCF,MTAS,B-200:MTAS,SCSCF,B-200:SCSCF,PCSCF,B-200"
123,123,0,0,63,-0.7075703298259056,-0.7045132681803189,113,0,"GTW,ICSCF,I:ICSCF,GTW,T:SCSCF,ASLI,I:ASLI,SCSCF,T:ASLI,SCSCF,I-500:SCSCF,ASLI,A:SCSCF,MTAS,I:MTAS,SCSCF,I:SCSCF,MTAS,T:MTAS,SCSCF,T:SCSCF,PCSCF,I:PCSCF,SCSCF,T:PCSCF,SCSCF,R:SCSCF,MTAS,R:MTAS,SCSCF,R:ICSCF,GTW,R:GTW,SCSCF,P:SCSCF,MTAS,P:MTAS,SCSCF,P:SCSCF,PCSCF,P:PCSCF,SCSCF,P-200:SCSCF,MTAS,P-200:MTAS,SCSCF,P-200:SCSCF,GTW,P-200:PCSCF,SCSCF,I-200:SCSCF,MTAS,I-200:MTAS,SCSCF,I-200:ICSCF,GTW,I-200:GTW,SCSCF,A:SCSCF,MTAS,A:MTAS,SCSCF,A:SCSCF,PCSCF,A:MTAS,SCSCF,U:SCSCF,PCSCF,U:MTAS,SCSCF,U:SCSCF,GTW,U:PCSCF,SCSCF,U-200:GTW,SCSCF,U-200:SCSCF,MTAS,U-200:GTW,SCSCF,B:SCSCF,MTAS,B:MTAS,SCSCF,B:SCSCF,PCSCF,B:PCSCF,SCSCF,B-200:SCSCF,MTAS,B-200:MTAS,SCSCF,B-200:SCSCF,GTW,B-200"
124,124,0,0,69,-0.7134932304635933,-0.7067441054061305,113,0,"GTW,ICSCF,I:ICSCF,GTW,T:SCSCF,ASLI,I:ASLI,SCSCF,T:ASLI,SCSCF,I-500:SCSCF,ASLI,A:SCSCF,MTAS,I:MTAS,SCSCF,T:MTAS,SCSCF,I:SCSCF,MTAS,T:SCSCF,PCSCF,I:PCSCF,SCSCF,T:PCSCF,SCSCF,R:SCSCF,MTAS,R:MTAS,SCSCF,R:ICSCF,GTW,R:GTW,SCSCF,P:SCSCF,MTAS,P:MTAS,SCSCF,P:SCSCF,PCSCF,P:PCSCF,SCSCF,P-200:SCSCF,MTAS,P-200:MTAS,SCSCF,P-200:SCSCF,GTW,P-200:PCSCF,SCSCF,I-200:SCSCF,MTAS,I-200:MTAS,SCSCF,I-200:ICSCF,GTW,I-200:GTW,SCSCF,A:SCSCF,MTAS,A:MTAS,SCSCF,A:SCSCF,PCSCF,A:PCSCF,SCSCF,I:SCSCF,PCSCF,T:SCSCF,MTAS,I:MTAS,SCSCF,T:MTAS,SCSCF,I:SCSCF,MTAS,T:SCSCF,GTW,I:GTW,SCSCF,T:GTW,SCSCF,I-200:SCSCF,MTAS,I-200:MTAS,SCSCF,I-200:SCSCF,PCSCF,I-200:GTW,SCSCF,B:SCSCF,MTAS,B:MTAS,SCSCF,B:SCSCF,PCSCF,B:PCSCF,SCSCF,B-200:SCSCF,MTAS,B-200:MTAS,SCSCF,B-200:SCSCF,GTW,B-200"
125,125,0,0,71,-0.7088025225648655,-0.7065899587020422,14,0,"GTW,ICSCF,I:ICSCF,GTW,T:SCSCF,ASLI,I:ASLI,SCSCF,T:ASLI,SCSCF,I-500:SCSCF,ASLI,A:SCSCF,MTAS,I:MTAS,SCSCF,T:MTAS,SCSCF,I:SCSCF,MTAS,T:SCSCF,GTW,I:GTW,SCSCF,T:MTAS,SCSCF,W:ICSCF,GTW,W:GTW,SCSCF,S:SCSCF,MTAS,S:MTAS,SCSCF,S:ICSCF,GTW,S:GTW,SCSCF,P:SCSCF,MTAS,P:MTAS,SCSCF,P:SCSCF,GTW,P:GTW,SCSCF,P-200:SCSCF,MTAS,P-200:MTAS,SCSCF,P-200:SCSCF,GTW,P-200:GTW,SCSCF,R:SCSCF,MTAS,R:MTAS,SCSCF,R:ICSCF,GTW,R:GTW,SCSCF,P:SCSCF,MTAS,P:MTAS,SCSCF,P:SCSCF,GTW,P:GTW,SCSCF,P-200:SCSCF,MTAS,P-200:MTAS,SCSCF,P-200:SCSCF,GTW,P-200:GTW,SCSCF,I-200:SCSCF,MTAS,I-200:MTAS,SCSCF,I-200:ICSCF,GTW,I-200:GTW,SCSCF,A:SCSCF,MTAS,A:MTAS,SCSCF,A:SCSCF,GTW,A:GTW,SCSCF,B:SCSCF,MTAS,B:MTAS,SCSCF,B:SCSCF,GTW,B:GTW,SCSCF,B-200:SCSCF,MTAS,B-200:MTAS,SCSCF,B-200:SCSCF,GTW,B-200"
126,126,0,0,59,-0.7235419185265086,-0.7232008708801098,53,0,"PCSCF,SCSCF,I:SCSCF,PCSCF,T:SCSCF,PCSCF,I-407:PCSCF,SCSCF,A:PCSCF,SCSCF,I:SCSCF,PCSCF,T:SCSCF,ASLI,I:ASLI,SCSCF,T:ASLI,SCSCF,I-500:SCSCF,ASLI,A:MTAS,SCSCF,I:SCSCF,MTAS,T:SCSCF,GTW,I:GTW,SCSCF,T:GTW,SCSCF,S:SCSCF,MTAS,S:SCSCF,PCSCF,S:PCSCF,SCSCF,P:MTAS,SCSCF,P:SCSCF,GTW,P:GTW,SCSCF,P-200:SCSCF,MTAS,P-200:SCSCF,PCSCF,P-200:GTW,SCSCF,S:SCSCF,MTAS,S:SCSCF,PCSCF,S:PCSCF,SCSCF,P:MTAS,SCSCF,P:SCSCF,GTW,P:GTW,SCSCF,P-200:SCSCF,MTAS,P-200:SCSCF,PCSCF,P-200:GTW,SCSCF,I-200:SCSCF,MTAS,I-200:SCSCF,PCSCF,I-200:PCSCF,SCSCF,A:SCSCF,MTAS,A:MTAS,SCSCF,A:SCSCF,GTW,A:PCSCF,SCSCF,B:MTAS,SCSCF,B:SCSCF,GTW,B:GTW,SCSCF,B-200:SCSCF,MTAS,B-200:SCSCF,PCSCF,B-200"
127,127,0,0,15,-0.82794970505601,-0.800841566498421,27,0,"GTW,ICSCF,I:ICSCF,GTW,T:SCSCF,ASLI,I:ASLI,SCSCF,T:ASLI,SCSCF,I-500:SCSCF,ASLI,A:SCSCF,MTAS,I:MTAS,SCSCF,T:MTAS,SCSCF,I-486:SCSCF,MTAS,A:ICSCF,GTW,I-486:GTW,ICSCF,A"
128,128,0,0,35,-1.0303977047518829,-1.0067313625466905,104,0,"PCSCF,SCSCF,I:SCSCF,PCSCF,T:SCSCF,PCSCF,I-407:PCSCF,SCSCF,A:PCSCF,SCSCF,I:SCSCF,ASLI,I:ASLI,SCSCF,T:ASLI,SCSCF,I-500:SCSCF,ASLI,A:SCSCF,PCSCF,T:MTAS,SCSCF,I:SCSCF,MTAS,T:SCSCF,GTW,I:GTW,SCSCF,T:GTW,SCSCF,I-200:SCSCF,MTAS,I-200:SCSCF,PCSCF,I-200:PCSCF,SCSCF,A:SCSCF,MTAS,A:MTAS,SCSCF,A:SCSCF,GTW,A:GTW,SCSCF,B:MTAS,SCSCF,B:SCSCF,PCSCF,B:PCSCF,SCSCF,B-200:SCSCF,MTAS,B-200:SCSCF,GTW,B-200"
129,129,0,0,95,-1.1112760513743218,-1.0404940233742321,5,0,"PCSCF,SCSCF,I:SCSCF,PCSCF,T:SCSCF,PCSCF,I-407:PCSCF,SCSCF,A:PCSCF,SCSCF,I:SCSCF,PCSCF,T:SCSCF,ASLI,I:ASLI,SCSCF,T:ASLI,SCSCF,I-500:SCSCF,ASLI,A:MTAS,SCSCF,I:SCSCF,MTAS,T:SCSCF,GTW,I:GTW,SCSCF,T:GTW,SCSCF,S:SCSCF,MTAS,S:SCSCF,PCSCF,S:PCSCF,SCSCF,P:SCSCF,MTAS,P:MTAS,SCSCF,P:SCSCF,GTW,P:GTW,SCSCF,P-200:GTW,SCSCF,S:SCSCF,MTAS,P-200:SCSCF,MTAS,S:MTAS,SCSCF,P-200:SCSCF,PCSCF,P-200:SCSCF,PCSCF,S:PCSCF,SCSCF,P:SCSCF,MTAS,P:MTAS,SCSCF,P:SCSCF,GTW,P:GTW,SCSCF,P-200:GTW,SCSCF,S:SCSCF,MTAS,S:SCSCF,MTAS,P-200:MTAS,SCSCF,P-200:SCSCF,PCSCF,P-200:SCSCF,PCSCF,S:PCSCF,SCSCF,P:SCSCF,MTAS,P:MTAS,SCSCF,P:SCSCF,GTW,P:GTW,SCSCF,P-200:GTW,SCSCF,R:SCSCF,MTAS,P-200:SCSCF,MTAS,R:MTAS,SCSCF,P-200:SCSCF,PCSCF,P-200:SCSCF,PCSCF,R:PCSCF,SCSCF,P:SCSCF,MTAS,P:MTAS,SCSCF,P:SCSCF,GTW,P:GTW,SCSCF,P-200:SCSCF,MTAS,P-200:MTAS,SCSCF,P-200:SCSCF,PCSCF,P-200:GTW,SCSCF,I-200:SCSCF,MTAS,I-200:SCSCF,PCSCF,I-200:PCSCF,SCSCF,A:SCSCF,MTAS,A:MTAS,SCSCF,A:SCSCF,GTW,A:PCSCF,SCSCF,B:MTAS,SCSCF,B:SCSCF,GTW,B:GTW,SCSCF,B-200:SCSCF,MTAS,B-200:SCSCF,PCSCF,B-200"
130,130,0,0,15,-1.0105164275883762,-1.0093993514029114,213,0,"MTAS,SCSCF,I:SCSCF,MTAS,T:SCSCF,ASLI,I:ASLI,SCSCF,T:ASLI,SCSCF,I-500:SCSCF,MTAS,I:SCSCF,ASLI,A:MTAS,SCSCF,T:MTAS,SCSCF,I-486:SCSCF,MTAS,A:SCSCF,MTAS,I-486:MTAS,SCSCF,A"
131,131,0,0,65,-1.116986859458595,-1.0809871085816878,28,0,"PCSCF,SCSCF,I:SCSCF,ASLI,I:ASLI,SCSCF,T:ASLI,SCSCF,I-500:SCSCF,ASLI,A:SCSCF,PCSCF,T:MTAS,SCSCF,I:SCSCF,MTAS,T:SCSCF,GTW,I:GTW,SCSCF,T:GTW,SCSCF,S:SCSCF,MTAS,S:SCSCF,PCSCF,S:PCSCF,SCSCF,P:MTAS,SCSCF,P:SCSCF,GTW,P:GTW,SCSCF,P-200:GTW,SCSCF,S:SCSCF,MTAS,P-200:SCSCF,MTAS,S:SCSCF,PCSCF,P-200:SCSCF,PCSCF,S:PCSCF,SCSCF,P:MTAS,SCSCF,P:SCSCF,GTW,P:GTW,SCSCF,P-200:SCSCF,MTAS,P-200:SCSCF,PCSCF,P-200:GTW,SCSCF,R:SCSCF,MTAS,R:SCSCF,PCSCF,R:PCSCF,SCSCF,P:MTAS,SCSCF,P:SCSCF,GTW,P:GTW,SCSCF,P-200:SCSCF,MTAS,P-200:SCSCF,PCSCF,P-200:PCSCF,SCSCF,C:SCSCF,PCSCF,C-200:MTAS,SCSCF,C:SCSCF,MTAS,C-200:SCSCF,GTW,C:GTW,SCSCF,C-200:GTW,SCSCF,I-487:SCSCF,GTW,A:SCSCF,MTAS,I-487:MTAS,SCSCF,A:SCSCF,PCSCF,I-487:PCSCF,SCSCF,A"
132,132,0,0,77,-0.6797311239511301,-0.6520096841979518,59,0,"GTW,ICSCF,I:ICSCF,GTW,T:SCSCF,ASLI,I:ASLI,SCSCF,T:ASLI,SCSCF,I-500:SCSCF,ASLI,A:SCSCF,MTAS,I:MTAS,SCSCF,T:MTAS,SCSCF,I:SCSCF,MTAS,T:SCSCF,PCSCF,I:PCSCF,SCSCF,T:PCSCF,SCSCF,R:SCSCF,MTAS,R:MTAS,SCSCF,R:ICSCF,GTW,R:GTW,SCSCF,P:SCSCF,MTAS,P:MTAS,SCSCF,P:SCSCF,PCSCF,P:PCSCF,SCSCF,P-200:SCSCF,MTAS,P-200:MTAS,SCSCF,P-200:SCSCF,GTW,P-200:PCSCF,SCSCF,I-200:SCSCF,MTAS,I-200:MTAS,SCSCF,I-200:ICSCF,GTW,I-200:GTW,SCSCF,A:SCSCF,MTAS,A:MTAS,SCSCF,A:SCSCF,PCSCF,A:MTAS,SCSCF,U:SCSCF,PCSCF,U:PCSCF,SCSCF,U-200:SCSCF,MTAS,U-200:MTAS,SCSCF,U:SCSCF,GTW,U:GTW,SCSCF,U-200:SCSCF,MTAS,U-200:MTAS,SCSCF,U:SCSCF,PCSCF,U:PCSCF,SCSCF,U-200:SCSCF,MTAS,U-200:MTAS,SCSCF,U:SCSCF,GTW,U:GTW,SCSCF,U-200:SCSCF,MTAS,U-200:PCSCF,SCSCF,B:SCSCF,MTAS,B:MTAS,SCSCF,B:SCSCF,GTW,B:GTW,SCSCF,B-200:SCSCF,MTAS,B-200:MTAS,SCSCF,B-200:SCSCF,PCSCF,B-200"
133,133,0,0,160,-0.6879824618647253,-0.6749650528565387,59,0,"GTW,ICSCF,I:ICSCF,GTW,T:SCSCF,ASLI,I:ASLI,SCSCF,T:ASLI,SCSCF,I-500:SCSCF,ASLI,A:SCSCF,MTAS,I:MTAS,SCSCF,I:SCSCF,MTAS,T:SCSCF,PCSCF,I:PCSCF,SCSCF,T:MTAS,SCSCF,T:PCSCF,SCSCF,R:SCSCF,MTAS,R:MTAS,SCSCF,R:ICSCF,GTW,R:GTW,SCSCF,P:SCSCF,MTAS,P:MTAS,SCSCF,P:SCSCF,PCSCF,P:PCSCF,SCSCF,P-200:SCSCF,MTAS,P-200:MTAS,SCSCF,P-200:SCSCF,GTW,P-200:PCSCF,SCSCF,I-200:SCSCF,MTAS,I-200:MTAS,SCSCF,I-200:ICSCF,GTW,I-200:GTW,SCSCF,A:SCSCF,MTAS,A:MTAS,SCSCF,A:SCSCF,PCSCF,A:MTAS,SCSCF,U:SCSCF,PCSCF,U:PCSCF,SCSCF,U-200:SCSCF,MTAS,U-200:MTAS,SCSCF,U:SCSCF,GTW,U:GTW,SCSCF,U-200:SCSCF,MTAS,U-200:MTAS,SCSCF,U:SCSCF,PCSCF,U:PCSCF,SCSCF,U-200:SCSCF,MTAS,U-200:GTW,SCSCF,U-200:MTAS,SCSCF,U:SCSCF,GTW,U:SCSCF,MTAS,U-200:MTAS,SCSCF,U:SCSCF,PCSCF,U:PCSCF,SCSCF,U-200:SCSCF,MTAS,U-200:MTAS,SCSCF,U:SCSCF,GTW,U:GTW,SCSCF,U-200:SCSCF,MTAS,U-200:MTAS,SCSCF,U:SCSCF,PCSCF,U:PCSCF,SCSCF,U-200:SCSCF,MTAS,U-200:MTAS,SCSCF,U:SCSCF,GTW,U:GTW,SCSCF,U-200:SCSCF,MTAS,U-200:MTAS,SCSCF,U:SCSCF,GTW,U:GTW,SCSCF,U-200:SCSCF,MTAS,U-200:SCSCF,PCSCF,U:PCSCF,SCSCF,U-200:SCSCF,MTAS,U-200:MTAS,SCSCF,U:SCSCF,GTW,U:GTW,SCSCF,U-200:SCSCF,MTAS,U-200:MTAS,SCSCF,U:SCSCF,PCSCF,U:PCSCF,SCSCF,U-200:SCSCF,MTAS,U-200:MTAS,SCSCF,U:SCSCF,GTW,U:GTW,SCSCF,U-200:SCSCF,MTAS,U-200:MTAS,SCSCF,U:SCSCF,PCSCF,U:PCSCF,SCSCF,U-200:SCSCF,MTAS,U-200:MTAS,SCSCF,U:SCSCF,GTW,U:GTW,SCSCF,U-200:SCSCF,MTAS,U-200:MTAS,SCSCF,U:SCSCF,PCSCF,U:PCSCF,SCSCF,U-200:SCSCF,MTAS,U-200:MTAS,SCSCF,U:SCSCF,GTW,U:GTW,SCSCF,U-200:SCSCF,MTAS,U-200:MTAS,SCSCF,U:SCSCF,PCSCF,U:PCSCF,SCSCF,U-200:SCSCF,MTAS,U-200:PCSCF,SCSCF,B:SCSCF,MTAS,B:MTAS,SCSCF,B:SCSCF,GTW,B:GTW,SCSCF,B-200:SCSCF,MTAS,B-200:MTAS,SCSCF,B-200:SCSCF,PCSCF,B-200"
134,134,0,0,81,-0.9243508992319576,-0.8971833978014665,59,0,"PCSCF,SCSCF,I:SCSCF,PCSCF,T:SCSCF,ASLI,I:ASLI,SCSCF,T:ASLI,SCSCF,I-500:SCSCF,ASLI,A:MTAS,SCSCF,I:SCSCF,MTAS,T:SCSCF,GTW,I:GTW,SCSCF,T:GTW,SCSCF,S:SCSCF,MTAS,S:SCSCF,PCSCF,S:PCSCF,SCSCF,P:MTAS,SCSCF,P:SCSCF,GTW,P:GTW,SCSCF,P-200:SCSCF,MTAS,P-200:GTW,SCSCF,R:SCSCF,MTAS,R:SCSCF,PCSCF,P-200:SCSCF,PCSCF,R:PCSCF,SCSCF,P:MTAS,SCSCF,P:SCSCF,GTW,P:GTW,SCSCF,P-200:SCSCF,MTAS,P-200:SCSCF,PCSCF,P-200:GTW,SCSCF,I-200:SCSCF,MTAS,I-200:SCSCF,PCSCF,I-200:PCSCF,SCSCF,A:SCSCF,MTAS,A:MTAS,SCSCF,A:SCSCF,GTW,A:MTAS,SCSCF,U:SCSCF,GTW,U:GTW,SCSCF,U-200:SCSCF,MTAS,U-200:MTAS,SCSCF,U:SCSCF,PCSCF,U:PCSCF,SCSCF,U-200:SCSCF,MTAS,U-200:MTAS,SCSCF,U:SCSCF,GTW,U:GTW,SCSCF,U-200:SCSCF,MTAS,U-200:MTAS,SCSCF,U:SCSCF,PCSCF,U:PCSCF,SCSCF,U-200:SCSCF,MTAS,U-200:PCSCF,SCSCF,B:SCSCF,MTAS,B:MTAS,SCSCF,B:SCSCF,GTW,B:GTW,SCSCF,B-200:SCSCF,MTAS,B-200:MTAS,SCSCF,B-200:SCSCF,PCSCF,B-200"
135,135,0,0,70,-0.6004668017439564,-0.5722121355359472,76,0,"PCSCF,SCSCF,I:SCSCF,PCSCF,T:SCSCF,ASLI,I:ASLI,SCSCF,T:ASLI,SCSCF,I-500:SCSCF,ASLI,A:MTAS,SCSCF,I:SCSCF,MTAS,T:SCSCF,ASLI,I:ASLI,SCSCF,T:ASLI,SCSCF,I-500:SCSCF,ASLI,A:SCSCF,MTAS,I:MTAS,SCSCF,T:MTAS,SCSCF,I:SCSCF,MTAS,T:SCSCF,PCSCF,I:PCSCF,SCSCF,T:PCSCF,SCSCF,R:SCSCF,MTAS,R:MTAS,SCSCF,R:SCSCF,MTAS,R:SCSCF,PCSCF,R:PCSCF,SCSCF,P:MTAS,SCSCF,P:SCSCF,MTAS,P:MTAS,SCSCF,P:SCSCF,PCSCF,P:PCSCF,SCSCF,P-200:SCSCF,MTAS,P-200:MTAS,SCSCF,P-200:SCSCF,MTAS,P-200:SCSCF,PCSCF,P-200:PCSCF,SCSCF,C:SCSCF,PCSCF,C-200:MTAS,SCSCF,C:SCSCF,MTAS,C-200:SCSCF,MTAS,C:MTAS,SCSCF,C:SCSCF,MTAS,C-200:SCSCF,PCSCF,C:MTAS,SCSCF,C-200:PCSCF,SCSCF,C-200:PCSCF,SCSCF,I-487:SCSCF,PCSCF,A:SCSCF,MTAS,I-487:MTAS,SCSCF,A:MTAS,SCSCF,I-487:SCSCF,MTAS,A:SCSCF,MTAS,I-487:MTAS,SCSCF,A:SCSCF,PCSCF,I-487:PCSCF,SCSCF,A"
136,136,0,0,59,-1.0178839051255757,-1.0160932155767857,53,0,"PCSCF,SCSCF,I:SCSCF,PCSCF,T:SCSCF,PCSCF,I-407:PCSCF,SCSCF,A:PCSCF,SCSCF,I:SCSCF,PCSCF,T:SCSCF,ASLI,I:ASLI,SCSCF,T:ASLI,SCSCF,I-500:SCSCF,ASLI,A:MTAS,SCSCF,I:SCSCF,MTAS,T:SCSCF,GTW,I:GTW,SCSCF,T:GTW,SCSCF,R:SCSCF,MTAS,R:SCSCF,PCSCF,R:PCSCF,SCSCF,P:MTAS,SCSCF,P:SCSCF,GTW,P:GTW,SCSCF,P-200:SCSCF,MTAS,P-200:SCSCF,PCSCF,P-200:GTW,SCSCF,S:SCSCF,MTAS,S:SCSCF,PCSCF,S:PCSCF,SCSCF,P:MTAS,SCSCF,P:SCSCF,GTW,P:GTW,SCSCF,P-200:GTW,SCSCF,I-200:SCSCF,MTAS,P-200:SCSCF,MTAS,I-200:SCSCF,PCSCF,P-200:SCSCF,PCSCF,I-200:PCSCF,SCSCF,A:SCSCF,MTAS,A:MTAS,SCSCF,A:SCSCF,GTW,A:PCSCF,SCSCF,B:MTAS,SCSCF,B:SCSCF,GTW,B:GTW,SCSCF,B-200:SCSCF,MTAS,B-200:SCSCF,PCSCF,B-200"
137,137,0,0,65,-0.95577798851972,-0.9069206574933057,5,0,"PCSCF,SCSCF,I:SCSCF,PCSCF,T:SCSCF,PCSCF,I-407:PCSCF,SCSCF,A:PCSCF,SCSCF,I:SCSCF,PCSCF,T:SCSCF,ASLI,I:ASLI,SCSCF,T:ASLI,SCSCF,I-500:SCSCF,ASLI,A:MTAS,SCSCF,I:SCSCF,MTAS,T:SCSCF,GTW,I:GTW,SCSCF,T:GTW,SCSCF,S:SCSCF,MTAS,S:SCSCF,PCSCF,S:PCSCF,SCSCF,P:SCSCF,MTAS,P:MTAS,SCSCF,P:SCSCF,GTW,P:GTW,SCSCF,P-200:GTW,SCSCF,R:SCSCF,MTAS,P-200:SCSCF,MTAS,R:MTAS,SCSCF,P-200:SCSCF,PCSCF,P-200:SCSCF,PCSCF,R:PCSCF,SCSCF,P:SCSCF,MTAS,P:MTAS,SCSCF,P:SCSCF,GTW,P:GTW,SCSCF,P-200:SCSCF,MTAS,P-200:MTAS,SCSCF,P-200:SCSCF,PCSCF,P-200:GTW,SCSCF,I-200:SCSCF,MTAS,I-200:SCSCF,PCSCF,I-200:PCSCF,SCSCF,A:SCSCF,MTAS,A:MTAS,SCSCF,A:SCSCF,GTW,A:PCSCF,SCSCF,B:MTAS,SCSCF,B:SCSCF,GTW,B:GTW,SCSCF,B-200:SCSCF,MTAS,B-200:SCSCF,PCSCF,B-200"
138,138,0,0,65,-0.354827215241636,-0.3547911395033399,5,0,"PCSCF,SCSCF,I:SCSCF,PCSCF,T:SCSCF,ASLI,I:ASLI,SCSCF,T:ASLI,SCSCF,I-500:SCSCF,ASLI,A:MTAS,SCSCF,I:SCSCF,MTAS,T:SCSCF,ASLI,I:ASLI,SCSCF,T:ASLI,SCSCF,I-500:SCSCF,ASLI,A:SCSCF,MTAS,I:MTAS,SCSCF,T:MTAS,SCSCF,I:SCSCF,MTAS,T:SCSCF,PCSCF,I:PCSCF,SCSCF,T:PCSCF,SCSCF,R:SCSCF,MTAS,R:MTAS,SCSCF,R:SCSCF,MTAS,R:SCSCF,PCSCF,R:PCSCF,SCSCF,P:MTAS,SCSCF,P:SCSCF,MTAS,P:MTAS,SCSCF,P:SCSCF,PCSCF,P:PCSCF,SCSCF,P-200:SCSCF,MTAS,P-200:MTAS,SCSCF,P-200:SCSCF,MTAS,P-200:SCSCF,PCSCF,P-200:MTAS,SCSCF,I-200:PCSCF,SCSCF,I-200:SCSCF,MTAS,I-200:SCSCF,PCSCF,I-200:PCSCF,SCSCF,A:MTAS,SCSCF,A:SCSCF,MTAS,A:MTAS,SCSCF,A:SCSCF,PCSCF,A:PCSCF,SCSCF,B:SCSCF,MTAS,B:MTAS,SCSCF,B:SCSCF,PCSCF,B:PCSCF,SCSCF,B-200:SCSCF,MTAS,B-200:MTAS,SCSCF,B-200:SCSCF,PCSCF,B-200"
139,139,0,0,66,-0.9531121570886562,-0.9449814591547745,60,0,"PCSCF,SCSCF,I:SCSCF,ASLI,I:ASLI,SCSCF,T:SCSCF,PCSCF,T:ASLI,SCSCF,I-500:SCSCF,ASLI,A:MTAS,SCSCF,I:SCSCF,MTAS,T:SCSCF,GTW,I:GTW,SCSCF,T:GTW,SCSCF,S:SCSCF,MTAS,S:SCSCF,PCSCF,S:PCSCF,SCSCF,P:SCSCF,MTAS,P:MTAS,SCSCF,P:SCSCF,GTW,P:GTW,SCSCF,P-200:SCSCF,MTAS,P-200:MTAS,SCSCF,P-200:SCSCF,PCSCF,P-200:GTW,SCSCF,R:SCSCF,MTAS,R:SCSCF,PCSCF,R:PCSCF,SCSCF,P:SCSCF,MTAS,P:MTAS,SCSCF,P:SCSCF,GTW,P:GTW,SCSCF,P-200:SCSCF,MTAS,P-200:MTAS,SCSCF,P-200:SCSCF,PCSCF,P-200:GTW,SCSCF,I-200:SCSCF,MTAS,I-200:SCSCF,PCSCF,I-200:PCSCF,SCSCF,A:SCSCF,MTAS,A:MTAS,SCSCF,A:SCSCF,GTW,A:GTW,SCSCF,B:MTAS,SCSCF,B:SCSCF,PCSCF,B:PCSCF,SCSCF,B:SCSCF,MTAS,B:PCSCF,SCSCF,B-481:MTAS,SCSCF,B-200:SCSCF,MTAS,B-481:SCSCF,GTW,B-200:SCSCF,PCSCF,B-200"
140,140,0,0,51,-1.1134301251981478,-1.0947940320059892,60,0,"PCSCF,SCSCF,I:SCSCF,ASLI,I:ASLI,SCSCF,T:ASLI,SCSCF,I-500:SCSCF,ASLI,A:MTAS,SCSCF,I:SCSCF,MTAS,T:SCSCF,PCSCF,T:SCSCF,GTW,I:GTW,SCSCF,T:GTW,SCSCF,S:SCSCF,MTAS,S:SCSCF,PCSCF,S:PCSCF,SCSCF,P:SCSCF,MTAS,P:MTAS,SCSCF,P:SCSCF,GTW,P:GTW,SCSCF,P-200:SCSCF,MTAS,P-200:MTAS,SCSCF,P-200:SCSCF,PCSCF,P-200:GTW,SCSCF,S:SCSCF,MTAS,S:SCSCF,PCSCF,S:GTW,SCSCF,R:SCSCF,MTAS,R:SCSCF,PCSCF,R:GTW,SCSCF,I-200:SCSCF,MTAS,I-200:SCSCF,PCSCF,I-200:PCSCF,SCSCF,A:SCSCF,MTAS,A:MTAS,SCSCF,A:SCSCF,GTW,A:GTW,SCSCF,B:MTAS,SCSCF,B:SCSCF,PCSCF,B:PCSCF,SCSCF,B-200:SCSCF,MTAS,B-200:SCSCF,GTW,B-200"
141,141,0,0,53,-0.7533240891444408,-0.7399582770495827,158,0,"GTW,ICSCF,I:ICSCF,GTW,T:SCSCF,ASLI,I:ASLI,SCSCF,T:ASLI,SCSCF,I-500:SCSCF,MTAS,I:SCSCF,ASLI,A:MTAS,SCSCF,T:MTAS,SCSCF,I:SCSCF,MTAS,T:SCSCF,PCSCF,I:PCSCF,SCSCF,T:PCSCF,SCSCF,R:SCSCF,MTAS,R:MTAS,SCSCF,R:ICSCF,GTW,R:GTW,SCSCF,P:SCSCF,MTAS,P:MTAS,SCSCF,P:SCSCF,PCSCF,P:PCSCF,SCSCF,P-200:SCSCF,MTAS,P-200:MTAS,SCSCF,P-200:SCSCF,GTW,P-200:GTW,ICSCF,C:ICSCF,GTW,C-200:SCSCF,MTAS,C:MTAS,SCSCF,C-200:MTAS,SCSCF,C:SCSCF,MTAS,C-200:SCSCF,PCSCF,C:PCSCF,SCSCF,C-200:PCSCF,SCSCF,I-487:SCSCF,PCSCF,A:SCSCF,MTAS,I-487:MTAS,SCSCF,I-487:MTAS,SCSCF,A:ICSCF,GTW,I-487:GTW,ICSCF,A:SCSCF,MTAS,A"
142,142,0,0,77,-0.8155716667661665,-0.7616187939781119,113,0,"PCSCF,SCSCF,I:SCSCF,PCSCF,T:SCSCF,ASLI,I:ASLI,SCSCF,T:ASLI,SCSCF,I-500:SCSCF,ASLI,A:MTAS,SCSCF,I:SCSCF,MTAS,T:SCSCF,GTW,I:GTW,SCSCF,T:GTW,SCSCF,S:SCSCF,MTAS,S:SCSCF,PCSCF,S:PCSCF,SCSCF,P:SCSCF,MTAS,P:MTAS,SCSCF,P:SCSCF,GTW,P:GTW,SCSCF,P-200:SCSCF,MTAS,P-200:MTAS,SCSCF,P-200:SCSCF,PCSCF,P-200:GTW,SCSCF,R:SCSCF,MTAS,R:SCSCF,PCSCF,R:GTW,SCSCF,R:SCSCF,MTAS,R:PCSCF,SCSCF,P:SCSCF,MTAS,P:MTAS,SCSCF,P:SCSCF,GTW,P:GTW,SCSCF,P-200:SCSCF,MTAS,P-200:MTAS,SCSCF,P-200:SCSCF,PCSCF,P-200:GTW,SCSCF,I-200:SCSCF,MTAS,I-200:SCSCF,PCSCF,I-200:PCSCF,SCSCF,A:SCSCF,MTAS,A:MTAS,SCSCF,A:SCSCF,GTW,A:MTAS,SCSCF,U:SCSCF,GTW,U:GTW,SCSCF,U-200:SCSCF,MTAS,U-200:MTAS,SCSCF,U:SCSCF,PCSCF,U:PCSCF,SCSCF,U-200:SCSCF,MTAS,U-200:PCSCF,SCSCF,B:SCSCF,MTAS,B:MTAS,SCSCF,B:SCSCF,GTW,B:GTW,SCSCF,B-200:SCSCF,MTAS,B-200:MTAS,SCSCF,B-200:SCSCF,PCSCF,B-200"
143,143,0,0,24,-0.5280007003720376,-0.5245988299964588,5,0,"MTAS,SCSCF,I:SCSCF,MTAS,T:SCSCF,PCSCF,I:PCSCF,SCSCF,T:PCSCF,SCSCF,R:SCSCF,MTAS,R:MTAS,SCSCF,P:SCSCF,PCSCF,P:PCSCF,SCSCF,P-200:SCSCF,MTAS,P-200:SCSCF,MTAS,I-200:PCSCF,SCSCF,I-200:MTAS,SCSCF,A:SCSCF,PCSCF,A:PCSCF,SCSCF,B:SCSCF,MTAS,B:MTAS,SCSCF,B-200:SCSCF,PCSCF,B-200"
144,144,0,0,66,-0.7864839419771621,-0.7836116770684088,59,0,"PCSCF,SCSCF,I:SCSCF,PCSCF,T:SCSCF,ASLI,I:ASLI,SCSCF,T:ASLI,SCSCF,I-500:SCSCF,ASLI,A:MTAS,SCSCF,I:SCSCF,MTAS,T:SCSCF,GTW,I:GTW,SCSCF,T:GTW,SCSCF,I-200:SCSCF,MTAS,I-200:SCSCF,PCSCF,I-200:PCSCF,SCSCF,A:SCSCF,MTAS,A:MTAS,SCSCF,A:SCSCF,GTW,A:MTAS,SCSCF,U:SCSCF,GTW,U:GTW,SCSCF,U-200:SCSCF,MTAS,U-200:MTAS,SCSCF,U:SCSCF,PCSCF,U:PCSCF,SCSCF,U-200:SCSCF,MTAS,U-200:MTAS,SCSCF,U:SCSCF,GTW,U:GTW,SCSCF,U-200:SCSCF,MTAS,U-200:MTAS,SCSCF,U:SCSCF,PCSCF,U:PCSCF,SCSCF,U-200:SCSCF,MTAS,U-200:MTAS,SCSCF,U:SCSCF,GTW,U:GTW,SCSCF,U-200:SCSCF,MTAS,U-200:MTAS,SCSCF,U:SCSCF,PCSCF,U:PCSCF,SCSCF,U-200:SCSCF,MTAS,U-200:PCSCF,SCSCF,B:MTAS,SCSCF,B:SCSCF,GTW,B:GTW,SCSCF,B-200:SCSCF,MTAS,B-200:SCSCF,PCSCF,B-200"
145,145,0,0,93,-0.812168791103541,-0.8110012700725983,14,0,"PCSCF,SCSCF,I:SCSCF,PCSCF,T:SCSCF,ASLI,I:ASLI,SCSCF,T:ASLI,SCSCF,I-500:SCSCF,ASLI,A:MTAS,SCSCF,I:SCSCF,MTAS,T:SCSCF,GTW,I:GTW,SCSCF,T:GTW,SCSCF,S:SCSCF,MTAS,S:SCSCF,PCSCF,S:PCSCF,SCSCF,P:SCSCF,MTAS,P:MTAS,SCSCF,P:SCSCF,GTW,P:GTW,SCSCF,P-200:SCSCF,MTAS,P-200:MTAS,SCSCF,P-200:SCSCF,PCSCF,P-200:GTW,SCSCF,R:SCSCF,MTAS,R:SCSCF,PCSCF,R:PCSCF,SCSCF,P:SCSCF,MTAS,P:MTAS,SCSCF,P:SCSCF,GTW,P:GTW,SCSCF,P-200:SCSCF,MTAS,P-200:MTAS,SCSCF,P-200:SCSCF,PCSCF,P-200:GTW,SCSCF,W:SCSCF,MTAS,W:SCSCF,PCSCF,W:PCSCF,SCSCF,P:SCSCF,MTAS,P:MTAS,SCSCF,P:SCSCF,GTW,P:GTW,SCSCF,P-200:SCSCF,MTAS,P-200:MTAS,SCSCF,P-200:SCSCF,PCSCF,P-200:GTW,SCSCF,S:SCSCF,MTAS,S:SCSCF,PCSCF,S:PCSCF,SCSCF,P:SCSCF,MTAS,P:MTAS,SCSCF,P:SCSCF,GTW,P:GTW,SCSCF,P-200:SCSCF,MTAS,P-200:MTAS,SCSCF,P-200:SCSCF,PCSCF,P-200:GTW,SCSCF,I-200:SCSCF,MTAS,I-200:SCSCF,PCSCF,I-200:PCSCF,SCSCF,A:SCSCF,MTAS,A:MTAS,SCSCF,A:SCSCF,GTW,A:PCSCF,SCSCF,B:SCSCF,MTAS,B:MTAS,SCSCF,B:SCSCF,GTW,B:GTW,SCSCF,B-200:SCSCF,MTAS,B-200:MTAS,SCSCF,B-200:SCSCF,PCSCF,B-200"
146,146,0,0,30,-0.7456824995935122,-0.74529464319892,113,0,"MTAS,SCSCF,I:SCSCF,MTAS,T:SCSCF,PCSCF,I:PCSCF,SCSCF,T:PCSCF,SCSCF,R:SCSCF,MTAS,R:MTAS,SCSCF,P:SCSCF,PCSCF,P:PCSCF,SCSCF,P-200:SCSCF,MTAS,P-200:PCSCF,SCSCF,I-200:SCSCF,MTAS,I-200:MTAS,SCSCF,A:SCSCF,PCSCF,A:MTAS,SCSCF,U:SCSCF,PCSCF,U:SCSCF,MTAS,U-200:PCSCF,SCSCF,U-200:MTAS,SCSCF,B:SCSCF,PCSCF,B:PCSCF,SCSCF,B-200:SCSCF,MTAS,B-200"
147,147,0,0,53,-0.7398949141850224,-0.7396639953858152,49,0,"GTW,ICSCF,I:ICSCF,GTW,T:SCSCF,ASLI,I:ASLI,SCSCF,T:ASLI,SCSCF,I-500:SCSCF,MTAS,I:MTAS,SCSCF,I:SCSCF,MTAS,T:SCSCF,ASLI,A:MTAS,SCSCF,T:SCSCF,PCSCF,I:PCSCF,SCSCF,T:PCSCF,SCSCF,R:SCSCF,MTAS,R:MTAS,SCSCF,R:ICSCF,GTW,R:GTW,SCSCF,P:SCSCF,MTAS,P:MTAS,SCSCF,P:SCSCF,PCSCF,P:PCSCF,SCSCF,P-200:SCSCF,MTAS,P-200:MTAS,SCSCF,P-200:SCSCF,GTW,P-200:PCSCF,SCSCF,I-200:SCSCF,MTAS,I-200:MTAS,SCSCF,I-200:ICSCF,GTW,I-200:GTW,SCSCF,A:SCSCF,MTAS,A:MTAS,SCSCF,A:SCSCF,PCSCF,A:PCSCF,SCSCF,B:SCSCF,MTAS,B:MTAS,SCSCF,B:SCSCF,GTW,B:GTW,SCSCF,B-200:SCSCF,MTAS,B-200:MTAS,SCSCF,B-200:SCSCF,PCSCF,B-200"
148,148,0,0,103,-0.8360691322588246,-0.8005478670637012,59,0,"PCSCF,SCSCF,I:SCSCF,PCSCF,T:SCSCF,ASLI,I:ASLI,SCSCF,T:ASLI,SCSCF,I-500:SCSCF,ASLI,A:MTAS,SCSCF,I:SCSCF,MTAS,T:SCSCF,GTW,I:GTW,SCSCF,T:GTW,SCSCF,S:SCSCF,MTAS,S:SCSCF,PCSCF,S:PCSCF,SCSCF,P:MTAS,SCSCF,P:SCSCF,GTW,P:GTW,SCSCF,P-200:SCSCF,MTAS,P-200:SCSCF,PCSCF,P-200:GTW,SCSCF,R:SCSCF,MTAS,R:SCSCF,PCSCF,R:PCSCF,SCSCF,P:MTAS,SCSCF,P:SCSCF,GTW,P:GTW,SCSCF,P-200:SCSCF,MTAS,P-200:SCSCF,PCSCF,P-200:GTW,SCSCF,I-200:SCSCF,MTAS,I-200:SCSCF,PCSCF,I-200:PCSCF,SCSCF,A:SCSCF,MTAS,A:MTAS,SCSCF,A:SCSCF,GTW,A:MTAS,SCSCF,U:SCSCF,GTW,U:GTW,SCSCF,U-200:SCSCF,PCSCF,U:SCSCF,MTAS,U-200:PCSCF,SCSCF,U-200:SCSCF,MTAS,U-200:MTAS,SCSCF,U:SCSCF,GTW,U:GTW,SCSCF,U-200:SCSCF,PCSCF,U:SCSCF,MTAS,U-200:PCSCF,SCSCF,U-200:SCSCF,MTAS,U-200:MTAS,SCSCF,U:SCSCF,GTW,U:GTW,SCSCF,U-200:SCSCF,MTAS,U-200:MTAS,SCSCF,U:SCSCF,PCSCF,U:PCSCF,SCSCF,U-200:SCSCF,MTAS,U-200:MTAS,SCSCF,U:SCSCF,GTW,U:GTW,SCSCF,U-200:SCSCF,MTAS,U-200:MTAS,SCSCF,U:SCSCF,PCSCF,U:PCSCF,SCSCF,U-200:SCSCF,MTAS,U-200:GTW,SCSCF,B:PCSCF,SCSCF,B:MTAS,SCSCF,B:SCSCF,PCSCF,B:PCSCF,SCSCF,B-200:SCSCF,MTAS,B-200:SCSCF,GTW,B-200:SCSCF,PCSCF,B-481"
149,149,0,0,45,-0.7711032380372401,-0.7441126819993291,0,0,"PCSCF,SCSCF,I:SCSCF,ASLI,I:ASLI,SCSCF,T:ASLI,SCSCF,I-500:SCSCF,ASLI,A:SCSCF,PCSCF,T:MTAS,SCSCF,I:SCSCF,MTAS,T:SCSCF,GTW,I:GTW,SCSCF,T:GTW,SCSCF,R:SCSCF,MTAS,R:SCSCF,PCSCF,R:SCSCF,MTAS,P:MTAS,SCSCF,P:PCSCF,SCSCF,P:SCSCF,GTW,P:GTW,SCSCF,P-200:SCSCF,MTAS,P-200:MTAS,SCSCF,P-200:SCSCF,PCSCF,P-200:GTW,SCSCF,I-200:SCSCF,MTAS,I-200:SCSCF,PCSCF,I-200:SCSCF,MTAS,A:MTAS,SCSCF,A:SCSCF,GTW,A:PCSCF,SCSCF,A:GTW,SCSCF,B:MTAS,SCSCF,B:SCSCF,PCSCF,B:PCSCF,SCSCF,B-200:SCSCF,MTAS,B-200:SCSCF,GTW,B-200"
150,150,0,0,53,-0.6709438273876098,-0.6503024251210604,76,0,"GTW,ICSCF,I:ICSCF,GTW,T:SCSCF,ASLI,I:ASLI,SCSCF,T:ASLI,SCSCF,I-500:SCSCF,ASLI,A:SCSCF,MTAS,I:MTAS,SCSCF,T:MTAS,SCSCF,I:SCSCF,MTAS,T:SCSCF,PCSCF,I:PCSCF,SCSCF,T:PCSCF,SCSCF,R:SCSCF,MTAS,R:MTAS,SCSCF,R:ICSCF,GTW,R:GTW,SCSCF,P:SCSCF,MTAS,P:MTAS,SCSCF,P:SCSCF,PCSCF,P:SCSCF,MTAS,P-200:MTAS,SCSCF,P-200:PCSCF,SCSCF,P-200:SCSCF,GTW,P-200:GTW,ICSCF,C:ICSCF,GTW,C-200:SCSCF,MTAS,C:MTAS,SCSCF,C:SCSCF,MTAS,C-200:SCSCF,PCSCF,C:PCSCF,SCSCF,C-200:MTAS,SCSCF,C-200:PCSCF,SCSCF,I-487:SCSCF,PCSCF,A:SCSCF,MTAS,I-487:MTAS,SCSCF,A:MTAS,SCSCF,I-487:SCSCF,MTAS,A:ICSCF,GTW,I-487:GTW,ICSCF,A"
151,151,0,0,53,-0.8492976687557259,-0.8200521603231985,76,0,"GTW,ICSCF,I:ICSCF,GTW,T:SCSCF,ASLI,I:ASLI,SCSCF,T:ASLI,SCSCF,I-500:SCSCF,ASLI,A:SCSCF,MTAS,I:MTAS,SCSCF,T:MTAS,SCSCF,I:SCSCF,MTAS,T:SCSCF,PCSCF,I:PCSCF,SCSCF,T:PCSCF,SCSCF,R:SCSCF,MTAS,R:MTAS,SCSCF,R:ICSCF,GTW,R:GTW,SCSCF,P:SCSCF,MTAS,P:MTAS,SCSCF,P:SCSCF,PCSCF,P:PCSCF,SCSCF,P-200:SCSCF,MTAS,P-200:MTAS,SCSCF,P-200:SCSCF,GTW,P-200:GTW,ICSCF,C:ICSCF,GTW,C-200:SCSCF,MTAS,C:MTAS,SCSCF,C:SCSCF,MTAS,C-200:SCSCF,PCSCF,C:PCSCF,SCSCF,C-200:PCSCF,SCSCF,I-487:SCSCF,PCSCF,A:SCSCF,MTAS,I-487:MTAS,SCSCF,C-200:MTAS,SCSCF,A:MTAS,SCSCF,I-487:SCSCF,MTAS,A:ICSCF,GTW,I-487:GTW,ICSCF,A"
152,152,0,0,55,-0.5008642274568484,-0.5004470382239569,5,0,"PCSCF,SCSCF,I:SCSCF,PCSCF,T:SCSCF,ASLI,I:ASLI,SCSCF,T:ASLI,SCSCF,I-500:SCSCF,ASLI,A:MTAS,SCSCF,I:SCSCF,MTAS,T:SCSCF,ASLI,I:ASLI,SCSCF,T:ASLI,SCSCF,I-500:SCSCF,ASLI,A:SCSCF,MTAS,I:MTAS,SCSCF,T:MTAS,SCSCF,I:SCSCF,MTAS,T:SCSCF,PCSCF,I:PCSCF,SCSCF,T:PCSCF,SCSCF,R:SCSCF,MTAS,R:MTAS,SCSCF,R:SCSCF,MTAS,R:SCSCF,PCSCF,R:PCSCF,SCSCF,I-200:SCSCF,MTAS,I-200:MTAS,SCSCF,I-200:SCSCF,MTAS,I-200:SCSCF,PCSCF,I-200:PCSCF,SCSCF,A:MTAS,SCSCF,A:SCSCF,MTAS,A:MTAS,SCSCF,A:SCSCF,PCSCF,A:PCSCF,SCSCF,B:MTAS,SCSCF,B:SCSCF,MTAS,B:MTAS,SCSCF,B:SCSCF,PCSCF,B:PCSCF,SCSCF,B-200:SCSCF,MTAS,B-200:MTAS,SCSCF,B-200:SCSCF,MTAS,B-200:SCSCF,PCSCF,B-200"
153,153,0,0,91,-0.6843250292272738,-0.6717754040522761,100,0,"GTW,ICSCF,I:ICSCF,GTW,T:SCSCF,ASLI,I:ASLI,SCSCF,T:ASLI,SCSCF,I-500:SCSCF,ASLI,A:SCSCF,MTAS,I:MTAS,SCSCF,T:MTAS,SCSCF,I:SCSCF,MTAS,T:SCSCF,PCSCF,I:PCSCF,SCSCF,T:PCSCF,SCSCF,R:SCSCF,MTAS,R:MTAS,SCSCF,R:ICSCF,GTW,R:GTW,SCSCF,P:SCSCF,MTAS,P:MTAS,SCSCF,P:SCSCF,PCSCF,P:PCSCF,SCSCF,P-200:SCSCF,MTAS,P-200:MTAS,SCSCF,P-200:SCSCF,GTW,P-200:PCSCF,SCSCF,I-200:SCSCF,MTAS,I-200:MTAS,SCSCF,I-200:ICSCF,GTW,I-200:GTW,SCSCF,A:SCSCF,MTAS,A:MTAS,SCSCF,A:SCSCF,PCSCF,A:GTW,SCSCF,I:SCSCF,GTW,T:SCSCF,MTAS,I:MTAS,SCSCF,T:MTAS,SCSCF,I:SCSCF,MTAS,T:SCSCF,PCSCF,I:PCSCF,SCSCF,I-200:SCSCF,MTAS,I-200:MTAS,SCSCF,I-200:SCSCF,GTW,I-200:GTW,SCSCF,A:SCSCF,MTAS,A:MTAS,SCSCF,A:SCSCF,PCSCF,A:GTW,SCSCF,I:SCSCF,GTW,T:SCSCF,MTAS,I:MTAS,SCSCF,I:SCSCF,MTAS,T:SCSCF,PCSCF,I:MTAS,SCSCF,T:PCSCF,SCSCF,I-200:SCSCF,MTAS,I-200:MTAS,SCSCF,I-200:SCSCF,GTW,I-200:GTW,SCSCF,A:SCSCF,MTAS,A:MTAS,SCSCF,A:SCSCF,PCSCF,A:GTW,SCSCF,B:SCSCF,MTAS,B:MTAS,SCSCF,B:SCSCF,PCSCF,B:PCSCF,SCSCF,B-200:SCSCF,MTAS,B-200:MTAS,SCSCF,B-200:SCSCF,GTW,B-200"
154,154,0,0,60,-0.6203792088148561,-0.6186043469199779,113,0,"GTW,ICSCF,I:ICSCF,GTW,T:SCSCF,ASLI,I:ASLI,SCSCF,T:ASLI,SCSCF,I-500:SCSCF,ASLI,A:SCSCF,MTAS,I:MTAS,SCSCF,T:MTAS,SCSCF,I:SCSCF,MTAS,T:SCSCF,PCSCF,I:PCSCF,SCSCF,T:PCSCF,SCSCF,R:SCSCF,MTAS,R:MTAS,SCSCF,R:ICSCF,GTW,R:GTW,SCSCF,P:SCSCF,MTAS,P:MTAS,SCSCF,P:SCSCF,PCSCF,P:PCSCF,SCSCF,P-200:SCSCF,MTAS,P-200:MTAS,SCSCF,P-200:SCSCF,GTW,P-200:PCSCF,SCSCF,I-200:SCSCF,MTAS,I-200:MTAS,SCSCF,I-200:ICSCF,GTW,I-200:GTW,SCSCF,A:SCSCF,MTAS,A:MTAS,SCSCF,A:SCSCF,PCSCF,A:MTAS,SCSCF,U:SCSCF,PCSCF,U:MTAS,SCSCF,U:SCSCF,GTW,U:SCSCF,MTAS,U-200:GTW,SCSCF,U-200:SCSCF,MTAS,U-200:PCSCF,SCSCF,U-200:GTW,SCSCF,B:SCSCF,MTAS,B:MTAS,SCSCF,B:SCSCF,PCSCF,B:GTW,SCSCF,B:SCSCF,GTW,B-408"
155,155,0,0,52,-0.36188162836330096,-0.36179565019509524,5,0,"PCSCF,SCSCF,I:SCSCF,PCSCF,T:SCSCF,ASLI,I:ASLI,SCSCF,T:ASLI,SCSCF,I-500:SCSCF,ASLI,A:MTAS,SCSCF,I:SCSCF,MTAS,T:SCSCF,GTW,I:GTW,SCSCF,T:GTW,SCSCF,R:SCSCF,MTAS,R:SCSCF,PCSCF,R:PCSCF,SCSCF,P:SCSCF,MTAS,P:MTAS,SCSCF,P:SCSCF,GTW,P:GTW,SCSCF,P-200:SCSCF,MTAS,P-200:MTAS,SCSCF,P-200:SCSCF,PCSCF,P-200:GTW,SCSCF,I-200:SCSCF,MTAS,I-200:SCSCF,PCSCF,I-200:GTW,SCSCF,I-200:SCSCF,MTAS,I-200:PCSCF,SCSCF,A:SCSCF,MTAS,A:MTAS,SCSCF,A:SCSCF,GTW,A:PCSCF,SCSCF,B:SCSCF,MTAS,B:MTAS,SCSCF,B:SCSCF,GTW,B:GTW,SCSCF,B-200:SCSCF,MTAS,B-200:MTAS,SCSCF,B-200:SCSCF,PCSCF,B-200"
156,156,0,0,30,-1.1161054125331904,-1.0988265607565353,27,0,"PCSCF,SCSCF,I:SCSCF,BCCAS,I:BCCAS,SCSCF,T:BCCAS,SCSCF,I-500:SCSCF,BCCAS,A:SCSCF,ASLI,I:ASLI,SCSCF,T:ASLI,SCSCF,I-500:SCSCF,PCSCF,T:SCSCF,ASLI,A:SCSCF,BCCAS,I:BCCAS,SCSCF,T:BCCAS,SCSCF,I:SCSCF,BCCAS,T:SCSCF,GTW,I:GTW,SCSCF,T:GTW,SCSCF,I-486:SCSCF,GTW,A:SCSCF,BCCAS,I-486:BCCAS,SCSCF,A:BCCAS,SCSCF,I-486:SCSCF,BCCAS,A:SCSCF,PCSCF,I-486:PCSCF,SCSCF,A"
157,157,0,0,65,-0.7885999143213942,-0.7853986904314311,59,0,"PCSCF,SCSCF,I:SCSCF,PCSCF,T:SCSCF,ASLI,I:ASLI,SCSCF,T:ASLI,SCSCF,I-500:SCSCF,ASLI,A:MTAS,SCSCF,I:SCSCF,MTAS,T:SCSCF,GTW,I:GTW,SCSCF,T:GTW,SCSCF,I-200:SCSCF,MTAS,I-200:SCSCF,PCSCF,I-200:PCSCF,SCSCF,A:SCSCF,MTAS,A:MTAS,SCSCF,A:SCSCF,GTW,A:MTAS,SCSCF,U:SCSCF,GTW,U:GTW,SCSCF,U-200:SCSCF,MTAS,U-200:MTAS,SCSCF,U:SCSCF,PCSCF,U:PCSCF,SCSCF,U-200:SCSCF,MTAS,U-200:MTAS,SCSCF,U:SCSCF,GTW,U:GTW,SCSCF,U-200:SCSCF,PCSCF,U:SCSCF,MTAS,U-200:PCSCF,SCSCF,U-200:SCSCF,MTAS,U-200:MTAS,SCSCF,U:SCSCF,GTW,U:GTW,SCSCF,U-200:SCSCF,MTAS,U-200:MTAS,SCSCF,U:SCSCF,PCSCF,U:PCSCF,SCSCF,U-200:SCSCF,MTAS,U-200:GTW,SCSCF,B:MTAS,SCSCF,B:SCSCF,PCSCF,B:PCSCF,SCSCF,B-200:SCSCF,MTAS,B-200:SCSCF,GTW,B-200"
158,158,0,0,53,-0.9131930315838472,-0.8547808272638132,76,0,"PCSCF,SCSCF,I:SCSCF,PCSCF,T:SCSCF,ASLI,I:ASLI,SCSCF,T:ASLI,SCSCF,I-500:SCSCF,ASLI,A:MTAS,SCSCF,I:SCSCF,MTAS,T:SCSCF,GTW,I:GTW,SCSCF,T:GTW,SCSCF,S:SCSCF,MTAS,S:SCSCF,PCSCF,S:PCSCF,SCSCF,P:MTAS,SCSCF,P:SCSCF,GTW,P:GTW,SCSCF,P-200:SCSCF,MTAS,P-200:SCSCF,PCSCF,P-200:GTW,SCSCF,R:SCSCF,MTAS,R:SCSCF,PCSCF,R:PCSCF,SCSCF,P:MTAS,SCSCF,P:SCSCF,GTW,P:GTW,SCSCF,P-200:SCSCF,MTAS,P-200:SCSCF,PCSCF,P-200:PCSCF,SCSCF,C:MTAS,SCSCF,C:SCSCF,MTAS,C-200:SCSCF,GTW,C:SCSCF,PCSCF,C-200:GTW,SCSCF,C-200:GTW,SCSCF,I-487:SCSCF,GTW,A:SCSCF,MTAS,I-487:MTAS,SCSCF,A:SCSCF,PCSCF,I-487:PCSCF,SCSCF,A"
159,159,0,0,53,-0.7647728161056792,-0.7642374663375613,24,0,"PCSCF,SCSCF,I:SCSCF,PCSCF,T:SCSCF,PCSCF,I-407:PCSCF,SCSCF,A:PCSCF,SCSCF,I:SCSCF,ASLI,I:ASLI,SCSCF,T:SCSCF,PCSCF,T:ASLI,SCSCF,I-500:SCSCF,ASLI,A:MTAS,SCSCF,I:SCSCF,MTAS,T:SCSCF,GTW,I:GTW,SCSCF,T:GTW,SCSCF,R:SCSCF,MTAS,R:SCSCF,PCSCF,R:PCSCF,SCSCF,P:SCSCF,MTAS,P:MTAS,SCSCF,P:SCSCF,GTW,P:GTW,SCSCF,P-200:SCSCF,MTAS,P-200:MTAS,SCSCF,P-200:SCSCF,PCSCF,P-200:GTW,SCSCF,I-200:SCSCF,MTAS,I-200:SCSCF,PCSCF,I-200:PCSCF,SCSCF,A:SCSCF,MTAS,A:MTAS,SCSCF,A:SCSCF,GTW,A:PCSCF,SCSCF,B:SCSCF,MTAS,B:MTAS,SCSCF,B:SCSCF,GTW,B:GTW,SCSCF,B-200:SCSCF,MTAS,B-200:MTAS,SCSCF,B-200:SCSCF,PCSCF,B-200"
160,160,0,0,79,-0.8612756350038299,-0.8295419142894835,113,0,"PCSCF,SCSCF,I:SCSCF,PCSCF,T:SCSCF,PCSCF,I-407:PCSCF,SCSCF,A:PCSCF,SCSCF,I:SCSCF,ASLI,I:ASLI,SCSCF,T:ASLI,SCSCF,I-500:SCSCF,ASLI,A:MTAS,SCSCF,I:SCSCF,MTAS,T:SCSCF,GTW,I:GTW,SCSCF,T:SCSCF,PCSCF,T:GTW,SCSCF,S:SCSCF,PCSCF,S:SCSCF,MTAS,S:PCSCF,SCSCF,P:SCSCF,MTAS,P:MTAS,SCSCF,P:SCSCF,GTW,P:GTW,SCSCF,P-200:SCSCF,MTAS,P-200:MTAS,SCSCF,P-200:SCSCF,PCSCF,P-200:GTW,SCSCF,R:SCSCF,MTAS,R:SCSCF,PCSCF,R:PCSCF,SCSCF,P:SCSCF,MTAS,P:MTAS,SCSCF,P:SCSCF,GTW,P:GTW,SCSCF,P-200:SCSCF,MTAS,P-200:MTAS,SCSCF,P-200:SCSCF,PCSCF,P-200:GTW,SCSCF,I-200:SCSCF,MTAS,I-200:SCSCF,PCSCF,I-200:PCSCF,SCSCF,A:SCSCF,MTAS,A:MTAS,SCSCF,A:SCSCF,GTW,A:MTAS,SCSCF,U:SCSCF,GTW,U:SCSCF,PCSCF,U:GTW,SCSCF,U-200:SCSCF,MTAS,U-200:PCSCF,SCSCF,U-200:SCSCF,MTAS,U-200:PCSCF,SCSCF,B:SCSCF,MTAS,B:MTAS,SCSCF,B:SCSCF,GTW,B:GTW,SCSCF,B-200:SCSCF,MTAS,B-200:MTAS,SCSCF,B-200:SCSCF,PCSCF,B-200"
161,161,0,0,100,-0.6559912481554988,-0.63696176932155,59,0,"GTW,ICSCF,I:ICSCF,GTW,T:SCSCF,ASLI,I:ASLI,SCSCF,T:ASLI,SCSCF,I-500:SCSCF,ASLI,A:SCSCF,MTAS,I:MTAS,SCSCF,T:MTAS,SCSCF,I:SCSCF,MTAS,T:SCSCF,PCSCF,I:PCSCF,SCSCF,T:PCSCF,SCSCF,R:SCSCF,MTAS,R:MTAS,SCSCF,R:ICSCF,GTW,R:GTW,SCSCF,P:SCSCF,MTAS,P:MTAS,SCSCF,P:SCSCF,PCSCF,P:PCSCF,SCSCF,P-200:SCSCF,MTAS,P-200:MTAS,SCSCF,P-200:SCSCF,GTW,P-200:PCSCF,SCSCF,I-200:SCSCF,MTAS,I-200:MTAS,SCSCF,I-200:ICSCF,GTW,I-200:GTW,SCSCF,A:SCSCF,MTAS,A:MTAS,SCSCF,A:SCSCF,PCSCF,A:MTAS,SCSCF,U:SCSCF,PCSCF,U:SCSCF,GTW,U:GTW,SCSCF,U-200:SCSCF,MTAS,U-200:PCSCF,SCSCF,U-200:SCSCF,MTAS,U-200:MTAS,SCSCF,U:SCSCF,GTW,U:GTW,SCSCF,U-200:SCSCF,MTAS,U-200:MTAS,SCSCF,U:SCSCF,PCSCF,U:PCSCF,SCSCF,U-200:SCSCF,MTAS,U-200:MTAS,SCSCF,U:SCSCF,GTW,U:GTW,SCSCF,U-200:SCSCF,MTAS,U-200:MTAS,SCSCF,U:SCSCF,PCSCF,U:PCSCF,SCSCF,U-200:SCSCF,MTAS,U-200:MTAS,SCSCF,U:GTW,SCSCF,U-200:SCSCF,MTAS,U-200:SCSCF,GTW,U:MTAS,SCSCF,U:SCSCF,PCSCF,U:SCSCF,MTAS,U-200:PCSCF,SCSCF,U-200:PCSCF,SCSCF,B:SCSCF,MTAS,B:MTAS,SCSCF,B:SCSCF,GTW,B:GTW,SCSCF,B-200:SCSCF,MTAS,B-200:MTAS,SCSCF,B-200:SCSCF,PCSCF,B-200"
162,162,0,0,65,-0.911687214014262,-0.902539566660824,60,0,"PCSCF,SCSCF,I:SCSCF,PCSCF,T:SCSCF,ASLI,I:ASLI,SCSCF,T:ASLI,SCSCF,I-500:SCSCF,ASLI,A:MTAS,SCSCF,I:SCSCF,MTAS,T:SCSCF,GTW,I:GTW,SCSCF,T:GTW,SCSCF,S:SCSCF,MTAS,S:GTW,SCSCF,S:SCSCF,MTAS,S:SCSCF,PCSCF,S:PCSCF,SCSCF,P:SCSCF,MTAS,P:MTAS,SCSCF,P:SCSCF,GTW,P:GTW,SCSCF,R:SCSCF,MTAS,R:GTW,SCSCF,P-200:SCSCF,MTAS,P-200:MTAS,SCSCF,P-200:SCSCF,PCSCF,P-200:PCSCF,SCSCF,P:SCSCF,PCSCF,R:SCSCF,PCSCF,P-482:PCSCF,SCSCF,P:SCSCF,MTAS,P:MTAS,SCSCF,P:SCSCF,GTW,P:GTW,SCSCF,P-200:SCSCF,MTAS,P-200:MTAS,SCSCF,P-200:SCSCF,PCSCF,P-200:GTW,SCSCF,I-200:SCSCF,MTAS,I-200:SCSCF,PCSCF,I-200:PCSCF,SCSCF,A:SCSCF,MTAS,A:MTAS,SCSCF,A:SCSCF,GTW,A:GTW,SCSCF,B:MTAS,SCSCF,B:SCSCF,PCSCF,B:PCSCF,SCSCF,B-200:SCSCF,MTAS,B-200:SCSCF,GTW,B-200"
163,163,0,0,77,-0.8669684463172241,-0.8553553390203554,323,0,"GTW,ICSCF,I:ICSCF,GTW,T:SCSCF,ASLI,I:ASLI,SCSCF,T:ASLI,SCSCF,I-500:SCSCF,ASLI,A:SCSCF,MTAS,I:MTAS,SCSCF,I:SCSCF,MTAS,T:MTAS,SCSCF,T:SCSCF,PCSCF,I:PCSCF,SCSCF,T:SCSCF,PCSCF,I:PCSCF,SCSCF,T:PCSCF,SCSCF,R:SCSCF,MTAS,R:MTAS,SCSCF,R:ICSCF,GTW,R:GTW,SCSCF,P:SCSCF,MTAS,P:MTAS,SCSCF,P:SCSCF,PCSCF,P:PCSCF,SCSCF,R:SCSCF,MTAS,R:MTAS,SCSCF,R:ICSCF,GTW,R:GTW,SCSCF,P:SCSCF,MTAS,P:MTAS,SCSCF,P:PCSCF,SCSCF,P-200:SCSCF,PCSCF,P:SCSCF,MTAS,P-200:MTAS,SCSCF,P-200:SCSCF,GTW,P-200:PCSCF,SCSCF,P-200:SCSCF,MTAS,P-200:MTAS,SCSCF,P-200:SCSCF,GTW,P-200:GTW,ICSCF,C:ICSCF,GTW,C-200:SCSCF,MTAS,C:MTAS,SCSCF,C-200:MTAS,SCSCF,C:SCSCF,MTAS,C-200:SCSCF,PCSCF,C:PCSCF,SCSCF,C-200:SCSCF,PCSCF,C:PCSCF,SCSCF,C-200:PCSCF,SCSCF,I-487:SCSCF,PCSCF,A:PCSCF,SCSCF,I-487:SCSCF,MTAS,I-487:MTAS,SCSCF,A:MTAS,SCSCF,I-487:SCSCF,MTAS,A:ICSCF,GTW,I-487:GTW,ICSCF,A:SCSCF,PCSCF,A"
164,164,0,0,42,-1.0624206187487615,-1.0391627493682225,53,0,"PCSCF,SCSCF,I:SCSCF,PCSCF,T:SCSCF,ASLI,I:ASLI,SCSCF,T:ASLI,SCSCF,I-500:SCSCF,ASLI,A:MTAS,SCSCF,I:SCSCF,MTAS,T:SCSCF,GTW,I:GTW,SCSCF,T:GTW,SCSCF,S:SCSCF,MTAS,S:SCSCF,PCSCF,S:PCSCF,SCSCF,P:MTAS,SCSCF,P:SCSCF,GTW,P:GTW,SCSCF,P-200:GTW,SCSCF,I-200:SCSCF,MTAS,I-200:SCSCF,MTAS,P-200:SCSCF,PCSCF,I-200:SCSCF,PCSCF,P-200:PCSCF,SCSCF,A:SCSCF,MTAS,A:MTAS,SCSCF,A:SCSCF,GTW,A:PCSCF,SCSCF,B:MTAS,SCSCF,B:SCSCF,GTW,B:GTW,SCSCF,B-200:SCSCF,MTAS,B-200:SCSCF,PCSCF,B-200"
165,165,0,0,19,-0.5515069918912744,-0.5474389766697046,5,0,"GTW,ICSCF,I:ICSCF,GTW,T:ICSCF,SCSCF,I:SCSCF,ICSCF,T:SCSCF,MTAS,I:MTAS,SCSCF,T:MTAS,SCSCF,R:SCSCF,ICSCF,R:ICSCF,GTW,R:SCSCF,MTAS,P:MTAS,SCSCF,P-200:MTAS,SCSCF,I-200:SCSCF,ICSCF,I-200:ICSCF,GTW,I-200:SCSCF,MTAS,A"
166,166,0,1,15,-1.5695856176157974,-1.4369977888512246,27,0,"GTW,ICSCF,I:ICSCF,GTW,T:SCSCF,ASLI,I:ASLI,SCSCF,T:ASLI,SCSCF,I-500:SCSCF,ASLI,A:SCSCF,MTAS,I:MTAS,SCSCF,T:MTAS,SCSCF,I-486:ICSCF,GTW,I-486:GTW,ICSCF,A:SCSCF,MTAS,A"
167,167,0,0,53,-0.8376175123052606,-0.7929973864768493,323,0,"GTW,ICSCF,I:ICSCF,GTW,T:SCSCF,ASLI,I:ASLI,SCSCF,T:ASLI,SCSCF,I-500:SCSCF,MTAS,I:MTAS,SCSCF,T:MTAS,SCSCF,I:SCSCF,MTAS,T:SCSCF,PCSCF,I:PCSCF,SCSCF,T:SCSCF,ASLI,A:PCSCF,SCSCF,R:SCSCF,MTAS,R:MTAS,SCSCF,R:ICSCF,GTW,R:GTW,SCSCF,P:SCSCF,MTAS,P:MTAS,SCSCF,P:SCSCF,PCSCF,P:PCSCF,SCSCF,P-200:SCSCF,MTAS,P-200:MTAS,SCSCF,P-200:SCSCF,GTW,P-200:GTW,ICSCF,C:ICSCF,GTW,C-200:SCSCF,MTAS,C:MTAS,SCSCF,C-200:MTAS,SCSCF,C:SCSCF,MTAS,C-200:SCSCF,PCSCF,C:PCSCF,SCSCF,C-200:PCSCF,SCSCF,I-487:SCSCF,MTAS,I-487:MTAS,SCSCF,A:MTAS,SCSCF,I-487:SCSCF,MTAS,A:ICSCF,GTW,I-487:GTW,ICSCF,A:SCSCF,PCSCF,A"
168,168,0,0,76,-0.7413951497073031,-0.7111514763157137,59,0,"GTW,ICSCF,I:ICSCF,GTW,T:SCSCF,ASLI,I:ASLI,SCSCF,T:ASLI,SCSCF,I-500:SCSCF,MTAS,I:SCSCF,ASLI,A:MTAS,SCSCF,T:MTAS,SCSCF,I:SCSCF,MTAS,T:SCSCF,PCSCF,I:PCSCF,SCSCF,T:PCSCF,SCSCF,R:SCSCF,MTAS,R:MTAS,SCSCF,R:ICSCF,GTW,R:GTW,SCSCF,P:SCSCF,MTAS,P:MTAS,SCSCF,P:SCSCF,PCSCF,P:PCSCF,SCSCF,P-200:SCSCF,MTAS,P-200:MTAS,SCSCF,P-200:SCSCF,GTW,P-200:PCSCF,SCSCF,I-200:SCSCF,MTAS,I-200:MTAS,SCSCF,I-200:ICSCF,GTW,I-200:GTW,SCSCF,A:SCSCF,MTAS,A:MTAS,SCSCF,A:SCSCF,PCSCF,A:MTAS,SCSCF,U:SCSCF,PCSCF,U:SCSCF,GTW,U:GTW,SCSCF,U-200:SCSCF,MTAS,U-200:PCSCF,SCSCF,U-200:SCSCF,MTAS,U-200:MTAS,SCSCF,U:SCSCF,GTW,U:GTW,SCSCF,U-200:SCSCF,MTAS,U-200:MTAS,SCSCF,U:SCSCF,PCSCF,U:PCSCF,SCSCF,U-200:SCSCF,MTAS,U-200:PCSCF,SCSCF,B:SCSCF,MTAS,B:MTAS,SCSCF,B:SCSCF,GTW,B:GTW,SCSCF,B-200:SCSCF,MTAS,B-200:MTAS,SCSCF,B-200:SCSCF,PCSCF,B-200"
169,169,0,0,68,-0.7207705759219705,-0.6924614561034066,59,0,"PCSCF,SCSCF,I:SCSCF,PCSCF,T:SCSCF,ASLI,I:ASLI,SCSCF,T:ASLI,SCSCF,I-500:SCSCF,ASLI,A:MTAS,SCSCF,I:SCSCF,MTAS,T:SCSCF,GTW,I:GTW,SCSCF,T:GTW,SCSCF,R:SCSCF,MTAS,R:SCSCF,PCSCF,R:PCSCF,SCSCF,P:SCSCF,MTAS,P:MTAS,SCSCF,P:SCSCF,GTW,P:GTW,SCSCF,P-200:SCSCF,MTAS,P-200:MTAS,SCSCF,P-200:SCSCF,PCSCF,P-200:GTW,SCSCF,I-200:SCSCF,MTAS,I-200:SCSCF,PCSCF,I-200:PCSCF,SCSCF,A:SCSCF,MTAS,A:MTAS,SCSCF,A:SCSCF,GTW,A:MTAS,SCSCF,U:SCSCF,GTW,U:GTW,SCSCF,U-200:SCSCF,PCSCF,U:SCSCF,MTAS,U-200:PCSCF,SCSCF,U-200:SCSCF,MTAS,U-200:MTAS,SCSCF,U:SCSCF,GTW,U:GTW,SCSCF,U-200:SCSCF,MTAS,U-200:MTAS,SCSCF,U:SCSCF,PCSCF,U:PCSCF,SCSCF,U-200:SCSCF,MTAS,U-200:PCSCF,SCSCF,B:MTAS,SCSCF,B:SCSCF,GTW,B:GTW,SCSCF,B-200:SCSCF,MTAS,B-200:SCSCF,PCSCF,B-200"
170,170,0,1,39,-1.510792339792467,-1.5048616070380598,563,0,"GTW,ICSCF,I:ICSCF,GTW,T:SCSCF,ASLI,I:ASLI,SCSCF,T:ASLI,SCSCF,I-500:SCSCF,ASLI,A:SCSCF,MTAS,I:MTAS,SCSCF,I:SCSCF,MTAS,T:SCSCF,PCSCF,I:PCSCF,SCSCF,T:MTAS,SCSCF,T:PCSCF,SCSCF,I-408:SCSCF,PCSCF,A:SCSCF,MTAS,I-408:MTAS,SCSCF,A:MTAS,SCSCF,S:ICSCF,GTW,S:GTW,SCSCF,P:SCSCF,MTAS,P:MTAS,SCSCF,P-200:SCSCF,GTW,P-200:GTW,ICSCF,C:ICSCF,GTW,C-200:SCSCF,MTAS,C:MTAS,SCSCF,C-200:MTAS,SCSCF,I-408:SCSCF,MTAS,A:ICSCF,GTW,I-408:GTW,ICSCF,A"
171,171,0,0,93,-0.7855100807190495,-0.7815087838506535,60,0,"PCSCF,SCSCF,I:SCSCF,ASLI,I:SCSCF,PCSCF,T:ASLI,SCSCF,T:ASLI,SCSCF,I-500:SCSCF,ASLI,A:MTAS,SCSCF,I:SCSCF,MTAS,T:SCSCF,GTW,I:GTW,SCSCF,T:GTW,SCSCF,S:SCSCF,MTAS,S:SCSCF,PCSCF,S:PCSCF,SCSCF,P:SCSCF,MTAS,P:MTAS,SCSCF,P:SCSCF,GTW,P:GTW,SCSCF,P-200:SCSCF,MTAS,P-200:MTAS,SCSCF,P-200:SCSCF,PCSCF,P-200:GTW,SCSCF,S:SCSCF,MTAS,S:SCSCF,PCSCF,S:PCSCF,SCSCF,P:SCSCF,MTAS,P:MTAS,SCSCF,P:SCSCF,GTW,P:GTW,SCSCF,P-200:SCSCF,MTAS,P-200:MTAS,SCSCF,P-200:SCSCF,PCSCF,P-200:GTW,SCSCF,S:SCSCF,MTAS,S:SCSCF,PCSCF,S:PCSCF,SCSCF,P:SCSCF,MTAS,P:MTAS,SCSCF,P:SCSCF,GTW,P:GTW,SCSCF,P-200:SCSCF,MTAS,P-200:MTAS,SCSCF,P-200:SCSCF,PCSCF,P-200:GTW,SCSCF,R:SCSCF,MTAS,R:SCSCF,PCSCF,R:PCSCF,SCSCF,P:SCSCF,MTAS,P:MTAS,SCSCF,P:SCSCF,GTW,P:GTW,SCSCF,P-200:SCSCF,MTAS,P-200:MTAS,SCSCF,P-200:SCSCF,PCSCF,P-200:GTW,SCSCF,I-200:SCSCF,MTAS,I-200:SCSCF,PCSCF,I-200:PCSCF,SCSCF,A:SCSCF,MTAS,A:MTAS,SCSCF,A:SCSCF,GTW,A:PCSCF,SCSCF,B:SCSCF,MTAS,B:MTAS,SCSCF,B:SCSCF,GTW,B:GTW,SCSCF,B-200:SCSCF,MTAS,B-200:MTAS,SCSCF,B-200:SCSCF,PCSCF,B-200"
172,172,0,0,74,-1.0480471598711394,-1.0101346708782564,248,0,"PCSCF,SCSCF,I:SCSCF,PCSCF,T:SCSCF,ASLI,I:ASLI,SCSCF,T:ASLI,SCSCF,I-500:SCSCF,ASLI,A:MTAS,SCSCF,I:SCSCF,MTAS,T:SCSCF,GTW,I:GTW,SCSCF,T:GTW,SCSCF,S:SCSCF,MTAS,S:SCSCF,PCSCF,S:PCSCF,SCSCF,P:SCSCF,MTAS,P:MTAS,SCSCF,P:SCSCF,GTW,P:GTW,SCSCF,P-200:GTW,SCSCF,S:SCSCF,MTAS,S:SCSCF,MTAS,P-200:MTAS,SCSCF,P-200:SCSCF,PCSCF,P-200:SCSCF,PCSCF,S:PCSCF,SCSCF,P:SCSCF,MTAS,P:MTAS,SCSCF,P:SCSCF,GTW,P:GTW,SCSCF,P-200:SCSCF,MTAS,P-200:MTAS,SCSCF,P-200:SCSCF,PCSCF,P-200:SCSCF,MTAS,R:GTW,SCSCF,R:SCSCF,PCSCF,R:PCSCF,SCSCF,P:SCSCF,MTAS,P:MTAS,SCSCF,P:SCSCF,GTW,P:SCSCF,MTAS,P-200:GTW,SCSCF,P-200:MTAS,SCSCF,P-200:SCSCF,PCSCF,P-200:PCSCF,SCSCF,C:MTAS,SCSCF,C:SCSCF,MTAS,C-200:SCSCF,GTW,C:GTW,SCSCF,C-200:GTW,SCSCF,I-487:SCSCF,GTW,A:SCSCF,MTAS,I-487:MTAS,SCSCF,A:SCSCF,PCSCF,C-200:SCSCF,PCSCF,I-487:PCSCF,SCSCF,A"
173,173,0,0,58,-0.9113716891262806,-0.8931812157309514,60,0,"PCSCF,SCSCF,I:SCSCF,ASLI,I:ASLI,SCSCF,T:SCSCF,PCSCF,T:ASLI,SCSCF,I-500:SCSCF,ASLI,A:MTAS,SCSCF,I:SCSCF,MTAS,T:SCSCF,GTW,I:GTW,SCSCF,T:GTW,SCSCF,S:SCSCF,MTAS,S:SCSCF,PCSCF,S:GTW,SCSCF,S:SCSCF,MTAS,S:PCSCF,SCSCF,P:MTAS,SCSCF,P:SCSCF,GTW,P:GTW,SCSCF,P-200:SCSCF,MTAS,P-200:SCSCF,PCSCF,P-200:GTW,SCSCF,R:SCSCF,MTAS,R:SCSCF,PCSCF,R:PCSCF,SCSCF,P:GTW,SCSCF,R:SCSCF,MTAS,R:MTAS,SCSCF,P:SCSCF,GTW,P:GTW,SCSCF,P-200:SCSCF,MTAS,P-200:SCSCF,PCSCF,P-200:GTW,SCSCF,I-200:SCSCF,MTAS,I-200:SCSCF,PCSCF,I-200:PCSCF,SCSCF,A:SCSCF,MTAS,A:MTAS,SCSCF,A:SCSCF,GTW,A:PCSCF,SCSCF,B:MTAS,SCSCF,B:SCSCF,GTW,B:GTW,SCSCF,B-200:SCSCF,MTAS,B-200:SCSCF,PCSCF,B-200"
174,174,0,0,98,-0.9892417170603846,-0.9620680379364215,59,0,"PCSCF,SCSCF,I:SCSCF,ASLI,I:SCSCF,PCSCF,T:ASLI,SCSCF,T:ASLI,SCSCF,I-500:SCSCF,ASLI,A:MTAS,SCSCF,I:SCSCF,MTAS,T:SCSCF,GTW,I:GTW,SCSCF,T:GTW,SCSCF,S:SCSCF,MTAS,S:SCSCF,PCSCF,S:PCSCF,SCSCF,P:SCSCF,MTAS,P:MTAS,SCSCF,P:SCSCF,GTW,P:GTW,SCSCF,P-200:GTW,SCSCF,S:SCSCF,MTAS,S:SCSCF,MTAS,P-200:MTAS,SCSCF,P-200:SCSCF,PCSCF,P-200:SCSCF,PCSCF,S:PCSCF,SCSCF,P:SCSCF,MTAS,P:MTAS,SCSCF,P:SCSCF,GTW,P:GTW,SCSCF,P-200:SCSCF,MTAS,P-200:MTAS,SCSCF,P-200:SCSCF,PCSCF,P-200:GTW,SCSCF,R:SCSCF,MTAS,R:SCSCF,PCSCF,R:PCSCF,SCSCF,P:SCSCF,MTAS,P:MTAS,SCSCF,P:SCSCF,GTW,P:GTW,SCSCF,P-200:SCSCF,MTAS,P-200:MTAS,SCSCF,P-200:SCSCF,PCSCF,P-200:GTW,SCSCF,I-200:SCSCF,MTAS,I-200:SCSCF,PCSCF,I-200:PCSCF,SCSCF,A:SCSCF,MTAS,A:MTAS,SCSCF,A:SCSCF,GTW,A:MTAS,SCSCF,U:SCSCF,GTW,U:SCSCF,PCSCF,U:GTW,SCSCF,U-200:SCSCF,MTAS,U-200:PCSCF,SCSCF,U-200:SCSCF,MTAS,U-200:MTAS,SCSCF,U:SCSCF,GTW,U:GTW,SCSCF,U-200:SCSCF,MTAS,U-200:MTAS,SCSCF,U:SCSCF,PCSCF,U:PCSCF,SCSCF,U-200:SCSCF,MTAS,U-200:PCSCF,SCSCF,B:MTAS,SCSCF,B:SCSCF,GTW,B:GTW,SCSCF,B-200:SCSCF,MTAS,B-200:SCSCF,PCSCF,B-200"
175,175,0,0,45,-0.3914941646411231,-0.39132971956493245,5,0,"PCSCF,SCSCF,I:SCSCF,PCSCF,T:SCSCF,ASLI,I:ASLI,SCSCF,T:ASLI,SCSCF,I-500:SCSCF,ASLI,A:MTAS,SCSCF,I:SCSCF,MTAS,T:SCSCF,GTW,I:GTW,SCSCF,T:GTW,SCSCF,R:SCSCF,MTAS,R:SCSCF,PCSCF,R:PCSCF,SCSCF,P:MTAS,SCSCF,P:SCSCF,GTW,P:GTW,SCSCF,P-200:SCSCF,MTAS,P-200:SCSCF,PCSCF,P-200:GTW,SCSCF,I-200:SCSCF,MTAS,I-200:SCSCF,PCSCF,I-200:PCSCF,SCSCF,A:SCSCF,MTAS,A:MTAS,SCSCF,A:SCSCF,GTW,A:PCSCF,SCSCF,B:SCSCF,MTAS,B:MTAS,SCSCF,B:SCSCF,GTW,B:GTW,SCSCF,B-200:SCSCF,MTAS,B-200:MTAS,SCSCF,B-200:SCSCF,PCSCF,B-200"
176,176,0,0,41,-1.1979603477388732,-1.1951762246409798,248,0,"PCSCF,SCSCF,I:SCSCF,ASLI,I:ASLI,SCSCF,T:ASLI,SCSCF,I-500:SCSCF,ASLI,A:SCSCF,PCSCF,T:MTAS,SCSCF,I:SCSCF,MTAS,T:SCSCF,GTW,I:GTW,SCSCF,T:GTW,SCSCF,S:SCSCF,MTAS,S:SCSCF,PCSCF,S:PCSCF,SCSCF,P:MTAS,SCSCF,P:SCSCF,GTW,P:GTW,SCSCF,P-200:SCSCF,MTAS,P-200:SCSCF,PCSCF,P-200:PCSCF,SCSCF,C:MTAS,SCSCF,C:SCSCF,MTAS,C-200:SCSCF,GTW,C:GTW,SCSCF,C-200:GTW,SCSCF,I-487:SCSCF,GTW,A:SCSCF,PCSCF,C-200:SCSCF,MTAS,I-487:MTAS,SCSCF,A:SCSCF,PCSCF,I-487:PCSCF,SCSCF,A"
177,177,0,0,57,-0.8986511824124037,-0.8899164757745452,113,0,"PCSCF,SCSCF,I:SCSCF,PCSCF,T:SCSCF,ASLI,I:ASLI,SCSCF,T:ASLI,SCSCF,I-500:MTAS,SCSCF,I:SCSCF,MTAS,T:SCSCF,ASLI,A:SCSCF,GTW,I:GTW,SCSCF,T:GTW,SCSCF,R:SCSCF,MTAS,R:SCSCF,PCSCF,R:PCSCF,SCSCF,P:SCSCF,MTAS,P:MTAS,SCSCF,P:SCSCF,GTW,P:GTW,SCSCF,P-200:SCSCF,MTAS,P-200:MTAS,SCSCF,P-200:SCSCF,PCSCF,P-200:GTW,SCSCF,I-200:SCSCF,MTAS,I-200:SCSCF,PCSCF,I-200:PCSCF,SCSCF,A:SCSCF,MTAS,A:MTAS,SCSCF,A:SCSCF,GTW,A:MTAS,SCSCF,U:SCSCF,GTW,U:GTW,SCSCF,U-200:SCSCF,MTAS,U-200:MTAS,SCSCF,U:SCSCF,PCSCF,U:PCSCF,SCSCF,U-200:SCSCF,MTAS,U-200:GTW,SCSCF,B:MTAS,SCSCF,B:SCSCF,PCSCF,B:PCSCF,SCSCF,B-200:SCSCF,MTAS,B-200:SCSCF,GTW,B-200"
178,178,0,0,65,-0.6184272257079844,-0.6181113159803072,53,0,"PCSCF,SCSCF,I:SCSCF,PCSCF,T:SCSCF,PCSCF,I-407:PCSCF,SCSCF,A:PCSCF,SCSCF,I:SCSCF,PCSCF,T:SCSCF,ASLI,I:ASLI,SCSCF,T:ASLI,SCSCF,I-500:SCSCF,ASLI,A:MTAS,SCSCF,I:SCSCF,MTAS,T:SCSCF,GTW,I:GTW,SCSCF,T:GTW,SCSCF,S:SCSCF,MTAS,S:SCSCF,PCSCF,S:PCSCF,SCSCF,P:SCSCF,MTAS,P:MTAS,SCSCF,P:SCSCF,GTW,P:GTW,SCSCF,P-200:SCSCF,MTAS,P-200:MTAS,SCSCF,P-200:SCSCF,PCSCF,P-200:GTW,SCSCF,R:SCSCF,MTAS,R:SCSCF,PCSCF,R:PCSCF,SCSCF,P:SCSCF,MTAS,P:MTAS,SCSCF,P:SCSCF,GTW,P:GTW,SCSCF,P-200:SCSCF,MTAS,P-200:MTAS,SCSCF,P-200:SCSCF,PCSCF,P-200:GTW,SCSCF,I-200:SCSCF,MTAS,I-200:SCSCF,PCSCF,I-200:PCSCF,SCSCF,A:SCSCF,MTAS,A:MTAS,SCSCF,A:SCSCF,GTW,A:PCSCF,SCSCF,B:MTAS,SCSCF,B:SCSCF,GTW,B:GTW,SCSCF,B-200:SCSCF,MTAS,B-200:SCSCF,PCSCF,B-200"
179,179,0,0,50,-0.7865641300723506,-0.776553657927034,25,0,"PCSCF,SCSCF,I:SCSCF,PCSCF,T:SCSCF,PCSCF,I-407:PCSCF,SCSCF,A:PCSCF,SCSCF,I:SCSCF,ASLI,I:ASLI,SCSCF,T:ASLI,SCSCF,I-500:SCSCF,ASLI,A:MTAS,SCSCF,I:SCSCF,MTAS,T:SCSCF,GTW,I:GTW,SCSCF,T:SCSCF,PCSCF,T:GTW,SCSCF,R:SCSCF,MTAS,R:SCSCF,PCSCF,R:PCSCF,SCSCF,P:SCSCF,MTAS,P:MTAS,SCSCF,P:SCSCF,GTW,P:GTW,SCSCF,P-200:SCSCF,MTAS,P-200:MTAS,SCSCF,P-200:SCSCF,PCSCF,P-200:GTW,SCSCF,I-200:SCSCF,MTAS,I-200:SCSCF,PCSCF,I-200:PCSCF,SCSCF,A:SCSCF,MTAS,A:MTAS,SCSCF,A:SCSCF,GTW,A:PCSCF,SCSCF,B:MTAS,SCSCF,B:SCSCF,GTW,B:GTW,SCSCF,B-200:SCSCF,MTAS,B-200:SCSCF,PCSCF,B-200"
180,180,0,0,84,-1.121586809736229,-1.102068992911097,302,0,"PCSCF,SCSCF,I:SCSCF,PCSCF,T:SCSCF,PCSCF,I-407:PCSCF,SCSCF,A:PCSCF,SCSCF,I:SCSCF,PCSCF,T:SCSCF,ASLI,I:ASLI,SCSCF,T:ASLI,SCSCF,I-500:MTAS,SCSCF,I:SCSCF,MTAS,T:SCSCF,ASLI,A:SCSCF,GTW,I:GTW,SCSCF,T:GTW,SCSCF,S:SCSCF,MTAS,S:SCSCF,PCSCF,S:PCSCF,SCSCF,P:SCSCF,MTAS,P:MTAS,SCSCF,P:SCSCF,GTW,P:GTW,SCSCF,P-200:GTW,SCSCF,R:SCSCF,MTAS,P-200:SCSCF,MTAS,R:MTAS,SCSCF,P-200:SCSCF,PCSCF,P-200:SCSCF,PCSCF,R:PCSCF,SCSCF,P:SCSCF,MTAS,P:MTAS,SCSCF,P:SCSCF,GTW,P:GTW,SCSCF,P-200:SCSCF,MTAS,P-200:MTAS,SCSCF,P-200:SCSCF,PCSCF,P-200:GTW,SCSCF,I-200:SCSCF,MTAS,I-200:SCSCF,PCSCF,I-200:PCSCF,SCSCF,A:SCSCF,MTAS,A:MTAS,SCSCF,A:SCSCF,GTW,A:PCSCF,SCSCF,I:MTAS,SCSCF,I:SCSCF,MTAS,T:SCSCF,GTW,I:GTW,SCSCF,T:SCSCF,PCSCF,T:GTW,SCSCF,I-200:SCSCF,MTAS,I-200:SCSCF,PCSCF,I-200:PCSCF,SCSCF,A:SCSCF,MTAS,A:MTAS,SCSCF,A:SCSCF,GTW,A:PCSCF,SCSCF,B:SCSCF,MTAS,B:MTAS,SCSCF,B:SCSCF,GTW,B:GTW,SCSCF,B-200:SCSCF,MTAS,B-200:MTAS,SCSCF,B-200:SCSCF,PCSCF,B-200"
181,181,0,0,54,-0.9500420634288893,-0.8690954328840776,59,0,"PCSCF,SCSCF,I:SCSCF,PCSCF,T:SCSCF,ASLI,I:ASLI,SCSCF,T:ASLI,SCSCF,I-500:SCSCF,ASLI,A:MTAS,SCSCF,I:SCSCF,MTAS,T:SCSCF,GTW,I:GTW,SCSCF,T:GTW,SCSCF,S:SCSCF,MTAS,S:SCSCF,PCSCF,S:PCSCF,SCSCF,P:MTAS,SCSCF,P:SCSCF,GTW,P:GTW,SCSCF,P-200:SCSCF,MTAS,P-200:SCSCF,PCSCF,P-200:GTW,SCSCF,I-200:SCSCF,MTAS,I-200:SCSCF,PCSCF,I-200:PCSCF,SCSCF,A:SCSCF,MTAS,A:MTAS,SCSCF,A:SCSCF,GTW,A:MTAS,SCSCF,U:SCSCF,GTW,U:GTW,SCSCF,U-200:SCSCF,MTAS,U-200:MTAS,SCSCF,U:SCSCF,PCSCF,U:PCSCF,SCSCF,U-200:SCSCF,MTAS,U-200:GTW,SCSCF,B:MTAS,SCSCF,B:SCSCF,PCSCF,B:PCSCF,SCSCF,B-200:SCSCF,MTAS,B-200:SCSCF,GTW,B-200"
182,182,0,0,53,-0.6876890016990693,-0.6678740904755276,5,0,"GTW,ICSCF,I:ICSCF,GTW,T:SCSCF,ASLI,I:ASLI,SCSCF,T:ASLI,SCSCF,I-500:SCSCF,ASLI,A:SCSCF,MTAS,I:MTAS,SCSCF,T:MTAS,SCSCF,I:SCSCF,MTAS,T:SCSCF,PCSCF,I:PCSCF,SCSCF,T:PCSCF,SCSCF,R:SCSCF,MTAS,R:MTAS,SCSCF,R:ICSCF,GTW,R:GTW,SCSCF,P:SCSCF,MTAS,P:MTAS,SCSCF,P:SCSCF,PCSCF,P:MTAS,SCSCF,P-200:SCSCF,GTW,P-200:PCSCF,SCSCF,P-200:SCSCF,MTAS,P-200:MTAS,SCSCF,I-200:ICSCF,GTW,I-200:GTW,SCSCF,A:PCSCF,SCSCF,I-200:SCSCF,MTAS,I-200:SCSCF,MTAS,A:MTAS,SCSCF,A:SCSCF,PCSCF,A:GTW,SCSCF,B:SCSCF,MTAS,B:MTAS,SCSCF,B:SCSCF,PCSCF,B:PCSCF,SCSCF,B-200:SCSCF,MTAS,B-200:MTAS,SCSCF,B-200:SCSCF,GTW,B-200"
183,183,0,0,52,-0.6708722321977741,-0.664364406232782,25,0,"PCSCF,SCSCF,I:SCSCF,ASLI,I:ASLI,SCSCF,T:ASLI,SCSCF,I-500:SCSCF,ASLI,A:MTAS,SCSCF,I:SCSCF,MTAS,T:SCSCF,GTW,I:SCSCF,PCSCF,T:GTW,SCSCF,T:GTW,SCSCF,R:SCSCF,MTAS,R:SCSCF,PCSCF,R:PCSCF,SCSCF,P:SCSCF,MTAS,P:MTAS,SCSCF,P:SCSCF,GTW,P:GTW,SCSCF,P-200:SCSCF,MTAS,P-200:MTAS,SCSCF,P-200:SCSCF,PCSCF,P-200:GTW,SCSCF,I-200:SCSCF,MTAS,I-200:SCSCF,PCSCF,I-200:GTW,SCSCF,I-200:SCSCF,MTAS,I-200:PCSCF,SCSCF,A:SCSCF,MTAS,A:MTAS,SCSCF,A:SCSCF,GTW,A:PCSCF,SCSCF,B:SCSCF,MTAS,B:MTAS,SCSCF,B:SCSCF,GTW,B:GTW,SCSCF,B-200:SCSCF,MTAS,B-200:MTAS,SCSCF,B-200:SCSCF,PCSCF,B-200"
184,184,0,0,72,-0.9630376625766583,-0.9098690909239399,113,0,"PCSCF,SCSCF,I:SCSCF,ASLI,I:ASLI,SCSCF,T:ASLI,SCSCF,I-500:SCSCF,ASLI,A:MTAS,SCSCF,I:SCSCF,PCSCF,T:SCSCF,MTAS,T:SCSCF,GTW,I:GTW,SCSCF,T:GTW,SCSCF,S:SCSCF,MTAS,S:SCSCF,PCSCF,S:PCSCF,SCSCF,P:SCSCF,MTAS,P:MTAS,SCSCF,P:SCSCF,GTW,P:GTW,SCSCF,P-200:SCSCF,MTAS,P-200:MTAS,SCSCF,P-200:SCSCF,PCSCF,P-200:GTW,SCSCF,R:SCSCF,MTAS,R:SCSCF,PCSCF,R:PCSCF,SCSCF,P:SCSCF,MTAS,P:MTAS,SCSCF,P:SCSCF,GTW,P:GTW,SCSCF,P-200:SCSCF,MTAS,P-200:MTAS,SCSCF,P-200:SCSCF,PCSCF,P-200:GTW,SCSCF,I-200:SCSCF,MTAS,I-200:SCSCF,PCSCF,I-200:PCSCF,SCSCF,A:SCSCF,MTAS,A:MTAS,SCSCF,A:SCSCF,GTW,A:MTAS,SCSCF,U:SCSCF,GTW,U:GTW,SCSCF,U-200:SCSCF,MTAS,U-200:MTAS,SCSCF,U:SCSCF,PCSCF,U:PCSCF,SCSCF,U-200:SCSCF,MTAS,U-200:GTW,SCSCF,B:MTAS,SCSCF,B:SCSCF,PCSCF,B:PCSCF,SCSCF,B-200:SCSCF,MTAS,B-200:SCSCF,GTW,B-200"
185,185,0,0,47,-0.825353863692583,-0.824983640268849,24,0,"PCSCF,SCSCF,I:SCSCF,PCSCF,T:SCSCF,PCSCF,I-407:PCSCF,SCSCF,A:PCSCF,SCSCF,I:SCSCF,ASLI,I:ASLI,SCSCF,T:SCSCF,PCSCF,T:ASLI,SCSCF,I-500:SCSCF,ASLI,A:MTAS,SCSCF,I:SCSCF,MTAS,T:SCSCF,GTW,I:GTW,SCSCF,T:GTW,SCSCF,R:SCSCF,MTAS,R:SCSCF,PCSCF,R:PCSCF,SCSCF,P:MTAS,SCSCF,P:SCSCF,GTW,P:GTW,SCSCF,P-200:SCSCF,MTAS,P-200:SCSCF,PCSCF,P-200:GTW,SCSCF,I-200:SCSCF,MTAS,I-200:SCSCF,PCSCF,I-200:PCSCF,SCSCF,A:SCSCF,MTAS,A:MTAS,SCSCF,A:SCSCF,GTW,A:GTW,SCSCF,B:MTAS,SCSCF,B:SCSCF,PCSCF,B:PCSCF,SCSCF,B-200:SCSCF,MTAS,B-200:SCSCF,GTW,B-200"
186,186,0,0,56,-0.8134781108154764,-0.8083314228895259,25,0,"GTW,ICSCF,I:ICSCF,GTW,T:SCSCF,ASLI,I:ASLI,SCSCF,T:ASLI,SCSCF,I-500:SCSCF,ASLI,A:SCSCF,MTAS,I:MTAS,SCSCF,T:MTAS,SCSCF,I:SCSCF,PCSCF,I:PCSCF,SCSCF,T:SCSCF,MTAS,T:PCSCF,SCSCF,R:MTAS,SCSCF,R:SCSCF,MTAS,R:ICSCF,GTW,R:GTW,SCSCF,P:SCSCF,MTAS,P:MTAS,SCSCF,P:SCSCF,PCSCF,P:PCSCF,SCSCF,P-200:SCSCF,MTAS,P-200:MTAS,SCSCF,P-200:SCSCF,GTW,P-200:PCSCF,SCSCF,I-200:SCSCF,MTAS,I-200:MTAS,SCSCF,I-200:ICSCF,GTW,I-200:GTW,SCSCF,A:SCSCF,MTAS,A:MTAS,SCSCF,A:SCSCF,PCSCF,A:GTW,SCSCF,B:SCSCF,MTAS,B:PCSCF,SCSCF,B:SCSCF,MTAS,B:MTAS,SCSCF,B:MTAS,SCSCF,B-200:SCSCF,MTAS,B-481:MTAS,SCSCF,B-200:SCSCF,GTW,B-200:SCSCF,PCSCF,B-200"
187,187,0,0,53,-0.36705100684479475,-0.3669834238881995,5,0,"GTW,ICSCF,I:ICSCF,GTW,T:SCSCF,ASLI,I:ASLI,SCSCF,T:ASLI,SCSCF,I-500:SCSCF,ASLI,A:SCSCF,MTAS,I:MTAS,SCSCF,T:MTAS,SCSCF,I:SCSCF,MTAS,T:SCSCF,PCSCF,I:PCSCF,SCSCF,T:PCSCF,SCSCF,R:SCSCF,MTAS,R:MTAS,SCSCF,R:ICSCF,GTW,R:GTW,SCSCF,P:SCSCF,MTAS,P:MTAS,SCSCF,P:SCSCF,PCSCF,P:SCSCF,MTAS,P-200:PCSCF,SCSCF,P-200:MTAS,SCSCF,P-200:SCSCF,GTW,P-200:PCSCF,SCSCF,I-200:SCSCF,MTAS,I-200:MTAS,SCSCF,I-200:ICSCF,GTW,I-200:GTW,SCSCF,A:SCSCF,MTAS,A:MTAS,SCSCF,A:SCSCF,PCSCF,A:SCSCF,MTAS,B:PCSCF,SCSCF,B:MTAS,SCSCF,B:SCSCF,GTW,B:GTW,SCSCF,B-200:SCSCF,MTAS,B-200:MTAS,SCSCF,B-200:SCSCF,PCSCF,B-200"
188,188,0,0,24,-0.9318970144495845,-0.871795499603122,248,0,"GTW,SCSCF,I:SCSCF,GTW,T:SCSCF,SLEVOOSP,I:SLEVOOSP,SCSCF,T:SLEVOOSP,SCSCF,S:SCSCF,GTW,S:GTW,SCSCF,P:SCSCF,SLEVOOSP,P:SLEVOOSP,SCSCF,P-200:SCSCF,GTW,P-200:GTW,SCSCF,C:SCSCF,GTW,C-200:SCSCF,SLEVOOSP,C:SLEVOOSP,SCSCF,C-200:SLEVOOSP,SCSCF,I-487:SCSCF,SLEVOOSP,A:SCSCF,GTW,I-487:GTW,SCSCF,A"
189,189,0,0,56,-0.5640469044387489,-0.5624775689300785,5,0,"GTW,ICSCF,I:ICSCF,GTW,T:SCSCF,ASLI,I:ASLI,SCSCF,T:ASLI,SCSCF,I-500:SCSCF,ASLI,A:SCSCF,MTAS,I:MTAS,SCSCF,T:MTAS,SCSCF,I:SCSCF,MTAS,T:SCSCF,PCSCF,I:PCSCF,SCSCF,T:PCSCF,SCSCF,R:SCSCF,MTAS,R:MTAS,SCSCF,R:ICSCF,GTW,R:GTW,SCSCF,P:SCSCF,MTAS,P:MTAS,SCSCF,P:SCSCF,PCSCF,P:PCSCF,SCSCF,P-200:SCSCF,MTAS,P-200:MTAS,SCSCF,P-200:SCSCF,GTW,P-200:PCSCF,SCSCF,I-200:SCSCF,MTAS,I-200:MTAS,SCSCF,I-200:ICSCF,GTW,I-200:GTW,SCSCF,A:SCSCF,MTAS,A:MTAS,SCSCF,A:SCSCF,PCSCF,A:GTW,SCSCF,B:SCSCF,MTAS,B:PCSCF,SCSCF,B:SCSCF,MTAS,B:MTAS,SCSCF,B:MTAS,SCSCF,B-200:SCSCF,PCSCF,B-200:SCSCF,MTAS,B-481:MTAS,SCSCF,B-200:SCSCF,GTW,B-200"
190,190,0,0,61,-0.9541265503604432,-0.9100818974207794,158,0,"PCSCF,SCSCF,I:SCSCF,PCSCF,T:SCSCF,PCSCF,I-407:PCSCF,SCSCF,A:PCSCF,SCSCF,I:SCSCF,PCSCF,T:SCSCF,ASLI,I:ASLI,SCSCF,T:ASLI,SCSCF,I-500:SCSCF,ASLI,A:MTAS,SCSCF,I:SCSCF,MTAS,T:SCSCF,GTW,I:GTW,SCSCF,T:GTW,SCSCF,S:SCSCF,MTAS,S:SCSCF,PCSCF,S:PCSCF,SCSCF,P:MTAS,SCSCF,P:SCSCF,GTW,P:GTW,SCSCF,P-200:SCSCF,MTAS,P-200:SCSCF,PCSCF,P-200:GTW,SCSCF,S:SCSCF,MTAS,S:SCSCF,PCSCF,S:PCSCF,SCSCF,P:MTAS,SCSCF,P:SCSCF,GTW,P:GTW,SCSCF,P-200:SCSCF,MTAS,P-200:SCSCF,PCSCF,P-200:GTW,SCSCF,R:SCSCF,MTAS,R:SCSCF,PCSCF,R:PCSCF,SCSCF,C:SCSCF,PCSCF,C-200:MTAS,SCSCF,C:SCSCF,MTAS,C-200:SCSCF,GTW,C:GTW,SCSCF,C-200:GTW,SCSCF,I-487:SCSCF,GTW,A:SCSCF,MTAS,I-487:MTAS,SCSCF,A:SCSCF,PCSCF,I-487:PCSCF,SCSCF,A"
191,191,0,0,88,-0.7383825404988232,-0.7074905450163681,59,0,"GTW,ICSCF,I:ICSCF,GTW,T:SCSCF,ASLI,I:ASLI,SCSCF,T:ASLI,SCSCF,I-500:SCSCF,MTAS,I:MTAS,SCSCF,T:MTAS,SCSCF,I:SCSCF,MTAS,T:SCSCF,PCSCF,I:SCSCF,ASLI,A:PCSCF,SCSCF,T:PCSCF,SCSCF,R:SCSCF,MTAS,R:MTAS,SCSCF,R:ICSCF,GTW,R:GTW,SCSCF,P:SCSCF,MTAS,P:MTAS,SCSCF,P:SCSCF,PCSCF,P:PCSCF,SCSCF,P-200:SCSCF,MTAS,P-200:MTAS,SCSCF,P-200:SCSCF,GTW,P-200:PCSCF,SCSCF,I-200:SCSCF,MTAS,I-200:MTAS,SCSCF,I-200:ICSCF,GTW,I-200:GTW,SCSCF,A:SCSCF,MTAS,A:MTAS,SCSCF,A:SCSCF,PCSCF,A:MTAS,SCSCF,U:SCSCF,PCSCF,U:MTAS,SCSCF,U:SCSCF,GTW,U:PCSCF,SCSCF,U-200:SCSCF,MTAS,U-200:GTW,SCSCF,U-200:SCSCF,MTAS,U-200:MTAS,SCSCF,U:SCSCF,PCSCF,U:MTAS,SCSCF,U:SCSCF,GTW,U:GTW,SCSCF,U-200:SCSCF,MTAS,U-200:PCSCF,SCSCF,U-200:SCSCF,MTAS,U-200:MTAS,SCSCF,U:SCSCF,GTW,U:SCSCF,PCSCF,U:GTW,SCSCF,U-200:SCSCF,MTAS,U-200:PCSCF,SCSCF,U-200:SCSCF,MTAS,U-200:GTW,SCSCF,B:SCSCF,MTAS,B:MTAS,SCSCF,B:SCSCF,PCSCF,B:PCSCF,SCSCF,B-200:SCSCF,MTAS,B-200:MTAS,SCSCF,B-200:SCSCF,GTW,B-200"
192,192,0,0,56,-0.7470930245066864,-0.7304854081495493,53,0,"PCSCF,SCSCF,I:SCSCF,PCSCF,T:SCSCF,ASLI,I:ASLI,SCSCF,T:ASLI,SCSCF,I-500:SCSCF,ASLI,A:MTAS,SCSCF,I:SCSCF,MTAS,T:SCSCF,GTW,I:GTW,SCSCF,T:GTW,SCSCF,S:SCSCF,MTAS,S:SCSCF,PCSCF,S:GTW,SCSCF,S:SCSCF,MTAS,S:PCSCF,SCSCF,P:MTAS,SCSCF,P:SCSCF,GTW,P:GTW,SCSCF,P-200:SCSCF,MTAS,P-200:SCSCF,PCSCF,P-200:GTW,SCSCF,S:SCSCF,MTAS,S:SCSCF,PCSCF,S:PCSCF,SCSCF,P:MTAS,SCSCF,P:SCSCF,GTW,P:GTW,SCSCF,P-200:SCSCF,MTAS,P-200:SCSCF,PCSCF,P-200:GTW,SCSCF,I-200:SCSCF,MTAS,I-200:SCSCF,PCSCF,I-200:PCSCF,SCSCF,A:SCSCF,MTAS,A:MTAS,SCSCF,A:SCSCF,GTW,A:PCSCF,SCSCF,B:MTAS,SCSCF,B:SCSCF,GTW,B:GTW,SCSCF,B-200:SCSCF,MTAS,B-200:SCSCF,PCSCF,B-200"
193,193,0,0,62,-1.0871877174883555,-1.0691486940389472,52,0,"GTW,ICSCF,I:ICSCF,GTW,T:SCSCF,ASLI,I:ASLI,SCSCF,T:ASLI,SCSCF,I-500:SCSCF,MTAS,I:MTAS,SCSCF,T:MTAS,SCSCF,I:SCSCF,MTAS,T:SCSCF,PCSCF,I:PCSCF,SCSCF,T:SCSCF,PCSCF,I:PCSCF,SCSCF,T:SCSCF,ASLI,A:PCSCF,SCSCF,T:PCSCF,SCSCF,R:SCSCF,MTAS,R:MTAS,SCSCF,R:ICSCF,GTW,R:GTW,SCSCF,P:SCSCF,MTAS,P:MTAS,SCSCF,P:SCSCF,PCSCF,P:PCSCF,SCSCF,P-200:SCSCF,MTAS,P-200:MTAS,SCSCF,P-200:SCSCF,GTW,P-200:PCSCF,SCSCF,I-408:SCSCF,PCSCF,A:PCSCF,SCSCF,I-408:SCSCF,PCSCF,A:PCSCF,SCSCF,I-200:SCSCF,MTAS,I-200:MTAS,SCSCF,I-200:ICSCF,GTW,I-200:GTW,SCSCF,A:SCSCF,MTAS,A:MTAS,SCSCF,A:SCSCF,PCSCF,A:GTW,SCSCF,B:SCSCF,MTAS,B:MTAS,SCSCF,B:SCSCF,PCSCF,B:PCSCF,SCSCF,B-200:SCSCF,MTAS,B-200:MTAS,SCSCF,B-200:SCSCF,GTW,B-200"
194,194,0,0,75,-0.6178566650646222,-0.5925012358862047,25,0,"PCSCF,SCSCF,I:SCSCF,PCSCF,T:SCSCF,PCSCF,I-407:PCSCF,SCSCF,A:PCSCF,SCSCF,I:SCSCF,PCSCF,T:SCSCF,ASLI,I:ASLI,SCSCF,T:ASLI,SCSCF,I-500:SCSCF,ASLI,A:MTAS,SCSCF,I:SCSCF,MTAS,T:SCSCF,ASLI,I:ASLI,SCSCF,T:ASLI,SCSCF,I-500:SCSCF,ASLI,A:SCSCF,MTAS,I:MTAS,SCSCF,I:SCSCF,MTAS,T:SCSCF,PCSCF,I:PCSCF,SCSCF,T:MTAS,SCSCF,T:PCSCF,SCSCF,R:SCSCF,MTAS,R:MTAS,SCSCF,R:SCSCF,MTAS,R:SCSCF,PCSCF,R:PCSCF,SCSCF,P:MTAS,SCSCF,P:SCSCF,MTAS,P:MTAS,SCSCF,P:SCSCF,PCSCF,P:PCSCF,SCSCF,P-200:SCSCF,MTAS,P-200:MTAS,SCSCF,P-200:SCSCF,MTAS,P-200:SCSCF,PCSCF,P-200:PCSCF,SCSCF,I-200:SCSCF,MTAS,I-200:MTAS,SCSCF,I-200:SCSCF,MTAS,I-200:SCSCF,PCSCF,I-200:PCSCF,SCSCF,A:MTAS,SCSCF,A:SCSCF,MTAS,A:MTAS,SCSCF,A:SCSCF,PCSCF,A:PCSCF,SCSCF,B:MTAS,SCSCF,B:SCSCF,MTAS,B:MTAS,SCSCF,B:SCSCF,PCSCF,B:PCSCF,SCSCF,B-200:SCSCF,MTAS,B-200:MTAS,SCSCF,B-200:SCSCF,MTAS,B-200:SCSCF,PCSCF,B-200"
195,195,0,0,76,-0.8083412480876465,-0.806397980046819,14,0,"GTW,ICSCF,I:ICSCF,GTW,T:SCSCF,ASLI,I:ASLI,SCSCF,T:ASLI,SCSCF,I-500:SCSCF,ASLI,A:SCSCF,MTAS,I:MTAS,SCSCF,T:MTAS,SCSCF,I:SCSCF,MTAS,T:SCSCF,MTAS,I-480:MTAS,SCSCF,A:MTAS,SCSCF,W:ICSCF,GTW,W:MTAS,SCSCF,I:SCSCF,MTAS,T:SCSCF,GTW,I:GTW,SCSCF,T:GTW,SCSCF,S:SCSCF,MTAS,S:MTAS,SCSCF,S:ICSCF,GTW,S:GTW,SCSCF,P:SCSCF,MTAS,P:MTAS,SCSCF,P:SCSCF,GTW,P:GTW,SCSCF,P-200:SCSCF,MTAS,P-200:MTAS,SCSCF,P-200:SCSCF,GTW,P-200:GTW,SCSCF,R:SCSCF,MTAS,R:MTAS,SCSCF,R:ICSCF,GTW,R:GTW,SCSCF,P:SCSCF,MTAS,P:MTAS,SCSCF,P:SCSCF,GTW,P:GTW,SCSCF,P-200:SCSCF,MTAS,P-200:MTAS,SCSCF,P-200:SCSCF,GTW,P-200:GTW,SCSCF,I-200:SCSCF,MTAS,I-200:MTAS,SCSCF,I-200:ICSCF,GTW,I-200:GTW,SCSCF,A:SCSCF,MTAS,A:MTAS,SCSCF,A:SCSCF,GTW,A:GTW,SCSCF,B:SCSCF,MTAS,B:MTAS,SCSCF,B:SCSCF,GTW,B:GTW,SCSCF,B-200:SCSCF,MTAS,B-200:MTAS,SCSCF,B-200:SCSCF,GTW,B-200"
196,196,0,0,58,-0.983573128004738,-0.9253974748570049,28,0,"PCSCF,SCSCF,I:SCSCF,PCSCF,T:SCSCF,PCSCF,I-407:PCSCF,SCSCF,A:PCSCF,SCSCF,I:SCSCF,ASLI,I:ASLI,SCSCF,T:ASLI,SCSCF,I-500:SCSCF,ASLI,A:MTAS,SCSCF,I:SCSCF,MTAS,T:SCSCF,PCSCF,T:SCSCF,GTW,I:GTW,SCSCF,T:GTW,SCSCF,S:SCSCF,MTAS,S:SCSCF,PCSCF,S:PCSCF,SCSCF,P:MTAS,SCSCF,P:SCSCF,GTW,P:GTW,SCSCF,P-200:SCSCF,MTAS,P-200:SCSCF,PCSCF,P-200:GTW,SCSCF,R:SCSCF,MTAS,R:SCSCF,PCSCF,R:PCSCF,SCSCF,P:MTAS,SCSCF,P:SCSCF,GTW,P:GTW,SCSCF,P-200:SCSCF,MTAS,P-200:SCSCF,PCSCF,P-200:PCSCF,SCSCF,C:SCSCF,PCSCF,C-200:MTAS,SCSCF,C:SCSCF,MTAS,C-200:SCSCF,GTW,C:GTW,SCSCF,C-200:GTW,SCSCF,I-487:SCSCF,GTW,A:SCSCF,MTAS,I-487:MTAS,SCSCF,A:SCSCF,PCSCF,I-487:PCSCF,SCSCF,A"
197,197,0,0,72,-0.7046216592550377,-0.6783788521241232,59,0,"PCSCF,SCSCF,I:SCSCF,PCSCF,T:SCSCF,ASLI,I:ASLI,SCSCF,T:ASLI,SCSCF,I-500:SCSCF,ASLI,A:MTAS,SCSCF,I:SCSCF,MTAS,T:SCSCF,GTW,I:GTW,SCSCF,T:GTW,SCSCF,R:SCSCF,MTAS,R:SCSCF,PCSCF,R:PCSCF,SCSCF,P:SCSCF,MTAS,P:MTAS,SCSCF,P:SCSCF,GTW,P:GTW,SCSCF,P-200:SCSCF,MTAS,P-200:MTAS,SCSCF,P-200:SCSCF,PCSCF,P-200:GTW,SCSCF,I-200:SCSCF,MTAS,I-200:SCSCF,PCSCF,I-200:PCSCF,SCSCF,A:SCSCF,MTAS,A:MTAS,SCSCF,A:SCSCF,GTW,A:MTAS,SCSCF,U:SCSCF,GTW,U:GTW,SCSCF,U-200:SCSCF,MTAS,U-200:MTAS,SCSCF,U:SCSCF,PCSCF,U:PCSCF,SCSCF,U-200:SCSCF,MTAS,U-200:MTAS,SCSCF,U:SCSCF,GTW,U:GTW,SCSCF,U-200:SCSCF,MTAS,U-200:MTAS,SCSCF,U:SCSCF,PCSCF,U:PCSCF,SCSCF,U-200:SCSCF,MTAS,U-200:PCSCF,SCSCF,B:SCSCF,MTAS,B:MTAS,SCSCF,B:SCSCF,GTW,B:GTW,SCSCF,B-200:SCSCF,MTAS,B-200:MTAS,SCSCF,B-200:SCSCF,PCSCF,B-200"
198,198,0,0,89,-1.1225505989694349,-1.0975450060951168,76,0,"PCSCF,SCSCF,I:SCSCF,PCSCF,T:SCSCF,ASLI,I:ASLI,SCSCF,T:ASLI,SCSCF,I-500:SCSCF,ASLI,A:MTAS,SCSCF,I:SCSCF,MTAS,T:SCSCF,GTW,I:GTW,SCSCF,T:GTW,SCSCF,S:SCSCF,MTAS,S:SCSCF,PCSCF,S:PCSCF,SCSCF,P:SCSCF,MTAS,P:MTAS,SCSCF,P:SCSCF,GTW,P:GTW,SCSCF,P-200:SCSCF,MTAS,P-200:MTAS,SCSCF,P-200:SCSCF,PCSCF,P-200:GTW,SCSCF,R:SCSCF,MTAS,R:SCSCF,PCSCF,R:PCSCF,SCSCF,P:SCSCF,MTAS,P:MTAS,SCSCF,P:SCSCF,GTW,P:GTW,SCSCF,P-200:SCSCF,MTAS,P-200:MTAS,SCSCF,P-200:SCSCF,PCSCF,P-200:GTW,SCSCF,W:SCSCF,MTAS,W:SCSCF,PCSCF,W:PCSCF,SCSCF,P:SCSCF,MTAS,P:MTAS,SCSCF,P:SCSCF,GTW,P:GTW,SCSCF,P-200:GTW,SCSCF,S:SCSCF,MTAS,S:SCSCF,MTAS,P-200:MTAS,SCSCF,P-200:SCSCF,PCSCF,P-200:SCSCF,PCSCF,S:PCSCF,SCSCF,P:SCSCF,MTAS,P:MTAS,SCSCF,P:SCSCF,GTW,P:GTW,SCSCF,P-200:SCSCF,MTAS,P-200:MTAS,SCSCF,P-200:SCSCF,PCSCF,P-200:PCSCF,SCSCF,C:MTAS,SCSCF,C:SCSCF,MTAS,C-200:SCSCF,GTW,C:GTW,SCSCF,C-200:GTW,SCSCF,I-487:SCSCF,GTW,A:SCSCF,MTAS,I-487:MTAS,SCSCF,A:SCSCF,PCSCF,C-200:SCSCF,PCSCF,I-487:PCSCF,SCSCF,A"
199,199,0,0,98,-0.9975843926659703,-0.9512421563162827,5,0,"PCSCF,SCSCF,I:SCSCF,PCSCF,T:SCSCF,PCSCF,I-407:PCSCF,SCSCF,A:PCSCF,SCSCF,I:SCSCF,PCSCF,T:SCSCF,ASLI,I:ASLI,SCSCF,T:ASLI,SCSCF,I-500:SCSCF,ASLI,A:MTAS,SCSCF,I:SCSCF,MTAS,T:SCSCF,GTW,I:GTW,SCSCF,T:GTW,SCSCF,S:SCSCF,MTAS,S:SCSCF,PCSCF,S:PCSCF,SCSCF,P:SCSCF,MTAS,P:MTAS,SCSCF,P:SCSCF,GTW,P:GTW,SCSCF,P-200:GTW,SCSCF,S:SCSCF,MTAS,S:SCSCF,MTAS,P-200:MTAS,SCSCF,P-200:SCSCF,PCSCF,P-200:SCSCF,PCSCF,S:PCSCF,SCSCF,P:SCSCF,MTAS,P:MTAS,SCSCF,P:SCSCF,GTW,P:GTW,SCSCF,P-200:GTW,SCSCF,S:SCSCF,MTAS,P-200:SCSCF,MTAS,S:MTAS,SCSCF,P-200:SCSCF,PCSCF,S:SCSCF,PCSCF,P-200:PCSCF,SCSCF,P:SCSCF,MTAS,P:MTAS,SCSCF,P:SCSCF,GTW,P:GTW,SCSCF,P-200:SCSCF,MTAS,P-200:MTAS,SCSCF,P-200:SCSCF,PCSCF,P-200:GTW,SCSCF,R:SCSCF,MTAS,R:SCSCF,PCSCF,R:PCSCF,SCSCF,P:SCSCF,MTAS,P:MTAS,SCSCF,P:SCSCF,GTW,P:GTW,SCSCF,P-200:SCSCF,MTAS,P-200:MTAS,SCSCF,P-200:SCSCF,PCSCF,P-200:GTW,SCSCF,I-200:SCSCF,MTAS,I-200:SCSCF,PCSCF,I-200:PCSCF,SCSCF,A:SCSCF,MTAS,A:MTAS,SCSCF,A:SCSCF,GTW,A:PCSCF,SCSCF,B:SCSCF,MTAS,B:MTAS,SCSCF,B:SCSCF,GTW,B:GTW,SCSCF,B-200:SCSCF,MTAS,B-200:MTAS,SCSCF,B-200:SCSCF,PCSCF,B-200"
200,200,0,0,60,-0.6212364773201441,-0.6092732672790446,60,0,"PCSCF,SCSCF,I:SCSCF,PCSCF,T:SCSCF,ASLI,I:ASLI,SCSCF,T:ASLI,SCSCF,I-500:SCSCF,ASLI,A:MTAS,SCSCF,I:SCSCF,MTAS,T:SCSCF,GTW,I:GTW,SCSCF,T:GTW,SCSCF,S:SCSCF,MTAS,S:SCSCF,PCSCF,S:PCSCF,SCSCF,P:SCSCF,MTAS,P:MTAS,SCSCF,P:SCSCF,GTW,P:GTW,SCSCF,P-200:SCSCF,MTAS,P-200:MTAS,SCSCF,P-200:SCSCF,PCSCF,P-200:GTW,SCSCF,R:SCSCF,MTAS,R:SCSCF,PCSCF,R:PCSCF,SCSCF,P:SCSCF,MTAS,P:MTAS,SCSCF,P:SCSCF,GTW,P:GTW,SCSCF,P-200:SCSCF,MTAS,P-200:MTAS,SCSCF,P-200:SCSCF,PCSCF,P-200:GTW,SCSCF,I-200:SCSCF,MTAS,I-200:SCSCF,PCSCF,I-200:PCSCF,SCSCF,A:SCSCF,MTAS,A:MTAS,SCSCF,A:SCSCF,GTW,A:GTW,SCSCF,B:MTAS,SCSCF,B:SCSCF,PCSCF,B:PCSCF,SCSCF,B-200:SCSCF,MTAS,B-200:SCSCF,GTW,B-200"
201,201,0,0,53,-0.6826635520312178,-0.657809726071091,323,0,"GTW,ICSCF,I:ICSCF,GTW,T:SCSCF,ASLI,I:ASLI,SCSCF,T:ASLI,SCSCF,I-500:SCSCF,ASLI,A:SCSCF,MTAS,I:MTAS,SCSCF,T:MTAS,SCSCF,I:SCSCF,MTAS,T:SCSCF,PCSCF,I:PCSCF,SCSCF,T:PCSCF,SCSCF,R:SCSCF,MTAS,R:MTAS,SCSCF,R:ICSCF,GTW,R:GTW,SCSCF,P:SCSCF,MTAS,P:MTAS,SCSCF,P:SCSCF,PCSCF,P:PCSCF,SCSCF,P-200:MTAS,SCSCF,P-200:SCSCF,GTW,P-200:SCSCF,MTAS,P-200:GTW,ICSCF,C:ICSCF,GTW,C-200:SCSCF,MTAS,C:MTAS,SCSCF,C-200:MTAS,SCSCF,C:SCSCF,MTAS,C-200:SCSCF,PCSCF,C:PCSCF,SCSCF,C-200:PCSCF,SCSCF,I-487:SCSCF,PCSCF,A:SCSCF,MTAS,I-487:MTAS,SCSCF,I-487:SCSCF,MTAS,A:ICSCF,GTW,I-487:GTW,ICSCF,A:MTAS,SCSCF,A"
202,202,0,0,53,-0.6662205468537549,-0.66613703159085,25,0,"GTW,ICSCF,I:ICSCF,GTW,T:SCSCF,ASLI,I:ASLI,SCSCF,T:ASLI,SCSCF,I-500:SCSCF,ASLI,A:SCSCF,MTAS,I:MTAS,SCSCF,I:SCSCF,PCSCF,I:PCSCF,SCSCF,T:SCSCF,MTAS,T:MTAS,SCSCF,T:PCSCF,SCSCF,R:SCSCF,MTAS,R:MTAS,SCSCF,R:ICSCF,GTW,R:GTW,SCSCF,P:SCSCF,MTAS,P:MTAS,SCSCF,P:SCSCF,PCSCF,P:PCSCF,SCSCF,P-200:MTAS,SCSCF,P-200:SCSCF,MTAS,P-200:SCSCF,GTW,P-200:PCSCF,SCSCF,I-200:SCSCF,MTAS,I-200:MTAS,SCSCF,I-200:ICSCF,GTW,I-200:SCSCF,MTAS,A:SCSCF,PCSCF,A:GTW,SCSCF,A:MTAS,SCSCF,A:PCSCF,SCSCF,B:SCSCF,MTAS,B:MTAS,SCSCF,B:SCSCF,GTW,B:GTW,SCSCF,B-200:SCSCF,MTAS,B-200:MTAS,SCSCF,B-200:SCSCF,PCSCF,B-200"
203,203,0,0,77,-1.0259570315765043,-1.0111733180606552,113,0,"PCSCF,SCSCF,I:SCSCF,PCSCF,T:SCSCF,ASLI,I:ASLI,SCSCF,T:ASLI,SCSCF,I-500:SCSCF,ASLI,A:MTAS,SCSCF,I:SCSCF,MTAS,T:SCSCF,GTW,I:GTW,SCSCF,T:GTW,SCSCF,S:SCSCF,MTAS,S:SCSCF,PCSCF,S:PCSCF,SCSCF,P:MTAS,SCSCF,P:SCSCF,GTW,P:GTW,SCSCF,P-200:GTW,SCSCF,S:SCSCF,MTAS,S:SCSCF,MTAS,P-200:SCSCF,PCSCF,P-200:SCSCF,PCSCF,S:PCSCF,SCSCF,P:MTAS,SCSCF,P:SCSCF,GTW,P:GTW,SCSCF,P-200:SCSCF,MTAS,P-200:GTW,SCSCF,R:SCSCF,MTAS,R:SCSCF,PCSCF,P-200:SCSCF,PCSCF,R:PCSCF,SCSCF,P:MTAS,SCSCF,P:SCSCF,GTW,P:GTW,SCSCF,P-200:SCSCF,MTAS,P-200:SCSCF,PCSCF,P-200:GTW,SCSCF,I-200:SCSCF,MTAS,I-200:SCSCF,PCSCF,I-200:PCSCF,SCSCF,A:SCSCF,MTAS,A:MTAS,SCSCF,A:SCSCF,GTW,A:MTAS,SCSCF,U:SCSCF,GTW,U:SCSCF,PCSCF,U:GTW,SCSCF,U-200:SCSCF,MTAS,U-200:PCSCF,SCSCF,U-200:SCSCF,MTAS,U-200:GTW,SCSCF,B:MTAS,SCSCF,B:SCSCF,PCSCF,B:PCSCF,SCSCF,B-200:SCSCF,MTAS,B-200:SCSCF,GTW,B-200"
204,204,0,0,66,-1.117812033927581,-1.078931853335381,5,0,"PCSCF,SCSCF,I:SCSCF,ASLI,I:SCSCF,PCSCF,T:ASLI,SCSCF,T:ASLI,SCSCF,I-500:SCSCF,ASLI,A:MTAS,SCSCF,I:SCSCF,MTAS,T:SCSCF,GTW,I:GTW,SCSCF,T:GTW,SCSCF,S:SCSCF,MTAS,S:SCSCF,PCSCF,S:PCSCF,SCSCF,P:MTAS,SCSCF,P:SCSCF,GTW,P:GTW,SCSCF,P-200:GTW,SCSCF,S:SCSCF,MTAS,P-200:SCSCF,MTAS,S:SCSCF,PCSCF,P-200:SCSCF,PCSCF,S:PCSCF,SCSCF,P:MTAS,SCSCF,P:SCSCF,GTW,P:GTW,SCSCF,P-200:SCSCF,MTAS,P-200:SCSCF,PCSCF,P-200:GTW,SCSCF,R:SCSCF,MTAS,R:SCSCF,PCSCF,R:PCSCF,SCSCF,P:MTAS,SCSCF,P:SCSCF,GTW,P:GTW,SCSCF,P-200:SCSCF,MTAS,P-200:SCSCF,PCSCF,P-200:GTW,SCSCF,I-200:SCSCF,MTAS,I-200:SCSCF,PCSCF,I-200:PCSCF,SCSCF,A:SCSCF,MTAS,A:MTAS,SCSCF,A:SCSCF,GTW,A:PCSCF,SCSCF,B:MTAS,SCSCF,B:SCSCF,GTW,B:GTW,SCSCF,B-200:SCSCF,MTAS,B-200:SCSCF,PCSCF,B-200"
205,205,0,0,25,-1.2378014665732864,-1.233858097688837,215,0,"PCSCF,SCSCF,I:SCSCF,PCSCF,T:SCSCF,PCSCF,I-407:PCSCF,SCSCF,A:PCSCF,SCSCF,I:SCSCF,ASLI,I:ASLI,SCSCF,T:ASLI,SCSCF,I-500:SCSCF,ASLI,A:SCSCF,PCSCF,T:MTAS,SCSCF,I:SCSCF,MTAS,T:SCSCF,GTW,I:GTW,SCSCF,T:GTW,SCSCF,I-480:SCSCF,GTW,A:SCSCF,MTAS,I-480:MTAS,SCSCF,A:SCSCF,PCSCF,I-480:PCSCF,SCSCF,A"
206,206,0,0,58,-1.0069538309741026,-0.9809297260225379,1,0,"PCSCF,SCSCF,I:SCSCF,PCSCF,T:SCSCF,PCSCF,I-407:PCSCF,SCSCF,A:PCSCF,SCSCF,I:SCSCF,ASLI,I:ASLI,SCSCF,T:ASLI,SCSCF,I-500:SCSCF,ASLI,A:SCSCF,PCSCF,T:MTAS,SCSCF,I:SCSCF,MTAS,T:SCSCF,GTW,I:GTW,SCSCF,T:GTW,SCSCF,R:SCSCF,MTAS,R:SCSCF,PCSCF,R:PCSCF,SCSCF,P:MTAS,SCSCF,P:SCSCF,GTW,P:GTW,SCSCF,P-200:SCSCF,MTAS,P-200:SCSCF,PCSCF,P-200:GTW,SCSCF,I-200:SCSCF,MTAS,I-200:SCSCF,PCSCF,I-200:PCSCF,SCSCF,A:SCSCF,MTAS,A:MTAS,SCSCF,A:SCSCF,GTW,A:MTAS,SCSCF,U:SCSCF,GTW,U:GTW,SCSCF,U-200:SCSCF,PCSCF,U:SCSCF,MTAS,U-200:PCSCF,SCSCF,U-200:SCSCF,MTAS,U-200:GTW,SCSCF,B:MTAS,SCSCF,B:SCSCF,PCSCF,B:PCSCF,SCSCF,B-200:SCSCF,MTAS,B-200:SCSCF,GTW,B-200"
207,207,0,0,64,-0.6953897210041226,-0.6507663831119317,113,0,"GTW,ICSCF,I:ICSCF,GTW,T:SCSCF,ASLI,I:ASLI,SCSCF,T:ASLI,SCSCF,I-500:SCSCF,ASLI,A:SCSCF,MTAS,I:MTAS,SCSCF,I:SCSCF,MTAS,T:SCSCF,PCSCF,I:PCSCF,SCSCF,T:MTAS,SCSCF,T:PCSCF,SCSCF,R:SCSCF,MTAS,R:MTAS,SCSCF,R:ICSCF,GTW,R:GTW,SCSCF,P:SCSCF,MTAS,P:MTAS,SCSCF,P:SCSCF,PCSCF,P:PCSCF,SCSCF,P-200:SCSCF,MTAS,P-200:MTAS,SCSCF,P-200:SCSCF,GTW,P-200:PCSCF,SCSCF,I-200:SCSCF,MTAS,I-200:MTAS,SCSCF,I-200:ICSCF,GTW,I-200:GTW,SCSCF,A:SCSCF,MTAS,A:MTAS,SCSCF,A:SCSCF,PCSCF,A:MTAS,SCSCF,U:SCSCF,PCSCF,U:SCSCF,GTW,U:GTW,SCSCF,U-200:SCSCF,MTAS,U-200:PCSCF,SCSCF,U-200:SCSCF,MTAS,U-200:GTW,SCSCF,B:SCSCF,MTAS,B:MTAS,SCSCF,B:SCSCF,PCSCF,B:PCSCF,SCSCF,B-200:SCSCF,MTAS,B-200:MTAS,SCSCF,B-200:SCSCF,GTW,B-200"
208,208,0,0,77,-0.7637798039534668,-0.7621176427499582,59,0,"PCSCF,SCSCF,I:SCSCF,PCSCF,T:SCSCF,ASLI,I:ASLI,SCSCF,T:ASLI,SCSCF,I-500:SCSCF,ASLI,A:MTAS,SCSCF,I:SCSCF,MTAS,T:SCSCF,GTW,I:GTW,SCSCF,T:GTW,SCSCF,I-200:SCSCF,MTAS,I-200:SCSCF,PCSCF,I-200:PCSCF,SCSCF,A:SCSCF,MTAS,A:MTAS,SCSCF,A:SCSCF,GTW,A:MTAS,SCSCF,U:SCSCF,GTW,U:GTW,SCSCF,U-200:SCSCF,PCSCF,U:SCSCF,MTAS,U-200:PCSCF,SCSCF,U-200:SCSCF,MTAS,U-200:MTAS,SCSCF,U:SCSCF,GTW,U:GTW,SCSCF,U-200:SCSCF,MTAS,U-200:MTAS,SCSCF,U:SCSCF,PCSCF,U:PCSCF,SCSCF,U-200:SCSCF,MTAS,U-200:MTAS,SCSCF,U:SCSCF,GTW,U:GTW,SCSCF,U-200:SCSCF,MTAS,U-200:MTAS,SCSCF,U:SCSCF,PCSCF,U:PCSCF,SCSCF,U-200:SCSCF,MTAS,U-200:MTAS,SCSCF,U:SCSCF,GTW,U:GTW,SCSCF,U-200:SCSCF,MTAS,U-200:MTAS,SCSCF,U:SCSCF,PCSCF,U:PCSCF,SCSCF,U-200:SCSCF,MTAS,U-200:PCSCF,SCSCF,B:MTAS,SCSCF,B:SCSCF,GTW,B:GTW,SCSCF,B-200:SCSCF,MTAS,B-200:SCSCF,PCSCF,B-200"
209,209,0,0,76,-0.6542934661489296,-0.6339997695009617,113,0,"GTW,ICSCF,I:ICSCF,GTW,T:SCSCF,ASLI,I:ASLI,SCSCF,T:ASLI,SCSCF,I-500:SCSCF,ASLI,A:SCSCF,MTAS,I:MTAS,SCSCF,T:MTAS,SCSCF,I:SCSCF,MTAS,T:SCSCF,PCSCF,I:PCSCF,SCSCF,T:PCSCF,SCSCF,R:SCSCF,MTAS,R:MTAS,SCSCF,R:ICSCF,GTW,R:GTW,SCSCF,P:SCSCF,MTAS,P:MTAS,SCSCF,P:SCSCF,PCSCF,P:PCSCF,SCSCF,P-200:SCSCF,MTAS,P-200:MTAS,SCSCF,P-200:SCSCF,GTW,P-200:PCSCF,SCSCF,I-200:SCSCF,MTAS,I-200:MTAS,SCSCF,I-200:ICSCF,GTW,I-200:GTW,SCSCF,A:SCSCF,MTAS,A:MTAS,SCSCF,A:SCSCF,PCSCF,A:MTAS,SCSCF,U:SCSCF,PCSCF,U:PCSCF,SCSCF,U-200:SCSCF,MTAS,U-200:MTAS,SCSCF,U:SCSCF,GTW,U:GTW,SCSCF,U-200:SCSCF,MTAS,U-200:MTAS,SCSCF,U:SCSCF,PCSCF,U:SCSCF,GTW,U:GTW,SCSCF,U-200:SCSCF,MTAS,U-200:PCSCF,SCSCF,U-200:SCSCF,MTAS,U-200:PCSCF,SCSCF,B:SCSCF,MTAS,B:MTAS,SCSCF,B:SCSCF,GTW,B:GTW,SCSCF,B-200:SCSCF,MTAS,B-200:MTAS,SCSCF,B-200:SCSCF,PCSCF,B-200"
210,210,0,0,75,-0.8105440683673432,-0.8010863116862066,60,0,"PCSCF,SCSCF,I:SCSCF,PCSCF,T:SCSCF,ASLI,I:ASLI,SCSCF,T:ASLI,SCSCF,I-500:SCSCF,ASLI,A:MTAS,SCSCF,I:SCSCF,MTAS,T:SCSCF,GTW,I:GTW,SCSCF,T:GTW,SCSCF,S:SCSCF,MTAS,S:SCSCF,PCSCF,S:PCSCF,SCSCF,P:SCSCF,MTAS,P:MTAS,SCSCF,P:SCSCF,GTW,P:GTW,SCSCF,P-200:GTW,SCSCF,S:SCSCF,MTAS,S:SCSCF,MTAS,P-200:MTAS,SCSCF,P-200:SCSCF,PCSCF,P-200:SCSCF,PCSCF,S:PCSCF,SCSCF,P:SCSCF,MTAS,P:MTAS,SCSCF,P:SCSCF,GTW,P:GTW,SCSCF,P-200:SCSCF,MTAS,P-200:MTAS,SCSCF,P-200:SCSCF,PCSCF,P-200:GTW,SCSCF,R:SCSCF,MTAS,R:SCSCF,PCSCF,R:PCSCF,SCSCF,P:SCSCF,MTAS,P:MTAS,SCSCF,P:SCSCF,GTW,P:GTW,SCSCF,P-200:SCSCF,MTAS,P-200:MTAS,SCSCF,P-200:SCSCF,PCSCF,P-200:GTW,SCSCF,I-200:SCSCF,MTAS,I-200:SCSCF,PCSCF,I-200:PCSCF,SCSCF,A:SCSCF,MTAS,A:MTAS,SCSCF,A:SCSCF,GTW,A:GTW,SCSCF,B:MTAS,SCSCF,B:SCSCF,PCSCF,B:PCSCF,SCSCF,B-200:SCSCF,MTAS,B-200:SCSCF,GTW,B-200"
211,211,0,0,52,-1.0729975479407028,-1.0137347018264062,190,0,"PCSCF,SCSCF,I:SCSCF,ASLI,I:ASLI,SCSCF,T:ASLI,SCSCF,I-500:SCSCF,ASLI,A:MTAS,SCSCF,I:SCSCF,MTAS,T:SCSCF,PCSCF,T:SCSCF,GTW,I:GTW,SCSCF,T:GTW,SCSCF,S:SCSCF,MTAS,S:SCSCF,PCSCF,S:PCSCF,SCSCF,P:SCSCF,MTAS,P:MTAS,SCSCF,P:SCSCF,GTW,P:GTW,SCSCF,P-200:SCSCF,MTAS,P-200:MTAS,SCSCF,P-200:SCSCF,PCSCF,P-200:GTW,SCSCF,R:SCSCF,MTAS,R:GTW,SCSCF,R:SCSCF,MTAS,R:SCSCF,PCSCF,R:PCSCF,SCSCF,P:SCSCF,MTAS,P:MTAS,SCSCF,P:SCSCF,GTW,P:GTW,SCSCF,P-200:SCSCF,MTAS,P-200:MTAS,SCSCF,P-200:SCSCF,PCSCF,P-200:GTW,SCSCF,I-480:SCSCF,GTW,A:SCSCF,MTAS,I-480:MTAS,SCSCF,A:SCSCF,PCSCF,I-480:PCSCF,SCSCF,A"
212,212,0,0,64,-0.6165121068109555,-0.6160541151240763,113,0,"PCSCF,SCSCF,I:SCSCF,PCSCF,T:SCSCF,ASLI,I:ASLI,SCSCF,T:ASLI,SCSCF,I-500:SCSCF,ASLI,A:MTAS,SCSCF,I:SCSCF,MTAS,T:SCSCF,GTW,I:GTW,SCSCF,T:GTW,SCSCF,R:SCSCF,MTAS,R:SCSCF,PCSCF,R:PCSCF,SCSCF,P:MTAS,SCSCF,P:SCSCF,GTW,P:GTW,SCSCF,P-200:SCSCF,MTAS,P-200:SCSCF,PCSCF,P-200:GTW,SCSCF,I-200:SCSCF,MTAS,I-200:SCSCF,PCSCF,I-200:PCSCF,SCSCF,A:SCSCF,MTAS,A:MTAS,SCSCF,A:SCSCF,GTW,A:MTAS,SCSCF,U:SCSCF,GTW,U:SCSCF,PCSCF,U:GTW,SCSCF,U-200:SCSCF,MTAS,U-200:PCSCF,SCSCF,U-200:SCSCF,MTAS,U-200:MTAS,SCSCF,U:SCSCF,GTW,U:SCSCF,PCSCF,U:GTW,SCSCF,U-200:SCSCF,MTAS,U-200:PCSCF,SCSCF,U-200:SCSCF,MTAS,U-200:GTW,SCSCF,B:MTAS,SCSCF,B:SCSCF,PCSCF,B:PCSCF,SCSCF,B-200:SCSCF,MTAS,B-200:SCSCF,GTW,B-200"
213,213,0,0,80,-1.0511039133417333,-1.0197621589205859,293,0,"PCSCF,SCSCF,I:SCSCF,PCSCF,T:SCSCF,PCSCF,I-407:PCSCF,SCSCF,A:PCSCF,SCSCF,I:SCSCF,PCSCF,T:SCSCF,ASLI,I:ASLI,SCSCF,T:ASLI,SCSCF,I-500:SCSCF,ASLI,A:MTAS,SCSCF,I:SCSCF,MTAS,T:SCSCF,GTW,I:GTW,SCSCF,T:GTW,SCSCF,S:SCSCF,MTAS,S:SCSCF,PCSCF,S:PCSCF,SCSCF,P:MTAS,SCSCF,P:SCSCF,GTW,P:GTW,SCSCF,P-200:GTW,SCSCF,R:SCSCF,MTAS,R:SCSCF,MTAS,P-200:SCSCF,PCSCF,P-200:SCSCF,PCSCF,R:PCSCF,SCSCF,P:MTAS,SCSCF,P:SCSCF,GTW,P:GTW,SCSCF,P-200:SCSCF,MTAS,P-200:SCSCF,PCSCF,P-200:GTW,SCSCF,S:SCSCF,MTAS,S:SCSCF,PCSCF,S:PCSCF,SCSCF,P:MTAS,SCSCF,P:SCSCF,GTW,P:GTW,SCSCF,P-200:SCSCF,MTAS,P-200:SCSCF,PCSCF,P-200:GTW,SCSCF,U:MTAS,SCSCF,U:SCSCF,PCSCF,U:PCSCF,SCSCF,U-200:SCSCF,MTAS,U-200:SCSCF,GTW,U-200:GTW,SCSCF,I-200:SCSCF,MTAS,I-200:SCSCF,PCSCF,I-200:PCSCF,SCSCF,A:SCSCF,MTAS,A:MTAS,SCSCF,A:SCSCF,GTW,A:PCSCF,SCSCF,B:MTAS,SCSCF,B:SCSCF,GTW,B:GTW,SCSCF,B-200:SCSCF,MTAS,B-200:SCSCF,PCSCF,B-200"
214,214,0,0,41,-0.6693057538195517,-0.6321678508185622,158,0,"GTW,ICSCF,I:ICSCF,GTW,T:SCSCF,ASLI,I:ASLI,SCSCF,T:ASLI,SCSCF,I-500:SCSCF,ASLI,A:SCSCF,MTAS,I:MTAS,SCSCF,T:MTAS,SCSCF,I:SCSCF,MTAS,T:SCSCF,PCSCF,I:PCSCF,SCSCF,T:PCSCF,SCSCF,R:SCSCF,MTAS,R:MTAS,SCSCF,R:ICSCF,GTW,R:GTW,SCSCF,P:SCSCF,MTAS,P:MTAS,SCSCF,P:SCSCF,PCSCF,P:PCSCF,SCSCF,P-200:SCSCF,MTAS,P-200:MTAS,SCSCF,P-200:SCSCF,GTW,P-200:PCSCF,SCSCF,I-487:SCSCF,PCSCF,A:SCSCF,MTAS,I-487:MTAS,SCSCF,A:MTAS,SCSCF,I-487:SCSCF,MTAS,A:ICSCF,GTW,I-487:GTW,ICSCF,A"
215,215,0,0,48,-1.09939402284946,-1.074389157033193,146,0,"PCSCF,SCSCF,I:SCSCF,PCSCF,T:SCSCF,ASLI,I:ASLI,SCSCF,T:ASLI,SCSCF,I-500:SCSCF,ASLI,A:MTAS,SCSCF,I:SCSCF,MTAS,T:SCSCF,GTW,I:GTW,SCSCF,T:GTW,SCSCF,R:SCSCF,MTAS,R:SCSCF,PCSCF,R:PCSCF,SCSCF,P:SCSCF,MTAS,P:MTAS,SCSCF,P:GTW,SCSCF,I-200:SCSCF,GTW,P:SCSCF,MTAS,I-200:SCSCF,PCSCF,I-200:GTW,SCSCF,P-200:SCSCF,MTAS,P-200:MTAS,SCSCF,P-200:SCSCF,PCSCF,P-200:PCSCF,SCSCF,A:SCSCF,MTAS,A:MTAS,SCSCF,A:SCSCF,GTW,A:PCSCF,SCSCF,B:SCSCF,MTAS,B:MTAS,SCSCF,B:SCSCF,GTW,B:GTW,SCSCF,B-200:SCSCF,MTAS,B-200:MTAS,SCSCF,B-200:SCSCF,PCSCF,B-200"
216,216,0,0,75,-0.5644915904118005,-0.5640867821215856,113,0,"GTW,ICSCF,I:ICSCF,GTW,T:SCSCF,ASLI,I:ASLI,SCSCF,T:ASLI,SCSCF,I-500:SCSCF,ASLI,A:SCSCF,MTAS,I:MTAS,SCSCF,T:MTAS,SCSCF,I:SCSCF,MTAS,T:SCSCF,PCSCF,I:PCSCF,SCSCF,T:PCSCF,SCSCF,R:SCSCF,MTAS,R:MTAS,SCSCF,R:ICSCF,GTW,R:GTW,SCSCF,P:SCSCF,MTAS,P:MTAS,SCSCF,P:SCSCF,PCSCF,P:PCSCF,SCSCF,P-200:SCSCF,MTAS,P-200:MTAS,SCSCF,P-200:SCSCF,GTW,P-200:PCSCF,SCSCF,I-200:SCSCF,MTAS,I-200:MTAS,SCSCF,I-200:ICSCF,GTW,I-200:GTW,SCSCF,A:SCSCF,MTAS,A:MTAS,SCSCF,A:SCSCF,PCSCF,A:MTAS,SCSCF,U:SCSCF,PCSCF,U:SCSCF,GTW,U:GTW,SCSCF,U-200:SCSCF,MTAS,U-200:PCSCF,SCSCF,U-200:SCSCF,MTAS,U-200:MTAS,SCSCF,U:SCSCF,PCSCF,U:SCSCF,GTW,U:GTW,SCSCF,U-200:SCSCF,MTAS,U-200:PCSCF,SCSCF,U-200:SCSCF,MTAS,U-200:GTW,SCSCF,B:SCSCF,MTAS,B:MTAS,SCSCF,B:SCSCF,PCSCF,B:PCSCF,SCSCF,B-200:SCSCF,MTAS,B-200:MTAS,SCSCF,B-200:SCSCF,GTW,B-200"
217,217,0,0,47,-0.825353863692583,-0.824983640268849,24,0,"PCSCF,SCSCF,I:SCSCF,PCSCF,T:SCSCF,PCSCF,I-407:PCSCF,SCSCF,A:PCSCF,SCSCF,I:SCSCF,ASLI,I:SCSCF,PCSCF,T:ASLI,SCSCF,T:ASLI,SCSCF,I-500:SCSCF,ASLI,A:MTAS,SCSCF,I:SCSCF,MTAS,T:SCSCF,GTW,I:GTW,SCSCF,T:GTW,SCSCF,R:SCSCF,MTAS,R:SCSCF,PCSCF,R:PCSCF,SCSCF,P:MTAS,SCSCF,P:SCSCF,GTW,P:GTW,SCSCF,P-200:SCSCF,MTAS,P-200:SCSCF,PCSCF,P-200:GTW,SCSCF,I-200:SCSCF,MTAS,I-200:SCSCF,PCSCF,I-200:PCSCF,SCSCF,A:SCSCF,MTAS,A:MTAS,SCSCF,A:SCSCF,GTW,A:GTW,SCSCF,B:MTAS,SCSCF,B:SCSCF,PCSCF,B:PCSCF,SCSCF,B-200:SCSCF,MTAS,B-200:SCSCF,GTW,B-200"
218,218,0,0,64,-1.252471436496209,-1.2264020422811692,76,0,"PCSCF,SCSCF,I:SCSCF,PCSCF,T:SCSCF,PCSCF,I-407:PCSCF,SCSCF,A:PCSCF,SCSCF,I:SCSCF,ASLI,I:ASLI,SCSCF,T:SCSCF,PCSCF,T:ASLI,SCSCF,I-500:SCSCF,ASLI,A:MTAS,SCSCF,I:SCSCF,MTAS,T:SCSCF,GTW,I:GTW,SCSCF,T:GTW,SCSCF,S:SCSCF,MTAS,S:SCSCF,PCSCF,S:PCSCF,SCSCF,P:SCSCF,MTAS,P:MTAS,SCSCF,P:SCSCF,GTW,P:GTW,SCSCF,P-200:GTW,SCSCF,R:SCSCF,MTAS,P-200:SCSCF,MTAS,R:MTAS,SCSCF,P-200:SCSCF,PCSCF,P-200:SCSCF,PCSCF,R:PCSCF,SCSCF,P:SCSCF,MTAS,P:MTAS,SCSCF,P:SCSCF,GTW,P:GTW,SCSCF,P-200:SCSCF,MTAS,P-200:MTAS,SCSCF,P-200:SCSCF,PCSCF,P-200:PCSCF,SCSCF,C:MTAS,SCSCF,C:SCSCF,MTAS,C-200:SCSCF,GTW,C:GTW,SCSCF,C-200:GTW,SCSCF,I-487:SCSCF,GTW,A:SCSCF,MTAS,I-487:MTAS,SCSCF,A:SCSCF,PCSCF,C-200:SCSCF,PCSCF,I-487:PCSCF,SCSCF,A"
219,219,0,0,78,-1.2564736704455786,-1.235141540989505,170,0,"PCSCF,SCSCF,I:SCSCF,PCSCF,T:SCSCF,ASLI,I:ASLI,SCSCF,T:ASLI,SCSCF,I-500:SCSCF,ASLI,A:MTAS,SCSCF,I:SCSCF,MTAS,T:SCSCF,GTW,I:GTW,SCSCF,T:GTW,SCSCF,R:SCSCF,MTAS,R:SCSCF,PCSCF,R:PCSCF,SCSCF,P:SCSCF,MTAS,P:MTAS,SCSCF,P:SCSCF,GTW,P:GTW,SCSCF,P-200:SCSCF,MTAS,P-200:MTAS,SCSCF,P-200:SCSCF,PCSCF,P-200:GTW,SCSCF,S:SCSCF,MTAS,S:SCSCF,PCSCF,S:PCSCF,SCSCF,P:SCSCF,MTAS,P:MTAS,SCSCF,P:SCSCF,GTW,P:GTW,SCSCF,P-200:SCSCF,MTAS,P-200:MTAS,SCSCF,P-200:SCSCF,PCSCF,P-200:GTW,SCSCF,S:SCSCF,MTAS,S:SCSCF,PCSCF,S:PCSCF,SCSCF,P:SCSCF,MTAS,P:MTAS,SCSCF,P:GTW,SCSCF,I-200:SCSCF,GTW,P:GTW,SCSCF,P-200:SCSCF,MTAS,I-200:SCSCF,PCSCF,I-200:PCSCF,SCSCF,A:SCSCF,MTAS,A:MTAS,SCSCF,A:SCSCF,MTAS,P-200:SCSCF,GTW,A:MTAS,SCSCF,P-200:SCSCF,PCSCF,P-200:PCSCF,SCSCF,B:SCSCF,MTAS,B:MTAS,SCSCF,B:SCSCF,GTW,B:GTW,SCSCF,B-200:SCSCF,MTAS,B-200:MTAS,SCSCF,B-200:SCSCF,PCSCF,B-200"
220,220,0,0,89,-1.0250937079800293,-0.9987336404725857,28,0,"PCSCF,SCSCF,I:SCSCF,ASLI,I:ASLI,SCSCF,T:ASLI,SCSCF,I-500:SCSCF,ASLI,A:MTAS,SCSCF,I:SCSCF,MTAS,T:SCSCF,GTW,I:GTW,SCSCF,T:SCSCF,PCSCF,T:GTW,SCSCF,S:SCSCF,MTAS,S:SCSCF,PCSCF,S:PCSCF,SCSCF,P:SCSCF,MTAS,P:MTAS,SCSCF,P:SCSCF,GTW,P:GTW,SCSCF,P-200:GTW,SCSCF,S:SCSCF,MTAS,S:SCSCF,MTAS,P-200:MTAS,SCSCF,P-200:SCSCF,PCSCF,P-200:SCSCF,PCSCF,S:PCSCF,SCSCF,P:SCSCF,MTAS,P:MTAS,SCSCF,P:SCSCF,GTW,P:GTW,SCSCF,P-200:GTW,SCSCF,S:SCSCF,MTAS,P-200:SCSCF,MTAS,S:MTAS,SCSCF,P-200:SCSCF,PCSCF,P-200:SCSCF,PCSCF,S:PCSCF,SCSCF,P:SCSCF,MTAS,P:MTAS,SCSCF,P:SCSCF,GTW,P:GTW,SCSCF,P-200:SCSCF,MTAS,P-200:MTAS,SCSCF,P-200:SCSCF,PCSCF,P-200:GTW,SCSCF,R:SCSCF,MTAS,R:SCSCF,PCSCF,R:PCSCF,SCSCF,P:SCSCF,MTAS,P:MTAS,SCSCF,P:SCSCF,GTW,P:GTW,SCSCF,P-200:SCSCF,MTAS,P-200:MTAS,SCSCF,P-200:SCSCF,PCSCF,P-200:PCSCF,SCSCF,C:SCSCF,PCSCF,C-200:MTAS,SCSCF,C:SCSCF,MTAS,C-200:SCSCF,GTW,C:GTW,SCSCF,C-200:GTW,SCSCF,I-487:SCSCF,GTW,A:SCSCF,MTAS,I-487:MTAS,SCSCF,A:SCSCF,PCSCF,I-487:PCSCF,SCSCF,A"
221,221,0,0,92,-0.8166926453788943,-0.7981471305791261,59,0,"PCSCF,SCSCF,I:SCSCF,PCSCF,T:SCSCF,PCSCF,I-407:PCSCF,SCSCF,A:PCSCF,SCSCF,I:SCSCF,PCSCF,T:SCSCF,ASLI,I:ASLI,SCSCF,T:ASLI,SCSCF,I-500:SCSCF,ASLI,A:MTAS,SCSCF,I:SCSCF,MTAS,T:SCSCF,GTW,I:GTW,SCSCF,T:GTW,SCSCF,I-200:SCSCF,MTAS,I-200:SCSCF,PCSCF,I-200:PCSCF,SCSCF,A:SCSCF,MTAS,A:MTAS,SCSCF,A:SCSCF,GTW,A:MTAS,SCSCF,U:SCSCF,GTW,U:GTW,SCSCF,U-200:SCSCF,MTAS,U-200:MTAS,SCSCF,U:SCSCF,PCSCF,U:PCSCF,SCSCF,U-200:SCSCF,MTAS,U-200:MTAS,SCSCF,U:SCSCF,GTW,U:SCSCF,PCSCF,U:GTW,SCSCF,U-200:SCSCF,MTAS,U-200:PCSCF,SCSCF,U-200:MTAS,SCSCF,U:SCSCF,GTW,U:GTW,SCSCF,U-200:SCSCF,MTAS,U-200:MTAS,SCSCF,U:SCSCF,PCSCF,U:PCSCF,SCSCF,U-200:SCSCF,MTAS,U-200:MTAS,SCSCF,U:SCSCF,GTW,U:GTW,SCSCF,U-200:SCSCF,MTAS,U-200:MTAS,SCSCF,U:SCSCF,PCSCF,U:PCSCF,SCSCF,U-200:SCSCF,MTAS,U-200:MTAS,SCSCF,U:SCSCF,GTW,U:GTW,SCSCF,U-200:SCSCF,MTAS,U-200:MTAS,SCSCF,U:SCSCF,PCSCF,U:PCSCF,SCSCF,U-200:SCSCF,MTAS,U-200:GTW,SCSCF,B:MTAS,SCSCF,B:SCSCF,PCSCF,B:PCSCF,SCSCF,B-200:SCSCF,MTAS,B-200:SCSCF,GTW,B-200"
222,222,0,0,35,-1.0646071836966458,-1.0379596461201293,24,0,"PCSCF,SCSCF,I:SCSCF,PCSCF,T:SCSCF,PCSCF,I-407:PCSCF,SCSCF,A:PCSCF,SCSCF,I:SCSCF,ASLI,I:ASLI,SCSCF,T:SCSCF,PCSCF,T:ASLI,SCSCF,I-500:SCSCF,ASLI,A:MTAS,SCSCF,I:SCSCF,MTAS,T:SCSCF,GTW,I:GTW,SCSCF,T:GTW,SCSCF,I-200:SCSCF,MTAS,I-200:SCSCF,PCSCF,I-200:PCSCF,SCSCF,A:SCSCF,MTAS,A:MTAS,SCSCF,A:SCSCF,GTW,A:GTW,SCSCF,B:MTAS,SCSCF,B:SCSCF,PCSCF,B:PCSCF,SCSCF,B-200:SCSCF,MTAS,B-200:SCSCF,GTW,B-200"
223,223,0,1,61,-1.520015532071305,-1.5027971078376812,100,0,"GTW,ICSCF,I:ICSCF,GTW,T:SCSCF,ASLI,I:ASLI,SCSCF,T:ASLI,SCSCF,I-500:SCSCF,ASLI,A:SCSCF,BCCAS,I:BCCAS,SCSCF,T:BCCAS,SCSCF,I:SCSCF,BCCAS,T:SCSCF,PCSCF,I:SCSCF,PCSCF,I:PCSCF,SCSCF,T:PCSCF,SCSCF,T:PCSCF,SCSCF,R:SCSCF,BCCAS,R:BCCAS,SCSCF,R:ICSCF,GTW,R:GTW,SCSCF,P:SCSCF,BCCAS,P:BCCAS,SCSCF,P:SCSCF,PCSCF,P:PCSCF,SCSCF,I-200:SCSCF,BCCAS,I-200:SCSCF,PCSCF,C:PCSCF,SCSCF,P-200:BCCAS,SCSCF,I-200:SCSCF,BCCAS,P-200:ICSCF,GTW,I-200:BCCAS,SCSCF,P-200:SCSCF,GTW,P-200:GTW,SCSCF,A:SCSCF,BCCAS,A:PCSCF,SCSCF,C-200:BCCAS,SCSCF,A:SCSCF,PCSCF,A:PCSCF,SCSCF,I-487:SCSCF,PCSCF,A:GTW,SCSCF,B:SCSCF,BCCAS,B:BCCAS,SCSCF,B:SCSCF,PCSCF,B:PCSCF,SCSCF,B-200:SCSCF,BCCAS,B-200:BCCAS,SCSCF,B-200:SCSCF,GTW,B-200"
224,224,0,0,88,-0.6038762951345226,-0.5987940435872026,113,0,"GTW,ICSCF,I:ICSCF,GTW,T:SCSCF,ASLI,I:ASLI,SCSCF,T:ASLI,SCSCF,I-500:SCSCF,ASLI,A:SCSCF,MTAS,I:MTAS,SCSCF,T:MTAS,SCSCF,I:SCSCF,MTAS,T:SCSCF,PCSCF,I:PCSCF,SCSCF,T:PCSCF,SCSCF,R:SCSCF,MTAS,R:MTAS,SCSCF,R:ICSCF,GTW,R:GTW,SCSCF,P:SCSCF,MTAS,P:MTAS,SCSCF,P:SCSCF,PCSCF,P:PCSCF,SCSCF,P-200:SCSCF,MTAS,P-200:MTAS,SCSCF,P-200:SCSCF,GTW,P-200:PCSCF,SCSCF,I-200:SCSCF,MTAS,I-200:MTAS,SCSCF,I-200:ICSCF,GTW,I-200:GTW,SCSCF,A:SCSCF,MTAS,A:MTAS,SCSCF,A:SCSCF,PCSCF,A:MTAS,SCSCF,U:SCSCF,PCSCF,U:MTAS,SCSCF,U:SCSCF,GTW,U:PCSCF,SCSCF,U-200:SCSCF,MTAS,U-200:GTW,SCSCF,U-200:SCSCF,MTAS,U-200:MTAS,SCSCF,U:SCSCF,PCSCF,U:MTAS,SCSCF,U:SCSCF,GTW,U:GTW,SCSCF,U-200:SCSCF,MTAS,U-200:PCSCF,SCSCF,U-200:SCSCF,MTAS,U-200:MTAS,SCSCF,U:SCSCF,GTW,U:SCSCF,PCSCF,U:GTW,SCSCF,U-200:SCSCF,MTAS,U-200:PCSCF,SCSCF,U-200:SCSCF,MTAS,U-200:GTW,SCSCF,B:SCSCF,MTAS,B:MTAS,SCSCF,B:SCSCF,PCSCF,B:PCSCF,SCSCF,B-200:SCSCF,MTAS,B-200:MTAS,SCSCF,B-200:SCSCF,GTW,B-200"
225,225,0,0,100,-1.0060264957244724,-0.9834577855914067,59,0,"PCSCF,SCSCF,I:SCSCF,ASLI,I:ASLI,SCSCF,T:SCSCF,PCSCF,T:ASLI,SCSCF,I-500:MTAS,SCSCF,I:SCSCF,MTAS,T:SCSCF,ASLI,A:SCSCF,GTW,I:GTW,SCSCF,T:GTW,SCSCF,S:SCSCF,MTAS,S:SCSCF,PCSCF,S:PCSCF,SCSCF,P:MTAS,SCSCF,P:SCSCF,GTW,P:GTW,SCSCF,P-200:SCSCF,MTAS,P-200:SCSCF,PCSCF,P-200:GTW,SCSCF,S:SCSCF,MTAS,S:SCSCF,PCSCF,S:PCSCF,SCSCF,P:MTAS,SCSCF,P:SCSCF,GTW,P:GTW,SCSCF,P-200:SCSCF,MTAS,P-200:SCSCF,PCSCF,P-200:GTW,SCSCF,R:SCSCF,MTAS,R:SCSCF,PCSCF,R:PCSCF,SCSCF,P:MTAS,SCSCF,P:SCSCF,GTW,P:GTW,SCSCF,P-200:SCSCF,MTAS,P-200:SCSCF,PCSCF,P-200:GTW,SCSCF,I-200:SCSCF,MTAS,I-200:SCSCF,PCSCF,I-200:PCSCF,SCSCF,A:SCSCF,MTAS,A:MTAS,SCSCF,A:SCSCF,GTW,A:MTAS,SCSCF,U:SCSCF,GTW,U:GTW,SCSCF,U-200:SCSCF,MTAS,U-200:SCSCF,PCSCF,U:PCSCF,SCSCF,U-200:SCSCF,MTAS,U-200:MTAS,SCSCF,U:SCSCF,GTW,U:GTW,SCSCF,U-200:SCSCF,MTAS,U-200:MTAS,SCSCF,U:SCSCF,PCSCF,U:PCSCF,SCSCF,U-200:SCSCF,MTAS,U-200:MTAS,SCSCF,U:SCSCF,GTW,U:SCSCF,PCSCF,U:GTW,SCSCF,U-200:SCSCF,MTAS,U-200:PCSCF,SCSCF,U-200:SCSCF,MTAS,U-200:PCSCF,SCSCF,B:MTAS,SCSCF,B:SCSCF,GTW,B:GTW,SCSCF,B-200:SCSCF,MTAS,B-200:SCSCF,PCSCF,B-200"
226,226,0,0,44,-0.9728476155661236,-0.9021062114880087,190,0,"PCSCF,SCSCF,I:SCSCF,PCSCF,T:SCSCF,ASLI,I:ASLI,SCSCF,T:ASLI,SCSCF,I-500:SCSCF,ASLI,A:MTAS,SCSCF,I:SCSCF,MTAS,T:SCSCF,GTW,I:GTW,SCSCF,T:GTW,SCSCF,S:SCSCF,MTAS,S:SCSCF,PCSCF,S:PCSCF,SCSCF,P:MTAS,SCSCF,P:SCSCF,GTW,P:GTW,SCSCF,P-200:SCSCF,MTAS,P-200:SCSCF,PCSCF,P-200:GTW,SCSCF,R:SCSCF,MTAS,R:SCSCF,PCSCF,R:PCSCF,SCSCF,P:MTAS,SCSCF,P:SCSCF,GTW,P:GTW,SCSCF,P-200:SCSCF,MTAS,P-200:SCSCF,PCSCF,P-200:GTW,SCSCF,I-480:SCSCF,GTW,A:SCSCF,MTAS,I-480:MTAS,SCSCF,A:SCSCF,PCSCF,I-480:PCSCF,SCSCF,A"
227,227,0,0,53,-0.7008441123560654,-0.6954212029739603,49,0,"GTW,ICSCF,I:ICSCF,GTW,T:SCSCF,ASLI,I:ASLI,SCSCF,T:ASLI,SCSCF,I-500:SCSCF,MTAS,I:MTAS,SCSCF,T:MTAS,SCSCF,I:SCSCF,ASLI,A:SCSCF,MTAS,T:SCSCF,PCSCF,I:PCSCF,SCSCF,T:PCSCF,SCSCF,R:SCSCF,MTAS,R:MTAS,SCSCF,R:ICSCF,GTW,R:GTW,SCSCF,P:SCSCF,MTAS,P:MTAS,SCSCF,P:SCSCF,PCSCF,P:MTAS,SCSCF,P-200:PCSCF,SCSCF,P-200:SCSCF,MTAS,P-200:SCSCF,GTW,P-200:PCSCF,SCSCF,I-200:SCSCF,MTAS,I-200:MTAS,SCSCF,I-200:ICSCF,GTW,I-200:GTW,SCSCF,A:SCSCF,MTAS,A:MTAS,SCSCF,A:SCSCF,PCSCF,A:GTW,SCSCF,B:SCSCF,MTAS,B:MTAS,SCSCF,B:SCSCF,PCSCF,B:PCSCF,SCSCF,B-200:SCSCF,MTAS,B-200:MTAS,SCSCF,B-200:SCSCF,GTW,B-200"
228,228,0,0,62,-0.9697289645574034,-0.9690266559245764,53,0,"PCSCF,SCSCF,I:SCSCF,PCSCF,T:SCSCF,PCSCF,I-407:PCSCF,SCSCF,A:PCSCF,SCSCF,I:SCSCF,ASLI,I:ASLI,SCSCF,T:ASLI,SCSCF,I-500:SCSCF,ASLI,A:SCSCF,PCSCF,T:MTAS,SCSCF,I:SCSCF,MTAS,T:SCSCF,GTW,I:GTW,SCSCF,T:GTW,SCSCF,S:SCSCF,MTAS,S:SCSCF,PCSCF,S:PCSCF,SCSCF,P:MTAS,SCSCF,P:SCSCF,GTW,P:GTW,SCSCF,P-200:SCSCF,MTAS,P-200:SCSCF,PCSCF,P-200:GTW,SCSCF,S:SCSCF,MTAS,S:SCSCF,PCSCF,S:PCSCF,SCSCF,P:MTAS,SCSCF,P:SCSCF,GTW,P:GTW,SCSCF,P-200:SCSCF,MTAS,P-200:SCSCF,PCSCF,P-200:GTW,SCSCF,R:SCSCF,MTAS,R:SCSCF,PCSCF,R:GTW,SCSCF,I-200:SCSCF,MTAS,I-200:SCSCF,PCSCF,I-200:PCSCF,SCSCF,A:SCSCF,MTAS,A:MTAS,SCSCF,A:SCSCF,GTW,A:PCSCF,SCSCF,B:MTAS,SCSCF,B:SCSCF,GTW,B:GTW,SCSCF,B-200:SCSCF,MTAS,B-200:SCSCF,PCSCF,B-200"
229,229,0,0,74,-0.5944640356798951,-0.5856040150558596,60,0,"PCSCF,SCSCF,I:SCSCF,PCSCF,T:SCSCF,BCCAS,I:BCCAS,SCSCF,T:BCCAS,SCSCF,I-500:SCSCF,BCCAS,A:SCSCF,ASLI,I:ASLI,SCSCF,T:ASLI,SCSCF,I-500:SCSCF,ASLI,A:SCSCF,BCCAS,I:BCCAS,SCSCF,T:BCCAS,SCSCF,I:SCSCF,BCCAS,T:SCSCF,GTW,I:GTW,SCSCF,T:GTW,SCSCF,S:SCSCF,BCCAS,S:BCCAS,SCSCF,S:SCSCF,PCSCF,S:PCSCF,SCSCF,P:SCSCF,BCCAS,P:BCCAS,SCSCF,P:SCSCF,GTW,P:GTW,SCSCF,P-200:SCSCF,BCCAS,P-200:BCCAS,SCSCF,P-200:SCSCF,PCSCF,P-200:GTW,SCSCF,R:SCSCF,BCCAS,R:BCCAS,SCSCF,R:SCSCF,PCSCF,R:PCSCF,SCSCF,P:SCSCF,BCCAS,P:BCCAS,SCSCF,P:SCSCF,GTW,P:GTW,SCSCF,P-200:SCSCF,BCCAS,P-200:BCCAS,SCSCF,P-200:SCSCF,PCSCF,P-200:GTW,SCSCF,I-200:SCSCF,BCCAS,I-200:BCCAS,SCSCF,I-200:SCSCF,PCSCF,I-200:PCSCF,SCSCF,A:SCSCF,BCCAS,A:BCCAS,SCSCF,A:SCSCF,GTW,A:GTW,SCSCF,B:SCSCF,BCCAS,B:BCCAS,SCSCF,B:SCSCF,PCSCF,B:PCSCF,SCSCF,B-200:SCSCF,BCCAS,B-200:BCCAS,SCSCF,B-200:SCSCF,GTW,B-200"
230,230,0,0,84,-0.7885946636852766,-0.7879858661467312,104,0,"PCSCF,SCSCF,I:SCSCF,PCSCF,T:SCSCF,PCSCF,I-407:PCSCF,SCSCF,A:PCSCF,SCSCF,I:SCSCF,ASLI,I:SCSCF,PCSCF,T:ASLI,SCSCF,T:ASLI,SCSCF,I-500:SCSCF,ASLI,A:MTAS,SCSCF,I:SCSCF,MTAS,T:SCSCF,GTW,I:GTW,SCSCF,T:GTW,SCSCF,S:SCSCF,MTAS,S:SCSCF,PCSCF,S:PCSCF,SCSCF,P:SCSCF,MTAS,P:MTAS,SCSCF,P:SCSCF,GTW,P:GTW,SCSCF,P-200:SCSCF,MTAS,P-200:MTAS,SCSCF,P-200:SCSCF,PCSCF,P-200:GTW,SCSCF,R:SCSCF,MTAS,R:SCSCF,PCSCF,R:PCSCF,SCSCF,P:SCSCF,MTAS,P:MTAS,SCSCF,P:SCSCF,GTW,P:GTW,SCSCF,P-200:SCSCF,MTAS,P-200:MTAS,SCSCF,P-200:SCSCF,PCSCF,P-200:GTW,SCSCF,I-200:SCSCF,MTAS,I-200:SCSCF,PCSCF,I-200:PCSCF,SCSCF,A:SCSCF,MTAS,A:MTAS,SCSCF,A:SCSCF,GTW,A:PCSCF,SCSCF,I:SCSCF,PCSCF,T:MTAS,SCSCF,I:SCSCF,MTAS,T:SCSCF,GTW,I:GTW,SCSCF,T:GTW,SCSCF,I-200:SCSCF,MTAS,I-200:SCSCF,PCSCF,I-200:PCSCF,SCSCF,A:SCSCF,MTAS,A:MTAS,SCSCF,A:SCSCF,GTW,A:PCSCF,SCSCF,B:SCSCF,MTAS,B:MTAS,SCSCF,B:SCSCF,GTW,B:GTW,SCSCF,B-200:SCSCF,MTAS,B-200:MTAS,SCSCF,B-200:SCSCF,PCSCF,B-200"
231,231,0,0,71,-1.141919441766077,-1.1075955224220622,65,0,"GTW,ICSCF,I:ICSCF,GTW,T:SCSCF,ASLI,I:ASLI,SCSCF,T:ASLI,SCSCF,I-500:SCSCF,ASLI,A:SCSCF,MTAS,I:MTAS,SCSCF,T:MTAS,SCSCF,W:ICSCF,GTW,W:MTAS,SCSCF,I:SCSCF,MTAS,T:SCSCF,GTW,I:GTW,SCSCF,T:GTW,SCSCF,S:SCSCF,MTAS,S:MTAS,SCSCF,S:ICSCF,GTW,S:GTW,SCSCF,P:SCSCF,MTAS,P:MTAS,SCSCF,P:SCSCF,GTW,P:GTW,SCSCF,P-200:SCSCF,MTAS,P-200:MTAS,SCSCF,P-200:SCSCF,GTW,P-200:GTW,SCSCF,R:SCSCF,MTAS,R:MTAS,SCSCF,R:ICSCF,GTW,R:GTW,SCSCF,P:SCSCF,MTAS,P:MTAS,SCSCF,P:SCSCF,GTW,P:GTW,SCSCF,P-200:SCSCF,MTAS,P-200:MTAS,SCSCF,P-200:SCSCF,GTW,P-200:GTW,ICSCF,C:ICSCF,GTW,C-200:SCSCF,MTAS,C:MTAS,SCSCF,C-200:MTAS,SCSCF,I-487:SCSCF,MTAS,A:MTAS,SCSCF,C:ICSCF,GTW,I-487:SCSCF,MTAS,C-200:GTW,ICSCF,A:SCSCF,GTW,C:GTW,SCSCF,C-200:GTW,SCSCF,I-487:SCSCF,GTW,A:SCSCF,MTAS,I-487:MTAS,SCSCF,A"
232,232,0,0,62,-0.6567064030599747,-0.6564815140460887,53,0,"PCSCF,SCSCF,I:SCSCF,PCSCF,T:SCSCF,PCSCF,I-407:PCSCF,SCSCF,A:PCSCF,SCSCF,I:SCSCF,PCSCF,T:SCSCF,ASLI,I:ASLI,SCSCF,T:ASLI,SCSCF,I-500:SCSCF,ASLI,A:MTAS,SCSCF,I:SCSCF,MTAS,T:SCSCF,GTW,I:GTW,SCSCF,T:GTW,SCSCF,S:SCSCF,MTAS,S:SCSCF,PCSCF,S:GTW,SCSCF,S:SCSCF,MTAS,S:SCSCF,PCSCF,S:PCSCF,SCSCF,P:MTAS,SCSCF,P:SCSCF,GTW,P:GTW,SCSCF,P-200:SCSCF,MTAS,P-200:SCSCF,PCSCF,P-200:GTW,SCSCF,R:SCSCF,MTAS,R:SCSCF,PCSCF,R:PCSCF,SCSCF,P:MTAS,SCSCF,P:SCSCF,GTW,P:GTW,SCSCF,P-200:SCSCF,MTAS,P-200:SCSCF,PCSCF,P-200:GTW,SCSCF,I-200:SCSCF,MTAS,I-200:SCSCF,PCSCF,I-200:PCSCF,SCSCF,A:SCSCF,MTAS,A:MTAS,SCSCF,A:SCSCF,GTW,A:GTW,SCSCF,B:MTAS,SCSCF,B:SCSCF,PCSCF,B:PCSCF,SCSCF,B-200:SCSCF,MTAS,B-200:SCSCF,GTW,B-200"
233,233,0,0,53,-0.7786826418278802,-0.772264724323135,68,0,"GTW,ICSCF,I:ICSCF,GTW,T:SCSCF,ASLI,I:ASLI,SCSCF,T:ASLI,SCSCF,I-500:SCSCF,MTAS,I:MTAS,SCSCF,T:MTAS,SCSCF,I:SCSCF,MTAS,T:SCSCF,PCSCF,I:SCSCF,ASLI,A:PCSCF,SCSCF,T:PCSCF,SCSCF,R:SCSCF,MTAS,R:MTAS,SCSCF,R:ICSCF,GTW,R:GTW,SCSCF,P:SCSCF,MTAS,P:MTAS,SCSCF,P:SCSCF,PCSCF,P:PCSCF,SCSCF,P-200:SCSCF,MTAS,P-200:MTAS,SCSCF,P-200:SCSCF,GTW,P-200:GTW,ICSCF,C:ICSCF,GTW,C-200:SCSCF,MTAS,C:MTAS,SCSCF,C:SCSCF,MTAS,C-200:SCSCF,PCSCF,C:PCSCF,SCSCF,C-200:MTAS,SCSCF,C-200:PCSCF,SCSCF,I-487:SCSCF,PCSCF,A:SCSCF,MTAS,I-487:MTAS,SCSCF,A:MTAS,SCSCF,I-487:SCSCF,MTAS,A:ICSCF,GTW,I-487:GTW,ICSCF,A"
234,234,0,0,53,-0.7503429490611788,-0.7500393037787464,11,0,"GTW,ICSCF,I:ICSCF,GTW,T:SCSCF,ASLI,I:ASLI,SCSCF,T:ASLI,SCSCF,I-500:SCSCF,MTAS,I:MTAS,SCSCF,I:SCSCF,MTAS,T:SCSCF,PCSCF,I:MTAS,SCSCF,T:PCSCF,SCSCF,T:SCSCF,ASLI,A:PCSCF,SCSCF,R:SCSCF,MTAS,R:MTAS,SCSCF,R:ICSCF,GTW,R:GTW,SCSCF,P:SCSCF,MTAS,P:MTAS,SCSCF,P:SCSCF,PCSCF,P:PCSCF,SCSCF,P-200:SCSCF,MTAS,P-200:MTAS,SCSCF,P-200:SCSCF,GTW,P-200:PCSCF,SCSCF,I-200:SCSCF,MTAS,I-200:MTAS,SCSCF,I-200:ICSCF,GTW,I-200:GTW,SCSCF,A:SCSCF,MTAS,A:MTAS,SCSCF,A:SCSCF,PCSCF,A:PCSCF,SCSCF,B:SCSCF,MTAS,B:MTAS,SCSCF,B:SCSCF,GTW,B:GTW,SCSCF,B-200:SCSCF,MTAS,B-200:MTAS,SCSCF,B-200:SCSCF,PCSCF,B-200"
235,235,0,0,45,-0.747766705782077,-0.7390858140530521,25,0,"PCSCF,SCSCF,I:SCSCF,ASLI,I:ASLI,SCSCF,T:ASLI,SCSCF,I-500:SCSCF,ASLI,A:MTAS,SCSCF,I:SCSCF,MTAS,T:SCSCF,GTW,I:GTW,SCSCF,T:SCSCF,PCSCF,T:GTW,SCSCF,R:SCSCF,MTAS,R:SCSCF,PCSCF,R:PCSCF,SCSCF,P:SCSCF,MTAS,P:MTAS,SCSCF,P:SCSCF,GTW,P:GTW,SCSCF,P-200:SCSCF,MTAS,P-200:MTAS,SCSCF,P-200:SCSCF,PCSCF,P-200:GTW,SCSCF,I-200:SCSCF,MTAS,I-200:SCSCF,PCSCF,I-200:PCSCF,SCSCF,A:SCSCF,MTAS,A:MTAS,SCSCF,A:SCSCF,GTW,A:PCSCF,SCSCF,B:MTAS,SCSCF,B:SCSCF,GTW,B:GTW,SCSCF,B-200:SCSCF,MTAS,B-200:SCSCF,PCSCF,B-200"
236,236,0,0,58,-1.1584405570450758,-1.1093322447734584,76,0,"PCSCF,SCSCF,I:SCSCF,PCSCF,T:SCSCF,PCSCF,I-407:PCSCF,SCSCF,A:PCSCF,SCSCF,I:SCSCF,ASLI,I:ASLI,SCSCF,T:SCSCF,PCSCF,T:ASLI,SCSCF,I-500:SCSCF,ASLI,A:MTAS,SCSCF,I:SCSCF,MTAS,T:SCSCF,GTW,I:GTW,SCSCF,T:GTW,SCSCF,S:SCSCF,MTAS,S:SCSCF,PCSCF,S:PCSCF,SCSCF,P:MTAS,SCSCF,P:SCSCF,GTW,P:GTW,SCSCF,P-200:SCSCF,MTAS,P-200:SCSCF,PCSCF,P-200:GTW,SCSCF,R:SCSCF,MTAS,R:SCSCF,PCSCF,R:PCSCF,SCSCF,P:MTAS,SCSCF,P:SCSCF,GTW,P:GTW,SCSCF,P-200:SCSCF,MTAS,P-200:SCSCF,PCSCF,P-200:PCSCF,SCSCF,C:MTAS,SCSCF,C:SCSCF,MTAS,C-200:SCSCF,GTW,C:GTW,SCSCF,C-200:GTW,SCSCF,I-487:SCSCF,GTW,A:SCSCF,MTAS,I-487:MTAS,SCSCF,A:SCSCF,PCSCF,C-200:SCSCF,PCSCF,I-487:PCSCF,SCSCF,A"
237,237,0,0,90,-0.6376180946976568,-0.6340078114088131,113,0,"PCSCF,SCSCF,I:SCSCF,PCSCF,T:SCSCF,PCSCF,I-407:PCSCF,SCSCF,A:PCSCF,SCSCF,I:SCSCF,PCSCF,T:SCSCF,ASLI,I:ASLI,SCSCF,T:ASLI,SCSCF,I-500:SCSCF,ASLI,A:MTAS,SCSCF,I:SCSCF,MTAS,T:SCSCF,ASLI,I:ASLI,SCSCF,T:ASLI,SCSCF,I-500:SCSCF,ASLI,A:SCSCF,MTAS,I:MTAS,SCSCF,T:MTAS,SCSCF,I:SCSCF,MTAS,T:SCSCF,PCSCF,I:PCSCF,SCSCF,T:PCSCF,SCSCF,R:SCSCF,MTAS,R:MTAS,SCSCF,R:SCSCF,MTAS,R:SCSCF,PCSCF,R:PCSCF,SCSCF,P:MTAS,SCSCF,P:SCSCF,MTAS,P:MTAS,SCSCF,P:SCSCF,PCSCF,P:PCSCF,SCSCF,P-200:SCSCF,MTAS,P-200:MTAS,SCSCF,P-200:SCSCF,MTAS,P-200:SCSCF,PCSCF,P-200:PCSCF,SCSCF,I-200:SCSCF,MTAS,I-200:MTAS,SCSCF,I-200:SCSCF,MTAS,I-200:SCSCF,PCSCF,I-200:PCSCF,SCSCF,A:MTAS,SCSCF,A:SCSCF,MTAS,A:MTAS,SCSCF,A:SCSCF,PCSCF,A:MTAS,SCSCF,U:SCSCF,PCSCF,U:MTAS,SCSCF,U:SCSCF,PCSCF,U:PCSCF,SCSCF,U-200:SCSCF,MTAS,U-200:PCSCF,SCSCF,U-200:SCSCF,MTAS,U-200:MTAS,SCSCF,U:SCSCF,MTAS,U-200:PCSCF,SCSCF,B:MTAS,SCSCF,B:SCSCF,MTAS,B:MTAS,SCSCF,B:SCSCF,PCSCF,B:PCSCF,SCSCF,B-200:SCSCF,MTAS,B-200:MTAS,SCSCF,B-200:SCSCF,MTAS,B-200:SCSCF,PCSCF,B-200"
238,238,0,0,53,-0.7655708069581929,-0.7653008057971702,52,0,"GTW,ICSCF,I:ICSCF,GTW,T:SCSCF,ASLI,I:ASLI,SCSCF,T:ASLI,SCSCF,I-500:SCSCF,MTAS,I:MTAS,SCSCF,I:SCSCF,MTAS,T:MTAS,SCSCF,T:SCSCF,PCSCF,I:SCSCF,ASLI,A:PCSCF,SCSCF,T:PCSCF,SCSCF,R:SCSCF,MTAS,R:MTAS,SCSCF,R:ICSCF,GTW,R:GTW,SCSCF,P:SCSCF,MTAS,P:MTAS,SCSCF,P:SCSCF,PCSCF,P:PCSCF,SCSCF,P-200:SCSCF,MTAS,P-200:MTAS,SCSCF,P-200:SCSCF,GTW,P-200:PCSCF,SCSCF,I-200:SCSCF,MTAS,I-200:MTAS,SCSCF,I-200:ICSCF,GTW,I-200:GTW,SCSCF,A:SCSCF,MTAS,A:MTAS,SCSCF,A:SCSCF,PCSCF,A:PCSCF,SCSCF,B:SCSCF,MTAS,B:MTAS,SCSCF,B:SCSCF,GTW,B:GTW,SCSCF,B-200:SCSCF,MTAS,B-200:MTAS,SCSCF,B-200:SCSCF,PCSCF,B-200"
239,239,0,0,97,-0.716754814900763,-0.6871475654757982,59,0,"PCSCF,SCSCF,I:SCSCF,PCSCF,T:SCSCF,PCSCF,I-407:PCSCF,SCSCF,A:PCSCF,SCSCF,I:SCSCF,PCSCF,T:SCSCF,ASLI,I:ASLI,SCSCF,T:ASLI,SCSCF,I-500:SCSCF,ASLI,A:MTAS,SCSCF,I:SCSCF,MTAS,T:SCSCF,ASLI,I:ASLI,SCSCF,T:ASLI,SCSCF,I-500:SCSCF,ASLI,A:SCSCF,MTAS,I:MTAS,SCSCF,T:MTAS,SCSCF,I:SCSCF,MTAS,T:SCSCF,PCSCF,I:PCSCF,SCSCF,T:PCSCF,SCSCF,R:SCSCF,MTAS,R:MTAS,SCSCF,R:SCSCF,MTAS,R:SCSCF,PCSCF,R:PCSCF,SCSCF,P:MTAS,SCSCF,P:SCSCF,MTAS,P:MTAS,SCSCF,P:SCSCF,PCSCF,P:PCSCF,SCSCF,P-200:SCSCF,MTAS,P-200:MTAS,SCSCF,P-200:SCSCF,MTAS,P-200:SCSCF,PCSCF,P-200:PCSCF,SCSCF,I-200:SCSCF,MTAS,I-200:MTAS,SCSCF,I-200:SCSCF,MTAS,I-200:SCSCF,PCSCF,I-200:PCSCF,SCSCF,A:MTAS,SCSCF,A:SCSCF,MTAS,A:MTAS,SCSCF,A:SCSCF,PCSCF,A:MTAS,SCSCF,U:SCSCF,PCSCF,U:MTAS,SCSCF,U:SCSCF,PCSCF,U:SCSCF,MTAS,U-200:PCSCF,SCSCF,U-200:SCSCF,MTAS,U-200:MTAS,SCSCF,U:SCSCF,MTAS,U-200:MTAS,SCSCF,U:SCSCF,PCSCF,U:PCSCF,SCSCF,U-200:SCSCF,MTAS,U-200:MTAS,SCSCF,U:SCSCF,PCSCF,U:PCSCF,SCSCF,U-200:SCSCF,MTAS,U-200:PCSCF,SCSCF,B:SCSCF,MTAS,B:MTAS,SCSCF,B:SCSCF,PCSCF,B:PCSCF,SCSCF,B-200:SCSCF,MTAS,B-200:MTAS,SCSCF,B-200:SCSCF,PCSCF,B-200"
240,240,0,0,71,-0.708845217039377,-0.6850588507210105,49,0,"PCSCF,SCSCF,I:SCSCF,ASLI,I:ASLI,SCSCF,T:SCSCF,PCSCF,T:ASLI,SCSCF,I-500:SCSCF,ASLI,A:MTAS,SCSCF,I:SCSCF,MTAS,T:SCSCF,ASLI,I:ASLI,SCSCF,T:ASLI,SCSCF,I-500:SCSCF,MTAS,I:SCSCF,ASLI,A:MTAS,SCSCF,T:MTAS,SCSCF,I:SCSCF,MTAS,T:SCSCF,PCSCF,I:PCSCF,SCSCF,T:PCSCF,SCSCF,R:SCSCF,MTAS,R:MTAS,SCSCF,R:SCSCF,MTAS,R:SCSCF,PCSCF,R:PCSCF,SCSCF,P:MTAS,SCSCF,P:SCSCF,MTAS,P:MTAS,SCSCF,P:SCSCF,PCSCF,P:PCSCF,SCSCF,P-200:SCSCF,MTAS,P-200:MTAS,SCSCF,P-200:SCSCF,MTAS,P-200:SCSCF,PCSCF,P-200:PCSCF,SCSCF,I-200:SCSCF,MTAS,I-200:MTAS,SCSCF,I-200:SCSCF,MTAS,I-200:SCSCF,PCSCF,I-200:PCSCF,SCSCF,I-200:SCSCF,MTAS,I-200:PCSCF,SCSCF,A:MTAS,SCSCF,A:SCSCF,MTAS,A:MTAS,SCSCF,A:SCSCF,PCSCF,A:PCSCF,SCSCF,B:SCSCF,MTAS,B:MTAS,SCSCF,B:SCSCF,PCSCF,B:PCSCF,SCSCF,B-200:SCSCF,MTAS,B-200:MTAS,SCSCF,B-200:SCSCF,PCSCF,B-200"
241,241,0,0,53,-0.9601649118315871,-0.9275855474817746,28,0,"GTW,ICSCF,I:ICSCF,GTW,T:SCSCF,ASLI,I:ASLI,SCSCF,T:ASLI,SCSCF,I-500:SCSCF,ASLI,A:SCSCF,MTAS,I:MTAS,SCSCF,I:SCSCF,MTAS,T:SCSCF,PCSCF,I:PCSCF,SCSCF,T:MTAS,SCSCF,T:PCSCF,SCSCF,R:SCSCF,MTAS,R:MTAS,SCSCF,R:ICSCF,GTW,R:GTW,SCSCF,P:SCSCF,MTAS,P:MTAS,SCSCF,P:SCSCF,PCSCF,P:PCSCF,SCSCF,P-200:SCSCF,MTAS,P-200:MTAS,SCSCF,P-200:SCSCF,GTW,P-200:GTW,ICSCF,C:SCSCF,MTAS,C:ICSCF,GTW,C-200:MTAS,SCSCF,C-200:MTAS,SCSCF,C:SCSCF,MTAS,C-200:SCSCF,PCSCF,C:PCSCF,SCSCF,C-200:PCSCF,SCSCF,I-487:SCSCF,PCSCF,A:SCSCF,MTAS,I-487:MTAS,SCSCF,I-487:MTAS,SCSCF,A:SCSCF,MTAS,A:ICSCF,GTW,I-487:GTW,ICSCF,A"
242,242,0,0,49,-1.2409221831858879,-1.1803209798270171,76,0,"PCSCF,SCSCF,I:SCSCF,PCSCF,T:SCSCF,PCSCF,I-407:PCSCF,SCSCF,A:PCSCF,SCSCF,I:SCSCF,ASLI,I:SCSCF,PCSCF,T:ASLI,SCSCF,T:ASLI,SCSCF,I-500:SCSCF,ASLI,A:MTAS,SCSCF,I:SCSCF,MTAS,T:SCSCF,GTW,I:GTW,SCSCF,T:SCSCF,MTAS,S:GTW,SCSCF,S:SCSCF,PCSCF,S:PCSCF,SCSCF,P:SCSCF,MTAS,P:MTAS,SCSCF,P:SCSCF,GTW,P:GTW,SCSCF,P-200:SCSCF,MTAS,P-200:SCSCF,PCSCF,P-200:MTAS,SCSCF,P-200:PCSCF,SCSCF,C:MTAS,SCSCF,C:SCSCF,MTAS,C-200:SCSCF,GTW,C:GTW,SCSCF,C-200:GTW,SCSCF,I-487:SCSCF,GTW,A:SCSCF,MTAS,I-487:MTAS,SCSCF,A:SCSCF,PCSCF,C-200:SCSCF,PCSCF,I-487:PCSCF,SCSCF,A"
243,243,0,0,64,-1.1681555423192216,-1.1292061980562675,76,0,"PCSCF,SCSCF,I:SCSCF,PCSCF,T:SCSCF,PCSCF,I-407:PCSCF,SCSCF,A:PCSCF,SCSCF,I:SCSCF,ASLI,I:SCSCF,PCSCF,T:ASLI,SCSCF,T:ASLI,SCSCF,I-500:MTAS,SCSCF,I:SCSCF,MTAS,T:SCSCF,ASLI,A:SCSCF,GTW,I:GTW,SCSCF,T:GTW,SCSCF,S:SCSCF,MTAS,S:SCSCF,PCSCF,S:PCSCF,SCSCF,P:SCSCF,MTAS,P:MTAS,SCSCF,P:SCSCF,GTW,P:GTW,SCSCF,P-200:SCSCF,MTAS,P-200:MTAS,SCSCF,P-200:SCSCF,PCSCF,P-200:GTW,SCSCF,R:SCSCF,MTAS,R:SCSCF,PCSCF,R:PCSCF,SCSCF,P:SCSCF,MTAS,P:MTAS,SCSCF,P:SCSCF,GTW,P:GTW,SCSCF,P-200:SCSCF,MTAS,P-200:MTAS,SCSCF,P-200:SCSCF,PCSCF,P-200:PCSCF,SCSCF,C:MTAS,SCSCF,C:SCSCF,MTAS,C-200:SCSCF,GTW,C:SCSCF,PCSCF,C-200:GTW,SCSCF,C-200:GTW,SCSCF,I-487:SCSCF,GTW,A:SCSCF,MTAS,I-487:MTAS,SCSCF,A:SCSCF,PCSCF,I-487:PCSCF,SCSCF,A"
244,244,0,0,61,-0.965671298421646,-0.939007245553174,0,0,"GTW,ICSCF,I:ICSCF,GTW,T:SCSCF,ASLI,I:ASLI,SCSCF,T:ASLI,SCSCF,I-500:SCSCF,ASLI,A:SCSCF,MTAS,I:MTAS,SCSCF,T:MTAS,SCSCF,I:SCSCF,MTAS,T:SCSCF,PCSCF,I:PCSCF,SCSCF,T:SCSCF,PCSCF,I:PCSCF,SCSCF,T:PCSCF,SCSCF,R:SCSCF,MTAS,R:MTAS,SCSCF,R:ICSCF,GTW,R:GTW,SCSCF,P:SCSCF,MTAS,P:MTAS,SCSCF,P:SCSCF,PCSCF,P:PCSCF,SCSCF,P-200:SCSCF,MTAS,P-200:MTAS,SCSCF,P-200:SCSCF,GTW,P-200:PCSCF,SCSCF,I-200:SCSCF,MTAS,I-200:SCSCF,PCSCF,C:MTAS,SCSCF,I-200:ICSCF,GTW,I-200:PCSCF,SCSCF,C-200:GTW,SCSCF,A:SCSCF,MTAS,A:MTAS,SCSCF,A:SCSCF,PCSCF,A:PCSCF,SCSCF,I-408:SCSCF,PCSCF,A:GTW,SCSCF,B:SCSCF,MTAS,B:MTAS,SCSCF,B:SCSCF,PCSCF,B:PCSCF,SCSCF,B-200:SCSCF,MTAS,B-200:MTAS,SCSCF,B-200:SCSCF,GTW,B-200"
245,245,0,0,81,-0.8323279262541817,-0.7847852310874103,59,0,"PCSCF,SCSCF,I:SCSCF,PCSCF,T:SCSCF,ASLI,I:ASLI,SCSCF,T:ASLI,SCSCF,I-500:SCSCF,ASLI,A:MTAS,SCSCF,I:SCSCF,MTAS,T:SCSCF,GTW,I:GTW,SCSCF,T:GTW,SCSCF,S:SCSCF,MTAS,S:SCSCF,PCSCF,S:PCSCF,SCSCF,P:MTAS,SCSCF,P:SCSCF,GTW,P:GTW,SCSCF,P-200:SCSCF,MTAS,P-200:SCSCF,PCSCF,P-200:GTW,SCSCF,R:SCSCF,MTAS,R:SCSCF,PCSCF,R:PCSCF,SCSCF,P:MTAS,SCSCF,P:SCSCF,GTW,P:GTW,SCSCF,P-200:SCSCF,MTAS,P-200:SCSCF,PCSCF,P-200:GTW,SCSCF,I-200:SCSCF,MTAS,I-200:SCSCF,PCSCF,I-200:PCSCF,SCSCF,A:SCSCF,MTAS,A:MTAS,SCSCF,A:SCSCF,GTW,A:MTAS,SCSCF,U:SCSCF,GTW,U:GTW,SCSCF,U-200:SCSCF,MTAS,U-200:MTAS,SCSCF,U:SCSCF,PCSCF,U:PCSCF,SCSCF,U-200:SCSCF,MTAS,U-200:MTAS,SCSCF,U:SCSCF,GTW,U:GTW,SCSCF,U-200:SCSCF,MTAS,U-200:MTAS,SCSCF,U:SCSCF,PCSCF,U:PCSCF,SCSCF,U-200:SCSCF,MTAS,U-200:PCSCF,SCSCF,B:SCSCF,MTAS,B:MTAS,SCSCF,B:SCSCF,GTW,B:GTW,SCSCF,B-200:SCSCF,MTAS,B-200:MTAS,SCSCF,B-200:SCSCF,PCSCF,B-200"
246,246,0,0,53,-0.6879643242450844,-0.6814532373674962,25,0,"GTW,ICSCF,I:ICSCF,GTW,T:SCSCF,ASLI,I:ASLI,SCSCF,T:ASLI,SCSCF,I-500:SCSCF,ASLI,A:SCSCF,BCCAS,I:BCCAS,SCSCF,T:BCCAS,SCSCF,I:SCSCF,PCSCF,I:PCSCF,SCSCF,T:SCSCF,BCCAS,T:PCSCF,SCSCF,R:SCSCF,BCCAS,R:BCCAS,SCSCF,R:ICSCF,GTW,R:GTW,SCSCF,P:SCSCF,BCCAS,P:BCCAS,SCSCF,P:SCSCF,PCSCF,P:PCSCF,SCSCF,P-200:SCSCF,BCCAS,P-200:BCCAS,SCSCF,P-200:SCSCF,GTW,P-200:PCSCF,SCSCF,I-200:SCSCF,BCCAS,I-200:BCCAS,SCSCF,I-200:ICSCF,GTW,I-200:GTW,SCSCF,A:SCSCF,BCCAS,A:BCCAS,SCSCF,A:SCSCF,PCSCF,A:GTW,SCSCF,B:SCSCF,BCCAS,B:BCCAS,SCSCF,B:SCSCF,PCSCF,B:PCSCF,SCSCF,B-200:SCSCF,BCCAS,B-200:BCCAS,SCSCF,B-200:SCSCF,GTW,B-200"
247,247,0,0,75,-0.7276972262338622,-0.7261355734254351,28,0,"PCSCF,SCSCF,I:SCSCF,PCSCF,T:SCSCF,PCSCF,I-407:PCSCF,SCSCF,A:PCSCF,SCSCF,I:SCSCF,ASLI,I:ASLI,SCSCF,T:ASLI,SCSCF,I-500:SCSCF,ASLI,A:MTAS,SCSCF,I:SCSCF,MTAS,T:SCSCF,PCSCF,T:SCSCF,ASLI,I:ASLI,SCSCF,T:ASLI,SCSCF,I-500:SCSCF,ASLI,A:SCSCF,MTAS,I:MTAS,SCSCF,I:SCSCF,MTAS,T:SCSCF,PCSCF,I:PCSCF,SCSCF,T:MTAS,SCSCF,T:PCSCF,SCSCF,R:SCSCF,MTAS,R:MTAS,SCSCF,R:SCSCF,MTAS,R:SCSCF,PCSCF,R:PCSCF,SCSCF,P:MTAS,SCSCF,P:SCSCF,MTAS,P:MTAS,SCSCF,P:SCSCF,PCSCF,P:PCSCF,SCSCF,P-200:SCSCF,MTAS,P-200:MTAS,SCSCF,P-200:SCSCF,MTAS,P-200:SCSCF,PCSCF,P-200:MTAS,SCSCF,C:SCSCF,MTAS,C-200:PCSCF,SCSCF,C:SCSCF,PCSCF,C-200:SCSCF,MTAS,C:MTAS,SCSCF,C-200:MTAS,SCSCF,C:SCSCF,MTAS,C-200:SCSCF,PCSCF,C:PCSCF,SCSCF,C-200:PCSCF,SCSCF,I-487:SCSCF,PCSCF,A:SCSCF,MTAS,I-487:MTAS,SCSCF,A:MTAS,SCSCF,I-487:SCSCF,MTAS,A:SCSCF,MTAS,I-487:MTAS,SCSCF,A:SCSCF,PCSCF,I-487:PCSCF,SCSCF,A"
248,248,0,0,49,-1.223206157975697,-1.1625569719696947,248,0,"PCSCF,SCSCF,I:SCSCF,PCSCF,T:SCSCF,PCSCF,I-407:PCSCF,SCSCF,A:PCSCF,SCSCF,I:SCSCF,ASLI,I:ASLI,SCSCF,T:ASLI,SCSCF,I-500:SCSCF,ASLI,A:SCSCF,PCSCF,T:MTAS,SCSCF,I:SCSCF,MTAS,T:SCSCF,GTW,I:GTW,SCSCF,T:GTW,SCSCF,S:SCSCF,MTAS,S:SCSCF,PCSCF,S:PCSCF,SCSCF,P:SCSCF,MTAS,P:MTAS,SCSCF,P:SCSCF,GTW,P:GTW,SCSCF,P-200:SCSCF,MTAS,P-200:MTAS,SCSCF,P-200:SCSCF,PCSCF,P-200:PCSCF,SCSCF,C:MTAS,SCSCF,C:SCSCF,MTAS,C-200:SCSCF,GTW,C:GTW,SCSCF,C-200:GTW,SCSCF,I-487:SCSCF,GTW,A:SCSCF,MTAS,I-487:MTAS,SCSCF,A:SCSCF,PCSCF,C-200:SCSCF,PCSCF,I-487:PCSCF,SCSCF,A"
249,249,0,0,75,-0.8137752895559646,-0.8066522046111516,76,0,"PCSCF,SCSCF,I:SCSCF,PCSCF,T:SCSCF,PCSCF,I-407:PCSCF,SCSCF,A:PCSCF,SCSCF,I:SCSCF,ASLI,I:ASLI,SCSCF,T:ASLI,SCSCF,I-500:SCSCF,ASLI,A:SCSCF,PCSCF,T:MTAS,SCSCF,I:SCSCF,MTAS,T:SCSCF,ASLI,I:ASLI,SCSCF,T:ASLI,SCSCF,I-500:SCSCF,ASLI,A:SCSCF,MTAS,I:MTAS,SCSCF,T:MTAS,SCSCF,I:SCSCF,MTAS,T:SCSCF,PCSCF,I:PCSCF,SCSCF,T:PCSCF,SCSCF,R:SCSCF,MTAS,R:MTAS,SCSCF,R:SCSCF,MTAS,R:SCSCF,PCSCF,R:PCSCF,SCSCF,P:MTAS,SCSCF,P:SCSCF,MTAS,P:MTAS,SCSCF,P:SCSCF,PCSCF,P:PCSCF,SCSCF,P-200:SCSCF,MTAS,P-200:MTAS,SCSCF,P-200:SCSCF,MTAS,P-200:SCSCF,PCSCF,P-200:PCSCF,SCSCF,C:MTAS,SCSCF,C:SCSCF,MTAS,C-200:SCSCF,MTAS,C:MTAS,SCSCF,C-200:MTAS,SCSCF,C:SCSCF,MTAS,C-200:SCSCF,PCSCF,C:SCSCF,PCSCF,C-200:PCSCF,SCSCF,C-200:PCSCF,SCSCF,I-487:SCSCF,PCSCF,A:SCSCF,MTAS,I-487:MTAS,SCSCF,A:MTAS,SCSCF,I-487:SCSCF,MTAS,A:SCSCF,MTAS,I-487:MTAS,SCSCF,A:SCSCF,PCSCF,I-487:PCSCF,SCSCF,A"
250,250,0,0,71,-0.8643136494669958,-0.815704776773446,59,0,"PCSCF,SCSCF,I:SCSCF,PCSCF,T:SCSCF,PCSCF,I-407:PCSCF,SCSCF,A:PCSCF,SCSCF,I:SCSCF,PCSCF,T:SCSCF,ASLI,I:ASLI,SCSCF,T:ASLI,SCSCF,I-500:SCSCF,ASLI,A:MTAS,SCSCF,I:SCSCF,MTAS,T:SCSCF,GTW,I:GTW,SCSCF,T:GTW,SCSCF,S:SCSCF,MTAS,S:SCSCF,PCSCF,S:PCSCF,SCSCF,P:MTAS,SCSCF,P:SCSCF,GTW,P:GTW,SCSCF,P-200:SCSCF,MTAS,P-200:SCSCF,PCSCF,P-200:GTW,SCSCF,R:SCSCF,MTAS,R:SCSCF,PCSCF,R:PCSCF,SCSCF,P:MTAS,SCSCF,P:SCSCF,GTW,P:SCSCF,MTAS,P-200:GTW,SCSCF,P-200:SCSCF,PCSCF,P-200:GTW,SCSCF,I-200:SCSCF,MTAS,I-200:SCSCF,PCSCF,I-200:PCSCF,SCSCF,A:SCSCF,MTAS,A:MTAS,SCSCF,A:SCSCF,GTW,A:MTAS,SCSCF,U:SCSCF,GTW,U:GTW,SCSCF,U-200:SCSCF,MTAS,U-200:MTAS,SCSCF,U:SCSCF,PCSCF,U:PCSCF,SCSCF,U-200:SCSCF,MTAS,U-200:GTW,SCSCF,B:MTAS,SCSCF,B:SCSCF,PCSCF,B:PCSCF,SCSCF,B-200:SCSCF,MTAS,B-200:SCSCF,GTW,B-200"
251,251,0,0,94,-0.7938946530156336,-0.7653380830682568,59,0,"PCSCF,SCSCF,I:SCSCF,PCSCF,T:SCSCF,PCSCF,I-407:PCSCF,SCSCF,A:PCSCF,SCSCF,I:SCSCF,PCSCF,T:SCSCF,ASLI,I:ASLI,SCSCF,T:ASLI,SCSCF,I-500:SCSCF,ASLI,A:MTAS,SCSCF,I:SCSCF,MTAS,T:SCSCF,GTW,I:GTW,SCSCF,T:GTW,SCSCF,S:SCSCF,MTAS,S:SCSCF,PCSCF,S:PCSCF,SCSCF,P:MTAS,SCSCF,P:SCSCF,GTW,P:GTW,SCSCF,P-200:SCSCF,MTAS,P-200:SCSCF,PCSCF,P-200:GTW,SCSCF,R:SCSCF,MTAS,R:SCSCF,PCSCF,R:PCSCF,SCSCF,P:MTAS,SCSCF,P:SCSCF,GTW,P:GTW,SCSCF,P-200:SCSCF,MTAS,P-200:SCSCF,PCSCF,P-200:GTW,SCSCF,I-200:SCSCF,MTAS,I-200:SCSCF,PCSCF,I-200:PCSCF,SCSCF,A:SCSCF,MTAS,A:MTAS,SCSCF,A:SCSCF,GTW,A:MTAS,SCSCF,U:SCSCF,GTW,U:GTW,SCSCF,U-200:SCSCF,MTAS,U-200:MTAS,SCSCF,U:SCSCF,PCSCF,U:PCSCF,SCSCF,U-200:SCSCF,MTAS,U-200:MTAS,SCSCF,U:SCSCF,PCSCF,U:SCSCF,GTW,U:GTW,SCSCF,U-200:SCSCF,MTAS,U-200:PCSCF,SCSCF,U-200:SCSCF,MTAS,U-200:MTAS,SCSCF,U:SCSCF,GTW,U:GTW,SCSCF,U-200:SCSCF,MTAS,U-200:MTAS,SCSCF,U:SCSCF,PCSCF,U:PCSCF,SCSCF,U-200:SCSCF,MTAS,U-200:GTW,SCSCF,B:MTAS,SCSCF,B:SCSCF,PCSCF,B:PCSCF,SCSCF,B-200:SCSCF,MTAS,B-200:SCSCF,GTW,B-200"
252,252,0,0,100,-0.6559912481554988,-0.6369621037867509,59,0,"GTW,ICSCF,I:ICSCF,GTW,T:SCSCF,ASLI,I:ASLI,SCSCF,T:ASLI,SCSCF,I-500:SCSCF,ASLI,A:SCSCF,MTAS,I:MTAS,SCSCF,T:MTAS,SCSCF,I:SCSCF,MTAS,T:SCSCF,PCSCF,I:PCSCF,SCSCF,T:PCSCF,SCSCF,R:SCSCF,MTAS,R:MTAS,SCSCF,R:ICSCF,GTW,R:GTW,SCSCF,P:SCSCF,MTAS,P:MTAS,SCSCF,P:SCSCF,PCSCF,P:PCSCF,SCSCF,P-200:SCSCF,MTAS,P-200:MTAS,SCSCF,P-200:SCSCF,GTW,P-200:PCSCF,SCSCF,I-200:SCSCF,MTAS,I-200:MTAS,SCSCF,I-200:ICSCF,GTW,I-200:GTW,SCSCF,A:SCSCF,MTAS,A:MTAS,SCSCF,A:SCSCF,PCSCF,A:MTAS,SCSCF,U:SCSCF,PCSCF,U:SCSCF,GTW,U:GTW,SCSCF,U-200:SCSCF,MTAS,U-200:PCSCF,SCSCF,U-200:SCSCF,MTAS,U-200:MTAS,SCSCF,U:SCSCF,GTW,U:GTW,SCSCF,U-200:SCSCF,MTAS,U-200:MTAS,SCSCF,U:SCSCF,PCSCF,U:PCSCF,SCSCF,U-200:SCSCF,MTAS,U-200:MTAS,SCSCF,U:SCSCF,GTW,U:GTW,SCSCF,U-200:SCSCF,MTAS,U-200:MTAS,SCSCF,U:SCSCF,PCSCF,U:PCSCF,SCSCF,U-200:SCSCF,MTAS,U-200:MTAS,SCSCF,U:SCSCF,GTW,U:GTW,SCSCF,U-200:SCSCF,MTAS,U-200:MTAS,SCSCF,U:SCSCF,PCSCF,U:PCSCF,SCSCF,U-200:SCSCF,MTAS,U-200:GTW,SCSCF,B:SCSCF,MTAS,B:MTAS,SCSCF,B:SCSCF,PCSCF,B:PCSCF,SCSCF,B-200:SCSCF,MTAS,B-200:MTAS,SCSCF,B-200:SCSCF,GTW,B-200"
253,253,0,0,66,-1.0901379020810988,-1.0733565575940014,60,0,"PCSCF,SCSCF,I:SCSCF,ASLI,I:ASLI,SCSCF,T:ASLI,SCSCF,I-500:SCSCF,ASLI,A:SCSCF,PCSCF,T:MTAS,SCSCF,I:SCSCF,MTAS,T:SCSCF,GTW,I:GTW,SCSCF,T:GTW,SCSCF,R:SCSCF,MTAS,R:SCSCF,PCSCF,R:PCSCF,SCSCF,P:MTAS,SCSCF,P:SCSCF,GTW,P:GTW,SCSCF,P-200:SCSCF,MTAS,P-200:SCSCF,PCSCF,P-200:GTW,SCSCF,S:SCSCF,MTAS,S:SCSCF,PCSCF,S:PCSCF,SCSCF,P:MTAS,SCSCF,P:SCSCF,GTW,P:GTW,SCSCF,P-200:SCSCF,MTAS,P-200:SCSCF,PCSCF,P-200:GTW,SCSCF,S:SCSCF,MTAS,S:SCSCF,PCSCF,S:PCSCF,SCSCF,P:MTAS,SCSCF,P:SCSCF,GTW,P:GTW,SCSCF,P-200:SCSCF,MTAS,P-200:GTW,SCSCF,I-200:SCSCF,MTAS,I-200:SCSCF,PCSCF,P-200:SCSCF,PCSCF,I-200:PCSCF,SCSCF,A:SCSCF,MTAS,A:MTAS,SCSCF,A:SCSCF,GTW,A:PCSCF,SCSCF,B:MTAS,SCSCF,B:SCSCF,GTW,B:GTW,SCSCF,B-200:SCSCF,MTAS,B-200:SCSCF,PCSCF,B-200"
254,254,0,0,70,-0.4843575259785098,-0.48409685562446714,113,0,"GTW,ICSCF,I:ICSCF,GTW,T:SCSCF,ASLI,I:ASLI,SCSCF,T:ASLI,SCSCF,I-500:SCSCF,ASLI,A:SCSCF,MTAS,I:MTAS,SCSCF,T:MTAS,SCSCF,I:SCSCF,MTAS,T:SCSCF,PCSCF,I:PCSCF,SCSCF,T:PCSCF,SCSCF,R:SCSCF,MTAS,R:MTAS,SCSCF,R:ICSCF,GTW,R:GTW,SCSCF,P:SCSCF,MTAS,P:MTAS,SCSCF,P:SCSCF,PCSCF,P:PCSCF,SCSCF,P-200:SCSCF,MTAS,P-200:MTAS,SCSCF,P-200:SCSCF,GTW,P-200:PCSCF,SCSCF,I-200:SCSCF,MTAS,I-200:MTAS,SCSCF,I-200:ICSCF,GTW,I-200:GTW,SCSCF,A:SCSCF,MTAS,A:MTAS,SCSCF,A:SCSCF,PCSCF,A:MTAS,SCSCF,U:SCSCF,PCSCF,U:SCSCF,GTW,U:GTW,SCSCF,U-200:SCSCF,MTAS,U-200:PCSCF,SCSCF,U-200:SCSCF,MTAS,U-200:GTW,SCSCF,B:SCSCF,MTAS,B:MTAS,SCSCF,B:SCSCF,PCSCF,B:PCSCF,SCSCF,B:SCSCF,MTAS,B:MTAS,SCSCF,B-200:PCSCF,SCSCF,B-200:SCSCF,MTAS,B-200:MTAS,SCSCF,B-200:SCSCF,PCSCF,B-200:SCSCF,GTW,B-200"
255,255,0,0,57,-0.7159402948517665,-0.7011036257781453,60,0,"PCSCF,SCSCF,I:SCSCF,PCSCF,T:SCSCF,ASLI,I:ASLI,SCSCF,T:ASLI,SCSCF,I-500:SCSCF,ASLI,A:MTAS,SCSCF,I:SCSCF,MTAS,T:SCSCF,GTW,I:GTW,SCSCF,T:GTW,SCSCF,S:SCSCF,MTAS,S:SCSCF,PCSCF,S:PCSCF,SCSCF,P:MTAS,SCSCF,P:SCSCF,GTW,P:GTW,SCSCF,P-200:SCSCF,MTAS,P-200:SCSCF,PCSCF,P-200:GTW,SCSCF,S:SCSCF,MTAS,S:SCSCF,PCSCF,S:PCSCF,SCSCF,P:MTAS,SCSCF,P:SCSCF,GTW,P:GTW,SCSCF,P-200:SCSCF,MTAS,P-200:SCSCF,PCSCF,P-200:GTW,SCSCF,I-200:SCSCF,MTAS,I-200:SCSCF,PCSCF,I-200:PCSCF,SCSCF,A:SCSCF,MTAS,A:MTAS,SCSCF,A:SCSCF,GTW,A:PCSCF,SCSCF,B:SCSCF,MTAS,B:MTAS,SCSCF,B:SCSCF,GTW,B:GTW,SCSCF,B-200:SCSCF,MTAS,B-200:MTAS,SCSCF,B-200:SCSCF,PCSCF,B-200"
256,256,0,0,48,-0.8893781466303906,-0.8719990761391235,0,0,"PCSCF,SCSCF,I:SCSCF,ASLI,I:ASLI,SCSCF,T:SCSCF,PCSCF,T:ASLI,SCSCF,I-500:SCSCF,ASLI,A:MTAS,SCSCF,I:SCSCF,MTAS,T:SCSCF,GTW,I:GTW,SCSCF,T:GTW,SCSCF,R:SCSCF,MTAS,R:SCSCF,PCSCF,R:PCSCF,SCSCF,P:SCSCF,MTAS,P:MTAS,SCSCF,P:SCSCF,GTW,P:GTW,SCSCF,P-200:SCSCF,MTAS,P-200:MTAS,SCSCF,P-200:SCSCF,PCSCF,P-200:GTW,SCSCF,I-200:SCSCF,MTAS,I-200:SCSCF,PCSCF,I-200:PCSCF,SCSCF,A:SCSCF,MTAS,A:MTAS,SCSCF,A:SCSCF,GTW,A:PCSCF,SCSCF,B:SCSCF,MTAS,B:GTW,SCSCF,B-200:MTAS,SCSCF,B:SCSCF,GTW,B:SCSCF,MTAS,B-200:MTAS,SCSCF,B-200:SCSCF,PCSCF,B-200"
257,257,0,0,69,-1.1163564495011093,-1.0394257648029503,5,0,"PCSCF,SCSCF,I:SCSCF,PCSCF,T:SCSCF,ASLI,I:ASLI,SCSCF,T:ASLI,SCSCF,I-500:SCSCF,ASLI,A:MTAS,SCSCF,I:SCSCF,MTAS,T:SCSCF,GTW,I:GTW,SCSCF,T:GTW,SCSCF,S:SCSCF,MTAS,S:SCSCF,PCSCF,S:PCSCF,SCSCF,P:SCSCF,MTAS,P:MTAS,SCSCF,P:SCSCF,GTW,P:GTW,SCSCF,P-200:SCSCF,MTAS,P-200:MTAS,SCSCF,P-200:SCSCF,PCSCF,P-200:GTW,SCSCF,U:MTAS,SCSCF,U:SCSCF,PCSCF,U:PCSCF,SCSCF,U-200:SCSCF,MTAS,U-200:SCSCF,GTW,U-200:GTW,SCSCF,R:SCSCF,MTAS,R:SCSCF,PCSCF,R:GTW,SCSCF,U:MTAS,SCSCF,U:SCSCF,PCSCF,U:PCSCF,SCSCF,U-200:SCSCF,MTAS,U-200:SCSCF,GTW,U-200:GTW,SCSCF,I-200:SCSCF,MTAS,I-200:SCSCF,PCSCF,I-200:PCSCF,SCSCF,A:SCSCF,MTAS,A:MTAS,SCSCF,A:SCSCF,GTW,A:PCSCF,SCSCF,B:SCSCF,MTAS,B:MTAS,SCSCF,B:SCSCF,GTW,B:GTW,SCSCF,B-200:SCSCF,MTAS,B-200:MTAS,SCSCF,B-200:SCSCF,PCSCF,B-200"
258,258,0,0,63,-0.7562796254489313,-0.747605992266574,60,0,"PCSCF,SCSCF,I:SCSCF,ASLI,I:ASLI,SCSCF,T:ASLI,SCSCF,I-500:SCSCF,ASLI,A:MTAS,SCSCF,I:SCSCF,MTAS,T:SCSCF,PCSCF,T:SCSCF,GTW,I:GTW,SCSCF,T:GTW,SCSCF,S:SCSCF,MTAS,S:SCSCF,PCSCF,S:PCSCF,SCSCF,P:SCSCF,MTAS,P:MTAS,SCSCF,P:SCSCF,GTW,P:GTW,SCSCF,P-200:SCSCF,MTAS,P-200:MTAS,SCSCF,P-200:SCSCF,PCSCF,P-200:GTW,SCSCF,R:SCSCF,MTAS,R:SCSCF,PCSCF,R:PCSCF,SCSCF,P:SCSCF,MTAS,P:MTAS,SCSCF,P:SCSCF,GTW,P:GTW,SCSCF,P-200:SCSCF,MTAS,P-200:MTAS,SCSCF,P-200:SCSCF,PCSCF,P-200:GTW,SCSCF,I-200:SCSCF,MTAS,I-200:SCSCF,PCSCF,I-200:PCSCF,SCSCF,A:SCSCF,MTAS,A:MTAS,SCSCF,A:SCSCF,GTW,A:PCSCF,SCSCF,B:SCSCF,MTAS,B:MTAS,SCSCF,B:SCSCF,GTW,B:GTW,SCSCF,B-200:SCSCF,MTAS,B-200:MTAS,SCSCF,B-200:SCSCF,PCSCF,B-200"
259,259,0,0,75,-0.6805520675337714,-0.6507632058340782,59,0,"GTW,ICSCF,I:ICSCF,GTW,T:SCSCF,ASLI,I:ASLI,SCSCF,T:ASLI,SCSCF,I-500:SCSCF,ASLI,A:SCSCF,MTAS,I:MTAS,SCSCF,T:MTAS,SCSCF,I:SCSCF,MTAS,T:SCSCF,PCSCF,I:PCSCF,SCSCF,T:PCSCF,SCSCF,R:SCSCF,MTAS,R:MTAS,SCSCF,R:ICSCF,GTW,R:GTW,SCSCF,P:SCSCF,MTAS,P:MTAS,SCSCF,P:SCSCF,PCSCF,P:PCSCF,SCSCF,P-200:SCSCF,MTAS,P-200:MTAS,SCSCF,P-200:SCSCF,GTW,P-200:PCSCF,SCSCF,I-200:SCSCF,MTAS,I-200:MTAS,SCSCF,I-200:ICSCF,GTW,I-200:GTW,SCSCF,A:SCSCF,MTAS,A:MTAS,SCSCF,A:SCSCF,PCSCF,A:MTAS,SCSCF,U:GTW,SCSCF,U-200:SCSCF,MTAS,U-200:SCSCF,PCSCF,U:SCSCF,GTW,U:PCSCF,SCSCF,U-200:SCSCF,MTAS,U-200:MTAS,SCSCF,U:SCSCF,GTW,U:GTW,SCSCF,U-200:SCSCF,PCSCF,U:SCSCF,MTAS,U-200:PCSCF,SCSCF,U-200:SCSCF,MTAS,U-200:GTW,SCSCF,B:SCSCF,MTAS,B:MTAS,SCSCF,B:SCSCF,PCSCF,B:PCSCF,SCSCF,B-200:SCSCF,MTAS,B-200:MTAS,SCSCF,B-200:SCSCF,GTW,B-200"
260,260,0,0,53,-0.6879643242450844,-0.6814532373674962,25,0,"GTW,ICSCF,I:ICSCF,GTW,T:SCSCF,ASLI,I:ASLI,SCSCF,T:ASLI,SCSCF,I-500:SCSCF,ASLI,A:SCSCF,MTAS,I:MTAS,SCSCF,T:MTAS,SCSCF,I:SCSCF,PCSCF,I:PCSCF,SCSCF,T:SCSCF,MTAS,T:PCSCF,SCSCF,R:SCSCF,MTAS,R:MTAS,SCSCF,R:ICSCF,GTW,R:GTW,SCSCF,P:SCSCF,MTAS,P:MTAS,SCSCF,P:SCSCF,PCSCF,P:PCSCF,SCSCF,P-200:MTAS,SCSCF,P-200:SCSCF,MTAS,P-200:SCSCF,GTW,P-200:PCSCF,SCSCF,I-200:MTAS,SCSCF,I-200:ICSCF,GTW,I-200:SCSCF,MTAS,I-200:GTW,SCSCF,A:SCSCF,MTAS,A:MTAS,SCSCF,A:SCSCF,PCSCF,A:PCSCF,SCSCF,B:SCSCF,MTAS,B:MTAS,SCSCF,B:SCSCF,GTW,B:GTW,SCSCF,B-200:SCSCF,MTAS,B-200:MTAS,SCSCF,B-200:SCSCF,PCSCF,B-200"
261,261,0,0,89,-0.6729364833456555,-0.6509230727217554,59,0,"GTW,ICSCF,I:ICSCF,GTW,T:SCSCF,ASLI,I:ASLI,SCSCF,T:ASLI,SCSCF,I-500:SCSCF,ASLI,A:SCSCF,MTAS,I:MTAS,SCSCF,T:MTAS,SCSCF,I:SCSCF,MTAS,T:SCSCF,PCSCF,I:PCSCF,SCSCF,T:PCSCF,SCSCF,R:SCSCF,MTAS,R:MTAS,SCSCF,R:ICSCF,GTW,R:GTW,SCSCF,P:SCSCF,MTAS,P:MTAS,SCSCF,P:SCSCF,PCSCF,P:PCSCF,SCSCF,P-200:SCSCF,MTAS,P-200:MTAS,SCSCF,P-200:SCSCF,GTW,P-200:PCSCF,SCSCF,I-200:SCSCF,MTAS,I-200:MTAS,SCSCF,I-200:ICSCF,GTW,I-200:GTW,SCSCF,A:SCSCF,MTAS,A:MTAS,SCSCF,A:SCSCF,PCSCF,A:MTAS,SCSCF,U:SCSCF,PCSCF,U:PCSCF,SCSCF,U-200:SCSCF,MTAS,U-200:MTAS,SCSCF,U:SCSCF,GTW,U:GTW,SCSCF,U-200:SCSCF,MTAS,U-200:MTAS,SCSCF,U:SCSCF,PCSCF,U:PCSCF,SCSCF,U-200:SCSCF,MTAS,U-200:MTAS,SCSCF,U:SCSCF,GTW,U:GTW,SCSCF,U-200:SCSCF,MTAS,U-200:MTAS,SCSCF,U:SCSCF,PCSCF,U:PCSCF,SCSCF,U-200:SCSCF,MTAS,U-200:MTAS,SCSCF,U:SCSCF,GTW,U:GTW,SCSCF,U-200:SCSCF,MTAS,U-200:PCSCF,SCSCF,B:SCSCF,MTAS,B:MTAS,SCSCF,B:SCSCF,GTW,B:GTW,SCSCF,B-200:SCSCF,MTAS,B-200:MTAS,SCSCF,B-200:SCSCF,PCSCF,B-200"
262,262,0,0,89,-1.3900837727244468,-1.3512165767222197,59,0,"PCSCF,SCSCF,I:SCSCF,ASLI,I:ASLI,SCSCF,T:ASLI,SCSCF,I-500:SCSCF,ASLI,A:MTAS,SCSCF,I:SCSCF,MTAS,T:SCSCF,GTW,I:GTW,SCSCF,T:SCSCF,PCSCF,T:GTW,SCSCF,S:SCSCF,MTAS,S:SCSCF,PCSCF,S:PCSCF,SCSCF,P:MTAS,SCSCF,P:SCSCF,GTW,P:GTW,SCSCF,P-200:GTW,SCSCF,R:SCSCF,MTAS,R:SCSCF,MTAS,P-200:SCSCF,PCSCF,P-200:SCSCF,PCSCF,R:GTW,SCSCF,I-200:SCSCF,MTAS,I-200:PCSCF,SCSCF,P:SCSCF,PCSCF,I-200:MTAS,SCSCF,P:SCSCF,GTW,P:GTW,SCSCF,P-200:SCSCF,MTAS,P-200:PCSCF,SCSCF,A:SCSCF,PCSCF,P-200:SCSCF,MTAS,A:MTAS,SCSCF,A:SCSCF,GTW,A:MTAS,SCSCF,U:SCSCF,GTW,U:GTW,SCSCF,U-200:SCSCF,PCSCF,U:SCSCF,MTAS,U-200:PCSCF,SCSCF,U-200:SCSCF,MTAS,U-200:MTAS,SCSCF,U:SCSCF,GTW,U:GTW,SCSCF,U-200:SCSCF,MTAS,U-200:MTAS,SCSCF,U:SCSCF,PCSCF,U:PCSCF,SCSCF,U-200:SCSCF,MTAS,U-200:MTAS,SCSCF,U:SCSCF,GTW,U:GTW,SCSCF,U-200:SCSCF,MTAS,U-200:MTAS,SCSCF,U:SCSCF,PCSCF,U:PCSCF,SCSCF,U-200:SCSCF,MTAS,U-200:PCSCF,SCSCF,B:MTAS,SCSCF,B:SCSCF,GTW,B:GTW,SCSCF,B-200:SCSCF,MTAS,B-200:SCSCF,PCSCF,B-200"
263,263,0,0,64,-0.7311518490401372,-0.6870357303726824,113,0,"GTW,ICSCF,I:ICSCF,GTW,T:SCSCF,ASLI,I:ASLI,SCSCF,T:ASLI,SCSCF,I-500:SCSCF,MTAS,I:MTAS,SCSCF,T:MTAS,SCSCF,I:SCSCF,MTAS,T:SCSCF,PCSCF,I:PCSCF,SCSCF,T:SCSCF,ASLI,A:PCSCF,SCSCF,R:SCSCF,MTAS,R:MTAS,SCSCF,R:ICSCF,GTW,R:GTW,SCSCF,P:SCSCF,MTAS,P:MTAS,SCSCF,P:SCSCF,PCSCF,P:PCSCF,SCSCF,P-200:SCSCF,MTAS,P-200:MTAS,SCSCF,P-200:SCSCF,GTW,P-200:PCSCF,SCSCF,I-200:SCSCF,MTAS,I-200:MTAS,SCSCF,I-200:ICSCF,GTW,I-200:GTW,SCSCF,A:SCSCF,MTAS,A:MTAS,SCSCF,A:SCSCF,PCSCF,A:MTAS,SCSCF,U:SCSCF,PCSCF,U:SCSCF,GTW,U:GTW,SCSCF,U-200:SCSCF,MTAS,U-200:PCSCF,SCSCF,U-200:SCSCF,MTAS,U-200:GTW,SCSCF,B:SCSCF,MTAS,B:MTAS,SCSCF,B:SCSCF,PCSCF,B:PCSCF,SCSCF,B-200:SCSCF,MTAS,B-200:MTAS,SCSCF,B-200:SCSCF,GTW,B-200"
264,264,0,0,65,-0.6975093266171404,-0.6627074845472564,1,0,"GTW,ICSCF,I:ICSCF,GTW,T:SCSCF,ASLI,I:ASLI,SCSCF,T:ASLI,SCSCF,I-500:SCSCF,ASLI,A:SCSCF,MTAS,I:MTAS,SCSCF,T:MTAS,SCSCF,I:SCSCF,MTAS,T:SCSCF,PCSCF,I:PCSCF,SCSCF,T:PCSCF,SCSCF,R:SCSCF,MTAS,R:MTAS,SCSCF,R:ICSCF,GTW,R:GTW,SCSCF,P:SCSCF,MTAS,P:MTAS,SCSCF,P:SCSCF,PCSCF,P:PCSCF,SCSCF,P-200:SCSCF,MTAS,P-200:MTAS,SCSCF,P-200:SCSCF,GTW,P-200:PCSCF,SCSCF,I-200:SCSCF,MTAS,I-200:MTAS,SCSCF,I-200:ICSCF,GTW,I-200:GTW,SCSCF,A:SCSCF,MTAS,A:MTAS,SCSCF,A:SCSCF,PCSCF,A:MTAS,SCSCF,U:SCSCF,PCSCF,U:PCSCF,SCSCF,U-200:MTAS,SCSCF,U:SCSCF,MTAS,U-200:SCSCF,GTW,U:GTW,SCSCF,U-200:SCSCF,MTAS,U-200:PCSCF,SCSCF,B:SCSCF,MTAS,B:MTAS,SCSCF,B:SCSCF,GTW,B:GTW,SCSCF,B-200:SCSCF,MTAS,B-200:MTAS,SCSCF,B-200:SCSCF,PCSCF,B-200"
265,265,0,0,83,-0.8245414677589549,-0.794275798442905,113,0,"PCSCF,SCSCF,I:SCSCF,PCSCF,T:SCSCF,ASLI,I:ASLI,SCSCF,T:ASLI,SCSCF,I-500:SCSCF,ASLI,A:MTAS,SCSCF,I:SCSCF,MTAS,T:SCSCF,ASLI,I:ASLI,SCSCF,T:ASLI,SCSCF,I-500:SCSCF,ASLI,A:SCSCF,MTAS,I:MTAS,SCSCF,T:MTAS,SCSCF,I:SCSCF,MTAS,T:SCSCF,PCSCF,I:PCSCF,SCSCF,T:PCSCF,SCSCF,R:SCSCF,MTAS,R:MTAS,SCSCF,R:SCSCF,MTAS,R:SCSCF,PCSCF,R:PCSCF,SCSCF,P:MTAS,SCSCF,P:SCSCF,MTAS,P:MTAS,SCSCF,P:SCSCF,PCSCF,P:PCSCF,SCSCF,P-200:SCSCF,MTAS,P-200:MTAS,SCSCF,P-200:SCSCF,MTAS,P-200:SCSCF,PCSCF,P-200:PCSCF,SCSCF,I-200:SCSCF,MTAS,I-200:MTAS,SCSCF,I-200:SCSCF,MTAS,I-200:SCSCF,PCSCF,I-200:PCSCF,SCSCF,A:MTAS,SCSCF,A:PCSCF,SCSCF,I-200:SCSCF,MTAS,A:SCSCF,MTAS,I-200:MTAS,SCSCF,A:SCSCF,PCSCF,A:MTAS,SCSCF,U:SCSCF,PCSCF,U:SCSCF,PCSCF,U:PCSCF,SCSCF,U-200:SCSCF,MTAS,U-200:MTAS,SCSCF,U:PCSCF,SCSCF,U-200:SCSCF,MTAS,U-200:PCSCF,SCSCF,B:SCSCF,MTAS,B:MTAS,SCSCF,B:SCSCF,PCSCF,B:PCSCF,SCSCF,B-200:SCSCF,MTAS,B-200:MTAS,SCSCF,B-200:SCSCF,PCSCF,B-200"
266,266,0,0,95,-0.9671787393014218,-0.9192019790805441,5,0,"PCSCF,SCSCF,I:SCSCF,PCSCF,T:SCSCF,PCSCF,I-407:PCSCF,SCSCF,A:PCSCF,SCSCF,I:SCSCF,PCSCF,T:SCSCF,ASLI,I:ASLI,SCSCF,T:ASLI,SCSCF,I-500:SCSCF,ASLI,A:MTAS,SCSCF,I:SCSCF,MTAS,T:SCSCF,GTW,I:GTW,SCSCF,T:GTW,SCSCF,S:SCSCF,MTAS,S:SCSCF,PCSCF,S:PCSCF,SCSCF,P:SCSCF,MTAS,P:MTAS,SCSCF,P:SCSCF,GTW,P:GTW,SCSCF,P-200:GTW,SCSCF,S:SCSCF,MTAS,P-200:SCSCF,MTAS,S:MTAS,SCSCF,P-200:SCSCF,PCSCF,P-200:SCSCF,PCSCF,S:PCSCF,SCSCF,P:SCSCF,MTAS,P:MTAS,SCSCF,P:SCSCF,GTW,P:GTW,SCSCF,P-200:GTW,SCSCF,S:SCSCF,MTAS,S:SCSCF,MTAS,P-200:MTAS,SCSCF,P-200:SCSCF,PCSCF,P-200:SCSCF,PCSCF,S:PCSCF,SCSCF,P:SCSCF,MTAS,P:MTAS,SCSCF,P:SCSCF,GTW,P:GTW,SCSCF,P-200:SCSCF,MTAS,P-200:MTAS,SCSCF,P-200:SCSCF,PCSCF,P-200:GTW,SCSCF,R:SCSCF,MTAS,R:SCSCF,PCSCF,R:PCSCF,SCSCF,P:SCSCF,MTAS,P:MTAS,SCSCF,P:SCSCF,GTW,P:GTW,SCSCF,P-200:SCSCF,MTAS,P-200:MTAS,SCSCF,P-200:SCSCF,PCSCF,P-200:GTW,SCSCF,I-200:SCSCF,MTAS,I-200:SCSCF,PCSCF,I-200:PCSCF,SCSCF,A:SCSCF,MTAS,A:MTAS,SCSCF,A:SCSCF,GTW,A:PCSCF,SCSCF,B:MTAS,SCSCF,B:GTW,SCSCF,B-200:SCSCF,MTAS,B-200:SCSCF,PCSCF,B-200:SCSCF,GTW,B"
267,267,0,0,59,-0.8115015130219488,-0.8110292945267543,53,0,"PCSCF,SCSCF,I:SCSCF,PCSCF,T:SCSCF,PCSCF,I-407:PCSCF,SCSCF,A:PCSCF,SCSCF,I:SCSCF,PCSCF,T:SCSCF,ASLI,I:ASLI,SCSCF,T:ASLI,SCSCF,I-500:SCSCF,ASLI,A:MTAS,SCSCF,I:SCSCF,MTAS,T:SCSCF,GTW,I:GTW,SCSCF,T:GTW,SCSCF,S:SCSCF,MTAS,S:SCSCF,PCSCF,S:PCSCF,SCSCF,P:MTAS,SCSCF,P:SCSCF,GTW,P:GTW,SCSCF,P-200:GTW,SCSCF,R:SCSCF,MTAS,R:SCSCF,MTAS,P-200:SCSCF,PCSCF,P-200:SCSCF,PCSCF,R:PCSCF,SCSCF,P:MTAS,SCSCF,P:SCSCF,GTW,P:GTW,SCSCF,P-200:SCSCF,MTAS,P-200:SCSCF,PCSCF,P-200:GTW,SCSCF,I-200:SCSCF,MTAS,I-200:SCSCF,PCSCF,I-200:PCSCF,SCSCF,A:SCSCF,MTAS,A:MTAS,SCSCF,A:SCSCF,GTW,A:GTW,SCSCF,B:MTAS,SCSCF,B:SCSCF,PCSCF,B:PCSCF,SCSCF,B-200:SCSCF,MTAS,B-200:SCSCF,GTW,B-200"
268,268,0,0,58,-0.9364879707090978,-0.9020482093337324,59,0,"PCSCF,SCSCF,I:SCSCF,PCSCF,T:SCSCF,PCSCF,I-407:PCSCF,SCSCF,A:PCSCF,SCSCF,I:SCSCF,PCSCF,T:SCSCF,ASLI,I:ASLI,SCSCF,T:ASLI,SCSCF,I-500:SCSCF,ASLI,A:MTAS,SCSCF,I:SCSCF,MTAS,T:SCSCF,GTW,I:GTW,SCSCF,T:GTW,SCSCF,I-200:SCSCF,MTAS,I-200:SCSCF,PCSCF,I-200:PCSCF,SCSCF,A:SCSCF,MTAS,A:MTAS,SCSCF,A:SCSCF,GTW,A:MTAS,SCSCF,U:SCSCF,GTW,U:GTW,SCSCF,U-200:SCSCF,PCSCF,U:SCSCF,MTAS,U-200:PCSCF,SCSCF,U-200:SCSCF,MTAS,U-200:MTAS,SCSCF,U:SCSCF,GTW,U:GTW,SCSCF,U-200:SCSCF,MTAS,U-200:MTAS,SCSCF,U:SCSCF,PCSCF,U:PCSCF,SCSCF,U-200:SCSCF,MTAS,U-200:GTW,SCSCF,B:MTAS,SCSCF,B:SCSCF,PCSCF,B:PCSCF,SCSCF,B-200:SCSCF,MTAS,B-200:SCSCF,GTW,B-200"
269,269,0,0,38,-0.6866859334966835,-0.6776838816710198,24,0,"PCSCF,SCSCF,I:SCSCF,PCSCF,T:SCSCF,PCSCF,I-407:PCSCF,SCSCF,A:PCSCF,SCSCF,I:SCSCF,PCSCF,T:SCSCF,ASLI,I:ASLI,SCSCF,T:ASLI,SCSCF,I-500:SCSCF,ASLI,A:MTAS,SCSCF,I:SCSCF,MTAS,T:SCSCF,GTW,I:GTW,SCSCF,T:GTW,SCSCF,I-200:SCSCF,MTAS,I-200:SCSCF,PCSCF,I-200:PCSCF,SCSCF,A:SCSCF,MTAS,A:MTAS,SCSCF,A:SCSCF,GTW,A:GTW,SCSCF,B:MTAS,SCSCF,B:SCSCF,PCSCF,B:PCSCF,SCSCF,B:SCSCF,PCSCF,B-200:PCSCF,SCSCF,B-200:SCSCF,MTAS,B-200:SCSCF,GTW,B-200"
270,270,0,0,75,-0.7420185249666584,-0.7390115174394049,59,0,"GTW,ICSCF,I:ICSCF,GTW,T:SCSCF,ASLI,I:ASLI,SCSCF,T:ASLI,SCSCF,I-500:SCSCF,ASLI,A:SCSCF,MTAS,I:MTAS,SCSCF,T:MTAS,SCSCF,I:SCSCF,MTAS,T:SCSCF,PCSCF,I:PCSCF,SCSCF,T:PCSCF,SCSCF,R:SCSCF,MTAS,R:MTAS,SCSCF,R:ICSCF,GTW,R:PCSCF,SCSCF,I-200:SCSCF,MTAS,I-200:MTAS,SCSCF,I-200:ICSCF,GTW,I-200:GTW,SCSCF,A:SCSCF,MTAS,A:MTAS,SCSCF,A:SCSCF,PCSCF,A:MTAS,SCSCF,U:SCSCF,PCSCF,U:SCSCF,GTW,U:GTW,SCSCF,U-200:SCSCF,MTAS,U-200:PCSCF,SCSCF,U-200:SCSCF,MTAS,U-200:MTAS,SCSCF,U:SCSCF,GTW,U:GTW,SCSCF,U-200:SCSCF,PCSCF,U:SCSCF,MTAS,U-200:PCSCF,SCSCF,U-200:SCSCF,MTAS,U-200:MTAS,SCSCF,U:SCSCF,GTW,U:GTW,SCSCF,U-200:SCSCF,MTAS,U-200:MTAS,SCSCF,U:SCSCF,PCSCF,U:PCSCF,SCSCF,U-200:SCSCF,MTAS,U-200:PCSCF,SCSCF,B:SCSCF,MTAS,B:MTAS,SCSCF,B:SCSCF,GTW,B:GTW,SCSCF,B-200:SCSCF,MTAS,B-200:MTAS,SCSCF,B-200:SCSCF,PCSCF,B-200"
271,271,0,0,53,-0.5901542590727639,-0.5329220722426397,28,0,"GTW,ICSCF,I:ICSCF,GTW,T:SCSCF,ASLI,I:ASLI,SCSCF,T:ASLI,SCSCF,I-500:SCSCF,ASLI,A:SCSCF,MTAS,I:MTAS,SCSCF,T:MTAS,SCSCF,I:SCSCF,MTAS,T:SCSCF,PCSCF,I:PCSCF,SCSCF,T:PCSCF,SCSCF,R:SCSCF,MTAS,R:MTAS,SCSCF,R:ICSCF,GTW,R:GTW,SCSCF,P:SCSCF,MTAS,P:MTAS,SCSCF,P:SCSCF,PCSCF,P:PCSCF,SCSCF,P-200:SCSCF,MTAS,P-200:MTAS,SCSCF,P-200:SCSCF,GTW,P-200:GTW,ICSCF,C:ICSCF,GTW,C-200:SCSCF,MTAS,C:MTAS,SCSCF,C-200:MTAS,SCSCF,C:SCSCF,MTAS,C-200:SCSCF,PCSCF,C:PCSCF,SCSCF,C-200:SCSCF,MTAS,I-487:MTAS,SCSCF,A:ICSCF,GTW,I-487:GTW,ICSCF,A:PCSCF,SCSCF,I-487:SCSCF,PCSCF,A:MTAS,SCSCF,I-487:SCSCF,MTAS,A"
272,272,0,0,98,-0.8585319152046537,-0.8401452865252967,59,0,"PCSCF,SCSCF,I:SCSCF,PCSCF,T:SCSCF,PCSCF,I-407:PCSCF,SCSCF,A:PCSCF,SCSCF,I:SCSCF,ASLI,I:ASLI,SCSCF,T:ASLI,SCSCF,I-500:SCSCF,ASLI,A:MTAS,SCSCF,I:SCSCF,MTAS,T:SCSCF,GTW,I:GTW,SCSCF,T:SCSCF,PCSCF,T:GTW,SCSCF,R:SCSCF,MTAS,R:SCSCF,PCSCF,R:PCSCF,SCSCF,P:MTAS,SCSCF,P:SCSCF,GTW,P:GTW,SCSCF,P-200:SCSCF,MTAS,P-200:SCSCF,PCSCF,P-200:GTW,SCSCF,I-200:SCSCF,MTAS,I-200:SCSCF,PCSCF,I-200:GTW,SCSCF,I-200:SCSCF,MTAS,I-200:PCSCF,SCSCF,A:SCSCF,MTAS,A:MTAS,SCSCF,A:SCSCF,GTW,A:MTAS,SCSCF,U:SCSCF,GTW,U:MTAS,SCSCF,U:GTW,SCSCF,U-200:SCSCF,MTAS,U-200:SCSCF,PCSCF,U:PCSCF,SCSCF,U-200:SCSCF,MTAS,U-200:MTAS,SCSCF,U:SCSCF,GTW,U:GTW,SCSCF,U-200:SCSCF,PCSCF,U:SCSCF,MTAS,U-200:PCSCF,SCSCF,U-200:SCSCF,MTAS,U-200:MTAS,SCSCF,U:SCSCF,GTW,U:GTW,SCSCF,U-200:SCSCF,MTAS,U-200:MTAS,SCSCF,U:SCSCF,PCSCF,U:PCSCF,SCSCF,U-200:SCSCF,MTAS,U-200:MTAS,SCSCF,U:SCSCF,GTW,U:GTW,SCSCF,U-200:SCSCF,MTAS,U-200:MTAS,SCSCF,U:SCSCF,PCSCF,U:PCSCF,SCSCF,U-200:SCSCF,MTAS,U-200:PCSCF,SCSCF,B:MTAS,SCSCF,B:SCSCF,GTW,B:GTW,SCSCF,B-200:SCSCF,MTAS,B-200:SCSCF,PCSCF,B-200"
273,273,0,0,136,-0.6489358546774178,-0.6350920882217214,59,0,"GTW,ICSCF,I:ICSCF,GTW,T:SCSCF,ASLI,I:ASLI,SCSCF,T:ASLI,SCSCF,I-500:SCSCF,ASLI,A:SCSCF,MTAS,I:MTAS,SCSCF,T:MTAS,SCSCF,I:SCSCF,MTAS,T:SCSCF,PCSCF,I:PCSCF,SCSCF,T:PCSCF,SCSCF,R:SCSCF,MTAS,R:MTAS,SCSCF,R:ICSCF,GTW,R:GTW,SCSCF,P:SCSCF,MTAS,P:MTAS,SCSCF,P:SCSCF,PCSCF,P:PCSCF,SCSCF,P-200:SCSCF,MTAS,P-200:MTAS,SCSCF,P-200:SCSCF,GTW,P-200:PCSCF,SCSCF,I-200:SCSCF,MTAS,I-200:MTAS,SCSCF,I-200:ICSCF,GTW,I-200:GTW,SCSCF,A:SCSCF,MTAS,A:MTAS,SCSCF,A:SCSCF,PCSCF,A:MTAS,SCSCF,U:SCSCF,PCSCF,U:SCSCF,GTW,U:GTW,SCSCF,U-200:SCSCF,MTAS,U-200:PCSCF,SCSCF,U-200:SCSCF,MTAS,U-200:MTAS,SCSCF,U:SCSCF,GTW,U:GTW,SCSCF,U-200:SCSCF,MTAS,U-200:MTAS,SCSCF,U:SCSCF,PCSCF,U:PCSCF,SCSCF,U-200:SCSCF,MTAS,U-200:MTAS,SCSCF,U:SCSCF,GTW,U:GTW,SCSCF,U-200:SCSCF,MTAS,U-200:MTAS,SCSCF,U:SCSCF,PCSCF,U:PCSCF,SCSCF,U-200:SCSCF,MTAS,U-200:MTAS,SCSCF,U:SCSCF,GTW,U:GTW,SCSCF,U-200:SCSCF,MTAS,U-200:MTAS,SCSCF,U:SCSCF,PCSCF,U:PCSCF,SCSCF,U-200:SCSCF,MTAS,U-200:MTAS,SCSCF,U:SCSCF,GTW,U:GTW,SCSCF,U-200:SCSCF,MTAS,U-200:MTAS,SCSCF,U:SCSCF,PCSCF,U:PCSCF,SCSCF,U-200:SCSCF,MTAS,U-200:MTAS,SCSCF,U:SCSCF,GTW,U:GTW,SCSCF,U-200:SCSCF,MTAS,U-200:MTAS,SCSCF,U:SCSCF,PCSCF,U:PCSCF,SCSCF,U-200:SCSCF,MTAS,U-200:MTAS,SCSCF,U:SCSCF,GTW,U:GTW,SCSCF,U-200:SCSCF,MTAS,U-200:MTAS,SCSCF,U:SCSCF,PCSCF,U:PCSCF,SCSCF,U-200:SCSCF,MTAS,U-200:PCSCF,SCSCF,B:SCSCF,MTAS,B:MTAS,SCSCF,B:SCSCF,GTW,B:GTW,SCSCF,B-200:SCSCF,MTAS,B-200:MTAS,SCSCF,B-200:SCSCF,PCSCF,B-200"
274,274,0,0,71,-0.7887852990384959,-0.7754565516939687,14,0,"GTW,ICSCF,I:ICSCF,GTW,T:SCSCF,ASLI,I:ASLI,SCSCF,T:ASLI,SCSCF,I-500:SCSCF,MTAS,I:SCSCF,ASLI,A:MTAS,SCSCF,T:MTAS,SCSCF,I:SCSCF,MTAS,T:MTAS,SCSCF,W:ICSCF,GTW,W:SCSCF,GTW,I:GTW,SCSCF,T:GTW,SCSCF,S:SCSCF,MTAS,S:MTAS,SCSCF,S:ICSCF,GTW,S:GTW,SCSCF,P:SCSCF,MTAS,P:MTAS,SCSCF,P:SCSCF,GTW,P:SCSCF,MTAS,P-200:GTW,SCSCF,P-200:MTAS,SCSCF,P-200:SCSCF,GTW,P-200:GTW,SCSCF,R:SCSCF,MTAS,R:MTAS,SCSCF,R:ICSCF,GTW,R:GTW,SCSCF,P:SCSCF,MTAS,P:MTAS,SCSCF,P:SCSCF,GTW,P:GTW,SCSCF,P-200:SCSCF,MTAS,P-200:MTAS,SCSCF,P-200:SCSCF,GTW,P-200:GTW,SCSCF,I-200:SCSCF,MTAS,I-200:MTAS,SCSCF,I-200:ICSCF,GTW,I-200:GTW,SCSCF,A:SCSCF,MTAS,A:MTAS,SCSCF,A:SCSCF,GTW,A:GTW,SCSCF,B:SCSCF,MTAS,B:MTAS,SCSCF,B:SCSCF,GTW,B:GTW,SCSCF,B-200:SCSCF,MTAS,B-200:MTAS,SCSCF,B-200:SCSCF,GTW,B-200"
275,275,0,0,53,-0.6879643242450844,-0.6814532373674962,25,0,"GTW,ICSCF,I:ICSCF,GTW,T:SCSCF,ASLI,I:ASLI,SCSCF,T:ASLI,SCSCF,I-500:SCSCF,ASLI,A:SCSCF,MTAS,I:MTAS,SCSCF,T:MTAS,SCSCF,I:SCSCF,PCSCF,I:SCSCF,MTAS,T:PCSCF,SCSCF,T:PCSCF,SCSCF,R:SCSCF,MTAS,R:MTAS,SCSCF,R:ICSCF,GTW,R:GTW,SCSCF,P:SCSCF,MTAS,P:MTAS,SCSCF,P:SCSCF,PCSCF,P:PCSCF,SCSCF,P-200:SCSCF,MTAS,P-200:MTAS,SCSCF,P-200:SCSCF,GTW,P-200:PCSCF,SCSCF,I-200:SCSCF,MTAS,I-200:MTAS,SCSCF,I-200:ICSCF,GTW,I-200:GTW,SCSCF,A:SCSCF,MTAS,A:MTAS,SCSCF,A:SCSCF,PCSCF,A:GTW,SCSCF,B:SCSCF,MTAS,B:MTAS,SCSCF,B:SCSCF,PCSCF,B:PCSCF,SCSCF,B-200:SCSCF,MTAS,B-200:MTAS,SCSCF,B-200:SCSCF,GTW,B-200"
276,276,0,0,92,-1.2386312820540675,-1.2216089850296408,180,0,"PCSCF,SCSCF,I:SCSCF,PCSCF,T:SCSCF,ASLI,I:ASLI,SCSCF,T:ASLI,SCSCF,I-500:SCSCF,ASLI,A:MTAS,SCSCF,I:SCSCF,MTAS,T:SCSCF,GTW,I:GTW,SCSCF,T:GTW,SCSCF,S:SCSCF,MTAS,S:SCSCF,PCSCF,S:PCSCF,SCSCF,P:MTAS,SCSCF,P:SCSCF,GTW,P:GTW,SCSCF,P-200:GTW,SCSCF,W:SCSCF,MTAS,W:SCSCF,MTAS,P-200:SCSCF,PCSCF,P-200:SCSCF,PCSCF,W:PCSCF,SCSCF,P:MTAS,SCSCF,P:SCSCF,GTW,P:GTW,SCSCF,P-200:SCSCF,MTAS,P-200:SCSCF,PCSCF,P-200:GTW,SCSCF,S:SCSCF,MTAS,S:SCSCF,PCSCF,S:PCSCF,SCSCF,P:MTAS,SCSCF,P:SCSCF,GTW,P:GTW,SCSCF,P-200:GTW,SCSCF,S:SCSCF,MTAS,P-200:SCSCF,MTAS,S:SCSCF,PCSCF,P-200:SCSCF,PCSCF,S:PCSCF,SCSCF,P:MTAS,SCSCF,P:SCSCF,GTW,P:GTW,SCSCF,P-200:SCSCF,MTAS,P-200:GTW,SCSCF,S:SCSCF,MTAS,S:SCSCF,PCSCF,P-200:SCSCF,PCSCF,S:PCSCF,SCSCF,P:MTAS,SCSCF,P:SCSCF,GTW,P:GTW,SCSCF,P-200:SCSCF,MTAS,P-200:SCSCF,PCSCF,P-200:GTW,SCSCF,R:SCSCF,MTAS,R:SCSCF,PCSCF,R:PCSCF,SCSCF,P:MTAS,SCSCF,P:SCSCF,GTW,P:GTW,SCSCF,P-200:SCSCF,MTAS,P-200:SCSCF,PCSCF,P-200:GTW,SCSCF,I-486:SCSCF,GTW,A:SCSCF,MTAS,I-486:MTAS,SCSCF,A:SCSCF,PCSCF,I-486:PCSCF,SCSCF,A"
277,277,0,0,35,-0.7259882748142774,-0.7151486243513934,24,0,"PCSCF,SCSCF,I:SCSCF,PCSCF,T:SCSCF,PCSCF,I-407:PCSCF,SCSCF,A:PCSCF,SCSCF,I:SCSCF,PCSCF,T:SCSCF,ASLI,I:ASLI,SCSCF,T:ASLI,SCSCF,I-500:SCSCF,ASLI,A:MTAS,SCSCF,I:SCSCF,MTAS,T:SCSCF,GTW,I:GTW,SCSCF,T:GTW,SCSCF,I-200:SCSCF,MTAS,I-200:SCSCF,PCSCF,I-200:PCSCF,SCSCF,A:SCSCF,MTAS,A:MTAS,SCSCF,A:SCSCF,GTW,A:GTW,SCSCF,B:MTAS,SCSCF,B:SCSCF,PCSCF,B:PCSCF,SCSCF,B-200:SCSCF,MTAS,B-200:SCSCF,GTW,B-200"
278,278,0,0,53,-0.6826635520312176,-0.6578129101534964,323,0,"GTW,ICSCF,I:ICSCF,GTW,T:SCSCF,ASLI,I:ASLI,SCSCF,T:ASLI,SCSCF,I-500:SCSCF,ASLI,A:SCSCF,MTAS,I:MTAS,SCSCF,T:MTAS,SCSCF,I:SCSCF,MTAS,T:SCSCF,PCSCF,I:PCSCF,SCSCF,T:PCSCF,SCSCF,R:SCSCF,MTAS,R:MTAS,SCSCF,R:ICSCF,GTW,R:GTW,SCSCF,P:SCSCF,MTAS,P:MTAS,SCSCF,P:SCSCF,PCSCF,P:PCSCF,SCSCF,P-200:SCSCF,MTAS,P-200:MTAS,SCSCF,P-200:SCSCF,GTW,P-200:GTW,ICSCF,C:ICSCF,GTW,C-200:SCSCF,MTAS,C:MTAS,SCSCF,C-200:MTAS,SCSCF,C:SCSCF,MTAS,C-200:SCSCF,PCSCF,C:PCSCF,SCSCF,C-200:PCSCF,SCSCF,I-487:SCSCF,MTAS,I-487:MTAS,SCSCF,A:MTAS,SCSCF,I-487:SCSCF,MTAS,A:ICSCF,GTW,I-487:SCSCF,PCSCF,A:GTW,ICSCF,A"
279,279,0,0,68,-0.6995524185465811,-0.6735292801639544,113,0,"PCSCF,SCSCF,I:SCSCF,PCSCF,T:SCSCF,ASLI,I:ASLI,SCSCF,T:ASLI,SCSCF,I-500:SCSCF,ASLI,A:MTAS,SCSCF,I:SCSCF,MTAS,T:SCSCF,GTW,I:GTW,SCSCF,T:GTW,SCSCF,R:SCSCF,MTAS,R:SCSCF,PCSCF,R:PCSCF,SCSCF,P:SCSCF,MTAS,P:SCSCF,GTW,P:MTAS,SCSCF,P:GTW,SCSCF,P-200:SCSCF,MTAS,P-200:SCSCF,PCSCF,P-200:MTAS,SCSCF,P-200:GTW,SCSCF,I-200:SCSCF,PCSCF,I-200:SCSCF,MTAS,I-200:PCSCF,SCSCF,A:SCSCF,MTAS,A:SCSCF,GTW,A:MTAS,SCSCF,A:MTAS,SCSCF,U:SCSCF,GTW,U:SCSCF,PCSCF,U:GTW,SCSCF,U-200:SCSCF,MTAS,U-200:PCSCF,SCSCF,U-200:SCSCF,MTAS,U-200:MTAS,SCSCF,U:SCSCF,GTW,U:GTW,SCSCF,U-200:SCSCF,MTAS,U-200:MTAS,SCSCF,U:SCSCF,PCSCF,U:PCSCF,SCSCF,U-200:SCSCF,MTAS,U-200:PCSCF,SCSCF,B:MTAS,SCSCF,B:SCSCF,GTW,B:GTW,SCSCF,B-200:SCSCF,MTAS,B-200:SCSCF,PCSCF,B-200"
280,280,0,0,64,-0.6035426714146243,-0.5918895292515973,60,0,"PCSCF,SCSCF,I:SCSCF,PCSCF,T:SCSCF,ASLI,I:ASLI,SCSCF,T:ASLI,SCSCF,I-500:SCSCF,ASLI,A:MTAS,SCSCF,I:SCSCF,MTAS,T:SCSCF,GTW,I:GTW,SCSCF,T:GTW,SCSCF,S:SCSCF,MTAS,S:SCSCF,PCSCF,S:PCSCF,SCSCF,P:SCSCF,MTAS,P:MTAS,SCSCF,P:SCSCF,GTW,P:GTW,SCSCF,P-200:SCSCF,MTAS,P-200:MTAS,SCSCF,P-200:SCSCF,PCSCF,P-200:GTW,SCSCF,R:SCSCF,MTAS,R:SCSCF,PCSCF,R:PCSCF,SCSCF,P:SCSCF,MTAS,P:MTAS,SCSCF,P:SCSCF,GTW,P:GTW,SCSCF,P-200:SCSCF,MTAS,P-200:MTAS,SCSCF,P-200:SCSCF,PCSCF,P-200:GTW,SCSCF,I-200:SCSCF,MTAS,I-200:SCSCF,PCSCF,I-200:GTW,SCSCF,I-200:SCSCF,MTAS,I-200:PCSCF,SCSCF,A:SCSCF,MTAS,A:MTAS,SCSCF,A:SCSCF,GTW,A:GTW,SCSCF,B:MTAS,SCSCF,B:SCSCF,PCSCF,B:PCSCF,SCSCF,B-200:SCSCF,MTAS,B-200:SCSCF,GTW,B-200"
281,281,0,0,53,-0.36705100684479475,-0.3669834238881995,5,0,"GTW,ICSCF,I:ICSCF,GTW,T:SCSCF,ASLI,I:ASLI,SCSCF,T:ASLI,SCSCF,I-500:SCSCF,ASLI,A:SCSCF,MTAS,I:MTAS,SCSCF,T:MTAS,SCSCF,I:SCSCF,MTAS,T:SCSCF,PCSCF,I:PCSCF,SCSCF,T:PCSCF,SCSCF,R:SCSCF,MTAS,R:MTAS,SCSCF,R:ICSCF,GTW,R:GTW,SCSCF,P:SCSCF,MTAS,P:MTAS,SCSCF,P:SCSCF,PCSCF,P:PCSCF,SCSCF,P-200:SCSCF,MTAS,P-200:MTAS,SCSCF,P-200:SCSCF,GTW,P-200:PCSCF,SCSCF,I-200:SCSCF,MTAS,I-200:MTAS,SCSCF,I-200:ICSCF,GTW,I-200:GTW,SCSCF,A:SCSCF,MTAS,A:MTAS,SCSCF,A:SCSCF,PCSCF,A:PCSCF,SCSCF,B:SCSCF,MTAS,B:MTAS,SCSCF,B:SCSCF,GTW,B:GTW,SCSCF,B-200:SCSCF,MTAS,B-200:SCSCF,PCSCF,B-200:MTAS,SCSCF,B-200"
282,282,0,0,24,-0.45291056113460937,-0.45282944042140755,10,0,"GTW,SCSCF,I:SCSCF,GTW,T:SCSCF,SLEVOOSP,I:SLEVOOSP,SCSCF,T:SCSCF,GTW,S:SLEVOOSP,SCSCF,S:GTW,SCSCF,P:SCSCF,SLEVOOSP,P:SCSCF,GTW,P-200:SLEVOOSP,SCSCF,P-200:SLEVOOSP,SCSCF,I-200:SCSCF,GTW,I-200:GTW,SCSCF,A:SCSCF,SLEVOOSP,A:GTW,SCSCF,B:SCSCF,SLEVOOSP,B:SLEVOOSP,SCSCF,B-200:SCSCF,GTW,B-200"
283,283,0,0,70,-0.507120512265983,-0.5066531622102792,5,0,"PCSCF,SCSCF,I:SCSCF,PCSCF,T:SCSCF,ASLI,I:ASLI,SCSCF,T:ASLI,SCSCF,I-500:SCSCF,ASLI,A:MTAS,SCSCF,I:SCSCF,MTAS,T:SCSCF,ASLI,I:ASLI,SCSCF,T:ASLI,SCSCF,I-500:SCSCF,ASLI,A:SCSCF,MTAS,I:MTAS,SCSCF,T:MTAS,SCSCF,I:SCSCF,MTAS,T:SCSCF,PCSCF,I:PCSCF,SCSCF,T:PCSCF,SCSCF,R:SCSCF,MTAS,R:MTAS,SCSCF,R:SCSCF,MTAS,R:SCSCF,PCSCF,R:PCSCF,SCSCF,P:MTAS,SCSCF,P:SCSCF,MTAS,P:MTAS,SCSCF,P:SCSCF,PCSCF,P:PCSCF,SCSCF,P-200:SCSCF,MTAS,P-200:MTAS,SCSCF,P-200:SCSCF,MTAS,P-200:SCSCF,PCSCF,P-200:PCSCF,SCSCF,I-200:SCSCF,MTAS,I-200:MTAS,SCSCF,I-200:SCSCF,MTAS,I-200:SCSCF,PCSCF,I-200:PCSCF,SCSCF,A:MTAS,SCSCF,A:SCSCF,MTAS,A:MTAS,SCSCF,A:SCSCF,PCSCF,A:PCSCF,SCSCF,B:SCSCF,MTAS,B:MTAS,SCSCF,B:PCSCF,SCSCF,B:MTAS,SCSCF,B:SCSCF,PCSCF,B-200:SCSCF,MTAS,B-481:SCSCF,MTAS,B-200:MTAS,SCSCF,B-200:SCSCF,PCSCF,B-200"
284,284,0,0,34,-1.299119243774921,-1.233216422899459,124,0,"PCSCF,SCSCF,I:SCSCF,PCSCF,T:SCSCF,PCSCF,I-407:PCSCF,SCSCF,A:PCSCF,SCSCF,I:SCSCF,PCSCF,T:SCSCF,ASLI,I:ASLI,SCSCF,T:ASLI,SCSCF,I-500:SCSCF,ASLI,A:MTAS,SCSCF,I:SCSCF,MTAS,T:SCSCF,GTW,I:GTW,SCSCF,T:PCSCF,SCSCF,C:SCSCF,PCSCF,C-200:MTAS,SCSCF,C:SCSCF,MTAS,C-200:SCSCF,GTW,C:SCSCF,PCSCF,I-487:PCSCF,SCSCF,A:GTW,SCSCF,C-200:GTW,SCSCF,I-487:SCSCF,GTW,A:SCSCF,MTAS,I-487:MTAS,SCSCF,A"
285,285,0,0,65,-0.7601394612017961,-0.7506957959603864,60,0,"PCSCF,SCSCF,I:SCSCF,ASLI,I:ASLI,SCSCF,T:SCSCF,PCSCF,T:ASLI,SCSCF,I-500:SCSCF,ASLI,A:MTAS,SCSCF,I:SCSCF,MTAS,T:SCSCF,GTW,I:GTW,SCSCF,T:GTW,SCSCF,S:SCSCF,MTAS,S:SCSCF,PCSCF,S:PCSCF,SCSCF,P:SCSCF,MTAS,P:MTAS,SCSCF,P:SCSCF,GTW,P:GTW,SCSCF,P-200:SCSCF,MTAS,P-200:MTAS,SCSCF,P-200:SCSCF,PCSCF,P-200:GTW,SCSCF,R:SCSCF,MTAS,R:SCSCF,PCSCF,R:GTW,SCSCF,R:SCSCF,MTAS,R:PCSCF,SCSCF,P:SCSCF,MTAS,P:MTAS,SCSCF,P:SCSCF,GTW,P:GTW,SCSCF,P-200:SCSCF,MTAS,P-200:MTAS,SCSCF,P-200:SCSCF,PCSCF,P-200:GTW,SCSCF,I-200:SCSCF,MTAS,I-200:SCSCF,PCSCF,I-200:PCSCF,SCSCF,A:SCSCF,MTAS,A:MTAS,SCSCF,A:SCSCF,GTW,A:PCSCF,SCSCF,B:SCSCF,MTAS,B:MTAS,SCSCF,B:SCSCF,GTW,B:GTW,SCSCF,B-200:SCSCF,MTAS,B-200:MTAS,SCSCF,B-200:SCSCF,PCSCF,B-200"
286,286,0,0,53,-0.6826635520312176,-0.6577884773507302,323,0,"GTW,ICSCF,I:ICSCF,GTW,T:SCSCF,ASLI,I:ASLI,SCSCF,T:ASLI,SCSCF,I-500:SCSCF,ASLI,A:SCSCF,MTAS,I:MTAS,SCSCF,T:MTAS,SCSCF,I:SCSCF,MTAS,T:SCSCF,PCSCF,I:PCSCF,SCSCF,T:PCSCF,SCSCF,R:SCSCF,MTAS,R:MTAS,SCSCF,R:ICSCF,GTW,R:GTW,SCSCF,P:SCSCF,MTAS,P:MTAS,SCSCF,P:SCSCF,PCSCF,P:PCSCF,SCSCF,P-200:SCSCF,MTAS,P-200:MTAS,SCSCF,P-200:SCSCF,GTW,P-200:GTW,ICSCF,C:ICSCF,GTW,C-200:SCSCF,MTAS,C:MTAS,SCSCF,C-200:MTAS,SCSCF,C:SCSCF,MTAS,C-200:SCSCF,PCSCF,C:PCSCF,SCSCF,C-200:PCSCF,SCSCF,I-487:SCSCF,PCSCF,A:SCSCF,MTAS,I-487:MTAS,SCSCF,A:MTAS,SCSCF,I-487:ICSCF,GTW,I-487:GTW,ICSCF,A:SCSCF,MTAS,A"
287,287,0,0,53,-0.36705100684479475,-0.3669834238881995,5,0,"GTW,ICSCF,I:ICSCF,GTW,T:SCSCF,ASLI,I:ASLI,SCSCF,T:ASLI,SCSCF,I-500:SCSCF,ASLI,A:SCSCF,MTAS,I:MTAS,SCSCF,T:MTAS,SCSCF,I:SCSCF,MTAS,T:SCSCF,PCSCF,I:PCSCF,SCSCF,T:PCSCF,SCSCF,R:MTAS,SCSCF,R:SCSCF,MTAS,R:ICSCF,GTW,R:GTW,SCSCF,P:SCSCF,MTAS,P:MTAS,SCSCF,P:SCSCF,PCSCF,P:PCSCF,SCSCF,P-200:SCSCF,MTAS,P-200:MTAS,SCSCF,P-200:SCSCF,GTW,P-200:PCSCF,SCSCF,I-200:MTAS,SCSCF,I-200:ICSCF,GTW,I-200:SCSCF,MTAS,I-200:GTW,SCSCF,A:SCSCF,MTAS,A:MTAS,SCSCF,A:SCSCF,PCSCF,A:GTW,SCSCF,B:SCSCF,MTAS,B:MTAS,SCSCF,B:SCSCF,PCSCF,B:PCSCF,SCSCF,B-200:SCSCF,MTAS,B-200:MTAS,SCSCF,B-200:SCSCF,GTW,B-200"
288,288,0,0,49,-1.2409221831858879,-1.1803209798270171,76,0,"PCSCF,SCSCF,I:SCSCF,PCSCF,T:SCSCF,PCSCF,I-407:PCSCF,SCSCF,A:PCSCF,SCSCF,I:SCSCF,ASLI,I:SCSCF,PCSCF,T:ASLI,SCSCF,T:ASLI,SCSCF,I-500:SCSCF,ASLI,A:MTAS,SCSCF,I:SCSCF,MTAS,T:SCSCF,GTW,I:GTW,SCSCF,T:GTW,SCSCF,S:SCSCF,MTAS,S:SCSCF,PCSCF,S:PCSCF,SCSCF,P:SCSCF,MTAS,P:MTAS,SCSCF,P:SCSCF,GTW,P:GTW,SCSCF,P-200:SCSCF,MTAS,P-200:MTAS,SCSCF,P-200:SCSCF,PCSCF,P-200:PCSCF,SCSCF,C:MTAS,SCSCF,C:SCSCF,MTAS,C-200:SCSCF,GTW,C:GTW,SCSCF,C-200:GTW,SCSCF,I-487:SCSCF,GTW,A:SCSCF,MTAS,I-487:MTAS,SCSCF,A:SCSCF,PCSCF,C-200:SCSCF,PCSCF,I-487:PCSCF,SCSCF,A"
289,289,0,0,71,-0.9908695775050924,-0.9468069370707074,323,0,"GTW,ICSCF,I:ICSCF,GTW,T:SCSCF,ASLI,I:ASLI,SCSCF,T:ASLI,SCSCF,I-500:SCSCF,ASLI,A:SCSCF,MTAS,I:MTAS,SCSCF,T:MTAS,SCSCF,W:ICSCF,GTW,W:MTAS,SCSCF,I:SCSCF,MTAS,T:SCSCF,GTW,I:GTW,SCSCF,T:GTW,SCSCF,S:SCSCF,MTAS,S:MTAS,SCSCF,S:ICSCF,GTW,S:GTW,SCSCF,P:SCSCF,MTAS,P:MTAS,SCSCF,P:SCSCF,GTW,P:GTW,SCSCF,P-200:SCSCF,MTAS,P-200:MTAS,SCSCF,P-200:SCSCF,GTW,P-200:GTW,SCSCF,R:SCSCF,MTAS,R:MTAS,SCSCF,R:ICSCF,GTW,R:GTW,SCSCF,P:SCSCF,MTAS,P:MTAS,SCSCF,P:SCSCF,GTW,P:GTW,SCSCF,P-200:SCSCF,MTAS,P-200:MTAS,SCSCF,P-200:SCSCF,GTW,P-200:GTW,ICSCF,C:ICSCF,GTW,C-200:SCSCF,MTAS,C:MTAS,SCSCF,C:MTAS,SCSCF,C-200:SCSCF,MTAS,C-200:SCSCF,GTW,C:GTW,SCSCF,C-200:GTW,SCSCF,I-487:SCSCF,GTW,A:SCSCF,MTAS,I-487:MTAS,SCSCF,I-487:MTAS,SCSCF,A:SCSCF,MTAS,A:ICSCF,GTW,I-487:GTW,ICSCF,A"
290,290,0,0,27,-0.9557393365850059,-0.9540971838683521,15,0,"MTAS,ICSCF,I:ICSCF,MTAS,T:SCSCF,PCSCF,I:PCSCF,SCSCF,T:PCSCF,SCSCF,R:ICSCF,MTAS,R:PCSCF,SCSCF,I-200:ICSCF,MTAS,I-200:MTAS,SCSCF,A:SCSCF,PCSCF,A:MTAS,SCSCF,I:SCSCF,MTAS,T:SCSCF,PCSCF,I:PCSCF,SCSCF,I-200:SCSCF,MTAS,I-200:MTAS,SCSCF,A:SCSCF,PCSCF,A:MTAS,SCSCF,B:SCSCF,PCSCF,B:PCSCF,SCSCF,B-200:SCSCF,MTAS,B-200"
291,291,0,0,53,-0.6879643242450844,-0.6814532373674962,25,0,"GTW,ICSCF,I:ICSCF,GTW,T:SCSCF,ASLI,I:ASLI,SCSCF,T:ASLI,SCSCF,I-500:SCSCF,ASLI,A:SCSCF,MTAS,I:MTAS,SCSCF,T:MTAS,SCSCF,I:SCSCF,PCSCF,I:SCSCF,MTAS,T:PCSCF,SCSCF,T:PCSCF,SCSCF,R:SCSCF,MTAS,R:MTAS,SCSCF,R:ICSCF,GTW,R:GTW,SCSCF,P:SCSCF,MTAS,P:MTAS,SCSCF,P:SCSCF,PCSCF,P:PCSCF,SCSCF,P-200:SCSCF,MTAS,P-200:MTAS,SCSCF,P-200:SCSCF,GTW,P-200:PCSCF,SCSCF,I-200:SCSCF,MTAS,I-200:MTAS,SCSCF,I-200:ICSCF,GTW,I-200:GTW,SCSCF,A:SCSCF,MTAS,A:MTAS,SCSCF,A:SCSCF,PCSCF,A:PCSCF,SCSCF,B:SCSCF,MTAS,B:MTAS,SCSCF,B:SCSCF,GTW,B:GTW,SCSCF,B-200:SCSCF,MTAS,B-200:MTAS,SCSCF,B-200:SCSCF,PCSCF,B-200"
292,292,0,0,56,-1.0830928888418978,-1.0468783566341986,1,0,"PCSCF,SCSCF,I:SCSCF,PCSCF,T:SCSCF,ASLI,I:ASLI,SCSCF,T:ASLI,SCSCF,I-500:SCSCF,ASLI,A:MTAS,SCSCF,I:SCSCF,MTAS,T:SCSCF,GTW,I:GTW,SCSCF,T:GTW,SCSCF,R:SCSCF,MTAS,R:SCSCF,PCSCF,R:PCSCF,SCSCF,P:MTAS,SCSCF,P:SCSCF,GTW,P:GTW,SCSCF,R:GTW,SCSCF,P-200:SCSCF,MTAS,R:SCSCF,MTAS,P-200:SCSCF,PCSCF,P-200:GTW,SCSCF,I-200:SCSCF,MTAS,I-200:SCSCF,PCSCF,I-200:PCSCF,SCSCF,A:SCSCF,MTAS,A:MTAS,SCSCF,A:SCSCF,GTW,A:MTAS,SCSCF,U:SCSCF,GTW,U:GTW,SCSCF,U-200:SCSCF,MTAS,U-200:MTAS,SCSCF,U:SCSCF,PCSCF,U:PCSCF,SCSCF,U-200:SCSCF,MTAS,U-200:PCSCF,SCSCF,B:MTAS,SCSCF,B:SCSCF,GTW,B:GTW,SCSCF,B-200:SCSCF,MTAS,B-200:SCSCF,PCSCF,B-200"
293,293,0,0,44,-1.0684655448015399,-1.061598097148215,76,0,"PCSCF,SCSCF,I:SCSCF,ASLI,I:SCSCF,PCSCF,T:ASLI,SCSCF,T:ASLI,SCSCF,I-500:SCSCF,ASLI,A:MTAS,SCSCF,I:SCSCF,MTAS,T:SCSCF,GTW,I:GTW,SCSCF,T:GTW,SCSCF,R:SCSCF,MTAS,R:SCSCF,PCSCF,R:PCSCF,SCSCF,P:SCSCF,MTAS,P:MTAS,SCSCF,P:SCSCF,GTW,P:GTW,SCSCF,P-200:SCSCF,MTAS,P-200:MTAS,SCSCF,P-200:SCSCF,PCSCF,P-200:PCSCF,SCSCF,C:MTAS,SCSCF,C:SCSCF,MTAS,C-200:SCSCF,GTW,C:GTW,SCSCF,C-200:GTW,SCSCF,I-487:SCSCF,GTW,A:SCSCF,PCSCF,C-200:SCSCF,MTAS,I-487:MTAS,SCSCF,A:SCSCF,PCSCF,I-487:PCSCF,SCSCF,A"
294,294,0,0,100,-0.7113547047708485,-0.6813796361931215,59,0,"PCSCF,SCSCF,I:SCSCF,PCSCF,T:SCSCF,PCSCF,I-407:PCSCF,SCSCF,A:PCSCF,SCSCF,I:SCSCF,PCSCF,T:SCSCF,ASLI,I:ASLI,SCSCF,T:ASLI,SCSCF,I-500:SCSCF,ASLI,A:MTAS,SCSCF,I:SCSCF,MTAS,T:SCSCF,ASLI,I:ASLI,SCSCF,T:ASLI,SCSCF,I-500:SCSCF,ASLI,A:SCSCF,MTAS,I:MTAS,SCSCF,T:MTAS,SCSCF,I:SCSCF,MTAS,T:SCSCF,PCSCF,I:PCSCF,SCSCF,T:PCSCF,SCSCF,R:SCSCF,MTAS,R:MTAS,SCSCF,R:SCSCF,MTAS,R:SCSCF,PCSCF,R:PCSCF,SCSCF,P:MTAS,SCSCF,P:SCSCF,MTAS,P:MTAS,SCSCF,P:SCSCF,PCSCF,P:PCSCF,SCSCF,P-200:SCSCF,MTAS,P-200:MTAS,SCSCF,P-200:SCSCF,MTAS,P-200:SCSCF,PCSCF,P-200:PCSCF,SCSCF,I-200:SCSCF,MTAS,I-200:MTAS,SCSCF,I-200:SCSCF,MTAS,I-200:SCSCF,PCSCF,I-200:PCSCF,SCSCF,A:MTAS,SCSCF,A:SCSCF,MTAS,A:MTAS,SCSCF,A:SCSCF,PCSCF,A:MTAS,SCSCF,U:SCSCF,PCSCF,U:PCSCF,SCSCF,U-200:SCSCF,PCSCF,U:SCSCF,MTAS,U-200:MTAS,SCSCF,U:PCSCF,SCSCF,U-200:SCSCF,MTAS,U-200:MTAS,SCSCF,U:SCSCF,PCSCF,U:SCSCF,MTAS,U-200:PCSCF,SCSCF,U-200:SCSCF,PCSCF,U:SCSCF,MTAS,U-200:PCSCF,SCSCF,U-200:SCSCF,MTAS,U-200:PCSCF,SCSCF,B:MTAS,SCSCF,B:SCSCF,MTAS,B:MTAS,SCSCF,B:SCSCF,PCSCF,B:PCSCF,SCSCF,B-200:SCSCF,MTAS,B-200:MTAS,SCSCF,B-200:SCSCF,MTAS,B-200:SCSCF,PCSCF,B-200"
295,295,0,0,53,-0.981008648973648,-0.9410736872583494,248,0,"PCSCF,SCSCF,I:SCSCF,PCSCF,T:SCSCF,ASLI,I:ASLI,SCSCF,T:ASLI,SCSCF,I-500:SCSCF,ASLI,A:MTAS,SCSCF,I:SCSCF,MTAS,T:SCSCF,GTW,I:GTW,SCSCF,T:GTW,SCSCF,S:SCSCF,MTAS,S:SCSCF,PCSCF,S:PCSCF,SCSCF,P:MTAS,SCSCF,P:SCSCF,GTW,P:GTW,SCSCF,P-200:SCSCF,MTAS,P-200:SCSCF,PCSCF,P-200:GTW,SCSCF,R:SCSCF,MTAS,R:SCSCF,PCSCF,R:PCSCF,SCSCF,P:MTAS,SCSCF,P:SCSCF,GTW,P:GTW,SCSCF,P-200:SCSCF,MTAS,P-200:SCSCF,PCSCF,P-200:PCSCF,SCSCF,C:MTAS,SCSCF,C:SCSCF,MTAS,C-200:SCSCF,GTW,C:GTW,SCSCF,C-200:GTW,SCSCF,I-487:SCSCF,GTW,A:SCSCF,MTAS,I-487:MTAS,SCSCF,A:SCSCF,PCSCF,C-200:SCSCF,PCSCF,I-487:PCSCF,SCSCF,A"
296,296,0,0,78,-1.0397995602857837,-1.0237441385717685,60,0,"PCSCF,SCSCF,I:SCSCF,ASLI,I:SCSCF,PCSCF,T:ASLI,SCSCF,T:ASLI,SCSCF,I-500:SCSCF,ASLI,A:MTAS,SCSCF,I:SCSCF,MTAS,T:SCSCF,GTW,I:GTW,SCSCF,T:GTW,SCSCF,S:SCSCF,MTAS,S:SCSCF,PCSCF,S:PCSCF,SCSCF,P:SCSCF,MTAS,P:MTAS,SCSCF,P:SCSCF,GTW,P:GTW,SCSCF,P-200:GTW,SCSCF,S:SCSCF,MTAS,S:SCSCF,MTAS,P-200:MTAS,SCSCF,P-200:SCSCF,PCSCF,P-200:SCSCF,PCSCF,S:PCSCF,SCSCF,P:SCSCF,MTAS,P:MTAS,SCSCF,P:SCSCF,GTW,P:GTW,SCSCF,P-200:SCSCF,MTAS,P-200:MTAS,SCSCF,P-200:GTW,SCSCF,R:SCSCF,MTAS,R:SCSCF,PCSCF,P-200:SCSCF,PCSCF,R:PCSCF,SCSCF,P:SCSCF,MTAS,P:MTAS,SCSCF,P:SCSCF,GTW,P:GTW,SCSCF,P-200:SCSCF,MTAS,P-200:MTAS,SCSCF,P-200:SCSCF,PCSCF,P-200:GTW,SCSCF,I-200:SCSCF,MTAS,I-200:SCSCF,PCSCF,I-200:PCSCF,SCSCF,A:SCSCF,MTAS,A:MTAS,SCSCF,A:SCSCF,GTW,A:PCSCF,SCSCF,B:SCSCF,MTAS,B:MTAS,SCSCF,B:SCSCF,GTW,B:GTW,SCSCF,B-200:SCSCF,MTAS,B-200:MTAS,SCSCF,B-200:SCSCF,PCSCF,B-200"
297,297,0,0,57,-0.6389208345633263,-0.6231991301541062,60,0,"PCSCF,SCSCF,I:SCSCF,PCSCF,T:SCSCF,ASLI,I:ASLI,SCSCF,T:ASLI,SCSCF,I-500:SCSCF,ASLI,A:MTAS,SCSCF,I:SCSCF,MTAS,T:SCSCF,GTW,I:GTW,SCSCF,T:GTW,SCSCF,S:SCSCF,PCSCF,S:SCSCF,MTAS,S:PCSCF,SCSCF,P:MTAS,SCSCF,P:SCSCF,GTW,P:GTW,SCSCF,P-200:SCSCF,MTAS,P-200:SCSCF,PCSCF,P-200:GTW,SCSCF,R:SCSCF,MTAS,R:SCSCF,PCSCF,R:PCSCF,SCSCF,P:MTAS,SCSCF,P:SCSCF,GTW,P:GTW,SCSCF,P-200:SCSCF,MTAS,P-200:SCSCF,PCSCF,P-200:GTW,SCSCF,I-200:SCSCF,MTAS,I-200:SCSCF,PCSCF,I-200:PCSCF,SCSCF,A:SCSCF,MTAS,A:SCSCF,GTW,A:MTAS,SCSCF,A:PCSCF,SCSCF,B:SCSCF,MTAS,B:MTAS,SCSCF,B:SCSCF,GTW,B:GTW,SCSCF,B-200:SCSCF,MTAS,B-200:MTAS,SCSCF,B-200:SCSCF,PCSCF,B-200"
298,298,0,0,53,-0.6971514340181366,-0.6760863585683253,25,0,"GTW,ICSCF,I:ICSCF,GTW,T:SCSCF,ASLI,I:ASLI,SCSCF,T:ASLI,SCSCF,I-500:SCSCF,ASLI,A:SCSCF,MTAS,I:MTAS,SCSCF,I:SCSCF,MTAS,T:SCSCF,PCSCF,I:PCSCF,SCSCF,T:PCSCF,SCSCF,R:MTAS,SCSCF,T:SCSCF,MTAS,R:MTAS,SCSCF,R:ICSCF,GTW,R:GTW,SCSCF,P:SCSCF,MTAS,P:MTAS,SCSCF,P:SCSCF,PCSCF,P:PCSCF,SCSCF,P-200:SCSCF,MTAS,P-200:MTAS,SCSCF,P-200:SCSCF,GTW,P-200:PCSCF,SCSCF,I-200:SCSCF,MTAS,I-200:MTAS,SCSCF,I-200:ICSCF,GTW,I-200:GTW,SCSCF,A:SCSCF,MTAS,A:MTAS,SCSCF,A:SCSCF,PCSCF,A:PCSCF,SCSCF,B:SCSCF,MTAS,B:MTAS,SCSCF,B:SCSCF,GTW,B:GTW,SCSCF,B-200:SCSCF,MTAS,B-200:MTAS,SCSCF,B-200:SCSCF,PCSCF,B-200"
299,299,0,0,91,-0.7833194192157746,-0.7432984841278389,59,0,"PCSCF,SCSCF,I:SCSCF,PCSCF,T:SCSCF,ASLI,I:ASLI,SCSCF,T:ASLI,SCSCF,I-500:SCSCF,ASLI,A:MTAS,SCSCF,I:SCSCF,MTAS,T:SCSCF,GTW,I:GTW,SCSCF,T:GTW,SCSCF,S:SCSCF,MTAS,S:SCSCF,PCSCF,S:PCSCF,SCSCF,P:MTAS,SCSCF,P:SCSCF,GTW,P:GTW,SCSCF,P-200:SCSCF,MTAS,P-200:SCSCF,PCSCF,P-200:GTW,SCSCF,R:SCSCF,MTAS,R:SCSCF,PCSCF,R:PCSCF,SCSCF,P:MTAS,SCSCF,P:SCSCF,GTW,P:GTW,SCSCF,P-200:SCSCF,MTAS,P-200:SCSCF,PCSCF,P-200:GTW,SCSCF,I-200:SCSCF,MTAS,I-200:SCSCF,PCSCF,I-200:PCSCF,SCSCF,A:SCSCF,MTAS,A:MTAS,SCSCF,A:SCSCF,GTW,A:MTAS,SCSCF,U:SCSCF,GTW,U:SCSCF,PCSCF,U:GTW,SCSCF,U-200:SCSCF,MTAS,U-200:PCSCF,SCSCF,U-200:SCSCF,MTAS,U-200:MTAS,SCSCF,U:SCSCF,GTW,U:SCSCF,PCSCF,U:GTW,SCSCF,U-200:SCSCF,MTAS,U-200:PCSCF,SCSCF,U-200:SCSCF,MTAS,U-200:MTAS,SCSCF,U:SCSCF,GTW,U:GTW,SCSCF,U-200:SCSCF,MTAS,U-200:MTAS,SCSCF,U:SCSCF,PCSCF,U:PCSCF,SCSCF,U-200:SCSCF,MTAS,U-200:PCSCF,SCSCF,B:SCSCF,MTAS,B:MTAS,SCSCF,B:SCSCF,GTW,B:GTW,SCSCF,B-200:SCSCF,MTAS,B-200:MTAS,SCSCF,B-200:SCSCF,PCSCF,B-200"
300,300,0,0,90,-0.963043015114314,-0.929577868532658,113,0,"PCSCF,SCSCF,I:SCSCF,PCSCF,T:SCSCF,ASLI,I:ASLI,SCSCF,T:ASLI,SCSCF,I-500:SCSCF,ASLI,A:MTAS,SCSCF,I:SCSCF,MTAS,T:SCSCF,GTW,I:GTW,SCSCF,T:GTW,SCSCF,S:SCSCF,MTAS,S:SCSCF,PCSCF,S:PCSCF,SCSCF,P:SCSCF,MTAS,P:MTAS,SCSCF,P:SCSCF,GTW,P:GTW,SCSCF,P-200:GTW,SCSCF,S:SCSCF,MTAS,P-200:SCSCF,MTAS,S:MTAS,SCSCF,P-200:SCSCF,PCSCF,P-200:SCSCF,PCSCF,S:PCSCF,SCSCF,P:SCSCF,MTAS,P:MTAS,SCSCF,P:SCSCF,GTW,P:GTW,SCSCF,P-200:SCSCF,MTAS,P-200:MTAS,SCSCF,P-200:SCSCF,PCSCF,P-200:GTW,SCSCF,R:SCSCF,MTAS,R:SCSCF,PCSCF,R:PCSCF,SCSCF,P:SCSCF,MTAS,P:MTAS,SCSCF,P:SCSCF,GTW,P:GTW,SCSCF,P-200:SCSCF,MTAS,P-200:MTAS,SCSCF,P-200:SCSCF,PCSCF,P-200:GTW,SCSCF,I-200:SCSCF,MTAS,I-200:SCSCF,PCSCF,I-200:PCSCF,SCSCF,A:SCSCF,MTAS,A:MTAS,SCSCF,A:SCSCF,GTW,A:MTAS,SCSCF,U:SCSCF,GTW,U:GTW,SCSCF,U-200:SCSCF,MTAS,U-200:MTAS,SCSCF,U:SCSCF,PCSCF,U:PCSCF,SCSCF,U-200:SCSCF,MTAS,U-200:PCSCF,SCSCF,B:SCSCF,MTAS,B:MTAS,SCSCF,B:SCSCF,GTW,B:GTW,SCSCF,B-200:SCSCF,MTAS,B-200:MTAS,SCSCF,B-200:SCSCF,PCSCF,B-200"
301,301,0,0,53,-0.7192509901053847,-0.7189367779096573,49,0,"GTW,ICSCF,I:ICSCF,GTW,T:SCSCF,ASLI,I:ASLI,SCSCF,T:ASLI,SCSCF,I-500:SCSCF,MTAS,I:SCSCF,ASLI,A:MTAS,SCSCF,I:SCSCF,MTAS,T:SCSCF,PCSCF,I:PCSCF,SCSCF,T:MTAS,SCSCF,T:PCSCF,SCSCF,R:SCSCF,MTAS,R:MTAS,SCSCF,R:ICSCF,GTW,R:GTW,SCSCF,P:SCSCF,MTAS,P:MTAS,SCSCF,P:SCSCF,PCSCF,P:PCSCF,SCSCF,P-200:SCSCF,MTAS,P-200:MTAS,SCSCF,P-200:SCSCF,GTW,P-200:PCSCF,SCSCF,I-200:SCSCF,MTAS,I-200:MTAS,SCSCF,I-200:ICSCF,GTW,I-200:GTW,SCSCF,A:SCSCF,MTAS,A:MTAS,SCSCF,A:SCSCF,PCSCF,A:PCSCF,SCSCF,B:SCSCF,MTAS,B:MTAS,SCSCF,B:SCSCF,GTW,B:GTW,SCSCF,B-200:SCSCF,MTAS,B-200:MTAS,SCSCF,B-200:SCSCF,PCSCF,B-200"
302,302,0,0,106,-1.0098145397838139,-0.9605598362900882,28,0,"PCSCF,SCSCF,I:SCSCF,PCSCF,T:SCSCF,PCSCF,I-407:PCSCF,SCSCF,A:PCSCF,SCSCF,I:SCSCF,PCSCF,T:SCSCF,ASLI,I:ASLI,SCSCF,T:ASLI,SCSCF,I-500:SCSCF,ASLI,A:MTAS,SCSCF,I:SCSCF,MTAS,T:SCSCF,GTW,I:GTW,SCSCF,T:GTW,SCSCF,S:SCSCF,MTAS,S:SCSCF,PCSCF,S:PCSCF,SCSCF,P:MTAS,SCSCF,P:SCSCF,GTW,P:GTW,SCSCF,P-200:GTW,SCSCF,S:SCSCF,MTAS,P-200:SCSCF,MTAS,S:SCSCF,PCSCF,P-200:SCSCF,PCSCF,S:PCSCF,SCSCF,P:MTAS,SCSCF,P:SCSCF,GTW,P:GTW,SCSCF,P-200:SCSCF,MTAS,P-200:SCSCF,PCSCF,P-200:GTW,SCSCF,R:SCSCF,MTAS,R:SCSCF,PCSCF,R:PCSCF,SCSCF,P:MTAS,SCSCF,P:SCSCF,GTW,P:GTW,SCSCF,P-200:SCSCF,MTAS,P-200:SCSCF,PCSCF,P-200:GTW,SCSCF,S:SCSCF,MTAS,S:SCSCF,PCSCF,S:PCSCF,SCSCF,P:MTAS,SCSCF,P:SCSCF,GTW,P:GTW,SCSCF,P-200:SCSCF,MTAS,P-200:SCSCF,PCSCF,P-200:GTW,SCSCF,S:SCSCF,MTAS,S:SCSCF,PCSCF,S:PCSCF,SCSCF,P:MTAS,SCSCF,P:SCSCF,GTW,P:GTW,SCSCF,P-200:SCSCF,MTAS,P-200:SCSCF,PCSCF,P-200:GTW,SCSCF,S:SCSCF,MTAS,S:SCSCF,PCSCF,S:PCSCF,SCSCF,P:MTAS,SCSCF,P:SCSCF,GTW,P:GTW,SCSCF,P-200:SCSCF,MTAS,P-200:SCSCF,PCSCF,P-200:PCSCF,SCSCF,C:SCSCF,PCSCF,C-200:MTAS,SCSCF,C:SCSCF,MTAS,C-200:SCSCF,GTW,C:GTW,SCSCF,C-200:GTW,SCSCF,I-487:SCSCF,GTW,A:SCSCF,MTAS,I-487:MTAS,SCSCF,A:SCSCF,PCSCF,I-487:PCSCF,SCSCF,A"
303,303,0,0,65,-0.7456356802087424,-0.7360586141075213,60,0,"PCSCF,SCSCF,I:SCSCF,PCSCF,T:SCSCF,ASLI,I:ASLI,SCSCF,T:ASLI,SCSCF,I-500:SCSCF,ASLI,A:MTAS,SCSCF,I:SCSCF,MTAS,T:SCSCF,GTW,I:GTW,SCSCF,T:GTW,SCSCF,S:SCSCF,MTAS,S:SCSCF,PCSCF,S:PCSCF,SCSCF,P:SCSCF,MTAS,P:MTAS,SCSCF,P:SCSCF,GTW,P:GTW,SCSCF,S:SCSCF,MTAS,S:GTW,SCSCF,P-200:SCSCF,MTAS,P-200:MTAS,SCSCF,P-200:SCSCF,PCSCF,P-200:GTW,SCSCF,R:SCSCF,MTAS,R:SCSCF,PCSCF,R:PCSCF,SCSCF,P:SCSCF,MTAS,P:MTAS,SCSCF,P:SCSCF,GTW,P:GTW,SCSCF,P-200:SCSCF,MTAS,P-200:MTAS,SCSCF,P-200:SCSCF,PCSCF,P-200:GTW,SCSCF,I-200:SCSCF,MTAS,I-200:SCSCF,PCSCF,I-200:PCSCF,SCSCF,A:SCSCF,MTAS,A:MTAS,SCSCF,A:SCSCF,GTW,A:PCSCF,SCSCF,B:SCSCF,MTAS,B:MTAS,SCSCF,B:SCSCF,GTW,B:GTW,SCSCF,B-200:SCSCF,MTAS,B-200:MTAS,SCSCF,B-200:SCSCF,PCSCF,B-200"
304,304,0,0,58,-0.799072919812824,-0.7409682412274413,28,0,"PCSCF,SCSCF,I:SCSCF,PCSCF,T:SCSCF,PCSCF,I-407:PCSCF,SCSCF,A:PCSCF,SCSCF,I:SCSCF,PCSCF,T:SCSCF,ASLI,I:ASLI,SCSCF,T:ASLI,SCSCF,I-500:SCSCF,ASLI,A:MTAS,SCSCF,I:SCSCF,MTAS,T:SCSCF,GTW,I:GTW,SCSCF,T:GTW,SCSCF,S:SCSCF,MTAS,S:SCSCF,PCSCF,S:PCSCF,SCSCF,P:MTAS,SCSCF,P:SCSCF,GTW,P:GTW,SCSCF,P-200:SCSCF,MTAS,P-200:SCSCF,PCSCF,P-200:GTW,SCSCF,R:SCSCF,MTAS,R:SCSCF,PCSCF,R:PCSCF,SCSCF,P:MTAS,SCSCF,P:SCSCF,GTW,P:GTW,SCSCF,P-200:SCSCF,MTAS,P-200:SCSCF,PCSCF,P-200:PCSCF,SCSCF,C:SCSCF,PCSCF,C-200:MTAS,SCSCF,C:SCSCF,MTAS,C-200:SCSCF,GTW,C:GTW,SCSCF,C-200:GTW,SCSCF,I-487:SCSCF,GTW,A:SCSCF,MTAS,I-487:MTAS,SCSCF,A:SCSCF,PCSCF,I-487:PCSCF,SCSCF,A"
305,305,0,0,65,-0.6130423078040579,-0.6114345255372274,113,0,"GTW,ICSCF,I:ICSCF,GTW,T:SCSCF,ASLI,I:ASLI,SCSCF,T:ASLI,SCSCF,I-500:SCSCF,ASLI,A:SCSCF,MTAS,I:MTAS,SCSCF,T:MTAS,SCSCF,I:SCSCF,MTAS,T:SCSCF,PCSCF,I:PCSCF,SCSCF,T:PCSCF,SCSCF,R:SCSCF,MTAS,R:MTAS,SCSCF,R:ICSCF,GTW,R:GTW,SCSCF,P:SCSCF,MTAS,P:MTAS,SCSCF,P:SCSCF,PCSCF,P:PCSCF,SCSCF,P-200:SCSCF,MTAS,P-200:MTAS,SCSCF,P-200:SCSCF,GTW,P-200:PCSCF,SCSCF,I-200:SCSCF,MTAS,I-200:MTAS,SCSCF,I-200:ICSCF,GTW,I-200:GTW,SCSCF,A:SCSCF,MTAS,A:MTAS,SCSCF,A:SCSCF,PCSCF,A:MTAS,SCSCF,U:SCSCF,PCSCF,U:MTAS,SCSCF,U:PCSCF,SCSCF,U-200:SCSCF,GTW,U:SCSCF,MTAS,U-200:GTW,SCSCF,U-200:SCSCF,MTAS,U-200:GTW,SCSCF,B:SCSCF,MTAS,B:MTAS,SCSCF,B:SCSCF,PCSCF,B:PCSCF,SCSCF,B-200:SCSCF,MTAS,B-200:MTAS,SCSCF,B-200:SCSCF,GTW,B-200"
306,306,0,0,53,-0.36705100684479475,-0.3669834238881995,5,0,"GTW,ICSCF,I:ICSCF,GTW,T:SCSCF,ASLI,I:ASLI,SCSCF,T:ASLI,SCSCF,I-500:SCSCF,ASLI,A:SCSCF,MTAS,I:MTAS,SCSCF,T:MTAS,SCSCF,I:SCSCF,MTAS,T:SCSCF,PCSCF,I:PCSCF,SCSCF,T:PCSCF,SCSCF,R:SCSCF,MTAS,R:MTAS,SCSCF,R:ICSCF,GTW,R:SCSCF,MTAS,P:MTAS,SCSCF,P:SCSCF,PCSCF,P:GTW,SCSCF,P:PCSCF,SCSCF,P-200:SCSCF,MTAS,P-200:MTAS,SCSCF,P-200:SCSCF,GTW,P-200:PCSCF,SCSCF,I-200:SCSCF,MTAS,I-200:MTAS,SCSCF,I-200:ICSCF,GTW,I-200:GTW,SCSCF,A:SCSCF,MTAS,A:MTAS,SCSCF,A:SCSCF,PCSCF,A:GTW,SCSCF,B:SCSCF,MTAS,B:MTAS,SCSCF,B:SCSCF,PCSCF,B:PCSCF,SCSCF,B-200:SCSCF,MTAS,B-200:MTAS,SCSCF,B-200:SCSCF,GTW,B-200"
307,307,0,0,114,-0.9547473676827775,-0.9304978726673344,100,0,"PCSCF,SCSCF,I:SCSCF,PCSCF,T:SCSCF,ASLI,I:ASLI,SCSCF,T:ASLI,SCSCF,I-500:SCSCF,ASLI,A:MTAS,SCSCF,I:SCSCF,MTAS,T:SCSCF,GTW,I:GTW,SCSCF,T:GTW,SCSCF,S:SCSCF,MTAS,S:SCSCF,PCSCF,S:PCSCF,SCSCF,P:MTAS,SCSCF,P:SCSCF,GTW,P:GTW,SCSCF,P-200:SCSCF,MTAS,P-200:GTW,SCSCF,R:SCSCF,MTAS,R:SCSCF,PCSCF,P-200:SCSCF,PCSCF,R:PCSCF,SCSCF,P:MTAS,SCSCF,P:SCSCF,GTW,P:GTW,SCSCF,P-200:SCSCF,MTAS,P-200:SCSCF,PCSCF,P-200:GTW,SCSCF,I-200:SCSCF,MTAS,I-200:SCSCF,PCSCF,I-200:PCSCF,SCSCF,A:SCSCF,MTAS,A:MTAS,SCSCF,A:SCSCF,GTW,A:MTAS,SCSCF,U:SCSCF,GTW,U:SCSCF,PCSCF,U:GTW,SCSCF,U-200:SCSCF,MTAS,U-200:PCSCF,SCSCF,U-200:SCSCF,MTAS,U-200:MTAS,SCSCF,U:SCSCF,GTW,U:GTW,SCSCF,U-200:SCSCF,MTAS,U-200:MTAS,SCSCF,U:SCSCF,PCSCF,U:PCSCF,SCSCF,U-200:SCSCF,MTAS,U-200:MTAS,SCSCF,U:SCSCF,GTW,U:GTW,SCSCF,U-200:SCSCF,MTAS,U-200:MTAS,SCSCF,U:SCSCF,PCSCF,U:PCSCF,SCSCF,U-200:SCSCF,MTAS,U-200:MTAS,SCSCF,U:SCSCF,GTW,U:SCSCF,PCSCF,U:GTW,SCSCF,U-200:SCSCF,MTAS,U-200:PCSCF,SCSCF,U-200:SCSCF,MTAS,U-200:GTW,SCSCF,I:SCSCF,GTW,T:MTAS,SCSCF,I:SCSCF,MTAS,T:SCSCF,PCSCF,I:PCSCF,SCSCF,I-200:SCSCF,MTAS,I-200:SCSCF,GTW,I-200:GTW,SCSCF,A:MTAS,SCSCF,A:SCSCF,PCSCF,A:PCSCF,SCSCF,B:MTAS,SCSCF,B:SCSCF,GTW,B:GTW,SCSCF,B-200:SCSCF,MTAS,B-200:SCSCF,PCSCF,B-200"
308,308,0,0,123,-0.6508478050650439,-0.6356203194355584,59,0,"GTW,ICSCF,I:ICSCF,GTW,T:SCSCF,ASLI,I:ASLI,SCSCF,T:ASLI,SCSCF,I-500:SCSCF,ASLI,A:SCSCF,MTAS,I:MTAS,SCSCF,T:MTAS,SCSCF,I:SCSCF,MTAS,T:SCSCF,PCSCF,I:PCSCF,SCSCF,T:PCSCF,SCSCF,R:SCSCF,MTAS,R:MTAS,SCSCF,R:ICSCF,GTW,R:GTW,SCSCF,P:SCSCF,MTAS,P:MTAS,SCSCF,P:SCSCF,PCSCF,P:PCSCF,SCSCF,P-200:SCSCF,MTAS,P-200:MTAS,SCSCF,P-200:SCSCF,GTW,P-200:PCSCF,SCSCF,I-200:SCSCF,MTAS,I-200:MTAS,SCSCF,I-200:ICSCF,GTW,I-200:GTW,SCSCF,A:SCSCF,MTAS,A:MTAS,SCSCF,A:SCSCF,PCSCF,A:MTAS,SCSCF,U:SCSCF,PCSCF,U:PCSCF,SCSCF,U-200:SCSCF,MTAS,U-200:MTAS,SCSCF,U:SCSCF,GTW,U:GTW,SCSCF,U-200:SCSCF,MTAS,U-200:MTAS,SCSCF,U:SCSCF,PCSCF,U:PCSCF,SCSCF,U-200:SCSCF,MTAS,U-200:MTAS,SCSCF,U:SCSCF,GTW,U:GTW,SCSCF,U-200:SCSCF,MTAS,U-200:MTAS,SCSCF,U:SCSCF,PCSCF,U:PCSCF,SCSCF,U-200:SCSCF,MTAS,U-200:MTAS,SCSCF,U:SCSCF,GTW,U:GTW,SCSCF,U-200:SCSCF,MTAS,U-200:MTAS,SCSCF,U:SCSCF,PCSCF,U:PCSCF,SCSCF,U-200:SCSCF,MTAS,U-200:MTAS,SCSCF,U:SCSCF,GTW,U:GTW,SCSCF,U-200:SCSCF,MTAS,U-200:MTAS,SCSCF,U:SCSCF,PCSCF,U:SCSCF,GTW,U:GTW,SCSCF,U-200:SCSCF,MTAS,U-200:PCSCF,SCSCF,U-200:SCSCF,MTAS,U-200:GTW,SCSCF,U-200:MTAS,SCSCF,U:SCSCF,GTW,U:SCSCF,MTAS,U-200:SCSCF,PCSCF,U:PCSCF,SCSCF,U-200:SCSCF,MTAS,U-200:GTW,SCSCF,B:SCSCF,MTAS,B:MTAS,SCSCF,B:SCSCF,PCSCF,B:PCSCF,SCSCF,B-200:SCSCF,MTAS,B-200:MTAS,SCSCF,B-200:SCSCF,GTW,B-200"
309,309,0,0,90,-0.994362694298401,-0.9597938933980239,293,0,"PCSCF,SCSCF,I:SCSCF,PCSCF,T:SCSCF,ASLI,I:ASLI,SCSCF,T:ASLI,SCSCF,I-500:SCSCF,ASLI,A:MTAS,SCSCF,I:SCSCF,MTAS,T:SCSCF,GTW,I:GTW,SCSCF,T:GTW,SCSCF,S:SCSCF,MTAS,S:SCSCF,PCSCF,S:GTW,SCSCF,S:SCSCF,MTAS,S:PCSCF,SCSCF,P:SCSCF,MTAS,P:MTAS,SCSCF,P:SCSCF,GTW,P:GTW,SCSCF,P-200:GTW,SCSCF,R:SCSCF,MTAS,P-200:SCSCF,MTAS,R:MTAS,SCSCF,P-200:SCSCF,PCSCF,P-200:SCSCF,PCSCF,R:PCSCF,SCSCF,P:SCSCF,MTAS,P:MTAS,SCSCF,P:SCSCF,GTW,P:GTW,SCSCF,P-200:SCSCF,MTAS,P-200:MTAS,SCSCF,P-200:SCSCF,PCSCF,P-200:GTW,SCSCF,S:SCSCF,MTAS,S:SCSCF,PCSCF,S:PCSCF,SCSCF,P:SCSCF,MTAS,P:MTAS,SCSCF,P:SCSCF,GTW,P:GTW,SCSCF,P-200:SCSCF,MTAS,P-200:MTAS,SCSCF,P-200:SCSCF,PCSCF,P-200:GTW,SCSCF,U:MTAS,SCSCF,U:SCSCF,PCSCF,U:PCSCF,SCSCF,U-200:SCSCF,MTAS,U-200:SCSCF,GTW,U-200:GTW,SCSCF,I-200:SCSCF,MTAS,I-200:SCSCF,PCSCF,I-200:GTW,SCSCF,I-200:SCSCF,MTAS,I-200:PCSCF,SCSCF,A:SCSCF,MTAS,A:MTAS,SCSCF,A:SCSCF,GTW,A:PCSCF,SCSCF,B:MTAS,SCSCF,B:SCSCF,GTW,B:GTW,SCSCF,B-200:SCSCF,MTAS,B-200:SCSCF,PCSCF,B-200"
310,310,0,0,75,-0.7249027790325899,-0.7176971244213687,60,0,"PCSCF,SCSCF,I:SCSCF,PCSCF,T:SCSCF,ASLI,I:ASLI,SCSCF,T:ASLI,SCSCF,I-500:SCSCF,ASLI,A:MTAS,SCSCF,I:SCSCF,MTAS,T:SCSCF,GTW,I:GTW,SCSCF,T:GTW,SCSCF,S:SCSCF,MTAS,S:SCSCF,PCSCF,S:PCSCF,SCSCF,P:SCSCF,MTAS,P:MTAS,SCSCF,P:SCSCF,GTW,P:GTW,SCSCF,P-200:SCSCF,MTAS,P-200:MTAS,SCSCF,P-200:SCSCF,PCSCF,P-200:GTW,SCSCF,S:SCSCF,MTAS,S:SCSCF,PCSCF,S:PCSCF,SCSCF,P:SCSCF,MTAS,P:MTAS,SCSCF,P:SCSCF,GTW,P:GTW,SCSCF,P-200:SCSCF,MTAS,P-200:MTAS,SCSCF,P-200:SCSCF,PCSCF,P-200:GTW,SCSCF,S:SCSCF,MTAS,S:SCSCF,PCSCF,S:PCSCF,SCSCF,P:SCSCF,MTAS,P:MTAS,SCSCF,P:SCSCF,GTW,P:GTW,SCSCF,P-200:SCSCF,MTAS,P-200:MTAS,SCSCF,P-200:SCSCF,PCSCF,P-200:GTW,SCSCF,I-200:SCSCF,MTAS,I-200:SCSCF,PCSCF,I-200:PCSCF,SCSCF,A:SCSCF,MTAS,A:MTAS,SCSCF,A:SCSCF,GTW,A:GTW,SCSCF,B:MTAS,SCSCF,B:SCSCF,PCSCF,B:PCSCF,SCSCF,B-200:SCSCF,MTAS,B-200:SCSCF,GTW,B-200"
311,311,0,0,47,-0.830724294310312,-0.8305869396181506,24,0,"PCSCF,SCSCF,I:SCSCF,PCSCF,T:SCSCF,PCSCF,I-407:PCSCF,SCSCF,A:PCSCF,SCSCF,I:SCSCF,PCSCF,T:SCSCF,ASLI,I:ASLI,SCSCF,T:ASLI,SCSCF,I-500:MTAS,SCSCF,I:SCSCF,MTAS,T:SCSCF,ASLI,A:SCSCF,GTW,I:GTW,SCSCF,T:GTW,SCSCF,R:SCSCF,MTAS,R:SCSCF,PCSCF,R:PCSCF,SCSCF,P:MTAS,SCSCF,P:SCSCF,GTW,P:GTW,SCSCF,P-200:SCSCF,MTAS,P-200:SCSCF,PCSCF,P-200:GTW,SCSCF,I-200:SCSCF,MTAS,I-200:SCSCF,PCSCF,I-200:PCSCF,SCSCF,A:SCSCF,MTAS,A:MTAS,SCSCF,A:SCSCF,GTW,A:PCSCF,SCSCF,B:MTAS,SCSCF,B:SCSCF,GTW,B:GTW,SCSCF,B-200:SCSCF,MTAS,B-200:SCSCF,PCSCF,B-200"
312,312,0,0,54,-0.8018572779780015,-0.7855005167496101,53,0,"PCSCF,SCSCF,I:SCSCF,PCSCF,T:SCSCF,ASLI,I:ASLI,SCSCF,T:ASLI,SCSCF,I-500:SCSCF,ASLI,A:MTAS,SCSCF,I:SCSCF,MTAS,T:SCSCF,GTW,I:GTW,SCSCF,T:GTW,SCSCF,S:SCSCF,MTAS,S:SCSCF,PCSCF,S:PCSCF,SCSCF,P:MTAS,SCSCF,P:SCSCF,GTW,P:GTW,SCSCF,P-200:SCSCF,MTAS,P-200:SCSCF,PCSCF,P-200:GTW,SCSCF,R:SCSCF,MTAS,R:SCSCF,PCSCF,R:PCSCF,SCSCF,P:MTAS,SCSCF,P:SCSCF,GTW,P:GTW,SCSCF,P-200:SCSCF,MTAS,P-200:SCSCF,PCSCF,P-200:GTW,SCSCF,I-200:SCSCF,MTAS,I-200:SCSCF,PCSCF,I-200:PCSCF,SCSCF,A:SCSCF,MTAS,A:MTAS,SCSCF,A:SCSCF,GTW,A:GTW,SCSCF,B:PCSCF,SCSCF,B:MTAS,SCSCF,B:SCSCF,PCSCF,B-200:SCSCF,MTAS,B-481:SCSCF,GTW,B-200"
313,313,0,0,49,-0.9856375033909677,-0.9452408828042225,190,0,"PCSCF,SCSCF,I:SCSCF,PCSCF,T:SCSCF,PCSCF,I-407:PCSCF,SCSCF,A:PCSCF,SCSCF,I:SCSCF,PCSCF,T:SCSCF,ASLI,I:ASLI,SCSCF,T:ASLI,SCSCF,I-500:SCSCF,ASLI,A:MTAS,SCSCF,I:SCSCF,MTAS,T:SCSCF,GTW,I:GTW,SCSCF,T:GTW,SCSCF,R:SCSCF,MTAS,R:SCSCF,PCSCF,R:PCSCF,SCSCF,P:MTAS,SCSCF,P:SCSCF,GTW,P:GTW,SCSCF,P-200:SCSCF,MTAS,P-200:SCSCF,PCSCF,P-200:GTW,SCSCF,S:SCSCF,MTAS,S:SCSCF,PCSCF,S:PCSCF,SCSCF,P:MTAS,SCSCF,P:SCSCF,GTW,P:GTW,SCSCF,P-200:SCSCF,MTAS,P-200:SCSCF,PCSCF,P-200:GTW,SCSCF,I-480:SCSCF,GTW,A:SCSCF,MTAS,I-480:MTAS,SCSCF,A:SCSCF,PCSCF,I-480:PCSCF,SCSCF,A"
314,314,0,0,25,-1.2494630860167986,-1.2440485888545059,112,0,"PCSCF,SCSCF,I:SCSCF,PCSCF,T:SCSCF,PCSCF,I-407:PCSCF,SCSCF,A:PCSCF,SCSCF,I:SCSCF,ASLI,I:ASLI,SCSCF,T:ASLI,SCSCF,I-500:SCSCF,ASLI,A:MTAS,SCSCF,I:SCSCF,MTAS,T:SCSCF,GTW,I:GTW,SCSCF,T:SCSCF,PCSCF,T:GTW,SCSCF,I-484:SCSCF,GTW,A:SCSCF,MTAS,I-484:MTAS,SCSCF,A:SCSCF,PCSCF,I-484:PCSCF,SCSCF,A"
315,315,0,0,77,-0.9234447297287629,-0.8823780379255188,100,0,"PCSCF,SCSCF,I:SCSCF,PCSCF,T:SCSCF,ASLI,I:ASLI,SCSCF,T:ASLI,SCSCF,I-500:SCSCF,ASLI,A:MTAS,SCSCF,I:SCSCF,MTAS,T:SCSCF,GTW,I:GTW,SCSCF,T:GTW,SCSCF,S:SCSCF,MTAS,S:SCSCF,PCSCF,S:PCSCF,SCSCF,P:SCSCF,MTAS,P:MTAS,SCSCF,P:SCSCF,GTW,P:GTW,SCSCF,P-200:GTW,SCSCF,R:SCSCF,MTAS,P-200:SCSCF,MTAS,R:MTAS,SCSCF,P-200:SCSCF,PCSCF,P-200:SCSCF,PCSCF,R:PCSCF,SCSCF,P:SCSCF,MTAS,P:MTAS,SCSCF,P:SCSCF,GTW,P:GTW,SCSCF,P-200:SCSCF,MTAS,P-200:MTAS,SCSCF,P-200:SCSCF,PCSCF,P-200:GTW,SCSCF,I-200:SCSCF,MTAS,I-200:SCSCF,PCSCF,I-200:PCSCF,SCSCF,A:SCSCF,MTAS,A:MTAS,SCSCF,A:SCSCF,GTW,A:GTW,SCSCF,I:SCSCF,GTW,T:MTAS,SCSCF,I:SCSCF,MTAS,T:SCSCF,PCSCF,I:PCSCF,SCSCF,I-200:SCSCF,MTAS,I-200:SCSCF,GTW,I-200:GTW,SCSCF,A:MTAS,SCSCF,A:SCSCF,PCSCF,A:PCSCF,SCSCF,B:SCSCF,MTAS,B:MTAS,SCSCF,B:SCSCF,GTW,B:GTW,SCSCF,B-200:SCSCF,MTAS,B-200:MTAS,SCSCF,B-200:SCSCF,PCSCF,B-200"
316,316,0,0,41,-1.0437711049498724,-1.0221654872914718,248,0,"PCSCF,SCSCF,I:SCSCF,PCSCF,T:SCSCF,ASLI,I:ASLI,SCSCF,T:ASLI,SCSCF,I-500:SCSCF,ASLI,A:MTAS,SCSCF,I:SCSCF,MTAS,T:SCSCF,GTW,I:GTW,SCSCF,T:GTW,SCSCF,S:SCSCF,MTAS,S:SCSCF,PCSCF,S:PCSCF,SCSCF,P:MTAS,SCSCF,P:SCSCF,GTW,P:GTW,SCSCF,P-200:SCSCF,MTAS,P-200:SCSCF,PCSCF,P-200:PCSCF,SCSCF,C:MTAS,SCSCF,C:SCSCF,MTAS,C-200:SCSCF,GTW,C:GTW,SCSCF,C-200:GTW,SCSCF,I-487:SCSCF,GTW,A:SCSCF,MTAS,I-487:MTAS,SCSCF,A:SCSCF,PCSCF,C-200:SCSCF,PCSCF,I-487:PCSCF,SCSCF,A"
317,317,0,0,90,-1.082835486872375,-1.068196258165391,5,0,"PCSCF,SCSCF,I:SCSCF,ASLI,I:ASLI,SCSCF,T:SCSCF,PCSCF,T:ASLI,SCSCF,I-500:SCSCF,ASLI,A:MTAS,SCSCF,I:SCSCF,MTAS,T:SCSCF,GTW,I:GTW,SCSCF,T:GTW,SCSCF,S:SCSCF,MTAS,S:SCSCF,PCSCF,S:PCSCF,SCSCF,P:SCSCF,MTAS,P:MTAS,SCSCF,P:SCSCF,GTW,P:GTW,SCSCF,P-200:GTW,SCSCF,S:SCSCF,MTAS,S:SCSCF,MTAS,P-200:MTAS,SCSCF,P-200:SCSCF,PCSCF,P-200:SCSCF,PCSCF,S:PCSCF,SCSCF,P:SCSCF,MTAS,P:MTAS,SCSCF,P:SCSCF,GTW,P:GTW,SCSCF,P-200:GTW,SCSCF,S:SCSCF,MTAS,S:SCSCF,MTAS,P-200:MTAS,SCSCF,P-200:SCSCF,PCSCF,P-200:SCSCF,PCSCF,S:PCSCF,SCSCF,P:SCSCF,MTAS,P:MTAS,SCSCF,P:SCSCF,GTW,P:GTW,SCSCF,R:SCSCF,MTAS,R:GTW,SCSCF,P-200:SCSCF,MTAS,P-200:MTAS,SCSCF,P-200:SCSCF,PCSCF,P-200:SCSCF,PCSCF,R:PCSCF,SCSCF,P:SCSCF,MTAS,P:MTAS,SCSCF,P:SCSCF,GTW,P:GTW,SCSCF,P-200:SCSCF,MTAS,P-200:MTAS,SCSCF,P-200:SCSCF,PCSCF,P-200:GTW,SCSCF,I-200:SCSCF,MTAS,I-200:SCSCF,PCSCF,I-200:PCSCF,SCSCF,A:SCSCF,MTAS,A:MTAS,SCSCF,A:SCSCF,GTW,A:GTW,SCSCF,B:MTAS,SCSCF,B:SCSCF,PCSCF,B:PCSCF,SCSCF,B-200:SCSCF,MTAS,B-200:SCSCF,GTW,B-200"
318,318,0,0,70,-0.5965046885130293,-0.5931758727637005,5,0,"PCSCF,SCSCF,I:SCSCF,ASLI,I:ASLI,SCSCF,T:ASLI,SCSCF,I-500:SCSCF,ASLI,A:MTAS,SCSCF,I:SCSCF,MTAS,T:SCSCF,PCSCF,T:SCSCF,ASLI,I:ASLI,SCSCF,T:ASLI,SCSCF,I-500:SCSCF,ASLI,A:SCSCF,MTAS,I:MTAS,SCSCF,T:MTAS,SCSCF,I:SCSCF,MTAS,T:SCSCF,PCSCF,I:PCSCF,SCSCF,T:PCSCF,SCSCF,R:SCSCF,MTAS,R:MTAS,SCSCF,R:SCSCF,MTAS,R:SCSCF,PCSCF,R:PCSCF,SCSCF,P:MTAS,SCSCF,P:SCSCF,MTAS,P:MTAS,SCSCF,P:SCSCF,PCSCF,P:PCSCF,SCSCF,P-200:SCSCF,MTAS,P-200:MTAS,SCSCF,P-200:SCSCF,MTAS,P-200:SCSCF,PCSCF,P-200:PCSCF,SCSCF,I-200:SCSCF,MTAS,I-200:MTAS,SCSCF,I-200:SCSCF,MTAS,I-200:SCSCF,PCSCF,I-200:PCSCF,SCSCF,A:MTAS,SCSCF,A:SCSCF,MTAS,A:MTAS,SCSCF,A:SCSCF,PCSCF,A:PCSCF,SCSCF,B:MTAS,SCSCF,B:SCSCF,MTAS,B:MTAS,SCSCF,B:SCSCF,PCSCF,B:PCSCF,SCSCF,B-200:SCSCF,MTAS,B-200:MTAS,SCSCF,B-200:SCSCF,MTAS,B-200:SCSCF,PCSCF,B-200"
319,319,0,0,62,-0.6432549508394823,-0.6266802005294588,100,0,"PCSCF,SCSCF,I:SCSCF,PCSCF,T:SCSCF,ASLI,I:ASLI,SCSCF,T:ASLI,SCSCF,I-500:SCSCF,ASLI,A:MTAS,SCSCF,I:SCSCF,MTAS,T:SCSCF,GTW,I:GTW,SCSCF,T:GTW,SCSCF,R:SCSCF,MTAS,R:SCSCF,PCSCF,R:GTW,SCSCF,R:SCSCF,MTAS,R:PCSCF,SCSCF,P:MTAS,SCSCF,P:SCSCF,GTW,P:GTW,SCSCF,P-200:SCSCF,MTAS,P-200:SCSCF,PCSCF,P-200:GTW,SCSCF,I-200:SCSCF,MTAS,I-200:SCSCF,PCSCF,I-200:GTW,SCSCF,I-200:SCSCF,MTAS,I-200:PCSCF,SCSCF,A:SCSCF,MTAS,A:MTAS,SCSCF,A:SCSCF,GTW,A:GTW,SCSCF,I:SCSCF,GTW,T:MTAS,SCSCF,I:SCSCF,MTAS,T:SCSCF,PCSCF,I:PCSCF,SCSCF,I-200:SCSCF,MTAS,I-200:SCSCF,GTW,I-200:GTW,SCSCF,A:MTAS,SCSCF,A:SCSCF,PCSCF,A:GTW,SCSCF,B:MTAS,SCSCF,B:SCSCF,PCSCF,B:PCSCF,SCSCF,B-200:SCSCF,MTAS,B-200:SCSCF,GTW,B-200"
320,320,0,0,46,-1.183217957751723,-1.1377401614759537,76,0,"PCSCF,SCSCF,I:SCSCF,PCSCF,T:SCSCF,PCSCF,I-407:PCSCF,SCSCF,A:PCSCF,SCSCF,I:SCSCF,ASLI,I:SCSCF,PCSCF,T:ASLI,SCSCF,T:ASLI,SCSCF,I-500:SCSCF,ASLI,A:MTAS,SCSCF,I:SCSCF,MTAS,T:SCSCF,GTW,I:GTW,SCSCF,T:GTW,SCSCF,S:SCSCF,MTAS,S:SCSCF,PCSCF,S:PCSCF,SCSCF,P:MTAS,SCSCF,P:SCSCF,GTW,P:GTW,SCSCF,P-200:SCSCF,MTAS,P-200:SCSCF,PCSCF,P-200:PCSCF,SCSCF,C:MTAS,SCSCF,C:SCSCF,MTAS,C-200:SCSCF,GTW,C:SCSCF,PCSCF,C-200:GTW,SCSCF,C-200:GTW,SCSCF,I-487:SCSCF,GTW,A:SCSCF,MTAS,I-487:MTAS,SCSCF,A:SCSCF,PCSCF,I-487:PCSCF,SCSCF,A"
321,321,0,0,46,-0.8894733045362051,-0.8503094171794597,76,0,"PCSCF,SCSCF,I:SCSCF,PCSCF,T:SCSCF,PCSCF,I-407:PCSCF,SCSCF,A:PCSCF,SCSCF,I:SCSCF,PCSCF,T:SCSCF,ASLI,I:ASLI,SCSCF,T:ASLI,SCSCF,I-500:SCSCF,ASLI,A:MTAS,SCSCF,I:SCSCF,MTAS,T:SCSCF,GTW,I:GTW,SCSCF,T:GTW,SCSCF,R:SCSCF,MTAS,R:SCSCF,PCSCF,R:PCSCF,SCSCF,P:MTAS,SCSCF,P:SCSCF,GTW,P:GTW,SCSCF,P-200:SCSCF,MTAS,P-200:SCSCF,PCSCF,P-200:PCSCF,SCSCF,C:MTAS,SCSCF,C:SCSCF,MTAS,C-200:SCSCF,GTW,C:GTW,SCSCF,C-200:SCSCF,PCSCF,C-200:GTW,SCSCF,I-487:SCSCF,GTW,A:SCSCF,MTAS,I-487:MTAS,SCSCF,A:SCSCF,PCSCF,I-487:PCSCF,SCSCF,A"
322,322,0,0,25,-0.629048554859201,-0.6006921401806605,27,0,"GTW,ICSCF,I:ICSCF,GTW,T:SCSCF,ASLI,I:ASLI,SCSCF,T:ASLI,SCSCF,I-500:SCSCF,ASLI,A:SCSCF,BCCAS,I:BCCAS,SCSCF,T:BCCAS,SCSCF,I:SCSCF,BCCAS,T:SCSCF,PCSCF,I:PCSCF,SCSCF,T:PCSCF,SCSCF,I-486:SCSCF,PCSCF,A:SCSCF,BCCAS,I-486:BCCAS,SCSCF,A:BCCAS,SCSCF,I-486:SCSCF,BCCAS,A:ICSCF,GTW,I-486:GTW,ICSCF,A"
323,323,0,0,65,-1.2478101185882366,-1.216250472215977,76,0,"PCSCF,SCSCF,I:SCSCF,PCSCF,T:SCSCF,ASLI,I:ASLI,SCSCF,T:ASLI,SCSCF,I-500:SCSCF,ASLI,A:MTAS,SCSCF,I:SCSCF,MTAS,T:SCSCF,GTW,I:GTW,SCSCF,T:GTW,SCSCF,S:SCSCF,MTAS,S:SCSCF,PCSCF,S:PCSCF,SCSCF,P:MTAS,SCSCF,P:SCSCF,GTW,P:GTW,SCSCF,P-200:GTW,SCSCF,S:SCSCF,MTAS,S:SCSCF,MTAS,P-200:SCSCF,PCSCF,P-200:SCSCF,PCSCF,S:PCSCF,SCSCF,P:MTAS,SCSCF,P:SCSCF,GTW,P:GTW,SCSCF,P-200:SCSCF,MTAS,P-200:GTW,SCSCF,R:SCSCF,MTAS,R:SCSCF,PCSCF,P-200:SCSCF,PCSCF,R:PCSCF,SCSCF,P:MTAS,SCSCF,P:SCSCF,GTW,P:GTW,SCSCF,P-200:SCSCF,MTAS,P-200:SCSCF,PCSCF,P-200:PCSCF,SCSCF,C:MTAS,SCSCF,C:SCSCF,MTAS,C-200:SCSCF,GTW,C:GTW,SCSCF,C-200:GTW,SCSCF,I-487:SCSCF,GTW,A:SCSCF,MTAS,I-487:MTAS,SCSCF,A:SCSCF,PCSCF,C-200:SCSCF,PCSCF,I-487:PCSCF,SCSCF,A"
324,324,0,0,178,-0.7003142139492066,-0.6810818018122439,59,0,"PCSCF,SCSCF,I:SCSCF,PCSCF,T:SCSCF,ASLI,I:ASLI,SCSCF,T:ASLI,SCSCF,I-500:SCSCF,ASLI,A:MTAS,SCSCF,I:SCSCF,MTAS,T:SCSCF,GTW,I:GTW,SCSCF,T:GTW,SCSCF,S:SCSCF,MTAS,S:SCSCF,PCSCF,S:PCSCF,SCSCF,P:SCSCF,MTAS,P:MTAS,SCSCF,P:SCSCF,GTW,P:GTW,SCSCF,P-200:SCSCF,MTAS,P-200:MTAS,SCSCF,P-200:SCSCF,PCSCF,P-200:GTW,SCSCF,R:SCSCF,MTAS,R:SCSCF,PCSCF,R:PCSCF,SCSCF,P:SCSCF,MTAS,P:MTAS,SCSCF,P:SCSCF,GTW,P:GTW,SCSCF,P-200:SCSCF,MTAS,P-200:MTAS,SCSCF,P-200:SCSCF,PCSCF,P-200:GTW,SCSCF,I-200:SCSCF,MTAS,I-200:SCSCF,PCSCF,I-200:PCSCF,SCSCF,A:SCSCF,MTAS,A:MTAS,SCSCF,A:SCSCF,GTW,A:MTAS,SCSCF,U:SCSCF,GTW,U:SCSCF,PCSCF,U:GTW,SCSCF,U-200:SCSCF,MTAS,U-200:PCSCF,SCSCF,U-200:SCSCF,MTAS,U-200:MTAS,SCSCF,U:SCSCF,GTW,U:GTW,SCSCF,U-200:SCSCF,MTAS,U-200:MTAS,SCSCF,U:SCSCF,PCSCF,U:PCSCF,SCSCF,U-200:SCSCF,MTAS,U-200:MTAS,SCSCF,U:SCSCF,GTW,U:SCSCF,PCSCF,U:GTW,SCSCF,U-200:SCSCF,MTAS,U-200:PCSCF,SCSCF,U-200:SCSCF,MTAS,U-200:MTAS,SCSCF,U:SCSCF,GTW,U:GTW,SCSCF,U-200:SCSCF,MTAS,U-200:MTAS,SCSCF,U:SCSCF,PCSCF,U:PCSCF,SCSCF,U-200:SCSCF,MTAS,U-200:MTAS,SCSCF,U:SCSCF,GTW,U:GTW,SCSCF,U-200:SCSCF,MTAS,U-200:MTAS,SCSCF,U:SCSCF,PCSCF,U:PCSCF,SCSCF,U-200:SCSCF,MTAS,U-200:MTAS,SCSCF,U:SCSCF,GTW,U:GTW,SCSCF,U-200:SCSCF,MTAS,U-200:MTAS,SCSCF,U:SCSCF,PCSCF,U:PCSCF,SCSCF,U-200:SCSCF,MTAS,U-200:MTAS,SCSCF,U:SCSCF,GTW,U:GTW,SCSCF,U-200:SCSCF,MTAS,U-200:MTAS,SCSCF,U:SCSCF,PCSCF,U:PCSCF,SCSCF,U-200:SCSCF,MTAS,U-200:MTAS,SCSCF,U:SCSCF,GTW,U:GTW,SCSCF,U-200:SCSCF,MTAS,U-200:MTAS,SCSCF,U:SCSCF,PCSCF,U:PCSCF,SCSCF,U-200:SCSCF,MTAS,U-200:MTAS,SCSCF,U:SCSCF,GTW,U:GTW,SCSCF,U-200:SCSCF,MTAS,U-200:MTAS,SCSCF,U:SCSCF,PCSCF,U:PCSCF,SCSCF,U-200:SCSCF,MTAS,U-200:MTAS,SCSCF,U:SCSCF,GTW,U:GTW,SCSCF,U-200:SCSCF,MTAS,U-200:MTAS,SCSCF,U:SCSCF,PCSCF,U:PCSCF,SCSCF,U-200:SCSCF,MTAS,U-200:GTW,SCSCF,B:MTAS,SCSCF,B:SCSCF,PCSCF,B:PCSCF,SCSCF,B-200:SCSCF,MTAS,B-200:SCSCF,GTW,B-200"
325,325,0,0,77,-0.9345030597140538,-0.9068104179781882,59,0,"PCSCF,SCSCF,I:SCSCF,PCSCF,T:SCSCF,ASLI,I:ASLI,SCSCF,T:ASLI,SCSCF,I-500:SCSCF,ASLI,A:MTAS,SCSCF,I:SCSCF,MTAS,T:SCSCF,GTW,I:GTW,SCSCF,T:GTW,SCSCF,S:SCSCF,MTAS,S:SCSCF,PCSCF,S:PCSCF,SCSCF,P:MTAS,SCSCF,P:SCSCF,GTW,P:GTW,SCSCF,P-200:GTW,SCSCF,R:SCSCF,MTAS,R:SCSCF,MTAS,P-200:SCSCF,PCSCF,P-200:SCSCF,PCSCF,R:PCSCF,SCSCF,P:MTAS,SCSCF,P:SCSCF,GTW,P:GTW,SCSCF,P-200:SCSCF,MTAS,P-200:SCSCF,PCSCF,P-200:GTW,SCSCF,I-200:SCSCF,MTAS,I-200:SCSCF,PCSCF,I-200:PCSCF,SCSCF,A:SCSCF,MTAS,A:MTAS,SCSCF,A:SCSCF,GTW,A:MTAS,SCSCF,U:GTW,SCSCF,U-200:SCSCF,MTAS,U-200:MTAS,SCSCF,U:SCSCF,PCSCF,U:SCSCF,GTW,U:PCSCF,SCSCF,U-200:SCSCF,MTAS,U-200:MTAS,SCSCF,U:SCSCF,GTW,U:SCSCF,PCSCF,U:GTW,SCSCF,U-200:SCSCF,MTAS,U-200:PCSCF,SCSCF,U-200:SCSCF,MTAS,U-200:PCSCF,SCSCF,B:MTAS,SCSCF,B:SCSCF,GTW,B:GTW,SCSCF,B-200:SCSCF,MTAS,B-200:SCSCF,PCSCF,B-200"
326,326,0,1,25,-1.579820631249668,-1.578232161832042,112,0,"PCSCF,SCSCF,I:SCSCF,PCSCF,T:SCSCF,PCSCF,I-407:PCSCF,SCSCF,A:PCSCF,SCSCF,I:SCSCF,ASLI,I:SCSCF,PCSCF,T:ASLI,SCSCF,T:ASLI,SCSCF,I-500:MTAS,SCSCF,I:SCSCF,MTAS,T:SCSCF,ASLI,A:SCSCF,GTW,I:GTW,SCSCF,T:GTW,SCSCF,I-484:SCSCF,GTW,A:SCSCF,MTAS,I-484:MTAS,SCSCF,A:SCSCF,PCSCF,I-484:PCSCF,SCSCF,A"
327,327,0,0,73,-0.9016399598278552,-0.868484208933873,104,0,"PCSCF,SCSCF,I:SCSCF,PCSCF,T:SCSCF,PCSCF,I-407:PCSCF,SCSCF,A:PCSCF,SCSCF,I:SCSCF,PCSCF,T:SCSCF,BCCAS,I:BCCAS,SCSCF,T:BCCAS,SCSCF,I-500:SCSCF,BCCAS,A:SCSCF,ASLI,I:ASLI,SCSCF,T:ASLI,SCSCF,I-500:SCSCF,ASLI,A:SCSCF,BCCAS,I:BCCAS,SCSCF,T:BCCAS,SCSCF,I:SCSCF,BCCAS,T:SCSCF,GTW,I:GTW,SCSCF,T:GTW,SCSCF,R:SCSCF,BCCAS,R:BCCAS,SCSCF,R:SCSCF,PCSCF,R:PCSCF,SCSCF,P:SCSCF,BCCAS,P:BCCAS,SCSCF,P:SCSCF,GTW,P:GTW,SCSCF,P-200:SCSCF,BCCAS,P-200:BCCAS,SCSCF,P-200:SCSCF,PCSCF,P-200:GTW,SCSCF,I-200:SCSCF,BCCAS,I-200:BCCAS,SCSCF,I-200:SCSCF,PCSCF,I-200:PCSCF,SCSCF,A:SCSCF,BCCAS,A:BCCAS,SCSCF,A:SCSCF,GTW,A:PCSCF,SCSCF,I:SCSCF,BCCAS,I:BCCAS,SCSCF,T:BCCAS,SCSCF,I-200:SCSCF,PCSCF,T:SCSCF,PCSCF,I-200:PCSCF,SCSCF,A:SCSCF,BCCAS,A:GTW,SCSCF,B:SCSCF,BCCAS,B:BCCAS,SCSCF,B:SCSCF,PCSCF,B:PCSCF,SCSCF,B-200:SCSCF,BCCAS,B-200:BCCAS,SCSCF,B-200:SCSCF,GTW,B-200"
328,328,0,0,69,-0.8415606037465654,-0.82967218403536,60,0,"PCSCF,SCSCF,I:SCSCF,ASLI,I:ASLI,SCSCF,T:SCSCF,PCSCF,T:ASLI,SCSCF,I-500:SCSCF,ASLI,A:MTAS,SCSCF,I:SCSCF,MTAS,T:SCSCF,GTW,I:GTW,SCSCF,T:GTW,SCSCF,S:SCSCF,MTAS,S:SCSCF,PCSCF,S:PCSCF,SCSCF,P:MTAS,SCSCF,P:SCSCF,GTW,P:GTW,SCSCF,P-200:SCSCF,MTAS,P-200:SCSCF,PCSCF,P-200:GTW,SCSCF,S:SCSCF,MTAS,S:SCSCF,PCSCF,S:PCSCF,SCSCF,P:MTAS,SCSCF,P:SCSCF,GTW,P:GTW,SCSCF,P-200:SCSCF,MTAS,P-200:SCSCF,PCSCF,P-200:GTW,SCSCF,R:SCSCF,MTAS,R:SCSCF,PCSCF,R:PCSCF,SCSCF,P:MTAS,SCSCF,P:SCSCF,GTW,P:GTW,SCSCF,P-200:SCSCF,MTAS,P-200:SCSCF,PCSCF,P-200:GTW,SCSCF,I-200:SCSCF,MTAS,I-200:SCSCF,PCSCF,I-200:PCSCF,SCSCF,A:SCSCF,MTAS,A:MTAS,SCSCF,A:SCSCF,GTW,A:PCSCF,SCSCF,B:SCSCF,MTAS,B:MTAS,SCSCF,B:SCSCF,GTW,B:GTW,SCSCF,B-200:SCSCF,MTAS,B-200:MTAS,SCSCF,B-200:SCSCF,PCSCF,B-200"
329,329,0,0,55,-1.0885256585013618,-1.0321875943692551,76,0,"PCSCF,SCSCF,I:SCSCF,ASLI,I:ASLI,SCSCF,T:ASLI,SCSCF,I-500:SCSCF,ASLI,A:MTAS,SCSCF,I:SCSCF,MTAS,T:SCSCF,GTW,I:SCSCF,PCSCF,T:GTW,SCSCF,T:GTW,SCSCF,S:SCSCF,MTAS,S:SCSCF,PCSCF,S:GTW,SCSCF,S:SCSCF,MTAS,S:PCSCF,SCSCF,P:MTAS,SCSCF,P:SCSCF,GTW,P:GTW,SCSCF,P-200:SCSCF,MTAS,P-200:SCSCF,PCSCF,P-200:GTW,SCSCF,R:SCSCF,MTAS,R:SCSCF,PCSCF,R:PCSCF,SCSCF,P:MTAS,SCSCF,P:SCSCF,GTW,P:GTW,SCSCF,P-200:SCSCF,MTAS,P-200:SCSCF,PCSCF,P-200:PCSCF,SCSCF,C:MTAS,SCSCF,C:SCSCF,MTAS,C-200:SCSCF,GTW,C:SCSCF,PCSCF,C-200:GTW,SCSCF,C-200:GTW,SCSCF,I-487:SCSCF,GTW,A:SCSCF,MTAS,I-487:MTAS,SCSCF,A:SCSCF,PCSCF,I-487:PCSCF,SCSCF,A"
330,330,0,0,44,-0.8529943490974894,-0.8235606757019867,76,0,"PCSCF,SCSCF,I:SCSCF,PCSCF,T:SCSCF,ASLI,I:ASLI,SCSCF,T:ASLI,SCSCF,I-500:SCSCF,ASLI,A:MTAS,SCSCF,I:SCSCF,MTAS,T:SCSCF,GTW,I:GTW,SCSCF,T:GTW,SCSCF,R:SCSCF,MTAS,R:SCSCF,PCSCF,R:PCSCF,SCSCF,P:SCSCF,MTAS,P:MTAS,SCSCF,P:SCSCF,GTW,P:GTW,SCSCF,P-200:SCSCF,MTAS,P-200:MTAS,SCSCF,P-200:SCSCF,PCSCF,P-200:PCSCF,SCSCF,C:MTAS,SCSCF,C:SCSCF,MTAS,C-200:SCSCF,GTW,C:GTW,SCSCF,C-200:GTW,SCSCF,I-487:SCSCF,GTW,A:SCSCF,MTAS,I-487:MTAS,SCSCF,A:SCSCF,PCSCF,C-200:SCSCF,PCSCF,I-487:PCSCF,SCSCF,A"
331,331,0,0,25,-1.0740301023950736,-1.0446735564416272,27,0,"GTW,ICSCF,I:ICSCF,GTW,T:SCSCF,ASLI,I:ASLI,SCSCF,T:ASLI,SCSCF,I-500:SCSCF,ASLI,A:SCSCF,MTAS,I:MTAS,SCSCF,T:MTAS,SCSCF,I:SCSCF,MTAS,T:SCSCF,PCSCF,I:PCSCF,SCSCF,T:PCSCF,SCSCF,I-486:SCSCF,PCSCF,A:SCSCF,MTAS,I-486:MTAS,SCSCF,I-486:SCSCF,MTAS,A:ICSCF,GTW,I-486:MTAS,SCSCF,A:GTW,ICSCF,A"
332,332,0,0,45,-0.39787154437695654,-0.39771349048340116,5,0,"PCSCF,SCSCF,I:SCSCF,PCSCF,T:SCSCF,ASLI,I:ASLI,SCSCF,T:ASLI,SCSCF,I-500:SCSCF,ASLI,A:MTAS,SCSCF,I:SCSCF,MTAS,T:SCSCF,GTW,I:GTW,SCSCF,T:GTW,SCSCF,R:SCSCF,MTAS,R:SCSCF,PCSCF,R:PCSCF,SCSCF,P:SCSCF,MTAS,P:MTAS,SCSCF,P:SCSCF,GTW,P:GTW,SCSCF,P-200:SCSCF,MTAS,P-200:MTAS,SCSCF,P-200:SCSCF,PCSCF,P-200:GTW,SCSCF,I-200:SCSCF,MTAS,I-200:SCSCF,PCSCF,I-200:PCSCF,SCSCF,A:SCSCF,MTAS,A:MTAS,SCSCF,A:SCSCF,GTW,A:GTW,SCSCF,B:MTAS,SCSCF,B:SCSCF,PCSCF,B:PCSCF,SCSCF,B-200:SCSCF,MTAS,B-200:SCSCF,GTW,B-200"
333,333,0,0,228,-0.6395516959754521,-0.6317998356654655,59,0,"PCSCF,SCSCF,I:SCSCF,PCSCF,T:SCSCF,ASLI,I:ASLI,SCSCF,T:ASLI,SCSCF,I-500:SCSCF,ASLI,A:MTAS,SCSCF,I:SCSCF,MTAS,T:SCSCF,ASLI,I:ASLI,SCSCF,T:ASLI,SCSCF,I-500:SCSCF,ASLI,A:SCSCF,MTAS,I:MTAS,SCSCF,T:MTAS,SCSCF,I:SCSCF,MTAS,T:SCSCF,PCSCF,I:PCSCF,SCSCF,T:PCSCF,SCSCF,R:SCSCF,MTAS,R:MTAS,SCSCF,R:SCSCF,MTAS,R:SCSCF,PCSCF,R:PCSCF,SCSCF,P:MTAS,SCSCF,P:SCSCF,MTAS,P:MTAS,SCSCF,P:SCSCF,PCSCF,P:PCSCF,SCSCF,P-200:SCSCF,MTAS,P-200:MTAS,SCSCF,P-200:SCSCF,MTAS,P-200:SCSCF,PCSCF,P-200:PCSCF,SCSCF,I-200:SCSCF,MTAS,I-200:MTAS,SCSCF,I-200:SCSCF,MTAS,I-200:SCSCF,PCSCF,I-200:PCSCF,SCSCF,A:MTAS,SCSCF,A:SCSCF,MTAS,A:MTAS,SCSCF,A:SCSCF,PCSCF,A:MTAS,SCSCF,U:SCSCF,PCSCF,U:PCSCF,SCSCF,U-200:SCSCF,MTAS,U-200:MTAS,SCSCF,U:SCSCF,PCSCF,U:PCSCF,SCSCF,U-200:SCSCF,MTAS,U-200:MTAS,SCSCF,U:SCSCF,MTAS,U-200:MTAS,SCSCF,U:SCSCF,PCSCF,U:PCSCF,SCSCF,U-200:SCSCF,MTAS,U-200:MTAS,SCSCF,U:SCSCF,PCSCF,U:PCSCF,SCSCF,U-200:SCSCF,MTAS,U-200:MTAS,SCSCF,U:SCSCF,MTAS,U-200:MTAS,SCSCF,U:SCSCF,PCSCF,U:PCSCF,SCSCF,U-200:SCSCF,MTAS,U-200:MTAS,SCSCF,U:SCSCF,PCSCF,U:PCSCF,SCSCF,U-200:SCSCF,MTAS,U-200:MTAS,SCSCF,U:SCSCF,MTAS,U-200:MTAS,SCSCF,U:SCSCF,PCSCF,U:PCSCF,SCSCF,U-200:SCSCF,MTAS,U-200:MTAS,SCSCF,U:SCSCF,PCSCF,U:SCSCF,MTAS,U-200:PCSCF,SCSCF,U-200:SCSCF,MTAS,U-200:MTAS,SCSCF,U:SCSCF,PCSCF,U:MTAS,SCSCF,U:PCSCF,SCSCF,U-200:SCSCF,MTAS,U-200:MTAS,SCSCF,U:SCSCF,PCSCF,U:PCSCF,SCSCF,U-200:SCSCF,MTAS,U-200:MTAS,SCSCF,U:SCSCF,PCSCF,U:PCSCF,SCSCF,U-200:SCSCF,MTAS,U-200:MTAS,SCSCF,U:SCSCF,PCSCF,U:PCSCF,SCSCF,U-200:SCSCF,MTAS,U-200:MTAS,SCSCF,U:SCSCF,PCSCF,U:PCSCF,SCSCF,U-200:SCSCF,MTAS,U-200:MTAS,SCSCF,U:SCSCF,MTAS,U-200:MTAS,SCSCF,U:SCSCF,PCSCF,U:PCSCF,SCSCF,U-200:SCSCF,MTAS,U-200:MTAS,SCSCF,U:SCSCF,PCSCF,U:PCSCF,SCSCF,U-200:SCSCF,MTAS,U-200:MTAS,SCSCF,U:SCSCF,MTAS,U-200:MTAS,SCSCF,U:SCSCF,PCSCF,U:PCSCF,SCSCF,U-200:SCSCF,MTAS,U-200:MTAS,SCSCF,U:SCSCF,PCSCF,U:PCSCF,SCSCF,U-200:SCSCF,MTAS,U-200:MTAS,SCSCF,U:SCSCF,MTAS,U-200:MTAS,SCSCF,U:SCSCF,PCSCF,U:PCSCF,SCSCF,U-200:SCSCF,MTAS,U-200:MTAS,SCSCF,U:SCSCF,MTAS,U-200:MTAS,SCSCF,U:SCSCF,PCSCF,U:PCSCF,SCSCF,U-200:SCSCF,MTAS,U-200:MTAS,SCSCF,U:SCSCF,PCSCF,U:PCSCF,SCSCF,U-200:SCSCF,MTAS,U-200:MTAS,SCSCF,U:SCSCF,MTAS,U-200:MTAS,SCSCF,U:SCSCF,PCSCF,U:PCSCF,SCSCF,U-200:SCSCF,PCSCF,U:SCSCF,MTAS,U-200:PCSCF,SCSCF,U-200:SCSCF,MTAS,U-200:PCSCF,SCSCF,B:MTAS,SCSCF,B:SCSCF,MTAS,B:MTAS,SCSCF,B:SCSCF,PCSCF,B:PCSCF,SCSCF,B-200:SCSCF,MTAS,B-200:MTAS,SCSCF,B-200:SCSCF,MTAS,B-200:SCSCF,PCSCF,B-200"
334,334,0,0,42,-1.2326912197917999,-1.1747711647073866,37,0,"PCSCF,SCSCF,I:SCSCF,PCSCF,T:SCSCF,ASLI,I:ASLI,SCSCF,T:ASLI,SCSCF,I-500:SCSCF,ASLI,A:MTAS,SCSCF,I:SCSCF,MTAS,T:SCSCF,GTW,I:GTW,SCSCF,T:GTW,SCSCF,R:SCSCF,MTAS,R:SCSCF,PCSCF,R:PCSCF,SCSCF,P:MTAS,SCSCF,P:SCSCF,GTW,P:GTW,SCSCF,I-200:GTW,SCSCF,P-200:SCSCF,MTAS,I-200:SCSCF,MTAS,P-200:SCSCF,PCSCF,I-200:SCSCF,PCSCF,P-200:PCSCF,SCSCF,A:SCSCF,MTAS,A:MTAS,SCSCF,A:SCSCF,GTW,A:GTW,SCSCF,B:MTAS,SCSCF,B:SCSCF,PCSCF,B:PCSCF,SCSCF,B-200:SCSCF,MTAS,B-200:SCSCF,GTW,B-200"
335,335,0,0,42,-1.3813314817020255,-1.3259649148834725,106,0,"GTW,SCSCF,I:SCSCF,GTW,T:SCSCF,SLEVOOSP,I:SLEVOOSP,SCSCF,T:SLEVOOSP,SCSCF,I:SCSCF,SLEVOOSP,T:SCSCF,LBIMP,I:LBIMP,SCSCF,T:LBIMP,SCSCF,R:LBIMP,SCSCF,I-200:SCSCF,SLEVOOSP,R:SCSCF,SLEVOOSP,I-200:SLEVOOSP,SCSCF,S:SCSCF,GTW,S:GTW,SCSCF,P:SCSCF,SLEVOOSP,P:SLEVOOSP,SCSCF,P-200:SCSCF,GTW,P-200:SLEVOOSP,SCSCF,I-200:SCSCF,GTW,I-200:GTW,SCSCF,A:SCSCF,SLEVOOSP,A:SLEVOOSP,SCSCF,A:SCSCF,LBIMP,A:LBIMP,SCSCF,B:SCSCF,SLEVOOSP,B:SLEVOOSP,SCSCF,B-200:SCSCF,LBIMP,B-200:GTW,SCSCF,B:SCSCF,SLEVOOSP,B:SLEVOOSP,SCSCF,B-200:SCSCF,GTW,B-200"
336,336,0,0,65,-0.7739959361499633,-0.7286309379214534,59,0,"GTW,ICSCF,I:ICSCF,GTW,T:SCSCF,ASLI,I:ASLI,SCSCF,T:ASLI,SCSCF,I-500:SCSCF,ASLI,A:SCSCF,MTAS,I:MTAS,SCSCF,I:SCSCF,MTAS,T:SCSCF,PCSCF,I:PCSCF,SCSCF,T:MTAS,SCSCF,T:PCSCF,SCSCF,R:SCSCF,MTAS,R:MTAS,SCSCF,R:ICSCF,GTW,R:GTW,SCSCF,P:SCSCF,MTAS,P:MTAS,SCSCF,P:SCSCF,PCSCF,P:PCSCF,SCSCF,P-200:SCSCF,MTAS,P-200:MTAS,SCSCF,P-200:SCSCF,GTW,P-200:PCSCF,SCSCF,I-200:SCSCF,MTAS,I-200:MTAS,SCSCF,I-200:ICSCF,GTW,I-200:GTW,SCSCF,A:SCSCF,MTAS,A:MTAS,SCSCF,A:SCSCF,PCSCF,A:MTAS,SCSCF,U:SCSCF,PCSCF,U:PCSCF,SCSCF,U-200:SCSCF,MTAS,U-200:MTAS,SCSCF,U:SCSCF,GTW,U:GTW,SCSCF,U-200:SCSCF,MTAS,U-200:PCSCF,SCSCF,B:SCSCF,MTAS,B:MTAS,SCSCF,B:SCSCF,GTW,B:GTW,SCSCF,B-200:SCSCF,MTAS,B-200:MTAS,SCSCF,B-200:SCSCF,PCSCF,B-200"
337,337,0,1,50,-1.643602285295108,-1.5847346812855019,318,0,"PCSCF,SCSCF,I:SCSCF,ASLI,I:SCSCF,PCSCF,T:ASLI,SCSCF,T:ASLI,SCSCF,I-500:SCSCF,ASLI,A:MTAS,SCSCF,I:SCSCF,MTAS,T:SCSCF,GTW,I:GTW,SCSCF,T:GTW,SCSCF,S:SCSCF,MTAS,S:SCSCF,PCSCF,S:PCSCF,SCSCF,P:MTAS,SCSCF,P:SCSCF,GTW,P:GTW,SCSCF,P-200:SCSCF,MTAS,P-200:SCSCF,PCSCF,P-200:GTW,SCSCF,R:SCSCF,MTAS,R:SCSCF,PCSCF,R:PCSCF,SCSCF,P:MTAS,SCSCF,P:SCSCF,GTW,P:GTW,SCSCF,P-200:SCSCF,MTAS,P-200:SCSCF,PCSCF,P-200:GTW,SCSCF,W:SCSCF,MTAS,W:SCSCF,PCSCF,W:GTW,SCSCF,I-486:SCSCF,GTW,A:SCSCF,MTAS,I-486:MTAS,SCSCF,A:SCSCF,PCSCF,I-486:PCSCF,SCSCF,P:PCSCF,SCSCF,A:SCSCF,PCSCF,P-481"
338,338,0,0,59,-0.9038304010183952,-0.9031692096798879,53,0,"PCSCF,SCSCF,I:SCSCF,PCSCF,T:SCSCF,PCSCF,I-407:PCSCF,SCSCF,A:PCSCF,SCSCF,I:SCSCF,PCSCF,T:SCSCF,ASLI,I:ASLI,SCSCF,T:ASLI,SCSCF,I-500:SCSCF,ASLI,A:MTAS,SCSCF,I:SCSCF,MTAS,T:SCSCF,GTW,I:GTW,SCSCF,T:GTW,SCSCF,S:SCSCF,MTAS,S:SCSCF,PCSCF,S:PCSCF,SCSCF,P:MTAS,SCSCF,P:SCSCF,GTW,P:GTW,SCSCF,P-200:GTW,SCSCF,S:SCSCF,MTAS,S:SCSCF,MTAS,P-200:SCSCF,PCSCF,P-200:SCSCF,PCSCF,S:PCSCF,SCSCF,P:MTAS,SCSCF,P:SCSCF,GTW,P:GTW,SCSCF,P-200:SCSCF,MTAS,P-200:SCSCF,PCSCF,P-200:GTW,SCSCF,I-200:SCSCF,MTAS,I-200:SCSCF,PCSCF,I-200:PCSCF,SCSCF,A:SCSCF,MTAS,A:MTAS,SCSCF,A:SCSCF,GTW,A:GTW,SCSCF,B:MTAS,SCSCF,B:SCSCF,PCSCF,B:PCSCF,SCSCF,B-200:SCSCF,MTAS,B-200:SCSCF,GTW,B-200"
339,339,0,0,89,-1.208108572970704,-1.173437324924075,59,0,"PCSCF,SCSCF,I:SCSCF,PCSCF,T:SCSCF,ASLI,I:ASLI,SCSCF,T:ASLI,SCSCF,I-500:SCSCF,ASLI,A:MTAS,SCSCF,I:SCSCF,MTAS,T:SCSCF,GTW,I:GTW,SCSCF,T:GTW,SCSCF,S:SCSCF,MTAS,S:SCSCF,PCSCF,S:PCSCF,SCSCF,P:MTAS,SCSCF,P:SCSCF,GTW,P:GTW,SCSCF,P-200:GTW,SCSCF,R:SCSCF,MTAS,P-200:SCSCF,MTAS,R:SCSCF,PCSCF,P-200:SCSCF,PCSCF,R:PCSCF,SCSCF,P:MTAS,SCSCF,P:SCSCF,GTW,P:GTW,SCSCF,P-200:GTW,SCSCF,S:SCSCF,MTAS,S:SCSCF,MTAS,P-200:SCSCF,PCSCF,P-200:SCSCF,PCSCF,S:PCSCF,SCSCF,P:MTAS,SCSCF,P:SCSCF,GTW,P:GTW,SCSCF,P-200:GTW,SCSCF,I-200:SCSCF,MTAS,P-200:SCSCF,MTAS,I-200:SCSCF,PCSCF,P-200:SCSCF,PCSCF,I-200:PCSCF,SCSCF,A:SCSCF,MTAS,A:MTAS,SCSCF,A:SCSCF,GTW,A:MTAS,SCSCF,U:SCSCF,GTW,U:SCSCF,PCSCF,U:GTW,SCSCF,U-200:SCSCF,MTAS,U-200:PCSCF,SCSCF,U-200:SCSCF,MTAS,U-200:MTAS,SCSCF,U:SCSCF,GTW,U:GTW,SCSCF,U-200:SCSCF,MTAS,U-200:MTAS,SCSCF,U:SCSCF,PCSCF,U:PCSCF,SCSCF,U-200:SCSCF,MTAS,U-200:GTW,SCSCF,B:MTAS,SCSCF,B:SCSCF,PCSCF,B:PCSCF,SCSCF,B-200:SCSCF,MTAS,B-200:SCSCF,GTW,B-200"
340,340,0,0,30,-0.7456824995935122,-0.74529464319892,113,0,"MTAS,SCSCF,I:SCSCF,MTAS,T:SCSCF,PCSCF,I:PCSCF,SCSCF,T:PCSCF,SCSCF,R:SCSCF,MTAS,R:MTAS,SCSCF,P:SCSCF,PCSCF,P:PCSCF,SCSCF,P-200:SCSCF,MTAS,P-200:PCSCF,SCSCF,I-200:SCSCF,MTAS,I-200:MTAS,SCSCF,A:SCSCF,PCSCF,A:MTAS,SCSCF,U:SCSCF,PCSCF,U:PCSCF,SCSCF,U-200:SCSCF,MTAS,U-200:MTAS,SCSCF,B:SCSCF,PCSCF,B:PCSCF,SCSCF,B-200:SCSCF,MTAS,B-200"
341,341,0,0,45,-0.418177556703591,-0.41803239819934246,5,0,"GTW,ICSCF,I:ICSCF,GTW,T:SCSCF,ASLI,I:ASLI,SCSCF,T:ASLI,SCSCF,I-500:SCSCF,ASLI,A:SCSCF,MTAS,I:MTAS,SCSCF,T:MTAS,SCSCF,I:SCSCF,MTAS,T:SCSCF,PCSCF,I:PCSCF,SCSCF,T:PCSCF,SCSCF,R:SCSCF,MTAS,R:MTAS,SCSCF,R:ICSCF,GTW,R:GTW,SCSCF,P:SCSCF,MTAS,P:MTAS,SCSCF,P:SCSCF,PCSCF,P:PCSCF,SCSCF,P-200:SCSCF,MTAS,P-200:MTAS,SCSCF,P-200:SCSCF,GTW,P-200:PCSCF,SCSCF,I-200:SCSCF,MTAS,I-200:MTAS,SCSCF,I-200:ICSCF,GTW,I-200:GTW,SCSCF,A:SCSCF,MTAS,A:MTAS,SCSCF,A:SCSCF,PCSCF,A:PCSCF,SCSCF,B:SCSCF,MTAS,B:GTW,SCSCF,B-200"
342,342,0,0,53,-0.7655708069581929,-0.7653008057971702,52,0,"GTW,ICSCF,I:ICSCF,GTW,T:SCSCF,ASLI,I:ASLI,SCSCF,T:ASLI,SCSCF,I-500:SCSCF,MTAS,I:MTAS,SCSCF,I:SCSCF,MTAS,T:MTAS,SCSCF,T:SCSCF,PCSCF,I:SCSCF,ASLI,A:PCSCF,SCSCF,T:PCSCF,SCSCF,R:SCSCF,MTAS,R:MTAS,SCSCF,R:ICSCF,GTW,R:GTW,SCSCF,P:SCSCF,MTAS,P:MTAS,SCSCF,P:SCSCF,PCSCF,P:PCSCF,SCSCF,P-200:SCSCF,MTAS,P-200:MTAS,SCSCF,P-200:SCSCF,GTW,P-200:PCSCF,SCSCF,I-200:SCSCF,MTAS,I-200:MTAS,SCSCF,I-200:ICSCF,GTW,I-200:GTW,SCSCF,A:SCSCF,MTAS,A:MTAS,SCSCF,A:SCSCF,PCSCF,A:GTW,SCSCF,B:SCSCF,MTAS,B:MTAS,SCSCF,B:SCSCF,PCSCF,B:PCSCF,SCSCF,B-200:SCSCF,MTAS,B-200:MTAS,SCSCF,B-200:SCSCF,GTW,B-200"
343,343,0,0,77,-0.5618514357374428,-0.561515452800534,113,0,"GTW,ICSCF,I:ICSCF,GTW,T:SCSCF,ASLI,I:ASLI,SCSCF,T:ASLI,SCSCF,I-500:SCSCF,ASLI,A:SCSCF,MTAS,I:MTAS,SCSCF,T:MTAS,SCSCF,I:SCSCF,MTAS,T:SCSCF,PCSCF,I:PCSCF,SCSCF,T:PCSCF,SCSCF,R:SCSCF,MTAS,R:MTAS,SCSCF,R:ICSCF,GTW,R:GTW,SCSCF,P:SCSCF,MTAS,P:MTAS,SCSCF,P:SCSCF,PCSCF,P:PCSCF,SCSCF,P-200:SCSCF,MTAS,P-200:MTAS,SCSCF,P-200:SCSCF,GTW,P-200:PCSCF,SCSCF,I-200:SCSCF,MTAS,I-200:MTAS,SCSCF,I-200:ICSCF,GTW,I-200:GTW,SCSCF,A:SCSCF,MTAS,A:MTAS,SCSCF,A:SCSCF,PCSCF,A:MTAS,SCSCF,U:SCSCF,PCSCF,U:MTAS,SCSCF,U:SCSCF,GTW,U:PCSCF,SCSCF,U-200:SCSCF,MTAS,U-200:GTW,SCSCF,U-200:SCSCF,MTAS,U-200:MTAS,SCSCF,U:SCSCF,PCSCF,U:MTAS,SCSCF,U:SCSCF,GTW,U:PCSCF,SCSCF,U-200:SCSCF,MTAS,U-200:GTW,SCSCF,U-200:SCSCF,MTAS,U-200:GTW,SCSCF,B:SCSCF,MTAS,B:MTAS,SCSCF,B:SCSCF,PCSCF,B:PCSCF,SCSCF,B-200:SCSCF,MTAS,B-200:MTAS,SCSCF,B-200:SCSCF,GTW,B-200"
344,344,0,0,41,-0.6470359662585058,-0.612990952283803,124,0,"PCSCF,SCSCF,I:SCSCF,PCSCF,T:SCSCF,ASLI,I:ASLI,SCSCF,T:ASLI,SCSCF,I-500:SCSCF,ASLI,A:MTAS,SCSCF,I:SCSCF,MTAS,T:SCSCF,GTW,I:GTW,SCSCF,T:GTW,SCSCF,R:SCSCF,MTAS,R:SCSCF,PCSCF,R:PCSCF,SCSCF,P:MTAS,SCSCF,P:SCSCF,GTW,P:GTW,SCSCF,P-200:SCSCF,MTAS,P-200:SCSCF,PCSCF,P-200:PCSCF,SCSCF,C:SCSCF,PCSCF,C-200:MTAS,SCSCF,C:SCSCF,MTAS,C-200:SCSCF,GTW,C:GTW,SCSCF,C-200:SCSCF,MTAS,I-487:MTAS,SCSCF,A:GTW,SCSCF,I-487:SCSCF,GTW,A:SCSCF,PCSCF,I-487:PCSCF,SCSCF,A"
345,345,0,0,70,-1.13085325778837,-1.0796445229750942,28,0,"PCSCF,SCSCF,I:SCSCF,PCSCF,T:SCSCF,PCSCF,I-407:PCSCF,SCSCF,A:PCSCF,SCSCF,I:SCSCF,PCSCF,T:SCSCF,ASLI,I:ASLI,SCSCF,T:ASLI,SCSCF,I-500:SCSCF,ASLI,A:MTAS,SCSCF,I:SCSCF,MTAS,T:SCSCF,GTW,I:GTW,SCSCF,T:GTW,SCSCF,S:SCSCF,MTAS,S:SCSCF,PCSCF,S:PCSCF,SCSCF,P:MTAS,SCSCF,P:SCSCF,GTW,P:GTW,SCSCF,P-200:GTW,SCSCF,S:SCSCF,MTAS,P-200:SCSCF,MTAS,S:SCSCF,PCSCF,P-200:SCSCF,PCSCF,S:PCSCF,SCSCF,P:MTAS,SCSCF,P:SCSCF,GTW,P:GTW,SCSCF,P-200:SCSCF,MTAS,P-200:GTW,SCSCF,R:SCSCF,MTAS,R:SCSCF,PCSCF,P-200:SCSCF,PCSCF,R:PCSCF,SCSCF,P:MTAS,SCSCF,P:SCSCF,GTW,P:GTW,SCSCF,P-200:SCSCF,MTAS,P-200:SCSCF,PCSCF,P-200:PCSCF,SCSCF,C:SCSCF,PCSCF,C-200:MTAS,SCSCF,C:SCSCF,MTAS,C-200:SCSCF,GTW,C:GTW,SCSCF,C-200:GTW,SCSCF,I-487:SCSCF,GTW,A:SCSCF,MTAS,I-487:MTAS,SCSCF,A:SCSCF,PCSCF,I-487:PCSCF,SCSCF,A"
346,346,0,0,53,-0.8744863330456085,-0.8373349882912801,76,0,"GTW,ICSCF,I:ICSCF,GTW,T:SCSCF,ASLI,I:ASLI,SCSCF,T:ASLI,SCSCF,I-500:SCSCF,ASLI,A:SCSCF,MTAS,I:MTAS,SCSCF,T:MTAS,SCSCF,I:SCSCF,MTAS,T:SCSCF,PCSCF,I:PCSCF,SCSCF,T:PCSCF,SCSCF,R:SCSCF,MTAS,R:MTAS,SCSCF,R:ICSCF,GTW,R:GTW,SCSCF,P:SCSCF,MTAS,P:MTAS,SCSCF,P:SCSCF,PCSCF,P:PCSCF,SCSCF,P-200:SCSCF,MTAS,P-200:MTAS,SCSCF,P-200:SCSCF,GTW,P-200:GTW,ICSCF,C:ICSCF,GTW,C-200:SCSCF,MTAS,C:MTAS,SCSCF,C:SCSCF,MTAS,C-200:MTAS,SCSCF,C-200:SCSCF,PCSCF,C:PCSCF,SCSCF,C-200:PCSCF,SCSCF,I-487:SCSCF,PCSCF,A:MTAS,SCSCF,I-487:SCSCF,MTAS,A:ICSCF,GTW,I-487:SCSCF,MTAS,I-487:MTAS,SCSCF,A:GTW,ICSCF,A"
347,347,0,0,88,-0.6596258447957224,-0.6376356155669509,59,0,"GTW,ICSCF,I:ICSCF,GTW,T:SCSCF,ASLI,I:ASLI,SCSCF,T:ASLI,SCSCF,I-500:SCSCF,ASLI,A:SCSCF,MTAS,I:MTAS,SCSCF,T:MTAS,SCSCF,I:SCSCF,MTAS,T:SCSCF,PCSCF,I:PCSCF,SCSCF,T:PCSCF,SCSCF,R:SCSCF,MTAS,R:MTAS,SCSCF,R:ICSCF,GTW,R:GTW,SCSCF,P:SCSCF,MTAS,P:MTAS,SCSCF,P:SCSCF,PCSCF,P:PCSCF,SCSCF,P-200:SCSCF,MTAS,P-200:MTAS,SCSCF,P-200:SCSCF,GTW,P-200:PCSCF,SCSCF,I-200:SCSCF,MTAS,I-200:MTAS,SCSCF,I-200:ICSCF,GTW,I-200:GTW,SCSCF,A:SCSCF,MTAS,A:MTAS,SCSCF,A:SCSCF,PCSCF,A:MTAS,SCSCF,U:SCSCF,PCSCF,U:PCSCF,SCSCF,U-200:SCSCF,MTAS,U-200:MTAS,SCSCF,U:SCSCF,GTW,U:GTW,SCSCF,U-200:SCSCF,MTAS,U-200:MTAS,SCSCF,U:SCSCF,PCSCF,U:PCSCF,SCSCF,U-200:SCSCF,MTAS,U-200:MTAS,SCSCF,U:SCSCF,GTW,U:GTW,SCSCF,U-200:SCSCF,MTAS,U-200:MTAS,SCSCF,U:SCSCF,PCSCF,U:SCSCF,GTW,U:GTW,SCSCF,U-200:SCSCF,MTAS,U-200:PCSCF,SCSCF,U-200:SCSCF,MTAS,U-200:GTW,SCSCF,B:SCSCF,MTAS,B:MTAS,SCSCF,B:SCSCF,PCSCF,B:PCSCF,SCSCF,B-200:SCSCF,MTAS,B-200:MTAS,SCSCF,B-200:SCSCF,GTW,B-200"
348,348,0,0,81,-0.5405380276364271,-0.5402304470124017,113,0,"GTW,ICSCF,I:ICSCF,GTW,T:SCSCF,ASLI,I:ASLI,SCSCF,T:ASLI,SCSCF,I-500:SCSCF,ASLI,A:SCSCF,MTAS,I:MTAS,SCSCF,T:MTAS,SCSCF,I:SCSCF,MTAS,T:SCSCF,PCSCF,I:PCSCF,SCSCF,T:PCSCF,SCSCF,R:SCSCF,MTAS,R:MTAS,SCSCF,R:ICSCF,GTW,R:GTW,SCSCF,P:SCSCF,MTAS,P:MTAS,SCSCF,P:SCSCF,PCSCF,P:PCSCF,SCSCF,P-200:SCSCF,MTAS,P-200:MTAS,SCSCF,P-200:SCSCF,GTW,P-200:PCSCF,SCSCF,I-200:SCSCF,MTAS,I-200:MTAS,SCSCF,I-200:ICSCF,GTW,I-200:GTW,SCSCF,A:SCSCF,MTAS,A:MTAS,SCSCF,A:SCSCF,PCSCF,A:MTAS,SCSCF,U:SCSCF,PCSCF,U:SCSCF,GTW,U:GTW,SCSCF,U-200:SCSCF,MTAS,U-200:PCSCF,SCSCF,U-200:SCSCF,MTAS,U-200:MTAS,SCSCF,U:SCSCF,GTW,U:SCSCF,PCSCF,U:GTW,SCSCF,U-200:SCSCF,MTAS,U-200:PCSCF,SCSCF,U-200:SCSCF,MTAS,U-200:PCSCF,SCSCF,B:SCSCF,MTAS,B:GTW,SCSCF,B:MTAS,SCSCF,B:SCSCF,GTW,B:SCSCF,MTAS,B:MTAS,SCSCF,B-200:SCSCF,GTW,B-200:GTW,SCSCF,B-200:SCSCF,MTAS,B-200:MTAS,SCSCF,B-200:SCSCF,PCSCF,B-200"
349,349,0,0,53,-0.5339013839174753,-0.5327056861662816,5,0,"GTW,ICSCF,I:ICSCF,GTW,T:SCSCF,ASLI,I:ASLI,SCSCF,T:ASLI,SCSCF,I-500:SCSCF,ASLI,A:SCSCF,MTAS,I:MTAS,SCSCF,T:MTAS,SCSCF,I:SCSCF,MTAS,T:SCSCF,PCSCF,I:PCSCF,SCSCF,T:PCSCF,SCSCF,R:SCSCF,MTAS,R:ICSCF,GTW,R:GTW,SCSCF,P:MTAS,SCSCF,R:SCSCF,MTAS,P:MTAS,SCSCF,P:SCSCF,PCSCF,P:PCSCF,SCSCF,P-200:SCSCF,MTAS,P-200:MTAS,SCSCF,P-200:SCSCF,GTW,P-200:SCSCF,MTAS,I-200:PCSCF,SCSCF,I-200:MTAS,SCSCF,I-200:ICSCF,GTW,I-200:GTW,SCSCF,A:SCSCF,MTAS,A:MTAS,SCSCF,A:SCSCF,PCSCF,A:PCSCF,SCSCF,B:SCSCF,MTAS,B:MTAS,SCSCF,B:SCSCF,GTW,B:GTW,SCSCF,B-200:SCSCF,MTAS,B-200:MTAS,SCSCF,B-200:SCSCF,PCSCF,B-200"
350,350,0,0,53,-0.9138068454999088,-0.889874673575615,323,0,"GTW,ICSCF,I:ICSCF,GTW,T:SCSCF,ASLI,I:ASLI,SCSCF,T:ASLI,SCSCF,I-500:SCSCF,ASLI,A:SCSCF,MTAS,I:MTAS,SCSCF,T:MTAS,SCSCF,I:SCSCF,MTAS,T:SCSCF,PCSCF,I:PCSCF,SCSCF,T:PCSCF,SCSCF,R:SCSCF,MTAS,R:MTAS,SCSCF,R:ICSCF,GTW,R:GTW,SCSCF,P:SCSCF,MTAS,P:MTAS,SCSCF,P:SCSCF,PCSCF,P:PCSCF,SCSCF,P-200:SCSCF,MTAS,P-200:MTAS,SCSCF,P-200:SCSCF,GTW,P-200:GTW,ICSCF,C:ICSCF,GTW,C-200:SCSCF,MTAS,C:MTAS,SCSCF,C:SCSCF,MTAS,C-200:SCSCF,PCSCF,C:PCSCF,SCSCF,C-200:MTAS,SCSCF,C-200:PCSCF,SCSCF,I-487:SCSCF,MTAS,I-487:MTAS,SCSCF,A:MTAS,SCSCF,I-487:ICSCF,GTW,I-487:GTW,ICSCF,A:SCSCF,PCSCF,A:SCSCF,MTAS,A"
351,351,0,0,48,-0.7331156626730992,-0.7077122222750535,5,0,"PCSCF,SCSCF,I:SCSCF,ASLI,I:ASLI,SCSCF,T:ASLI,SCSCF,I-500:SCSCF,ASLI,A:SCSCF,PCSCF,T:MTAS,SCSCF,I:SCSCF,MTAS,T:SCSCF,GTW,I:GTW,SCSCF,T:GTW,SCSCF,R:SCSCF,MTAS,R:SCSCF,PCSCF,R:PCSCF,SCSCF,P:SCSCF,MTAS,P:MTAS,SCSCF,P:SCSCF,GTW,P:GTW,SCSCF,P-200:SCSCF,MTAS,P-200:MTAS,SCSCF,P-200:SCSCF,PCSCF,P-200:GTW,SCSCF,I-200:SCSCF,MTAS,I-200:SCSCF,PCSCF,I-200:SCSCF,MTAS,A:MTAS,SCSCF,A:SCSCF,GTW,A:PCSCF,SCSCF,A:PCSCF,SCSCF,B:SCSCF,MTAS,B:MTAS,SCSCF,B:SCSCF,GTW,B:GTW,SCSCF,B-200:SCSCF,MTAS,B-200:MTAS,SCSCF,B-200:SCSCF,PCSCF,B-200"
352,352,0,0,71,-0.8581902372000118,-0.8514467781413717,14,0,"GTW,ICSCF,I:ICSCF,GTW,T:SCSCF,ASLI,I:ASLI,SCSCF,T:ASLI,SCSCF,I-500:SCSCF,MTAS,I:MTAS,SCSCF,T:MTAS,SCSCF,I:SCSCF,MTAS,T:SCSCF,ASLI,A:MTAS,SCSCF,W:ICSCF,GTW,W:SCSCF,GTW,I:GTW,SCSCF,T:GTW,SCSCF,S:SCSCF,MTAS,S:MTAS,SCSCF,S:ICSCF,GTW,S:GTW,SCSCF,P:SCSCF,MTAS,P:MTAS,SCSCF,P:SCSCF,GTW,P:GTW,SCSCF,P-200:SCSCF,MTAS,P-200:MTAS,SCSCF,P-200:SCSCF,GTW,P-200:GTW,SCSCF,R:SCSCF,MTAS,R:MTAS,SCSCF,R:ICSCF,GTW,R:GTW,SCSCF,P:SCSCF,MTAS,P:MTAS,SCSCF,P:SCSCF,GTW,P:GTW,SCSCF,P-200:SCSCF,MTAS,P-200:MTAS,SCSCF,P-200:SCSCF,GTW,P-200:GTW,SCSCF,I-200:SCSCF,MTAS,I-200:MTAS,SCSCF,I-200:ICSCF,GTW,I-200:GTW,SCSCF,A:SCSCF,MTAS,A:MTAS,SCSCF,A:SCSCF,GTW,A:GTW,SCSCF,B:SCSCF,MTAS,B:MTAS,SCSCF,B:SCSCF,GTW,B:GTW,SCSCF,B-200:SCSCF,MTAS,B-200:MTAS,SCSCF,B-200:SCSCF,GTW,B-200"
353,353,0,0,59,-0.5258463114154539,-0.5256053372660953,113,0,"PCSCF,SCSCF,I:SCSCF,PCSCF,T:SCSCF,ASLI,I:ASLI,SCSCF,T:ASLI,SCSCF,I-500:SCSCF,ASLI,A:MTAS,SCSCF,I:SCSCF,MTAS,T:SCSCF,GTW,I:GTW,SCSCF,T:GTW,SCSCF,R:SCSCF,MTAS,R:SCSCF,PCSCF,R:PCSCF,SCSCF,P:SCSCF,MTAS,P:MTAS,SCSCF,P:SCSCF,GTW,P:GTW,SCSCF,P-200:SCSCF,MTAS,P-200:MTAS,SCSCF,P-200:SCSCF,PCSCF,P-200:GTW,SCSCF,I-200:SCSCF,MTAS,I-200:SCSCF,PCSCF,I-200:PCSCF,SCSCF,A:SCSCF,MTAS,A:MTAS,SCSCF,A:SCSCF,GTW,A:MTAS,SCSCF,U:SCSCF,GTW,U:SCSCF,PCSCF,U:GTW,SCSCF,U-200:SCSCF,MTAS,U-200:PCSCF,SCSCF,U-200:SCSCF,MTAS,U-200:PCSCF,SCSCF,B:SCSCF,MTAS,B:MTAS,SCSCF,B:SCSCF,GTW,B:GTW,SCSCF,B-200:SCSCF,MTAS,B-200:MTAS,SCSCF,B-200:SCSCF,PCSCF,B-200"
354,354,0,0,14,-1.1651807813178672,-1.123329204480534,27,0,"GTW,ICSCF,I:ICSCF,GTW,T:SCSCF,ASLI,I:ASLI,SCSCF,T:ASLI,SCSCF,I-500:SCSCF,ASLI,A:SCSCF,MTAS,I:MTAS,SCSCF,I-486:SCSCF,MTAS,A:ICSCF,GTW,I-486:GTW,ICSCF,A"
355,355,0,0,72,-0.814648847158179,-0.8071998617593505,49,0,"GTW,ICSCF,I:ICSCF,GTW,T:SCSCF,ASLI,I:ASLI,SCSCF,T:ASLI,SCSCF,I-500:SCSCF,MTAS,I:SCSCF,ASLI,A:MTAS,SCSCF,T:MTAS,SCSCF,I:SCSCF,MTAS,T:SCSCF,PCSCF,I:PCSCF,SCSCF,T:PCSCF,SCSCF,R:SCSCF,MTAS,R:MTAS,SCSCF,R:ICSCF,GTW,R:GTW,SCSCF,P:SCSCF,MTAS,P:MTAS,SCSCF,P:SCSCF,PCSCF,P:PCSCF,SCSCF,P-200:SCSCF,MTAS,P-200:MTAS,SCSCF,P-200:SCSCF,GTW,P-200:PCSCF,SCSCF,I-200:SCSCF,MTAS,I-200:MTAS,SCSCF,I-200:ICSCF,GTW,I-200:SCSCF,MTAS,A:GTW,SCSCF,A:MTAS,SCSCF,A:SCSCF,PCSCF,A:GTW,SCSCF,I:SCSCF,GTW,T:SCSCF,MTAS,I:MTAS,SCSCF,I:MTAS,SCSCF,T:SCSCF,MTAS,T:SCSCF,PCSCF,I:PCSCF,SCSCF,I-200:SCSCF,MTAS,I-200:MTAS,SCSCF,I-200:SCSCF,GTW,I-200:GTW,SCSCF,A:SCSCF,MTAS,A:MTAS,SCSCF,A:SCSCF,PCSCF,A:PCSCF,SCSCF,B:SCSCF,MTAS,B:MTAS,SCSCF,B:SCSCF,GTW,B:GTW,SCSCF,B-200:SCSCF,MTAS,B-200:MTAS,SCSCF,B-200:SCSCF,PCSCF,B-200"
356,356,0,1,61,-1.4208061749484717,-1.4048938152142927,72,0,"PCSCF,SCSCF,I:SCSCF,PCSCF,T:SCSCF,PCSCF,I-407:PCSCF,SCSCF,A:PCSCF,SCSCF,I:SCSCF,ASLI,I:ASLI,SCSCF,T:SCSCF,PCSCF,T:ASLI,SCSCF,I-500:SCSCF,ASLI,A:MTAS,SCSCF,I:SCSCF,MTAS,T:SCSCF,GTW,I:GTW,SCSCF,T:GTW,SCSCF,S:SCSCF,MTAS,S:SCSCF,PCSCF,S:PCSCF,SCSCF,P:MTAS,SCSCF,P:SCSCF,GTW,P:GTW,SCSCF,P-200:SCSCF,MTAS,P-200:SCSCF,PCSCF,P-200:GTW,SCSCF,R:SCSCF,MTAS,R:SCSCF,PCSCF,R:PCSCF,SCSCF,P:MTAS,SCSCF,P:SCSCF,GTW,P:GTW,SCSCF,P-200:SCSCF,MTAS,P-200:SCSCF,PCSCF,P-200:GTW,SCSCF,W:SCSCF,MTAS,W:SCSCF,PCSCF,W:PCSCF,SCSCF,P:MTAS,SCSCF,P:SCSCF,GTW,P:GTW,SCSCF,P-200:SCSCF,MTAS,P-200:GTW,SCSCF,I-486:SCSCF,GTW,A:SCSCF,MTAS,I-486:MTAS,SCSCF,A:SCSCF,PCSCF,P-200:SCSCF,PCSCF,I-486:PCSCF,SCSCF,A"
357,357,0,0,53,-0.36705100684479475,-0.3669834238881995,5,0,"GTW,ICSCF,I:ICSCF,GTW,T:SCSCF,ASLI,I:ASLI,SCSCF,T:ASLI,SCSCF,I-500:SCSCF,ASLI,A:SCSCF,MTAS,I:MTAS,SCSCF,T:MTAS,SCSCF,I:SCSCF,MTAS,T:SCSCF,PCSCF,I:PCSCF,SCSCF,T:PCSCF,SCSCF,R:SCSCF,MTAS,R:MTAS,SCSCF,R:ICSCF,GTW,R:GTW,SCSCF,P:SCSCF,MTAS,P:MTAS,SCSCF,P:SCSCF,PCSCF,P:PCSCF,SCSCF,P-200:SCSCF,MTAS,P-200:MTAS,SCSCF,P-200:SCSCF,GTW,P-200:PCSCF,SCSCF,I-200:SCSCF,MTAS,I-200:MTAS,SCSCF,I-200:ICSCF,GTW,I-200:GTW,SCSCF,A:SCSCF,MTAS,A:MTAS,SCSCF,A:SCSCF,PCSCF,A:GTW,SCSCF,B:SCSCF,MTAS,B:MTAS,SCSCF,B:SCSCF,PCSCF,B:SCSCF,MTAS,B-200:MTAS,SCSCF,B-200:SCSCF,GTW,B-200:PCSCF,SCSCF,B-200"
358,358,0,0,90,-1.0792816319046699,-1.0258515062920568,5,0,"PCSCF,SCSCF,I:SCSCF,PCSCF,T:SCSCF,ASLI,I:ASLI,SCSCF,T:ASLI,SCSCF,I-500:SCSCF,ASLI,A:MTAS,SCSCF,I:SCSCF,MTAS,T:SCSCF,GTW,I:GTW,SCSCF,T:GTW,SCSCF,S:SCSCF,MTAS,S:SCSCF,PCSCF,S:PCSCF,SCSCF,P:SCSCF,MTAS,P:MTAS,SCSCF,P:SCSCF,GTW,P:GTW,SCSCF,P-200:GTW,SCSCF,S:SCSCF,MTAS,S:SCSCF,MTAS,P-200:MTAS,SCSCF,P-200:SCSCF,PCSCF,P-200:SCSCF,PCSCF,S:PCSCF,SCSCF,P:SCSCF,MTAS,P:MTAS,SCSCF,P:SCSCF,GTW,P:GTW,SCSCF,P-200:GTW,SCSCF,S:SCSCF,MTAS,P-200:SCSCF,MTAS,S:SCSCF,PCSCF,P-200:MTAS,SCSCF,P-200:SCSCF,PCSCF,S:PCSCF,SCSCF,P:SCSCF,MTAS,P:MTAS,SCSCF,P:SCSCF,GTW,P:GTW,SCSCF,P-200:GTW,SCSCF,R:SCSCF,MTAS,P-200:SCSCF,MTAS,R:SCSCF,PCSCF,P-200:MTAS,SCSCF,P-200:SCSCF,PCSCF,R:PCSCF,SCSCF,P:SCSCF,MTAS,P:MTAS,SCSCF,P:SCSCF,GTW,P:GTW,SCSCF,P-200:SCSCF,MTAS,P-200:MTAS,SCSCF,P-200:SCSCF,PCSCF,P-200:GTW,SCSCF,I-200:SCSCF,MTAS,I-200:SCSCF,PCSCF,I-200:PCSCF,SCSCF,A:SCSCF,MTAS,A:MTAS,SCSCF,A:SCSCF,GTW,A:GTW,SCSCF,B:MTAS,SCSCF,B:SCSCF,PCSCF,B:PCSCF,SCSCF,B-200:SCSCF,MTAS,B-200:SCSCF,GTW,B-200"
359,359,0,0,74,-0.9142806176700949,-0.8967537661856144,60,0,"PCSCF,SCSCF,I:SCSCF,PCSCF,T:SCSCF,ASLI,I:ASLI,SCSCF,T:ASLI,SCSCF,I-500:SCSCF,ASLI,A:MTAS,SCSCF,I:SCSCF,MTAS,T:SCSCF,GTW,I:GTW,SCSCF,T:GTW,SCSCF,S:SCSCF,MTAS,S:SCSCF,PCSCF,S:PCSCF,SCSCF,P:SCSCF,MTAS,P:MTAS,SCSCF,P:SCSCF,GTW,P:GTW,SCSCF,P-200:SCSCF,MTAS,P-200:MTAS,SCSCF,P-200:SCSCF,PCSCF,P-200:GTW,SCSCF,R:SCSCF,MTAS,R:SCSCF,PCSCF,R:PCSCF,SCSCF,P:SCSCF,MTAS,P:MTAS,SCSCF,P:SCSCF,GTW,P:GTW,SCSCF,P-200:SCSCF,MTAS,P-200:GTW,SCSCF,I-200:MTAS,SCSCF,P-200:SCSCF,MTAS,I-200:SCSCF,PCSCF,P-200:SCSCF,PCSCF,I-200:PCSCF,SCSCF,A:SCSCF,MTAS,A:MTAS,SCSCF,A:SCSCF,GTW,A:GTW,SCSCF,I:SCSCF,GTW,T:MTAS,SCSCF,I:SCSCF,MTAS,T:SCSCF,PCSCF,I:PCSCF,SCSCF,I-200:SCSCF,MTAS,I-200:SCSCF,GTW,I-200:GTW,SCSCF,A:MTAS,SCSCF,A:SCSCF,PCSCF,A:GTW,SCSCF,B:MTAS,SCSCF,B:SCSCF,PCSCF,B:PCSCF,SCSCF,B-200:SCSCF,MTAS,B-200:SCSCF,GTW,B-200"
360,360,0,0,76,-0.7321207985740698,-0.7186854473680702,59,0,"GTW,ICSCF,I:ICSCF,GTW,T:SCSCF,ASLI,I:ASLI,SCSCF,T:ASLI,SCSCF,I-500:SCSCF,ASLI,A:SCSCF,MTAS,I:MTAS,SCSCF,T:MTAS,SCSCF,I:SCSCF,MTAS,T:SCSCF,PCSCF,I:PCSCF,SCSCF,T:SCSCF,MTAS,R:MTAS,SCSCF,R:ICSCF,GTW,R:GTW,SCSCF,P:PCSCF,SCSCF,R:SCSCF,MTAS,P:MTAS,SCSCF,P:SCSCF,PCSCF,P:SCSCF,MTAS,P-200:MTAS,SCSCF,P-200:SCSCF,GTW,P-200:PCSCF,SCSCF,P-200:SCSCF,MTAS,I-200:MTAS,SCSCF,I-200:PCSCF,SCSCF,I-200:ICSCF,GTW,I-200:GTW,SCSCF,A:SCSCF,MTAS,A:MTAS,SCSCF,A:SCSCF,PCSCF,A:MTAS,SCSCF,U:SCSCF,PCSCF,U:SCSCF,GTW,U:GTW,SCSCF,U-200:SCSCF,MTAS,U-200:PCSCF,SCSCF,U-200:SCSCF,MTAS,U-200:MTAS,SCSCF,U:SCSCF,GTW,U:GTW,SCSCF,U-200:SCSCF,MTAS,U-200:MTAS,SCSCF,U:SCSCF,PCSCF,U:PCSCF,SCSCF,U-200:SCSCF,MTAS,U-200:PCSCF,SCSCF,B:SCSCF,MTAS,B:MTAS,SCSCF,B:SCSCF,GTW,B:GTW,SCSCF,B-200:SCSCF,MTAS,B-200:MTAS,SCSCF,B-200:SCSCF,PCSCF,B-200"
361,361,0,0,30,-0.7456824995935122,-0.74529464319892,113,0,"MTAS,SCSCF,I:SCSCF,MTAS,T:SCSCF,GTW,I:GTW,SCSCF,T:GTW,SCSCF,R:SCSCF,MTAS,R:MTAS,SCSCF,P:SCSCF,GTW,P:GTW,SCSCF,P-200:SCSCF,MTAS,P-200:GTW,SCSCF,I-200:SCSCF,MTAS,I-200:MTAS,SCSCF,A:SCSCF,GTW,A:MTAS,SCSCF,U:SCSCF,GTW,U:GTW,SCSCF,U-200:SCSCF,MTAS,U-200:MTAS,SCSCF,B:SCSCF,GTW,B:GTW,SCSCF,B-200:SCSCF,MTAS,B-200"
362,362,0,0,138,-0.860415096814195,-0.8374201583222709,5,0,"PCSCF,SCSCF,I:SCSCF,PCSCF,T:SCSCF,ASLI,I:ASLI,SCSCF,T:ASLI,SCSCF,I-500:SCSCF,ASLI,A:MTAS,SCSCF,I:SCSCF,MTAS,T:SCSCF,GTW,I:GTW,SCSCF,T:GTW,SCSCF,S:SCSCF,MTAS,S:SCSCF,PCSCF,S:PCSCF,SCSCF,P:SCSCF,MTAS,P:MTAS,SCSCF,P:SCSCF,GTW,P:GTW,SCSCF,P-200:GTW,SCSCF,S:SCSCF,MTAS,S:SCSCF,MTAS,P-200:MTAS,SCSCF,P-200:SCSCF,PCSCF,P-200:SCSCF,PCSCF,S:PCSCF,SCSCF,P:SCSCF,MTAS,P:MTAS,SCSCF,P:SCSCF,GTW,P:GTW,SCSCF,P-200:GTW,SCSCF,S:SCSCF,MTAS,S:SCSCF,MTAS,P-200:MTAS,SCSCF,P-200:SCSCF,PCSCF,P-200:SCSCF,PCSCF,S:PCSCF,SCSCF,P:SCSCF,MTAS,P:MTAS,SCSCF,P:SCSCF,GTW,P:GTW,SCSCF,P-200:SCSCF,MTAS,P-200:MTAS,SCSCF,P-200:SCSCF,PCSCF,P-200:GTW,SCSCF,R:SCSCF,MTAS,R:SCSCF,PCSCF,R:PCSCF,SCSCF,P:SCSCF,MTAS,P:MTAS,SCSCF,P:SCSCF,GTW,P:GTW,SCSCF,P-200:SCSCF,MTAS,P-200:MTAS,SCSCF,P-200:SCSCF,PCSCF,P-200:GTW,SCSCF,S:SCSCF,MTAS,S:SCSCF,PCSCF,S:PCSCF,SCSCF,P:SCSCF,MTAS,P:MTAS,SCSCF,P:SCSCF,GTW,P:GTW,SCSCF,P-200:SCSCF,MTAS,P-200:MTAS,SCSCF,P-200:SCSCF,PCSCF,P-200:GTW,SCSCF,S:SCSCF,MTAS,S:SCSCF,PCSCF,S:PCSCF,SCSCF,P:SCSCF,MTAS,P:MTAS,SCSCF,P:SCSCF,GTW,P:GTW,SCSCF,P-200:SCSCF,MTAS,P-200:MTAS,SCSCF,P-200:SCSCF,PCSCF,P-200:GTW,SCSCF,S:SCSCF,MTAS,S:SCSCF,PCSCF,S:PCSCF,SCSCF,P:SCSCF,MTAS,P:MTAS,SCSCF,P:SCSCF,GTW,P:GTW,SCSCF,P-200:SCSCF,MTAS,P-200:MTAS,SCSCF,P-200:SCSCF,PCSCF,P-200:GTW,SCSCF,I-200:SCSCF,MTAS,I-200:SCSCF,PCSCF,I-200:PCSCF,SCSCF,A:SCSCF,MTAS,A:MTAS,SCSCF,A:SCSCF,GTW,A:PCSCF,SCSCF,B:SCSCF,MTAS,B:MTAS,SCSCF,B:SCSCF,GTW,B:GTW,SCSCF,B-200:SCSCF,MTAS,B-200:MTAS,SCSCF,B-200:SCSCF,PCSCF,B-200"
363,363,0,0,41,-0.9580303135995083,-0.9525710672257373,248,0,"PCSCF,SCSCF,I:SCSCF,ASLI,I:ASLI,SCSCF,T:ASLI,SCSCF,I-500:SCSCF,ASLI,A:SCSCF,PCSCF,T:MTAS,SCSCF,I:SCSCF,MTAS,T:SCSCF,GTW,I:GTW,SCSCF,T:GTW,SCSCF,S:SCSCF,MTAS,S:SCSCF,PCSCF,S:PCSCF,SCSCF,P:MTAS,SCSCF,P:SCSCF,GTW,P:GTW,SCSCF,P-200:SCSCF,MTAS,P-200:SCSCF,PCSCF,P-200:PCSCF,SCSCF,C:SCSCF,PCSCF,C-200:MTAS,SCSCF,C:SCSCF,MTAS,C-200:SCSCF,GTW,C:GTW,SCSCF,C-200:GTW,SCSCF,I-487:SCSCF,GTW,A:SCSCF,MTAS,I-487:MTAS,SCSCF,A:SCSCF,PCSCF,I-487:PCSCF,SCSCF,A"
364,364,0,0,77,-0.9667868007191426,-0.9323422676399826,28,0,"PCSCF,SCSCF,I:SCSCF,PCSCF,T:SCSCF,ASLI,I:ASLI,SCSCF,T:ASLI,SCSCF,I-500:SCSCF,ASLI,A:MTAS,SCSCF,I:SCSCF,MTAS,T:SCSCF,GTW,I:GTW,SCSCF,T:GTW,SCSCF,S:SCSCF,MTAS,S:SCSCF,PCSCF,S:PCSCF,SCSCF,P:MTAS,SCSCF,P:SCSCF,GTW,P:GTW,SCSCF,P-200:SCSCF,MTAS,P-200:SCSCF,PCSCF,P-200:GTW,SCSCF,S:SCSCF,MTAS,S:SCSCF,PCSCF,S:PCSCF,SCSCF,P:MTAS,SCSCF,P:SCSCF,GTW,P:GTW,SCSCF,P-200:SCSCF,MTAS,P-200:SCSCF,PCSCF,P-200:GTW,SCSCF,S:SCSCF,MTAS,S:SCSCF,PCSCF,S:PCSCF,SCSCF,P:MTAS,SCSCF,P:SCSCF,GTW,P:GTW,SCSCF,P-200:SCSCF,MTAS,P-200:GTW,SCSCF,R:SCSCF,MTAS,R:SCSCF,PCSCF,P-200:SCSCF,PCSCF,R:PCSCF,SCSCF,P:MTAS,SCSCF,P:SCSCF,GTW,P:GTW,SCSCF,P-200:SCSCF,MTAS,P-200:SCSCF,PCSCF,P-200:PCSCF,SCSCF,C:SCSCF,PCSCF,C-200:MTAS,SCSCF,C:SCSCF,MTAS,C-200:SCSCF,GTW,C:GTW,SCSCF,C-200:GTW,SCSCF,I-487:SCSCF,GTW,A:SCSCF,MTAS,I-487:MTAS,SCSCF,A:SCSCF,PCSCF,I-487:PCSCF,SCSCF,A"
365,365,0,0,92,-0.9174874492120738,-0.8891642632185746,100,0,"PCSCF,SCSCF,I:SCSCF,PCSCF,T:SCSCF,ASLI,I:ASLI,SCSCF,T:ASLI,SCSCF,I-500:SCSCF,ASLI,A:MTAS,SCSCF,I:SCSCF,MTAS,T:SCSCF,GTW,I:GTW,SCSCF,T:GTW,SCSCF,S:SCSCF,MTAS,S:SCSCF,PCSCF,S:PCSCF,SCSCF,P:SCSCF,MTAS,P:MTAS,SCSCF,P:SCSCF,GTW,P:GTW,SCSCF,P-200:GTW,SCSCF,S:SCSCF,MTAS,P-200:SCSCF,MTAS,S:MTAS,SCSCF,P-200:SCSCF,PCSCF,P-200:SCSCF,PCSCF,S:PCSCF,SCSCF,P:SCSCF,MTAS,P:MTAS,SCSCF,P:SCSCF,GTW,P:GTW,SCSCF,P-200:SCSCF,MTAS,P-200:MTAS,SCSCF,P-200:SCSCF,PCSCF,P-200:GTW,SCSCF,R:SCSCF,MTAS,R:SCSCF,PCSCF,R:PCSCF,SCSCF,P:SCSCF,MTAS,P:MTAS,SCSCF,P:SCSCF,GTW,P:GTW,SCSCF,P-200:SCSCF,MTAS,P-200:MTAS,SCSCF,P-200:SCSCF,PCSCF,P-200:GTW,SCSCF,I-200:SCSCF,MTAS,I-200:SCSCF,PCSCF,I-200:PCSCF,SCSCF,A:SCSCF,MTAS,A:MTAS,SCSCF,A:SCSCF,GTW,A:GTW,SCSCF,I:SCSCF,GTW,T:MTAS,SCSCF,I:SCSCF,MTAS,T:SCSCF,PCSCF,I:PCSCF,SCSCF,I-200:SCSCF,MTAS,I-200:SCSCF,GTW,I-200:GTW,SCSCF,A:MTAS,SCSCF,A:SCSCF,PCSCF,A:PCSCF,SCSCF,B:SCSCF,MTAS,B:MTAS,SCSCF,B:SCSCF,GTW,B:GTW,SCSCF,B-200:SCSCF,MTAS,B-200:MTAS,SCSCF,B-200:SCSCF,PCSCF,B-200"
366,366,0,0,72,-0.5938997728298118,-0.5771142965096958,100,0,"GTW,ICSCF,I:ICSCF,GTW,T:SCSCF,ASLI,I:ASLI,SCSCF,T:ASLI,SCSCF,I-500:SCSCF,ASLI,A:SCSCF,MTAS,I:MTAS,SCSCF,T:MTAS,SCSCF,I:SCSCF,MTAS,T:SCSCF,PCSCF,I:PCSCF,SCSCF,T:PCSCF,SCSCF,R:SCSCF,MTAS,R:MTAS,SCSCF,R:ICSCF,GTW,R:GTW,SCSCF,P:SCSCF,MTAS,P:MTAS,SCSCF,P:SCSCF,PCSCF,P:PCSCF,SCSCF,P-200:SCSCF,MTAS,P-200:MTAS,SCSCF,P-200:SCSCF,GTW,P-200:PCSCF,SCSCF,I-200:SCSCF,MTAS,I-200:MTAS,SCSCF,I-200:ICSCF,GTW,I-200:GTW,SCSCF,A:SCSCF,MTAS,A:MTAS,SCSCF,A:SCSCF,PCSCF,A:GTW,SCSCF,I:SCSCF,GTW,T:SCSCF,MTAS,I:MTAS,SCSCF,T:MTAS,SCSCF,I:SCSCF,MTAS,T:SCSCF,PCSCF,I:SCSCF,MTAS,I-200:MTAS,SCSCF,I-200:PCSCF,SCSCF,I-200:SCSCF,GTW,I-200:GTW,SCSCF,A:SCSCF,MTAS,A:MTAS,SCSCF,A:SCSCF,PCSCF,A:GTW,SCSCF,B:SCSCF,MTAS,B:MTAS,SCSCF,B:SCSCF,PCSCF,B:PCSCF,SCSCF,B-200:SCSCF,MTAS,B-200:MTAS,SCSCF,B-200:SCSCF,GTW,B-200"
367,367,0,0,93,-1.0655497194963175,-0.9995787650576226,5,0,"PCSCF,SCSCF,I:SCSCF,PCSCF,T:SCSCF,ASLI,I:ASLI,SCSCF,T:ASLI,SCSCF,I-500:SCSCF,ASLI,A:MTAS,SCSCF,I:SCSCF,MTAS,T:SCSCF,GTW,I:GTW,SCSCF,T:GTW,SCSCF,S:SCSCF,MTAS,S:SCSCF,PCSCF,S:PCSCF,SCSCF,P:SCSCF,MTAS,P:MTAS,SCSCF,P:SCSCF,GTW,P:GTW,SCSCF,P-200:GTW,SCSCF,S:SCSCF,MTAS,P-200:SCSCF,MTAS,S:MTAS,SCSCF,P-200:SCSCF,PCSCF,P-200:SCSCF,PCSCF,S:PCSCF,SCSCF,P:SCSCF,MTAS,P:MTAS,SCSCF,P:SCSCF,GTW,P:GTW,SCSCF,P-200:GTW,SCSCF,S:SCSCF,MTAS,P-200:SCSCF,MTAS,S:MTAS,SCSCF,P-200:SCSCF,PCSCF,P-200:SCSCF,PCSCF,S:PCSCF,SCSCF,P:SCSCF,MTAS,P:MTAS,SCSCF,P:SCSCF,GTW,P:GTW,SCSCF,P-200:GTW,SCSCF,R:SCSCF,MTAS,P-200:SCSCF,MTAS,R:MTAS,SCSCF,P-200:SCSCF,PCSCF,P-200:SCSCF,PCSCF,R:PCSCF,SCSCF,P:SCSCF,MTAS,P:MTAS,SCSCF,P:SCSCF,GTW,P:GTW,SCSCF,P-200:SCSCF,MTAS,P-200:MTAS,SCSCF,P-200:SCSCF,PCSCF,P-200:GTW,SCSCF,I-200:SCSCF,MTAS,I-200:SCSCF,PCSCF,I-200:PCSCF,SCSCF,A:SCSCF,MTAS,A:MTAS,SCSCF,A:SCSCF,GTW,A:PCSCF,SCSCF,B:SCSCF,MTAS,B:MTAS,SCSCF,B:SCSCF,GTW,B:GTW,SCSCF,B-200:SCSCF,MTAS,B-200:MTAS,SCSCF,B-200:SCSCF,PCSCF,B-200"
368,368,0,0,27,-1.1068920935402213,-1.084849544186241,27,0,"GTW,ICSCF,I:ICSCF,GTW,T:SCSCF,ASLI,I:ASLI,SCSCF,T:ASLI,SCSCF,I-500:SCSCF,ASLI,A:SCSCF,MTAS,I:MTAS,SCSCF,T:MTAS,SCSCF,I:SCSCF,MTAS,T:SCSCF,GTW,I:MTAS,SCSCF,W:ICSCF,GTW,W:GTW,SCSCF,T:GTW,SCSCF,I-486:SCSCF,GTW,A:SCSCF,MTAS,I-486:MTAS,SCSCF,A:MTAS,SCSCF,I-486:SCSCF,MTAS,A:ICSCF,GTW,I-486:GTW,ICSCF,A"
369,369,0,0,76,-0.96556496285212,-0.920391586244535,28,0,"PCSCF,SCSCF,I:SCSCF,PCSCF,T:SCSCF,ASLI,I:ASLI,SCSCF,T:ASLI,SCSCF,I-500:SCSCF,ASLI,A:MTAS,SCSCF,I:SCSCF,MTAS,T:SCSCF,GTW,I:GTW,SCSCF,T:GTW,SCSCF,S:SCSCF,MTAS,S:SCSCF,PCSCF,S:GTW,SCSCF,S:SCSCF,MTAS,S:PCSCF,SCSCF,P:SCSCF,MTAS,P:MTAS,SCSCF,P:SCSCF,GTW,P:GTW,SCSCF,P-200:GTW,SCSCF,S:SCSCF,MTAS,P-200:SCSCF,MTAS,S:MTAS,SCSCF,P-200:SCSCF,PCSCF,P-200:SCSCF,PCSCF,S:PCSCF,SCSCF,P:SCSCF,MTAS,P:MTAS,SCSCF,P:SCSCF,GTW,P:GTW,SCSCF,P-200:SCSCF,MTAS,P-200:MTAS,SCSCF,P-200:SCSCF,PCSCF,P-200:GTW,SCSCF,R:SCSCF,MTAS,R:SCSCF,PCSCF,R:PCSCF,SCSCF,P:SCSCF,MTAS,P:MTAS,SCSCF,P:SCSCF,GTW,P:GTW,SCSCF,P-200:SCSCF,MTAS,P-200:MTAS,SCSCF,P-200:SCSCF,PCSCF,P-200:PCSCF,SCSCF,C:SCSCF,PCSCF,C-200:MTAS,SCSCF,C:SCSCF,MTAS,C-200:SCSCF,GTW,C:GTW,SCSCF,C-200:GTW,SCSCF,I-487:SCSCF,GTW,A:SCSCF,MTAS,I-487:MTAS,SCSCF,A:SCSCF,PCSCF,I-487:PCSCF,SCSCF,A"
370,370,0,0,99,-0.8856204861119631,-0.8632730209696275,104,0,"GTW,ICSCF,I:ICSCF,GTW,T:SCSCF,ASLI,I:ASLI,SCSCF,T:ASLI,SCSCF,I-500:SCSCF,ASLI,A:SCSCF,MTAS,I:MTAS,SCSCF,T:MTAS,SCSCF,I:SCSCF,MTAS,T:SCSCF,PCSCF,I:PCSCF,SCSCF,T:PCSCF,SCSCF,R:SCSCF,MTAS,R:MTAS,SCSCF,R:ICSCF,GTW,R:GTW,SCSCF,P:SCSCF,MTAS,P:MTAS,SCSCF,P:SCSCF,PCSCF,P:PCSCF,SCSCF,P-200:SCSCF,MTAS,P-200:MTAS,SCSCF,P-200:SCSCF,GTW,P-200:PCSCF,SCSCF,I-200:SCSCF,MTAS,I-200:MTAS,SCSCF,I-200:ICSCF,GTW,I-200:GTW,SCSCF,A:SCSCF,MTAS,A:MTAS,SCSCF,A:SCSCF,PCSCF,A:GTW,SCSCF,I:SCSCF,GTW,T:SCSCF,MTAS,I:MTAS,SCSCF,I:MTAS,SCSCF,T:SCSCF,MTAS,T:SCSCF,PCSCF,I:PCSCF,SCSCF,I-200:SCSCF,MTAS,I-200:MTAS,SCSCF,I-200:SCSCF,GTW,I-200:GTW,SCSCF,A:SCSCF,MTAS,A:MTAS,SCSCF,A:SCSCF,PCSCF,A:PCSCF,SCSCF,I:SCSCF,PCSCF,T:SCSCF,PCSCF,I-407:PCSCF,SCSCF,A:PCSCF,SCSCF,I:SCSCF,MTAS,I:MTAS,SCSCF,T:MTAS,SCSCF,I:SCSCF,MTAS,T:SCSCF,GTW,I:GTW,SCSCF,T:SCSCF,PCSCF,T:GTW,SCSCF,I-200:SCSCF,MTAS,I-200:MTAS,SCSCF,I-200:SCSCF,PCSCF,I-200:PCSCF,SCSCF,A:SCSCF,MTAS,A:MTAS,SCSCF,A:SCSCF,GTW,A:PCSCF,SCSCF,A:SCSCF,MTAS,A:GTW,SCSCF,B:SCSCF,MTAS,B:MTAS,SCSCF,B:SCSCF,PCSCF,B:PCSCF,SCSCF,B-200:SCSCF,MTAS,B-200:MTAS,SCSCF,B-200:SCSCF,GTW,B-200"
371,371,0,0,48,-1.2418730508128306,-1.1661116468794053,65,0,"MTAS,SCSCF,I:SCSCF,MTAS,T:SCSCF,GTW,I:GTW,SCSCF,T:GTW,SCSCF,S:SCSCF,MTAS,S:MTAS,SCSCF,P:SCSCF,GTW,P:GTW,SCSCF,P-200:GTW,SCSCF,S:SCSCF,MTAS,P-200:SCSCF,MTAS,S:MTAS,SCSCF,P:SCSCF,GTW,P:GTW,SCSCF,P-200:GTW,SCSCF,S:SCSCF,MTAS,P-200:SCSCF,MTAS,S:MTAS,SCSCF,P:SCSCF,GTW,P:GTW,SCSCF,P-200:SCSCF,MTAS,P-200:GTW,SCSCF,R:SCSCF,MTAS,R:MTAS,SCSCF,P:SCSCF,GTW,P:GTW,SCSCF,P-200:SCSCF,MTAS,P-200:MTAS,SCSCF,C:SCSCF,MTAS,C-200:SCSCF,GTW,C:GTW,SCSCF,C-200:GTW,SCSCF,I-487:SCSCF,GTW,A:SCSCF,MTAS,I-487:MTAS,SCSCF,A"
372,372,0,0,54,-0.9076718860317325,-0.8988661646523032,113,0,"PCSCF,SCSCF,I:SCSCF,ASLI,I:ASLI,SCSCF,T:ASLI,SCSCF,I-500:SCSCF,ASLI,A:MTAS,SCSCF,I:SCSCF,MTAS,T:SCSCF,GTW,I:GTW,SCSCF,T:SCSCF,PCSCF,T:GTW,SCSCF,R:SCSCF,MTAS,R:SCSCF,PCSCF,R:PCSCF,SCSCF,P:MTAS,SCSCF,P:SCSCF,GTW,P:GTW,SCSCF,P-200:SCSCF,MTAS,P-200:SCSCF,PCSCF,P-200:GTW,SCSCF,I-200:SCSCF,MTAS,I-200:SCSCF,PCSCF,I-200:PCSCF,SCSCF,A:SCSCF,MTAS,A:MTAS,SCSCF,A:SCSCF,GTW,A:MTAS,SCSCF,U:SCSCF,GTW,U:GTW,SCSCF,U-200:SCSCF,MTAS,U-200:MTAS,SCSCF,U:SCSCF,PCSCF,U:PCSCF,SCSCF,U-200:SCSCF,MTAS,U-200:PCSCF,SCSCF,B:MTAS,SCSCF,B:SCSCF,GTW,B:GTW,SCSCF,B-200:SCSCF,MTAS,B-200:SCSCF,PCSCF,B-200"
373,373,0,0,54,-1.0020488614050127,-0.9407358886499689,5,0,"PCSCF,SCSCF,I:SCSCF,PCSCF,T:SCSCF,ASLI,I:ASLI,SCSCF,T:ASLI,SCSCF,I-500:SCSCF,ASLI,A:MTAS,SCSCF,I:SCSCF,MTAS,T:SCSCF,GTW,I:GTW,SCSCF,T:GTW,SCSCF,S:SCSCF,MTAS,S:SCSCF,PCSCF,S:PCSCF,SCSCF,P:MTAS,SCSCF,P:SCSCF,GTW,P:GTW,SCSCF,P-200:GTW,SCSCF,R:SCSCF,MTAS,P-200:SCSCF,MTAS,R:SCSCF,PCSCF,P-200:SCSCF,PCSCF,R:PCSCF,SCSCF,P:MTAS,SCSCF,P:SCSCF,GTW,P:GTW,SCSCF,P-200:SCSCF,MTAS,P-200:SCSCF,PCSCF,P-200:GTW,SCSCF,I-200:SCSCF,MTAS,I-200:SCSCF,PCSCF,I-200:PCSCF,SCSCF,A:SCSCF,MTAS,A:MTAS,SCSCF,A:SCSCF,GTW,A:GTW,SCSCF,B:MTAS,SCSCF,B:SCSCF,PCSCF,B:PCSCF,SCSCF,B-200:SCSCF,MTAS,B-200:SCSCF,GTW,B-200"
374,374,0,0,65,-0.78305818071,-0.7827153329279463,53,0,"PCSCF,SCSCF,I:SCSCF,PCSCF,T:SCSCF,PCSCF,I-407:PCSCF,SCSCF,A:PCSCF,SCSCF,I:SCSCF,ASLI,I:SCSCF,PCSCF,T:ASLI,SCSCF,T:ASLI,SCSCF,I-500:SCSCF,ASLI,A:MTAS,SCSCF,I:SCSCF,MTAS,T:SCSCF,GTW,I:GTW,SCSCF,T:GTW,SCSCF,S:SCSCF,MTAS,S:SCSCF,PCSCF,S:PCSCF,SCSCF,P:SCSCF,MTAS,P:MTAS,SCSCF,P:SCSCF,GTW,P:GTW,SCSCF,P-200:SCSCF,MTAS,P-200:MTAS,SCSCF,P-200:SCSCF,PCSCF,P-200:GTW,SCSCF,R:SCSCF,MTAS,R:SCSCF,PCSCF,R:PCSCF,SCSCF,P:SCSCF,MTAS,P:MTAS,SCSCF,P:SCSCF,GTW,P:GTW,SCSCF,P-200:SCSCF,MTAS,P-200:MTAS,SCSCF,P-200:SCSCF,PCSCF,P-200:GTW,SCSCF,I-200:SCSCF,MTAS,I-200:SCSCF,PCSCF,I-200:PCSCF,SCSCF,A:SCSCF,MTAS,A:MTAS,SCSCF,A:SCSCF,GTW,A:GTW,SCSCF,B:MTAS,SCSCF,B:SCSCF,PCSCF,B:PCSCF,SCSCF,B-200:SCSCF,MTAS,B-200:SCSCF,GTW,B-200"
375,375,0,0,53,-0.5580796493555895,-0.5578487553282819,113,0,"PCSCF,SCSCF,I:SCSCF,PCSCF,T:SCSCF,ASLI,I:ASLI,SCSCF,T:ASLI,SCSCF,I-500:SCSCF,ASLI,A:MTAS,SCSCF,I:SCSCF,MTAS,T:SCSCF,GTW,I:GTW,SCSCF,T:GTW,SCSCF,R:SCSCF,MTAS,R:SCSCF,PCSCF,R:PCSCF,SCSCF,P:MTAS,SCSCF,P:SCSCF,GTW,P:GTW,SCSCF,P-200:SCSCF,MTAS,P-200:SCSCF,PCSCF,P-200:GTW,SCSCF,I-200:SCSCF,MTAS,I-200:SCSCF,PCSCF,I-200:PCSCF,SCSCF,A:SCSCF,MTAS,A:MTAS,SCSCF,A:SCSCF,GTW,A:MTAS,SCSCF,U:SCSCF,GTW,U:SCSCF,PCSCF,U:GTW,SCSCF,U-200:SCSCF,MTAS,U-200:PCSCF,SCSCF,U-200:SCSCF,MTAS,U-200:PCSCF,SCSCF,B:MTAS,SCSCF,B:SCSCF,GTW,B:GTW,SCSCF,B-200:SCSCF,MTAS,B-200:SCSCF,PCSCF,B-200"
376,376,0,0,67,-0.7395398996581432,-0.7143372735098598,49,0,"PCSCF,SCSCF,I:SCSCF,ASLI,I:ASLI,SCSCF,T:SCSCF,PCSCF,T:ASLI,SCSCF,I-500:SCSCF,ASLI,A:MTAS,SCSCF,I:SCSCF,MTAS,T:SCSCF,ASLI,I:ASLI,SCSCF,T:ASLI,SCSCF,I-500:SCSCF,MTAS,I:SCSCF,ASLI,A:MTAS,SCSCF,T:MTAS,SCSCF,I:SCSCF,MTAS,T:SCSCF,PCSCF,I:PCSCF,SCSCF,T:PCSCF,SCSCF,R:SCSCF,MTAS,R:MTAS,SCSCF,R:SCSCF,MTAS,R:SCSCF,PCSCF,R:PCSCF,SCSCF,P:MTAS,SCSCF,P:SCSCF,MTAS,P:MTAS,SCSCF,P:SCSCF,PCSCF,P:PCSCF,SCSCF,P-200:SCSCF,MTAS,P-200:MTAS,SCSCF,P-200:SCSCF,MTAS,P-200:SCSCF,PCSCF,P-200:PCSCF,SCSCF,I-200:SCSCF,MTAS,I-200:MTAS,SCSCF,I-200:SCSCF,MTAS,I-200:SCSCF,PCSCF,I-200:PCSCF,SCSCF,A:MTAS,SCSCF,A:SCSCF,MTAS,A:MTAS,SCSCF,A:SCSCF,PCSCF,A:PCSCF,SCSCF,B:SCSCF,MTAS,B:MTAS,SCSCF,B:SCSCF,PCSCF,B:PCSCF,SCSCF,B-200:SCSCF,MTAS,B-200:MTAS,SCSCF,B-200:SCSCF,PCSCF,B-200"
377,377,0,0,63,-0.9069636935752681,-0.8773470969876797,56,0,"GTW,ICSCF,I:ICSCF,GTW,T:SCSCF,ASLI,I:ASLI,SCSCF,T:ASLI,SCSCF,I-500:SCSCF,ASLI,A:SCSCF,MTAS,I:MTAS,SCSCF,T:MTAS,SCSCF,I:SCSCF,MTAS,T:SCSCF,PCSCF,I:PCSCF,SCSCF,T:PCSCF,SCSCF,R:SCSCF,MTAS,R:MTAS,SCSCF,R:ICSCF,GTW,R:GTW,SCSCF,P:SCSCF,MTAS,P:MTAS,SCSCF,P:SCSCF,PCSCF,P:PCSCF,SCSCF,P-200:SCSCF,MTAS,P-200:MTAS,SCSCF,P-200:SCSCF,GTW,P-200:MTAS,SCSCF,C:SCSCF,MTAS,C-200:SCSCF,PCSCF,C:PCSCF,SCSCF,C-200:PCSCF,SCSCF,I-487:SCSCF,PCSCF,A:SCSCF,MTAS,I-487:MTAS,SCSCF,A:MTAS,SCSCF,W:ICSCF,GTW,W:MTAS,SCSCF,S:ICSCF,GTW,S:GTW,SCSCF,P:SCSCF,MTAS,P:MTAS,SCSCF,P-200:SCSCF,GTW,P-200:GTW,ICSCF,C:ICSCF,GTW,C-200:SCSCF,MTAS,C:MTAS,SCSCF,C-200:MTAS,SCSCF,I-487:SCSCF,MTAS,A:ICSCF,GTW,I-487:GTW,ICSCF,A"
378,378,0,0,103,-0.8513859054527741,-0.8238139097993993,59,0,"PCSCF,SCSCF,I:SCSCF,PCSCF,T:SCSCF,PCSCF,I-407:PCSCF,SCSCF,A:PCSCF,SCSCF,I:SCSCF,ASLI,I:ASLI,SCSCF,T:ASLI,SCSCF,I-500:SCSCF,ASLI,A:SCSCF,PCSCF,T:MTAS,SCSCF,I:SCSCF,MTAS,T:SCSCF,GTW,I:GTW,SCSCF,T:GTW,SCSCF,S:SCSCF,MTAS,S:SCSCF,PCSCF,S:PCSCF,SCSCF,P:SCSCF,MTAS,P:MTAS,SCSCF,P:SCSCF,GTW,P:GTW,SCSCF,P-200:SCSCF,MTAS,P-200:MTAS,SCSCF,P-200:SCSCF,PCSCF,P-200:GTW,SCSCF,R:SCSCF,MTAS,R:SCSCF,PCSCF,R:PCSCF,SCSCF,P:SCSCF,MTAS,P:MTAS,SCSCF,P:SCSCF,GTW,P:GTW,SCSCF,P-200:SCSCF,MTAS,P-200:MTAS,SCSCF,P-200:SCSCF,PCSCF,P-200:GTW,SCSCF,I-200:SCSCF,MTAS,I-200:SCSCF,PCSCF,I-200:PCSCF,SCSCF,A:SCSCF,MTAS,A:MTAS,SCSCF,A:SCSCF,GTW,A:MTAS,SCSCF,U:SCSCF,GTW,U:SCSCF,PCSCF,U:GTW,SCSCF,U-200:SCSCF,MTAS,U-200:PCSCF,SCSCF,U-200:SCSCF,MTAS,U-200:MTAS,SCSCF,U:SCSCF,GTW,U:GTW,SCSCF,U-200:SCSCF,MTAS,U-200:MTAS,SCSCF,U:SCSCF,PCSCF,U:PCSCF,SCSCF,U-200:SCSCF,MTAS,U-200:MTAS,SCSCF,U:SCSCF,GTW,U:GTW,SCSCF,U-200:SCSCF,MTAS,U-200:MTAS,SCSCF,U:SCSCF,PCSCF,U:PCSCF,SCSCF,U-200:SCSCF,MTAS,U-200:PCSCF,SCSCF,B:SCSCF,MTAS,B:MTAS,SCSCF,B:SCSCF,GTW,B:GTW,SCSCF,B-200:SCSCF,MTAS,B-200:MTAS,SCSCF,B-200:SCSCF,PCSCF,B-200"
379,379,0,0,84,-0.8956234826258144,-0.8373397896613897,1,0,"GTW,ICSCF,I:ICSCF,GTW,T:SCSCF,ASLI,I:ASLI,SCSCF,T:ASLI,SCSCF,I-500:SCSCF,ASLI,A:SCSCF,MTAS,I:MTAS,SCSCF,T:MTAS,SCSCF,I:SCSCF,MTAS,T:SCSCF,PCSCF,I:PCSCF,SCSCF,T:PCSCF,SCSCF,R:SCSCF,MTAS,R:MTAS,SCSCF,R:ICSCF,GTW,R:GTW,SCSCF,P:SCSCF,MTAS,P:MTAS,SCSCF,P:SCSCF,PCSCF,P:PCSCF,SCSCF,P-200:SCSCF,MTAS,P-200:MTAS,SCSCF,P-200:SCSCF,GTW,P-200:PCSCF,SCSCF,I-200:SCSCF,MTAS,I-200:MTAS,SCSCF,I-200:ICSCF,GTW,I-200:GTW,SCSCF,A:SCSCF,MTAS,A:MTAS,SCSCF,A:SCSCF,PCSCF,A:PCSCF,SCSCF,I:SCSCF,PCSCF,T:SCSCF,PCSCF,I-407:PCSCF,SCSCF,A:PCSCF,SCSCF,I:SCSCF,PCSCF,T:SCSCF,MTAS,I:MTAS,SCSCF,T:MTAS,SCSCF,I:SCSCF,MTAS,T:SCSCF,GTW,I:GTW,SCSCF,T:GTW,SCSCF,I-200:SCSCF,MTAS,I-200:MTAS,SCSCF,I-200:SCSCF,PCSCF,I-200:PCSCF,SCSCF,A:SCSCF,MTAS,A:MTAS,SCSCF,A:SCSCF,GTW,A:PCSCF,SCSCF,B:SCSCF,MTAS,B:MTAS,SCSCF,B-200:SCSCF,PCSCF,B-200:MTAS,SCSCF,U:SCSCF,GTW,U:GTW,SCSCF,U-200:SCSCF,MTAS,U-200:MTAS,SCSCF,B:SCSCF,GTW,B:GTW,SCSCF,B-200:SCSCF,MTAS,B-200"
380,380,0,0,53,-0.554626266045147,-0.5530940413759698,5,0,"GTW,ICSCF,I:ICSCF,GTW,T:SCSCF,ASLI,I:ASLI,SCSCF,T:ASLI,SCSCF,I-500:SCSCF,ASLI,A:SCSCF,MTAS,I:MTAS,SCSCF,T:MTAS,SCSCF,I:SCSCF,MTAS,T:SCSCF,PCSCF,I:PCSCF,SCSCF,T:PCSCF,SCSCF,R:MTAS,SCSCF,R:ICSCF,GTW,R:GTW,SCSCF,P:SCSCF,MTAS,P:SCSCF,PCSCF,P:SCSCF,MTAS,R:MTAS,SCSCF,P:PCSCF,SCSCF,P-200:MTAS,SCSCF,P-200:SCSCF,MTAS,P-200:SCSCF,GTW,P-200:PCSCF,SCSCF,I-200:SCSCF,MTAS,I-200:MTAS,SCSCF,I-200:ICSCF,GTW,I-200:GTW,SCSCF,A:SCSCF,MTAS,A:SCSCF,PCSCF,A:MTAS,SCSCF,A:GTW,SCSCF,B:SCSCF,MTAS,B:MTAS,SCSCF,B:SCSCF,PCSCF,B:PCSCF,SCSCF,B-200:SCSCF,MTAS,B-200:MTAS,SCSCF,B-200:SCSCF,GTW,B-200"
381,381,0,0,53,-0.49137202578791994,-0.4912903569975366,49,0,"GTW,ICSCF,I:ICSCF,GTW,T:SCSCF,ASLI,I:ASLI,SCSCF,T:ASLI,SCSCF,I-500:SCSCF,BCCAS,I:SCSCF,ASLI,A:BCCAS,SCSCF,T:BCCAS,SCSCF,I:SCSCF,BCCAS,T:SCSCF,PCSCF,I:PCSCF,SCSCF,T:PCSCF,SCSCF,R:SCSCF,BCCAS,R:BCCAS,SCSCF,R:ICSCF,GTW,R:GTW,SCSCF,P:SCSCF,BCCAS,P:BCCAS,SCSCF,P:SCSCF,PCSCF,P:PCSCF,SCSCF,P-200:SCSCF,BCCAS,P-200:BCCAS,SCSCF,P-200:SCSCF,GTW,P-200:PCSCF,SCSCF,I-200:SCSCF,BCCAS,I-200:BCCAS,SCSCF,I-200:ICSCF,GTW,I-200:GTW,SCSCF,A:SCSCF,BCCAS,A:BCCAS,SCSCF,A:SCSCF,PCSCF,A:GTW,SCSCF,B:SCSCF,BCCAS,B:BCCAS,SCSCF,B:SCSCF,PCSCF,B:PCSCF,SCSCF,B-200:SCSCF,BCCAS,B-200:BCCAS,SCSCF,B-200:SCSCF,GTW,B-200"
382,382,0,0,69,-0.9186489900283302,-0.8923050551870083,59,0,"PCSCF,SCSCF,I:SCSCF,PCSCF,T:SCSCF,PCSCF,I-407:PCSCF,SCSCF,A:PCSCF,SCSCF,I:SCSCF,PCSCF,T:SCSCF,ASLI,I:ASLI,SCSCF,T:ASLI,SCSCF,I-500:SCSCF,ASLI,A:MTAS,SCSCF,I:SCSCF,MTAS,T:SCSCF,GTW,I:GTW,SCSCF,T:GTW,SCSCF,I-200:SCSCF,MTAS,I-200:SCSCF,PCSCF,I-200:PCSCF,SCSCF,A:SCSCF,MTAS,A:MTAS,SCSCF,A:SCSCF,GTW,A:MTAS,SCSCF,U:SCSCF,GTW,U:GTW,SCSCF,U-200:SCSCF,PCSCF,U:SCSCF,MTAS,U-200:PCSCF,SCSCF,U-200:SCSCF,MTAS,U-200:MTAS,SCSCF,U:SCSCF,GTW,U:GTW,SCSCF,U-200:SCSCF,MTAS,U-200:MTAS,SCSCF,U:SCSCF,PCSCF,U:PCSCF,SCSCF,U-200:SCSCF,MTAS,U-200:MTAS,SCSCF,U:SCSCF,GTW,U:GTW,SCSCF,U-200:SCSCF,PCSCF,U:SCSCF,MTAS,U-200:PCSCF,SCSCF,U-200:SCSCF,MTAS,U-200:PCSCF,SCSCF,B:MTAS,SCSCF,B:GTW,SCSCF,B-200:SCSCF,MTAS,B-200:SCSCF,GTW,B:SCSCF,PCSCF,B-200"
383,383,0,0,53,-0.6876890016990694,-0.6667339429086406,5,0,"GTW,ICSCF,I:ICSCF,GTW,T:SCSCF,ASLI,I:ASLI,SCSCF,T:ASLI,SCSCF,I-500:SCSCF,ASLI,A:SCSCF,MTAS,I:MTAS,SCSCF,T:MTAS,SCSCF,I:SCSCF,MTAS,T:SCSCF,PCSCF,I:PCSCF,SCSCF,T:PCSCF,SCSCF,R:SCSCF,MTAS,R:MTAS,SCSCF,R:ICSCF,GTW,R:GTW,SCSCF,P:SCSCF,MTAS,P:MTAS,SCSCF,P:SCSCF,PCSCF,P:PCSCF,SCSCF,P-200:SCSCF,MTAS,P-200:MTAS,SCSCF,P-200:SCSCF,GTW,P-200:PCSCF,SCSCF,I-200:SCSCF,MTAS,I-200:ICSCF,GTW,I-200:GTW,SCSCF,A:MTAS,SCSCF,I-200:SCSCF,MTAS,A:MTAS,SCSCF,A:SCSCF,PCSCF,A:PCSCF,SCSCF,B:SCSCF,MTAS,B:MTAS,SCSCF,B:SCSCF,GTW,B:GTW,SCSCF,B-200:SCSCF,MTAS,B-200:MTAS,SCSCF,B-200:SCSCF,PCSCF,B-200"
384,384,0,0,53,-0.36705100684479475,-0.3669834238881995,5,0,"GTW,ICSCF,I:ICSCF,GTW,T:SCSCF,ASLI,I:ASLI,SCSCF,T:ASLI,SCSCF,I-500:SCSCF,ASLI,A:SCSCF,MTAS,I:MTAS,SCSCF,T:MTAS,SCSCF,I:SCSCF,MTAS,T:SCSCF,PCSCF,I:PCSCF,SCSCF,T:PCSCF,SCSCF,R:SCSCF,MTAS,R:MTAS,SCSCF,R:ICSCF,GTW,R:GTW,SCSCF,P:SCSCF,MTAS,P:SCSCF,PCSCF,P:MTAS,SCSCF,P:PCSCF,SCSCF,P-200:SCSCF,MTAS,P-200:MTAS,SCSCF,P-200:SCSCF,GTW,P-200:PCSCF,SCSCF,I-200:SCSCF,MTAS,I-200:MTAS,SCSCF,I-200:ICSCF,GTW,I-200:GTW,SCSCF,A:SCSCF,MTAS,A:MTAS,SCSCF,A:SCSCF,PCSCF,A:GTW,SCSCF,B:SCSCF,MTAS,B:MTAS,SCSCF,B:SCSCF,PCSCF,B:PCSCF,SCSCF,B-200:SCSCF,MTAS,B-200:MTAS,SCSCF,B-200:SCSCF,GTW,B-200"
385,385,0,0,77,-1.1809695607210415,-1.171745455164266,14,0,"PCSCF,SCSCF,I:SCSCF,PCSCF,T:SCSCF,ASLI,I:ASLI,SCSCF,T:ASLI,SCSCF,I-500:SCSCF,ASLI,A:MTAS,SCSCF,I:SCSCF,MTAS,T:SCSCF,GTW,I:GTW,SCSCF,T:GTW,SCSCF,W:SCSCF,MTAS,W:SCSCF,PCSCF,W:PCSCF,SCSCF,P:SCSCF,MTAS,P:MTAS,SCSCF,P:SCSCF,GTW,P:GTW,SCSCF,P-200:SCSCF,MTAS,P-200:MTAS,SCSCF,P-200:SCSCF,PCSCF,P-200:GTW,SCSCF,R:SCSCF,MTAS,R:SCSCF,PCSCF,R:GTW,SCSCF,I-200:SCSCF,MTAS,I-200:PCSCF,SCSCF,P:SCSCF,MTAS,P:MTAS,SCSCF,P:SCSCF,GTW,P:GTW,SCSCF,P-200:SCSCF,MTAS,P-200:MTAS,SCSCF,P-200:SCSCF,PCSCF,I-200:SCSCF,PCSCF,P-200:PCSCF,SCSCF,A:SCSCF,MTAS,A:MTAS,SCSCF,A:SCSCF,GTW,A:GTW,SCSCF,I:SCSCF,GTW,T:MTAS,SCSCF,I:SCSCF,MTAS,T:SCSCF,PCSCF,I:PCSCF,SCSCF,I-200:SCSCF,MTAS,I-200:SCSCF,GTW,I-200:GTW,SCSCF,A:MTAS,SCSCF,A:SCSCF,PCSCF,A:PCSCF,SCSCF,B:SCSCF,MTAS,B:MTAS,SCSCF,B:SCSCF,GTW,B:GTW,SCSCF,B-200:SCSCF,MTAS,B-200:MTAS,SCSCF,B-200:SCSCF,PCSCF,B-200"
386,386,0,0,53,-0.5469768939579552,-0.5449885091442139,5,0,"GTW,ICSCF,I:ICSCF,GTW,T:SCSCF,ASLI,I:ASLI,SCSCF,T:ASLI,SCSCF,I-500:SCSCF,ASLI,A:SCSCF,MTAS,I:MTAS,SCSCF,T:MTAS,SCSCF,I:SCSCF,MTAS,T:SCSCF,PCSCF,I:PCSCF,SCSCF,T:SCSCF,MTAS,R:MTAS,SCSCF,R:SCSCF,MTAS,P:MTAS,SCSCF,P:PCSCF,SCSCF,R:ICSCF,GTW,R:GTW,SCSCF,P:SCSCF,PCSCF,P:SCSCF,MTAS,P-200:MTAS,SCSCF,P-200:PCSCF,SCSCF,P-200:SCSCF,GTW,P-200:PCSCF,SCSCF,I-200:SCSCF,MTAS,I-200:MTAS,SCSCF,I-200:ICSCF,GTW,I-200:SCSCF,MTAS,A:GTW,SCSCF,A:MTAS,SCSCF,A:SCSCF,PCSCF,A:PCSCF,SCSCF,B:SCSCF,MTAS,B:MTAS,SCSCF,B:SCSCF,GTW,B:GTW,SCSCF,B-200:SCSCF,MTAS,B-200:MTAS,SCSCF,B-200:SCSCF,PCSCF,B-200"
387,387,0,0,83,-0.7752839389361972,-0.7247809204963194,113,0,"PCSCF,SCSCF,I:SCSCF,PCSCF,T:SCSCF,ASLI,I:ASLI,SCSCF,T:ASLI,SCSCF,I-500:SCSCF,ASLI,A:MTAS,SCSCF,I:SCSCF,MTAS,T:SCSCF,ASLI,I:ASLI,SCSCF,T:ASLI,SCSCF,I-500:SCSCF,MTAS,I:SCSCF,ASLI,A:MTAS,SCSCF,T:MTAS,SCSCF,I:SCSCF,MTAS,T:SCSCF,PCSCF,I:PCSCF,SCSCF,T:MTAS,SCSCF,R:PCSCF,SCSCF,R:SCSCF,MTAS,R:SCSCF,PCSCF,R:MTAS,SCSCF,P:PCSCF,SCSCF,P:SCSCF,MTAS,P:MTAS,SCSCF,P:SCSCF,PCSCF,P:PCSCF,SCSCF,P-200:SCSCF,MTAS,P-200:MTAS,SCSCF,P-200:SCSCF,MTAS,P-200:SCSCF,PCSCF,P-200:PCSCF,SCSCF,I-200:SCSCF,MTAS,I-200:MTAS,SCSCF,I-200:SCSCF,MTAS,I-200:SCSCF,PCSCF,I-200:PCSCF,SCSCF,A:MTAS,SCSCF,A:SCSCF,MTAS,A:MTAS,SCSCF,A:SCSCF,PCSCF,A:MTAS,SCSCF,U:SCSCF,PCSCF,U:SCSCF,MTAS,U-200:MTAS,SCSCF,U:SCSCF,PCSCF,U:PCSCF,SCSCF,U-200:SCSCF,MTAS,U-200:PCSCF,SCSCF,U-200:SCSCF,MTAS,U-200:PCSCF,SCSCF,B:MTAS,SCSCF,B:SCSCF,MTAS,B:MTAS,SCSCF,B:SCSCF,PCSCF,B:PCSCF,SCSCF,B-200:SCSCF,MTAS,B-200:MTAS,SCSCF,B-200:SCSCF,MTAS,B-200:SCSCF,PCSCF,B-200"
388,388,0,0,33,-1.0459170783953184,-1.0456584854760058,49,0,"MTAS,SCSCF,I:SCSCF,MTAS,T:SCSCF,PCSCF,I:PCSCF,SCSCF,T:PCSCF,SCSCF,R:SCSCF,MTAS,R:MTAS,SCSCF,P:SCSCF,PCSCF,P:PCSCF,SCSCF,P-200:SCSCF,MTAS,P-200:PCSCF,SCSCF,I-200:SCSCF,MTAS,I-200:MTAS,SCSCF,A:MTAS,SCSCF,I:SCSCF,PCSCF,A:SCSCF,MTAS,T:SCSCF,PCSCF,I:PCSCF,SCSCF,I-200:SCSCF,MTAS,I-200:MTAS,SCSCF,A:SCSCF,PCSCF,A:MTAS,SCSCF,B:SCSCF,PCSCF,B:PCSCF,SCSCF,B-200:SCSCF,MTAS,B-200"
389,389,0,0,59,-0.7458848781728138,-0.703319981483893,5,0,"GTW,ICSCF,I:ICSCF,GTW,T:SCSCF,ASLI,I:ASLI,SCSCF,T:ASLI,SCSCF,I-500:SCSCF,ASLI,A:SCSCF,MTAS,I:MTAS,SCSCF,T:MTAS,SCSCF,I:SCSCF,MTAS,T:SCSCF,PCSCF,I:PCSCF,SCSCF,T:PCSCF,SCSCF,R:SCSCF,MTAS,R:MTAS,SCSCF,R:ICSCF,GTW,R:GTW,SCSCF,P:SCSCF,MTAS,P:MTAS,SCSCF,P:SCSCF,PCSCF,P:PCSCF,SCSCF,P-200:SCSCF,MTAS,P-200:MTAS,SCSCF,P-200:SCSCF,GTW,P-200:PCSCF,SCSCF,I-200:SCSCF,MTAS,I-200:MTAS,SCSCF,I-200:ICSCF,GTW,I-200:GTW,SCSCF,A:SCSCF,MTAS,A:MTAS,SCSCF,A:SCSCF,PCSCF,A:GTW,SCSCF,B:SCSCF,MTAS,B:PCSCF,SCSCF,B:MTAS,SCSCF,B:SCSCF,MTAS,B:SCSCF,PCSCF,B:MTAS,SCSCF,B-200:SCSCF,PCSCF,B-200:PCSCF,SCSCF,B-481:SCSCF,MTAS,B-481:MTAS,SCSCF,B-200:SCSCF,GTW,B-200"
390,390,0,0,77,-0.8259779165502857,-0.8239921634127614,59,0,"PCSCF,SCSCF,I:SCSCF,ASLI,I:ASLI,SCSCF,T:SCSCF,PCSCF,T:ASLI,SCSCF,I-500:SCSCF,ASLI,A:MTAS,SCSCF,I:SCSCF,MTAS,T:SCSCF,GTW,I:GTW,SCSCF,T:GTW,SCSCF,R:SCSCF,MTAS,R:SCSCF,PCSCF,R:PCSCF,SCSCF,P:MTAS,SCSCF,P:SCSCF,GTW,P:GTW,SCSCF,P-200:SCSCF,MTAS,P-200:SCSCF,PCSCF,P-200:GTW,SCSCF,I-200:SCSCF,MTAS,I-200:SCSCF,PCSCF,I-200:PCSCF,SCSCF,A:SCSCF,MTAS,A:MTAS,SCSCF,A:SCSCF,GTW,A:MTAS,SCSCF,U:SCSCF,GTW,U:SCSCF,PCSCF,U:GTW,SCSCF,U-200:SCSCF,MTAS,U-200:PCSCF,SCSCF,U-200:SCSCF,MTAS,U-200:MTAS,SCSCF,U:SCSCF,GTW,U:GTW,SCSCF,U-200:SCSCF,MTAS,U-200:MTAS,SCSCF,U:SCSCF,PCSCF,U:PCSCF,SCSCF,U-200:SCSCF,MTAS,U-200:MTAS,SCSCF,U:SCSCF,GTW,U:GTW,SCSCF,U-200:SCSCF,MTAS,U-200:MTAS,SCSCF,U:SCSCF,PCSCF,U:PCSCF,SCSCF,U-200:SCSCF,MTAS,U-200:PCSCF,SCSCF,B:MTAS,SCSCF,B:SCSCF,GTW,B:GTW,SCSCF,B-200:SCSCF,MTAS,B-200:SCSCF,PCSCF,B-200"
391,391,0,0,82,-1.1445578448464906,-1.1391333652630196,24,0,"PCSCF,SCSCF,I:SCSCF,PCSCF,T:SCSCF,PCSCF,I-407:PCSCF,SCSCF,A:PCSCF,SCSCF,I:SCSCF,ASLI,I:ASLI,SCSCF,T:ASLI,SCSCF,I-500:SCSCF,ASLI,A:SCSCF,PCSCF,T:MTAS,SCSCF,I:SCSCF,MTAS,T:SCSCF,ASLI,I:ASLI,SCSCF,T:ASLI,SCSCF,I-500:SCSCF,ASLI,A:SCSCF,MTAS,I:MTAS,SCSCF,T:MTAS,SCSCF,I:SCSCF,MTAS,T:SCSCF,PCSCF,I:PCSCF,SCSCF,T:PCSCF,SCSCF,R:SCSCF,MTAS,R:MTAS,SCSCF,R:SCSCF,MTAS,R:SCSCF,PCSCF,R:PCSCF,SCSCF,P:MTAS,SCSCF,P:SCSCF,MTAS,P:MTAS,SCSCF,P:SCSCF,PCSCF,P:PCSCF,SCSCF,R:SCSCF,MTAS,R:PCSCF,SCSCF,P-200:SCSCF,MTAS,P-200:MTAS,SCSCF,P-200:SCSCF,MTAS,P-200:SCSCF,PCSCF,P-200:PCSCF,SCSCF,I-200:SCSCF,MTAS,I-200:MTAS,SCSCF,I-200:SCSCF,MTAS,I-200:SCSCF,PCSCF,I-200:PCSCF,SCSCF,B:SCSCF,MTAS,B:PCSCF,SCSCF,I-200:SCSCF,MTAS,I-200:PCSCF,SCSCF,A:MTAS,SCSCF,A:SCSCF,MTAS,A:MTAS,SCSCF,A:SCSCF,PCSCF,A:SCSCF,PCSCF,B-408:PCSCF,SCSCF,B:MTAS,SCSCF,B:SCSCF,MTAS,B:MTAS,SCSCF,B:SCSCF,MTAS,B-481:MTAS,SCSCF,B-200:SCSCF,MTAS,B-200:SCSCF,PCSCF,B-200"
392,392,0,0,59,-0.8277575696803794,-0.8274713654061354,53,0,"PCSCF,SCSCF,I:SCSCF,PCSCF,T:SCSCF,PCSCF,I-407:PCSCF,SCSCF,A:PCSCF,SCSCF,I:SCSCF,ASLI,I:SCSCF,PCSCF,T:ASLI,SCSCF,T:ASLI,SCSCF,I-500:SCSCF,ASLI,A:MTAS,SCSCF,I:SCSCF,MTAS,T:SCSCF,GTW,I:GTW,SCSCF,T:GTW,SCSCF,S:SCSCF,MTAS,S:SCSCF,PCSCF,S:PCSCF,SCSCF,P:MTAS,SCSCF,P:SCSCF,GTW,P:GTW,SCSCF,P-200:SCSCF,MTAS,P-200:SCSCF,PCSCF,P-200:GTW,SCSCF,R:SCSCF,MTAS,R:SCSCF,PCSCF,R:PCSCF,SCSCF,P:MTAS,SCSCF,P:SCSCF,GTW,P:GTW,SCSCF,P-200:SCSCF,MTAS,P-200:SCSCF,PCSCF,P-200:GTW,SCSCF,I-200:SCSCF,MTAS,I-200:SCSCF,PCSCF,I-200:PCSCF,SCSCF,A:SCSCF,MTAS,A:MTAS,SCSCF,A:SCSCF,GTW,A:GTW,SCSCF,B:MTAS,SCSCF,B:SCSCF,PCSCF,B:PCSCF,SCSCF,B-200:SCSCF,MTAS,B-200:SCSCF,GTW,B-200"
393,393,0,0,64,-0.5071611853254706,-0.5068921572321005,113,0,"GTW,ICSCF,I:ICSCF,GTW,T:SCSCF,ASLI,I:ASLI,SCSCF,T:ASLI,SCSCF,I-500:SCSCF,ASLI,A:SCSCF,MTAS,I:MTAS,SCSCF,T:MTAS,SCSCF,I:SCSCF,MTAS,T:SCSCF,PCSCF,I:PCSCF,SCSCF,T:SCSCF,MTAS,R:PCSCF,SCSCF,R:MTAS,SCSCF,R:ICSCF,GTW,R:GTW,SCSCF,P:SCSCF,MTAS,P:MTAS,SCSCF,P:SCSCF,PCSCF,P:SCSCF,MTAS,P-200:PCSCF,SCSCF,P-200:MTAS,SCSCF,P-200:SCSCF,GTW,P-200:PCSCF,SCSCF,I-200:SCSCF,MTAS,I-200:MTAS,SCSCF,I-200:ICSCF,GTW,I-200:GTW,SCSCF,A:SCSCF,MTAS,A:MTAS,SCSCF,A:SCSCF,PCSCF,A:MTAS,SCSCF,U:SCSCF,PCSCF,U:SCSCF,GTW,U:GTW,SCSCF,U-200:SCSCF,MTAS,U-200:PCSCF,SCSCF,U-200:SCSCF,MTAS,U-200:GTW,SCSCF,B:SCSCF,MTAS,B:MTAS,SCSCF,B:SCSCF,PCSCF,B:PCSCF,SCSCF,B-200:SCSCF,MTAS,B-200:MTAS,SCSCF,B-200:SCSCF,GTW,B-200"
394,394,0,0,20,-1.2671236304598448,-1.2595082875026034,54,0,"PCSCF,SCSCF,I:SCSCF,PCSCF,T:SCSCF,ASLI,I:ASLI,SCSCF,T:ASLI,SCSCF,I-500:SCSCF,ASLI,A:MTAS,SCSCF,I:SCSCF,MTAS,T:SCSCF,GTW,I:GTW,SCSCF,T:GTW,SCSCF,I-484:SCSCF,MTAS,I-484:SCSCF,GTW,A:MTAS,SCSCF,A:SCSCF,PCSCF,I-484:PCSCF,SCSCF,A"
395,395,0,1,23,-1.8412651679086285,-1.7873544160443655,190,0,"GTW,ICSCF,I:ICSCF,GTW,T:SCSCF,ASLI,I:ASLI,SCSCF,T:ASLI,SCSCF,I-500:SCSCF,MTAS,I:SCSCF,ASLI,A:MTAS,SCSCF,T:MTAS,SCSCF,S:ICSCF,GTW,S:GTW,SCSCF,P:SCSCF,MTAS,P:MTAS,SCSCF,P-200:SCSCF,GTW,P-200:MTAS,SCSCF,I-603:SCSCF,MTAS,A:ICSCF,GTW,I-603:GTW,ICSCF,A"
396,396,0,0,42,-1.1401499123855117,-1.080842693171699,53,0,"GTW,SCSCF,I:SCSCF,GTW,T:SCSCF,SLEVOOSP,I:SLEVOOSP,SCSCF,T:SLEVOOSP,SCSCF,I:SCSCF,SLEVOOSP,T:SCSCF,LBIMP,I:LBIMP,SCSCF,T:LBIMP,SCSCF,R:SCSCF,SLEVOOSP,R:LBIMP,SCSCF,I-200:SCSCF,SLEVOOSP,I-200:SLEVOOSP,SCSCF,S:SCSCF,GTW,S:GTW,SCSCF,P:SCSCF,SLEVOOSP,P:SLEVOOSP,SCSCF,P-200:SCSCF,GTW,P-200:SLEVOOSP,SCSCF,I-200:SCSCF,GTW,I-200:GTW,SCSCF,A:SCSCF,SLEVOOSP,A:SLEVOOSP,SCSCF,A:SCSCF,LBIMP,A:LBIMP,SCSCF,B:SCSCF,SLEVOOSP,B:SLEVOOSP,SCSCF,B-200:SCSCF,LBIMP,B-200:GTW,SCSCF,B:SCSCF,SLEVOOSP,B:SLEVOOSP,SCSCF,B-200:SCSCF,GTW,B-200"
397,397,0,1,54,-1.4742061746346191,-1.4721838659282285,226,0,"PCSCF,SCSCF,I:SCSCF,ASLI,I:ASLI,SCSCF,T:ASLI,SCSCF,I-500:SCSCF,ASLI,A:MTAS,SCSCF,I:SCSCF,MTAS,T:SCSCF,PCSCF,T:SCSCF,GTW,I:GTW,SCSCF,T:GTW,SCSCF,S:SCSCF,MTAS,S:SCSCF,PCSCF,S:PCSCF,SCSCF,P:MTAS,SCSCF,P:SCSCF,GTW,P:GTW,SCSCF,P-200:SCSCF,MTAS,P-200:SCSCF,PCSCF,P-200:GTW,SCSCF,S:SCSCF,MTAS,S:SCSCF,PCSCF,S:GTW,SCSCF,I-200:SCSCF,MTAS,I-200:SCSCF,PCSCF,I-200:PCSCF,SCSCF,P:MTAS,SCSCF,P:SCSCF,GTW,P:GTW,SCSCF,P-200:SCSCF,MTAS,P-200:PCSCF,SCSCF,A:SCSCF,MTAS,A:MTAS,SCSCF,A:SCSCF,GTW,A:SCSCF,PCSCF,P-200:GTW,SCSCF,B:MTAS,SCSCF,B:SCSCF,PCSCF,B:PCSCF,SCSCF,B-200:SCSCF,MTAS,B-200:SCSCF,GTW,B-200"
398,398,0,0,59,-0.8277575696803795,-0.827478198933494,53,0,"PCSCF,SCSCF,I:SCSCF,PCSCF,T:SCSCF,PCSCF,I-407:PCSCF,SCSCF,A:PCSCF,SCSCF,I:SCSCF,ASLI,I:ASLI,SCSCF,T:ASLI,SCSCF,I-500:SCSCF,ASLI,A:MTAS,SCSCF,I:SCSCF,MTAS,T:SCSCF,PCSCF,T:SCSCF,GTW,I:GTW,SCSCF,T:GTW,SCSCF,S:SCSCF,MTAS,S:SCSCF,PCSCF,S:PCSCF,SCSCF,P:MTAS,SCSCF,P:SCSCF,GTW,P:GTW,SCSCF,P-200:SCSCF,MTAS,P-200:SCSCF,PCSCF,P-200:GTW,SCSCF,R:SCSCF,MTAS,R:SCSCF,PCSCF,R:PCSCF,SCSCF,P:MTAS,SCSCF,P:SCSCF,GTW,P:GTW,SCSCF,P-200:SCSCF,MTAS,P-200:SCSCF,PCSCF,P-200:GTW,SCSCF,I-200:SCSCF,MTAS,I-200:SCSCF,PCSCF,I-200:PCSCF,SCSCF,A:SCSCF,MTAS,A:MTAS,SCSCF,A:SCSCF,GTW,A:GTW,SCSCF,B:MTAS,SCSCF,B:SCSCF,PCSCF,B:PCSCF,SCSCF,B-200:SCSCF,MTAS,B-200:SCSCF,GTW,B-200"
399,399,0,0,48,-0.7331156626730992,-0.7077122222750535,5,0,"PCSCF,SCSCF,I:SCSCF,ASLI,I:ASLI,SCSCF,T:ASLI,SCSCF,I-500:SCSCF,ASLI,A:SCSCF,PCSCF,T:MTAS,SCSCF,I:SCSCF,MTAS,T:SCSCF,GTW,I:GTW,SCSCF,T:GTW,SCSCF,R:SCSCF,MTAS,R:SCSCF,PCSCF,R:PCSCF,SCSCF,P:SCSCF,MTAS,P:MTAS,SCSCF,P:SCSCF,GTW,P:GTW,SCSCF,P-200:SCSCF,MTAS,P-200:MTAS,SCSCF,P-200:SCSCF,PCSCF,P-200:GTW,SCSCF,I-200:SCSCF,MTAS,I-200:SCSCF,PCSCF,I-200:PCSCF,SCSCF,A:SCSCF,MTAS,A:MTAS,SCSCF,A:SCSCF,GTW,A:PCSCF,SCSCF,B:SCSCF,MTAS,B:MTAS,SCSCF,B:SCSCF,GTW,B:GTW,SCSCF,B-200:SCSCF,MTAS,B-200:MTAS,SCSCF,B-200:SCSCF,PCSCF,B-200"
400,400,0,0,75,-0.6221801047669854,-0.5992610512499916,49,0,"PCSCF,SCSCF,I:SCSCF,PCSCF,T:SCSCF,PCSCF,I-407:PCSCF,SCSCF,A:PCSCF,SCSCF,I:SCSCF,PCSCF,T:SCSCF,ASLI,I:ASLI,SCSCF,T:ASLI,SCSCF,I-500:SCSCF,ASLI,A:MTAS,SCSCF,I:SCSCF,MTAS,T:SCSCF,ASLI,I:ASLI,SCSCF,T:ASLI,SCSCF,I-500:SCSCF,MTAS,I:SCSCF,ASLI,A:MTAS,SCSCF,T:MTAS,SCSCF,I:SCSCF,MTAS,T:SCSCF,PCSCF,I:PCSCF,SCSCF,T:PCSCF,SCSCF,R:SCSCF,MTAS,R:MTAS,SCSCF,R:SCSCF,MTAS,R:SCSCF,PCSCF,R:PCSCF,SCSCF,P:MTAS,SCSCF,P:SCSCF,MTAS,P:MTAS,SCSCF,P:SCSCF,PCSCF,P:PCSCF,SCSCF,P-200:SCSCF,MTAS,P-200:MTAS,SCSCF,P-200:SCSCF,MTAS,P-200:SCSCF,PCSCF,P-200:PCSCF,SCSCF,I-200:SCSCF,MTAS,I-200:MTAS,SCSCF,I-200:SCSCF,MTAS,I-200:SCSCF,PCSCF,I-200:PCSCF,SCSCF,A:MTAS,SCSCF,A:SCSCF,MTAS,A:MTAS,SCSCF,A:SCSCF,PCSCF,A:PCSCF,SCSCF,B:MTAS,SCSCF,B:SCSCF,MTAS,B:MTAS,SCSCF,B:SCSCF,PCSCF,B:PCSCF,SCSCF,B-200:SCSCF,MTAS,B-200:MTAS,SCSCF,B-200:SCSCF,MTAS,B-200:SCSCF,PCSCF,B-200"
401,401,0,0,57,-0.8309360393329421,-0.8154536729893482,60,0,"PCSCF,SCSCF,I:SCSCF,PCSCF,T:SCSCF,ASLI,I:ASLI,SCSCF,T:ASLI,SCSCF,I-500:SCSCF,ASLI,A:MTAS,SCSCF,I:SCSCF,MTAS,T:SCSCF,GTW,I:GTW,SCSCF,T:GTW,SCSCF,S:SCSCF,MTAS,S:SCSCF,PCSCF,S:PCSCF,SCSCF,P:MTAS,SCSCF,P:SCSCF,GTW,P:GTW,SCSCF,P-200:SCSCF,MTAS,P-200:SCSCF,PCSCF,P-200:GTW,SCSCF,S:SCSCF,MTAS,S:SCSCF,PCSCF,S:PCSCF,SCSCF,P:MTAS,SCSCF,P:SCSCF,GTW,P:GTW,SCSCF,P-200:SCSCF,MTAS,P-200:SCSCF,PCSCF,P-200:GTW,SCSCF,R:SCSCF,MTAS,R:SCSCF,PCSCF,R:GTW,SCSCF,I-200:SCSCF,MTAS,I-200:SCSCF,PCSCF,I-200:PCSCF,SCSCF,A:SCSCF,MTAS,A:MTAS,SCSCF,A:SCSCF,GTW,A:PCSCF,SCSCF,B:MTAS,SCSCF,B:SCSCF,GTW,B:GTW,SCSCF,B-200:SCSCF,MTAS,B-200:SCSCF,PCSCF,B-200"
402,402,0,0,24,-0.5280007003720376,-0.5245988299964588,5,0,"MTAS,SCSCF,I:SCSCF,MTAS,T:SCSCF,GTW,I:GTW,SCSCF,T:GTW,SCSCF,R:SCSCF,MTAS,R:MTAS,SCSCF,P:SCSCF,GTW,P:GTW,SCSCF,P-200:SCSCF,MTAS,P-200:GTW,SCSCF,I-200:SCSCF,MTAS,I-200:MTAS,SCSCF,A:SCSCF,GTW,A:MTAS,SCSCF,B:SCSCF,GTW,B:GTW,SCSCF,B-200:SCSCF,MTAS,B-200"
403,403,0,0,71,-0.779386845999273,-0.7745422717733419,14,0,"GTW,ICSCF,I:ICSCF,GTW,T:SCSCF,ASLI,I:ASLI,SCSCF,T:ASLI,SCSCF,I-500:SCSCF,ASLI,A:SCSCF,MTAS,I:MTAS,SCSCF,T:MTAS,SCSCF,I:SCSCF,MTAS,T:SCSCF,GTW,I:MTAS,SCSCF,W:ICSCF,GTW,W:GTW,SCSCF,T:GTW,SCSCF,S:SCSCF,MTAS,S:MTAS,SCSCF,S:ICSCF,GTW,S:GTW,SCSCF,P:SCSCF,MTAS,P:MTAS,SCSCF,P:SCSCF,GTW,P:GTW,SCSCF,P-200:SCSCF,MTAS,P-200:MTAS,SCSCF,P-200:SCSCF,GTW,P-200:GTW,SCSCF,R:SCSCF,MTAS,R:MTAS,SCSCF,R:ICSCF,GTW,R:GTW,SCSCF,P:SCSCF,MTAS,P:MTAS,SCSCF,P:SCSCF,GTW,P:GTW,SCSCF,P-200:SCSCF,MTAS,P-200:MTAS,SCSCF,P-200:SCSCF,GTW,P-200:GTW,SCSCF,I-200:SCSCF,MTAS,I-200:MTAS,SCSCF,I-200:ICSCF,GTW,I-200:GTW,SCSCF,A:SCSCF,MTAS,A:MTAS,SCSCF,A:SCSCF,GTW,A:GTW,SCSCF,B:SCSCF,MTAS,B:MTAS,SCSCF,B:SCSCF,GTW,B:GTW,SCSCF,B-200:SCSCF,MTAS,B-200:MTAS,SCSCF,B-200:SCSCF,GTW,B-200"
404,404,0,0,89,-0.7425513455309191,-0.734023758632599,113,0,"PCSCF,SCSCF,I:SCSCF,ASLI,I:ASLI,SCSCF,T:ASLI,SCSCF,I-500:SCSCF,ASLI,A:MTAS,SCSCF,I:SCSCF,MTAS,T:SCSCF,PCSCF,T:SCSCF,ASLI,I:ASLI,SCSCF,T:ASLI,SCSCF,I-500:SCSCF,ASLI,A:SCSCF,MTAS,I:MTAS,SCSCF,T:MTAS,SCSCF,I:SCSCF,MTAS,T:SCSCF,PCSCF,I:PCSCF,SCSCF,T:PCSCF,SCSCF,R:SCSCF,MTAS,R:MTAS,SCSCF,R:SCSCF,MTAS,R:SCSCF,PCSCF,R:PCSCF,SCSCF,P:MTAS,SCSCF,P:SCSCF,MTAS,P:MTAS,SCSCF,P:SCSCF,PCSCF,P:PCSCF,SCSCF,P-200:SCSCF,MTAS,P-200:MTAS,SCSCF,P-200:SCSCF,MTAS,P-200:SCSCF,PCSCF,P-200:PCSCF,SCSCF,I-200:SCSCF,MTAS,I-200:MTAS,SCSCF,I-200:SCSCF,MTAS,I-200:SCSCF,PCSCF,I-200:PCSCF,SCSCF,A:MTAS,SCSCF,A:SCSCF,MTAS,A:MTAS,SCSCF,A:SCSCF,PCSCF,A:MTAS,SCSCF,U:SCSCF,PCSCF,U:SCSCF,MTAS,U-200:PCSCF,SCSCF,U-200:SCSCF,MTAS,U-200:MTAS,SCSCF,U:SCSCF,PCSCF,U:SCSCF,MTAS,U-200:MTAS,SCSCF,U:SCSCF,PCSCF,U:PCSCF,SCSCF,U-200:SCSCF,MTAS,U-200:PCSCF,SCSCF,U-200:SCSCF,MTAS,U-200:PCSCF,SCSCF,B:SCSCF,MTAS,B:MTAS,SCSCF,B:SCSCF,PCSCF,B:PCSCF,SCSCF,B-200:SCSCF,MTAS,B-200:MTAS,SCSCF,B-200:SCSCF,PCSCF,B-200"
405,405,0,0,66,-1.2477659583305303,-1.186727240489187,59,0,"PCSCF,SCSCF,I:SCSCF,PCSCF,T:SCSCF,ASLI,I:ASLI,SCSCF,T:ASLI,SCSCF,I-500:SCSCF,ASLI,A:MTAS,SCSCF,I:SCSCF,MTAS,T:SCSCF,GTW,I:GTW,SCSCF,T:GTW,SCSCF,S:SCSCF,MTAS,S:SCSCF,PCSCF,S:PCSCF,SCSCF,P:MTAS,SCSCF,P:SCSCF,GTW,P:GTW,SCSCF,P-200:GTW,SCSCF,S:SCSCF,MTAS,S:SCSCF,MTAS,P-200:SCSCF,PCSCF,P-200:SCSCF,PCSCF,S:PCSCF,SCSCF,P:MTAS,SCSCF,P:SCSCF,GTW,P:GTW,SCSCF,P-200:GTW,SCSCF,I-200:SCSCF,MTAS,P-200:SCSCF,MTAS,I-200:SCSCF,PCSCF,P-200:SCSCF,PCSCF,I-200:PCSCF,SCSCF,A:SCSCF,MTAS,A:MTAS,SCSCF,A:SCSCF,GTW,A:MTAS,SCSCF,U:SCSCF,GTW,U:GTW,SCSCF,U-200:SCSCF,MTAS,U-200:MTAS,SCSCF,U:SCSCF,PCSCF,U:PCSCF,SCSCF,U-200:SCSCF,MTAS,U-200:PCSCF,SCSCF,B:MTAS,SCSCF,B:SCSCF,GTW,B:GTW,SCSCF,B-200:SCSCF,MTAS,B-200:SCSCF,PCSCF,B-200"
406,406,0,0,88,-0.6732091054336506,-0.6507550641700907,59,0,"GTW,ICSCF,I:ICSCF,GTW,T:SCSCF,ASLI,I:ASLI,SCSCF,T:ASLI,SCSCF,I-500:SCSCF,ASLI,A:SCSCF,MTAS,I:MTAS,SCSCF,T:MTAS,SCSCF,I:SCSCF,MTAS,T:SCSCF,PCSCF,I:PCSCF,SCSCF,T:PCSCF,SCSCF,R:SCSCF,MTAS,R:MTAS,SCSCF,R:ICSCF,GTW,R:GTW,SCSCF,P:SCSCF,MTAS,P:MTAS,SCSCF,P:SCSCF,PCSCF,P:PCSCF,SCSCF,P-200:SCSCF,MTAS,P-200:MTAS,SCSCF,P-200:SCSCF,GTW,P-200:PCSCF,SCSCF,I-200:SCSCF,MTAS,I-200:MTAS,SCSCF,I-200:ICSCF,GTW,I-200:GTW,SCSCF,A:SCSCF,MTAS,A:MTAS,SCSCF,A:SCSCF,PCSCF,A:MTAS,SCSCF,U:SCSCF,GTW,U:GTW,SCSCF,U-200:SCSCF,MTAS,U-200:SCSCF,PCSCF,U:PCSCF,SCSCF,U-200:SCSCF,MTAS,U-200:MTAS,SCSCF,U:SCSCF,GTW,U:GTW,SCSCF,U-200:SCSCF,MTAS,U-200:MTAS,SCSCF,U:SCSCF,PCSCF,U:PCSCF,SCSCF,U-200:SCSCF,MTAS,U-200:MTAS,SCSCF,U:SCSCF,GTW,U:GTW,SCSCF,U-200:SCSCF,MTAS,U-200:MTAS,SCSCF,U:SCSCF,PCSCF,U:PCSCF,SCSCF,U-200:SCSCF,MTAS,U-200:GTW,SCSCF,B:SCSCF,MTAS,B:MTAS,SCSCF,B:SCSCF,PCSCF,B:PCSCF,SCSCF,B-200:SCSCF,MTAS,B-200:MTAS,SCSCF,B-200:SCSCF,GTW,B-200"
407,407,0,0,75,-0.7158619537449099,-0.6739075234848307,76,0,"PCSCF,SCSCF,I:SCSCF,PCSCF,T:SCSCF,PCSCF,I-407:PCSCF,SCSCF,A:PCSCF,SCSCF,I:SCSCF,PCSCF,T:SCSCF,ASLI,I:ASLI,SCSCF,T:ASLI,SCSCF,I-500:SCSCF,ASLI,A:MTAS,SCSCF,I:SCSCF,MTAS,T:SCSCF,ASLI,I:ASLI,SCSCF,T:ASLI,SCSCF,I-500:SCSCF,ASLI,A:SCSCF,MTAS,I:MTAS,SCSCF,T:MTAS,SCSCF,I:SCSCF,MTAS,T:SCSCF,PCSCF,I:PCSCF,SCSCF,T:PCSCF,SCSCF,R:SCSCF,MTAS,R:MTAS,SCSCF,R:SCSCF,MTAS,R:SCSCF,PCSCF,R:PCSCF,SCSCF,P:MTAS,SCSCF,P:SCSCF,MTAS,P:MTAS,SCSCF,P:SCSCF,PCSCF,P:PCSCF,SCSCF,P-200:SCSCF,MTAS,P-200:MTAS,SCSCF,P-200:SCSCF,MTAS,P-200:SCSCF,PCSCF,P-200:PCSCF,SCSCF,C:MTAS,SCSCF,C:SCSCF,MTAS,C-200:SCSCF,MTAS,C:MTAS,SCSCF,C-200:MTAS,SCSCF,C:SCSCF,MTAS,C-200:SCSCF,PCSCF,C:PCSCF,SCSCF,C-200:SCSCF,PCSCF,C-200:PCSCF,SCSCF,I-487:SCSCF,PCSCF,A:SCSCF,MTAS,I-487:MTAS,SCSCF,A:MTAS,SCSCF,I-487:SCSCF,MTAS,A:SCSCF,MTAS,I-487:MTAS,SCSCF,A:SCSCF,PCSCF,I-487:PCSCF,SCSCF,A"
408,408,0,0,53,-0.36705100684479475,-0.3669834238881995,5,0,"GTW,ICSCF,I:ICSCF,GTW,T:SCSCF,ASLI,I:ASLI,SCSCF,T:ASLI,SCSCF,I-500:SCSCF,ASLI,A:SCSCF,MTAS,I:MTAS,SCSCF,T:MTAS,SCSCF,I:SCSCF,MTAS,T:SCSCF,PCSCF,I:PCSCF,SCSCF,T:PCSCF,SCSCF,R:SCSCF,MTAS,R:MTAS,SCSCF,R:ICSCF,GTW,R:GTW,SCSCF,P:SCSCF,MTAS,P:MTAS,SCSCF,P:SCSCF,PCSCF,P:PCSCF,SCSCF,P-200:SCSCF,MTAS,P-200:MTAS,SCSCF,P-200:SCSCF,GTW,P-200:SCSCF,MTAS,I-200:MTAS,SCSCF,I-200:ICSCF,GTW,I-200:PCSCF,SCSCF,I-200:GTW,SCSCF,A:SCSCF,MTAS,A:MTAS,SCSCF,A:SCSCF,PCSCF,A:PCSCF,SCSCF,B:SCSCF,MTAS,B:MTAS,SCSCF,B:SCSCF,GTW,B:GTW,SCSCF,B-200:SCSCF,MTAS,B-200:MTAS,SCSCF,B-200:SCSCF,PCSCF,B-200"
409,409,0,0,72,-1.190248586353549,-1.1669910537956987,59,0,"PCSCF,SCSCF,I:SCSCF,PCSCF,T:SCSCF,ASLI,I:ASLI,SCSCF,T:ASLI,SCSCF,I-500:SCSCF,ASLI,A:MTAS,SCSCF,I:SCSCF,MTAS,T:SCSCF,GTW,I:GTW,SCSCF,T:GTW,SCSCF,R:SCSCF,MTAS,R:SCSCF,PCSCF,R:GTW,SCSCF,I-200:PCSCF,SCSCF,P:SCSCF,MTAS,P:MTAS,SCSCF,P:SCSCF,MTAS,I-200:SCSCF,GTW,P:SCSCF,PCSCF,I-200:GTW,SCSCF,P-200:SCSCF,MTAS,P-200:MTAS,SCSCF,P-200:SCSCF,PCSCF,P-200:PCSCF,SCSCF,A:SCSCF,MTAS,A:MTAS,SCSCF,A:SCSCF,GTW,A:MTAS,SCSCF,U:SCSCF,GTW,U:GTW,SCSCF,U-200:SCSCF,MTAS,U-200:MTAS,SCSCF,U:SCSCF,PCSCF,U:PCSCF,SCSCF,U-200:SCSCF,MTAS,U-200:MTAS,SCSCF,U:SCSCF,GTW,U:GTW,SCSCF,U-200:SCSCF,MTAS,U-200:MTAS,SCSCF,U:SCSCF,PCSCF,U:PCSCF,SCSCF,U-200:SCSCF,MTAS,U-200:PCSCF,SCSCF,B:SCSCF,MTAS,B:MTAS,SCSCF,B:SCSCF,GTW,B:GTW,SCSCF,B-200:SCSCF,MTAS,B-200:MTAS,SCSCF,B-200:SCSCF,PCSCF,B-200"
410,410,0,1,32,-1.564910119214801,-1.510747439023762,65,0,"PCSCF,SCSCF,I:SCSCF,ASLI,I:SCSCF,PCSCF,T:ASLI,SCSCF,T:ASLI,SCSCF,I-500:SCSCF,ASLI,A:MTAS,SCSCF,I:SCSCF,MTAS,T:SCSCF,ASLI,I:ASLI,SCSCF,T:ASLI,SCSCF,I-500:SCSCF,ASLI,A:SCSCF,MTAS,I:MTAS,SCSCF,T:MTAS,SCSCF,I-486:SCSCF,MTAS,A:SCSCF,MTAS,I-486:MTAS,SCSCF,A:SCSCF,PCSCF,S:PCSCF,SCSCF,P:SCSCF,PCSCF,P-200:PCSCF,SCSCF,C:SCSCF,PCSCF,C-200:SCSCF,PCSCF,I-487:PCSCF,SCSCF,A"
411,411,0,0,77,-0.8237318733397966,-0.7767856670724715,59,0,"PCSCF,SCSCF,I:SCSCF,PCSCF,T:SCSCF,PCSCF,I-407:PCSCF,SCSCF,A:PCSCF,SCSCF,I:SCSCF,PCSCF,T:SCSCF,ASLI,I:ASLI,SCSCF,T:ASLI,SCSCF,I-500:SCSCF,ASLI,A:MTAS,SCSCF,I:SCSCF,MTAS,T:SCSCF,GTW,I:GTW,SCSCF,T:GTW,SCSCF,S:SCSCF,MTAS,S:SCSCF,PCSCF,S:PCSCF,SCSCF,P:SCSCF,MTAS,P:MTAS,SCSCF,P:SCSCF,GTW,P:GTW,SCSCF,P-200:SCSCF,MTAS,P-200:MTAS,SCSCF,P-200:SCSCF,PCSCF,P-200:GTW,SCSCF,R:SCSCF,MTAS,R:SCSCF,PCSCF,R:PCSCF,SCSCF,P:SCSCF,MTAS,P:MTAS,SCSCF,P:SCSCF,GTW,P:GTW,SCSCF,P-200:SCSCF,MTAS,P-200:MTAS,SCSCF,P-200:SCSCF,PCSCF,P-200:GTW,SCSCF,I-200:SCSCF,MTAS,I-200:SCSCF,PCSCF,I-200:PCSCF,SCSCF,A:SCSCF,MTAS,A:MTAS,SCSCF,A:SCSCF,GTW,A:MTAS,SCSCF,U:SCSCF,GTW,U:GTW,SCSCF,U-200:SCSCF,MTAS,U-200:MTAS,SCSCF,U:SCSCF,PCSCF,U:PCSCF,SCSCF,U-200:SCSCF,MTAS,U-200:GTW,SCSCF,B:MTAS,SCSCF,B:SCSCF,PCSCF,B:PCSCF,SCSCF,B-200:SCSCF,MTAS,B-200:SCSCF,GTW,B-200"
412,412,0,0,93,-0.6222462528482597,-0.5982682933951776,59,0,"PCSCF,SCSCF,I:SCSCF,PCSCF,T:SCSCF,ASLI,I:ASLI,SCSCF,T:ASLI,SCSCF,I-500:SCSCF,ASLI,A:MTAS,SCSCF,I:SCSCF,MTAS,T:SCSCF,ASLI,I:ASLI,SCSCF,T:ASLI,SCSCF,I-500:SCSCF,ASLI,A:SCSCF,MTAS,I:MTAS,SCSCF,T:MTAS,SCSCF,I:SCSCF,MTAS,T:SCSCF,PCSCF,I:PCSCF,SCSCF,T:PCSCF,SCSCF,R:SCSCF,MTAS,R:MTAS,SCSCF,R:SCSCF,MTAS,R:SCSCF,PCSCF,R:PCSCF,SCSCF,P:MTAS,SCSCF,P:SCSCF,MTAS,P:MTAS,SCSCF,P:SCSCF,PCSCF,P:PCSCF,SCSCF,P-200:SCSCF,MTAS,P-200:MTAS,SCSCF,P-200:SCSCF,MTAS,P-200:SCSCF,PCSCF,P-200:PCSCF,SCSCF,I-200:SCSCF,MTAS,I-200:MTAS,SCSCF,I-200:SCSCF,MTAS,I-200:SCSCF,PCSCF,I-200:PCSCF,SCSCF,A:MTAS,SCSCF,A:SCSCF,MTAS,A:MTAS,SCSCF,A:SCSCF,PCSCF,A:MTAS,SCSCF,U:SCSCF,PCSCF,U:PCSCF,SCSCF,U-200:SCSCF,MTAS,U-200:MTAS,SCSCF,U:SCSCF,MTAS,U-200:MTAS,SCSCF,U:SCSCF,PCSCF,U:PCSCF,SCSCF,U-200:SCSCF,MTAS,U-200:MTAS,SCSCF,U:SCSCF,MTAS,U-200:SCSCF,PCSCF,U:PCSCF,SCSCF,U-200:SCSCF,MTAS,U-200:PCSCF,SCSCF,B:MTAS,SCSCF,B:SCSCF,MTAS,B:MTAS,SCSCF,B:SCSCF,PCSCF,B:PCSCF,SCSCF,B-200:SCSCF,MTAS,B-200:MTAS,SCSCF,B-200:SCSCF,MTAS,B-200:SCSCF,PCSCF,B-200"
413,413,0,0,68,-0.7471980648826884,-0.7467643816719685,53,0,"PCSCF,SCSCF,I:SCSCF,PCSCF,T:SCSCF,PCSCF,I-407:PCSCF,SCSCF,A:PCSCF,SCSCF,I:SCSCF,PCSCF,T:SCSCF,ASLI,I:ASLI,SCSCF,T:ASLI,SCSCF,I-500:SCSCF,ASLI,A:MTAS,SCSCF,I:SCSCF,MTAS,T:SCSCF,GTW,I:GTW,SCSCF,T:GTW,SCSCF,S:SCSCF,MTAS,S:SCSCF,PCSCF,S:PCSCF,SCSCF,P:SCSCF,MTAS,P:MTAS,SCSCF,P:SCSCF,GTW,P:GTW,SCSCF,P-200:SCSCF,MTAS,P-200:MTAS,SCSCF,P-200:GTW,SCSCF,R:SCSCF,PCSCF,P-200:SCSCF,MTAS,R:SCSCF,PCSCF,R:PCSCF,SCSCF,P:SCSCF,MTAS,P:MTAS,SCSCF,P:SCSCF,GTW,P:GTW,SCSCF,P-200:SCSCF,MTAS,P-200:MTAS,SCSCF,P-200:SCSCF,PCSCF,P-200:GTW,SCSCF,I-200:SCSCF,MTAS,I-200:SCSCF,PCSCF,I-200:PCSCF,SCSCF,A:SCSCF,MTAS,A:MTAS,SCSCF,A:SCSCF,GTW,A:PCSCF,SCSCF,B:SCSCF,MTAS,B:MTAS,SCSCF,B:SCSCF,GTW,B:GTW,SCSCF,B-200:SCSCF,MTAS,B-200:MTAS,SCSCF,B-200:SCSCF,PCSCF,B-200"
414,414,0,0,54,-1.024477717050487,-1.0047872121248689,53,0,"PCSCF,SCSCF,I:SCSCF,ASLI,I:ASLI,SCSCF,T:ASLI,SCSCF,I-500:SCSCF,ASLI,A:MTAS,SCSCF,I:SCSCF,MTAS,T:SCSCF,GTW,I:GTW,SCSCF,T:SCSCF,PCSCF,T:GTW,SCSCF,S:SCSCF,MTAS,S:SCSCF,PCSCF,S:PCSCF,SCSCF,P:MTAS,SCSCF,P:SCSCF,GTW,P:GTW,SCSCF,P-200:SCSCF,MTAS,P-200:GTW,SCSCF,R:SCSCF,MTAS,R:SCSCF,PCSCF,P-200:SCSCF,PCSCF,R:PCSCF,SCSCF,P:MTAS,SCSCF,P:SCSCF,GTW,P:GTW,SCSCF,P-200:SCSCF,MTAS,P-200:SCSCF,PCSCF,P-200:GTW,SCSCF,I-200:SCSCF,MTAS,I-200:SCSCF,PCSCF,I-200:PCSCF,SCSCF,A:SCSCF,MTAS,A:MTAS,SCSCF,A:SCSCF,GTW,A:GTW,SCSCF,B:MTAS,SCSCF,B:SCSCF,PCSCF,B:PCSCF,SCSCF,B-200:SCSCF,MTAS,B-200:SCSCF,GTW,B-200"
415,415,0,0,78,-0.7197689847660992,-0.7025274367088046,59,0,"PCSCF,SCSCF,I:SCSCF,PCSCF,T:SCSCF,ASLI,I:ASLI,SCSCF,T:ASLI,SCSCF,I-500:SCSCF,ASLI,A:MTAS,SCSCF,I:SCSCF,MTAS,T:SCSCF,GTW,I:GTW,SCSCF,T:GTW,SCSCF,R:SCSCF,MTAS,R:SCSCF,PCSCF,R:PCSCF,SCSCF,P:MTAS,SCSCF,P:SCSCF,GTW,P:GTW,SCSCF,P-200:SCSCF,MTAS,P-200:SCSCF,PCSCF,P-200:GTW,SCSCF,I-200:SCSCF,MTAS,I-200:SCSCF,PCSCF,I-200:PCSCF,SCSCF,A:SCSCF,MTAS,A:MTAS,SCSCF,A:SCSCF,GTW,A:MTAS,SCSCF,U:SCSCF,GTW,U:GTW,SCSCF,U-200:SCSCF,MTAS,U-200:MTAS,SCSCF,U:SCSCF,PCSCF,U:PCSCF,SCSCF,U-200:SCSCF,MTAS,U-200:MTAS,SCSCF,U:SCSCF,GTW,U:GTW,SCSCF,U-200:SCSCF,MTAS,U-200:MTAS,SCSCF,U:SCSCF,PCSCF,U:PCSCF,SCSCF,U-200:SCSCF,MTAS,U-200:MTAS,SCSCF,U:SCSCF,GTW,U:GTW,SCSCF,U-200:SCSCF,MTAS,U-200:MTAS,SCSCF,U:SCSCF,PCSCF,U:PCSCF,SCSCF,U-200:SCSCF,MTAS,U-200:GTW,SCSCF,B:MTAS,SCSCF,B:SCSCF,PCSCF,B:PCSCF,SCSCF,B-200:SCSCF,MTAS,B-200:SCSCF,GTW,B-200"
416,416,0,0,65,-0.6467255703794746,-0.645104763161631,113,0,"GTW,ICSCF,I:ICSCF,GTW,T:SCSCF,ASLI,I:ASLI,SCSCF,T:ASLI,SCSCF,I-500:SCSCF,ASLI,A:SCSCF,MTAS,I:MTAS,SCSCF,T:MTAS,SCSCF,I:SCSCF,MTAS,T:SCSCF,PCSCF,I:PCSCF,SCSCF,T:PCSCF,SCSCF,R:SCSCF,MTAS,R:MTAS,SCSCF,R:ICSCF,GTW,R:GTW,SCSCF,P:SCSCF,MTAS,P:MTAS,SCSCF,P:SCSCF,PCSCF,P:PCSCF,SCSCF,P-200:SCSCF,MTAS,P-200:MTAS,SCSCF,P-200:SCSCF,GTW,P-200:PCSCF,SCSCF,I-200:SCSCF,MTAS,I-200:MTAS,SCSCF,I-200:ICSCF,GTW,I-200:GTW,SCSCF,A:SCSCF,MTAS,A:MTAS,SCSCF,A:SCSCF,PCSCF,A:MTAS,SCSCF,U:SCSCF,PCSCF,U:PCSCF,SCSCF,U-200:SCSCF,MTAS,U-200:MTAS,SCSCF,U:SCSCF,GTW,U:GTW,SCSCF,U-200:SCSCF,MTAS,U-200:GTW,SCSCF,B:SCSCF,MTAS,B:MTAS,SCSCF,B:SCSCF,MTAS,B-200:MTAS,SCSCF,B-200:SCSCF,PCSCF,B:PCSCF,SCSCF,B-200:SCSCF,GTW,B-200"
417,417,0,0,53,-0.6709438273876098,-0.650297024337673,76,0,"GTW,ICSCF,I:ICSCF,GTW,T:SCSCF,ASLI,I:ASLI,SCSCF,T:ASLI,SCSCF,I-500:SCSCF,ASLI,A:SCSCF,MTAS,I:MTAS,SCSCF,T:MTAS,SCSCF,I:SCSCF,MTAS,T:SCSCF,PCSCF,I:PCSCF,SCSCF,T:PCSCF,SCSCF,R:SCSCF,MTAS,R:MTAS,SCSCF,R:ICSCF,GTW,R:GTW,SCSCF,P:SCSCF,MTAS,P:MTAS,SCSCF,P:SCSCF,PCSCF,P:PCSCF,SCSCF,P-200:SCSCF,MTAS,P-200:MTAS,SCSCF,P-200:SCSCF,GTW,P-200:GTW,ICSCF,C:SCSCF,MTAS,C:ICSCF,GTW,C-200:MTAS,SCSCF,C-200:MTAS,SCSCF,C:SCSCF,MTAS,C-200:SCSCF,PCSCF,C:PCSCF,SCSCF,C-200:PCSCF,SCSCF,I-487:SCSCF,PCSCF,A:SCSCF,MTAS,I-487:MTAS,SCSCF,A:MTAS,SCSCF,I-487:SCSCF,MTAS,A:ICSCF,GTW,I-487:GTW,ICSCF,A"
418,418,0,0,60,-1.0690283621958467,-1.0275502385489468,5,0,"PCSCF,SCSCF,I:SCSCF,ASLI,I:SCSCF,PCSCF,T:ASLI,SCSCF,T:ASLI,SCSCF,I-500:SCSCF,ASLI,A:MTAS,SCSCF,I:SCSCF,MTAS,T:SCSCF,GTW,I:GTW,SCSCF,T:GTW,SCSCF,S:SCSCF,MTAS,S:SCSCF,PCSCF,S:PCSCF,SCSCF,P:SCSCF,MTAS,P:MTAS,SCSCF,P:SCSCF,GTW,P:GTW,SCSCF,P-200:GTW,SCSCF,R:SCSCF,MTAS,P-200:SCSCF,MTAS,R:MTAS,SCSCF,P-200:SCSCF,PCSCF,P-200:SCSCF,PCSCF,R:PCSCF,SCSCF,P:SCSCF,MTAS,P:MTAS,SCSCF,P:SCSCF,GTW,P:GTW,SCSCF,P-200:SCSCF,MTAS,P-200:MTAS,SCSCF,P-200:SCSCF,PCSCF,P-200:GTW,SCSCF,I-200:SCSCF,MTAS,I-200:SCSCF,PCSCF,I-200:PCSCF,SCSCF,A:SCSCF,MTAS,A:MTAS,SCSCF,A:SCSCF,GTW,A:GTW,SCSCF,B:MTAS,SCSCF,B:SCSCF,PCSCF,B:PCSCF,SCSCF,B-200:SCSCF,MTAS,B-200:SCSCF,GTW,B-200"
419,419,0,0,53,-1.051747775716708,-1.0183526037324073,248,0,"PCSCF,SCSCF,I:SCSCF,PCSCF,T:SCSCF,ASLI,I:ASLI,SCSCF,T:ASLI,SCSCF,I-500:SCSCF,ASLI,A:MTAS,SCSCF,I:SCSCF,MTAS,T:SCSCF,GTW,I:GTW,SCSCF,T:GTW,SCSCF,S:SCSCF,MTAS,S:SCSCF,PCSCF,S:PCSCF,SCSCF,P:MTAS,SCSCF,P:SCSCF,GTW,P:GTW,SCSCF,P-200:SCSCF,MTAS,P-200:SCSCF,PCSCF,P-200:GTW,SCSCF,R:SCSCF,MTAS,R:SCSCF,PCSCF,R:PCSCF,SCSCF,P:MTAS,SCSCF,P:SCSCF,GTW,P:GTW,SCSCF,P-200:SCSCF,MTAS,P-200:SCSCF,PCSCF,P-200:PCSCF,SCSCF,C:MTAS,SCSCF,C:SCSCF,MTAS,C-200:SCSCF,GTW,C:GTW,SCSCF,C-200:GTW,SCSCF,I-487:SCSCF,PCSCF,C-200:SCSCF,GTW,A:SCSCF,MTAS,I-487:MTAS,SCSCF,A:SCSCF,PCSCF,I-487:PCSCF,SCSCF,A"
420,420,0,0,131,-0.7738056711919805,-0.7472528548429085,59,0,"PCSCF,SCSCF,I:SCSCF,ASLI,I:ASLI,SCSCF,T:ASLI,SCSCF,I-500:SCSCF,ASLI,A:MTAS,SCSCF,I:SCSCF,PCSCF,T:SCSCF,MTAS,T:SCSCF,GTW,I:GTW,SCSCF,T:GTW,SCSCF,S:SCSCF,MTAS,S:SCSCF,PCSCF,S:PCSCF,SCSCF,P:SCSCF,MTAS,P:MTAS,SCSCF,P:SCSCF,GTW,P:GTW,SCSCF,P-200:SCSCF,MTAS,P-200:MTAS,SCSCF,P-200:SCSCF,PCSCF,P-200:GTW,SCSCF,R:SCSCF,MTAS,R:SCSCF,PCSCF,R:PCSCF,SCSCF,P:SCSCF,MTAS,P:MTAS,SCSCF,P:SCSCF,GTW,P:GTW,SCSCF,P-200:SCSCF,MTAS,P-200:MTAS,SCSCF,P-200:SCSCF,PCSCF,P-200:GTW,SCSCF,I-200:SCSCF,MTAS,I-200:SCSCF,PCSCF,I-200:PCSCF,SCSCF,A:SCSCF,MTAS,A:MTAS,SCSCF,A:SCSCF,GTW,A:MTAS,SCSCF,U:SCSCF,GTW,U:GTW,SCSCF,U-200:SCSCF,MTAS,U-200:MTAS,SCSCF,U:SCSCF,PCSCF,U:PCSCF,SCSCF,U-200:SCSCF,MTAS,U-200:MTAS,SCSCF,U:SCSCF,GTW,U:SCSCF,PCSCF,U:GTW,SCSCF,U-200:SCSCF,MTAS,U-200:PCSCF,SCSCF,U-200:SCSCF,MTAS,U-200:MTAS,SCSCF,U:SCSCF,GTW,U:SCSCF,PCSCF,U:GTW,SCSCF,U-200:SCSCF,MTAS,U-200:PCSCF,SCSCF,U-200:SCSCF,MTAS,U-200:MTAS,SCSCF,U:SCSCF,GTW,U:SCSCF,PCSCF,U:GTW,SCSCF,U-200:SCSCF,MTAS,U-200:PCSCF,SCSCF,U-200:SCSCF,MTAS,U-200:MTAS,SCSCF,U:SCSCF,GTW,U:GTW,SCSCF,U-200:SCSCF,MTAS,U-200:MTAS,SCSCF,U:SCSCF,PCSCF,U:PCSCF,SCSCF,U-200:SCSCF,MTAS,U-200:MTAS,SCSCF,U:SCSCF,GTW,U:SCSCF,PCSCF,U:GTW,SCSCF,U-200:SCSCF,MTAS,U-200:PCSCF,SCSCF,U-200:SCSCF,MTAS,U-200:PCSCF,SCSCF,B:SCSCF,MTAS,B:MTAS,SCSCF,B:SCSCF,GTW,B:GTW,SCSCF,B-200:SCSCF,MTAS,B-200:MTAS,SCSCF,B-200:SCSCF,PCSCF,B-200"
421,421,0,0,73,-0.6255985682452153,-0.625110368112056,49,0,"GTW,ICSCF,I:ICSCF,GTW,T:SCSCF,ASLI,I:ASLI,SCSCF,T:ASLI,SCSCF,I-500:SCSCF,MTAS,I:SCSCF,ASLI,A:MTAS,SCSCF,T:MTAS,SCSCF,I:SCSCF,MTAS,T:SCSCF,PCSCF,I:PCSCF,SCSCF,T:PCSCF,SCSCF,R:SCSCF,MTAS,R:MTAS,SCSCF,R:ICSCF,GTW,R:GTW,SCSCF,P:SCSCF,MTAS,P:MTAS,SCSCF,P:SCSCF,PCSCF,P:PCSCF,SCSCF,P-200:SCSCF,MTAS,P-200:MTAS,SCSCF,P-200:SCSCF,GTW,P-200:PCSCF,SCSCF,I-200:SCSCF,MTAS,I-200:MTAS,SCSCF,I-200:ICSCF,GTW,I-200:GTW,SCSCF,A:SCSCF,MTAS,A:MTAS,SCSCF,A:SCSCF,PCSCF,A:PCSCF,SCSCF,I:SCSCF,PCSCF,T:SCSCF,MTAS,I:MTAS,SCSCF,T:MTAS,SCSCF,I:SCSCF,MTAS,T:SCSCF,GTW,I:GTW,SCSCF,T:GTW,SCSCF,I-200:SCSCF,MTAS,I-200:MTAS,SCSCF,I-200:SCSCF,PCSCF,I-200:PCSCF,SCSCF,A:SCSCF,MTAS,A:MTAS,SCSCF,A:SCSCF,GTW,A:GTW,SCSCF,B:SCSCF,MTAS,B:MTAS,SCSCF,B:SCSCF,PCSCF,B:PCSCF,SCSCF,B-200:SCSCF,MTAS,B-200:MTAS,SCSCF,B-200:SCSCF,GTW,B-200"
422,422,0,0,44,-1.052233078002977,-1.023151374789982,104,0,"PCSCF,SCSCF,I:SCSCF,ASLI,I:ASLI,SCSCF,T:SCSCF,PCSCF,T:ASLI,SCSCF,I-500:SCSCF,ASLI,A:MTAS,SCSCF,I:SCSCF,MTAS,T:SCSCF,GTW,I:GTW,SCSCF,T:GTW,SCSCF,I-200:SCSCF,MTAS,I-200:SCSCF,PCSCF,I-200:PCSCF,SCSCF,A:SCSCF,MTAS,A:MTAS,SCSCF,A:SCSCF,GTW,A:GTW,SCSCF,I:SCSCF,GTW,T:MTAS,SCSCF,I:SCSCF,MTAS,T:SCSCF,PCSCF,I:PCSCF,SCSCF,I-200:SCSCF,MTAS,I-200:SCSCF,GTW,I-200:GTW,SCSCF,A:MTAS,SCSCF,A:SCSCF,PCSCF,A:GTW,SCSCF,B:MTAS,SCSCF,B:SCSCF,PCSCF,B:PCSCF,SCSCF,B-200:SCSCF,MTAS,B-200:SCSCF,GTW,B-200"
423,423,0,0,65,-0.613042307804058,-0.6114381105441209,113,0,"GTW,ICSCF,I:ICSCF,GTW,T:SCSCF,ASLI,I:ASLI,SCSCF,T:ASLI,SCSCF,I-500:SCSCF,ASLI,A:SCSCF,MTAS,I:MTAS,SCSCF,T:MTAS,SCSCF,I:SCSCF,MTAS,T:SCSCF,PCSCF,I:PCSCF,SCSCF,T:PCSCF,SCSCF,R:SCSCF,MTAS,R:MTAS,SCSCF,R:ICSCF,GTW,R:GTW,SCSCF,P:SCSCF,MTAS,P:MTAS,SCSCF,P:SCSCF,PCSCF,P:PCSCF,SCSCF,P-200:SCSCF,MTAS,P-200:MTAS,SCSCF,P-200:SCSCF,GTW,P-200:PCSCF,SCSCF,I-200:SCSCF,MTAS,I-200:MTAS,SCSCF,I-200:ICSCF,GTW,I-200:GTW,SCSCF,A:SCSCF,MTAS,A:MTAS,SCSCF,A:SCSCF,PCSCF,A:MTAS,SCSCF,U:SCSCF,PCSCF,U:PCSCF,SCSCF,U-200:MTAS,SCSCF,U:SCSCF,GTW,U:SCSCF,MTAS,U-200:GTW,SCSCF,U-200:SCSCF,MTAS,U-200:PCSCF,SCSCF,B:SCSCF,MTAS,B:MTAS,SCSCF,B:SCSCF,GTW,B:GTW,SCSCF,B-200:SCSCF,MTAS,B-200:MTAS,SCSCF,B-200:SCSCF,PCSCF,B-200"
424,424,0,0,53,-0.8376175123052606,-0.7929973864768493,323,0,"GTW,ICSCF,I:ICSCF,GTW,T:SCSCF,ASLI,I:ASLI,SCSCF,T:ASLI,SCSCF,I-500:SCSCF,MTAS,I:MTAS,SCSCF,T:MTAS,SCSCF,I:SCSCF,MTAS,T:SCSCF,PCSCF,I:PCSCF,SCSCF,T:SCSCF,ASLI,A:PCSCF,SCSCF,R:SCSCF,MTAS,R:MTAS,SCSCF,R:ICSCF,GTW,R:GTW,SCSCF,P:SCSCF,MTAS,P:MTAS,SCSCF,P:SCSCF,PCSCF,P:PCSCF,SCSCF,P-200:SCSCF,MTAS,P-200:MTAS,SCSCF,P-200:SCSCF,GTW,P-200:GTW,ICSCF,C:ICSCF,GTW,C-200:SCSCF,MTAS,C:MTAS,SCSCF,C-200:MTAS,SCSCF,C:SCSCF,MTAS,C-200:SCSCF,PCSCF,C:PCSCF,SCSCF,C-200:PCSCF,SCSCF,I-487:SCSCF,MTAS,I-487:MTAS,SCSCF,A:MTAS,SCSCF,I-487:SCSCF,MTAS,A:ICSCF,GTW,I-487:SCSCF,PCSCF,A:GTW,ICSCF,A"
425,425,0,1,25,-1.9021038056463107,-1.850106638142127,112,0,"PCSCF,SCSCF,I:SCSCF,PCSCF,T:SCSCF,PCSCF,I-407:PCSCF,SCSCF,A:PCSCF,SCSCF,I:SCSCF,ASLI,I:ASLI,SCSCF,T:SCSCF,PCSCF,T:ASLI,SCSCF,I-500:SCSCF,ASLI,A:MTAS,SCSCF,I:SCSCF,MTAS,T:SCSCF,GTW,I:GTW,SCSCF,T:GTW,SCSCF,I-504:SCSCF,GTW,A:SCSCF,MTAS,I-504:MTAS,SCSCF,A:SCSCF,PCSCF,I-504:PCSCF,SCSCF,A"
426,426,0,0,54,-1.128323056639314,-1.0863946993234601,5,0,"PCSCF,SCSCF,I:SCSCF,ASLI,I:ASLI,SCSCF,T:SCSCF,PCSCF,T:ASLI,SCSCF,I-500:SCSCF,ASLI,A:MTAS,SCSCF,I:SCSCF,MTAS,T:SCSCF,GTW,I:GTW,SCSCF,T:GTW,SCSCF,S:SCSCF,MTAS,S:SCSCF,PCSCF,S:PCSCF,SCSCF,P:MTAS,SCSCF,P:SCSCF,GTW,P:GTW,SCSCF,P-200:GTW,SCSCF,R:SCSCF,MTAS,P-200:SCSCF,MTAS,R:SCSCF,PCSCF,P-200:SCSCF,PCSCF,R:PCSCF,SCSCF,P:MTAS,SCSCF,P:SCSCF,GTW,P:GTW,SCSCF,P-200:SCSCF,MTAS,P-200:SCSCF,PCSCF,P-200:GTW,SCSCF,I-200:SCSCF,MTAS,I-200:SCSCF,PCSCF,I-200:PCSCF,SCSCF,A:SCSCF,MTAS,A:MTAS,SCSCF,A:SCSCF,GTW,A:PCSCF,SCSCF,B:MTAS,SCSCF,B:SCSCF,GTW,B:GTW,SCSCF,B-200:SCSCF,MTAS,B-200:SCSCF,PCSCF,B-200"
427,427,0,0,54,-1.128323056639314,-1.0863946993234601,5,0,"PCSCF,SCSCF,I:SCSCF,ASLI,I:SCSCF,PCSCF,T:ASLI,SCSCF,T:ASLI,SCSCF,I-500:SCSCF,ASLI,A:MTAS,SCSCF,I:SCSCF,MTAS,T:SCSCF,GTW,I:GTW,SCSCF,T:GTW,SCSCF,S:SCSCF,MTAS,S:SCSCF,PCSCF,S:PCSCF,SCSCF,P:MTAS,SCSCF,P:SCSCF,GTW,P:GTW,SCSCF,P-200:GTW,SCSCF,R:SCSCF,MTAS,P-200:SCSCF,MTAS,R:SCSCF,PCSCF,P-200:SCSCF,PCSCF,R:PCSCF,SCSCF,P:MTAS,SCSCF,P:SCSCF,GTW,P:GTW,SCSCF,P-200:SCSCF,MTAS,P-200:SCSCF,PCSCF,P-200:GTW,SCSCF,I-200:SCSCF,MTAS,I-200:SCSCF,PCSCF,I-200:PCSCF,SCSCF,A:SCSCF,MTAS,A:MTAS,SCSCF,A:SCSCF,GTW,A:GTW,SCSCF,B:MTAS,SCSCF,B:SCSCF,PCSCF,B:PCSCF,SCSCF,B-200:SCSCF,MTAS,B-200:SCSCF,GTW,B-200"
428,428,0,0,30,-0.8013742676776536,-0.7981701216785281,17,0,"MTAS,SCSCF,I:SCSCF,MTAS,T:SCSCF,PCSCF,I:PCSCF,SCSCF,T:PCSCF,SCSCF,R:SCSCF,MTAS,R:MTAS,SCSCF,P:SCSCF,PCSCF,P:PCSCF,SCSCF,P-200:SCSCF,MTAS,P-200:PCSCF,SCSCF,I-200:SCSCF,MTAS,I-200:MTAS,SCSCF,A:SCSCF,PCSCF,A:PCSCF,SCSCF,I-200:SCSCF,MTAS,I-200:MTAS,SCSCF,A:SCSCF,PCSCF,A:PCSCF,SCSCF,B:SCSCF,MTAS,B:MTAS,SCSCF,B-200:SCSCF,PCSCF,B-200"
429,429,0,0,53,-0.36705100684479475,-0.3669834238881995,5,0,"GTW,ICSCF,I:ICSCF,GTW,T:SCSCF,ASLI,I:ASLI,SCSCF,T:ASLI,SCSCF,I-500:SCSCF,ASLI,A:SCSCF,MTAS,I:MTAS,SCSCF,T:MTAS,SCSCF,I:SCSCF,MTAS,T:SCSCF,PCSCF,I:PCSCF,SCSCF,T:PCSCF,SCSCF,R:SCSCF,MTAS,R:MTAS,SCSCF,R:ICSCF,GTW,R:GTW,SCSCF,P:SCSCF,MTAS,P:MTAS,SCSCF,P:SCSCF,PCSCF,P:PCSCF,SCSCF,P-200:SCSCF,MTAS,P-200:MTAS,SCSCF,P-200:SCSCF,GTW,P-200:PCSCF,SCSCF,I-200:SCSCF,MTAS,I-200:MTAS,SCSCF,I-200:ICSCF,GTW,I-200:GTW,SCSCF,A:SCSCF,MTAS,A:MTAS,SCSCF,A:SCSCF,PCSCF,A:SCSCF,MTAS,B:PCSCF,SCSCF,B:MTAS,SCSCF,B:SCSCF,GTW,B:GTW,SCSCF,B-200:SCSCF,MTAS,B-200:MTAS,SCSCF,B-200:SCSCF,PCSCF,B-200"
430,430,0,0,53,-0.6709438273876098,-0.6502996428866452,76,0,"GTW,ICSCF,I:ICSCF,GTW,T:SCSCF,ASLI,I:ASLI,SCSCF,T:ASLI,SCSCF,I-500:SCSCF,ASLI,A:SCSCF,MTAS,I:MTAS,SCSCF,T:MTAS,SCSCF,I:SCSCF,MTAS,T:SCSCF,PCSCF,I:PCSCF,SCSCF,T:PCSCF,SCSCF,R:SCSCF,MTAS,R:MTAS,SCSCF,R:ICSCF,GTW,R:GTW,SCSCF,P:SCSCF,MTAS,P:MTAS,SCSCF,P:SCSCF,PCSCF,P:PCSCF,SCSCF,P-200:SCSCF,MTAS,P-200:MTAS,SCSCF,P-200:SCSCF,GTW,P-200:GTW,ICSCF,C:ICSCF,GTW,C-200:SCSCF,MTAS,C:MTAS,SCSCF,C:SCSCF,MTAS,C-200:MTAS,SCSCF,C-200:SCSCF,PCSCF,C:PCSCF,SCSCF,C-200:PCSCF,SCSCF,I-487:SCSCF,PCSCF,A:SCSCF,MTAS,I-487:MTAS,SCSCF,A:MTAS,SCSCF,I-487:SCSCF,MTAS,A:ICSCF,GTW,I-487:GTW,ICSCF,A"
431,431,0,0,92,-1.0593012533829664,-1.0240134803296217,59,0,"PCSCF,SCSCF,I:SCSCF,PCSCF,T:SCSCF,ASLI,I:ASLI,SCSCF,T:ASLI,SCSCF,I-500:SCSCF,ASLI,A:MTAS,SCSCF,I:SCSCF,MTAS,T:SCSCF,GTW,I:GTW,SCSCF,T:GTW,SCSCF,S:SCSCF,MTAS,S:SCSCF,PCSCF,S:PCSCF,SCSCF,P:MTAS,SCSCF,P:SCSCF,GTW,P:GTW,SCSCF,P-200:GTW,SCSCF,S:SCSCF,MTAS,P-200:SCSCF,MTAS,S:SCSCF,PCSCF,P-200:SCSCF,PCSCF,S:PCSCF,SCSCF,P:MTAS,SCSCF,P:SCSCF,GTW,P:GTW,SCSCF,P-200:GTW,SCSCF,R:SCSCF,MTAS,P-200:SCSCF,MTAS,R:SCSCF,PCSCF,P-200:SCSCF,PCSCF,R:PCSCF,SCSCF,P:MTAS,SCSCF,P:SCSCF,GTW,P:GTW,SCSCF,P-200:SCSCF,MTAS,P-200:SCSCF,PCSCF,P-200:GTW,SCSCF,I-200:SCSCF,MTAS,I-200:SCSCF,PCSCF,I-200:PCSCF,SCSCF,A:SCSCF,MTAS,A:MTAS,SCSCF,A:SCSCF,GTW,A:MTAS,SCSCF,U:SCSCF,GTW,U:SCSCF,PCSCF,U:GTW,SCSCF,U-200:SCSCF,MTAS,U-200:PCSCF,SCSCF,U-200:SCSCF,MTAS,U-200:MTAS,SCSCF,U:SCSCF,GTW,U:GTW,SCSCF,U-200:SCSCF,MTAS,U-200:MTAS,SCSCF,U:SCSCF,PCSCF,U:PCSCF,SCSCF,U-200:SCSCF,MTAS,U-200:PCSCF,SCSCF,B:SCSCF,MTAS,B:MTAS,SCSCF,B:SCSCF,GTW,B:GTW,SCSCF,B-200:SCSCF,MTAS,B-200:MTAS,SCSCF,B-200:SCSCF,PCSCF,B-200"
432,432,0,0,64,-0.7759498454710241,-0.7289172805535171,59,0,"GTW,ICSCF,I:ICSCF,GTW,T:SCSCF,ASLI,I:ASLI,SCSCF,T:ASLI,SCSCF,I-500:SCSCF,ASLI,A:SCSCF,MTAS,I:MTAS,SCSCF,I:SCSCF,MTAS,T:SCSCF,PCSCF,I:PCSCF,SCSCF,T:MTAS,SCSCF,T:PCSCF,SCSCF,R:SCSCF,MTAS,R:MTAS,SCSCF,R:ICSCF,GTW,R:GTW,SCSCF,P:SCSCF,MTAS,P:MTAS,SCSCF,P:SCSCF,PCSCF,P:PCSCF,SCSCF,P-200:SCSCF,MTAS,P-200:MTAS,SCSCF,P-200:SCSCF,GTW,P-200:PCSCF,SCSCF,I-200:SCSCF,MTAS,I-200:MTAS,SCSCF,I-200:ICSCF,GTW,I-200:GTW,SCSCF,A:SCSCF,MTAS,A:MTAS,SCSCF,A:SCSCF,PCSCF,A:MTAS,SCSCF,U:SCSCF,GTW,U:GTW,SCSCF,U-200:SCSCF,PCSCF,U:SCSCF,MTAS,U-200:PCSCF,SCSCF,U-200:SCSCF,MTAS,U-200:GTW,SCSCF,B:SCSCF,MTAS,B:MTAS,SCSCF,B:SCSCF,PCSCF,B:PCSCF,SCSCF,B-200:SCSCF,MTAS,B-200:MTAS,SCSCF,B-200:SCSCF,GTW,B-200"
433,433,0,0,46,-1.0949679478516432,-1.045905748948024,76,0,"PCSCF,SCSCF,I:SCSCF,PCSCF,T:SCSCF,PCSCF,I-407:PCSCF,SCSCF,A:PCSCF,SCSCF,I:SCSCF,PCSCF,T:SCSCF,ASLI,I:ASLI,SCSCF,T:ASLI,SCSCF,I-500:SCSCF,ASLI,A:MTAS,SCSCF,I:SCSCF,MTAS,T:SCSCF,GTW,I:GTW,SCSCF,T:GTW,SCSCF,R:SCSCF,MTAS,R:SCSCF,PCSCF,R:PCSCF,SCSCF,P:MTAS,SCSCF,P:SCSCF,GTW,P:GTW,SCSCF,P-200:SCSCF,MTAS,P-200:SCSCF,PCSCF,P-200:PCSCF,SCSCF,C:MTAS,SCSCF,C:SCSCF,MTAS,C-200:SCSCF,GTW,C:GTW,SCSCF,C-200:GTW,SCSCF,I-487:SCSCF,PCSCF,C-200:SCSCF,GTW,A:SCSCF,MTAS,I-487:MTAS,SCSCF,A:SCSCF,PCSCF,I-487:PCSCF,SCSCF,A"
434,434,0,0,64,-0.9253073567993578,-0.8694784864874151,28,0,"PCSCF,SCSCF,I:SCSCF,PCSCF,T:SCSCF,PCSCF,I-407:PCSCF,SCSCF,A:PCSCF,SCSCF,I:SCSCF,PCSCF,T:SCSCF,ASLI,I:ASLI,SCSCF,T:ASLI,SCSCF,I-500:MTAS,SCSCF,I:SCSCF,MTAS,T:SCSCF,ASLI,A:SCSCF,GTW,I:GTW,SCSCF,T:GTW,SCSCF,S:SCSCF,MTAS,S:SCSCF,PCSCF,S:PCSCF,SCSCF,P:SCSCF,MTAS,P:MTAS,SCSCF,P:SCSCF,GTW,P:GTW,SCSCF,P-200:SCSCF,MTAS,P-200:MTAS,SCSCF,P-200:SCSCF,PCSCF,P-200:GTW,SCSCF,R:SCSCF,MTAS,R:SCSCF,PCSCF,R:PCSCF,SCSCF,P:SCSCF,MTAS,P:MTAS,SCSCF,P:SCSCF,GTW,P:GTW,SCSCF,P-200:SCSCF,MTAS,P-200:MTAS,SCSCF,P-200:SCSCF,PCSCF,P-200:PCSCF,SCSCF,C:SCSCF,PCSCF,C-200:MTAS,SCSCF,C:SCSCF,MTAS,C-200:SCSCF,GTW,C:GTW,SCSCF,C-200:GTW,SCSCF,I-487:SCSCF,GTW,A:SCSCF,MTAS,I-487:MTAS,SCSCF,A:SCSCF,PCSCF,I-487:PCSCF,SCSCF,A"
435,435,0,0,64,-0.9699087574045053,-0.9159408534510391,28,0,"PCSCF,SCSCF,I:SCSCF,PCSCF,T:SCSCF,PCSCF,I-407:PCSCF,SCSCF,A:PCSCF,SCSCF,I:SCSCF,PCSCF,T:SCSCF,ASLI,I:ASLI,SCSCF,T:ASLI,SCSCF,I-500:SCSCF,ASLI,A:MTAS,SCSCF,I:SCSCF,MTAS,T:SCSCF,GTW,I:GTW,SCSCF,T:GTW,SCSCF,S:SCSCF,MTAS,S:SCSCF,PCSCF,S:PCSCF,SCSCF,P:SCSCF,MTAS,P:MTAS,SCSCF,P:SCSCF,GTW,P:GTW,SCSCF,P-200:GTW,SCSCF,R:SCSCF,MTAS,P-200:SCSCF,MTAS,R:MTAS,SCSCF,P-200:SCSCF,PCSCF,P-200:SCSCF,PCSCF,R:PCSCF,SCSCF,P:SCSCF,MTAS,P:MTAS,SCSCF,P:SCSCF,GTW,P:GTW,SCSCF,P-200:SCSCF,MTAS,P-200:MTAS,SCSCF,P-200:SCSCF,PCSCF,P-200:PCSCF,SCSCF,C:SCSCF,PCSCF,C-200:MTAS,SCSCF,C:SCSCF,MTAS,C-200:SCSCF,GTW,C:GTW,SCSCF,C-200:GTW,SCSCF,I-487:SCSCF,GTW,A:SCSCF,MTAS,I-487:MTAS,SCSCF,A:SCSCF,PCSCF,I-487:PCSCF,SCSCF,A"
436,436,0,0,70,-0.6078090344858463,-0.5798197554970881,323,0,"PCSCF,SCSCF,I:SCSCF,PCSCF,T:SCSCF,ASLI,I:ASLI,SCSCF,T:ASLI,SCSCF,I-500:SCSCF,ASLI,A:MTAS,SCSCF,I:SCSCF,MTAS,T:SCSCF,ASLI,I:ASLI,SCSCF,T:ASLI,SCSCF,I-500:SCSCF,ASLI,A:SCSCF,MTAS,I:MTAS,SCSCF,T:MTAS,SCSCF,I:SCSCF,MTAS,T:SCSCF,PCSCF,I:PCSCF,SCSCF,T:PCSCF,SCSCF,R:SCSCF,MTAS,R:MTAS,SCSCF,R:SCSCF,MTAS,R:SCSCF,PCSCF,R:PCSCF,SCSCF,P:MTAS,SCSCF,P:SCSCF,MTAS,P:MTAS,SCSCF,P:SCSCF,PCSCF,P:PCSCF,SCSCF,P-200:SCSCF,MTAS,P-200:MTAS,SCSCF,P-200:SCSCF,MTAS,P-200:SCSCF,PCSCF,P-200:PCSCF,SCSCF,C:SCSCF,PCSCF,C-200:MTAS,SCSCF,C:SCSCF,MTAS,C-200:SCSCF,MTAS,C:MTAS,SCSCF,C-200:MTAS,SCSCF,C:SCSCF,MTAS,C-200:SCSCF,PCSCF,C:PCSCF,SCSCF,C-200:PCSCF,SCSCF,I-487:SCSCF,MTAS,I-487:SCSCF,PCSCF,A:MTAS,SCSCF,A:MTAS,SCSCF,I-487:SCSCF,MTAS,A:SCSCF,MTAS,I-487:MTAS,SCSCF,A:SCSCF,PCSCF,I-487:PCSCF,SCSCF,A"
437,437,0,0,43,-1.0602372946928917,-1.055827716367152,190,0,"GTW,ICSCF,I:ICSCF,GTW,T:SCSCF,ASLI,I:ASLI,SCSCF,T:ASLI,SCSCF,I-500:SCSCF,ASLI,A:SCSCF,MTAS,I:MTAS,SCSCF,T:MTAS,SCSCF,I:SCSCF,MTAS,T:SCSCF,GTW,I:MTAS,SCSCF,W:ICSCF,GTW,W:GTW,SCSCF,T:GTW,SCSCF,S:SCSCF,MTAS,S:MTAS,SCSCF,S:ICSCF,GTW,S:GTW,SCSCF,P:SCSCF,MTAS,P:MTAS,SCSCF,P:SCSCF,GTW,P:GTW,SCSCF,P-200:SCSCF,MTAS,P-200:MTAS,SCSCF,P-200:SCSCF,GTW,P-200:GTW,SCSCF,I-480:SCSCF,GTW,A:SCSCF,MTAS,I-480:MTAS,SCSCF,A:MTAS,SCSCF,I-480:SCSCF,MTAS,A:ICSCF,GTW,I-480:GTW,ICSCF,A"
438,438,0,0,44,-0.8529943490974895,-0.8235681721816864,76,0,"PCSCF,SCSCF,I:SCSCF,PCSCF,T:SCSCF,ASLI,I:ASLI,SCSCF,T:ASLI,SCSCF,I-500:SCSCF,ASLI,A:MTAS,SCSCF,I:SCSCF,MTAS,T:SCSCF,GTW,I:GTW,SCSCF,T:GTW,SCSCF,R:SCSCF,MTAS,R:SCSCF,PCSCF,R:PCSCF,SCSCF,P:SCSCF,MTAS,P:MTAS,SCSCF,P:SCSCF,GTW,P:GTW,SCSCF,P-200:SCSCF,MTAS,P-200:MTAS,SCSCF,P-200:SCSCF,PCSCF,P-200:PCSCF,SCSCF,C:MTAS,SCSCF,C:SCSCF,MTAS,C-200:SCSCF,GTW,C:GTW,SCSCF,C-200:GTW,SCSCF,I-487:SCSCF,GTW,A:SCSCF,PCSCF,C-200:SCSCF,MTAS,I-487:MTAS,SCSCF,A:SCSCF,PCSCF,I-487:PCSCF,SCSCF,A"
439,439,0,0,101,-0.7881878785528211,-0.7523989452204668,59,0,"PCSCF,SCSCF,I:SCSCF,PCSCF,T:SCSCF,ASLI,I:ASLI,SCSCF,T:ASLI,SCSCF,I-500:SCSCF,ASLI,A:MTAS,SCSCF,I:SCSCF,MTAS,T:SCSCF,GTW,I:GTW,SCSCF,T:GTW,SCSCF,S:SCSCF,MTAS,S:SCSCF,PCSCF,S:PCSCF,SCSCF,P:MTAS,SCSCF,P:SCSCF,GTW,P:GTW,SCSCF,P-200:SCSCF,MTAS,P-200:SCSCF,PCSCF,P-200:GTW,SCSCF,R:SCSCF,MTAS,R:SCSCF,PCSCF,R:PCSCF,SCSCF,P:MTAS,SCSCF,P:SCSCF,GTW,P:GTW,SCSCF,P-200:SCSCF,MTAS,P-200:SCSCF,PCSCF,P-200:GTW,SCSCF,I-200:SCSCF,MTAS,I-200:SCSCF,PCSCF,I-200:PCSCF,SCSCF,A:SCSCF,MTAS,A:MTAS,SCSCF,A:SCSCF,GTW,A:MTAS,SCSCF,U:SCSCF,GTW,U:SCSCF,PCSCF,U:GTW,SCSCF,U-200:SCSCF,MTAS,U-200:PCSCF,SCSCF,U-200:SCSCF,MTAS,U-200:MTAS,SCSCF,U:SCSCF,GTW,U:GTW,SCSCF,U-200:SCSCF,MTAS,U-200:MTAS,SCSCF,U:SCSCF,PCSCF,U:PCSCF,SCSCF,U-200:SCSCF,MTAS,U-200:MTAS,SCSCF,U:SCSCF,GTW,U:GTW,SCSCF,U-200:SCSCF,MTAS,U-200:MTAS,SCSCF,U:SCSCF,PCSCF,U:PCSCF,SCSCF,U-200:SCSCF,MTAS,U-200:MTAS,SCSCF,U:SCSCF,GTW,U:GTW,SCSCF,U-200:SCSCF,MTAS,U-200:MTAS,SCSCF,U:SCSCF,PCSCF,U:PCSCF,SCSCF,U-200:SCSCF,MTAS,U-200:PCSCF,SCSCF,B:MTAS,SCSCF,B:SCSCF,GTW,B:GTW,SCSCF,B-200:SCSCF,MTAS,B-200:SCSCF,PCSCF,B-200"
440,440,0,0,71,-0.8450625427847035,-0.8103424030297844,323,0,"GTW,ICSCF,I:ICSCF,GTW,T:SCSCF,ASLI,I:ASLI,SCSCF,T:ASLI,SCSCF,I-500:SCSCF,ASLI,A:SCSCF,MTAS,I:MTAS,SCSCF,T:MTAS,SCSCF,W:ICSCF,GTW,W:MTAS,SCSCF,I:SCSCF,MTAS,T:SCSCF,GTW,I:GTW,SCSCF,T:GTW,SCSCF,S:SCSCF,MTAS,S:MTAS,SCSCF,S:ICSCF,GTW,S:GTW,SCSCF,P:SCSCF,MTAS,P:MTAS,SCSCF,P:SCSCF,GTW,P:GTW,SCSCF,P-200:SCSCF,MTAS,P-200:MTAS,SCSCF,P-200:SCSCF,GTW,P-200:GTW,SCSCF,R:SCSCF,MTAS,R:MTAS,SCSCF,R:ICSCF,GTW,R:GTW,SCSCF,P:SCSCF,MTAS,P:MTAS,SCSCF,P:SCSCF,GTW,P:GTW,SCSCF,P-200:SCSCF,MTAS,P-200:MTAS,SCSCF,P-200:SCSCF,GTW,P-200:GTW,ICSCF,C:ICSCF,GTW,C-200:SCSCF,MTAS,C:MTAS,SCSCF,C-200:MTAS,SCSCF,C:SCSCF,MTAS,C-200:SCSCF,GTW,C:GTW,SCSCF,C-200:GTW,SCSCF,I-487:SCSCF,GTW,A:MTAS,SCSCF,I-487:SCSCF,MTAS,I-487:MTAS,SCSCF,A:SCSCF,MTAS,A:ICSCF,GTW,I-487:GTW,ICSCF,A"
441,441,0,0,33,-0.5724211576115462,-0.5581203391110325,37,0,"PCSCF,SCSCF,I:SCSCF,PCSCF,T:SCSCF,ASLI,I:ASLI,SCSCF,T:ASLI,SCSCF,I-500:SCSCF,ASLI,A:MTAS,SCSCF,I:SCSCF,MTAS,T:SCSCF,GTW,I:GTW,SCSCF,T:GTW,SCSCF,I-200:SCSCF,MTAS,I-200:SCSCF,PCSCF,I-200:PCSCF,SCSCF,A:SCSCF,MTAS,A:MTAS,SCSCF,A:SCSCF,GTW,A:PCSCF,SCSCF,B:SCSCF,MTAS,B:MTAS,SCSCF,B:SCSCF,GTW,B:GTW,SCSCF,B-200:SCSCF,PCSCF,B-200:SCSCF,MTAS,B-200:MTAS,SCSCF,B-200"
442,442,0,0,61,-0.7984393099511826,-0.7673007733199855,302,0,"GTW,ICSCF,I:ICSCF,GTW,T:SCSCF,ASLI,I:ASLI,SCSCF,T:ASLI,SCSCF,I-500:SCSCF,ASLI,A:SCSCF,MTAS,I:MTAS,SCSCF,T:MTAS,SCSCF,I:SCSCF,MTAS,T:SCSCF,PCSCF,I:PCSCF,SCSCF,T:PCSCF,SCSCF,R:SCSCF,MTAS,R:MTAS,SCSCF,R:ICSCF,GTW,R:GTW,SCSCF,P:SCSCF,MTAS,P:MTAS,SCSCF,P:SCSCF,PCSCF,P:PCSCF,SCSCF,P-200:SCSCF,MTAS,P-200:MTAS,SCSCF,P-200:SCSCF,GTW,P-200:SCSCF,MTAS,I-200:MTAS,SCSCF,I-200:ICSCF,GTW,I-200:PCSCF,SCSCF,I-200:GTW,SCSCF,A:SCSCF,MTAS,A:MTAS,SCSCF,A:SCSCF,PCSCF,A:PCSCF,SCSCF,I:SCSCF,MTAS,I:SCSCF,PCSCF,T:MTAS,SCSCF,T:MTAS,SCSCF,I:SCSCF,MTAS,T:SCSCF,GTW,I:GTW,SCSCF,T:GTW,SCSCF,B:SCSCF,MTAS,B:MTAS,SCSCF,B:SCSCF,PCSCF,B:PCSCF,SCSCF,B-200:SCSCF,MTAS,B-200:MTAS,SCSCF,B-200:SCSCF,GTW,B-200"
443,443,0,0,86,-0.9992301781870684,-0.9523318396269445,59,0,"PCSCF,SCSCF,I:SCSCF,ASLI,I:ASLI,SCSCF,T:ASLI,SCSCF,I-500:SCSCF,ASLI,A:SCSCF,PCSCF,T:MTAS,SCSCF,I:SCSCF,MTAS,T:SCSCF,GTW,I:GTW,SCSCF,T:GTW,SCSCF,R:SCSCF,MTAS,R:SCSCF,PCSCF,R:PCSCF,SCSCF,P:SCSCF,MTAS,P:MTAS,SCSCF,P:SCSCF,GTW,P:GTW,SCSCF,P-200:SCSCF,MTAS,P-200:MTAS,SCSCF,P-200:SCSCF,PCSCF,P-200:GTW,SCSCF,S:SCSCF,MTAS,S:SCSCF,PCSCF,S:PCSCF,SCSCF,P:SCSCF,MTAS,P:MTAS,SCSCF,P:SCSCF,GTW,P:GTW,SCSCF,P-200:SCSCF,MTAS,P-200:MTAS,SCSCF,P-200:SCSCF,PCSCF,P-200:GTW,SCSCF,I-200:SCSCF,MTAS,I-200:SCSCF,PCSCF,I-200:PCSCF,SCSCF,A:SCSCF,MTAS,A:MTAS,SCSCF,A:SCSCF,GTW,A:MTAS,SCSCF,U:SCSCF,GTW,U:GTW,SCSCF,U-200:SCSCF,PCSCF,U:SCSCF,MTAS,U-200:PCSCF,SCSCF,U-200:SCSCF,MTAS,U-200:MTAS,SCSCF,U:SCSCF,GTW,U:GTW,SCSCF,U-200:SCSCF,MTAS,U-200:MTAS,SCSCF,U:SCSCF,PCSCF,U:PCSCF,SCSCF,U-200:SCSCF,MTAS,U-200:PCSCF,SCSCF,B:SCSCF,MTAS,B:MTAS,SCSCF,B:SCSCF,GTW,B:GTW,SCSCF,B-200:SCSCF,MTAS,B-200:MTAS,SCSCF,B-200:SCSCF,PCSCF,B-200"
444,444,0,0,42,-0.8210621999164056,-0.7949353288962439,0,0,"PCSCF,SCSCF,I:SCSCF,ASLI,I:ASLI,SCSCF,T:SCSCF,PCSCF,T:ASLI,SCSCF,I-500:SCSCF,ASLI,A:MTAS,SCSCF,I:SCSCF,MTAS,T:SCSCF,GTW,I:GTW,SCSCF,T:GTW,SCSCF,R:SCSCF,MTAS,R:SCSCF,PCSCF,R:PCSCF,SCSCF,P:MTAS,SCSCF,P:SCSCF,GTW,P:GTW,SCSCF,P-200:SCSCF,MTAS,P-200:SCSCF,PCSCF,P-200:GTW,SCSCF,I-200:SCSCF,MTAS,I-200:SCSCF,PCSCF,I-200:PCSCF,SCSCF,A:SCSCF,MTAS,A:MTAS,SCSCF,A:SCSCF,GTW,A:GTW,SCSCF,B:MTAS,SCSCF,B:SCSCF,PCSCF,B:PCSCF,SCSCF,B-200:SCSCF,MTAS,B-200:SCSCF,GTW,B-200"
445,445,0,0,63,-1.1902240016370194,-1.1158944740635834,293,0,"PCSCF,SCSCF,I:SCSCF,PCSCF,T:SCSCF,ASLI,I:ASLI,SCSCF,T:ASLI,SCSCF,I-500:SCSCF,ASLI,A:MTAS,SCSCF,I:SCSCF,MTAS,T:SCSCF,GTW,I:GTW,SCSCF,T:GTW,SCSCF,S:SCSCF,MTAS,S:SCSCF,PCSCF,S:PCSCF,SCSCF,P:MTAS,SCSCF,P:SCSCF,GTW,P:GTW,SCSCF,P-200:SCSCF,MTAS,P-200:SCSCF,PCSCF,P-200:GTW,SCSCF,U:MTAS,SCSCF,U:SCSCF,PCSCF,U:PCSCF,SCSCF,U-200:SCSCF,MTAS,U-200:SCSCF,GTW,U-200:GTW,SCSCF,R:SCSCF,MTAS,R:SCSCF,PCSCF,R:GTW,SCSCF,U:MTAS,SCSCF,U:SCSCF,PCSCF,U:PCSCF,SCSCF,U-200:SCSCF,MTAS,U-200:SCSCF,GTW,U-200:GTW,SCSCF,I-200:SCSCF,MTAS,I-200:SCSCF,PCSCF,I-200:PCSCF,SCSCF,A:SCSCF,MTAS,A:MTAS,SCSCF,A:SCSCF,GTW,A:GTW,SCSCF,B:MTAS,SCSCF,B:SCSCF,PCSCF,B:PCSCF,SCSCF,B-200:SCSCF,MTAS,B-200:SCSCF,GTW,B-200"
446,446,0,0,54,-1.0466523290664547,-1.0264744116136557,60,0,"PCSCF,SCSCF,I:SCSCF,ASLI,I:ASLI,SCSCF,T:ASLI,SCSCF,I-500:SCSCF,ASLI,A:MTAS,SCSCF,I:SCSCF,MTAS,T:SCSCF,GTW,I:GTW,SCSCF,T:SCSCF,PCSCF,T:GTW,SCSCF,S:SCSCF,MTAS,S:SCSCF,PCSCF,S:PCSCF,SCSCF,P:MTAS,SCSCF,P:SCSCF,GTW,P:GTW,SCSCF,P-200:SCSCF,MTAS,P-200:SCSCF,PCSCF,P-200:GTW,SCSCF,S:SCSCF,MTAS,S:SCSCF,PCSCF,S:PCSCF,SCSCF,P:MTAS,SCSCF,P:SCSCF,GTW,P:GTW,SCSCF,P-200:SCSCF,MTAS,P-200:GTW,SCSCF,I-200:SCSCF,MTAS,I-200:SCSCF,PCSCF,P-200:SCSCF,PCSCF,I-200:PCSCF,SCSCF,A:SCSCF,MTAS,A:MTAS,SCSCF,A:SCSCF,GTW,A:PCSCF,SCSCF,B:MTAS,SCSCF,B:SCSCF,GTW,B:GTW,SCSCF,B-200:SCSCF,MTAS,B-200:SCSCF,PCSCF,B-200"
447,447,0,0,20,-1.0554178440112945,-0.9704122486760818,0,0,"PCSCF,SCSCF,I:SCSCF,PCSCF,T:SCSCF,ASLI,I:ASLI,SCSCF,T:ASLI,SCSCF,I-500:SCSCF,ASLI,A:MTAS,SCSCF,I:SCSCF,MTAS,T:SCSCF,GTW,I:GTW,SCSCF,T:GTW,SCSCF,I-500:SCSCF,GTW,A:SCSCF,MTAS,I-500:MTAS,SCSCF,A:SCSCF,PCSCF,I-500:PCSCF,SCSCF,A"
448,448,0,0,64,-0.6953897210041226,-0.6507663831119317,113,0,"GTW,ICSCF,I:ICSCF,GTW,T:SCSCF,ASLI,I:ASLI,SCSCF,T:ASLI,SCSCF,I-500:SCSCF,ASLI,A:SCSCF,MTAS,I:MTAS,SCSCF,I:SCSCF,MTAS,T:SCSCF,PCSCF,I:MTAS,SCSCF,T:PCSCF,SCSCF,T:PCSCF,SCSCF,R:SCSCF,MTAS,R:MTAS,SCSCF,R:ICSCF,GTW,R:GTW,SCSCF,P:SCSCF,MTAS,P:MTAS,SCSCF,P:SCSCF,PCSCF,P:PCSCF,SCSCF,P-200:SCSCF,MTAS,P-200:MTAS,SCSCF,P-200:SCSCF,GTW,P-200:PCSCF,SCSCF,I-200:SCSCF,MTAS,I-200:MTAS,SCSCF,I-200:ICSCF,GTW,I-200:GTW,SCSCF,A:SCSCF,MTAS,A:MTAS,SCSCF,A:SCSCF,PCSCF,A:MTAS,SCSCF,U:SCSCF,PCSCF,U:SCSCF,GTW,U:GTW,SCSCF,U-200:SCSCF,MTAS,U-200:PCSCF,SCSCF,U-200:SCSCF,MTAS,U-200:GTW,SCSCF,B:SCSCF,MTAS,B:MTAS,SCSCF,B:SCSCF,PCSCF,B:PCSCF,SCSCF,B-200:SCSCF,MTAS,B-200:MTAS,SCSCF,B-200:SCSCF,GTW,B-200"
449,449,0,0,111,-0.6424045280480758,-0.6254064732068625,59,0,"GTW,ICSCF,I:ICSCF,GTW,T:SCSCF,ASLI,I:ASLI,SCSCF,T:ASLI,SCSCF,I-500:SCSCF,ASLI,A:SCSCF,MTAS,I:MTAS,SCSCF,T:MTAS,SCSCF,I:SCSCF,MTAS,T:SCSCF,PCSCF,I:PCSCF,SCSCF,T:PCSCF,SCSCF,R:SCSCF,MTAS,R:MTAS,SCSCF,R:ICSCF,GTW,R:GTW,SCSCF,P:SCSCF,MTAS,P:MTAS,SCSCF,P:SCSCF,PCSCF,P:PCSCF,SCSCF,P-200:SCSCF,MTAS,P-200:MTAS,SCSCF,P-200:SCSCF,GTW,P-200:PCSCF,SCSCF,I-200:SCSCF,MTAS,I-200:MTAS,SCSCF,I-200:ICSCF,GTW,I-200:GTW,SCSCF,A:SCSCF,MTAS,A:MTAS,SCSCF,A:SCSCF,PCSCF,A:MTAS,SCSCF,U:SCSCF,PCSCF,U:SCSCF,GTW,U:GTW,SCSCF,U-200:SCSCF,MTAS,U-200:PCSCF,SCSCF,U-200:SCSCF,MTAS,U-200:MTAS,SCSCF,U:SCSCF,GTW,U:GTW,SCSCF,U-200:SCSCF,MTAS,U-200:MTAS,SCSCF,U:SCSCF,PCSCF,U:PCSCF,SCSCF,U-200:SCSCF,MTAS,U-200:MTAS,SCSCF,U:SCSCF,GTW,U:SCSCF,PCSCF,U:GTW,SCSCF,U-200:SCSCF,MTAS,U-200:PCSCF,SCSCF,U-200:SCSCF,MTAS,U-200:MTAS,SCSCF,U:SCSCF,GTW,U:GTW,SCSCF,U-200:SCSCF,MTAS,U-200:MTAS,SCSCF,U:SCSCF,PCSCF,U:PCSCF,SCSCF,U-200:SCSCF,MTAS,U-200:MTAS,SCSCF,U:SCSCF,GTW,U:GTW,SCSCF,U-200:SCSCF,MTAS,U-200:MTAS,SCSCF,U:SCSCF,PCSCF,U:PCSCF,SCSCF,U-200:SCSCF,MTAS,U-200:PCSCF,SCSCF,B:SCSCF,MTAS,B:MTAS,SCSCF,B:SCSCF,GTW,B:GTW,SCSCF,B-200:SCSCF,MTAS,B-200:MTAS,SCSCF,B-200:SCSCF,PCSCF,B-200"
450,450,0,0,59,-0.8461038565816947,-0.7960470722768916,76,0,"PCSCF,SCSCF,I:SCSCF,PCSCF,T:SCSCF,ASLI,I:ASLI,SCSCF,T:ASLI,SCSCF,I-500:SCSCF,ASLI,A:MTAS,SCSCF,I:SCSCF,MTAS,T:SCSCF,GTW,I:GTW,SCSCF,T:GTW,SCSCF,S:SCSCF,MTAS,S:SCSCF,PCSCF,S:PCSCF,SCSCF,P:SCSCF,MTAS,P:MTAS,SCSCF,P:SCSCF,GTW,P:GTW,SCSCF,P-200:SCSCF,MTAS,P-200:MTAS,SCSCF,P-200:SCSCF,PCSCF,P-200:GTW,SCSCF,R:SCSCF,MTAS,R:SCSCF,PCSCF,R:PCSCF,SCSCF,P:SCSCF,MTAS,P:MTAS,SCSCF,P:SCSCF,GTW,P:GTW,SCSCF,P-200:SCSCF,MTAS,P-200:MTAS,SCSCF,P-200:SCSCF,PCSCF,P-200:PCSCF,SCSCF,C:MTAS,SCSCF,C:SCSCF,MTAS,C-200:SCSCF,GTW,C:SCSCF,PCSCF,C-200:GTW,SCSCF,C-200:GTW,SCSCF,I-487:SCSCF,GTW,A:SCSCF,MTAS,I-487:MTAS,SCSCF,A:SCSCF,PCSCF,I-487:PCSCF,SCSCF,A"
451,451,0,0,20,-1.1086688763318584,-1.0797643762164604,180,0,"PCSCF,SCSCF,I:SCSCF,ASLI,I:ASLI,SCSCF,T:ASLI,SCSCF,I-500:SCSCF,ASLI,A:SCSCF,PCSCF,T:MTAS,SCSCF,I:SCSCF,MTAS,T:SCSCF,GTW,I:GTW,SCSCF,T:GTW,SCSCF,I-486:SCSCF,GTW,A:SCSCF,MTAS,I-486:MTAS,SCSCF,A:SCSCF,PCSCF,I-486:PCSCF,SCSCF,A"
452,452,0,0,98,-0.8438028853133781,-0.8220943537677744,104,0,"GTW,ICSCF,I:ICSCF,GTW,T:SCSCF,ASLI,I:ASLI,SCSCF,T:ASLI,SCSCF,I-500:SCSCF,ASLI,A:SCSCF,MTAS,I:MTAS,SCSCF,T:MTAS,SCSCF,I:SCSCF,MTAS,T:SCSCF,PCSCF,I:PCSCF,SCSCF,T:PCSCF,SCSCF,R:SCSCF,MTAS,R:MTAS,SCSCF,R:ICSCF,GTW,R:GTW,SCSCF,P:SCSCF,MTAS,P:MTAS,SCSCF,P:SCSCF,PCSCF,P:PCSCF,SCSCF,P-200:SCSCF,MTAS,P-200:MTAS,SCSCF,P-200:SCSCF,GTW,P-200:PCSCF,SCSCF,I-200:SCSCF,MTAS,I-200:MTAS,SCSCF,I-200:ICSCF,GTW,I-200:GTW,SCSCF,A:SCSCF,MTAS,A:MTAS,SCSCF,A:SCSCF,PCSCF,A:PCSCF,SCSCF,I:SCSCF,PCSCF,T:SCSCF,PCSCF,I-407:PCSCF,SCSCF,A:PCSCF,SCSCF,I:SCSCF,PCSCF,T:SCSCF,MTAS,I:MTAS,SCSCF,I:SCSCF,MTAS,T:SCSCF,GTW,I:GTW,SCSCF,T:MTAS,SCSCF,T:GTW,SCSCF,I-200:SCSCF,MTAS,I-200:MTAS,SCSCF,I-200:SCSCF,PCSCF,I-200:PCSCF,SCSCF,A:SCSCF,MTAS,A:MTAS,SCSCF,A:SCSCF,GTW,A:PCSCF,SCSCF,I:SCSCF,MTAS,I:MTAS,SCSCF,T:MTAS,SCSCF,I:SCSCF,MTAS,T:SCSCF,GTW,I:GTW,SCSCF,T:SCSCF,PCSCF,T:GTW,SCSCF,I-200:SCSCF,MTAS,I-200:MTAS,SCSCF,I-200:SCSCF,PCSCF,I-200:PCSCF,SCSCF,A:SCSCF,MTAS,A:MTAS,SCSCF,A:SCSCF,GTW,A:GTW,SCSCF,B:SCSCF,MTAS,B:MTAS,SCSCF,B:SCSCF,PCSCF,B:PCSCF,SCSCF,B-200:SCSCF,MTAS,B-200:MTAS,SCSCF,B-200:SCSCF,GTW,B-200"
453,453,0,0,53,-0.617651003824519,-0.6175876772227367,49,0,"GTW,ICSCF,I:ICSCF,GTW,T:SCSCF,ASLI,I:ASLI,SCSCF,T:ASLI,SCSCF,I-500:SCSCF,MTAS,I:SCSCF,ASLI,A:MTAS,SCSCF,T:MTAS,SCSCF,I:SCSCF,MTAS,T:SCSCF,PCSCF,I:PCSCF,SCSCF,T:PCSCF,SCSCF,R:SCSCF,MTAS,R:MTAS,SCSCF,R:ICSCF,GTW,R:GTW,SCSCF,P:SCSCF,MTAS,P:MTAS,SCSCF,P:SCSCF,PCSCF,P:PCSCF,SCSCF,P-200:SCSCF,MTAS,P-200:MTAS,SCSCF,P-200:SCSCF,GTW,P-200:PCSCF,SCSCF,I-200:SCSCF,MTAS,I-200:MTAS,SCSCF,I-200:GTW,SCSCF,A:ICSCF,GTW,I-200:SCSCF,MTAS,A:MTAS,SCSCF,A:SCSCF,PCSCF,A:PCSCF,SCSCF,B:SCSCF,MTAS,B:MTAS,SCSCF,B:SCSCF,GTW,B:GTW,SCSCF,B-200:SCSCF,MTAS,B-200:MTAS,SCSCF,B-200:SCSCF,PCSCF,B-200"
454,454,0,0,92,-0.9470228852919726,-0.9076809220609152,59,0,"PCSCF,SCSCF,I:SCSCF,PCSCF,T:SCSCF,PCSCF,I-407:PCSCF,SCSCF,A:PCSCF,SCSCF,I:SCSCF,ASLI,I:ASLI,SCSCF,T:SCSCF,PCSCF,T:ASLI,SCSCF,I-500:SCSCF,ASLI,A:MTAS,SCSCF,I:SCSCF,MTAS,T:SCSCF,GTW,I:GTW,SCSCF,T:GTW,SCSCF,S:SCSCF,MTAS,S:SCSCF,PCSCF,S:PCSCF,SCSCF,P:SCSCF,MTAS,P:MTAS,SCSCF,P:SCSCF,GTW,P:GTW,SCSCF,P-200:SCSCF,MTAS,P-200:MTAS,SCSCF,P-200:SCSCF,PCSCF,P-200:GTW,SCSCF,S:SCSCF,MTAS,S:SCSCF,PCSCF,S:PCSCF,SCSCF,P:SCSCF,MTAS,P:MTAS,SCSCF,P:SCSCF,GTW,P:GTW,SCSCF,P-200:SCSCF,MTAS,P-200:MTAS,SCSCF,P-200:SCSCF,PCSCF,P-200:GTW,SCSCF,R:SCSCF,MTAS,R:SCSCF,PCSCF,R:PCSCF,SCSCF,P:SCSCF,MTAS,P:MTAS,SCSCF,P:SCSCF,GTW,P:GTW,SCSCF,P-200:SCSCF,MTAS,P-200:MTAS,SCSCF,P-200:SCSCF,PCSCF,P-200:GTW,SCSCF,I-200:SCSCF,MTAS,I-200:SCSCF,PCSCF,I-200:PCSCF,SCSCF,A:SCSCF,MTAS,A:MTAS,SCSCF,A:SCSCF,GTW,A:MTAS,SCSCF,U:SCSCF,GTW,U:GTW,SCSCF,U-200:SCSCF,MTAS,U-200:MTAS,SCSCF,U:SCSCF,PCSCF,U:PCSCF,SCSCF,U-200:SCSCF,MTAS,U-200:PCSCF,SCSCF,B:MTAS,SCSCF,B:SCSCF,GTW,B:GTW,SCSCF,B-200:SCSCF,MTAS,B-200:SCSCF,PCSCF,B-200"
455,455,0,0,71,-1.1657122056589606,-1.1141051400132564,53,0,"PCSCF,SCSCF,I:SCSCF,PCSCF,T:SCSCF,PCSCF,I-407:PCSCF,SCSCF,A:PCSCF,SCSCF,I:SCSCF,ASLI,I:SCSCF,PCSCF,T:ASLI,SCSCF,T:ASLI,SCSCF,I-500:SCSCF,ASLI,A:MTAS,SCSCF,I:SCSCF,MTAS,T:SCSCF,GTW,I:GTW,SCSCF,T:GTW,SCSCF,S:SCSCF,MTAS,S:SCSCF,PCSCF,S:PCSCF,SCSCF,P:MTAS,SCSCF,P:SCSCF,GTW,P:GTW,SCSCF,P-200:GTW,SCSCF,S:SCSCF,MTAS,P-200:SCSCF,MTAS,S:SCSCF,PCSCF,P-200:SCSCF,PCSCF,S:PCSCF,SCSCF,P:MTAS,SCSCF,P:SCSCF,GTW,P:GTW,SCSCF,P-200:SCSCF,MTAS,P-200:SCSCF,PCSCF,P-200:GTW,SCSCF,R:SCSCF,MTAS,R:SCSCF,PCSCF,R:PCSCF,SCSCF,P:MTAS,SCSCF,P:SCSCF,GTW,P:GTW,SCSCF,P-200:SCSCF,MTAS,P-200:SCSCF,PCSCF,P-200:GTW,SCSCF,I-200:SCSCF,MTAS,I-200:SCSCF,PCSCF,I-200:PCSCF,SCSCF,A:SCSCF,MTAS,A:MTAS,SCSCF,A:SCSCF,GTW,A:GTW,SCSCF,B:MTAS,SCSCF,B:SCSCF,PCSCF,B:PCSCF,SCSCF,B-200:SCSCF,MTAS,B-200:SCSCF,GTW,B-200"
456,456,0,0,65,-0.5064794076350639,-0.5062156011672848,113,0,"GTW,ICSCF,I:ICSCF,GTW,T:SCSCF,ASLI,I:ASLI,SCSCF,T:ASLI,SCSCF,I-500:SCSCF,ASLI,A:SCSCF,MTAS,I:MTAS,SCSCF,T:MTAS,SCSCF,I:SCSCF,MTAS,T:SCSCF,PCSCF,I:PCSCF,SCSCF,T:PCSCF,SCSCF,R:SCSCF,MTAS,R:MTAS,SCSCF,R:ICSCF,GTW,R:GTW,SCSCF,P:SCSCF,MTAS,P:MTAS,SCSCF,P:SCSCF,PCSCF,P:PCSCF,SCSCF,P-200:SCSCF,MTAS,P-200:MTAS,SCSCF,P-200:SCSCF,GTW,P-200:PCSCF,SCSCF,I-200:SCSCF,MTAS,I-200:MTAS,SCSCF,I-200:ICSCF,GTW,I-200:GTW,SCSCF,A:SCSCF,MTAS,A:MTAS,SCSCF,A:SCSCF,PCSCF,A:MTAS,SCSCF,U:SCSCF,PCSCF,U:MTAS,SCSCF,U:SCSCF,GTW,U:PCSCF,SCSCF,U-200:SCSCF,MTAS,U-200:GTW,SCSCF,U-200:SCSCF,MTAS,U-200:PCSCF,SCSCF,B:SCSCF,MTAS,B:MTAS,SCSCF,B:SCSCF,GTW,B:GTW,SCSCF,B-200:SCSCF,MTAS,B-200:MTAS,SCSCF,B-200:SCSCF,PCSCF,B-200"
457,457,0,0,59,-0.8474262231852555,-0.8413836384388108,113,0,"PCSCF,SCSCF,I:SCSCF,ASLI,I:ASLI,SCSCF,T:ASLI,SCSCF,I-500:SCSCF,ASLI,A:MTAS,SCSCF,I:SCSCF,MTAS,T:SCSCF,GTW,I:GTW,SCSCF,T:SCSCF,PCSCF,T:GTW,SCSCF,R:SCSCF,MTAS,R:SCSCF,PCSCF,R:PCSCF,SCSCF,P:SCSCF,MTAS,P:MTAS,SCSCF,P:SCSCF,GTW,P:GTW,SCSCF,P-200:SCSCF,MTAS,P-200:MTAS,SCSCF,P-200:SCSCF,PCSCF,P-200:GTW,SCSCF,I-200:SCSCF,MTAS,I-200:SCSCF,PCSCF,I-200:PCSCF,SCSCF,A:SCSCF,MTAS,A:MTAS,SCSCF,A:SCSCF,GTW,A:MTAS,SCSCF,U:SCSCF,GTW,U:GTW,SCSCF,U-200:SCSCF,PCSCF,U:SCSCF,MTAS,U-200:PCSCF,SCSCF,U-200:SCSCF,MTAS,U-200:PCSCF,SCSCF,B:SCSCF,MTAS,B:MTAS,SCSCF,B:SCSCF,GTW,B:GTW,SCSCF,B-200:SCSCF,MTAS,B-200:MTAS,SCSCF,B-200:SCSCF,PCSCF,B-200"
458,458,0,0,133,-0.6358967910792535,-0.6217507146920116,59,0,"GTW,ICSCF,I:ICSCF,GTW,T:SCSCF,ASLI,I:ASLI,SCSCF,T:ASLI,SCSCF,I-500:SCSCF,ASLI,A:SCSCF,MTAS,I:MTAS,SCSCF,T:MTAS,SCSCF,I:SCSCF,MTAS,T:SCSCF,PCSCF,I:PCSCF,SCSCF,T:PCSCF,SCSCF,R:SCSCF,MTAS,R:MTAS,SCSCF,R:ICSCF,GTW,R:GTW,SCSCF,P:SCSCF,MTAS,P:MTAS,SCSCF,P:SCSCF,PCSCF,P:PCSCF,SCSCF,P-200:SCSCF,MTAS,P-200:MTAS,SCSCF,P-200:SCSCF,GTW,P-200:PCSCF,SCSCF,I-200:SCSCF,MTAS,I-200:MTAS,SCSCF,I-200:ICSCF,GTW,I-200:GTW,SCSCF,A:SCSCF,MTAS,A:MTAS,SCSCF,A:SCSCF,PCSCF,A:MTAS,SCSCF,U:SCSCF,PCSCF,U:MTAS,SCSCF,U:SCSCF,GTW,U:GTW,SCSCF,U-200:PCSCF,SCSCF,U-200:SCSCF,MTAS,U-200:MTAS,SCSCF,U:SCSCF,GTW,U:SCSCF,PCSCF,U:GTW,SCSCF,U-200:SCSCF,MTAS,U-200:PCSCF,SCSCF,U-200:SCSCF,MTAS,U-200:MTAS,SCSCF,U:SCSCF,GTW,U:SCSCF,PCSCF,U:GTW,SCSCF,U-200:SCSCF,MTAS,U-200:PCSCF,SCSCF,U-200:SCSCF,MTAS,U-200:MTAS,SCSCF,U:SCSCF,GTW,U:GTW,SCSCF,U-200:SCSCF,MTAS,U-200:MTAS,SCSCF,U:SCSCF,PCSCF,U:PCSCF,SCSCF,U-200:SCSCF,MTAS,U-200:MTAS,SCSCF,U:SCSCF,GTW,U:GTW,SCSCF,U-200:SCSCF,MTAS,U-200:MTAS,SCSCF,U:SCSCF,PCSCF,U:PCSCF,SCSCF,U-200:SCSCF,MTAS,U-200:MTAS,SCSCF,U:SCSCF,GTW,U:GTW,SCSCF,U-200:SCSCF,MTAS,U-200:MTAS,SCSCF,U:SCSCF,PCSCF,U:PCSCF,SCSCF,U-200:SCSCF,MTAS,U-200:MTAS,SCSCF,U:SCSCF,GTW,U:GTW,SCSCF,U-200:SCSCF,MTAS,U-200:MTAS,SCSCF,U:SCSCF,PCSCF,U:PCSCF,SCSCF,U-200:SCSCF,MTAS,U-200:GTW,SCSCF,B:SCSCF,MTAS,B:MTAS,SCSCF,B:SCSCF,PCSCF,B:PCSCF,SCSCF,B-200:SCSCF,MTAS,B-200:MTAS,SCSCF,B-200:SCSCF,GTW,B-200"
459,459,0,0,71,-0.8853212652098976,-0.8847364984274985,14,0,"GTW,ICSCF,I:ICSCF,GTW,T:SCSCF,ASLI,I:ASLI,SCSCF,T:ASLI,SCSCF,I-500:SCSCF,ASLI,A:SCSCF,MTAS,I:MTAS,SCSCF,T:MTAS,SCSCF,W:ICSCF,GTW,W:MTAS,SCSCF,I:SCSCF,MTAS,T:SCSCF,GTW,I:GTW,SCSCF,T:GTW,SCSCF,S:SCSCF,MTAS,S:MTAS,SCSCF,S:ICSCF,GTW,S:GTW,SCSCF,P:SCSCF,MTAS,P:MTAS,SCSCF,P:SCSCF,GTW,P:GTW,SCSCF,P-200:SCSCF,MTAS,P-200:MTAS,SCSCF,P-200:SCSCF,GTW,P-200:GTW,SCSCF,R:SCSCF,MTAS,R:ICSCF,GTW,R:GTW,SCSCF,P:SCSCF,MTAS,P:MTAS,SCSCF,P:SCSCF,GTW,P:MTAS,SCSCF,R:GTW,SCSCF,P-200:SCSCF,MTAS,P-200:SCSCF,GTW,P-200:MTAS,SCSCF,P-200:GTW,SCSCF,I-200:SCSCF,MTAS,I-200:MTAS,SCSCF,I-200:ICSCF,GTW,I-200:GTW,SCSCF,A:SCSCF,MTAS,A:MTAS,SCSCF,A:SCSCF,GTW,A:GTW,SCSCF,B:SCSCF,MTAS,B:SCSCF,GTW,B:GTW,SCSCF,B-200:MTAS,SCSCF,B:SCSCF,MTAS,B-200:MTAS,SCSCF,B-200:SCSCF,GTW,B-200"
460,460,0,0,184,-0.6503195927520207,-0.6401531495887552,59,0,"GTW,ICSCF,I:ICSCF,GTW,T:SCSCF,ASLI,I:ASLI,SCSCF,T:ASLI,SCSCF,I-500:SCSCF,ASLI,A:SCSCF,MTAS,I:MTAS,SCSCF,T:MTAS,SCSCF,I:SCSCF,MTAS,T:SCSCF,PCSCF,I:PCSCF,SCSCF,T:PCSCF,SCSCF,R:SCSCF,MTAS,R:MTAS,SCSCF,R:ICSCF,GTW,R:GTW,SCSCF,P:SCSCF,MTAS,P:MTAS,SCSCF,P:SCSCF,PCSCF,P:PCSCF,SCSCF,P-200:SCSCF,MTAS,P-200:MTAS,SCSCF,P-200:SCSCF,GTW,P-200:PCSCF,SCSCF,I-200:SCSCF,MTAS,I-200:MTAS,SCSCF,I-200:ICSCF,GTW,I-200:GTW,SCSCF,A:SCSCF,MTAS,A:MTAS,SCSCF,A:SCSCF,PCSCF,A:MTAS,SCSCF,U:SCSCF,GTW,U:GTW,SCSCF,U-200:SCSCF,MTAS,U-200:SCSCF,PCSCF,U:PCSCF,SCSCF,U-200:SCSCF,MTAS,U-200:MTAS,SCSCF,U:SCSCF,GTW,U:GTW,SCSCF,U-200:SCSCF,MTAS,U-200:MTAS,SCSCF,U:SCSCF,PCSCF,U:PCSCF,SCSCF,U-200:SCSCF,MTAS,U-200:MTAS,SCSCF,U:SCSCF,GTW,U:GTW,SCSCF,U-200:SCSCF,MTAS,U-200:MTAS,SCSCF,U:SCSCF,PCSCF,U:PCSCF,SCSCF,U-200:SCSCF,MTAS,U-200:MTAS,SCSCF,U:SCSCF,GTW,U:GTW,SCSCF,U-200:SCSCF,MTAS,U-200:MTAS,SCSCF,U:SCSCF,PCSCF,U:PCSCF,SCSCF,U-200:SCSCF,MTAS,U-200:MTAS,SCSCF,U:SCSCF,GTW,U:GTW,SCSCF,U-200:SCSCF,MTAS,U-200:MTAS,SCSCF,U:SCSCF,PCSCF,U:PCSCF,SCSCF,U-200:SCSCF,MTAS,U-200:MTAS,SCSCF,U:SCSCF,GTW,U:GTW,SCSCF,U-200:SCSCF,MTAS,U-200:MTAS,SCSCF,U:SCSCF,PCSCF,U:PCSCF,SCSCF,U-200:SCSCF,MTAS,U-200:MTAS,SCSCF,U:SCSCF,GTW,U:GTW,SCSCF,U-200:SCSCF,MTAS,U-200:MTAS,SCSCF,U:SCSCF,PCSCF,U:PCSCF,SCSCF,U-200:SCSCF,MTAS,U-200:MTAS,SCSCF,U:SCSCF,GTW,U:GTW,SCSCF,U-200:SCSCF,MTAS,U-200:MTAS,SCSCF,U:SCSCF,PCSCF,U:PCSCF,SCSCF,U-200:SCSCF,MTAS,U-200:MTAS,SCSCF,U:SCSCF,GTW,U:GTW,SCSCF,U-200:SCSCF,MTAS,U-200:MTAS,SCSCF,U:SCSCF,PCSCF,U:PCSCF,SCSCF,U-200:SCSCF,MTAS,U-200:MTAS,SCSCF,U:SCSCF,GTW,U:GTW,SCSCF,U-200:SCSCF,MTAS,U-200:MTAS,SCSCF,U:SCSCF,PCSCF,U:PCSCF,SCSCF,U-200:SCSCF,MTAS,U-200:MTAS,SCSCF,U:SCSCF,GTW,U:GTW,SCSCF,U-200:SCSCF,MTAS,U-200:MTAS,SCSCF,U:SCSCF,PCSCF,U:PCSCF,SCSCF,U-200:SCSCF,MTAS,U-200:GTW,SCSCF,B:SCSCF,MTAS,B:MTAS,SCSCF,B:SCSCF,PCSCF,B:PCSCF,SCSCF,B-200:SCSCF,MTAS,B-200:MTAS,SCSCF,B-200:SCSCF,GTW,B-200"
461,461,0,0,53,-0.7615446383895872,-0.7582906813393566,68,0,"GTW,ICSCF,I:ICSCF,GTW,T:SCSCF,ASLI,I:ASLI,SCSCF,T:ASLI,SCSCF,I-500:SCSCF,MTAS,I:MTAS,SCSCF,I:SCSCF,MTAS,T:SCSCF,PCSCF,I:PCSCF,SCSCF,T:SCSCF,ASLI,A:MTAS,SCSCF,T:PCSCF,SCSCF,R:SCSCF,MTAS,R:MTAS,SCSCF,R:ICSCF,GTW,R:GTW,SCSCF,P:SCSCF,MTAS,P:MTAS,SCSCF,P:SCSCF,PCSCF,P:PCSCF,SCSCF,P-200:SCSCF,MTAS,P-200:MTAS,SCSCF,P-200:SCSCF,GTW,P-200:GTW,ICSCF,C:ICSCF,GTW,C-200:SCSCF,MTAS,C:MTAS,SCSCF,C-200:MTAS,SCSCF,C:SCSCF,MTAS,C-200:SCSCF,PCSCF,C:PCSCF,SCSCF,C-200:PCSCF,SCSCF,I-487:SCSCF,PCSCF,A:SCSCF,MTAS,I-487:MTAS,SCSCF,A:MTAS,SCSCF,I-487:SCSCF,MTAS,A:ICSCF,GTW,I-487:GTW,ICSCF,A"
462,462,0,0,53,-0.8744863330456085,-0.8371940013699872,76,0,"GTW,ICSCF,I:ICSCF,GTW,T:SCSCF,ASLI,I:ASLI,SCSCF,T:ASLI,SCSCF,I-500:SCSCF,ASLI,A:SCSCF,MTAS,I:MTAS,SCSCF,T:MTAS,SCSCF,I:SCSCF,MTAS,T:SCSCF,PCSCF,I:PCSCF,SCSCF,T:PCSCF,SCSCF,R:SCSCF,MTAS,R:MTAS,SCSCF,R:ICSCF,GTW,R:GTW,SCSCF,P:SCSCF,MTAS,P:MTAS,SCSCF,P:SCSCF,PCSCF,P:PCSCF,SCSCF,P-200:SCSCF,MTAS,P-200:MTAS,SCSCF,P-200:SCSCF,GTW,P-200:GTW,ICSCF,C:SCSCF,MTAS,C:ICSCF,GTW,C-200:MTAS,SCSCF,C-200:MTAS,SCSCF,C:SCSCF,MTAS,C-200:SCSCF,PCSCF,C:PCSCF,SCSCF,C-200:PCSCF,SCSCF,I-487:SCSCF,PCSCF,A:SCSCF,MTAS,I-487:MTAS,SCSCF,A:MTAS,SCSCF,I-487:ICSCF,GTW,I-487:GTW,ICSCF,A:SCSCF,MTAS,A"
463,463,0,0,53,-0.8021059815325773,-0.795745991479796,59,0,"PCSCF,SCSCF,I:SCSCF,PCSCF,T:SCSCF,ASLI,I:ASLI,SCSCF,T:ASLI,SCSCF,I-500:SCSCF,ASLI,A:MTAS,SCSCF,I:SCSCF,MTAS,T:SCSCF,GTW,I:GTW,SCSCF,T:GTW,SCSCF,I-200:SCSCF,MTAS,I-200:SCSCF,PCSCF,I-200:PCSCF,SCSCF,A:SCSCF,MTAS,A:MTAS,SCSCF,A:SCSCF,GTW,A:MTAS,SCSCF,U:SCSCF,GTW,U:SCSCF,PCSCF,U:GTW,SCSCF,U-200:SCSCF,MTAS,U-200:PCSCF,SCSCF,U-200:SCSCF,MTAS,U-200:MTAS,SCSCF,U:SCSCF,GTW,U:GTW,SCSCF,U-200:SCSCF,MTAS,U-200:MTAS,SCSCF,U:SCSCF,PCSCF,U:PCSCF,SCSCF,U-200:SCSCF,MTAS,U-200:PCSCF,SCSCF,B:MTAS,SCSCF,B:SCSCF,GTW,B:GTW,SCSCF,B-200:SCSCF,MTAS,B-200:SCSCF,PCSCF,B-200"
464,464,0,0,66,-0.7864839419771621,-0.7836116770684088,59,0,"PCSCF,SCSCF,I:SCSCF,PCSCF,T:SCSCF,ASLI,I:ASLI,SCSCF,T:ASLI,SCSCF,I-500:SCSCF,ASLI,A:MTAS,SCSCF,I:SCSCF,MTAS,T:SCSCF,GTW,I:GTW,SCSCF,T:GTW,SCSCF,I-200:SCSCF,MTAS,I-200:SCSCF,PCSCF,I-200:PCSCF,SCSCF,A:SCSCF,MTAS,A:MTAS,SCSCF,A:SCSCF,GTW,A:MTAS,SCSCF,U:SCSCF,GTW,U:GTW,SCSCF,U-200:SCSCF,MTAS,U-200:MTAS,SCSCF,U:SCSCF,PCSCF,U:PCSCF,SCSCF,U-200:SCSCF,MTAS,U-200:MTAS,SCSCF,U:SCSCF,GTW,U:GTW,SCSCF,U-200:SCSCF,MTAS,U-200:MTAS,SCSCF,U:SCSCF,PCSCF,U:PCSCF,SCSCF,U-200:SCSCF,MTAS,U-200:MTAS,SCSCF,U:SCSCF,GTW,U:GTW,SCSCF,U-200:SCSCF,MTAS,U-200:MTAS,SCSCF,U:SCSCF,PCSCF,U:PCSCF,SCSCF,U-200:SCSCF,MTAS,U-200:GTW,SCSCF,B:MTAS,SCSCF,B:SCSCF,PCSCF,B:PCSCF,SCSCF,B-200:SCSCF,MTAS,B-200:SCSCF,GTW,B-200"
465,465,0,0,91,-0.5787266555337335,-0.5673388416261834,100,0,"GTW,ICSCF,I:ICSCF,GTW,T:SCSCF,ASLI,I:ASLI,SCSCF,T:ASLI,SCSCF,I-500:SCSCF,ASLI,A:SCSCF,MTAS,I:MTAS,SCSCF,T:MTAS,SCSCF,I:SCSCF,MTAS,T:SCSCF,PCSCF,I:PCSCF,SCSCF,T:PCSCF,SCSCF,R:SCSCF,MTAS,R:MTAS,SCSCF,R:ICSCF,GTW,R:GTW,SCSCF,P:SCSCF,MTAS,P:MTAS,SCSCF,P:SCSCF,PCSCF,P:PCSCF,SCSCF,P-200:SCSCF,MTAS,P-200:MTAS,SCSCF,P-200:SCSCF,GTW,P-200:PCSCF,SCSCF,I-200:SCSCF,MTAS,I-200:MTAS,SCSCF,I-200:ICSCF,GTW,I-200:GTW,SCSCF,A:SCSCF,MTAS,A:MTAS,SCSCF,A:SCSCF,PCSCF,A:GTW,SCSCF,I:SCSCF,GTW,T:SCSCF,MTAS,I:MTAS,SCSCF,T:MTAS,SCSCF,I:SCSCF,MTAS,T:SCSCF,PCSCF,I:PCSCF,SCSCF,I-200:SCSCF,MTAS,I-200:MTAS,SCSCF,I-200:SCSCF,GTW,I-200:GTW,SCSCF,A:SCSCF,MTAS,A:MTAS,SCSCF,A:SCSCF,PCSCF,A:GTW,SCSCF,I:SCSCF,GTW,T:SCSCF,MTAS,I:MTAS,SCSCF,T:MTAS,SCSCF,I:SCSCF,MTAS,T:SCSCF,PCSCF,I:PCSCF,SCSCF,I-200:SCSCF,MTAS,I-200:MTAS,SCSCF,I-200:SCSCF,GTW,I-200:GTW,SCSCF,A:SCSCF,MTAS,A:MTAS,SCSCF,A:SCSCF,PCSCF,A:GTW,SCSCF,B:SCSCF,MTAS,B:MTAS,SCSCF,B:SCSCF,PCSCF,B:PCSCF,SCSCF,B-200:SCSCF,MTAS,B-200:MTAS,SCSCF,B-200:SCSCF,GTW,B-200"
466,466,0,0,77,-0.9528043959301988,-0.9039821924235353,59,0,"PCSCF,SCSCF,I:SCSCF,ASLI,I:ASLI,SCSCF,T:ASLI,SCSCF,I-500:SCSCF,ASLI,A:SCSCF,PCSCF,T:MTAS,SCSCF,I:SCSCF,MTAS,T:SCSCF,GTW,I:GTW,SCSCF,T:GTW,SCSCF,S:SCSCF,MTAS,S:SCSCF,PCSCF,S:PCSCF,SCSCF,P:MTAS,SCSCF,P:SCSCF,GTW,P:GTW,SCSCF,P-200:SCSCF,MTAS,P-200:SCSCF,PCSCF,P-200:GTW,SCSCF,R:SCSCF,MTAS,R:SCSCF,PCSCF,R:PCSCF,SCSCF,P:MTAS,SCSCF,P:SCSCF,GTW,P:GTW,SCSCF,P-200:SCSCF,MTAS,P-200:SCSCF,PCSCF,P-200:GTW,SCSCF,I-200:SCSCF,MTAS,I-200:SCSCF,PCSCF,I-200:PCSCF,SCSCF,A:SCSCF,MTAS,A:MTAS,SCSCF,A:SCSCF,GTW,A:MTAS,SCSCF,U:SCSCF,GTW,U:GTW,SCSCF,U-200:SCSCF,MTAS,U-200:MTAS,SCSCF,U:SCSCF,PCSCF,U:PCSCF,SCSCF,U-200:SCSCF,MTAS,U-200:MTAS,SCSCF,U:SCSCF,GTW,U:SCSCF,PCSCF,U:GTW,SCSCF,U-200:SCSCF,MTAS,U-200:PCSCF,SCSCF,U-200:SCSCF,MTAS,U-200:PCSCF,SCSCF,B:MTAS,SCSCF,B:SCSCF,GTW,B:GTW,SCSCF,B-200:SCSCF,MTAS,B-200:SCSCF,PCSCF,B-200"
467,467,0,0,63,-0.8235853417956946,-0.7682633843751174,113,0,"PCSCF,SCSCF,I:SCSCF,PCSCF,T:SCSCF,ASLI,I:ASLI,SCSCF,T:ASLI,SCSCF,I-500:SCSCF,ASLI,A:MTAS,SCSCF,I:SCSCF,MTAS,T:SCSCF,GTW,I:GTW,SCSCF,T:GTW,SCSCF,S:SCSCF,MTAS,S:SCSCF,PCSCF,S:PCSCF,SCSCF,P:MTAS,SCSCF,P:SCSCF,GTW,P:GTW,SCSCF,P-200:SCSCF,MTAS,P-200:SCSCF,PCSCF,P-200:GTW,SCSCF,R:SCSCF,MTAS,R:SCSCF,PCSCF,R:PCSCF,SCSCF,P:MTAS,SCSCF,P:SCSCF,GTW,P:GTW,SCSCF,P-200:SCSCF,MTAS,P-200:SCSCF,PCSCF,P-200:GTW,SCSCF,I-200:SCSCF,MTAS,I-200:SCSCF,PCSCF,I-200:PCSCF,SCSCF,A:SCSCF,MTAS,A:MTAS,SCSCF,A:SCSCF,GTW,A:MTAS,SCSCF,U:SCSCF,GTW,U:SCSCF,PCSCF,U:PCSCF,SCSCF,U-200:GTW,SCSCF,U-200:SCSCF,MTAS,U-200:PCSCF,SCSCF,B:MTAS,SCSCF,B:SCSCF,GTW,B:GTW,SCSCF,B-200:SCSCF,MTAS,B-200:SCSCF,PCSCF,B-200"
468,468,0,0,94,-1.0268978429637854,-0.9868670606347679,28,0,"PCSCF,SCSCF,I:SCSCF,PCSCF,T:SCSCF,PCSCF,I-407:PCSCF,SCSCF,A:PCSCF,SCSCF,I:SCSCF,PCSCF,T:SCSCF,ASLI,I:ASLI,SCSCF,T:ASLI,SCSCF,I-500:SCSCF,ASLI,A:MTAS,SCSCF,I:SCSCF,MTAS,T:SCSCF,GTW,I:GTW,SCSCF,T:GTW,SCSCF,S:SCSCF,MTAS,S:SCSCF,PCSCF,S:PCSCF,SCSCF,P:SCSCF,MTAS,P:MTAS,SCSCF,P:SCSCF,GTW,P:GTW,SCSCF,P-200:GTW,SCSCF,S:SCSCF,MTAS,S:SCSCF,MTAS,P-200:MTAS,SCSCF,P-200:SCSCF,PCSCF,P-200:SCSCF,PCSCF,S:PCSCF,SCSCF,P:SCSCF,MTAS,P:MTAS,SCSCF,P:SCSCF,GTW,P:GTW,SCSCF,P-200:GTW,SCSCF,S:SCSCF,MTAS,S:SCSCF,MTAS,P-200:MTAS,SCSCF,P-200:SCSCF,PCSCF,P-200:SCSCF,PCSCF,S:PCSCF,SCSCF,P:SCSCF,MTAS,P:MTAS,SCSCF,P:SCSCF,GTW,P:GTW,SCSCF,P-200:GTW,SCSCF,R:SCSCF,MTAS,R:SCSCF,MTAS,P-200:MTAS,SCSCF,P-200:SCSCF,PCSCF,P-200:SCSCF,PCSCF,R:PCSCF,SCSCF,P:SCSCF,MTAS,P:MTAS,SCSCF,P:SCSCF,GTW,P:GTW,SCSCF,P-200:SCSCF,MTAS,P-200:MTAS,SCSCF,P-200:SCSCF,PCSCF,P-200:PCSCF,SCSCF,C:SCSCF,PCSCF,C-200:MTAS,SCSCF,C:SCSCF,MTAS,C-200:SCSCF,GTW,C:GTW,SCSCF,C-200:GTW,SCSCF,I-487:SCSCF,GTW,A:SCSCF,MTAS,I-487:MTAS,SCSCF,A:SCSCF,PCSCF,I-487:PCSCF,SCSCF,A"
469,469,0,0,71,-1.062583158280884,-1.0401732043913672,357,0,"GTW,ICSCF,I:ICSCF,GTW,T:SCSCF,ASLI,I:ASLI,SCSCF,T:ASLI,SCSCF,I-500:SCSCF,ASLI,A:SCSCF,MTAS,I:MTAS,SCSCF,T:MTAS,SCSCF,I:SCSCF,MTAS,T:MTAS,SCSCF,W:ICSCF,GTW,W:SCSCF,GTW,I:GTW,SCSCF,T:GTW,SCSCF,S:SCSCF,MTAS,S:MTAS,SCSCF,S:ICSCF,GTW,S:GTW,SCSCF,P:SCSCF,MTAS,P:MTAS,SCSCF,P:SCSCF,GTW,P:GTW,SCSCF,P-200:SCSCF,MTAS,P-200:MTAS,SCSCF,P-200:SCSCF,GTW,P-200:GTW,SCSCF,R:SCSCF,MTAS,R:MTAS,SCSCF,R:ICSCF,GTW,R:GTW,SCSCF,P:SCSCF,MTAS,P:MTAS,SCSCF,P:SCSCF,GTW,P:GTW,SCSCF,P-200:SCSCF,MTAS,P-200:MTAS,SCSCF,P-200:SCSCF,GTW,P-200:GTW,ICSCF,C:ICSCF,GTW,C-200:SCSCF,MTAS,C:MTAS,SCSCF,C-200:MTAS,SCSCF,I-487:SCSCF,MTAS,A:MTAS,SCSCF,C:ICSCF,GTW,I-487:SCSCF,MTAS,C-200:SCSCF,GTW,C:GTW,ICSCF,A:GTW,SCSCF,C-200:GTW,SCSCF,I-487:SCSCF,GTW,A:SCSCF,MTAS,I-487:MTAS,SCSCF,A"
470,470,0,0,59,-0.9928745990411185,-0.9923799857420276,53,0,"PCSCF,SCSCF,I:SCSCF,PCSCF,T:SCSCF,PCSCF,I-407:PCSCF,SCSCF,A:PCSCF,SCSCF,I:SCSCF,ASLI,I:SCSCF,PCSCF,T:ASLI,SCSCF,T:ASLI,SCSCF,I-500:SCSCF,ASLI,A:MTAS,SCSCF,I:SCSCF,MTAS,T:SCSCF,GTW,I:GTW,SCSCF,T:GTW,SCSCF,S:SCSCF,MTAS,S:SCSCF,PCSCF,S:PCSCF,SCSCF,P:MTAS,SCSCF,P:SCSCF,GTW,P:GTW,SCSCF,P-200:GTW,SCSCF,R:SCSCF,MTAS,R:SCSCF,MTAS,P-200:SCSCF,PCSCF,P-200:SCSCF,PCSCF,R:PCSCF,SCSCF,P:MTAS,SCSCF,P:SCSCF,GTW,P:GTW,SCSCF,P-200:SCSCF,MTAS,P-200:SCSCF,PCSCF,P-200:GTW,SCSCF,I-200:SCSCF,MTAS,I-200:SCSCF,PCSCF,I-200:PCSCF,SCSCF,A:SCSCF,MTAS,A:MTAS,SCSCF,A:SCSCF,GTW,A:GTW,SCSCF,B:SCSCF,PCSCF,B:MTAS,SCSCF,B:PCSCF,SCSCF,B-200:SCSCF,MTAS,B-200:SCSCF,GTW,B-200"
471,471,0,0,104,-1.0805184439888902,-1.0564624078250608,76,0,"PCSCF,SCSCF,I:SCSCF,PCSCF,T:SCSCF,ASLI,I:ASLI,SCSCF,T:ASLI,SCSCF,I-500:SCSCF,ASLI,A:MTAS,SCSCF,I:SCSCF,MTAS,T:SCSCF,GTW,I:GTW,SCSCF,T:GTW,SCSCF,S:SCSCF,MTAS,S:SCSCF,PCSCF,S:PCSCF,SCSCF,P:SCSCF,MTAS,P:MTAS,SCSCF,P:SCSCF,GTW,P:GTW,SCSCF,P-200:SCSCF,MTAS,P-200:MTAS,SCSCF,P-200:SCSCF,PCSCF,P-200:GTW,SCSCF,R:SCSCF,MTAS,R:SCSCF,PCSCF,R:PCSCF,SCSCF,P:SCSCF,MTAS,P:MTAS,SCSCF,P:SCSCF,GTW,P:GTW,SCSCF,P-200:SCSCF,MTAS,P-200:MTAS,SCSCF,P-200:SCSCF,PCSCF,P-200:GTW,SCSCF,W:SCSCF,MTAS,W:SCSCF,PCSCF,W:PCSCF,SCSCF,P:SCSCF,MTAS,P:MTAS,SCSCF,P:SCSCF,GTW,P:GTW,SCSCF,P-200:SCSCF,MTAS,P-200:MTAS,SCSCF,P-200:SCSCF,PCSCF,P-200:GTW,SCSCF,S:SCSCF,MTAS,S:SCSCF,PCSCF,S:PCSCF,SCSCF,P:SCSCF,MTAS,P:MTAS,SCSCF,P:SCSCF,GTW,P:GTW,SCSCF,P-200:SCSCF,MTAS,P-200:MTAS,SCSCF,P-200:GTW,SCSCF,S:SCSCF,MTAS,S:SCSCF,PCSCF,P-200:SCSCF,PCSCF,S:PCSCF,SCSCF,P:SCSCF,MTAS,P:MTAS,SCSCF,P:SCSCF,GTW,P:GTW,SCSCF,P-200:SCSCF,MTAS,P-200:MTAS,SCSCF,P-200:SCSCF,PCSCF,P-200:PCSCF,SCSCF,C:MTAS,SCSCF,C:SCSCF,MTAS,C-200:SCSCF,GTW,C:GTW,SCSCF,C-200:GTW,SCSCF,I-487:SCSCF,GTW,A:SCSCF,MTAS,I-487:MTAS,SCSCF,A:SCSCF,PCSCF,C-200:SCSCF,PCSCF,I-487:PCSCF,SCSCF,A"
472,472,0,0,29,-1.3394295247748103,-1.3080554520862486,356,0,"PCSCF,SCSCF,I:SCSCF,PCSCF,T:SCSCF,PCSCF,I-407:PCSCF,SCSCF,A:PCSCF,SCSCF,I:SCSCF,PCSCF,T:SCSCF,ASLI,I:ASLI,SCSCF,T:ASLI,SCSCF,I-500:SCSCF,ASLI,A:MTAS,SCSCF,I:SCSCF,MTAS,T:SCSCF,GTW,I:GTW,SCSCF,T:GTW,SCSCF,I-404:SCSCF,GTW,A:SCSCF,MTAS,I-404:MTAS,SCSCF,A:SCSCF,PCSCF,S:PCSCF,SCSCF,C:SCSCF,PCSCF,C-200:SCSCF,PCSCF,I-404:PCSCF,SCSCF,A"
473,473,0,0,86,-1.1161018137785474,-1.0855258322112078,59,0,"PCSCF,SCSCF,I:SCSCF,PCSCF,T:SCSCF,ASLI,I:ASLI,SCSCF,T:ASLI,SCSCF,I-500:SCSCF,ASLI,A:MTAS,SCSCF,I:SCSCF,MTAS,T:SCSCF,GTW,I:GTW,SCSCF,T:GTW,SCSCF,S:SCSCF,MTAS,S:SCSCF,PCSCF,S:PCSCF,SCSCF,P:SCSCF,MTAS,P:MTAS,SCSCF,P:SCSCF,GTW,P:GTW,SCSCF,P-200:SCSCF,MTAS,P-200:MTAS,SCSCF,P-200:SCSCF,PCSCF,P-200:GTW,SCSCF,S:GTW,SCSCF,I-200:SCSCF,MTAS,S:SCSCF,MTAS,I-200:SCSCF,PCSCF,S:SCSCF,PCSCF,I-200:PCSCF,SCSCF,P:SCSCF,MTAS,P:MTAS,SCSCF,P:SCSCF,GTW,P:GTW,SCSCF,P-200:SCSCF,MTAS,P-200:MTAS,SCSCF,P-200:SCSCF,PCSCF,P-200:PCSCF,SCSCF,A:SCSCF,MTAS,A:MTAS,SCSCF,A:SCSCF,GTW,A:MTAS,SCSCF,U:SCSCF,GTW,U:SCSCF,PCSCF,U:GTW,SCSCF,U-200:SCSCF,MTAS,U-200:PCSCF,SCSCF,U-200:SCSCF,MTAS,U-200:MTAS,SCSCF,U:SCSCF,GTW,U:GTW,SCSCF,U-200:SCSCF,MTAS,U-200:MTAS,SCSCF,U:SCSCF,PCSCF,U:PCSCF,SCSCF,U-200:SCSCF,MTAS,U-200:PCSCF,SCSCF,B:SCSCF,MTAS,B:MTAS,SCSCF,B:SCSCF,GTW,B:GTW,SCSCF,B-200:SCSCF,MTAS,B-200:MTAS,SCSCF,B-200:SCSCF,PCSCF,B-200"
474,474,0,0,65,-0.8945561730675952,-0.8253473139461976,59,0,"PCSCF,SCSCF,I:SCSCF,PCSCF,T:SCSCF,ASLI,I:ASLI,SCSCF,T:ASLI,SCSCF,I-500:SCSCF,ASLI,A:MTAS,SCSCF,I:SCSCF,MTAS,T:SCSCF,GTW,I:GTW,SCSCF,T:GTW,SCSCF,S:SCSCF,MTAS,S:SCSCF,PCSCF,S:PCSCF,SCSCF,P:MTAS,SCSCF,P:SCSCF,GTW,P:GTW,SCSCF,P-200:SCSCF,MTAS,P-200:SCSCF,PCSCF,P-200:GTW,SCSCF,R:SCSCF,MTAS,R:SCSCF,PCSCF,R:PCSCF,SCSCF,P:MTAS,SCSCF,P:SCSCF,GTW,P:GTW,SCSCF,P-200:SCSCF,MTAS,P-200:SCSCF,PCSCF,P-200:GTW,SCSCF,I-200:SCSCF,MTAS,I-200:SCSCF,PCSCF,I-200:PCSCF,SCSCF,A:SCSCF,MTAS,A:MTAS,SCSCF,A:SCSCF,GTW,A:MTAS,SCSCF,U:SCSCF,GTW,U:GTW,SCSCF,U-200:SCSCF,PCSCF,U:SCSCF,MTAS,U-200:PCSCF,SCSCF,U-200:SCSCF,MTAS,U-200:GTW,SCSCF,B:MTAS,SCSCF,B:SCSCF,PCSCF,B:PCSCF,SCSCF,B-200:SCSCF,MTAS,B-200:SCSCF,GTW,B-200"
475,475,0,0,71,-1.0853496213148248,-1.0684316924581778,14,0,"GTW,ICSCF,I:ICSCF,GTW,T:SCSCF,ASLI,I:ASLI,SCSCF,T:ASLI,SCSCF,I-500:SCSCF,ASLI,A:SCSCF,MTAS,I:MTAS,SCSCF,T:MTAS,SCSCF,I:SCSCF,MTAS,T:SCSCF,GTW,I:MTAS,SCSCF,W:ICSCF,GTW,W:GTW,SCSCF,T:GTW,SCSCF,S:SCSCF,MTAS,S:MTAS,SCSCF,S:ICSCF,GTW,S:GTW,SCSCF,P:SCSCF,MTAS,P:MTAS,SCSCF,P:SCSCF,GTW,P:GTW,SCSCF,R:SCSCF,MTAS,R:GTW,SCSCF,P-200:SCSCF,MTAS,P-200:MTAS,SCSCF,P-200:MTAS,SCSCF,R:SCSCF,GTW,P-200:ICSCF,GTW,R:GTW,SCSCF,P:SCSCF,MTAS,P:MTAS,SCSCF,P:SCSCF,GTW,P:GTW,SCSCF,P-200:SCSCF,MTAS,P-200:MTAS,SCSCF,P-200:SCSCF,GTW,P-200:GTW,SCSCF,I-200:SCSCF,MTAS,I-200:MTAS,SCSCF,I-200:ICSCF,GTW,I-200:GTW,SCSCF,A:SCSCF,MTAS,A:MTAS,SCSCF,A:SCSCF,GTW,A:GTW,SCSCF,B:SCSCF,MTAS,B:MTAS,SCSCF,B:SCSCF,GTW,B:GTW,SCSCF,B-200:SCSCF,MTAS,B-200:MTAS,SCSCF,B-200:SCSCF,GTW,B-200"
476,476,0,0,82,-1.1471510310667075,-1.1017353156140661,1,0,"PCSCF,SCSCF,I:SCSCF,PCSCF,T:SCSCF,PCSCF,I-407:PCSCF,SCSCF,A:PCSCF,SCSCF,I:SCSCF,PCSCF,T:SCSCF,ASLI,I:ASLI,SCSCF,T:ASLI,SCSCF,I-500:SCSCF,ASLI,A:MTAS,SCSCF,I:SCSCF,MTAS,T:SCSCF,GTW,I:GTW,SCSCF,T:GTW,SCSCF,S:SCSCF,MTAS,S:SCSCF,PCSCF,S:PCSCF,SCSCF,P:MTAS,SCSCF,P:SCSCF,GTW,P:GTW,SCSCF,P-200:GTW,SCSCF,S:SCSCF,MTAS,P-200:SCSCF,MTAS,S:SCSCF,PCSCF,P-200:SCSCF,PCSCF,S:PCSCF,SCSCF,P:MTAS,SCSCF,P:SCSCF,GTW,P:GTW,SCSCF,P-200:GTW,SCSCF,R:SCSCF,MTAS,R:SCSCF,MTAS,P-200:SCSCF,PCSCF,P-200:SCSCF,PCSCF,R:PCSCF,SCSCF,P:MTAS,SCSCF,P:SCSCF,GTW,P:GTW,SCSCF,P-200:SCSCF,MTAS,P-200:SCSCF,PCSCF,P-200:GTW,SCSCF,I-200:SCSCF,MTAS,I-200:SCSCF,PCSCF,I-200:PCSCF,SCSCF,A:SCSCF,MTAS,A:MTAS,SCSCF,A:SCSCF,GTW,A:MTAS,SCSCF,U:SCSCF,GTW,U:GTW,SCSCF,U-200:SCSCF,PCSCF,U:SCSCF,MTAS,U-200:PCSCF,SCSCF,U-200:SCSCF,MTAS,U-200:GTW,SCSCF,B:MTAS,SCSCF,B:SCSCF,PCSCF,B:PCSCF,SCSCF,B-200:SCSCF,MTAS,B-200:SCSCF,GTW,B-200"
477,477,0,0,44,-1.1895787137270164,-1.1135683514031454,190,0,"PCSCF,SCSCF,I:SCSCF,ASLI,I:ASLI,SCSCF,T:ASLI,SCSCF,I-500:SCSCF,ASLI,A:MTAS,SCSCF,I:SCSCF,MTAS,T:SCSCF,PCSCF,T:SCSCF,GTW,I:GTW,SCSCF,T:GTW,SCSCF,S:SCSCF,MTAS,S:SCSCF,PCSCF,S:PCSCF,SCSCF,P:MTAS,SCSCF,P:SCSCF,GTW,P:GTW,SCSCF,P-200:SCSCF,MTAS,P-200:SCSCF,PCSCF,P-200:GTW,SCSCF,R:SCSCF,MTAS,R:SCSCF,PCSCF,R:PCSCF,SCSCF,P:MTAS,SCSCF,P:SCSCF,GTW,P:GTW,SCSCF,P-200:SCSCF,MTAS,P-200:SCSCF,PCSCF,P-200:GTW,SCSCF,I-480:SCSCF,GTW,A:SCSCF,MTAS,I-480:MTAS,SCSCF,A:SCSCF,PCSCF,I-480:PCSCF,SCSCF,A"
478,478,0,0,53,-0.36705100684479475,-0.3669834238881995,5,0,"GTW,ICSCF,I:ICSCF,GTW,T:SCSCF,ASLI,I:ASLI,SCSCF,T:ASLI,SCSCF,I-500:SCSCF,ASLI,A:SCSCF,MTAS,I:MTAS,SCSCF,T:MTAS,SCSCF,I:SCSCF,MTAS,T:SCSCF,PCSCF,I:PCSCF,SCSCF,T:PCSCF,SCSCF,R:SCSCF,MTAS,R:MTAS,SCSCF,R:ICSCF,GTW,R:GTW,SCSCF,P:SCSCF,MTAS,P:MTAS,SCSCF,P:SCSCF,PCSCF,P:PCSCF,SCSCF,P-200:SCSCF,MTAS,P-200:MTAS,SCSCF,P-200:SCSCF,GTW,P-200:PCSCF,SCSCF,I-200:SCSCF,MTAS,I-200:MTAS,SCSCF,I-200:ICSCF,GTW,I-200:GTW,SCSCF,A:SCSCF,MTAS,A:MTAS,SCSCF,A:SCSCF,PCSCF,A:GTW,SCSCF,B:SCSCF,MTAS,B:MTAS,SCSCF,B:SCSCF,PCSCF,B:PCSCF,SCSCF,B-200:MTAS,SCSCF,B-200:SCSCF,MTAS,B-200:SCSCF,GTW,B-200"
479,479,0,0,83,-1.0383057970916887,-0.9954714234857107,293,0,"PCSCF,SCSCF,I:SCSCF,PCSCF,T:SCSCF,PCSCF,I-407:PCSCF,SCSCF,A:PCSCF,SCSCF,I:SCSCF,PCSCF,T:SCSCF,ASLI,I:ASLI,SCSCF,T:ASLI,SCSCF,I-500:SCSCF,ASLI,A:MTAS,SCSCF,I:SCSCF,MTAS,T:SCSCF,GTW,I:GTW,SCSCF,T:GTW,SCSCF,S:SCSCF,MTAS,S:SCSCF,PCSCF,S:PCSCF,SCSCF,P:MTAS,SCSCF,P:SCSCF,GTW,P:GTW,SCSCF,P-200:GTW,SCSCF,R:SCSCF,MTAS,R:SCSCF,MTAS,P-200:SCSCF,PCSCF,P-200:SCSCF,PCSCF,R:PCSCF,SCSCF,P:MTAS,SCSCF,P:SCSCF,GTW,P:GTW,SCSCF,P-200:SCSCF,MTAS,P-200:SCSCF,PCSCF,P-200:GTW,SCSCF,S:SCSCF,MTAS,S:SCSCF,PCSCF,S:PCSCF,SCSCF,P:MTAS,SCSCF,P:SCSCF,GTW,P:GTW,SCSCF,P-200:SCSCF,MTAS,P-200:SCSCF,PCSCF,P-200:GTW,SCSCF,U:MTAS,SCSCF,U:SCSCF,PCSCF,U:PCSCF,SCSCF,U-200:SCSCF,MTAS,U-200:SCSCF,GTW,U-200:GTW,SCSCF,I-200:SCSCF,MTAS,I-200:SCSCF,PCSCF,I-200:PCSCF,SCSCF,A:SCSCF,MTAS,A:MTAS,SCSCF,A:SCSCF,GTW,A:PCSCF,SCSCF,B:SCSCF,MTAS,B:MTAS,SCSCF,B:SCSCF,GTW,B:GTW,SCSCF,B-200:SCSCF,MTAS,B-200:MTAS,SCSCF,B-200:SCSCF,PCSCF,B-200"
480,480,0,0,75,-0.499175106476809,-0.49120081744727734,5,0,"PCSCF,SCSCF,I:SCSCF,PCSCF,T:SCSCF,PCSCF,I-407:PCSCF,SCSCF,A:PCSCF,SCSCF,I:SCSCF,PCSCF,T:SCSCF,ASLI,I:ASLI,SCSCF,T:ASLI,SCSCF,I-500:SCSCF,ASLI,A:MTAS,SCSCF,I:SCSCF,MTAS,T:SCSCF,ASLI,I:ASLI,SCSCF,T:ASLI,SCSCF,I-500:SCSCF,ASLI,A:SCSCF,MTAS,I:MTAS,SCSCF,T:MTAS,SCSCF,I:SCSCF,MTAS,T:SCSCF,PCSCF,I:PCSCF,SCSCF,T:PCSCF,SCSCF,R:SCSCF,MTAS,R:MTAS,SCSCF,R:SCSCF,MTAS,R:SCSCF,PCSCF,R:PCSCF,SCSCF,P:MTAS,SCSCF,P:SCSCF,MTAS,P:MTAS,SCSCF,P:SCSCF,PCSCF,P:PCSCF,SCSCF,P-200:SCSCF,MTAS,P-200:MTAS,SCSCF,P-200:SCSCF,MTAS,P-200:SCSCF,PCSCF,P-200:PCSCF,SCSCF,I-200:SCSCF,MTAS,I-200:MTAS,SCSCF,I-200:SCSCF,MTAS,I-200:SCSCF,PCSCF,I-200:PCSCF,SCSCF,A:MTAS,SCSCF,A:SCSCF,MTAS,A:MTAS,SCSCF,A:SCSCF,PCSCF,A:PCSCF,SCSCF,B:SCSCF,MTAS,B:MTAS,SCSCF,B:PCSCF,SCSCF,B:SCSCF,PCSCF,B:SCSCF,PCSCF,B-200:PCSCF,SCSCF,B-200:SCSCF,MTAS,B-200:MTAS,SCSCF,B-200:SCSCF,PCSCF,B-200"
481,481,0,0,69,-0.7843416434719443,-0.7713773739342784,53,0,"PCSCF,SCSCF,I:SCSCF,PCSCF,T:SCSCF,ASLI,I:ASLI,SCSCF,T:ASLI,SCSCF,I-500:SCSCF,ASLI,A:MTAS,SCSCF,I:SCSCF,MTAS,T:SCSCF,GTW,I:GTW,SCSCF,T:GTW,SCSCF,S:SCSCF,MTAS,S:SCSCF,PCSCF,S:PCSCF,SCSCF,P:MTAS,SCSCF,P:SCSCF,GTW,P:GTW,SCSCF,P-200:SCSCF,MTAS,P-200:SCSCF,PCSCF,P-200:GTW,SCSCF,S:SCSCF,MTAS,S:SCSCF,PCSCF,S:PCSCF,SCSCF,P:MTAS,SCSCF,P:SCSCF,GTW,P:GTW,SCSCF,P-200:SCSCF,MTAS,P-200:SCSCF,PCSCF,P-200:GTW,SCSCF,R:SCSCF,MTAS,R:SCSCF,PCSCF,R:GTW,SCSCF,S:SCSCF,MTAS,S:SCSCF,PCSCF,S:PCSCF,SCSCF,P:MTAS,SCSCF,P:SCSCF,GTW,P:GTW,SCSCF,P-200:SCSCF,MTAS,P-200:SCSCF,PCSCF,P-200:GTW,SCSCF,I-200:SCSCF,MTAS,I-200:SCSCF,PCSCF,I-200:PCSCF,SCSCF,A:SCSCF,MTAS,A:MTAS,SCSCF,A:SCSCF,GTW,A:PCSCF,SCSCF,B:MTAS,SCSCF,B:SCSCF,GTW,B:GTW,SCSCF,B-200:SCSCF,MTAS,B-200:SCSCF,PCSCF,B-200"
482,482,0,0,64,-0.5071611853254706,-0.5068921572321005,113,0,"GTW,ICSCF,I:ICSCF,GTW,T:SCSCF,ASLI,I:ASLI,SCSCF,T:ASLI,SCSCF,I-500:SCSCF,ASLI,A:SCSCF,MTAS,I:MTAS,SCSCF,T:MTAS,SCSCF,I:SCSCF,MTAS,T:SCSCF,PCSCF,I:PCSCF,SCSCF,T:PCSCF,SCSCF,R:SCSCF,MTAS,R:MTAS,SCSCF,R:ICSCF,GTW,R:GTW,SCSCF,P:SCSCF,MTAS,P:MTAS,SCSCF,P:SCSCF,PCSCF,P:PCSCF,SCSCF,P-200:SCSCF,MTAS,P-200:MTAS,SCSCF,P-200:SCSCF,GTW,P-200:PCSCF,SCSCF,I-200:SCSCF,MTAS,I-200:MTAS,SCSCF,I-200:ICSCF,GTW,I-200:GTW,SCSCF,A:SCSCF,MTAS,A:MTAS,SCSCF,A:SCSCF,PCSCF,A:MTAS,SCSCF,U:SCSCF,PCSCF,U:SCSCF,GTW,U:GTW,SCSCF,U-200:SCSCF,MTAS,U-200:PCSCF,SCSCF,U-200:SCSCF,MTAS,U-200:SCSCF,MTAS,B:PCSCF,SCSCF,B:MTAS,SCSCF,B:SCSCF,GTW,B:GTW,SCSCF,B-200:SCSCF,MTAS,B-200:MTAS,SCSCF,B-200:SCSCF,PCSCF,B-200"
483,483,0,0,70,-0.9274926097968119,-0.8775203261868387,52,0,"PCSCF,SCSCF,I:SCSCF,ASLI,I:ASLI,SCSCF,T:ASLI,SCSCF,I-500:SCSCF,ASLI,A:MTAS,SCSCF,I:SCSCF,MTAS,T:SCSCF,PCSCF,T:SCSCF,ASLI,I:ASLI,SCSCF,T:ASLI,SCSCF,I-500:SCSCF,MTAS,I:MTAS,SCSCF,I:SCSCF,MTAS,T:SCSCF,PCSCF,I:SCSCF,ASLI,A:MTAS,SCSCF,T:PCSCF,SCSCF,T:PCSCF,SCSCF,R:SCSCF,MTAS,R:MTAS,SCSCF,R:SCSCF,MTAS,R:SCSCF,PCSCF,R:PCSCF,SCSCF,P:MTAS,SCSCF,P:SCSCF,MTAS,P:MTAS,SCSCF,P:SCSCF,PCSCF,P:PCSCF,SCSCF,P-200:SCSCF,MTAS,P-200:MTAS,SCSCF,P-200:SCSCF,MTAS,P-200:SCSCF,PCSCF,P-200:PCSCF,SCSCF,I-200:SCSCF,MTAS,I-200:MTAS,SCSCF,I-200:SCSCF,MTAS,I-200:SCSCF,PCSCF,I-200:PCSCF,SCSCF,A:MTAS,SCSCF,A:SCSCF,MTAS,A:MTAS,SCSCF,A:SCSCF,PCSCF,A:PCSCF,SCSCF,B:MTAS,SCSCF,B:SCSCF,MTAS,B:MTAS,SCSCF,B:SCSCF,PCSCF,B:PCSCF,SCSCF,B-200:SCSCF,MTAS,B-200:MTAS,SCSCF,B-200:SCSCF,MTAS,B-200:SCSCF,PCSCF,B-200"
484,484,0,0,68,-0.8513640575676401,-0.8468169185749952,59,0,"PCSCF,SCSCF,I:SCSCF,ASLI,I:ASLI,SCSCF,T:ASLI,SCSCF,I-500:SCSCF,ASLI,A:MTAS,SCSCF,I:SCSCF,MTAS,T:SCSCF,GTW,I:GTW,SCSCF,T:SCSCF,PCSCF,T:GTW,SCSCF,R:SCSCF,MTAS,R:SCSCF,PCSCF,R:GTW,SCSCF,R:SCSCF,MTAS,R:PCSCF,SCSCF,P:MTAS,SCSCF,P:SCSCF,GTW,P:GTW,SCSCF,P-200:SCSCF,MTAS,P-200:SCSCF,PCSCF,P-200:GTW,SCSCF,I-200:SCSCF,MTAS,I-200:SCSCF,PCSCF,I-200:PCSCF,SCSCF,A:SCSCF,MTAS,A:MTAS,SCSCF,A:SCSCF,GTW,A:MTAS,SCSCF,U:SCSCF,GTW,U:GTW,SCSCF,U-200:SCSCF,MTAS,U-200:MTAS,SCSCF,U:SCSCF,PCSCF,U:PCSCF,SCSCF,U-200:SCSCF,MTAS,U-200:MTAS,SCSCF,U:SCSCF,GTW,U:MTAS,SCSCF,U:SCSCF,PCSCF,U:GTW,SCSCF,U-200:SCSCF,MTAS,U-200:PCSCF,SCSCF,U-200:SCSCF,MTAS,U-200:PCSCF,SCSCF,B:MTAS,SCSCF,B:SCSCF,GTW,B:GTW,SCSCF,B-200:SCSCF,MTAS,B-200:SCSCF,PCSCF,B-200"
485,485,0,0,66,-0.6119724173540917,-0.6003836032831864,60,0,"PCSCF,SCSCF,I:SCSCF,PCSCF,T:SCSCF,ASLI,I:ASLI,SCSCF,T:ASLI,SCSCF,I-500:SCSCF,ASLI,A:MTAS,SCSCF,I:SCSCF,MTAS,T:SCSCF,GTW,I:GTW,SCSCF,T:GTW,SCSCF,S:SCSCF,MTAS,S:SCSCF,PCSCF,S:GTW,SCSCF,S:SCSCF,MTAS,S:PCSCF,SCSCF,P:SCSCF,MTAS,P:MTAS,SCSCF,P:SCSCF,GTW,P:GTW,SCSCF,P-200:SCSCF,MTAS,P-200:MTAS,SCSCF,P-200:SCSCF,PCSCF,P-200:GTW,SCSCF,R:SCSCF,MTAS,R:SCSCF,PCSCF,R:PCSCF,SCSCF,P:SCSCF,MTAS,P:MTAS,SCSCF,P:SCSCF,GTW,P:GTW,SCSCF,P-200:SCSCF,MTAS,P-200:MTAS,SCSCF,P-200:SCSCF,PCSCF,P-200:GTW,SCSCF,I-200:SCSCF,MTAS,I-200:GTW,SCSCF,I-200:SCSCF,MTAS,I-200:SCSCF,PCSCF,I-200:PCSCF,SCSCF,A:SCSCF,MTAS,A:MTAS,SCSCF,A:SCSCF,GTW,A:GTW,SCSCF,B:MTAS,SCSCF,B:SCSCF,PCSCF,B:PCSCF,SCSCF,B-200:SCSCF,MTAS,B-200:SCSCF,GTW,B-200"
486,486,0,0,46,-0.7964041262251643,-0.7858550646482508,113,0,"PCSCF,SCSCF,I:SCSCF,PCSCF,T:SCSCF,ASLI,I:ASLI,SCSCF,T:ASLI,SCSCF,I-500:SCSCF,ASLI,A:MTAS,SCSCF,I:SCSCF,MTAS,T:SCSCF,GTW,I:GTW,SCSCF,T:GTW,SCSCF,I-200:SCSCF,MTAS,I-200:SCSCF,PCSCF,I-200:GTW,SCSCF,I-200:SCSCF,MTAS,I-200:PCSCF,SCSCF,A:SCSCF,MTAS,A:MTAS,SCSCF,A:SCSCF,GTW,A:MTAS,SCSCF,U:SCSCF,GTW,U:GTW,SCSCF,U-200:SCSCF,MTAS,U-200:MTAS,SCSCF,U:SCSCF,PCSCF,U:PCSCF,SCSCF,U-200:SCSCF,MTAS,U-200:PCSCF,SCSCF,B:MTAS,SCSCF,B:SCSCF,GTW,B:GTW,SCSCF,B-200:SCSCF,MTAS,B-200:SCSCF,PCSCF,B-200"
487,487,0,0,53,-1.274405466227284,-1.2269885691714315,1480,0,"PCSCF,SCSCF,I:SCSCF,PCSCF,T:SCSCF,PCSCF,I-407:PCSCF,SCSCF,A:PCSCF,SCSCF,I:SCSCF,PCSCF,T:SCSCF,ASLI,I:ASLI,SCSCF,T:ASLI,SCSCF,I-500:SCSCF,ASLI,A:MTAS,SCSCF,I:SCSCF,MTAS,T:SCSCF,GTW,I:GTW,SCSCF,T:GTW,SCSCF,S:SCSCF,MTAS,S:SCSCF,PCSCF,S:PCSCF,SCSCF,P:MTAS,SCSCF,P:SCSCF,GTW,P:GTW,SCSCF,P-200:SCSCF,MTAS,P-200:SCSCF,PCSCF,P-200:GTW,SCSCF,R:SCSCF,MTAS,R:SCSCF,PCSCF,R:PCSCF,SCSCF,P:MTAS,SCSCF,P:SCSCF,GTW,P:GTW,SCSCF,P-200:SCSCF,MTAS,P-200:SCSCF,PCSCF,P-200:GTW,SCSCF,W:SCSCF,MTAS,W:SCSCF,PCSCF,W:GTW,SCSCF,I-486:SCSCF,GTW,A:SCSCF,MTAS,I-486:PCSCF,SCSCF,P:MTAS,SCSCF,A:SCSCF,PCSCF,I-486:PCSCF,SCSCF,A"
488,488,0,0,93,-0.7757983001998725,-0.7724469322976873,60,0,"PCSCF,SCSCF,I:SCSCF,ASLI,I:ASLI,SCSCF,T:ASLI,SCSCF,I-500:SCSCF,ASLI,A:SCSCF,PCSCF,T:MTAS,SCSCF,I:SCSCF,MTAS,T:SCSCF,GTW,I:GTW,SCSCF,T:GTW,SCSCF,S:SCSCF,MTAS,S:SCSCF,PCSCF,S:PCSCF,SCSCF,P:SCSCF,MTAS,P:MTAS,SCSCF,P:SCSCF,GTW,P:GTW,SCSCF,P-200:SCSCF,MTAS,P-200:MTAS,SCSCF,P-200:SCSCF,PCSCF,P-200:GTW,SCSCF,R:SCSCF,MTAS,R:SCSCF,PCSCF,R:PCSCF,SCSCF,P:SCSCF,MTAS,P:MTAS,SCSCF,P:SCSCF,GTW,P:GTW,SCSCF,P-200:SCSCF,MTAS,P-200:MTAS,SCSCF,P-200:SCSCF,PCSCF,P-200:GTW,SCSCF,S:SCSCF,MTAS,S:SCSCF,PCSCF,S:PCSCF,SCSCF,P:SCSCF,MTAS,P:MTAS,SCSCF,P:SCSCF,GTW,P:GTW,SCSCF,P-200:SCSCF,MTAS,P-200:MTAS,SCSCF,P-200:SCSCF,PCSCF,P-200:GTW,SCSCF,S:SCSCF,MTAS,S:SCSCF,PCSCF,S:PCSCF,SCSCF,P:SCSCF,MTAS,P:MTAS,SCSCF,P:SCSCF,GTW,P:GTW,SCSCF,P-200:SCSCF,MTAS,P-200:MTAS,SCSCF,P-200:SCSCF,PCSCF,P-200:GTW,SCSCF,I-200:SCSCF,MTAS,I-200:SCSCF,PCSCF,I-200:PCSCF,SCSCF,A:SCSCF,MTAS,A:MTAS,SCSCF,A:SCSCF,GTW,A:PCSCF,SCSCF,B:SCSCF,MTAS,B:MTAS,SCSCF,B:SCSCF,GTW,B:GTW,SCSCF,B-200:SCSCF,MTAS,B-200:MTAS,SCSCF,B-200:SCSCF,PCSCF,B-200"
489,489,0,0,59,-1.0916350091706126,-1.0841893973144185,248,0,"PCSCF,SCSCF,I:SCSCF,ASLI,I:ASLI,SCSCF,T:ASLI,SCSCF,I-500:SCSCF,ASLI,A:SCSCF,PCSCF,T:MTAS,SCSCF,I:SCSCF,MTAS,T:SCSCF,GTW,I:GTW,SCSCF,T:GTW,SCSCF,S:SCSCF,MTAS,S:SCSCF,PCSCF,S:PCSCF,SCSCF,P:SCSCF,MTAS,P:MTAS,SCSCF,P:SCSCF,GTW,P:GTW,SCSCF,P-200:SCSCF,MTAS,P-200:MTAS,SCSCF,P-200:SCSCF,PCSCF,P-200:GTW,SCSCF,S:SCSCF,MTAS,S:SCSCF,PCSCF,S:PCSCF,SCSCF,P:SCSCF,MTAS,P:MTAS,SCSCF,P:SCSCF,GTW,P:GTW,SCSCF,P-200:SCSCF,MTAS,P-200:MTAS,SCSCF,P-200:SCSCF,PCSCF,P-200:PCSCF,SCSCF,C:MTAS,SCSCF,C:SCSCF,MTAS,C-200:SCSCF,GTW,C:GTW,SCSCF,C-200:GTW,SCSCF,I-487:SCSCF,GTW,A:SCSCF,MTAS,I-487:MTAS,SCSCF,A:SCSCF,PCSCF,C-200:SCSCF,PCSCF,I-487:PCSCF,SCSCF,A"
490,490,0,0,45,-0.7885001701039144,-0.7598590253063288,0,0,"PCSCF,SCSCF,I:SCSCF,ASLI,I:ASLI,SCSCF,T:SCSCF,PCSCF,T:ASLI,SCSCF,I-500:SCSCF,ASLI,A:MTAS,SCSCF,I:SCSCF,MTAS,T:SCSCF,GTW,I:GTW,SCSCF,T:GTW,SCSCF,R:SCSCF,MTAS,R:SCSCF,PCSCF,R:PCSCF,SCSCF,P:SCSCF,MTAS,P:MTAS,SCSCF,P:SCSCF,GTW,P:GTW,SCSCF,P-200:SCSCF,MTAS,P-200:MTAS,SCSCF,P-200:SCSCF,PCSCF,P-200:GTW,SCSCF,I-200:SCSCF,MTAS,I-200:SCSCF,PCSCF,I-200:PCSCF,SCSCF,A:SCSCF,MTAS,A:MTAS,SCSCF,A:SCSCF,GTW,A:GTW,SCSCF,B:MTAS,SCSCF,B:SCSCF,PCSCF,B:PCSCF,SCSCF,B-200:SCSCF,MTAS,B-200:SCSCF,GTW,B-200"
491,491,0,0,59,-1.2659695534519275,-1.222976943588455,76,0,"PCSCF,SCSCF,I:SCSCF,ASLI,I:ASLI,SCSCF,T:SCSCF,PCSCF,T:ASLI,SCSCF,I-500:SCSCF,ASLI,A:MTAS,SCSCF,I:SCSCF,MTAS,T:SCSCF,GTW,I:GTW,SCSCF,T:GTW,SCSCF,S:SCSCF,MTAS,S:SCSCF,PCSCF,S:PCSCF,SCSCF,P:SCSCF,MTAS,P:MTAS,SCSCF,P:SCSCF,GTW,P:GTW,SCSCF,P-200:GTW,SCSCF,R:SCSCF,MTAS,P-200:SCSCF,MTAS,R:MTAS,SCSCF,P-200:SCSCF,PCSCF,P-200:SCSCF,PCSCF,R:PCSCF,SCSCF,P:SCSCF,MTAS,P:MTAS,SCSCF,P:SCSCF,GTW,P:GTW,SCSCF,P-200:SCSCF,MTAS,P-200:MTAS,SCSCF,P-200:SCSCF,PCSCF,P-200:PCSCF,SCSCF,C:MTAS,SCSCF,C:SCSCF,MTAS,C-200:SCSCF,GTW,C:GTW,SCSCF,C-200:GTW,SCSCF,I-487:SCSCF,GTW,A:SCSCF,MTAS,I-487:MTAS,SCSCF,A:SCSCF,PCSCF,C-200:SCSCF,PCSCF,I-487:PCSCF,SCSCF,A"
492,492,0,0,80,-1.1390235771485426,-1.106809606394045,190,0,"PCSCF,SCSCF,I:SCSCF,PCSCF,T:SCSCF,ASLI,I:ASLI,SCSCF,T:ASLI,SCSCF,I-500:MTAS,SCSCF,I:SCSCF,MTAS,T:SCSCF,ASLI,A:SCSCF,GTW,I:GTW,SCSCF,T:GTW,SCSCF,S:SCSCF,MTAS,S:SCSCF,PCSCF,S:PCSCF,SCSCF,P:SCSCF,MTAS,P:MTAS,SCSCF,P:SCSCF,GTW,P:GTW,SCSCF,P-200:GTW,SCSCF,S:SCSCF,MTAS,S:SCSCF,MTAS,P-200:MTAS,SCSCF,P-200:SCSCF,PCSCF,P-200:SCSCF,PCSCF,S:PCSCF,SCSCF,P:SCSCF,MTAS,P:MTAS,SCSCF,P:SCSCF,GTW,P:GTW,SCSCF,P-200:GTW,SCSCF,S:SCSCF,MTAS,S:SCSCF,MTAS,P-200:MTAS,SCSCF,P-200:SCSCF,PCSCF,P-200:SCSCF,PCSCF,S:PCSCF,SCSCF,P:SCSCF,MTAS,P:MTAS,SCSCF,P:SCSCF,GTW,P:GTW,SCSCF,P-200:SCSCF,MTAS,P-200:MTAS,SCSCF,P-200:SCSCF,PCSCF,P-200:GTW,SCSCF,R:SCSCF,MTAS,R:SCSCF,PCSCF,R:PCSCF,SCSCF,P:SCSCF,MTAS,P:MTAS,SCSCF,P:SCSCF,GTW,P:GTW,SCSCF,P-200:SCSCF,MTAS,P-200:MTAS,SCSCF,P-200:SCSCF,PCSCF,P-200:GTW,SCSCF,I-480:SCSCF,GTW,A:SCSCF,MTAS,I-480:MTAS,SCSCF,A:SCSCF,PCSCF,I-480:PCSCF,SCSCF,A"
493,493,0,0,71,-0.9844291136925537,-0.9347361025664357,65,0,"GTW,ICSCF,I:ICSCF,GTW,T:SCSCF,ASLI,I:ASLI,SCSCF,T:ASLI,SCSCF,I-500:SCSCF,ASLI,A:SCSCF,MTAS,I:MTAS,SCSCF,T:MTAS,SCSCF,W:ICSCF,GTW,W:MTAS,SCSCF,I:SCSCF,MTAS,T:SCSCF,GTW,I:GTW,SCSCF,T:GTW,SCSCF,S:SCSCF,MTAS,S:MTAS,SCSCF,S:ICSCF,GTW,S:GTW,SCSCF,P:SCSCF,MTAS,P:MTAS,SCSCF,P:SCSCF,GTW,P:GTW,SCSCF,P-200:SCSCF,MTAS,P-200:MTAS,SCSCF,P-200:SCSCF,GTW,P-200:GTW,SCSCF,S:SCSCF,MTAS,S:MTAS,SCSCF,S:ICSCF,GTW,S:GTW,SCSCF,P:SCSCF,MTAS,P:MTAS,SCSCF,P:SCSCF,GTW,P:GTW,SCSCF,P-200:SCSCF,MTAS,P-200:MTAS,SCSCF,P-200:SCSCF,GTW,P-200:GTW,ICSCF,C:ICSCF,GTW,C-200:SCSCF,MTAS,C:MTAS,SCSCF,C-200:MTAS,SCSCF,C:SCSCF,MTAS,C-200:SCSCF,GTW,C:MTAS,SCSCF,I-487:SCSCF,MTAS,A:ICSCF,GTW,I-487:GTW,ICSCF,A:GTW,SCSCF,C-200:GTW,SCSCF,I-487:SCSCF,GTW,A:SCSCF,MTAS,I-487:MTAS,SCSCF,A"
494,494,0,0,59,-0.9258647456392259,-0.8760224300129956,248,0,"PCSCF,SCSCF,I:SCSCF,PCSCF,T:SCSCF,ASLI,I:ASLI,SCSCF,T:ASLI,SCSCF,I-500:SCSCF,ASLI,A:MTAS,SCSCF,I:SCSCF,MTAS,T:SCSCF,GTW,I:GTW,SCSCF,T:GTW,SCSCF,S:SCSCF,MTAS,S:SCSCF,PCSCF,S:PCSCF,SCSCF,P:SCSCF,MTAS,P:MTAS,SCSCF,P:SCSCF,GTW,P:GTW,SCSCF,P-200:SCSCF,MTAS,P-200:MTAS,SCSCF,P-200:SCSCF,PCSCF,P-200:GTW,SCSCF,R:SCSCF,MTAS,R:SCSCF,PCSCF,R:PCSCF,SCSCF,P:SCSCF,MTAS,P:MTAS,SCSCF,P:SCSCF,GTW,P:GTW,SCSCF,P-200:SCSCF,MTAS,P-200:MTAS,SCSCF,P-200:SCSCF,PCSCF,P-200:PCSCF,SCSCF,C:MTAS,SCSCF,C:SCSCF,MTAS,C-200:SCSCF,GTW,C:GTW,SCSCF,C-200:GTW,SCSCF,I-487:SCSCF,GTW,A:SCSCF,MTAS,I-487:MTAS,SCSCF,A:SCSCF,PCSCF,C-200:SCSCF,PCSCF,I-487:PCSCF,SCSCF,A"
495,495,0,0,44,-0.8489825838019361,-0.8422072161707083,124,0,"PCSCF,SCSCF,I:SCSCF,ASLI,I:SCSCF,PCSCF,T:ASLI,SCSCF,T:ASLI,SCSCF,I-500:SCSCF,ASLI,A:MTAS,SCSCF,I:SCSCF,MTAS,T:SCSCF,GTW,I:GTW,SCSCF,T:GTW,SCSCF,R:SCSCF,MTAS,R:SCSCF,PCSCF,R:PCSCF,SCSCF,P:SCSCF,MTAS,P:MTAS,SCSCF,P:SCSCF,GTW,P:GTW,SCSCF,P-200:SCSCF,MTAS,P-200:MTAS,SCSCF,P-200:SCSCF,PCSCF,P-200:PCSCF,SCSCF,C:SCSCF,PCSCF,C-200:MTAS,SCSCF,C:SCSCF,MTAS,C-200:SCSCF,GTW,C:GTW,SCSCF,C-200:GTW,SCSCF,I-487:SCSCF,GTW,A:SCSCF,MTAS,I-487:MTAS,SCSCF,A:SCSCF,PCSCF,I-487:PCSCF,SCSCF,A"
496,496,0,0,54,-0.8251171880619638,-0.8087636409117067,60,0,"PCSCF,SCSCF,I:SCSCF,ASLI,I:ASLI,SCSCF,T:ASLI,SCSCF,I-500:SCSCF,ASLI,A:SCSCF,PCSCF,T:MTAS,SCSCF,I:SCSCF,MTAS,T:SCSCF,GTW,I:GTW,SCSCF,T:GTW,SCSCF,S:SCSCF,MTAS,S:SCSCF,PCSCF,S:PCSCF,SCSCF,P:MTAS,SCSCF,P:SCSCF,GTW,P:GTW,SCSCF,P-200:SCSCF,MTAS,P-200:SCSCF,PCSCF,P-200:GTW,SCSCF,R:SCSCF,MTAS,R:SCSCF,PCSCF,R:PCSCF,SCSCF,P:MTAS,SCSCF,P:SCSCF,GTW,P:GTW,SCSCF,P-200:SCSCF,MTAS,P-200:SCSCF,PCSCF,P-200:GTW,SCSCF,I-200:SCSCF,MTAS,I-200:SCSCF,PCSCF,I-200:PCSCF,SCSCF,A:SCSCF,MTAS,A:MTAS,SCSCF,A:SCSCF,GTW,A:GTW,SCSCF,B:MTAS,SCSCF,B:SCSCF,PCSCF,B:PCSCF,SCSCF,B-200:SCSCF,MTAS,B-200:SCSCF,GTW,B-200"
497,497,0,0,65,-0.6130423078040579,-0.6114339363796887,113,0,"GTW,ICSCF,I:ICSCF,GTW,T:SCSCF,ASLI,I:ASLI,SCSCF,T:ASLI,SCSCF,I-500:SCSCF,ASLI,A:SCSCF,MTAS,I:MTAS,SCSCF,T:MTAS,SCSCF,I:SCSCF,MTAS,T:SCSCF,PCSCF,I:PCSCF,SCSCF,T:SCSCF,MTAS,R:MTAS,SCSCF,R:PCSCF,SCSCF,R:ICSCF,GTW,R:GTW,SCSCF,P:SCSCF,MTAS,P:MTAS,SCSCF,P:SCSCF,PCSCF,P:SCSCF,MTAS,P-200:MTAS,SCSCF,P-200:PCSCF,SCSCF,P-200:SCSCF,GTW,P-200:SCSCF,MTAS,I-200:MTAS,SCSCF,I-200:PCSCF,SCSCF,I-200:ICSCF,GTW,I-200:GTW,SCSCF,A:SCSCF,MTAS,A:MTAS,SCSCF,A:SCSCF,PCSCF,A:MTAS,SCSCF,U:SCSCF,PCSCF,U:PCSCF,SCSCF,U-200:SCSCF,MTAS,U-200:MTAS,SCSCF,U:SCSCF,GTW,U:GTW,SCSCF,U-200:SCSCF,MTAS,U-200:PCSCF,SCSCF,B:SCSCF,MTAS,B:MTAS,SCSCF,B:SCSCF,GTW,B:GTW,SCSCF,B-200:SCSCF,MTAS,B-200:MTAS,SCSCF,B-200:SCSCF,PCSCF,B-200"
498,498,0,0,54,-0.6586206002379702,-0.6430016147858602,53,0,"PCSCF,SCSCF,I:SCSCF,PCSCF,T:SCSCF,ASLI,I:ASLI,SCSCF,T:ASLI,SCSCF,I-500:SCSCF,ASLI,A:MTAS,SCSCF,I:SCSCF,MTAS,T:SCSCF,GTW,I:GTW,SCSCF,T:GTW,SCSCF,S:SCSCF,MTAS,S:SCSCF,PCSCF,S:PCSCF,SCSCF,P:MTAS,SCSCF,P:SCSCF,GTW,P:GTW,SCSCF,P-200:SCSCF,MTAS,P-200:SCSCF,PCSCF,P-200:GTW,SCSCF,R:SCSCF,MTAS,R:SCSCF,PCSCF,R:PCSCF,SCSCF,P:MTAS,SCSCF,P:SCSCF,GTW,P:GTW,SCSCF,P-200:SCSCF,MTAS,P-200:SCSCF,PCSCF,P-200:GTW,SCSCF,I-200:SCSCF,MTAS,I-200:SCSCF,PCSCF,I-200:PCSCF,SCSCF,A:SCSCF,MTAS,A:MTAS,SCSCF,A:SCSCF,GTW,A:GTW,SCSCF,B:MTAS,SCSCF,B:SCSCF,PCSCF,B:PCSCF,SCSCF,B-200:SCSCF,MTAS,B-200:SCSCF,GTW,B-200"
499,499,0,0,132,-0.6704016048029869,-0.658172785611043,59,0,"PCSCF,SCSCF,I:SCSCF,PCSCF,T:SCSCF,ASLI,I:ASLI,SCSCF,T:ASLI,SCSCF,I-500:SCSCF,ASLI,A:MTAS,SCSCF,I:SCSCF,MTAS,T:SCSCF,GTW,I:GTW,SCSCF,T:GTW,SCSCF,R:SCSCF,MTAS,R:SCSCF,PCSCF,R:PCSCF,SCSCF,P:SCSCF,MTAS,P:MTAS,SCSCF,P:SCSCF,GTW,P:GTW,SCSCF,P-200:SCSCF,MTAS,P-200:MTAS,SCSCF,P-200:SCSCF,PCSCF,P-200:GTW,SCSCF,I-200:SCSCF,MTAS,I-200:SCSCF,PCSCF,I-200:PCSCF,SCSCF,A:SCSCF,MTAS,A:MTAS,SCSCF,A:SCSCF,GTW,A:MTAS,SCSCF,U:SCSCF,GTW,U:GTW,SCSCF,U-200:SCSCF,MTAS,U-200:MTAS,SCSCF,U:SCSCF,PCSCF,U:PCSCF,SCSCF,U-200:SCSCF,MTAS,U-200:MTAS,SCSCF,U:SCSCF,GTW,U:GTW,SCSCF,U-200:SCSCF,MTAS,U-200:MTAS,SCSCF,U:SCSCF,PCSCF,U:PCSCF,SCSCF,U-200:SCSCF,MTAS,U-200:MTAS,SCSCF,U:SCSCF,GTW,U:GTW,SCSCF,U-200:SCSCF,MTAS,U-200:MTAS,SCSCF,U:SCSCF,PCSCF,U:PCSCF,SCSCF,U-200:SCSCF,MTAS,U-200:MTAS,SCSCF,U:SCSCF,GTW,U:GTW,SCSCF,U-200:SCSCF,MTAS,U-200:MTAS,SCSCF,U:SCSCF,PCSCF,U:PCSCF,SCSCF,U-200:SCSCF,MTAS,U-200:MTAS,SCSCF,U:SCSCF,GTW,U:GTW,SCSCF,U-200:SCSCF,MTAS,U-200:MTAS,SCSCF,U:SCSCF,PCSCF,U:PCSCF,SCSCF,U-200:SCSCF,MTAS,U-200:MTAS,SCSCF,U:SCSCF,GTW,U:GTW,SCSCF,U-200:SCSCF,MTAS,U-200:MTAS,SCSCF,U:SCSCF,PCSCF,U:PCSCF,SCSCF,U-200:SCSCF,MTAS,U-200:MTAS,SCSCF,U:SCSCF,GTW,U:GTW,SCSCF,U-200:SCSCF,MTAS,U-200:MTAS,SCSCF,U:SCSCF,PCSCF,U:PCSCF,SCSCF,U-200:SCSCF,MTAS,U-200:PCSCF,SCSCF,B:SCSCF,MTAS,B:MTAS,SCSCF,B:SCSCF,GTW,B:GTW,SCSCF,B-200:SCSCF,MTAS,B-200:MTAS,SCSCF,B-200:SCSCF,PCSCF,B-200"
500,500,0,0,53,-0.6826635520312176,-0.6577884773507302,323,0,"GTW,ICSCF,I:ICSCF,GTW,T:SCSCF,ASLI,I:ASLI,SCSCF,T:ASLI,SCSCF,I-500:SCSCF,ASLI,A:SCSCF,MTAS,I:MTAS,SCSCF,T:MTAS,SCSCF,I:SCSCF,MTAS,T:SCSCF,PCSCF,I:PCSCF,SCSCF,T:PCSCF,SCSCF,R:SCSCF,MTAS,R:MTAS,SCSCF,R:ICSCF,GTW,R:GTW,SCSCF,P:SCSCF,MTAS,P:MTAS,SCSCF,P:SCSCF,PCSCF,P:PCSCF,SCSCF,P-200:SCSCF,MTAS,P-200:MTAS,SCSCF,P-200:SCSCF,GTW,P-200:GTW,ICSCF,C:ICSCF,GTW,C-200:SCSCF,MTAS,C:MTAS,SCSCF,C-200:SCSCF,PCSCF,C:PCSCF,SCSCF,C-200:MTAS,SCSCF,C:SCSCF,MTAS,C-200:PCSCF,SCSCF,I-487:SCSCF,PCSCF,A:MTAS,SCSCF,I-487:SCSCF,MTAS,A:ICSCF,GTW,I-487:SCSCF,MTAS,I-487:MTAS,SCSCF,A:GTW,ICSCF,A"
501,501,0,0,93,-1.0478009127431789,-0.9973925122990783,5,0,"PCSCF,SCSCF,I:SCSCF,PCSCF,T:SCSCF,ASLI,I:ASLI,SCSCF,T:ASLI,SCSCF,I-500:SCSCF,ASLI,A:MTAS,SCSCF,I:SCSCF,MTAS,T:SCSCF,GTW,I:GTW,SCSCF,T:GTW,SCSCF,S:SCSCF,MTAS,S:SCSCF,PCSCF,S:PCSCF,SCSCF,P:SCSCF,MTAS,P:MTAS,SCSCF,P:SCSCF,GTW,P:GTW,SCSCF,P-200:GTW,SCSCF,S:SCSCF,MTAS,S:SCSCF,MTAS,P-200:MTAS,SCSCF,P-200:SCSCF,PCSCF,P-200:SCSCF,PCSCF,S:PCSCF,SCSCF,P:SCSCF,MTAS,P:MTAS,SCSCF,P:SCSCF,GTW,P:GTW,SCSCF,P-200:GTW,SCSCF,S:SCSCF,MTAS,P-200:SCSCF,MTAS,S:MTAS,SCSCF,P-200:SCSCF,PCSCF,P-200:SCSCF,PCSCF,S:PCSCF,SCSCF,P:SCSCF,MTAS,P:MTAS,SCSCF,P:SCSCF,GTW,P:GTW,SCSCF,P-200:GTW,SCSCF,R:SCSCF,MTAS,P-200:SCSCF,MTAS,R:MTAS,SCSCF,P-200:SCSCF,PCSCF,P-200:SCSCF,PCSCF,R:PCSCF,SCSCF,P:SCSCF,MTAS,P:MTAS,SCSCF,P:SCSCF,GTW,P:GTW,SCSCF,P-200:SCSCF,MTAS,P-200:MTAS,SCSCF,P-200:SCSCF,PCSCF,P-200:GTW,SCSCF,I-200:SCSCF,MTAS,I-200:SCSCF,PCSCF,I-200:PCSCF,SCSCF,A:SCSCF,MTAS,A:MTAS,SCSCF,A:SCSCF,GTW,A:PCSCF,SCSCF,B:SCSCF,MTAS,B:MTAS,SCSCF,B:SCSCF,GTW,B:GTW,SCSCF,B-200:SCSCF,MTAS,B-200:MTAS,SCSCF,B-200:SCSCF,PCSCF,B-200"
502,502,0,0,118,-1.0291964281764938,-1.0109808532113431,104,0,"GTW,ICSCF,I:ICSCF,GTW,T:SCSCF,ASLI,I:ASLI,SCSCF,T:ASLI,SCSCF,I-500:SCSCF,ASLI,A:SCSCF,MTAS,I:MTAS,SCSCF,T:MTAS,SCSCF,I:SCSCF,MTAS,T:SCSCF,PCSCF,I:PCSCF,SCSCF,T:PCSCF,SCSCF,R:SCSCF,MTAS,R:MTAS,SCSCF,R:ICSCF,GTW,R:GTW,SCSCF,P:SCSCF,MTAS,P:MTAS,SCSCF,P:SCSCF,PCSCF,P:PCSCF,SCSCF,P-200:SCSCF,MTAS,P-200:MTAS,SCSCF,P-200:SCSCF,GTW,P-200:PCSCF,SCSCF,I-200:SCSCF,MTAS,I-200:MTAS,SCSCF,I-200:ICSCF,GTW,I-200:GTW,SCSCF,A:SCSCF,MTAS,A:MTAS,SCSCF,A:SCSCF,PCSCF,A:PCSCF,SCSCF,I:SCSCF,MTAS,I:MTAS,SCSCF,T:MTAS,SCSCF,I:SCSCF,MTAS,T:SCSCF,PCSCF,T:SCSCF,GTW,I:GTW,SCSCF,T:GTW,SCSCF,I-200:SCSCF,MTAS,I-200:MTAS,SCSCF,I-200:SCSCF,PCSCF,I-200:PCSCF,SCSCF,A:SCSCF,MTAS,A:MTAS,SCSCF,A:SCSCF,GTW,A:PCSCF,SCSCF,I:SCSCF,PCSCF,T:SCSCF,MTAS,I:MTAS,SCSCF,T:MTAS,SCSCF,I:SCSCF,MTAS,T:SCSCF,GTW,I:GTW,SCSCF,T:GTW,SCSCF,I-488:SCSCF,GTW,A:SCSCF,MTAS,I-488:MTAS,SCSCF,A:MTAS,SCSCF,I-488:SCSCF,MTAS,A:SCSCF,PCSCF,I-488:PCSCF,SCSCF,A:PCSCF,SCSCF,I:SCSCF,PCSCF,T:SCSCF,PCSCF,I-407:PCSCF,SCSCF,A:PCSCF,SCSCF,I:SCSCF,MTAS,I:MTAS,SCSCF,T:MTAS,SCSCF,I:SCSCF,MTAS,T:SCSCF,GTW,I:GTW,SCSCF,T:GTW,SCSCF,I-200:SCSCF,MTAS,I-200:SCSCF,PCSCF,T:MTAS,SCSCF,I-200:SCSCF,PCSCF,I-200:PCSCF,SCSCF,A:SCSCF,MTAS,A:MTAS,SCSCF,A:SCSCF,GTW,A:GTW,SCSCF,B:SCSCF,MTAS,B:MTAS,SCSCF,B:SCSCF,PCSCF,B:PCSCF,SCSCF,B-200:SCSCF,MTAS,B-200:MTAS,SCSCF,B-200:SCSCF,GTW,B-200"
503,503,0,0,72,-0.6379330194487892,-0.6352566133763959,49,0,"GTW,ICSCF,I:ICSCF,GTW,T:SCSCF,ASLI,I:ASLI,SCSCF,T:ASLI,SCSCF,I-500:SCSCF,MTAS,I:SCSCF,ASLI,A:MTAS,SCSCF,T:MTAS,SCSCF,I:SCSCF,MTAS,T:SCSCF,PCSCF,I:PCSCF,SCSCF,T:PCSCF,SCSCF,R:SCSCF,MTAS,R:MTAS,SCSCF,R:ICSCF,GTW,R:GTW,SCSCF,P:SCSCF,MTAS,P:MTAS,SCSCF,P:SCSCF,PCSCF,P:PCSCF,SCSCF,P-200:SCSCF,MTAS,P-200:MTAS,SCSCF,P-200:SCSCF,GTW,P-200:PCSCF,SCSCF,I-200:SCSCF,MTAS,I-200:MTAS,SCSCF,I-200:ICSCF,GTW,I-200:GTW,SCSCF,A:SCSCF,MTAS,A:MTAS,SCSCF,A:SCSCF,PCSCF,A:GTW,SCSCF,I:SCSCF,GTW,T:SCSCF,MTAS,I:MTAS,SCSCF,T:MTAS,SCSCF,I:SCSCF,MTAS,T:SCSCF,PCSCF,I:PCSCF,SCSCF,I-200:SCSCF,MTAS,I-200:MTAS,SCSCF,I-200:SCSCF,GTW,I-200:GTW,SCSCF,A:SCSCF,MTAS,A:MTAS,SCSCF,A:SCSCF,PCSCF,A:PCSCF,SCSCF,B:SCSCF,MTAS,B:MTAS,SCSCF,B:SCSCF,GTW,B:GTW,SCSCF,B-200:SCSCF,MTAS,B-200:MTAS,SCSCF,B-200:SCSCF,PCSCF,B-200"
504,504,0,0,20,-1.3551934228947087,-1.3215255335444631,215,0,"PCSCF,SCSCF,I:SCSCF,PCSCF,T:SCSCF,ASLI,I:ASLI,SCSCF,T:ASLI,SCSCF,I-500:MTAS,SCSCF,I:SCSCF,MTAS,T:SCSCF,ASLI,A:SCSCF,GTW,I:GTW,SCSCF,T:GTW,SCSCF,I-480:SCSCF,GTW,A:SCSCF,MTAS,I-480:MTAS,SCSCF,A:SCSCF,PCSCF,I-480:PCSCF,SCSCF,A"
505,505,0,0,75,-0.499175106476809,-0.49120081744727734,5,0,"PCSCF,SCSCF,I:SCSCF,PCSCF,T:SCSCF,PCSCF,I-407:PCSCF,SCSCF,A:PCSCF,SCSCF,I:SCSCF,PCSCF,T:SCSCF,ASLI,I:ASLI,SCSCF,T:ASLI,SCSCF,I-500:SCSCF,ASLI,A:MTAS,SCSCF,I:SCSCF,MTAS,T:SCSCF,ASLI,I:ASLI,SCSCF,T:ASLI,SCSCF,I-500:SCSCF,ASLI,A:SCSCF,BCCAS,I:BCCAS,SCSCF,T:BCCAS,SCSCF,I:SCSCF,BCCAS,T:SCSCF,PCSCF,I:PCSCF,SCSCF,T:PCSCF,SCSCF,R:SCSCF,BCCAS,R:BCCAS,SCSCF,R:SCSCF,MTAS,R:SCSCF,PCSCF,R:PCSCF,SCSCF,P:MTAS,SCSCF,P:SCSCF,BCCAS,P:BCCAS,SCSCF,P:SCSCF,PCSCF,P:PCSCF,SCSCF,P-200:SCSCF,BCCAS,P-200:BCCAS,SCSCF,P-200:SCSCF,MTAS,P-200:SCSCF,PCSCF,P-200:PCSCF,SCSCF,I-200:SCSCF,BCCAS,I-200:BCCAS,SCSCF,I-200:SCSCF,MTAS,I-200:SCSCF,PCSCF,I-200:PCSCF,SCSCF,A:MTAS,SCSCF,A:SCSCF,BCCAS,A:BCCAS,SCSCF,A:SCSCF,PCSCF,A:PCSCF,SCSCF,B:MTAS,SCSCF,B:SCSCF,BCCAS,B:BCCAS,SCSCF,B:SCSCF,PCSCF,B:PCSCF,SCSCF,B-200:SCSCF,BCCAS,B-200:BCCAS,SCSCF,B-200:SCSCF,MTAS,B-200:SCSCF,PCSCF,B-200"
506,506,0,0,53,-0.6796426625154502,-0.654604046972751,323,0,"GTW,ICSCF,I:ICSCF,GTW,T:SCSCF,ASLI,I:ASLI,SCSCF,T:ASLI,SCSCF,I-500:SCSCF,ASLI,A:SCSCF,MTAS,I:MTAS,SCSCF,T:MTAS,SCSCF,I:SCSCF,MTAS,T:SCSCF,PCSCF,I:PCSCF,SCSCF,T:PCSCF,SCSCF,R:SCSCF,MTAS,R:MTAS,SCSCF,R:ICSCF,GTW,R:GTW,SCSCF,P:SCSCF,MTAS,P:MTAS,SCSCF,P:SCSCF,PCSCF,P:PCSCF,SCSCF,P-200:SCSCF,MTAS,P-200:MTAS,SCSCF,P-200:SCSCF,GTW,P-200:GTW,ICSCF,C:ICSCF,GTW,C-200:SCSCF,MTAS,C:MTAS,SCSCF,C-200:MTAS,SCSCF,C:SCSCF,MTAS,C-200:SCSCF,PCSCF,C:PCSCF,SCSCF,C-200:MTAS,SCSCF,I-487:PCSCF,SCSCF,I-487:SCSCF,PCSCF,A:SCSCF,MTAS,I-487:MTAS,SCSCF,A:SCSCF,MTAS,A:ICSCF,GTW,I-487:GTW,ICSCF,A"
507,507,0,0,53,-0.36705100684479475,-0.3669834238881995,5,0,"GTW,ICSCF,I:ICSCF,GTW,T:SCSCF,ASLI,I:ASLI,SCSCF,T:ASLI,SCSCF,I-500:SCSCF,ASLI,A:SCSCF,MTAS,I:MTAS,SCSCF,T:MTAS,SCSCF,I:SCSCF,MTAS,T:SCSCF,PCSCF,I:PCSCF,SCSCF,T:SCSCF,MTAS,R:MTAS,SCSCF,R:ICSCF,GTW,R:PCSCF,SCSCF,R:GTW,SCSCF,P:SCSCF,MTAS,P:MTAS,SCSCF,P:SCSCF,PCSCF,P:PCSCF,SCSCF,P-200:SCSCF,MTAS,P-200:MTAS,SCSCF,P-200:SCSCF,GTW,P-200:PCSCF,SCSCF,I-200:SCSCF,MTAS,I-200:MTAS,SCSCF,I-200:ICSCF,GTW,I-200:GTW,SCSCF,A:SCSCF,MTAS,A:MTAS,SCSCF,A:SCSCF,PCSCF,A:GTW,SCSCF,B:SCSCF,MTAS,B:MTAS,SCSCF,B:SCSCF,PCSCF,B:PCSCF,SCSCF,B-200:SCSCF,MTAS,B-200:MTAS,SCSCF,B-200:SCSCF,GTW,B-200"
508,508,0,0,25,-1.293795591870666,-1.2900586133530916,215,0,"PCSCF,SCSCF,I:SCSCF,PCSCF,T:SCSCF,PCSCF,I-407:PCSCF,SCSCF,A:PCSCF,SCSCF,I:SCSCF,ASLI,I:ASLI,SCSCF,T:SCSCF,PCSCF,T:ASLI,SCSCF,I-500:SCSCF,ASLI,A:MTAS,SCSCF,I:SCSCF,MTAS,T:SCSCF,GTW,I:GTW,SCSCF,T:GTW,SCSCF,I-480:SCSCF,GTW,A:SCSCF,MTAS,I-480:MTAS,SCSCF,A:SCSCF,PCSCF,I-480:PCSCF,SCSCF,A"
509,509,0,0,33,-0.677976409769067,-0.67109466765999,5,0,"PCSCF,SCSCF,I:SCSCF,PCSCF,T:SCSCF,ASLI,I:ASLI,SCSCF,T:ASLI,SCSCF,I-500:SCSCF,ASLI,A:MTAS,SCSCF,I:SCSCF,MTAS,T:SCSCF,GTW,I:GTW,SCSCF,T:GTW,SCSCF,R:SCSCF,MTAS,R:SCSCF,PCSCF,R:GTW,SCSCF,I-200:SCSCF,MTAS,I-200:SCSCF,PCSCF,I-200:PCSCF,SCSCF,A:SCSCF,MTAS,A:MTAS,SCSCF,A:SCSCF,GTW,A:GTW,SCSCF,B:MTAS,SCSCF,B:SCSCF,PCSCF,B:PCSCF,SCSCF,B-200:SCSCF,MTAS,B-200:SCSCF,GTW,B-200"
510,510,0,0,107,-0.9032008526288051,-0.9026560284260287,53,0,"PCSCF,SCSCF,I:SCSCF,PCSCF,T:SCSCF,PCSCF,I-407:PCSCF,SCSCF,A:PCSCF,SCSCF,I:SCSCF,PCSCF,T:SCSCF,ASLI,I:ASLI,SCSCF,T:ASLI,SCSCF,I-500:SCSCF,ASLI,A:MTAS,SCSCF,I:SCSCF,MTAS,T:SCSCF,GTW,I:GTW,SCSCF,T:GTW,SCSCF,S:SCSCF,MTAS,S:SCSCF,PCSCF,S:PCSCF,SCSCF,P:MTAS,SCSCF,P:SCSCF,GTW,P:GTW,SCSCF,P-200:GTW,SCSCF,S:SCSCF,MTAS,S:SCSCF,MTAS,P-200:SCSCF,PCSCF,P-200:SCSCF,PCSCF,S:PCSCF,SCSCF,P:MTAS,SCSCF,P:SCSCF,GTW,P:GTW,SCSCF,P-200:SCSCF,MTAS,P-200:SCSCF,PCSCF,P-200:GTW,SCSCF,R:SCSCF,MTAS,R:SCSCF,PCSCF,R:PCSCF,SCSCF,P:MTAS,SCSCF,P:SCSCF,GTW,P:GTW,SCSCF,P-200:SCSCF,MTAS,P-200:SCSCF,PCSCF,P-200:GTW,SCSCF,S:SCSCF,MTAS,S:SCSCF,PCSCF,S:PCSCF,SCSCF,P:MTAS,SCSCF,P:SCSCF,GTW,P:GTW,SCSCF,P-200:SCSCF,MTAS,P-200:SCSCF,PCSCF,P-200:GTW,SCSCF,S:SCSCF,MTAS,S:SCSCF,PCSCF,S:PCSCF,SCSCF,P:MTAS,SCSCF,P:SCSCF,GTW,P:GTW,SCSCF,P-200:SCSCF,MTAS,P-200:SCSCF,PCSCF,P-200:GTW,SCSCF,S:SCSCF,MTAS,S:SCSCF,PCSCF,S:PCSCF,SCSCF,P:MTAS,SCSCF,P:SCSCF,GTW,P:GTW,SCSCF,P-200:SCSCF,MTAS,P-200:SCSCF,PCSCF,P-200:GTW,SCSCF,I-200:SCSCF,MTAS,I-200:SCSCF,PCSCF,I-200:PCSCF,SCSCF,A:SCSCF,MTAS,A:MTAS,SCSCF,A:SCSCF,GTW,A:PCSCF,SCSCF,B:MTAS,SCSCF,B:SCSCF,GTW,B:GTW,SCSCF,B-200:SCSCF,MTAS,B-200:SCSCF,PCSCF,B-200"
511,511,0,0,66,-0.9552156145479423,-0.9078479673532445,53,0,"PCSCF,SCSCF,I:SCSCF,PCSCF,T:SCSCF,ASLI,I:ASLI,SCSCF,T:ASLI,SCSCF,I-500:SCSCF,ASLI,A:MTAS,SCSCF,I:SCSCF,MTAS,T:SCSCF,GTW,I:GTW,SCSCF,T:GTW,SCSCF,R:SCSCF,MTAS,R:SCSCF,PCSCF,R:PCSCF,SCSCF,P:MTAS,SCSCF,P:SCSCF,GTW,P:GTW,SCSCF,P-200:SCSCF,MTAS,P-200:SCSCF,PCSCF,P-200:GTW,SCSCF,S:SCSCF,MTAS,S:SCSCF,PCSCF,S:PCSCF,SCSCF,P:MTAS,SCSCF,P:SCSCF,GTW,P:GTW,SCSCF,P-200:SCSCF,MTAS,P-200:SCSCF,PCSCF,P-200:GTW,SCSCF,S:SCSCF,MTAS,S:SCSCF,PCSCF,S:PCSCF,SCSCF,P:MTAS,SCSCF,P:SCSCF,GTW,P:GTW,SCSCF,P-200:SCSCF,MTAS,P-200:GTW,SCSCF,I-200:SCSCF,PCSCF,P-200:SCSCF,MTAS,I-200:SCSCF,PCSCF,I-200:PCSCF,SCSCF,A:SCSCF,MTAS,A:MTAS,SCSCF,A:SCSCF,GTW,A:PCSCF,SCSCF,B:MTAS,SCSCF,B:SCSCF,GTW,B:GTW,SCSCF,B-200:SCSCF,MTAS,B-200:SCSCF,PCSCF,B-200"
512,512,0,0,63,-0.7759404937516476,-0.7663712387665546,60,0,"PCSCF,SCSCF,I:SCSCF,PCSCF,T:SCSCF,ASLI,I:ASLI,SCSCF,T:ASLI,SCSCF,I-500:SCSCF,ASLI,A:MTAS,SCSCF,I:SCSCF,MTAS,T:SCSCF,GTW,I:GTW,SCSCF,T:GTW,SCSCF,S:SCSCF,MTAS,S:SCSCF,PCSCF,S:PCSCF,SCSCF,P:SCSCF,MTAS,P:MTAS,SCSCF,P:SCSCF,GTW,P:GTW,SCSCF,P-200:SCSCF,MTAS,P-200:MTAS,SCSCF,P-200:SCSCF,PCSCF,P-200:GTW,SCSCF,S:SCSCF,MTAS,S:SCSCF,PCSCF,S:PCSCF,SCSCF,P:SCSCF,MTAS,P:MTAS,SCSCF,P:SCSCF,GTW,P:GTW,SCSCF,P-200:SCSCF,MTAS,P-200:MTAS,SCSCF,P-200:SCSCF,PCSCF,P-200:GTW,SCSCF,R:SCSCF,MTAS,R:SCSCF,PCSCF,R:GTW,SCSCF,I-200:SCSCF,MTAS,I-200:SCSCF,PCSCF,I-200:PCSCF,SCSCF,A:SCSCF,MTAS,A:MTAS,SCSCF,A:SCSCF,GTW,A:GTW,SCSCF,B:MTAS,SCSCF,B:SCSCF,PCSCF,B:PCSCF,SCSCF,B-200:SCSCF,MTAS,B-200:SCSCF,GTW,B-200"
513,513,0,0,53,-0.6826635520312176,-0.6577884773507302,323,0,"GTW,ICSCF,I:ICSCF,GTW,T:SCSCF,ASLI,I:ASLI,SCSCF,T:ASLI,SCSCF,I-500:SCSCF,ASLI,A:SCSCF,MTAS,I:MTAS,SCSCF,T:MTAS,SCSCF,I:SCSCF,MTAS,T:SCSCF,PCSCF,I:PCSCF,SCSCF,T:PCSCF,SCSCF,R:SCSCF,MTAS,R:MTAS,SCSCF,R:ICSCF,GTW,R:GTW,SCSCF,P:SCSCF,MTAS,P:MTAS,SCSCF,P:SCSCF,PCSCF,P:PCSCF,SCSCF,P-200:SCSCF,MTAS,P-200:MTAS,SCSCF,P-200:SCSCF,GTW,P-200:GTW,ICSCF,C:ICSCF,GTW,C-200:SCSCF,MTAS,C:MTAS,SCSCF,C-200:MTAS,SCSCF,C:SCSCF,MTAS,C-200:SCSCF,PCSCF,C:PCSCF,SCSCF,C-200:PCSCF,SCSCF,I-487:SCSCF,PCSCF,A:SCSCF,MTAS,I-487:MTAS,SCSCF,A:ICSCF,GTW,I-487:MTAS,SCSCF,I-487:SCSCF,MTAS,A:GTW,ICSCF,A"
514,514,0,0,70,-0.7324007760079114,-0.7319731076297008,76,0,"PCSCF,SCSCF,I:SCSCF,ASLI,I:ASLI,SCSCF,T:ASLI,SCSCF,I-500:SCSCF,ASLI,A:SCSCF,PCSCF,T:MTAS,SCSCF,I:SCSCF,MTAS,T:SCSCF,ASLI,I:ASLI,SCSCF,T:ASLI,SCSCF,I-500:SCSCF,ASLI,A:SCSCF,MTAS,I:MTAS,SCSCF,T:MTAS,SCSCF,I:SCSCF,MTAS,T:SCSCF,PCSCF,I:PCSCF,SCSCF,T:PCSCF,SCSCF,R:SCSCF,MTAS,R:MTAS,SCSCF,R:SCSCF,MTAS,R:SCSCF,PCSCF,R:PCSCF,SCSCF,P:MTAS,SCSCF,P:SCSCF,MTAS,P:MTAS,SCSCF,P:SCSCF,PCSCF,P:PCSCF,SCSCF,P-200:SCSCF,MTAS,P-200:MTAS,SCSCF,P-200:SCSCF,MTAS,P-200:SCSCF,PCSCF,P-200:PCSCF,SCSCF,C:MTAS,SCSCF,C:SCSCF,MTAS,C-200:SCSCF,PCSCF,C-200:SCSCF,MTAS,C:MTAS,SCSCF,C-200:MTAS,SCSCF,C:SCSCF,MTAS,C-200:SCSCF,PCSCF,C:PCSCF,SCSCF,C-200:PCSCF,SCSCF,I-487:SCSCF,PCSCF,A:SCSCF,MTAS,I-487:MTAS,SCSCF,A:MTAS,SCSCF,I-487:SCSCF,MTAS,A:SCSCF,MTAS,I-487:MTAS,SCSCF,A:SCSCF,PCSCF,I-487:PCSCF,SCSCF,A"
515,515,0,0,50,-0.7969696679845345,-0.7965182939985097,24,0,"PCSCF,SCSCF,I:SCSCF,PCSCF,T:SCSCF,PCSCF,I-407:PCSCF,SCSCF,A:PCSCF,SCSCF,I:SCSCF,ASLI,I:SCSCF,PCSCF,T:ASLI,SCSCF,T:ASLI,SCSCF,I-500:SCSCF,ASLI,A:MTAS,SCSCF,I:SCSCF,MTAS,T:SCSCF,GTW,I:GTW,SCSCF,T:GTW,SCSCF,R:SCSCF,MTAS,R:SCSCF,PCSCF,R:PCSCF,SCSCF,P:SCSCF,MTAS,P:MTAS,SCSCF,P:SCSCF,GTW,P:GTW,SCSCF,P-200:SCSCF,MTAS,P-200:MTAS,SCSCF,P-200:SCSCF,PCSCF,P-200:GTW,SCSCF,I-200:SCSCF,MTAS,I-200:SCSCF,PCSCF,I-200:PCSCF,SCSCF,A:SCSCF,MTAS,A:MTAS,SCSCF,A:SCSCF,GTW,A:GTW,SCSCF,B:MTAS,SCSCF,B:SCSCF,PCSCF,B:PCSCF,SCSCF,B-200:SCSCF,MTAS,B-200:SCSCF,GTW,B-200"
516,516,0,0,72,-0.6777835552223943,-0.6532246226521236,11,0,"PCSCF,SCSCF,I:SCSCF,PCSCF,T:SCSCF,PCSCF,I-407:PCSCF,SCSCF,A:PCSCF,SCSCF,I:SCSCF,PCSCF,T:SCSCF,ASLI,I:ASLI,SCSCF,T:ASLI,SCSCF,I-500:SCSCF,ASLI,A:MTAS,SCSCF,I:SCSCF,MTAS,T:SCSCF,ASLI,I:ASLI,SCSCF,T:ASLI,SCSCF,I-500:SCSCF,MTAS,I:MTAS,SCSCF,T:MTAS,SCSCF,I:SCSCF,MTAS,T:SCSCF,PCSCF,I:PCSCF,SCSCF,T:SCSCF,ASLI,A:PCSCF,SCSCF,R:SCSCF,MTAS,R:MTAS,SCSCF,R:SCSCF,MTAS,R:SCSCF,PCSCF,R:PCSCF,SCSCF,P:MTAS,SCSCF,P:SCSCF,MTAS,P:MTAS,SCSCF,P:SCSCF,PCSCF,P:PCSCF,SCSCF,P-200:SCSCF,MTAS,P-200:MTAS,SCSCF,P-200:SCSCF,MTAS,P-200:SCSCF,PCSCF,P-200:PCSCF,SCSCF,I-200:SCSCF,MTAS,I-200:MTAS,SCSCF,I-200:SCSCF,MTAS,I-200:SCSCF,PCSCF,I-200:PCSCF,SCSCF,A:MTAS,SCSCF,A:SCSCF,MTAS,A:MTAS,SCSCF,A:SCSCF,PCSCF,A:PCSCF,SCSCF,B:SCSCF,MTAS,B:MTAS,SCSCF,B:SCSCF,PCSCF,B:PCSCF,SCSCF,B-200:SCSCF,MTAS,B-200:MTAS,SCSCF,B-200:SCSCF,PCSCF,B-200"
517,517,0,0,89,-0.9025690630341979,-0.8599627997518596,28,0,"PCSCF,SCSCF,I:SCSCF,ASLI,I:SCSCF,PCSCF,T:ASLI,SCSCF,T:ASLI,SCSCF,I-500:SCSCF,ASLI,A:MTAS,SCSCF,I:SCSCF,MTAS,T:SCSCF,GTW,I:GTW,SCSCF,T:GTW,SCSCF,S:SCSCF,MTAS,S:SCSCF,PCSCF,S:PCSCF,SCSCF,P:SCSCF,MTAS,P:MTAS,SCSCF,P:SCSCF,GTW,P:GTW,SCSCF,P-200:SCSCF,MTAS,P-200:MTAS,SCSCF,P-200:SCSCF,PCSCF,P-200:GTW,SCSCF,R:SCSCF,MTAS,R:SCSCF,PCSCF,R:PCSCF,SCSCF,P:SCSCF,MTAS,P:MTAS,SCSCF,P:SCSCF,GTW,P:GTW,SCSCF,P-200:SCSCF,MTAS,P-200:MTAS,SCSCF,P-200:SCSCF,PCSCF,P-200:GTW,SCSCF,S:SCSCF,MTAS,S:SCSCF,PCSCF,S:PCSCF,SCSCF,P:SCSCF,MTAS,P:MTAS,SCSCF,P:SCSCF,GTW,P:GTW,SCSCF,P-200:SCSCF,MTAS,P-200:MTAS,SCSCF,P-200:SCSCF,PCSCF,P-200:GTW,SCSCF,S:SCSCF,MTAS,S:SCSCF,PCSCF,S:PCSCF,SCSCF,P:SCSCF,MTAS,P:MTAS,SCSCF,P:SCSCF,GTW,P:GTW,SCSCF,P-200:SCSCF,MTAS,P-200:MTAS,SCSCF,P-200:SCSCF,PCSCF,P-200:PCSCF,SCSCF,C:SCSCF,PCSCF,C-200:MTAS,SCSCF,C:SCSCF,MTAS,C-200:SCSCF,GTW,C:GTW,SCSCF,C-200:GTW,SCSCF,I-487:SCSCF,GTW,A:SCSCF,MTAS,I-487:MTAS,SCSCF,A:SCSCF,PCSCF,I-487:PCSCF,SCSCF,A"
518,518,0,0,71,-0.903393731181185,-0.8565818942378467,28,0,"GTW,ICSCF,I:ICSCF,GTW,T:SCSCF,ASLI,I:ASLI,SCSCF,T:ASLI,SCSCF,I-500:SCSCF,MTAS,I:MTAS,SCSCF,T:MTAS,SCSCF,W:ICSCF,GTW,W:MTAS,SCSCF,I:SCSCF,MTAS,T:SCSCF,ASLI,A:SCSCF,GTW,I:GTW,SCSCF,T:GTW,SCSCF,S:SCSCF,MTAS,S:MTAS,SCSCF,S:ICSCF,GTW,S:GTW,SCSCF,P:SCSCF,MTAS,P:MTAS,SCSCF,P:SCSCF,GTW,P:GTW,SCSCF,P-200:SCSCF,MTAS,P-200:MTAS,SCSCF,P-200:SCSCF,GTW,P-200:GTW,SCSCF,R:SCSCF,MTAS,R:MTAS,SCSCF,R:ICSCF,GTW,R:GTW,SCSCF,P:SCSCF,MTAS,P:MTAS,SCSCF,P:SCSCF,GTW,P:GTW,SCSCF,P-200:SCSCF,MTAS,P-200:MTAS,SCSCF,P-200:SCSCF,GTW,P-200:GTW,ICSCF,C:ICSCF,GTW,C-200:SCSCF,MTAS,C:MTAS,SCSCF,C-200:MTAS,SCSCF,C:SCSCF,MTAS,C-200:SCSCF,GTW,C:GTW,SCSCF,C-200:GTW,SCSCF,I-487:SCSCF,GTW,A:MTAS,SCSCF,I-487:SCSCF,MTAS,A:ICSCF,GTW,I-487:GTW,ICSCF,A:SCSCF,MTAS,I-487:MTAS,SCSCF,A"
519,519,0,0,70,-1.0491733653406117,-0.9823697332969955,28,0,"PCSCF,SCSCF,I:SCSCF,PCSCF,T:SCSCF,PCSCF,I-407:PCSCF,SCSCF,A:PCSCF,SCSCF,I:SCSCF,PCSCF,T:SCSCF,ASLI,I:ASLI,SCSCF,T:ASLI,SCSCF,I-500:SCSCF,ASLI,A:MTAS,SCSCF,I:SCSCF,MTAS,T:SCSCF,GTW,I:GTW,SCSCF,T:GTW,SCSCF,S:SCSCF,MTAS,S:SCSCF,PCSCF,S:PCSCF,SCSCF,P:MTAS,SCSCF,P:SCSCF,GTW,P:GTW,SCSCF,P-200:GTW,SCSCF,S:SCSCF,MTAS,P-200:SCSCF,MTAS,S:SCSCF,PCSCF,P-200:SCSCF,PCSCF,S:PCSCF,SCSCF,P:MTAS,SCSCF,P:SCSCF,GTW,P:GTW,SCSCF,P-200:SCSCF,MTAS,P-200:SCSCF,PCSCF,P-200:GTW,SCSCF,R:SCSCF,MTAS,R:SCSCF,PCSCF,R:PCSCF,SCSCF,P:MTAS,SCSCF,P:SCSCF,GTW,P:GTW,SCSCF,P-200:SCSCF,MTAS,P-200:SCSCF,PCSCF,P-200:PCSCF,SCSCF,C:SCSCF,PCSCF,C-200:MTAS,SCSCF,C:SCSCF,MTAS,C-200:SCSCF,GTW,C:GTW,SCSCF,C-200:GTW,SCSCF,I-487:SCSCF,GTW,A:SCSCF,MTAS,I-487:MTAS,SCSCF,A:SCSCF,PCSCF,I-487:PCSCF,SCSCF,A"
520,520,0,0,50,-1.154075944030425,-1.1231593245250513,1,0,"PCSCF,SCSCF,I:SCSCF,PCSCF,T:SCSCF,PCSCF,I-407:PCSCF,SCSCF,A:PCSCF,SCSCF,I:SCSCF,ASLI,I:ASLI,SCSCF,T:SCSCF,PCSCF,T:ASLI,SCSCF,I-500:SCSCF,ASLI,A:MTAS,SCSCF,I:SCSCF,MTAS,T:SCSCF,GTW,I:GTW,SCSCF,T:GTW,SCSCF,I-200:SCSCF,MTAS,I-200:SCSCF,PCSCF,I-200:PCSCF,SCSCF,A:SCSCF,MTAS,A:MTAS,SCSCF,A:SCSCF,GTW,A:MTAS,SCSCF,U:SCSCF,GTW,U:GTW,SCSCF,U-200:SCSCF,MTAS,U-200:MTAS,SCSCF,U:SCSCF,PCSCF,U:PCSCF,SCSCF,U-200:SCSCF,MTAS,U-200:PCSCF,SCSCF,B:SCSCF,MTAS,B:MTAS,SCSCF,B:SCSCF,GTW,B:GTW,SCSCF,B-200:SCSCF,MTAS,B-200:MTAS,SCSCF,B-200:SCSCF,PCSCF,B-200"
521,521,0,0,84,-0.8835231095652366,-0.883172848069462,104,0,"PCSCF,SCSCF,I:SCSCF,PCSCF,T:SCSCF,PCSCF,I-407:PCSCF,SCSCF,A:PCSCF,SCSCF,I:SCSCF,PCSCF,T:SCSCF,ASLI,I:ASLI,SCSCF,T:ASLI,SCSCF,I-500:SCSCF,ASLI,A:MTAS,SCSCF,I:SCSCF,MTAS,T:SCSCF,GTW,I:GTW,SCSCF,T:GTW,SCSCF,S:SCSCF,MTAS,S:SCSCF,PCSCF,S:PCSCF,SCSCF,P:SCSCF,MTAS,P:MTAS,SCSCF,P:SCSCF,GTW,P:GTW,SCSCF,P-200:GTW,SCSCF,R:SCSCF,MTAS,R:SCSCF,MTAS,P-200:MTAS,SCSCF,P-200:SCSCF,PCSCF,R:SCSCF,PCSCF,P-200:PCSCF,SCSCF,P:SCSCF,MTAS,P:MTAS,SCSCF,P:SCSCF,GTW,P:GTW,SCSCF,P-200:SCSCF,MTAS,P-200:MTAS,SCSCF,P-200:SCSCF,PCSCF,P-200:GTW,SCSCF,I-200:SCSCF,MTAS,I-200:SCSCF,PCSCF,I-200:PCSCF,SCSCF,A:SCSCF,MTAS,A:MTAS,SCSCF,A:SCSCF,GTW,A:PCSCF,SCSCF,I:SCSCF,PCSCF,T:MTAS,SCSCF,I:SCSCF,MTAS,T:SCSCF,GTW,I:GTW,SCSCF,T:GTW,SCSCF,I-200:SCSCF,MTAS,I-200:SCSCF,PCSCF,I-200:PCSCF,SCSCF,A:SCSCF,MTAS,A:MTAS,SCSCF,A:SCSCF,GTW,A:PCSCF,SCSCF,B:SCSCF,MTAS,B:MTAS,SCSCF,B:SCSCF,GTW,B:GTW,SCSCF,B-200:SCSCF,MTAS,B-200:MTAS,SCSCF,B-200:SCSCF,PCSCF,B-200"
522,522,0,0,82,-0.6256763001165601,-0.594507844060562,59,0,"PCSCF,SCSCF,I:SCSCF,PCSCF,T:SCSCF,ASLI,I:ASLI,SCSCF,T:ASLI,SCSCF,I-500:SCSCF,ASLI,A:MTAS,SCSCF,I:SCSCF,MTAS,T:SCSCF,ASLI,I:ASLI,SCSCF,T:ASLI,SCSCF,I-500:SCSCF,ASLI,A:SCSCF,MTAS,I:MTAS,SCSCF,T:MTAS,SCSCF,I:SCSCF,MTAS,T:SCSCF,PCSCF,I:PCSCF,SCSCF,T:PCSCF,SCSCF,R:SCSCF,MTAS,R:MTAS,SCSCF,R:SCSCF,MTAS,R:SCSCF,PCSCF,R:PCSCF,SCSCF,P:MTAS,SCSCF,P:SCSCF,MTAS,P:MTAS,SCSCF,P:SCSCF,PCSCF,P:PCSCF,SCSCF,P-200:SCSCF,MTAS,P-200:MTAS,SCSCF,P-200:SCSCF,MTAS,P-200:SCSCF,PCSCF,P-200:MTAS,SCSCF,I-200:PCSCF,SCSCF,I-200:SCSCF,MTAS,I-200:SCSCF,PCSCF,I-200:PCSCF,SCSCF,A:MTAS,SCSCF,A:SCSCF,MTAS,A:MTAS,SCSCF,A:SCSCF,PCSCF,A:MTAS,SCSCF,U:SCSCF,PCSCF,U:PCSCF,SCSCF,U-200:SCSCF,MTAS,U-200:MTAS,SCSCF,U:SCSCF,MTAS,U-200:SCSCF,PCSCF,U:PCSCF,SCSCF,U-200:SCSCF,MTAS,U-200:PCSCF,SCSCF,B:MTAS,SCSCF,B:SCSCF,MTAS,B:MTAS,SCSCF,B:SCSCF,PCSCF,B:PCSCF,SCSCF,B-200:SCSCF,MTAS,B-200:MTAS,SCSCF,B-200:SCSCF,MTAS,B-200:SCSCF,PCSCF,B-200"
523,523,0,0,107,-1.0988629383083495,-1.0521267784450756,5,0,"PCSCF,SCSCF,I:SCSCF,PCSCF,T:SCSCF,PCSCF,I-407:PCSCF,SCSCF,A:PCSCF,SCSCF,I:SCSCF,PCSCF,T:SCSCF,ASLI,I:ASLI,SCSCF,T:ASLI,SCSCF,I-500:SCSCF,ASLI,A:MTAS,SCSCF,I:SCSCF,MTAS,T:SCSCF,GTW,I:GTW,SCSCF,T:GTW,SCSCF,S:SCSCF,MTAS,S:SCSCF,PCSCF,S:PCSCF,SCSCF,P:MTAS,SCSCF,P:SCSCF,GTW,P:GTW,SCSCF,P-200:GTW,SCSCF,S:SCSCF,MTAS,S:SCSCF,MTAS,P-200:SCSCF,PCSCF,P-200:SCSCF,PCSCF,S:PCSCF,SCSCF,P:MTAS,SCSCF,P:SCSCF,GTW,P:GTW,SCSCF,P-200:GTW,SCSCF,R:SCSCF,MTAS,P-200:SCSCF,MTAS,R:SCSCF,PCSCF,P-200:SCSCF,PCSCF,R:PCSCF,SCSCF,P:MTAS,SCSCF,P:SCSCF,GTW,P:GTW,SCSCF,P-200:SCSCF,MTAS,P-200:SCSCF,PCSCF,P-200:GTW,SCSCF,S:SCSCF,MTAS,S:SCSCF,PCSCF,S:PCSCF,SCSCF,P:MTAS,SCSCF,P:SCSCF,GTW,P:GTW,SCSCF,P-200:SCSCF,MTAS,P-200:SCSCF,PCSCF,P-200:GTW,SCSCF,S:SCSCF,MTAS,S:SCSCF,PCSCF,S:PCSCF,SCSCF,P:MTAS,SCSCF,P:SCSCF,GTW,P:GTW,SCSCF,P-200:SCSCF,MTAS,P-200:SCSCF,PCSCF,P-200:GTW,SCSCF,S:SCSCF,MTAS,S:SCSCF,PCSCF,S:PCSCF,SCSCF,P:MTAS,SCSCF,P:SCSCF,GTW,P:GTW,SCSCF,P-200:SCSCF,MTAS,P-200:SCSCF,PCSCF,P-200:GTW,SCSCF,I-200:SCSCF,MTAS,I-200:SCSCF,PCSCF,I-200:PCSCF,SCSCF,A:SCSCF,MTAS,A:MTAS,SCSCF,A:SCSCF,GTW,A:PCSCF,SCSCF,B:MTAS,SCSCF,B:SCSCF,GTW,B:GTW,SCSCF,B-200:SCSCF,MTAS,B-200:SCSCF,PCSCF,B-200"
524,524,0,0,53,-0.36705100684479475,-0.3669834238881995,5,0,"GTW,ICSCF,I:ICSCF,GTW,T:SCSCF,ASLI,I:ASLI,SCSCF,T:ASLI,SCSCF,I-500:SCSCF,ASLI,A:SCSCF,MTAS,I:MTAS,SCSCF,T:MTAS,SCSCF,I:SCSCF,MTAS,T:SCSCF,PCSCF,I:PCSCF,SCSCF,T:PCSCF,SCSCF,R:SCSCF,MTAS,R:MTAS,SCSCF,R:ICSCF,GTW,R:GTW,SCSCF,P:SCSCF,MTAS,P:MTAS,SCSCF,P:SCSCF,PCSCF,P:PCSCF,SCSCF,P-200:SCSCF,MTAS,P-200:MTAS,SCSCF,P-200:SCSCF,GTW,P-200:PCSCF,SCSCF,I-200:SCSCF,MTAS,I-200:MTAS,SCSCF,I-200:ICSCF,GTW,I-200:GTW,SCSCF,A:SCSCF,MTAS,A:MTAS,SCSCF,A:SCSCF,PCSCF,A:GTW,SCSCF,B:SCSCF,MTAS,B:MTAS,SCSCF,B:SCSCF,PCSCF,B:MTAS,SCSCF,B-200:SCSCF,GTW,B-200:PCSCF,SCSCF,B-200:SCSCF,MTAS,B-200"
525,525,0,0,60,-0.6402394419990904,-0.6386251472750891,113,0,"PCSCF,SCSCF,I:SCSCF,PCSCF,T:SCSCF,ASLI,I:ASLI,SCSCF,T:ASLI,SCSCF,I-500:SCSCF,ASLI,A:MTAS,SCSCF,I:SCSCF,MTAS,T:SCSCF,GTW,I:GTW,SCSCF,T:GTW,SCSCF,R:SCSCF,MTAS,R:SCSCF,PCSCF,R:PCSCF,SCSCF,P:SCSCF,MTAS,P:MTAS,SCSCF,P:SCSCF,GTW,P:GTW,SCSCF,P-200:SCSCF,MTAS,P-200:MTAS,SCSCF,P-200:SCSCF,PCSCF,P-200:GTW,SCSCF,I-200:SCSCF,MTAS,I-200:SCSCF,PCSCF,I-200:PCSCF,SCSCF,A:SCSCF,MTAS,A:MTAS,SCSCF,A:SCSCF,GTW,A:MTAS,SCSCF,U:SCSCF,GTW,U:GTW,SCSCF,U-200:SCSCF,MTAS,U-200:MTAS,SCSCF,U:SCSCF,PCSCF,U:PCSCF,SCSCF,U-200:SCSCF,MTAS,U-200:PCSCF,SCSCF,B:SCSCF,MTAS,B:MTAS,SCSCF,B:SCSCF,GTW,B:GTW,SCSCF,B-200:SCSCF,MTAS,B-200:MTAS,SCSCF,B-200:SCSCF,PCSCF,B-200"
526,526,0,0,77,-1.0192800847351777,-0.9767515415667802,59,0,"PCSCF,SCSCF,I:SCSCF,ASLI,I:SCSCF,PCSCF,T:ASLI,SCSCF,T:ASLI,SCSCF,I-500:SCSCF,ASLI,A:MTAS,SCSCF,I:SCSCF,MTAS,T:SCSCF,GTW,I:GTW,SCSCF,T:GTW,SCSCF,S:SCSCF,MTAS,S:SCSCF,PCSCF,S:PCSCF,SCSCF,P:MTAS,SCSCF,P:SCSCF,GTW,P:GTW,SCSCF,P-200:SCSCF,MTAS,P-200:SCSCF,PCSCF,P-200:GTW,SCSCF,S:SCSCF,MTAS,S:SCSCF,PCSCF,S:PCSCF,SCSCF,P:MTAS,SCSCF,P:SCSCF,GTW,P:GTW,SCSCF,P-200:SCSCF,MTAS,P-200:SCSCF,PCSCF,P-200:GTW,SCSCF,I-200:SCSCF,MTAS,I-200:SCSCF,PCSCF,I-200:PCSCF,SCSCF,A:SCSCF,MTAS,A:MTAS,SCSCF,A:SCSCF,GTW,A:MTAS,SCSCF,U:SCSCF,GTW,U:GTW,SCSCF,U-200:SCSCF,PCSCF,U:SCSCF,MTAS,U-200:PCSCF,SCSCF,U-200:SCSCF,MTAS,U-200:MTAS,SCSCF,U:SCSCF,GTW,U:GTW,SCSCF,U-200:SCSCF,MTAS,U-200:MTAS,SCSCF,U:SCSCF,PCSCF,U:PCSCF,SCSCF,U-200:SCSCF,MTAS,U-200:GTW,SCSCF,B:MTAS,SCSCF,B:SCSCF,PCSCF,B:PCSCF,SCSCF,B-200:SCSCF,MTAS,B-200:SCSCF,GTW,B-200"
527,527,0,0,63,-0.6022124513410427,-0.5924565804876163,60,0,"PCSCF,SCSCF,I:SCSCF,PCSCF,T:SCSCF,ASLI,I:ASLI,SCSCF,T:ASLI,SCSCF,I-500:SCSCF,ASLI,A:MTAS,SCSCF,I:SCSCF,MTAS,T:SCSCF,GTW,I:GTW,SCSCF,T:GTW,SCSCF,S:SCSCF,MTAS,S:SCSCF,PCSCF,S:PCSCF,SCSCF,P:SCSCF,MTAS,P:MTAS,SCSCF,P:SCSCF,GTW,P:GTW,SCSCF,P-200:SCSCF,MTAS,P-200:SCSCF,PCSCF,P-200:MTAS,SCSCF,P-200:GTW,SCSCF,R:SCSCF,MTAS,R:SCSCF,PCSCF,R:PCSCF,SCSCF,P:SCSCF,MTAS,P:MTAS,SCSCF,P:SCSCF,GTW,P:GTW,SCSCF,P-200:SCSCF,MTAS,P-200:MTAS,SCSCF,P-200:SCSCF,PCSCF,P-200:GTW,SCSCF,I-200:SCSCF,MTAS,I-200:SCSCF,PCSCF,I-200:PCSCF,SCSCF,A:SCSCF,MTAS,A:MTAS,SCSCF,A:SCSCF,GTW,A:PCSCF,SCSCF,B:SCSCF,MTAS,B:MTAS,SCSCF,B:SCSCF,GTW,B:GTW,SCSCF,B-200:SCSCF,MTAS,B-200:MTAS,SCSCF,B-200:SCSCF,PCSCF,B-200"
528,528,0,0,44,-0.8526418578164545,-0.819477665075576,0,0,"PCSCF,SCSCF,I:SCSCF,PCSCF,T:SCSCF,ASLI,I:ASLI,SCSCF,T:ASLI,SCSCF,I-500:MTAS,SCSCF,I:SCSCF,MTAS,T:SCSCF,ASLI,A:SCSCF,GTW,I:GTW,SCSCF,T:GTW,SCSCF,R:SCSCF,MTAS,R:SCSCF,PCSCF,R:GTW,SCSCF,R:SCSCF,MTAS,R:PCSCF,SCSCF,P:MTAS,SCSCF,P:SCSCF,GTW,P:GTW,SCSCF,P-200:SCSCF,MTAS,P-200:SCSCF,PCSCF,P-200:GTW,SCSCF,I-200:SCSCF,MTAS,I-200:SCSCF,PCSCF,I-200:PCSCF,SCSCF,A:SCSCF,MTAS,A:MTAS,SCSCF,A:SCSCF,GTW,A:PCSCF,SCSCF,B:MTAS,SCSCF,B:SCSCF,GTW,B:GTW,SCSCF,B-200:SCSCF,MTAS,B-200:SCSCF,PCSCF,B-200"
529,529,0,0,88,-0.6596258447957225,-0.6374930750462829,59,0,"GTW,ICSCF,I:ICSCF,GTW,T:SCSCF,ASLI,I:ASLI,SCSCF,T:ASLI,SCSCF,I-500:SCSCF,ASLI,A:SCSCF,MTAS,I:MTAS,SCSCF,T:MTAS,SCSCF,I:SCSCF,MTAS,T:SCSCF,PCSCF,I:PCSCF,SCSCF,T:PCSCF,SCSCF,R:SCSCF,MTAS,R:MTAS,SCSCF,R:ICSCF,GTW,R:GTW,SCSCF,P:SCSCF,MTAS,P:MTAS,SCSCF,P:SCSCF,PCSCF,P:PCSCF,SCSCF,P-200:SCSCF,MTAS,P-200:MTAS,SCSCF,P-200:SCSCF,GTW,P-200:PCSCF,SCSCF,I-200:SCSCF,MTAS,I-200:MTAS,SCSCF,I-200:ICSCF,GTW,I-200:GTW,SCSCF,A:SCSCF,MTAS,A:MTAS,SCSCF,A:SCSCF,PCSCF,A:MTAS,SCSCF,U:SCSCF,PCSCF,U:SCSCF,GTW,U:GTW,SCSCF,U-200:SCSCF,MTAS,U-200:PCSCF,SCSCF,U-200:SCSCF,MTAS,U-200:MTAS,SCSCF,U:SCSCF,GTW,U:GTW,SCSCF,U-200:SCSCF,MTAS,U-200:MTAS,SCSCF,U:SCSCF,PCSCF,U:PCSCF,SCSCF,U-200:SCSCF,MTAS,U-200:MTAS,SCSCF,U:SCSCF,GTW,U:GTW,SCSCF,U-200:SCSCF,MTAS,U-200:MTAS,SCSCF,U:SCSCF,PCSCF,U:PCSCF,SCSCF,U-200:SCSCF,MTAS,U-200:PCSCF,SCSCF,B:SCSCF,MTAS,B:MTAS,SCSCF,B:SCSCF,GTW,B:GTW,SCSCF,B-200:SCSCF,MTAS,B-200:MTAS,SCSCF,B-200:SCSCF,PCSCF,B-200"
530,530,0,0,173,-0.7917564282205718,-0.780085136973871,59,0,"PCSCF,SCSCF,I:SCSCF,PCSCF,T:SCSCF,PCSCF,I-407:PCSCF,SCSCF,A:PCSCF,SCSCF,I:SCSCF,ASLI,I:ASLI,SCSCF,T:ASLI,SCSCF,I-500:SCSCF,ASLI,A:MTAS,SCSCF,I:SCSCF,MTAS,T:SCSCF,ASLI,I:ASLI,SCSCF,T:ASLI,SCSCF,I-500:SCSCF,ASLI,A:SCSCF,MTAS,I:MTAS,SCSCF,T:MTAS,SCSCF,I:SCSCF,MTAS,T:SCSCF,PCSCF,T:SCSCF,PCSCF,I:PCSCF,SCSCF,T:PCSCF,SCSCF,R:SCSCF,MTAS,R:MTAS,SCSCF,R:SCSCF,MTAS,R:SCSCF,PCSCF,R:PCSCF,SCSCF,P:MTAS,SCSCF,P:SCSCF,MTAS,P:MTAS,SCSCF,P:SCSCF,PCSCF,P:PCSCF,SCSCF,P-200:SCSCF,MTAS,P-200:MTAS,SCSCF,P-200:SCSCF,MTAS,P-200:SCSCF,PCSCF,P-200:PCSCF,SCSCF,I-200:SCSCF,MTAS,I-200:MTAS,SCSCF,I-200:SCSCF,MTAS,I-200:SCSCF,PCSCF,I-200:PCSCF,SCSCF,I-200:SCSCF,MTAS,I-200:MTAS,SCSCF,I-200:SCSCF,MTAS,I-200:PCSCF,SCSCF,A:MTAS,SCSCF,A:SCSCF,MTAS,A:MTAS,SCSCF,A:SCSCF,PCSCF,A:SCSCF,PCSCF,I-200:PCSCF,SCSCF,A:MTAS,SCSCF,U:SCSCF,PCSCF,U:MTAS,SCSCF,U:SCSCF,MTAS,U-200:PCSCF,SCSCF,U-200:SCSCF,PCSCF,U:SCSCF,MTAS,U-200:PCSCF,SCSCF,U-200:SCSCF,MTAS,U-200:MTAS,SCSCF,U:SCSCF,PCSCF,U:MTAS,SCSCF,U:PCSCF,SCSCF,U-200:SCSCF,MTAS,U-200:MTAS,SCSCF,U:SCSCF,PCSCF,U:PCSCF,SCSCF,U-200:SCSCF,MTAS,U-200:MTAS,SCSCF,U:SCSCF,PCSCF,U:MTAS,SCSCF,U:SCSCF,MTAS,U-200:SCSCF,PCSCF,U:PCSCF,SCSCF,U-200:SCSCF,MTAS,U-200:PCSCF,SCSCF,U-200:SCSCF,MTAS,U-200:MTAS,SCSCF,U:SCSCF,MTAS,U-200:MTAS,SCSCF,U:SCSCF,PCSCF,U:PCSCF,SCSCF,U-200:SCSCF,MTAS,U-200:MTAS,SCSCF,U:SCSCF,PCSCF,U:PCSCF,SCSCF,U-200:SCSCF,MTAS,U-200:MTAS,SCSCF,U:SCSCF,MTAS,U-200:MTAS,SCSCF,U:SCSCF,PCSCF,U:PCSCF,SCSCF,U-200:SCSCF,MTAS,U-200:MTAS,SCSCF,U:SCSCF,PCSCF,U:PCSCF,SCSCF,U-200:SCSCF,MTAS,U-200:MTAS,SCSCF,U:SCSCF,MTAS,U-200:MTAS,SCSCF,U:SCSCF,PCSCF,U:PCSCF,SCSCF,U-200:SCSCF,MTAS,U-200:MTAS,SCSCF,U:SCSCF,PCSCF,U:PCSCF,SCSCF,U-200:SCSCF,MTAS,U-200:PCSCF,SCSCF,B:SCSCF,MTAS,B:MTAS,SCSCF,B:PCSCF,SCSCF,B:MTAS,SCSCF,B:SCSCF,PCSCF,B:SCSCF,PCSCF,B-200:PCSCF,SCSCF,B-200:SCSCF,MTAS,B-200:MTAS,SCSCF,B-200:SCSCF,PCSCF,B-200"
531,531,0,0,65,-0.6130423078040579,-0.6114339363796887,113,0,"GTW,ICSCF,I:ICSCF,GTW,T:SCSCF,ASLI,I:ASLI,SCSCF,T:ASLI,SCSCF,I-500:SCSCF,ASLI,A:SCSCF,MTAS,I:MTAS,SCSCF,T:MTAS,SCSCF,I:SCSCF,MTAS,T:SCSCF,PCSCF,I:PCSCF,SCSCF,T:PCSCF,SCSCF,R:SCSCF,MTAS,R:MTAS,SCSCF,R:ICSCF,GTW,R:GTW,SCSCF,P:SCSCF,MTAS,P:MTAS,SCSCF,P:SCSCF,PCSCF,P:PCSCF,SCSCF,P-200:SCSCF,MTAS,P-200:MTAS,SCSCF,P-200:SCSCF,GTW,P-200:PCSCF,SCSCF,I-200:SCSCF,MTAS,I-200:MTAS,SCSCF,I-200:ICSCF,GTW,I-200:GTW,SCSCF,A:SCSCF,MTAS,A:MTAS,SCSCF,A:SCSCF,PCSCF,A:MTAS,SCSCF,U:SCSCF,PCSCF,U:PCSCF,SCSCF,U-200:SCSCF,MTAS,U-200:MTAS,SCSCF,U:SCSCF,GTW,U:GTW,SCSCF,U-200:SCSCF,MTAS,U-200:GTW,SCSCF,B:SCSCF,MTAS,B:MTAS,SCSCF,B:SCSCF,PCSCF,B:PCSCF,SCSCF,B-200:SCSCF,MTAS,B-200:MTAS,SCSCF,B-200:SCSCF,GTW,B-200"
532,532,0,0,64,-0.7073493959519602,-0.6539649643993788,113,0,"GTW,ICSCF,I:ICSCF,GTW,T:SCSCF,ASLI,I:ASLI,SCSCF,T:ASLI,SCSCF,I-500:SCSCF,MTAS,I:SCSCF,ASLI,A:MTAS,SCSCF,T:MTAS,SCSCF,I:SCSCF,MTAS,T:SCSCF,PCSCF,I:PCSCF,SCSCF,T:PCSCF,SCSCF,R:SCSCF,MTAS,R:MTAS,SCSCF,R:ICSCF,GTW,R:GTW,SCSCF,P:SCSCF,MTAS,P:MTAS,SCSCF,P:SCSCF,PCSCF,P:PCSCF,SCSCF,P-200:SCSCF,MTAS,P-200:MTAS,SCSCF,P-200:SCSCF,GTW,P-200:PCSCF,SCSCF,I-200:SCSCF,MTAS,I-200:MTAS,SCSCF,I-200:ICSCF,GTW,I-200:GTW,SCSCF,A:SCSCF,MTAS,A:MTAS,SCSCF,A:SCSCF,PCSCF,A:MTAS,SCSCF,U:SCSCF,PCSCF,U:SCSCF,GTW,U:GTW,SCSCF,U-200:SCSCF,MTAS,U-200:PCSCF,SCSCF,U-200:SCSCF,MTAS,U-200:GTW,SCSCF,B:SCSCF,MTAS,B:MTAS,SCSCF,B:SCSCF,PCSCF,B:PCSCF,SCSCF,B-200:SCSCF,MTAS,B-200:MTAS,SCSCF,B-200:SCSCF,GTW,B-200"
533,533,0,0,55,-0.8318703150465436,-0.8132270168178928,180,0,"PCSCF,SCSCF,I:SCSCF,PCSCF,T:SCSCF,PCSCF,I-407:PCSCF,SCSCF,A:PCSCF,SCSCF,I:SCSCF,PCSCF,T:SCSCF,ASLI,I:ASLI,SCSCF,T:ASLI,SCSCF,I-500:SCSCF,ASLI,A:MTAS,SCSCF,I:SCSCF,MTAS,T:SCSCF,GTW,I:GTW,SCSCF,T:GTW,SCSCF,S:SCSCF,MTAS,S:SCSCF,PCSCF,S:PCSCF,SCSCF,P:SCSCF,MTAS,P:MTAS,SCSCF,P:SCSCF,GTW,P:GTW,SCSCF,P-200:SCSCF,MTAS,P-200:MTAS,SCSCF,P-200:SCSCF,PCSCF,P-200:GTW,SCSCF,R:SCSCF,MTAS,R:SCSCF,PCSCF,R:PCSCF,SCSCF,P:SCSCF,MTAS,P:MTAS,SCSCF,P:SCSCF,GTW,P:GTW,SCSCF,P-200:SCSCF,MTAS,P-200:MTAS,SCSCF,P-200:SCSCF,PCSCF,P-200:GTW,SCSCF,I-486:SCSCF,GTW,A:SCSCF,MTAS,I-486:MTAS,SCSCF,A:SCSCF,PCSCF,I-486:PCSCF,SCSCF,A"
534,534,0,0,63,-0.9862773140185767,-0.9680277468856666,0,0,"MTAS,ICSCF,I:ICSCF,MTAS,T:SCSCF,ASLI,I:ASLI,SCSCF,T:ASLI,SCSCF,I-500:SCSCF,ASLI,A:SCSCF,ASLI,I:ASLI,SCSCF,T:ASLI,SCSCF,I-500:SCSCF,ASLI,A:SCSCF,MTAS,I:MTAS,SCSCF,T:MTAS,SCSCF,I:SCSCF,MTAS,T:SCSCF,PCSCF,I:PCSCF,SCSCF,T:SCSCF,PCSCF,I:PCSCF,SCSCF,R:SCSCF,MTAS,R:MTAS,SCSCF,R:ICSCF,MTAS,R:MTAS,SCSCF,P:SCSCF,MTAS,P:MTAS,SCSCF,P:PCSCF,SCSCF,T:SCSCF,PCSCF,P:PCSCF,SCSCF,P-200:SCSCF,MTAS,P-200:MTAS,SCSCF,P-200:SCSCF,MTAS,P-200:PCSCF,SCSCF,I-408:SCSCF,PCSCF,A:PCSCF,SCSCF,I-200:SCSCF,MTAS,I-200:MTAS,SCSCF,I-200:ICSCF,MTAS,I-200:MTAS,SCSCF,A:SCSCF,MTAS,A:MTAS,SCSCF,A:SCSCF,PCSCF,A:PCSCF,SCSCF,B:SCSCF,MTAS,B:MTAS,SCSCF,B:SCSCF,MTAS,B:MTAS,SCSCF,B-200:SCSCF,MTAS,B-200:MTAS,SCSCF,B-200:SCSCF,PCSCF,B-200"
535,535,0,0,50,-0.5599364317668761,-0.5592346254307832,24,0,"PCSCF,SCSCF,I:SCSCF,PCSCF,T:SCSCF,PCSCF,I-407:PCSCF,SCSCF,A:PCSCF,SCSCF,I:SCSCF,PCSCF,T:SCSCF,ASLI,I:ASLI,SCSCF,T:ASLI,SCSCF,I-500:SCSCF,ASLI,A:MTAS,SCSCF,I:SCSCF,MTAS,T:SCSCF,GTW,I:GTW,SCSCF,T:GTW,SCSCF,R:SCSCF,MTAS,R:SCSCF,PCSCF,R:PCSCF,SCSCF,P:SCSCF,MTAS,P:MTAS,SCSCF,P:SCSCF,GTW,P:GTW,SCSCF,P-200:SCSCF,MTAS,P-200:MTAS,SCSCF,P-200:SCSCF,PCSCF,P-200:GTW,SCSCF,I-200:SCSCF,MTAS,I-200:SCSCF,PCSCF,I-200:PCSCF,SCSCF,A:SCSCF,MTAS,A:MTAS,SCSCF,A:SCSCF,GTW,A:GTW,SCSCF,B:MTAS,SCSCF,B:SCSCF,PCSCF,B:PCSCF,SCSCF,B-200:SCSCF,MTAS,B-200:SCSCF,GTW,B-200"
536,536,0,0,94,-0.8175272574063299,-0.7776871470030302,59,0,"PCSCF,SCSCF,I:SCSCF,PCSCF,T:SCSCF,PCSCF,I-407:PCSCF,SCSCF,A:PCSCF,SCSCF,I:SCSCF,PCSCF,T:SCSCF,ASLI,I:ASLI,SCSCF,T:ASLI,SCSCF,I-500:SCSCF,ASLI,A:MTAS,SCSCF,I:SCSCF,MTAS,T:SCSCF,GTW,I:GTW,SCSCF,T:GTW,SCSCF,S:SCSCF,MTAS,S:SCSCF,PCSCF,S:PCSCF,SCSCF,P:SCSCF,MTAS,P:MTAS,SCSCF,P:SCSCF,GTW,P:GTW,SCSCF,P-200:SCSCF,MTAS,P-200:MTAS,SCSCF,P-200:SCSCF,PCSCF,P-200:GTW,SCSCF,S:SCSCF,MTAS,S:SCSCF,PCSCF,S:PCSCF,SCSCF,P:SCSCF,MTAS,P:MTAS,SCSCF,P:SCSCF,GTW,P:GTW,SCSCF,P-200:SCSCF,MTAS,P-200:MTAS,SCSCF,P-200:SCSCF,PCSCF,P-200:GTW,SCSCF,R:SCSCF,MTAS,R:SCSCF,PCSCF,R:PCSCF,SCSCF,P:SCSCF,MTAS,P:MTAS,SCSCF,P:SCSCF,GTW,P:GTW,SCSCF,P-200:SCSCF,MTAS,P-200:MTAS,SCSCF,P-200:SCSCF,PCSCF,P-200:GTW,SCSCF,I-200:SCSCF,MTAS,I-200:SCSCF,PCSCF,I-200:PCSCF,SCSCF,A:SCSCF,MTAS,A:MTAS,SCSCF,A:SCSCF,GTW,A:MTAS,SCSCF,U:SCSCF,GTW,U:GTW,SCSCF,U-200:SCSCF,PCSCF,U:SCSCF,MTAS,U-200:PCSCF,SCSCF,U-200:SCSCF,MTAS,U-200:PCSCF,SCSCF,B:SCSCF,MTAS,B:MTAS,SCSCF,B:SCSCF,GTW,B:GTW,SCSCF,B-200:SCSCF,MTAS,B-200:MTAS,SCSCF,B-200:SCSCF,PCSCF,B-200"
537,537,0,0,42,-1.1897191352932661,-1.1671376739918056,106,0,"PCSCF,SCSCF,I:SCSCF,ASLI,I:ASLI,SCSCF,T:ASLI,SCSCF,I-500:SCSCF,ASLI,A:SCSCF,PCSCF,T:MTAS,SCSCF,I:SCSCF,MTAS,T:SCSCF,GTW,I:GTW,SCSCF,T:GTW,SCSCF,S:SCSCF,MTAS,S:SCSCF,PCSCF,S:PCSCF,SCSCF,P:MTAS,SCSCF,P:SCSCF,GTW,P:GTW,SCSCF,P-200:GTW,SCSCF,I-200:SCSCF,MTAS,P-200:SCSCF,MTAS,I-200:SCSCF,PCSCF,P-200:SCSCF,PCSCF,I-200:PCSCF,SCSCF,A:SCSCF,MTAS,A:MTAS,SCSCF,A:SCSCF,GTW,A:PCSCF,SCSCF,B:MTAS,SCSCF,B:SCSCF,GTW,B:GTW,SCSCF,B-200:SCSCF,MTAS,B-200:SCSCF,PCSCF,B-200"
538,538,0,0,117,-0.7801675991376162,-0.7554431709456829,59,0,"GTW,ICSCF,I:ICSCF,GTW,T:SCSCF,ASLI,I:ASLI,SCSCF,T:ASLI,SCSCF,I-500:SCSCF,ASLI,A:SCSCF,MTAS,I:MTAS,SCSCF,T:MTAS,SCSCF,W:ICSCF,GTW,W:MTAS,SCSCF,I:SCSCF,MTAS,T:SCSCF,GTW,I:GTW,SCSCF,T:GTW,SCSCF,S:SCSCF,MTAS,S:MTAS,SCSCF,S:ICSCF,GTW,S:GTW,SCSCF,P:SCSCF,MTAS,P:MTAS,SCSCF,P:SCSCF,GTW,P:GTW,SCSCF,P-200:SCSCF,MTAS,P-200:MTAS,SCSCF,P-200:SCSCF,GTW,P-200:GTW,SCSCF,R:SCSCF,MTAS,R:MTAS,SCSCF,R:ICSCF,GTW,R:GTW,SCSCF,P:SCSCF,MTAS,P:MTAS,SCSCF,P:SCSCF,GTW,P:GTW,SCSCF,P-200:SCSCF,MTAS,P-200:MTAS,SCSCF,P-200:SCSCF,GTW,P-200:GTW,SCSCF,I-200:SCSCF,MTAS,I-200:MTAS,SCSCF,I-200:ICSCF,GTW,I-200:GTW,SCSCF,A:SCSCF,MTAS,A:MTAS,SCSCF,A:SCSCF,GTW,A:MTAS,SCSCF,U:SCSCF,GTW,U:GTW,SCSCF,U-200:SCSCF,MTAS,U-200:MTAS,SCSCF,U:SCSCF,GTW,U:GTW,SCSCF,U-200:SCSCF,MTAS,U-200:MTAS,SCSCF,U:SCSCF,GTW,U:GTW,SCSCF,U-200:SCSCF,GTW,U:SCSCF,MTAS,U-200:GTW,SCSCF,U-200:SCSCF,MTAS,U-200:MTAS,SCSCF,U:SCSCF,GTW,U:SCSCF,GTW,U:GTW,SCSCF,U-200:SCSCF,MTAS,U-200:GTW,SCSCF,U-200:SCSCF,MTAS,U-200:MTAS,SCSCF,U:SCSCF,GTW,U:GTW,SCSCF,U-200:SCSCF,MTAS,U-200:MTAS,SCSCF,U:SCSCF,MTAS,U-200:SCSCF,GTW,U:GTW,SCSCF,U-200:GTW,SCSCF,B:SCSCF,MTAS,B:MTAS,SCSCF,B:SCSCF,GTW,B:GTW,SCSCF,B-200:SCSCF,MTAS,B-200:MTAS,SCSCF,B-200:SCSCF,GTW,B-200"
539,539,0,0,45,-1.0394389022678845,-1.0202692448089228,25,0,"PCSCF,SCSCF,I:SCSCF,ASLI,I:ASLI,SCSCF,T:ASLI,SCSCF,I-500:MTAS,SCSCF,I:SCSCF,MTAS,T:SCSCF,ASLI,A:SCSCF,GTW,I:GTW,SCSCF,T:SCSCF,PCSCF,T:GTW,SCSCF,R:SCSCF,MTAS,R:SCSCF,PCSCF,R:PCSCF,SCSCF,P:SCSCF,MTAS,P:MTAS,SCSCF,P:SCSCF,GTW,P:GTW,SCSCF,P-200:SCSCF,MTAS,P-200:MTAS,SCSCF,P-200:SCSCF,PCSCF,P-200:GTW,SCSCF,I-200:SCSCF,MTAS,I-200:SCSCF,PCSCF,I-200:PCSCF,SCSCF,A:SCSCF,MTAS,A:MTAS,SCSCF,A:SCSCF,GTW,A:GTW,SCSCF,B:MTAS,SCSCF,B:SCSCF,PCSCF,B:PCSCF,SCSCF,B-200:SCSCF,MTAS,B-200:SCSCF,GTW,B-200"
540,540,0,0,56,-0.664788667958279,-0.6625954802064841,113,0,"PCSCF,SCSCF,I:SCSCF,PCSCF,T:SCSCF,ASLI,I:ASLI,SCSCF,T:ASLI,SCSCF,I-500:SCSCF,ASLI,A:MTAS,SCSCF,I:SCSCF,MTAS,T:SCSCF,GTW,I:GTW,SCSCF,T:GTW,SCSCF,R:SCSCF,MTAS,R:SCSCF,PCSCF,R:PCSCF,SCSCF,P:MTAS,SCSCF,P:SCSCF,GTW,P:GTW,SCSCF,P-200:SCSCF,MTAS,P-200:SCSCF,PCSCF,P-200:GTW,SCSCF,I-200:SCSCF,MTAS,I-200:SCSCF,PCSCF,I-200:PCSCF,SCSCF,A:SCSCF,MTAS,A:MTAS,SCSCF,A:SCSCF,GTW,A:MTAS,SCSCF,U:SCSCF,GTW,U:GTW,SCSCF,U-200:SCSCF,PCSCF,U:SCSCF,MTAS,U-200:PCSCF,SCSCF,U-200:SCSCF,MTAS,U-200:PCSCF,SCSCF,B:SCSCF,MTAS,B:MTAS,SCSCF,B:SCSCF,GTW,B:GTW,SCSCF,B-200:SCSCF,MTAS,B-200:MTAS,SCSCF,B-200:SCSCF,PCSCF,B-200"
541,541,0,0,63,-0.8441230876120861,-0.8336086069394816,60,0,"PCSCF,SCSCF,I:SCSCF,ASLI,I:ASLI,SCSCF,T:ASLI,SCSCF,I-500:SCSCF,PCSCF,T:SCSCF,ASLI,A:MTAS,SCSCF,I:SCSCF,MTAS,T:SCSCF,GTW,I:GTW,SCSCF,T:GTW,SCSCF,S:SCSCF,MTAS,S:SCSCF,PCSCF,S:PCSCF,SCSCF,P:SCSCF,MTAS,P:MTAS,SCSCF,P:SCSCF,GTW,P:GTW,SCSCF,P-200:SCSCF,MTAS,P-200:MTAS,SCSCF,P-200:SCSCF,PCSCF,P-200:GTW,SCSCF,R:SCSCF,MTAS,R:SCSCF,PCSCF,R:PCSCF,SCSCF,P:SCSCF,MTAS,P:MTAS,SCSCF,P:SCSCF,GTW,P:GTW,SCSCF,P-200:SCSCF,MTAS,P-200:MTAS,SCSCF,P-200:SCSCF,PCSCF,P-200:GTW,SCSCF,I-200:SCSCF,MTAS,I-200:SCSCF,PCSCF,I-200:PCSCF,SCSCF,A:SCSCF,MTAS,A:MTAS,SCSCF,A:SCSCF,GTW,A:PCSCF,SCSCF,B:SCSCF,MTAS,B:MTAS,SCSCF,B:SCSCF,GTW,B:GTW,SCSCF,B-200:SCSCF,MTAS,B-200:MTAS,SCSCF,B-200:SCSCF,PCSCF,B-200"
542,542,0,0,77,-0.7710764306528468,-0.7562420760611046,60,0,"PCSCF,SCSCF,I:SCSCF,PCSCF,T:SCSCF,ASLI,I:ASLI,SCSCF,T:ASLI,SCSCF,I-500:SCSCF,ASLI,A:MTAS,SCSCF,I:SCSCF,MTAS,T:SCSCF,GTW,I:GTW,SCSCF,T:GTW,SCSCF,S:SCSCF,MTAS,S:SCSCF,PCSCF,S:PCSCF,SCSCF,P:SCSCF,MTAS,P:MTAS,SCSCF,P:SCSCF,GTW,P:GTW,SCSCF,P-200:SCSCF,MTAS,P-200:MTAS,SCSCF,P-200:SCSCF,PCSCF,P-200:GTW,SCSCF,S:SCSCF,MTAS,S:SCSCF,PCSCF,S:PCSCF,SCSCF,P:SCSCF,MTAS,P:MTAS,SCSCF,P:SCSCF,GTW,P:GTW,SCSCF,P-200:SCSCF,MTAS,P-200:MTAS,SCSCF,P-200:SCSCF,PCSCF,P-200:GTW,SCSCF,I-200:SCSCF,MTAS,I-200:SCSCF,PCSCF,I-200:PCSCF,SCSCF,A:SCSCF,MTAS,A:MTAS,SCSCF,A:SCSCF,GTW,A:GTW,SCSCF,I:SCSCF,GTW,T:MTAS,SCSCF,I:SCSCF,MTAS,T:SCSCF,PCSCF,I:PCSCF,SCSCF,I-200:SCSCF,MTAS,I-200:SCSCF,GTW,I-200:GTW,SCSCF,A:MTAS,SCSCF,A:SCSCF,PCSCF,A:PCSCF,SCSCF,B:SCSCF,MTAS,B:MTAS,SCSCF,B:SCSCF,GTW,B:GTW,SCSCF,B-200:SCSCF,MTAS,B-200:MTAS,SCSCF,B-200:SCSCF,PCSCF,B-200"
543,543,0,0,63,-1.0084506579140733,-0.9732010030909871,5,0,"PCSCF,SCSCF,I:SCSCF,ASLI,I:ASLI,SCSCF,T:ASLI,SCSCF,I-500:SCSCF,ASLI,A:SCSCF,PCSCF,T:MTAS,SCSCF,I:SCSCF,MTAS,T:SCSCF,GTW,I:GTW,SCSCF,T:GTW,SCSCF,S:SCSCF,MTAS,S:SCSCF,PCSCF,S:PCSCF,SCSCF,P:SCSCF,MTAS,P:MTAS,SCSCF,P:SCSCF,GTW,P:GTW,SCSCF,P-200:GTW,SCSCF,R:SCSCF,MTAS,P-200:SCSCF,MTAS,R:MTAS,SCSCF,P-200:SCSCF,PCSCF,P-200:SCSCF,PCSCF,R:PCSCF,SCSCF,P:SCSCF,MTAS,P:MTAS,SCSCF,P:SCSCF,GTW,P:GTW,SCSCF,P-200:SCSCF,MTAS,P-200:MTAS,SCSCF,P-200:SCSCF,PCSCF,P-200:GTW,SCSCF,I-200:SCSCF,MTAS,I-200:SCSCF,PCSCF,I-200:PCSCF,SCSCF,A:SCSCF,MTAS,A:MTAS,SCSCF,A:SCSCF,GTW,A:PCSCF,SCSCF,B:SCSCF,MTAS,B:MTAS,SCSCF,B:SCSCF,GTW,B:GTW,SCSCF,B-200:SCSCF,MTAS,B-200:MTAS,SCSCF,B-200:SCSCF,PCSCF,B-200"
544,544,0,0,53,-0.8744863330456085,-0.8382567734598589,76,0,"GTW,ICSCF,I:ICSCF,GTW,T:SCSCF,ASLI,I:ASLI,SCSCF,T:ASLI,SCSCF,I-500:SCSCF,ASLI,A:SCSCF,MTAS,I:MTAS,SCSCF,T:MTAS,SCSCF,I:SCSCF,MTAS,T:SCSCF,PCSCF,I:PCSCF,SCSCF,T:PCSCF,SCSCF,R:SCSCF,MTAS,R:MTAS,SCSCF,R:ICSCF,GTW,R:GTW,SCSCF,P:SCSCF,MTAS,P:MTAS,SCSCF,P:SCSCF,PCSCF,P:PCSCF,SCSCF,P-200:SCSCF,MTAS,P-200:MTAS,SCSCF,P-200:SCSCF,GTW,P-200:GTW,ICSCF,C:ICSCF,GTW,C-200:SCSCF,MTAS,C:MTAS,SCSCF,C-200:MTAS,SCSCF,C:SCSCF,PCSCF,C:PCSCF,SCSCF,C-200:SCSCF,MTAS,C-200:PCSCF,SCSCF,I-487:SCSCF,MTAS,I-487:MTAS,SCSCF,A:MTAS,SCSCF,I-487:SCSCF,MTAS,A:ICSCF,GTW,I-487:GTW,ICSCF,A:SCSCF,PCSCF,A"
545,545,0,0,78,-1.0533357242776582,-1.0102547862296793,113,0,"PCSCF,SCSCF,I:SCSCF,PCSCF,T:SCSCF,ASLI,I:ASLI,SCSCF,T:ASLI,SCSCF,I-500:SCSCF,ASLI,A:MTAS,SCSCF,I:SCSCF,MTAS,T:SCSCF,GTW,I:GTW,SCSCF,T:GTW,SCSCF,S:SCSCF,MTAS,S:SCSCF,PCSCF,S:PCSCF,SCSCF,P:MTAS,SCSCF,P:SCSCF,GTW,P:GTW,SCSCF,P-200:GTW,SCSCF,S:SCSCF,MTAS,P-200:SCSCF,MTAS,S:SCSCF,PCSCF,P-200:SCSCF,PCSCF,S:PCSCF,SCSCF,P:MTAS,SCSCF,P:SCSCF,GTW,P:GTW,SCSCF,P-200:SCSCF,MTAS,P-200:SCSCF,PCSCF,P-200:GTW,SCSCF,R:SCSCF,MTAS,R:SCSCF,PCSCF,R:PCSCF,SCSCF,P:MTAS,SCSCF,P:SCSCF,GTW,P:GTW,SCSCF,P-200:SCSCF,MTAS,P-200:SCSCF,PCSCF,P-200:GTW,SCSCF,I-200:SCSCF,MTAS,I-200:SCSCF,PCSCF,I-200:PCSCF,SCSCF,A:SCSCF,MTAS,A:MTAS,SCSCF,A:SCSCF,GTW,A:MTAS,SCSCF,U:SCSCF,GTW,U:GTW,SCSCF,U-200:SCSCF,MTAS,U-200:MTAS,SCSCF,U:SCSCF,PCSCF,U:PCSCF,SCSCF,U-200:SCSCF,MTAS,U-200:PCSCF,SCSCF,B:MTAS,SCSCF,B:SCSCF,GTW,B:GTW,SCSCF,B-200:SCSCF,MTAS,B-200:SCSCF,PCSCF,B-200"
546,546,0,0,72,-0.668163508345862,-0.6653368575903998,11,0,"GTW,ICSCF,I:ICSCF,GTW,T:SCSCF,ASLI,I:ASLI,SCSCF,T:ASLI,SCSCF,I-500:SCSCF,MTAS,I:MTAS,SCSCF,T:MTAS,SCSCF,I:SCSCF,MTAS,T:SCSCF,PCSCF,I:PCSCF,SCSCF,T:SCSCF,ASLI,A:PCSCF,SCSCF,R:SCSCF,MTAS,R:MTAS,SCSCF,R:ICSCF,GTW,R:GTW,SCSCF,P:SCSCF,MTAS,P:MTAS,SCSCF,P:SCSCF,PCSCF,P:PCSCF,SCSCF,P-200:SCSCF,MTAS,P-200:MTAS,SCSCF,P-200:SCSCF,GTW,P-200:PCSCF,SCSCF,I-200:SCSCF,MTAS,I-200:MTAS,SCSCF,I-200:ICSCF,GTW,I-200:GTW,SCSCF,A:SCSCF,MTAS,A:MTAS,SCSCF,A:SCSCF,PCSCF,A:GTW,SCSCF,I:SCSCF,GTW,T:SCSCF,MTAS,I:MTAS,SCSCF,T:MTAS,SCSCF,I:SCSCF,MTAS,T:SCSCF,PCSCF,I:PCSCF,SCSCF,I-200:SCSCF,MTAS,I-200:MTAS,SCSCF,I-200:SCSCF,GTW,I-200:GTW,SCSCF,A:SCSCF,MTAS,A:MTAS,SCSCF,A:SCSCF,PCSCF,A:GTW,SCSCF,B:SCSCF,MTAS,B:MTAS,SCSCF,B:SCSCF,PCSCF,B:PCSCF,SCSCF,B-200:SCSCF,MTAS,B-200:MTAS,SCSCF,B-200:SCSCF,GTW,B-200"
547,547,0,0,35,-1.4444052292224943,-1.3639206767216345,65,0,"PCSCF,SCSCF,I:SCSCF,PCSCF,T:SCSCF,ASLI,I:ASLI,SCSCF,T:ASLI,SCSCF,I-500:SCSCF,ASLI,A:MTAS,SCSCF,I:SCSCF,MTAS,T:SCSCF,ASLI,I:ASLI,SCSCF,T:ASLI,SCSCF,I-500:SCSCF,MTAS,I:MTAS,SCSCF,T:SCSCF,ASLI,A:MTAS,SCSCF,I-486:SCSCF,MTAS,A:SCSCF,MTAS,I-486:MTAS,SCSCF,A:SCSCF,PCSCF,S:PCSCF,SCSCF,P:SCSCF,MTAS,P:MTAS,SCSCF,P-200:SCSCF,PCSCF,P-200:PCSCF,SCSCF,C:SCSCF,PCSCF,C-200:SCSCF,PCSCF,I-487:PCSCF,SCSCF,A"
548,548,0,0,66,-1.1948841988969723,-1.1349920008183323,5,0,"PCSCF,SCSCF,I:SCSCF,PCSCF,T:SCSCF,ASLI,I:ASLI,SCSCF,T:ASLI,SCSCF,I-500:SCSCF,ASLI,A:MTAS,SCSCF,I:SCSCF,MTAS,T:SCSCF,GTW,I:GTW,SCSCF,T:GTW,SCSCF,S:SCSCF,MTAS,S:SCSCF,PCSCF,S:PCSCF,SCSCF,P:MTAS,SCSCF,P:SCSCF,GTW,P:GTW,SCSCF,P-200:GTW,SCSCF,S:SCSCF,MTAS,P-200:SCSCF,MTAS,S:SCSCF,PCSCF,P-200:SCSCF,PCSCF,S:PCSCF,SCSCF,P:MTAS,SCSCF,P:SCSCF,GTW,P:GTW,SCSCF,R:GTW,SCSCF,P-200:SCSCF,MTAS,R:SCSCF,MTAS,P-200:SCSCF,PCSCF,P-200:SCSCF,PCSCF,R:PCSCF,SCSCF,P:MTAS,SCSCF,P:SCSCF,GTW,P:GTW,SCSCF,P-200:SCSCF,MTAS,P-200:SCSCF,PCSCF,P-200:GTW,SCSCF,I-200:SCSCF,MTAS,I-200:SCSCF,PCSCF,I-200:PCSCF,SCSCF,A:SCSCF,MTAS,A:MTAS,SCSCF,A:SCSCF,GTW,A:PCSCF,SCSCF,B:MTAS,SCSCF,B:SCSCF,GTW,B:GTW,SCSCF,B-200:SCSCF,MTAS,B-200:SCSCF,PCSCF,B-200"
549,549,0,0,66,-1.033092560795854,-1.0137556249685244,53,0,"PCSCF,SCSCF,I:SCSCF,ASLI,I:ASLI,SCSCF,T:SCSCF,PCSCF,T:ASLI,SCSCF,I-500:SCSCF,ASLI,A:MTAS,SCSCF,I:SCSCF,MTAS,T:SCSCF,GTW,I:GTW,SCSCF,T:GTW,SCSCF,S:SCSCF,MTAS,S:SCSCF,PCSCF,S:PCSCF,SCSCF,P:MTAS,SCSCF,P:SCSCF,GTW,P:GTW,SCSCF,P-200:GTW,SCSCF,S:SCSCF,MTAS,S:SCSCF,MTAS,P-200:SCSCF,PCSCF,P-200:SCSCF,PCSCF,S:PCSCF,SCSCF,P:MTAS,SCSCF,P:SCSCF,GTW,P:GTW,SCSCF,P-200:SCSCF,MTAS,P-200:SCSCF,PCSCF,P-200:GTW,SCSCF,R:SCSCF,MTAS,R:SCSCF,PCSCF,R:PCSCF,SCSCF,P:MTAS,SCSCF,P:SCSCF,GTW,P:GTW,SCSCF,P-200:SCSCF,MTAS,P-200:SCSCF,PCSCF,P-200:GTW,SCSCF,I-200:SCSCF,MTAS,I-200:SCSCF,PCSCF,I-200:PCSCF,SCSCF,A:SCSCF,MTAS,A:MTAS,SCSCF,A:SCSCF,GTW,A:GTW,SCSCF,B:MTAS,SCSCF,B:SCSCF,PCSCF,B:PCSCF,SCSCF,B-200:SCSCF,MTAS,B-200:SCSCF,GTW,B-200"
550,550,0,0,103,-0.9281369804573454,-0.9043624039851473,14,0,"GTW,ICSCF,I:ICSCF,GTW,T:SCSCF,ASLI,I:ASLI,SCSCF,T:ASLI,SCSCF,I-500:SCSCF,ASLI,A:SCSCF,MTAS,I:MTAS,SCSCF,T:MTAS,SCSCF,I:SCSCF,MTAS,T:MTAS,SCSCF,W:ICSCF,GTW,W:SCSCF,GTW,I:GTW,SCSCF,T:GTW,SCSCF,S:SCSCF,MTAS,S:MTAS,SCSCF,S:ICSCF,GTW,S:GTW,SCSCF,P:SCSCF,MTAS,P:MTAS,SCSCF,P:SCSCF,GTW,P:GTW,SCSCF,P-200:SCSCF,MTAS,P-200:GTW,SCSCF,S:SCSCF,GTW,P-200:MTAS,SCSCF,P-200:SCSCF,MTAS,S:MTAS,SCSCF,S:ICSCF,GTW,S:GTW,SCSCF,P:SCSCF,MTAS,P:MTAS,SCSCF,P:SCSCF,GTW,P:GTW,SCSCF,P-200:GTW,SCSCF,S:SCSCF,MTAS,P-200:SCSCF,GTW,P-200:MTAS,SCSCF,P-200:SCSCF,MTAS,S:MTAS,SCSCF,S:ICSCF,GTW,S:GTW,SCSCF,P:SCSCF,MTAS,P:MTAS,SCSCF,P:SCSCF,GTW,P:GTW,SCSCF,P-200:SCSCF,MTAS,P-200:MTAS,SCSCF,P-200:SCSCF,GTW,P-200:GTW,SCSCF,R:SCSCF,MTAS,R:MTAS,SCSCF,R:ICSCF,GTW,R:GTW,SCSCF,P:SCSCF,MTAS,P:MTAS,SCSCF,P:SCSCF,GTW,P:GTW,SCSCF,P-200:SCSCF,MTAS,P-200:MTAS,SCSCF,P-200:SCSCF,GTW,P-200:GTW,SCSCF,I-200:SCSCF,MTAS,I-200:MTAS,SCSCF,I-200:ICSCF,GTW,I-200:GTW,SCSCF,A:SCSCF,MTAS,A:MTAS,SCSCF,A:SCSCF,GTW,A:GTW,SCSCF,B:SCSCF,MTAS,B:MTAS,SCSCF,B:SCSCF,GTW,B:GTW,SCSCF,B-200:SCSCF,MTAS,B-200:SCSCF,GTW,B-200:MTAS,SCSCF,B-200"
551,551,0,0,48,-0.8006066562426194,-0.787433181316448,60,0,"PCSCF,SCSCF,I:SCSCF,ASLI,I:ASLI,SCSCF,T:ASLI,SCSCF,I-500:SCSCF,ASLI,A:SCSCF,PCSCF,T:MTAS,SCSCF,I:SCSCF,MTAS,T:SCSCF,GTW,I:GTW,SCSCF,T:GTW,SCSCF,S:SCSCF,MTAS,S:SCSCF,PCSCF,S:PCSCF,SCSCF,P:SCSCF,MTAS,P:MTAS,SCSCF,P:SCSCF,GTW,P:GTW,SCSCF,P-200:SCSCF,MTAS,P-200:MTAS,SCSCF,P-200:SCSCF,PCSCF,P-200:GTW,SCSCF,I-200:SCSCF,MTAS,I-200:SCSCF,PCSCF,I-200:PCSCF,SCSCF,A:SCSCF,MTAS,A:MTAS,SCSCF,A:SCSCF,GTW,A:PCSCF,SCSCF,B:SCSCF,MTAS,B:MTAS,SCSCF,B:SCSCF,GTW,B:GTW,SCSCF,B-200:SCSCF,MTAS,B-200:MTAS,SCSCF,B-200:SCSCF,PCSCF,B-200"
552,552,0,0,29,-1.3430149070378277,-1.3329829321210855,248,0,"GTW,ICSCF,I:ICSCF,GTW,T:SCSCF,ASLI,I:ASLI,SCSCF,T:ASLI,SCSCF,I-500:SCSCF,ASLI,A:SCSCF,MTAS,I:MTAS,SCSCF,T:MTAS,SCSCF,S:ICSCF,GTW,S:GTW,SCSCF,P:SCSCF,MTAS,P:MTAS,SCSCF,P-200:SCSCF,GTW,P-200:GTW,ICSCF,C:ICSCF,GTW,C-200:SCSCF,MTAS,C:MTAS,SCSCF,C-200:MTAS,SCSCF,I-603:SCSCF,MTAS,A:ICSCF,GTW,I-603:GTW,ICSCF,A"
553,553,0,0,35,-1.0646071836966458,-1.0379596461201293,24,0,"PCSCF,SCSCF,I:SCSCF,PCSCF,T:SCSCF,PCSCF,I-407:PCSCF,SCSCF,A:PCSCF,SCSCF,I:SCSCF,ASLI,I:SCSCF,PCSCF,T:ASLI,SCSCF,T:ASLI,SCSCF,I-500:SCSCF,ASLI,A:MTAS,SCSCF,I:SCSCF,MTAS,T:SCSCF,GTW,I:GTW,SCSCF,T:GTW,SCSCF,I-200:SCSCF,MTAS,I-200:SCSCF,PCSCF,I-200:PCSCF,SCSCF,A:SCSCF,MTAS,A:MTAS,SCSCF,A:SCSCF,GTW,A:GTW,SCSCF,B:MTAS,SCSCF,B:SCSCF,PCSCF,B:PCSCF,SCSCF,B-200:SCSCF,MTAS,B-200:SCSCF,GTW,B-200"
554,554,0,0,84,-1.0502190139791434,-0.9998411156029157,59,0,"PCSCF,SCSCF,I:SCSCF,PCSCF,T:SCSCF,PCSCF,I-407:PCSCF,SCSCF,A:PCSCF,SCSCF,I:SCSCF,ASLI,I:ASLI,SCSCF,T:SCSCF,PCSCF,T:ASLI,SCSCF,I-500:SCSCF,ASLI,A:MTAS,SCSCF,I:SCSCF,MTAS,T:SCSCF,GTW,I:GTW,SCSCF,T:GTW,SCSCF,S:SCSCF,MTAS,S:SCSCF,PCSCF,S:PCSCF,SCSCF,P:MTAS,SCSCF,P:SCSCF,GTW,P:GTW,SCSCF,P-200:SCSCF,MTAS,P-200:SCSCF,PCSCF,P-200:GTW,SCSCF,R:SCSCF,MTAS,R:SCSCF,PCSCF,R:PCSCF,SCSCF,P:MTAS,SCSCF,P:SCSCF,GTW,P:GTW,SCSCF,P-200:SCSCF,MTAS,P-200:SCSCF,PCSCF,P-200:GTW,SCSCF,I-200:SCSCF,MTAS,I-200:SCSCF,PCSCF,I-200:PCSCF,SCSCF,A:SCSCF,MTAS,A:MTAS,SCSCF,A:SCSCF,GTW,A:GTW,SCSCF,I:SCSCF,GTW,T:MTAS,SCSCF,I:SCSCF,MTAS,T:SCSCF,PCSCF,I:PCSCF,SCSCF,I-200:SCSCF,MTAS,I-200:SCSCF,GTW,I-200:GTW,SCSCF,A:MTAS,SCSCF,A:SCSCF,PCSCF,A:MTAS,SCSCF,U:SCSCF,GTW,U:GTW,SCSCF,U-200:SCSCF,MTAS,U-200:SCSCF,PCSCF,U:PCSCF,SCSCF,U-200:SCSCF,MTAS,U-200:PCSCF,SCSCF,B:MTAS,SCSCF,B:SCSCF,GTW,B:GTW,SCSCF,B-200:SCSCF,MTAS,B-200:SCSCF,PCSCF,B-200"
555,555,0,0,77,-0.6797311239511301,-0.6520096841979518,59,0,"GTW,ICSCF,I:ICSCF,GTW,T:SCSCF,ASLI,I:ASLI,SCSCF,T:ASLI,SCSCF,I-500:SCSCF,ASLI,A:SCSCF,MTAS,I:MTAS,SCSCF,T:MTAS,SCSCF,I:SCSCF,MTAS,T:SCSCF,PCSCF,I:PCSCF,SCSCF,T:PCSCF,SCSCF,R:SCSCF,MTAS,R:MTAS,SCSCF,R:ICSCF,GTW,R:GTW,SCSCF,P:SCSCF,MTAS,P:MTAS,SCSCF,P:SCSCF,PCSCF,P:PCSCF,SCSCF,P-200:SCSCF,MTAS,P-200:SCSCF,GTW,P-200:MTAS,SCSCF,P-200:PCSCF,SCSCF,I-200:SCSCF,MTAS,I-200:MTAS,SCSCF,I-200:ICSCF,GTW,I-200:GTW,SCSCF,A:SCSCF,MTAS,A:MTAS,SCSCF,A:SCSCF,PCSCF,A:MTAS,SCSCF,U:SCSCF,PCSCF,U:PCSCF,SCSCF,U-200:SCSCF,MTAS,U-200:MTAS,SCSCF,U:SCSCF,GTW,U:GTW,SCSCF,U-200:SCSCF,MTAS,U-200:MTAS,SCSCF,U:SCSCF,PCSCF,U:PCSCF,SCSCF,U-200:SCSCF,MTAS,U-200:MTAS,SCSCF,U:SCSCF,GTW,U:GTW,SCSCF,U-200:SCSCF,MTAS,U-200:PCSCF,SCSCF,B:SCSCF,MTAS,B:MTAS,SCSCF,B:SCSCF,GTW,B:GTW,SCSCF,B-200:SCSCF,MTAS,B-200:MTAS,SCSCF,B-200:SCSCF,PCSCF,B-200"
556,556,0,0,53,-0.7112101714670266,-0.7039322355975156,28,0,"GTW,ICSCF,I:ICSCF,GTW,T:SCSCF,ASLI,I:ASLI,SCSCF,T:ASLI,SCSCF,I-500:SCSCF,ASLI,A:SCSCF,MTAS,I:MTAS,SCSCF,I:MTAS,SCSCF,T:SCSCF,MTAS,T:SCSCF,PCSCF,I:PCSCF,SCSCF,T:PCSCF,SCSCF,R:SCSCF,MTAS,R:MTAS,SCSCF,R:ICSCF,GTW,R:GTW,SCSCF,P:SCSCF,MTAS,P:MTAS,SCSCF,P:SCSCF,PCSCF,P:PCSCF,SCSCF,P-200:SCSCF,MTAS,P-200:MTAS,SCSCF,P-200:SCSCF,GTW,P-200:GTW,ICSCF,C:ICSCF,GTW,C-200:SCSCF,MTAS,C:MTAS,SCSCF,C-200:MTAS,SCSCF,C:SCSCF,MTAS,C-200:SCSCF,PCSCF,C:PCSCF,SCSCF,C-200:PCSCF,SCSCF,I-487:SCSCF,PCSCF,A:SCSCF,MTAS,I-487:MTAS,SCSCF,A:MTAS,SCSCF,I-487:SCSCF,MTAS,A:ICSCF,GTW,I-487:GTW,ICSCF,A"
557,557,0,1,54,-1.5489634063259894,-1.5072451037882493,106,0,"PCSCF,SCSCF,I:SCSCF,PCSCF,T:SCSCF,ASLI,I:ASLI,SCSCF,T:ASLI,SCSCF,I-500:SCSCF,ASLI,A:MTAS,SCSCF,I:SCSCF,MTAS,T:SCSCF,GTW,I:GTW,SCSCF,T:GTW,SCSCF,S:SCSCF,MTAS,S:SCSCF,PCSCF,S:PCSCF,SCSCF,P:MTAS,SCSCF,P:SCSCF,GTW,P:GTW,SCSCF,P-200:SCSCF,MTAS,P-200:SCSCF,PCSCF,P-200:GTW,SCSCF,R:SCSCF,MTAS,R:GTW,SCSCF,I-200:SCSCF,MTAS,I-200:SCSCF,PCSCF,R:PCSCF,SCSCF,P:SCSCF,PCSCF,I-200:MTAS,SCSCF,P:SCSCF,GTW,P:GTW,SCSCF,P-200:SCSCF,MTAS,P-200:PCSCF,SCSCF,A:SCSCF,MTAS,A:MTAS,SCSCF,A:SCSCF,GTW,A:SCSCF,PCSCF,P-200:GTW,SCSCF,B:MTAS,SCSCF,B:SCSCF,PCSCF,B:PCSCF,SCSCF,B-200:SCSCF,MTAS,B-200:SCSCF,GTW,B-200"
558,558,0,1,20,-1.6063617152519818,-1.4998280837803075,359,0,"PCSCF,SCSCF,I:SCSCF,PCSCF,T:SCSCF,ASLI,I:ASLI,SCSCF,T:ASLI,SCSCF,I-500:SCSCF,ASLI,A:MTAS,SCSCF,I:SCSCF,MTAS,T:SCSCF,GTW,I:GTW,SCSCF,T:GTW,SCSCF,I-504:SCSCF,GTW,A:SCSCF,MTAS,I-504:MTAS,SCSCF,A:SCSCF,PCSCF,I-504:PCSCF,SCSCF,A"
559,559,0,0,71,-0.9590751797910817,-0.9355084533855007,357,0,"GTW,ICSCF,I:ICSCF,GTW,T:SCSCF,ASLI,I:ASLI,SCSCF,T:ASLI,SCSCF,I-500:SCSCF,ASLI,A:SCSCF,MTAS,I:MTAS,SCSCF,T:MTAS,SCSCF,W:ICSCF,GTW,W:MTAS,SCSCF,I:SCSCF,MTAS,T:SCSCF,GTW,I:GTW,SCSCF,T:GTW,SCSCF,S:SCSCF,MTAS,S:MTAS,SCSCF,S:ICSCF,GTW,S:GTW,SCSCF,P:SCSCF,MTAS,P:MTAS,SCSCF,P:SCSCF,GTW,P:GTW,SCSCF,P-200:SCSCF,MTAS,P-200:MTAS,SCSCF,P-200:SCSCF,GTW,P-200:GTW,SCSCF,R:SCSCF,MTAS,R:MTAS,SCSCF,R:ICSCF,GTW,R:GTW,SCSCF,P:SCSCF,MTAS,P:MTAS,SCSCF,P:SCSCF,GTW,P:GTW,SCSCF,P-200:SCSCF,MTAS,P-200:MTAS,SCSCF,P-200:SCSCF,GTW,P-200:GTW,ICSCF,C:ICSCF,GTW,C-200:SCSCF,MTAS,C:MTAS,SCSCF,C-200:MTAS,SCSCF,I-487:SCSCF,MTAS,A:ICSCF,GTW,I-487:MTAS,SCSCF,C:GTW,ICSCF,A:SCSCF,MTAS,C-200:SCSCF,GTW,C:GTW,SCSCF,C-200:GTW,SCSCF,I-487:SCSCF,GTW,A:SCSCF,MTAS,I-487:MTAS,SCSCF,A"
560,560,0,0,56,-0.925807081445825,-0.9041266513082247,100,0,"PCSCF,SCSCF,I:SCSCF,ASLI,I:ASLI,SCSCF,T:ASLI,SCSCF,I-500:SCSCF,ASLI,A:MTAS,SCSCF,I:SCSCF,MTAS,T:SCSCF,GTW,I:GTW,SCSCF,T:SCSCF,PCSCF,T:GTW,SCSCF,R:SCSCF,MTAS,R:SCSCF,PCSCF,R:PCSCF,SCSCF,P:MTAS,SCSCF,P:SCSCF,GTW,P:GTW,SCSCF,P-200:SCSCF,MTAS,P-200:SCSCF,PCSCF,P-200:GTW,SCSCF,I-200:SCSCF,MTAS,I-200:SCSCF,PCSCF,I-200:PCSCF,SCSCF,A:SCSCF,MTAS,A:MTAS,SCSCF,A:SCSCF,GTW,A:GTW,SCSCF,I:SCSCF,GTW,T:MTAS,SCSCF,I:SCSCF,MTAS,T:SCSCF,PCSCF,I:PCSCF,SCSCF,I-200:SCSCF,MTAS,I-200:SCSCF,GTW,I-200:GTW,SCSCF,A:MTAS,SCSCF,A:SCSCF,PCSCF,A:PCSCF,SCSCF,B:MTAS,SCSCF,B:SCSCF,GTW,B:GTW,SCSCF,B-200:SCSCF,MTAS,B-200:SCSCF,PCSCF,B-200"
561,561,0,0,59,-0.9707031594780512,-0.905109989719281,28,0,"PCSCF,SCSCF,I:SCSCF,PCSCF,T:SCSCF,ASLI,I:ASLI,SCSCF,T:ASLI,SCSCF,I-500:SCSCF,ASLI,A:MTAS,SCSCF,I:SCSCF,MTAS,T:SCSCF,GTW,I:GTW,SCSCF,T:GTW,SCSCF,S:SCSCF,MTAS,S:SCSCF,PCSCF,S:PCSCF,SCSCF,P:SCSCF,MTAS,P:MTAS,SCSCF,P:SCSCF,GTW,P:GTW,SCSCF,P-200:GTW,SCSCF,R:SCSCF,MTAS,P-200:MTAS,SCSCF,P-200:SCSCF,MTAS,R:SCSCF,PCSCF,P-200:SCSCF,PCSCF,R:PCSCF,SCSCF,P:SCSCF,MTAS,P:MTAS,SCSCF,P:SCSCF,GTW,P:GTW,SCSCF,P-200:SCSCF,MTAS,P-200:MTAS,SCSCF,P-200:SCSCF,PCSCF,P-200:PCSCF,SCSCF,C:SCSCF,PCSCF,C-200:MTAS,SCSCF,C:SCSCF,MTAS,C-200:SCSCF,GTW,C:GTW,SCSCF,C-200:GTW,SCSCF,I-487:SCSCF,GTW,A:SCSCF,MTAS,I-487:MTAS,SCSCF,A:SCSCF,PCSCF,I-487:PCSCF,SCSCF,A"
562,562,0,0,46,-0.8624648239743905,-0.8535229890200366,113,0,"PCSCF,SCSCF,I:SCSCF,PCSCF,T:SCSCF,PCSCF,I-407:PCSCF,SCSCF,A:PCSCF,SCSCF,I:SCSCF,PCSCF,T:SCSCF,ASLI,I:ASLI,SCSCF,T:ASLI,SCSCF,I-500:SCSCF,ASLI,A:MTAS,SCSCF,I:SCSCF,MTAS,T:SCSCF,GTW,I:GTW,SCSCF,T:GTW,SCSCF,I-200:SCSCF,MTAS,I-200:SCSCF,PCSCF,I-200:PCSCF,SCSCF,A:SCSCF,MTAS,A:MTAS,SCSCF,A:SCSCF,GTW,A:MTAS,SCSCF,U:SCSCF,GTW,U:SCSCF,PCSCF,U:GTW,SCSCF,U-200:SCSCF,MTAS,U-200:PCSCF,SCSCF,U-200:SCSCF,MTAS,U-200:GTW,SCSCF,B:MTAS,SCSCF,B:SCSCF,PCSCF,B:PCSCF,SCSCF,B-200:SCSCF,MTAS,B-200:SCSCF,GTW,B-200"
563,563,0,0,65,-0.9810694774628295,-0.9336060539734654,248,0,"PCSCF,SCSCF,I:SCSCF,PCSCF,T:SCSCF,ASLI,I:ASLI,SCSCF,T:ASLI,SCSCF,I-500:SCSCF,ASLI,A:MTAS,SCSCF,I:SCSCF,MTAS,T:SCSCF,GTW,I:GTW,SCSCF,T:GTW,SCSCF,S:SCSCF,MTAS,S:SCSCF,PCSCF,S:PCSCF,SCSCF,P:MTAS,SCSCF,P:SCSCF,GTW,P:GTW,SCSCF,P-200:GTW,SCSCF,S:SCSCF,MTAS,S:SCSCF,MTAS,P-200:SCSCF,PCSCF,P-200:SCSCF,PCSCF,S:PCSCF,SCSCF,P:MTAS,SCSCF,P:SCSCF,GTW,P:GTW,SCSCF,P-200:SCSCF,MTAS,P-200:SCSCF,PCSCF,P-200:GTW,SCSCF,R:SCSCF,MTAS,R:SCSCF,PCSCF,R:PCSCF,SCSCF,P:MTAS,SCSCF,P:SCSCF,GTW,P:GTW,SCSCF,P-200:SCSCF,MTAS,P-200:SCSCF,PCSCF,P-200:PCSCF,SCSCF,C:SCSCF,PCSCF,C-200:MTAS,SCSCF,C:SCSCF,MTAS,C-200:SCSCF,GTW,C:GTW,SCSCF,C-200:GTW,SCSCF,I-487:SCSCF,GTW,A:SCSCF,MTAS,I-487:MTAS,SCSCF,A:SCSCF,PCSCF,I-487:PCSCF,SCSCF,A"
564,564,0,1,29,-1.5724127796843814,-1.4986174017612768,601,0,"GTW,SCSCF,I:SCSCF,GTW,T:SCSCF,SLEVOOSP,I:SLEVOOSP,SCSCF,T:SLEVOOSP,SCSCF,S:SCSCF,GTW,S:GTW,SCSCF,P:SCSCF,SLEVOOSP,P:SLEVOOSP,SCSCF,P-200:SCSCF,GTW,P-200:SLEVOOSP,SCSCF,I-200:SCSCF,GTW,I-200:GTW,SCSCF,A:SCSCF,SLEVOOSP,A:GTW,SCSCF,I:SCSCF,GTW,T:SCSCF,SLEVOOSP,I:SLEVOOSP,SCSCF,T:SLEVOOSP,SCSCF,B:SLEVOOSP,SCSCF,I-488:SCSCF,GTW,B:SCSCF,SLEVOOSP,A:SCSCF,GTW,I-488"
565,565,0,0,53,-0.5339013839174753,-0.5327056861662816,5,0,"GTW,ICSCF,I:ICSCF,GTW,T:SCSCF,ASLI,I:ASLI,SCSCF,T:ASLI,SCSCF,I-500:SCSCF,ASLI,A:SCSCF,MTAS,I:MTAS,SCSCF,T:MTAS,SCSCF,I:SCSCF,MTAS,T:SCSCF,PCSCF,I:PCSCF,SCSCF,T:PCSCF,SCSCF,R:SCSCF,MTAS,R:MTAS,SCSCF,R:SCSCF,MTAS,P:ICSCF,GTW,R:GTW,SCSCF,P:MTAS,SCSCF,P:SCSCF,PCSCF,P:PCSCF,SCSCF,P-200:SCSCF,MTAS,P-200:MTAS,SCSCF,P-200:SCSCF,GTW,P-200:PCSCF,SCSCF,I-200:SCSCF,MTAS,I-200:MTAS,SCSCF,I-200:ICSCF,GTW,I-200:GTW,SCSCF,A:SCSCF,MTAS,A:MTAS,SCSCF,A:SCSCF,PCSCF,A:GTW,SCSCF,B:SCSCF,MTAS,B:MTAS,SCSCF,B:SCSCF,PCSCF,B:PCSCF,SCSCF,B-200:SCSCF,MTAS,B-200:MTAS,SCSCF,B-200:SCSCF,GTW,B-200"
566,566,0,0,47,-0.6536548220425874,-0.6531939486540423,53,0,"PCSCF,SCSCF,I:SCSCF,PCSCF,T:SCSCF,PCSCF,I-407:PCSCF,SCSCF,A:PCSCF,SCSCF,I:SCSCF,PCSCF,T:SCSCF,ASLI,I:ASLI,SCSCF,T:ASLI,SCSCF,I-500:SCSCF,ASLI,A:MTAS,SCSCF,I:SCSCF,MTAS,T:SCSCF,GTW,I:GTW,SCSCF,T:GTW,SCSCF,S:SCSCF,MTAS,S:SCSCF,PCSCF,S:PCSCF,SCSCF,P:MTAS,SCSCF,P:SCSCF,GTW,P:GTW,SCSCF,P-200:SCSCF,MTAS,P-200:SCSCF,PCSCF,P-200:GTW,SCSCF,I-200:SCSCF,MTAS,I-200:SCSCF,PCSCF,I-200:PCSCF,SCSCF,A:SCSCF,MTAS,A:MTAS,SCSCF,A:SCSCF,GTW,A:GTW,SCSCF,B:MTAS,SCSCF,B:SCSCF,PCSCF,B:PCSCF,SCSCF,B-200:SCSCF,MTAS,B-200:SCSCF,GTW,B-200"
567,567,0,0,69,-0.7197296362651605,-0.6974366727241056,59,0,"PCSCF,SCSCF,I:SCSCF,PCSCF,T:SCSCF,ASLI,I:ASLI,SCSCF,T:ASLI,SCSCF,I-500:SCSCF,ASLI,A:MTAS,SCSCF,I:SCSCF,MTAS,T:SCSCF,GTW,I:GTW,SCSCF,T:GTW,SCSCF,R:SCSCF,MTAS,R:SCSCF,PCSCF,R:PCSCF,SCSCF,P:MTAS,SCSCF,P:SCSCF,GTW,P:GTW,SCSCF,P-200:SCSCF,MTAS,P-200:SCSCF,PCSCF,P-200:GTW,SCSCF,I-200:SCSCF,MTAS,I-200:SCSCF,PCSCF,I-200:PCSCF,SCSCF,A:SCSCF,MTAS,A:MTAS,SCSCF,A:SCSCF,GTW,A:MTAS,SCSCF,U:SCSCF,GTW,U:GTW,SCSCF,U-200:SCSCF,MTAS,U-200:MTAS,SCSCF,U:SCSCF,PCSCF,U:PCSCF,SCSCF,U-200:SCSCF,MTAS,U-200:MTAS,SCSCF,U:SCSCF,GTW,U:GTW,SCSCF,U-200:SCSCF,MTAS,U-200:MTAS,SCSCF,U:SCSCF,PCSCF,U:PCSCF,SCSCF,U-200:SCSCF,MTAS,U-200:PCSCF,SCSCF,B:SCSCF,MTAS,B:MTAS,SCSCF,B:SCSCF,GTW,B:GTW,SCSCF,B-200:SCSCF,MTAS,B-200:MTAS,SCSCF,B-200:SCSCF,PCSCF,B-200"
568,568,0,0,106,-1.09579265997502,-1.0643497684281276,113,0,"PCSCF,SCSCF,I:SCSCF,PCSCF,T:SCSCF,PCSCF,I-407:PCSCF,SCSCF,A:PCSCF,SCSCF,I:SCSCF,PCSCF,T:SCSCF,ASLI,I:ASLI,SCSCF,T:ASLI,SCSCF,I-500:SCSCF,ASLI,A:MTAS,SCSCF,I:SCSCF,MTAS,T:SCSCF,GTW,I:GTW,SCSCF,T:GTW,SCSCF,S:SCSCF,MTAS,S:SCSCF,PCSCF,S:PCSCF,SCSCF,P:SCSCF,MTAS,P:MTAS,SCSCF,P:SCSCF,GTW,P:GTW,SCSCF,P-200:GTW,SCSCF,W:SCSCF,MTAS,P-200:SCSCF,MTAS,W:MTAS,SCSCF,P-200:SCSCF,PCSCF,P-200:SCSCF,PCSCF,W:PCSCF,SCSCF,P:SCSCF,MTAS,P:MTAS,SCSCF,P:SCSCF,GTW,P:GTW,SCSCF,P-200:GTW,SCSCF,S:SCSCF,MTAS,P-200:SCSCF,MTAS,S:MTAS,SCSCF,P-200:SCSCF,PCSCF,P-200:SCSCF,PCSCF,S:PCSCF,SCSCF,P:SCSCF,MTAS,P:MTAS,SCSCF,P:SCSCF,GTW,P:GTW,SCSCF,P-200:SCSCF,MTAS,P-200:SCSCF,PCSCF,P-200:MTAS,SCSCF,P-200:GTW,SCSCF,I-200:SCSCF,MTAS,I-200:SCSCF,PCSCF,I-200:PCSCF,SCSCF,A:SCSCF,MTAS,A:MTAS,SCSCF,A:SCSCF,GTW,A:GTW,SCSCF,I:SCSCF,GTW,T:MTAS,SCSCF,I:SCSCF,MTAS,T:SCSCF,PCSCF,I:PCSCF,SCSCF,I-200:SCSCF,MTAS,I-200:SCSCF,GTW,I-200:GTW,SCSCF,A:MTAS,SCSCF,A:SCSCF,PCSCF,A:MTAS,SCSCF,U:SCSCF,PCSCF,U:MTAS,SCSCF,U:SCSCF,GTW,U:GTW,SCSCF,U-200:SCSCF,MTAS,U-200:PCSCF,SCSCF,U-200:SCSCF,MTAS,U-200:GTW,SCSCF,B:MTAS,SCSCF,B:SCSCF,PCSCF,B:PCSCF,SCSCF,B-200:SCSCF,MTAS,B-200:SCSCF,GTW,B-200"
569,569,0,0,71,-0.8555056557759861,-0.8552285436253323,53,0,"PCSCF,SCSCF,I:SCSCF,PCSCF,T:SCSCF,PCSCF,I-407:PCSCF,SCSCF,A:PCSCF,SCSCF,I:SCSCF,PCSCF,T:SCSCF,ASLI,I:ASLI,SCSCF,T:ASLI,SCSCF,I-500:SCSCF,ASLI,A:MTAS,SCSCF,I:SCSCF,MTAS,T:SCSCF,GTW,I:GTW,SCSCF,T:GTW,SCSCF,S:SCSCF,MTAS,S:SCSCF,PCSCF,S:PCSCF,SCSCF,P:MTAS,SCSCF,P:SCSCF,GTW,P:GTW,SCSCF,P-200:GTW,SCSCF,S:SCSCF,MTAS,S:SCSCF,MTAS,P-200:SCSCF,PCSCF,P-200:SCSCF,PCSCF,S:PCSCF,SCSCF,P:SCSCF,GTW,P:MTAS,SCSCF,P:GTW,SCSCF,P-200:SCSCF,MTAS,P-200:SCSCF,PCSCF,P-200:GTW,SCSCF,R:SCSCF,MTAS,R:SCSCF,PCSCF,R:PCSCF,SCSCF,P:MTAS,SCSCF,P:SCSCF,GTW,P:GTW,SCSCF,P-200:SCSCF,MTAS,P-200:SCSCF,PCSCF,P-200:GTW,SCSCF,I-200:SCSCF,MTAS,I-200:SCSCF,PCSCF,I-200:PCSCF,SCSCF,A:SCSCF,MTAS,A:MTAS,SCSCF,A:SCSCF,GTW,A:GTW,SCSCF,B:MTAS,SCSCF,B:SCSCF,PCSCF,B:PCSCF,SCSCF,B-200:SCSCF,MTAS,B-200:SCSCF,GTW,B-200"
570,570,0,0,82,-0.7556385078918987,-0.7283204027156988,113,0,"GTW,ICSCF,I:ICSCF,GTW,T:SCSCF,ASLI,I:ASLI,SCSCF,T:ASLI,SCSCF,I-500:SCSCF,ASLI,A:SCSCF,MTAS,I:MTAS,SCSCF,T:MTAS,SCSCF,I:SCSCF,MTAS,T:MTAS,SCSCF,W:ICSCF,GTW,W:SCSCF,GTW,I:GTW,SCSCF,T:GTW,SCSCF,S:SCSCF,MTAS,S:MTAS,SCSCF,S:ICSCF,GTW,S:GTW,SCSCF,P:SCSCF,MTAS,P:MTAS,SCSCF,P:SCSCF,GTW,P:GTW,SCSCF,P-200:SCSCF,MTAS,P-200:MTAS,SCSCF,P-200:SCSCF,GTW,P-200:GTW,SCSCF,R:SCSCF,MTAS,R:MTAS,SCSCF,R:ICSCF,GTW,R:GTW,SCSCF,P:SCSCF,MTAS,P:MTAS,SCSCF,P:SCSCF,GTW,P:GTW,SCSCF,P-200:SCSCF,MTAS,P-200:MTAS,SCSCF,P-200:SCSCF,GTW,P-200:GTW,SCSCF,I-200:SCSCF,MTAS,I-200:MTAS,SCSCF,I-200:ICSCF,GTW,I-200:GTW,SCSCF,A:SCSCF,MTAS,A:MTAS,SCSCF,A:SCSCF,GTW,A:MTAS,SCSCF,U:SCSCF,GTW,U:SCSCF,GTW,U:GTW,SCSCF,U-200:SCSCF,MTAS,U-200:GTW,SCSCF,U-200:SCSCF,MTAS,U-200:GTW,SCSCF,B:SCSCF,MTAS,B:MTAS,SCSCF,B:SCSCF,GTW,B:GTW,SCSCF,B-200:SCSCF,MTAS,B-200:MTAS,SCSCF,B-200:SCSCF,GTW,B-200"
571,571,0,0,53,-0.36705100684479475,-0.3669834238881995,5,0,"GTW,ICSCF,I:ICSCF,GTW,T:SCSCF,ASLI,I:ASLI,SCSCF,T:ASLI,SCSCF,I-500:SCSCF,ASLI,A:SCSCF,MTAS,I:MTAS,SCSCF,T:MTAS,SCSCF,I:SCSCF,MTAS,T:SCSCF,PCSCF,I:PCSCF,SCSCF,T:PCSCF,SCSCF,R:SCSCF,MTAS,R:MTAS,SCSCF,R:ICSCF,GTW,R:GTW,SCSCF,P:SCSCF,MTAS,P:MTAS,SCSCF,P:SCSCF,PCSCF,P:SCSCF,MTAS,P-200:MTAS,SCSCF,P-200:SCSCF,GTW,P-200:PCSCF,SCSCF,P-200:PCSCF,SCSCF,I-200:SCSCF,MTAS,I-200:MTAS,SCSCF,I-200:ICSCF,GTW,I-200:GTW,SCSCF,A:SCSCF,MTAS,A:MTAS,SCSCF,A:SCSCF,PCSCF,A:GTW,SCSCF,B:SCSCF,MTAS,B:MTAS,SCSCF,B:SCSCF,PCSCF,B:PCSCF,SCSCF,B-200:SCSCF,MTAS,B-200:MTAS,SCSCF,B-200:SCSCF,GTW,B-200"
572,572,0,0,83,-0.8675328774605781,-0.8673019686762529,53,0,"PCSCF,SCSCF,I:SCSCF,PCSCF,T:SCSCF,PCSCF,I-407:PCSCF,SCSCF,A:PCSCF,SCSCF,I:SCSCF,ASLI,I:ASLI,SCSCF,T:ASLI,SCSCF,I-500:SCSCF,ASLI,A:SCSCF,PCSCF,T:MTAS,SCSCF,I:SCSCF,MTAS,T:SCSCF,GTW,I:GTW,SCSCF,T:GTW,SCSCF,S:SCSCF,MTAS,S:SCSCF,PCSCF,S:PCSCF,SCSCF,P:MTAS,SCSCF,P:SCSCF,GTW,P:GTW,SCSCF,P-200:SCSCF,MTAS,P-200:SCSCF,PCSCF,P-200:GTW,SCSCF,R:SCSCF,MTAS,R:SCSCF,PCSCF,R:PCSCF,SCSCF,P:MTAS,SCSCF,P:SCSCF,GTW,P:GTW,SCSCF,P-200:SCSCF,MTAS,P-200:SCSCF,PCSCF,P-200:GTW,SCSCF,S:SCSCF,MTAS,S:SCSCF,PCSCF,S:PCSCF,SCSCF,P:MTAS,SCSCF,P:SCSCF,GTW,P:GTW,SCSCF,P-200:SCSCF,MTAS,P-200:SCSCF,PCSCF,P-200:GTW,SCSCF,S:SCSCF,MTAS,S:SCSCF,PCSCF,S:PCSCF,SCSCF,P:MTAS,SCSCF,P:SCSCF,GTW,P:GTW,SCSCF,P-200:SCSCF,MTAS,P-200:SCSCF,PCSCF,P-200:GTW,SCSCF,I-200:SCSCF,MTAS,I-200:SCSCF,PCSCF,I-200:PCSCF,SCSCF,A:SCSCF,MTAS,A:MTAS,SCSCF,A:SCSCF,GTW,A:PCSCF,SCSCF,B:MTAS,SCSCF,B:SCSCF,GTW,B:GTW,SCSCF,B-200:SCSCF,MTAS,B-200:SCSCF,PCSCF,B-200"
573,573,0,0,45,-0.7807340728978577,-0.7555368159290964,0,0,"PCSCF,SCSCF,I:SCSCF,PCSCF,T:SCSCF,ASLI,I:ASLI,SCSCF,T:ASLI,SCSCF,I-500:SCSCF,ASLI,A:MTAS,SCSCF,I:SCSCF,MTAS,T:GTW,SCSCF,T:SCSCF,GTW,I:GTW,SCSCF,R:SCSCF,MTAS,R:SCSCF,PCSCF,R:PCSCF,SCSCF,P:SCSCF,MTAS,P:MTAS,SCSCF,P:SCSCF,GTW,P:GTW,SCSCF,P-200:SCSCF,MTAS,P-200:MTAS,SCSCF,P-200:SCSCF,PCSCF,P-200:GTW,SCSCF,I-200:SCSCF,MTAS,I-200:SCSCF,PCSCF,I-200:PCSCF,SCSCF,A:SCSCF,MTAS,A:MTAS,SCSCF,A:SCSCF,GTW,A:PCSCF,SCSCF,B:MTAS,SCSCF,B:SCSCF,GTW,B:GTW,SCSCF,B-200:SCSCF,MTAS,B-200:SCSCF,PCSCF,B-200"
574,574,0,0,54,-0.8390262434284081,-0.8232054716675351,53,0,"PCSCF,SCSCF,I:SCSCF,PCSCF,T:SCSCF,ASLI,I:ASLI,SCSCF,T:ASLI,SCSCF,I-500:SCSCF,ASLI,A:MTAS,SCSCF,I:SCSCF,MTAS,T:SCSCF,GTW,I:GTW,SCSCF,T:GTW,SCSCF,S:SCSCF,MTAS,S:SCSCF,PCSCF,S:PCSCF,SCSCF,P:MTAS,SCSCF,P:SCSCF,GTW,P:GTW,SCSCF,P-200:SCSCF,MTAS,P-200:GTW,SCSCF,R:SCSCF,MTAS,R:SCSCF,PCSCF,P-200:SCSCF,PCSCF,R:PCSCF,SCSCF,P:MTAS,SCSCF,P:SCSCF,GTW,P:GTW,SCSCF,P-200:SCSCF,MTAS,P-200:SCSCF,PCSCF,P-200:GTW,SCSCF,I-200:SCSCF,MTAS,I-200:SCSCF,PCSCF,I-200:PCSCF,SCSCF,A:SCSCF,MTAS,A:MTAS,SCSCF,A:SCSCF,GTW,A:PCSCF,SCSCF,B:MTAS,SCSCF,B:SCSCF,GTW,B:GTW,SCSCF,B-200:SCSCF,MTAS,B-200:SCSCF,PCSCF,B-200"
575,575,0,0,84,-0.8917463278261091,-0.8363627828139395,59,0,"PCSCF,SCSCF,I:SCSCF,PCSCF,T:SCSCF,ASLI,I:ASLI,SCSCF,T:ASLI,SCSCF,I-500:SCSCF,ASLI,A:MTAS,SCSCF,I:SCSCF,MTAS,T:SCSCF,ASLI,I:ASLI,SCSCF,T:ASLI,SCSCF,I-500:SCSCF,MTAS,I:SCSCF,ASLI,A:MTAS,SCSCF,T:MTAS,SCSCF,I:SCSCF,MTAS,T:SCSCF,PCSCF,I:PCSCF,SCSCF,T:PCSCF,SCSCF,R:SCSCF,MTAS,R:MTAS,SCSCF,R:SCSCF,MTAS,R:SCSCF,PCSCF,R:PCSCF,SCSCF,P:MTAS,SCSCF,P:SCSCF,MTAS,P:MTAS,SCSCF,P:SCSCF,PCSCF,P:PCSCF,SCSCF,P-200:SCSCF,MTAS,P-200:MTAS,SCSCF,P-200:SCSCF,MTAS,P-200:SCSCF,PCSCF,P-200:PCSCF,SCSCF,I-200:SCSCF,MTAS,I-200:MTAS,SCSCF,I-200:SCSCF,MTAS,I-200:SCSCF,PCSCF,I-200:PCSCF,SCSCF,A:MTAS,SCSCF,A:SCSCF,MTAS,A:MTAS,SCSCF,A:SCSCF,PCSCF,A:MTAS,SCSCF,U:SCSCF,PCSCF,U:PCSCF,SCSCF,U-200:SCSCF,MTAS,U-200:SCSCF,PCSCF,U:MTAS,SCSCF,U:PCSCF,SCSCF,U-200:SCSCF,MTAS,U-200:PCSCF,SCSCF,B:SCSCF,MTAS,B:MTAS,SCSCF,B:SCSCF,MTAS,B:MTAS,SCSCF,B-200:MTAS,SCSCF,B:SCSCF,MTAS,B-200:SCSCF,MTAS,B-481:SCSCF,PCSCF,B-200:MTAS,SCSCF,B-200:SCSCF,PCSCF,B-200"
576,576,0,0,70,-0.5965046885130293,-0.5931758727637005,5,0,"PCSCF,SCSCF,I:SCSCF,ASLI,I:ASLI,SCSCF,T:ASLI,SCSCF,I-500:SCSCF,ASLI,A:MTAS,SCSCF,I:SCSCF,PCSCF,T:SCSCF,MTAS,T:SCSCF,ASLI,I:ASLI,SCSCF,T:ASLI,SCSCF,I-500:SCSCF,ASLI,A:SCSCF,MTAS,I:MTAS,SCSCF,T:MTAS,SCSCF,I:SCSCF,MTAS,T:SCSCF,PCSCF,I:PCSCF,SCSCF,T:PCSCF,SCSCF,R:SCSCF,MTAS,R:MTAS,SCSCF,R:SCSCF,MTAS,R:SCSCF,PCSCF,R:PCSCF,SCSCF,P:MTAS,SCSCF,P:SCSCF,MTAS,P:MTAS,SCSCF,P:SCSCF,PCSCF,P:PCSCF,SCSCF,P-200:SCSCF,MTAS,P-200:MTAS,SCSCF,P-200:SCSCF,MTAS,P-200:SCSCF,PCSCF,P-200:PCSCF,SCSCF,I-200:SCSCF,MTAS,I-200:MTAS,SCSCF,I-200:SCSCF,MTAS,I-200:SCSCF,PCSCF,I-200:PCSCF,SCSCF,A:MTAS,SCSCF,A:SCSCF,MTAS,A:MTAS,SCSCF,A:SCSCF,PCSCF,A:PCSCF,SCSCF,B:MTAS,SCSCF,B:SCSCF,MTAS,B:MTAS,SCSCF,B:SCSCF,PCSCF,B:PCSCF,SCSCF,B-200:SCSCF,MTAS,B-200:MTAS,SCSCF,B-200:SCSCF,MTAS,B-200:SCSCF,PCSCF,B-200"
577,577,0,0,104,-0.9460262415870078,-0.9174107451038525,28,0,"PCSCF,SCSCF,I:SCSCF,PCSCF,T:SCSCF,ASLI,I:ASLI,SCSCF,T:ASLI,SCSCF,I-500:SCSCF,ASLI,A:MTAS,SCSCF,I:SCSCF,MTAS,T:SCSCF,GTW,I:GTW,SCSCF,T:GTW,SCSCF,S:SCSCF,MTAS,S:SCSCF,PCSCF,S:PCSCF,SCSCF,P:SCSCF,MTAS,P:MTAS,SCSCF,P:SCSCF,GTW,P:GTW,SCSCF,S:SCSCF,MTAS,S:GTW,SCSCF,P-200:SCSCF,MTAS,P-200:MTAS,SCSCF,P-200:SCSCF,PCSCF,P-200:SCSCF,PCSCF,S:PCSCF,SCSCF,P:SCSCF,MTAS,P:MTAS,SCSCF,P:SCSCF,GTW,P:GTW,SCSCF,S:SCSCF,MTAS,S:GTW,SCSCF,P-200:SCSCF,MTAS,P-200:MTAS,SCSCF,P-200:SCSCF,PCSCF,P-200:SCSCF,PCSCF,S:PCSCF,SCSCF,P:SCSCF,MTAS,P:MTAS,SCSCF,P:SCSCF,GTW,P:GTW,SCSCF,P-200:SCSCF,MTAS,P-200:MTAS,SCSCF,P-200:SCSCF,PCSCF,P-200:GTW,SCSCF,S:SCSCF,MTAS,S:SCSCF,PCSCF,S:PCSCF,SCSCF,P:SCSCF,MTAS,P:MTAS,SCSCF,P:SCSCF,GTW,P:GTW,SCSCF,P-200:SCSCF,MTAS,P-200:MTAS,SCSCF,P-200:SCSCF,PCSCF,P-200:GTW,SCSCF,R:SCSCF,MTAS,R:SCSCF,PCSCF,R:PCSCF,SCSCF,P:SCSCF,MTAS,P:MTAS,SCSCF,P:SCSCF,GTW,P:GTW,SCSCF,P-200:SCSCF,MTAS,P-200:MTAS,SCSCF,P-200:SCSCF,PCSCF,P-200:PCSCF,SCSCF,C:SCSCF,PCSCF,C-200:MTAS,SCSCF,C:SCSCF,MTAS,C-200:SCSCF,GTW,C:GTW,SCSCF,C-200:GTW,SCSCF,I-487:SCSCF,GTW,A:SCSCF,MTAS,I-487:MTAS,SCSCF,A:SCSCF,PCSCF,I-487:PCSCF,SCSCF,A"
578,578,0,0,89,-0.8151695784359378,-0.7718582662806589,113,0,"PCSCF,SCSCF,I:SCSCF,PCSCF,T:SCSCF,ASLI,I:ASLI,SCSCF,T:ASLI,SCSCF,I-500:SCSCF,ASLI,A:MTAS,SCSCF,I:SCSCF,MTAS,T:SCSCF,GTW,I:GTW,SCSCF,T:GTW,SCSCF,R:SCSCF,MTAS,R:SCSCF,PCSCF,R:PCSCF,SCSCF,P:SCSCF,MTAS,P:MTAS,SCSCF,P:SCSCF,GTW,P:GTW,SCSCF,P-200:SCSCF,MTAS,P-200:MTAS,SCSCF,P-200:SCSCF,PCSCF,P-200:GTW,SCSCF,S:SCSCF,MTAS,S:SCSCF,PCSCF,S:PCSCF,SCSCF,P:SCSCF,MTAS,P:MTAS,SCSCF,P:SCSCF,GTW,P:GTW,SCSCF,P-200:SCSCF,MTAS,P-200:MTAS,SCSCF,P-200:SCSCF,PCSCF,P-200:GTW,SCSCF,S:SCSCF,MTAS,S:SCSCF,PCSCF,S:PCSCF,SCSCF,P:SCSCF,MTAS,P:MTAS,SCSCF,P:SCSCF,GTW,P:GTW,SCSCF,P-200:SCSCF,MTAS,P-200:MTAS,SCSCF,P-200:SCSCF,PCSCF,P-200:GTW,SCSCF,I-200:SCSCF,MTAS,I-200:SCSCF,PCSCF,I-200:PCSCF,SCSCF,A:SCSCF,MTAS,A:MTAS,SCSCF,A:SCSCF,GTW,A:MTAS,SCSCF,U:SCSCF,GTW,U:SCSCF,PCSCF,U:GTW,SCSCF,U-200:SCSCF,MTAS,U-200:PCSCF,SCSCF,U-200:SCSCF,MTAS,U-200:PCSCF,SCSCF,B:SCSCF,MTAS,B:MTAS,SCSCF,B:SCSCF,GTW,B:GTW,SCSCF,B-200:SCSCF,MTAS,B-200:MTAS,SCSCF,B-200:SCSCF,PCSCF,B-200"
579,579,0,0,59,-0.9364047837790639,-0.9361742544425448,53,0,"PCSCF,SCSCF,I:SCSCF,PCSCF,T:SCSCF,PCSCF,I-407:PCSCF,SCSCF,A:PCSCF,SCSCF,I:SCSCF,ASLI,I:SCSCF,PCSCF,T:ASLI,SCSCF,T:ASLI,SCSCF,I-500:SCSCF,ASLI,A:MTAS,SCSCF,I:SCSCF,MTAS,T:SCSCF,GTW,I:GTW,SCSCF,T:GTW,SCSCF,S:SCSCF,MTAS,S:SCSCF,PCSCF,S:PCSCF,SCSCF,P:MTAS,SCSCF,P:SCSCF,GTW,P:GTW,SCSCF,P-200:SCSCF,MTAS,P-200:SCSCF,PCSCF,P-200:GTW,SCSCF,R:SCSCF,MTAS,R:SCSCF,PCSCF,R:SCSCF,GTW,P:GTW,SCSCF,P-200:PCSCF,SCSCF,P:MTAS,SCSCF,P:SCSCF,MTAS,P-200:SCSCF,PCSCF,P-200:GTW,SCSCF,I-200:SCSCF,MTAS,I-200:SCSCF,PCSCF,I-200:PCSCF,SCSCF,A:SCSCF,MTAS,A:MTAS,SCSCF,A:SCSCF,GTW,A:PCSCF,SCSCF,B:MTAS,SCSCF,B:SCSCF,GTW,B:GTW,SCSCF,B-200:SCSCF,MTAS,B-200:SCSCF,PCSCF,B-200"
580,580,0,0,57,-0.8514312849650184,-0.8439377346669914,113,0,"PCSCF,SCSCF,I:SCSCF,ASLI,I:ASLI,SCSCF,T:ASLI,SCSCF,I-500:SCSCF,ASLI,A:SCSCF,PCSCF,T:MTAS,SCSCF,I:SCSCF,MTAS,T:SCSCF,GTW,I:GTW,SCSCF,T:GTW,SCSCF,R:SCSCF,MTAS,R:SCSCF,PCSCF,R:PCSCF,SCSCF,P:SCSCF,MTAS,P:MTAS,SCSCF,P:SCSCF,GTW,P:GTW,SCSCF,P-200:SCSCF,MTAS,P-200:MTAS,SCSCF,P-200:SCSCF,PCSCF,P-200:GTW,SCSCF,I-200:SCSCF,MTAS,I-200:SCSCF,PCSCF,I-200:PCSCF,SCSCF,A:SCSCF,MTAS,A:MTAS,SCSCF,A:SCSCF,GTW,A:MTAS,SCSCF,U:SCSCF,GTW,U:GTW,SCSCF,U-200:SCSCF,MTAS,U-200:MTAS,SCSCF,U:SCSCF,PCSCF,U:PCSCF,SCSCF,U-200:SCSCF,MTAS,U-200:GTW,SCSCF,B:MTAS,SCSCF,B:SCSCF,PCSCF,B:PCSCF,SCSCF,B-200:SCSCF,MTAS,B-200:SCSCF,GTW,B-200"
581,581,0,0,24,-0.9333518268873561,-0.9254583932238849,323,0,"MTAS,SCSCF,I:SCSCF,MTAS,T:SCSCF,PCSCF,I:PCSCF,SCSCF,T:PCSCF,SCSCF,R:SCSCF,MTAS,R:MTAS,SCSCF,P:SCSCF,PCSCF,P:PCSCF,SCSCF,P-200:SCSCF,MTAS,P-200:MTAS,SCSCF,C:SCSCF,MTAS,C-200:SCSCF,PCSCF,C:PCSCF,SCSCF,C-200:PCSCF,SCSCF,I-487:SCSCF,MTAS,I-487:MTAS,SCSCF,A:SCSCF,PCSCF,A"
582,582,0,0,56,-0.741296743406081,-0.704067327639789,124,0,"GTW,ICSCF,I:ICSCF,GTW,T:SCSCF,ASLI,I:ASLI,SCSCF,T:ASLI,SCSCF,I-500:SCSCF,ASLI,A:SCSCF,MTAS,I:MTAS,SCSCF,T:MTAS,SCSCF,I:SCSCF,MTAS,T:SCSCF,PCSCF,I:PCSCF,SCSCF,T:PCSCF,SCSCF,R:SCSCF,MTAS,R:MTAS,SCSCF,R:ICSCF,GTW,R:GTW,SCSCF,P:SCSCF,MTAS,P:MTAS,SCSCF,P:SCSCF,PCSCF,P:GTW,SCSCF,P:PCSCF,SCSCF,R:SCSCF,MTAS,R:PCSCF,SCSCF,P-200:SCSCF,MTAS,P-200:MTAS,SCSCF,P-200:SCSCF,GTW,P-200:GTW,ICSCF,C:ICSCF,GTW,C-200:SCSCF,MTAS,C:MTAS,SCSCF,C-200:MTAS,SCSCF,C:SCSCF,MTAS,C-200:SCSCF,PCSCF,C:PCSCF,SCSCF,C-200:PCSCF,SCSCF,I-487:SCSCF,PCSCF,A:SCSCF,MTAS,I-487:MTAS,SCSCF,A:MTAS,SCSCF,I-487:SCSCF,MTAS,A:ICSCF,GTW,I-487:GTW,ICSCF,A"
583,583,0,0,88,-0.6476678582057761,-0.6438207038863553,113,0,"PCSCF,SCSCF,I:SCSCF,PCSCF,T:SCSCF,PCSCF,I-407:PCSCF,SCSCF,A:PCSCF,SCSCF,I:SCSCF,PCSCF,T:SCSCF,ASLI,I:ASLI,SCSCF,T:ASLI,SCSCF,I-500:SCSCF,ASLI,A:MTAS,SCSCF,I:SCSCF,MTAS,T:SCSCF,ASLI,I:ASLI,SCSCF,T:ASLI,SCSCF,I-500:SCSCF,ASLI,A:SCSCF,MTAS,I:MTAS,SCSCF,T:MTAS,SCSCF,I:SCSCF,MTAS,T:SCSCF,PCSCF,I:PCSCF,SCSCF,T:PCSCF,SCSCF,R:SCSCF,MTAS,R:MTAS,SCSCF,R:SCSCF,MTAS,R:SCSCF,PCSCF,R:PCSCF,SCSCF,P:MTAS,SCSCF,P:SCSCF,MTAS,P:MTAS,SCSCF,P:SCSCF,PCSCF,P:PCSCF,SCSCF,P-200:SCSCF,MTAS,P-200:MTAS,SCSCF,P-200:SCSCF,MTAS,P-200:SCSCF,PCSCF,P-200:PCSCF,SCSCF,I-200:SCSCF,MTAS,I-200:MTAS,SCSCF,I-200:SCSCF,MTAS,I-200:SCSCF,PCSCF,I-200:PCSCF,SCSCF,A:MTAS,SCSCF,A:SCSCF,MTAS,A:MTAS,SCSCF,A:SCSCF,PCSCF,A:MTAS,SCSCF,U:SCSCF,PCSCF,U:PCSCF,SCSCF,U-200:SCSCF,MTAS,U-200:MTAS,SCSCF,U:SCSCF,PCSCF,U:MTAS,SCSCF,U:PCSCF,SCSCF,U-200:SCSCF,MTAS,U-200:PCSCF,SCSCF,B:MTAS,SCSCF,B:SCSCF,MTAS,B:MTAS,SCSCF,B:SCSCF,PCSCF,B:PCSCF,SCSCF,B-200:SCSCF,MTAS,B-200:MTAS,SCSCF,B-200:SCSCF,MTAS,B-200:SCSCF,PCSCF,B-200"
584,584,0,0,69,-1.0737062645350097,-1.040834772757547,5,0,"PCSCF,SCSCF,I:SCSCF,ASLI,I:SCSCF,PCSCF,T:ASLI,SCSCF,T:ASLI,SCSCF,I-500:SCSCF,ASLI,A:MTAS,SCSCF,I:SCSCF,MTAS,T:SCSCF,GTW,I:GTW,SCSCF,T:GTW,SCSCF,S:SCSCF,MTAS,S:SCSCF,PCSCF,S:PCSCF,SCSCF,P:MTAS,SCSCF,P:SCSCF,GTW,P:GTW,SCSCF,P-200:GTW,SCSCF,S:SCSCF,MTAS,P-200:SCSCF,MTAS,S:SCSCF,PCSCF,P-200:SCSCF,PCSCF,S:PCSCF,SCSCF,P:MTAS,SCSCF,P:SCSCF,GTW,P:GTW,SCSCF,P-200:SCSCF,MTAS,P-200:SCSCF,PCSCF,P-200:GTW,SCSCF,R:SCSCF,MTAS,R:SCSCF,PCSCF,R:PCSCF,SCSCF,P:MTAS,SCSCF,P:SCSCF,GTW,P:GTW,SCSCF,P-200:SCSCF,MTAS,P-200:SCSCF,PCSCF,P-200:GTW,SCSCF,I-200:SCSCF,MTAS,I-200:SCSCF,PCSCF,I-200:PCSCF,SCSCF,A:SCSCF,MTAS,A:MTAS,SCSCF,A:SCSCF,GTW,A:PCSCF,SCSCF,B:SCSCF,MTAS,B:MTAS,SCSCF,B:SCSCF,GTW,B:GTW,SCSCF,B-200:SCSCF,MTAS,B-200:MTAS,SCSCF,B-200:SCSCF,PCSCF,B-200"
585,585,0,0,24,-0.45291056113460937,-0.45282944042140755,10,0,"GTW,SCSCF,I:SCSCF,GTW,T:SCSCF,SLEVOOSP,I:SLEVOOSP,SCSCF,T:SLEVOOSP,SCSCF,S:SCSCF,GTW,S:GTW,SCSCF,P:SCSCF,SLEVOOSP,P:SLEVOOSP,SCSCF,P-200:SCSCF,GTW,P-200:SLEVOOSP,SCSCF,I-200:SCSCF,GTW,I-200:GTW,SCSCF,A:SCSCF,SLEVOOSP,A:SCSCF,SLEVOOSP,B:GTW,SCSCF,B:SLEVOOSP,SCSCF,B-200:SCSCF,GTW,B-200"
586,586,0,0,81,-0.7063382145163258,-0.6896813097347092,59,0,"PCSCF,SCSCF,I:SCSCF,PCSCF,T:SCSCF,ASLI,I:ASLI,SCSCF,T:ASLI,SCSCF,I-500:SCSCF,ASLI,A:MTAS,SCSCF,I:SCSCF,MTAS,T:SCSCF,GTW,I:GTW,SCSCF,T:GTW,SCSCF,R:SCSCF,MTAS,R:SCSCF,PCSCF,R:PCSCF,SCSCF,P:MTAS,SCSCF,P:SCSCF,GTW,P:GTW,SCSCF,P-200:SCSCF,MTAS,P-200:SCSCF,PCSCF,P-200:GTW,SCSCF,I-200:SCSCF,MTAS,I-200:SCSCF,PCSCF,I-200:PCSCF,SCSCF,A:SCSCF,MTAS,A:MTAS,SCSCF,A:SCSCF,GTW,A:MTAS,SCSCF,U:SCSCF,GTW,U:GTW,SCSCF,U-200:SCSCF,MTAS,U-200:MTAS,SCSCF,U:SCSCF,PCSCF,U:PCSCF,SCSCF,U-200:SCSCF,MTAS,U-200:MTAS,SCSCF,U:SCSCF,GTW,U:GTW,SCSCF,U-200:SCSCF,MTAS,U-200:MTAS,SCSCF,U:SCSCF,PCSCF,U:PCSCF,SCSCF,U-200:SCSCF,MTAS,U-200:MTAS,SCSCF,U:SCSCF,GTW,U:GTW,SCSCF,U-200:SCSCF,MTAS,U-200:MTAS,SCSCF,U:SCSCF,PCSCF,U:PCSCF,SCSCF,U-200:SCSCF,MTAS,U-200:PCSCF,SCSCF,B:SCSCF,MTAS,B:MTAS,SCSCF,B:SCSCF,GTW,B:GTW,SCSCF,B-200:SCSCF,MTAS,B-200:MTAS,SCSCF,B-200:SCSCF,PCSCF,B-200"
587,587,0,0,53,-0.8042781363151659,-0.7777059936180644,28,0,"GTW,ICSCF,I:ICSCF,GTW,T:SCSCF,ASLI,I:ASLI,SCSCF,T:ASLI,SCSCF,I-500:SCSCF,MTAS,I:SCSCF,ASLI,A:MTAS,SCSCF,I:SCSCF,MTAS,T:SCSCF,PCSCF,I:MTAS,SCSCF,T:PCSCF,SCSCF,T:PCSCF,SCSCF,R:SCSCF,MTAS,R:MTAS,SCSCF,R:ICSCF,GTW,R:GTW,SCSCF,P:SCSCF,MTAS,P:MTAS,SCSCF,P:SCSCF,PCSCF,P:PCSCF,SCSCF,P-200:SCSCF,MTAS,P-200:MTAS,SCSCF,P-200:SCSCF,GTW,P-200:GTW,ICSCF,C:ICSCF,GTW,C-200:SCSCF,MTAS,C:MTAS,SCSCF,C-200:MTAS,SCSCF,C:SCSCF,MTAS,C-200:SCSCF,PCSCF,C:PCSCF,SCSCF,C-200:PCSCF,SCSCF,I-487:SCSCF,PCSCF,A:SCSCF,MTAS,I-487:MTAS,SCSCF,A:MTAS,SCSCF,I-487:SCSCF,MTAS,A:ICSCF,GTW,I-487:GTW,ICSCF,A"
588,588,0,0,71,-1.086676673007076,-1.0359288360417531,53,0,"PCSCF,SCSCF,I:SCSCF,PCSCF,T:SCSCF,PCSCF,I-407:PCSCF,SCSCF,A:PCSCF,SCSCF,I:SCSCF,PCSCF,T:SCSCF,ASLI,I:ASLI,SCSCF,T:ASLI,SCSCF,I-500:SCSCF,ASLI,A:MTAS,SCSCF,I:SCSCF,MTAS,T:SCSCF,GTW,I:GTW,SCSCF,T:SCSCF,MTAS,S:GTW,SCSCF,S:SCSCF,PCSCF,S:PCSCF,SCSCF,P:MTAS,SCSCF,P:SCSCF,GTW,P:GTW,SCSCF,P-200:GTW,SCSCF,S:SCSCF,MTAS,P-200:SCSCF,MTAS,S:SCSCF,PCSCF,P-200:SCSCF,PCSCF,S:PCSCF,SCSCF,P:MTAS,SCSCF,P:SCSCF,GTW,P:GTW,SCSCF,P-200:SCSCF,MTAS,P-200:SCSCF,PCSCF,P-200:GTW,SCSCF,R:SCSCF,MTAS,R:SCSCF,PCSCF,R:PCSCF,SCSCF,P:MTAS,SCSCF,P:GTW,SCSCF,P-200:SCSCF,MTAS,P-200:SCSCF,PCSCF,P-200:SCSCF,GTW,P:GTW,SCSCF,I-200:SCSCF,MTAS,I-200:SCSCF,PCSCF,I-200:PCSCF,SCSCF,A:SCSCF,MTAS,A:MTAS,SCSCF,A:SCSCF,GTW,A:GTW,SCSCF,B:MTAS,SCSCF,B:SCSCF,PCSCF,B:PCSCF,SCSCF,B-200:SCSCF,MTAS,B-200:SCSCF,GTW,B-200"
589,589,0,0,74,-0.8552287743807645,-0.8101146382967632,113,0,"PCSCF,SCSCF,I:SCSCF,ASLI,I:ASLI,SCSCF,T:ASLI,SCSCF,I-500:SCSCF,ASLI,A:SCSCF,PCSCF,T:MTAS,SCSCF,I:SCSCF,MTAS,T:SCSCF,GTW,I:GTW,SCSCF,T:GTW,SCSCF,S:SCSCF,MTAS,S:SCSCF,PCSCF,S:PCSCF,SCSCF,P:SCSCF,MTAS,P:MTAS,SCSCF,P:SCSCF,GTW,P:GTW,SCSCF,P-200:SCSCF,MTAS,P-200:MTAS,SCSCF,P-200:SCSCF,PCSCF,P-200:GTW,SCSCF,R:SCSCF,MTAS,R:SCSCF,PCSCF,R:PCSCF,SCSCF,P:SCSCF,MTAS,P:MTAS,SCSCF,P:SCSCF,GTW,P:GTW,SCSCF,P-200:SCSCF,MTAS,P-200:MTAS,SCSCF,P-200:SCSCF,PCSCF,P-200:GTW,SCSCF,I-200:SCSCF,MTAS,I-200:SCSCF,PCSCF,I-200:PCSCF,SCSCF,A:SCSCF,MTAS,A:MTAS,SCSCF,A:SCSCF,GTW,A:MTAS,SCSCF,U:SCSCF,GTW,U:SCSCF,PCSCF,U:PCSCF,SCSCF,U-200:SCSCF,MTAS,U-200:GTW,SCSCF,U-200:SCSCF,MTAS,U-200:PCSCF,SCSCF,B:SCSCF,MTAS,B:MTAS,SCSCF,B:SCSCF,GTW,B:GTW,SCSCF,B-200:SCSCF,MTAS,B-200:MTAS,SCSCF,B-200:SCSCF,PCSCF,B-200"
590,590,0,0,72,-0.6896528807172246,-0.6835287472366454,52,0,"GTW,ICSCF,I:ICSCF,GTW,T:SCSCF,ASLI,I:ASLI,SCSCF,T:ASLI,SCSCF,I-500:SCSCF,MTAS,I:MTAS,SCSCF,T:MTAS,SCSCF,I:SCSCF,MTAS,T:SCSCF,PCSCF,I:SCSCF,ASLI,A:PCSCF,SCSCF,T:PCSCF,SCSCF,R:SCSCF,MTAS,R:MTAS,SCSCF,R:ICSCF,GTW,R:GTW,SCSCF,P:SCSCF,MTAS,P:MTAS,SCSCF,P:SCSCF,PCSCF,P:PCSCF,SCSCF,P-200:SCSCF,MTAS,P-200:MTAS,SCSCF,P-200:SCSCF,GTW,P-200:PCSCF,SCSCF,I-200:SCSCF,MTAS,I-200:MTAS,SCSCF,I-200:ICSCF,GTW,I-200:GTW,SCSCF,A:SCSCF,MTAS,A:MTAS,SCSCF,A:SCSCF,PCSCF,A:GTW,SCSCF,I:SCSCF,GTW,T:SCSCF,MTAS,I:MTAS,SCSCF,T:MTAS,SCSCF,I:SCSCF,MTAS,T:SCSCF,PCSCF,I:PCSCF,SCSCF,I-200:SCSCF,MTAS,I-200:MTAS,SCSCF,I-200:SCSCF,GTW,I-200:GTW,SCSCF,A:SCSCF,MTAS,A:MTAS,SCSCF,A:SCSCF,PCSCF,A:GTW,SCSCF,B:SCSCF,MTAS,B:MTAS,SCSCF,B:SCSCF,PCSCF,B:PCSCF,SCSCF,B-200:SCSCF,MTAS,B-200:MTAS,SCSCF,B-200:SCSCF,GTW,B-200"
591,591,0,0,60,-0.7830070101334269,-0.771640045434797,60,0,"PCSCF,SCSCF,I:SCSCF,ASLI,I:ASLI,SCSCF,T:SCSCF,PCSCF,T:ASLI,SCSCF,I-500:SCSCF,ASLI,A:MTAS,SCSCF,I:SCSCF,MTAS,T:SCSCF,GTW,I:GTW,SCSCF,T:GTW,SCSCF,S:SCSCF,MTAS,S:SCSCF,PCSCF,S:PCSCF,SCSCF,P:SCSCF,MTAS,P:MTAS,SCSCF,P:SCSCF,GTW,P:GTW,SCSCF,P-200:SCSCF,MTAS,P-200:MTAS,SCSCF,P-200:SCSCF,PCSCF,P-200:GTW,SCSCF,R:SCSCF,MTAS,R:SCSCF,PCSCF,R:PCSCF,SCSCF,P:SCSCF,MTAS,P:MTAS,SCSCF,P:SCSCF,GTW,P:GTW,SCSCF,P-200:SCSCF,MTAS,P-200:MTAS,SCSCF,P-200:SCSCF,PCSCF,P-200:GTW,SCSCF,I-200:SCSCF,MTAS,I-200:SCSCF,PCSCF,I-200:PCSCF,SCSCF,A:SCSCF,MTAS,A:MTAS,SCSCF,A:SCSCF,GTW,A:GTW,SCSCF,B:MTAS,SCSCF,B:SCSCF,PCSCF,B:PCSCF,SCSCF,B-200:SCSCF,MTAS,B-200:SCSCF,GTW,B-200"
592,592,0,0,54,-0.9351807762717451,-0.9235693625039636,113,0,"PCSCF,SCSCF,I:SCSCF,PCSCF,T:SCSCF,ASLI,I:ASLI,SCSCF,T:ASLI,SCSCF,I-500:MTAS,SCSCF,I:SCSCF,MTAS,T:SCSCF,ASLI,A:SCSCF,GTW,I:GTW,SCSCF,T:GTW,SCSCF,R:SCSCF,MTAS,R:SCSCF,PCSCF,R:PCSCF,SCSCF,P:MTAS,SCSCF,P:SCSCF,GTW,P:GTW,SCSCF,P-200:SCSCF,MTAS,P-200:SCSCF,PCSCF,P-200:GTW,SCSCF,I-200:SCSCF,MTAS,I-200:SCSCF,PCSCF,I-200:PCSCF,SCSCF,A:SCSCF,MTAS,A:MTAS,SCSCF,A:SCSCF,GTW,A:MTAS,SCSCF,U:SCSCF,GTW,U:GTW,SCSCF,U-200:SCSCF,MTAS,U-200:MTAS,SCSCF,U:SCSCF,PCSCF,U:PCSCF,SCSCF,U-200:SCSCF,MTAS,U-200:PCSCF,SCSCF,B:MTAS,SCSCF,B:SCSCF,GTW,B:GTW,SCSCF,B-200:SCSCF,MTAS,B-200:SCSCF,PCSCF,B-200"
593,593,0,0,100,-0.6559912481554988,-0.6369621037867509,59,0,"GTW,ICSCF,I:ICSCF,GTW,T:SCSCF,ASLI,I:ASLI,SCSCF,T:ASLI,SCSCF,I-500:SCSCF,ASLI,A:SCSCF,MTAS,I:MTAS,SCSCF,T:MTAS,SCSCF,I:SCSCF,MTAS,T:SCSCF,PCSCF,I:PCSCF,SCSCF,T:PCSCF,SCSCF,R:SCSCF,MTAS,R:MTAS,SCSCF,R:ICSCF,GTW,R:GTW,SCSCF,P:SCSCF,MTAS,P:MTAS,SCSCF,P:SCSCF,PCSCF,P:PCSCF,SCSCF,P-200:SCSCF,MTAS,P-200:MTAS,SCSCF,P-200:SCSCF,GTW,P-200:PCSCF,SCSCF,I-200:SCSCF,MTAS,I-200:MTAS,SCSCF,I-200:ICSCF,GTW,I-200:GTW,SCSCF,A:SCSCF,MTAS,A:MTAS,SCSCF,A:SCSCF,PCSCF,A:MTAS,SCSCF,U:SCSCF,PCSCF,U:SCSCF,GTW,U:GTW,SCSCF,U-200:SCSCF,MTAS,U-200:PCSCF,SCSCF,U-200:SCSCF,MTAS,U-200:MTAS,SCSCF,U:SCSCF,GTW,U:GTW,SCSCF,U-200:SCSCF,MTAS,U-200:MTAS,SCSCF,U:SCSCF,PCSCF,U:PCSCF,SCSCF,U-200:SCSCF,MTAS,U-200:MTAS,SCSCF,U:SCSCF,GTW,U:GTW,SCSCF,U-200:SCSCF,MTAS,U-200:MTAS,SCSCF,U:SCSCF,PCSCF,U:PCSCF,SCSCF,U-200:SCSCF,MTAS,U-200:MTAS,SCSCF,U:SCSCF,GTW,U:GTW,SCSCF,U-200:SCSCF,MTAS,U-200:MTAS,SCSCF,U:SCSCF,PCSCF,U:PCSCF,SCSCF,U-200:SCSCF,MTAS,U-200:PCSCF,SCSCF,B:SCSCF,MTAS,B:MTAS,SCSCF,B:SCSCF,GTW,B:GTW,SCSCF,B-200:SCSCF,MTAS,B-200:MTAS,SCSCF,B-200:SCSCF,PCSCF,B-200"
594,594,0,0,91,-1.085961703395766,-1.048229582527747,104,0,"GTW,ICSCF,I:ICSCF,GTW,T:SCSCF,ASLI,I:ASLI,SCSCF,T:ASLI,SCSCF,I-500:SCSCF,ASLI,A:SCSCF,MTAS,I:MTAS,SCSCF,T:MTAS,SCSCF,I:SCSCF,MTAS,T:MTAS,SCSCF,W:ICSCF,GTW,W:SCSCF,GTW,I:GTW,SCSCF,T:GTW,SCSCF,S:SCSCF,MTAS,S:MTAS,SCSCF,S:ICSCF,GTW,S:GTW,SCSCF,P:SCSCF,MTAS,P:MTAS,SCSCF,P:SCSCF,GTW,P:GTW,SCSCF,P-200:GTW,SCSCF,S:SCSCF,MTAS,P-200:SCSCF,MTAS,S:MTAS,SCSCF,P-200:MTAS,SCSCF,S:SCSCF,GTW,P-200:ICSCF,GTW,S:GTW,SCSCF,P:SCSCF,MTAS,P:MTAS,SCSCF,P:SCSCF,GTW,P:GTW,SCSCF,P-200:SCSCF,MTAS,P-200:MTAS,SCSCF,P-200:SCSCF,GTW,P-200:GTW,SCSCF,I-200:SCSCF,MTAS,I-200:MTAS,SCSCF,I-200:ICSCF,GTW,I-200:GTW,SCSCF,A:SCSCF,MTAS,A:MTAS,SCSCF,A:SCSCF,GTW,A:GTW,SCSCF,I:SCSCF,GTW,T:SCSCF,MTAS,I:MTAS,SCSCF,I:MTAS,SCSCF,T:SCSCF,MTAS,T:SCSCF,GTW,I:GTW,SCSCF,T:GTW,SCSCF,I-200:SCSCF,MTAS,I-200:MTAS,SCSCF,I-200:SCSCF,GTW,I-200:GTW,SCSCF,A:SCSCF,MTAS,A:MTAS,SCSCF,A:SCSCF,GTW,A:GTW,SCSCF,B:SCSCF,MTAS,B:MTAS,SCSCF,B:SCSCF,GTW,B:GTW,SCSCF,B-200:SCSCF,MTAS,B-200:MTAS,SCSCF,B-200:SCSCF,GTW,B-200"
595,595,0,0,44,-1.002520365943188,-0.975316882496314,248,0,"PCSCF,SCSCF,I:SCSCF,PCSCF,T:SCSCF,ASLI,I:ASLI,SCSCF,T:ASLI,SCSCF,I-500:SCSCF,ASLI,A:MTAS,SCSCF,I:SCSCF,MTAS,T:SCSCF,GTW,I:GTW,SCSCF,T:GTW,SCSCF,S:SCSCF,MTAS,S:SCSCF,PCSCF,S:PCSCF,SCSCF,P:SCSCF,MTAS,P:MTAS,SCSCF,P:SCSCF,GTW,P:GTW,SCSCF,P-200:SCSCF,MTAS,P-200:MTAS,SCSCF,P-200:SCSCF,PCSCF,P-200:PCSCF,SCSCF,C:MTAS,SCSCF,C:SCSCF,MTAS,C-200:SCSCF,GTW,C:GTW,SCSCF,C-200:GTW,SCSCF,I-487:SCSCF,GTW,A:SCSCF,MTAS,I-487:MTAS,SCSCF,A:SCSCF,PCSCF,C-200:SCSCF,PCSCF,I-487:PCSCF,SCSCF,A"
596,596,0,0,32,-1.0993697612532696,-1.088248038768332,76,0,"PCSCF,SCSCF,I:SCSCF,PCSCF,T:SCSCF,ASLI,I:ASLI,SCSCF,T:ASLI,SCSCF,I-500:SCSCF,ASLI,A:MTAS,SCSCF,I:SCSCF,MTAS,T:SCSCF,GTW,I:GTW,SCSCF,T:GTW,SCSCF,R:SCSCF,MTAS,R:SCSCF,PCSCF,R:PCSCF,SCSCF,C:MTAS,SCSCF,C:SCSCF,MTAS,C-200:SCSCF,GTW,C:GTW,SCSCF,C-200:GTW,SCSCF,I-487:SCSCF,GTW,A:SCSCF,MTAS,I-487:MTAS,SCSCF,A:SCSCF,PCSCF,C-200:SCSCF,PCSCF,I-487:PCSCF,SCSCF,A"
597,597,0,0,37,-0.9804560619606104,-0.952267199429084,180,0,"PCSCF,SCSCF,I:SCSCF,PCSCF,T:SCSCF,PCSCF,I-407:PCSCF,SCSCF,A:PCSCF,SCSCF,I:SCSCF,PCSCF,T:SCSCF,ASLI,I:ASLI,SCSCF,T:ASLI,SCSCF,I-500:SCSCF,ASLI,A:MTAS,SCSCF,I:SCSCF,MTAS,T:SCSCF,GTW,I:GTW,SCSCF,T:GTW,SCSCF,S:SCSCF,MTAS,S:SCSCF,PCSCF,S:PCSCF,SCSCF,P:MTAS,SCSCF,P:SCSCF,GTW,P:GTW,SCSCF,P-200:SCSCF,MTAS,P-200:SCSCF,PCSCF,P-200:GTW,SCSCF,I-486:SCSCF,GTW,A:SCSCF,MTAS,I-486:MTAS,SCSCF,A:SCSCF,PCSCF,I-486:PCSCF,SCSCF,A"
598,598,0,0,71,-0.7944722008707096,-0.7845638972897255,60,0,"GTW,ICSCF,I:ICSCF,GTW,T:SCSCF,ASLI,I:ASLI,SCSCF,T:ASLI,SCSCF,I-500:SCSCF,ASLI,A:SCSCF,MTAS,I:MTAS,SCSCF,T:MTAS,SCSCF,I:SCSCF,MTAS,T:SCSCF,GTW,I:MTAS,SCSCF,W:GTW,SCSCF,T:ICSCF,GTW,W:GTW,SCSCF,S:SCSCF,MTAS,S:MTAS,SCSCF,S:ICSCF,GTW,S:GTW,SCSCF,P:SCSCF,MTAS,P:MTAS,SCSCF,P:SCSCF,GTW,P:GTW,SCSCF,P-200:SCSCF,MTAS,P-200:MTAS,SCSCF,P-200:SCSCF,GTW,P-200:GTW,SCSCF,R:SCSCF,MTAS,R:MTAS,SCSCF,R:ICSCF,GTW,R:GTW,SCSCF,P:SCSCF,MTAS,P:MTAS,SCSCF,P:SCSCF,GTW,P:GTW,SCSCF,P-200:SCSCF,MTAS,P-200:MTAS,SCSCF,P-200:SCSCF,GTW,P-200:GTW,SCSCF,I-200:SCSCF,MTAS,I-200:MTAS,SCSCF,I-200:ICSCF,GTW,I-200:GTW,SCSCF,A:SCSCF,MTAS,A:MTAS,SCSCF,A:SCSCF,GTW,A:GTW,SCSCF,B:SCSCF,MTAS,B:MTAS,SCSCF,B:SCSCF,GTW,B:GTW,SCSCF,B-200:SCSCF,MTAS,B-200:MTAS,SCSCF,B-200:SCSCF,GTW,B-200"
599,599,0,0,53,-0.484629109267405,-0.4845462159338212,25,0,"GTW,ICSCF,I:ICSCF,GTW,T:SCSCF,ASLI,I:ASLI,SCSCF,T:ASLI,SCSCF,I-500:SCSCF,ASLI,A:SCSCF,MTAS,I:MTAS,SCSCF,I:SCSCF,MTAS,T:SCSCF,PCSCF,I:MTAS,SCSCF,T:PCSCF,SCSCF,T:SCSCF,MTAS,R:MTAS,SCSCF,R:PCSCF,SCSCF,R:ICSCF,GTW,R:GTW,SCSCF,P:SCSCF,MTAS,P:MTAS,SCSCF,P:SCSCF,PCSCF,P:PCSCF,SCSCF,P-200:SCSCF,MTAS,P-200:MTAS,SCSCF,P-200:SCSCF,GTW,P-200:PCSCF,SCSCF,I-200:SCSCF,MTAS,I-200:MTAS,SCSCF,I-200:ICSCF,GTW,I-200:GTW,SCSCF,A:SCSCF,MTAS,A:MTAS,SCSCF,A:SCSCF,PCSCF,A:PCSCF,SCSCF,B:SCSCF,MTAS,B:MTAS,SCSCF,B:SCSCF,GTW,B:GTW,SCSCF,B-200:SCSCF,MTAS,B-200:MTAS,SCSCF,B-200:SCSCF,PCSCF,B-200"
600,600,0,0,48,-0.6172100649819218,-0.6021562524104074,60,0,"PCSCF,SCSCF,I:SCSCF,PCSCF,T:SCSCF,ASLI,I:ASLI,SCSCF,T:ASLI,SCSCF,I-500:SCSCF,ASLI,A:MTAS,SCSCF,I:SCSCF,MTAS,T:SCSCF,GTW,I:GTW,SCSCF,T:GTW,SCSCF,S:SCSCF,MTAS,S:SCSCF,PCSCF,S:PCSCF,SCSCF,P:SCSCF,MTAS,P:MTAS,SCSCF,P:SCSCF,GTW,P:GTW,SCSCF,P-200:SCSCF,MTAS,P-200:MTAS,SCSCF,P-200:SCSCF,PCSCF,P-200:GTW,SCSCF,I-200:SCSCF,MTAS,I-200:SCSCF,PCSCF,I-200:PCSCF,SCSCF,A:SCSCF,MTAS,A:MTAS,SCSCF,A:SCSCF,GTW,A:PCSCF,SCSCF,B:SCSCF,MTAS,B:MTAS,SCSCF,B:SCSCF,GTW,B:GTW,SCSCF,B-200:SCSCF,MTAS,B-200:MTAS,SCSCF,B-200:SCSCF,PCSCF,B-200"
601,601,0,0,81,-0.7725962552402277,-0.76446454004255,1,0,"PCSCF,SCSCF,I:SCSCF,ASLI,I:ASLI,SCSCF,T:ASLI,SCSCF,I-500:SCSCF,ASLI,A:MTAS,SCSCF,I:SCSCF,MTAS,T:SCSCF,PCSCF,T:SCSCF,ASLI,I:ASLI,SCSCF,T:ASLI,SCSCF,I-500:SCSCF,ASLI,A:SCSCF,MTAS,I:MTAS,SCSCF,T:MTAS,SCSCF,I:SCSCF,MTAS,T:SCSCF,PCSCF,I:PCSCF,SCSCF,T:PCSCF,SCSCF,R:SCSCF,MTAS,R:MTAS,SCSCF,R:SCSCF,MTAS,R:SCSCF,PCSCF,R:PCSCF,SCSCF,P:MTAS,SCSCF,P:SCSCF,MTAS,P:MTAS,SCSCF,P:SCSCF,PCSCF,P:PCSCF,SCSCF,P-200:SCSCF,MTAS,P-200:MTAS,SCSCF,P-200:SCSCF,MTAS,P-200:SCSCF,PCSCF,P-200:PCSCF,SCSCF,I-200:SCSCF,MTAS,I-200:MTAS,SCSCF,I-200:SCSCF,MTAS,I-200:SCSCF,PCSCF,I-200:PCSCF,SCSCF,A:MTAS,SCSCF,A:SCSCF,MTAS,A:MTAS,SCSCF,A:SCSCF,PCSCF,A:MTAS,SCSCF,U:SCSCF,PCSCF,U:PCSCF,SCSCF,U-200:SCSCF,MTAS,U-200:MTAS,SCSCF,U:SCSCF,MTAS,U-200:SCSCF,PCSCF,U:PCSCF,SCSCF,U-200:SCSCF,MTAS,U-200:PCSCF,SCSCF,B:SCSCF,MTAS,B:MTAS,SCSCF,B:SCSCF,PCSCF,B:PCSCF,SCSCF,B-200:SCSCF,MTAS,B-200:MTAS,SCSCF,B-200:SCSCF,PCSCF,B-200"
602,602,0,0,53,-0.36705100684479475,-0.3669834238881995,5,0,"GTW,ICSCF,I:ICSCF,GTW,T:SCSCF,ASLI,I:ASLI,SCSCF,T:ASLI,SCSCF,I-500:SCSCF,ASLI,A:SCSCF,MTAS,I:MTAS,SCSCF,T:MTAS,SCSCF,I:SCSCF,MTAS,T:SCSCF,PCSCF,I:PCSCF,SCSCF,T:PCSCF,SCSCF,R:SCSCF,MTAS,R:MTAS,SCSCF,R:ICSCF,GTW,R:GTW,SCSCF,P:SCSCF,MTAS,P:MTAS,SCSCF,P:SCSCF,PCSCF,P:PCSCF,SCSCF,P-200:MTAS,SCSCF,P-200:SCSCF,MTAS,P-200:SCSCF,GTW,P-200:PCSCF,SCSCF,I-200:SCSCF,MTAS,I-200:MTAS,SCSCF,I-200:ICSCF,GTW,I-200:GTW,SCSCF,A:SCSCF,MTAS,A:MTAS,SCSCF,A:SCSCF,PCSCF,A:GTW,SCSCF,B:SCSCF,MTAS,B:MTAS,SCSCF,B:SCSCF,PCSCF,B:PCSCF,SCSCF,B-200:SCSCF,MTAS,B-200:MTAS,SCSCF,B-200:SCSCF,GTW,B-200"
603,603,0,0,27,-1.1054127153462712,-1.064633912584384,27,0,"GTW,ICSCF,I:ICSCF,GTW,T:SCSCF,ASLI,I:ASLI,SCSCF,T:ASLI,SCSCF,I-500:SCSCF,ASLI,A:SCSCF,MTAS,I:MTAS,SCSCF,T:MTAS,SCSCF,W:ICSCF,GTW,W:MTAS,SCSCF,I:SCSCF,MTAS,T:SCSCF,GTW,I:GTW,SCSCF,T:GTW,SCSCF,I-486:SCSCF,GTW,A:SCSCF,MTAS,I-486:MTAS,SCSCF,A:MTAS,SCSCF,I-486:SCSCF,MTAS,A:ICSCF,GTW,I-486:GTW,ICSCF,A"
604,604,0,0,74,-0.8814338526101819,-0.8491953758065289,28,0,"PCSCF,SCSCF,I:SCSCF,PCSCF,T:SCSCF,ASLI,I:ASLI,SCSCF,T:ASLI,SCSCF,I-500:SCSCF,ASLI,A:MTAS,SCSCF,I:SCSCF,MTAS,T:SCSCF,GTW,I:GTW,SCSCF,T:GTW,SCSCF,S:SCSCF,MTAS,S:SCSCF,PCSCF,S:PCSCF,SCSCF,P:SCSCF,MTAS,P:MTAS,SCSCF,P:SCSCF,GTW,P:GTW,SCSCF,P-200:SCSCF,MTAS,P-200:MTAS,SCSCF,P-200:SCSCF,PCSCF,P-200:GTW,SCSCF,S:SCSCF,MTAS,S:SCSCF,PCSCF,S:PCSCF,SCSCF,P:SCSCF,MTAS,P:MTAS,SCSCF,P:SCSCF,GTW,P:GTW,SCSCF,P-200:SCSCF,MTAS,P-200:MTAS,SCSCF,P-200:GTW,SCSCF,R:SCSCF,MTAS,R:SCSCF,PCSCF,P-200:SCSCF,PCSCF,R:PCSCF,SCSCF,P:SCSCF,MTAS,P:MTAS,SCSCF,P:SCSCF,GTW,P:GTW,SCSCF,P-200:SCSCF,MTAS,P-200:MTAS,SCSCF,P-200:SCSCF,PCSCF,P-200:PCSCF,SCSCF,C:SCSCF,PCSCF,C-200:MTAS,SCSCF,C:SCSCF,MTAS,C-200:SCSCF,GTW,C:GTW,SCSCF,C-200:GTW,SCSCF,I-487:SCSCF,GTW,A:SCSCF,MTAS,I-487:MTAS,SCSCF,A:SCSCF,PCSCF,I-487:PCSCF,SCSCF,A"
605,605,0,0,25,-1.32651643230226,-1.305885291845187,27,0,"PCSCF,SCSCF,I:SCSCF,PCSCF,T:SCSCF,PCSCF,I-407:PCSCF,SCSCF,A:PCSCF,SCSCF,I:SCSCF,ASLI,I:ASLI,SCSCF,T:ASLI,SCSCF,I-500:SCSCF,ASLI,A:MTAS,SCSCF,I:SCSCF,MTAS,T:SCSCF,GTW,I:GTW,SCSCF,T:SCSCF,PCSCF,T:GTW,SCSCF,I-486:SCSCF,GTW,A:SCSCF,MTAS,I-486:MTAS,SCSCF,A:SCSCF,PCSCF,I-486:PCSCF,SCSCF,A"
606,606,0,0,87,-1.0511894554802657,-1.0018887401964947,53,0,"GTW,ICSCF,I:ICSCF,GTW,T:SCSCF,ASLI,I:ASLI,SCSCF,T:ASLI,SCSCF,I-500:SCSCF,ASLI,A:SCSCF,MTAS,I:MTAS,SCSCF,T:MTAS,SCSCF,I:SCSCF,MTAS,T:SCSCF,PCSCF,I:PCSCF,SCSCF,T:PCSCF,SCSCF,R:SCSCF,MTAS,R:MTAS,SCSCF,R:ICSCF,GTW,R:GTW,SCSCF,P:SCSCF,MTAS,P:MTAS,SCSCF,P:SCSCF,PCSCF,P:PCSCF,SCSCF,P-200:SCSCF,MTAS,P-200:MTAS,SCSCF,P-200:SCSCF,GTW,P-200:MTAS,SCSCF,C:SCSCF,MTAS,C-200:SCSCF,PCSCF,C:PCSCF,SCSCF,C-200:PCSCF,SCSCF,I-487:SCSCF,PCSCF,A:SCSCF,MTAS,I-487:MTAS,SCSCF,A:MTAS,SCSCF,W:ICSCF,GTW,W:MTAS,SCSCF,S:ICSCF,GTW,S:GTW,SCSCF,P:SCSCF,MTAS,P:MTAS,SCSCF,P-200:SCSCF,GTW,P-200:MTAS,SCSCF,S:ICSCF,GTW,S:GTW,SCSCF,P:SCSCF,MTAS,P:MTAS,SCSCF,P-200:SCSCF,GTW,P-200:MTAS,SCSCF,S:ICSCF,GTW,S:GTW,SCSCF,P:SCSCF,MTAS,P:MTAS,SCSCF,P-200:SCSCF,GTW,P-200:MTAS,SCSCF,R:ICSCF,GTW,R:GTW,SCSCF,P:SCSCF,MTAS,P:MTAS,SCSCF,P-200:SCSCF,GTW,P-200:MTAS,SCSCF,I-200:ICSCF,GTW,I-200:GTW,SCSCF,A:SCSCF,MTAS,A:MTAS,SCSCF,B:SCSCF,GTW,B:GTW,SCSCF,B-200:SCSCF,MTAS,B-200"
607,607,0,0,30,-0.9399414660717457,-0.9238007926499041,37,0,"PCSCF,SCSCF,I:SCSCF,ASLI,I:ASLI,SCSCF,T:ASLI,SCSCF,I-500:SCSCF,ASLI,A:SCSCF,PCSCF,T:MTAS,SCSCF,I:SCSCF,MTAS,T:SCSCF,GTW,I:GTW,SCSCF,T:GTW,SCSCF,I-200:SCSCF,MTAS,I-200:SCSCF,PCSCF,I-200:PCSCF,SCSCF,A:SCSCF,MTAS,A:MTAS,SCSCF,A:SCSCF,GTW,A:PCSCF,SCSCF,B:MTAS,SCSCF,B:SCSCF,GTW,B:GTW,SCSCF,B-200:SCSCF,MTAS,B-200:SCSCF,PCSCF,B-200"
608,608,0,0,53,-0.6887699986194499,-0.6856741189309472,113,0,"PCSCF,SCSCF,I:SCSCF,PCSCF,T:SCSCF,ASLI,I:ASLI,SCSCF,T:ASLI,SCSCF,I-500:SCSCF,ASLI,A:MTAS,SCSCF,I:SCSCF,MTAS,T:SCSCF,GTW,I:GTW,SCSCF,T:GTW,SCSCF,R:SCSCF,MTAS,R:SCSCF,PCSCF,R:PCSCF,SCSCF,P:MTAS,SCSCF,P:SCSCF,GTW,P:GTW,SCSCF,P-200:SCSCF,MTAS,P-200:SCSCF,PCSCF,P-200:GTW,SCSCF,I-200:SCSCF,MTAS,I-200:SCSCF,PCSCF,I-200:PCSCF,SCSCF,A:SCSCF,MTAS,A:MTAS,SCSCF,A:SCSCF,GTW,A:MTAS,SCSCF,U:SCSCF,GTW,U:GTW,SCSCF,U-200:SCSCF,MTAS,U-200:SCSCF,PCSCF,U:PCSCF,SCSCF,U-200:SCSCF,MTAS,U-200:GTW,SCSCF,B:MTAS,SCSCF,B:SCSCF,PCSCF,B:PCSCF,SCSCF,B-200:SCSCF,MTAS,B-200:SCSCF,GTW,B-200"
609,609,0,0,42,-0.8566088033862197,-0.8276464757678381,0,0,"PCSCF,SCSCF,I:SCSCF,PCSCF,T:SCSCF,ASLI,I:ASLI,SCSCF,T:ASLI,SCSCF,I-500:MTAS,SCSCF,I:SCSCF,MTAS,T:SCSCF,ASLI,A:SCSCF,GTW,I:GTW,SCSCF,T:GTW,SCSCF,R:SCSCF,MTAS,R:SCSCF,PCSCF,R:PCSCF,SCSCF,P:MTAS,SCSCF,P:SCSCF,GTW,P:GTW,SCSCF,P-200:SCSCF,MTAS,P-200:SCSCF,PCSCF,P-200:GTW,SCSCF,I-200:SCSCF,MTAS,I-200:SCSCF,PCSCF,I-200:PCSCF,SCSCF,A:SCSCF,MTAS,A:MTAS,SCSCF,A:SCSCF,GTW,A:PCSCF,SCSCF,B:MTAS,SCSCF,B:SCSCF,GTW,B:GTW,SCSCF,B-200:SCSCF,MTAS,B-200:SCSCF,PCSCF,B-200"
610,610,0,0,75,-0.9279178867741884,-0.9188881340586316,60,0,"PCSCF,SCSCF,I:SCSCF,ASLI,I:ASLI,SCSCF,T:ASLI,SCSCF,I-500:SCSCF,ASLI,A:SCSCF,PCSCF,T:MTAS,SCSCF,I:SCSCF,MTAS,T:SCSCF,GTW,I:GTW,SCSCF,T:GTW,SCSCF,S:SCSCF,MTAS,S:SCSCF,PCSCF,S:PCSCF,SCSCF,P:SCSCF,MTAS,P:MTAS,SCSCF,P:SCSCF,GTW,P:GTW,SCSCF,P-200:GTW,SCSCF,S:SCSCF,MTAS,S:SCSCF,MTAS,P-200:MTAS,SCSCF,P-200:SCSCF,PCSCF,P-200:SCSCF,PCSCF,S:PCSCF,SCSCF,P:SCSCF,MTAS,P:MTAS,SCSCF,P:SCSCF,GTW,P:GTW,SCSCF,P-200:SCSCF,MTAS,P-200:MTAS,SCSCF,P-200:SCSCF,PCSCF,P-200:GTW,SCSCF,R:SCSCF,MTAS,R:SCSCF,PCSCF,R:PCSCF,SCSCF,P:SCSCF,MTAS,P:MTAS,SCSCF,P:SCSCF,GTW,P:GTW,SCSCF,P-200:SCSCF,MTAS,P-200:MTAS,SCSCF,P-200:SCSCF,PCSCF,P-200:GTW,SCSCF,I-200:SCSCF,MTAS,I-200:SCSCF,PCSCF,I-200:PCSCF,SCSCF,A:SCSCF,MTAS,A:MTAS,SCSCF,A:SCSCF,GTW,A:GTW,SCSCF,B:MTAS,SCSCF,B:SCSCF,PCSCF,B:PCSCF,SCSCF,B-200:SCSCF,MTAS,B-200:SCSCF,GTW,B-200"
611,611,0,0,29,-1.1415118733192908,-1.1202985814938207,124,0,"PCSCF,SCSCF,I:SCSCF,ASLI,I:SCSCF,PCSCF,T:ASLI,SCSCF,T:ASLI,SCSCF,I-500:SCSCF,ASLI,A:MTAS,SCSCF,I:SCSCF,MTAS,T:SCSCF,GTW,I:GTW,SCSCF,T:PCSCF,SCSCF,C:SCSCF,PCSCF,C-200:MTAS,SCSCF,C:SCSCF,MTAS,C-200:SCSCF,GTW,C:GTW,SCSCF,C-200:GTW,SCSCF,I-487:SCSCF,GTW,A:SCSCF,MTAS,I-487:MTAS,SCSCF,A:SCSCF,PCSCF,I-487:PCSCF,SCSCF,A"
612,612,0,0,65,-1.0796377764511258,-1.0394812435929195,59,0,"PCSCF,SCSCF,I:SCSCF,PCSCF,T:SCSCF,ASLI,I:ASLI,SCSCF,T:ASLI,SCSCF,I-500:MTAS,SCSCF,I:SCSCF,ASLI,A:SCSCF,MTAS,T:SCSCF,GTW,I:GTW,SCSCF,T:GTW,SCSCF,R:SCSCF,MTAS,R:SCSCF,PCSCF,R:PCSCF,SCSCF,P:MTAS,SCSCF,P:SCSCF,GTW,P:GTW,SCSCF,P-200:GTW,SCSCF,I-200:SCSCF,MTAS,I-200:SCSCF,MTAS,P-200:SCSCF,PCSCF,I-200:SCSCF,PCSCF,P-200:PCSCF,SCSCF,A:SCSCF,MTAS,A:MTAS,SCSCF,A:SCSCF,GTW,A:MTAS,SCSCF,U:SCSCF,GTW,U:GTW,SCSCF,U-200:SCSCF,MTAS,U-200:SCSCF,PCSCF,U:PCSCF,SCSCF,U-200:SCSCF,MTAS,U-200:MTAS,SCSCF,U:SCSCF,GTW,U:GTW,SCSCF,U-200:SCSCF,MTAS,U-200:MTAS,SCSCF,U:SCSCF,PCSCF,U:PCSCF,SCSCF,U-200:SCSCF,MTAS,U-200:GTW,SCSCF,B:MTAS,SCSCF,B:SCSCF,PCSCF,B:PCSCF,SCSCF,B-200:SCSCF,MTAS,B-200:SCSCF,GTW,B-200"
613,613,0,0,89,-0.6729364833456555,-0.6509230727217554,59,0,"GTW,ICSCF,I:ICSCF,GTW,T:SCSCF,ASLI,I:ASLI,SCSCF,T:ASLI,SCSCF,I-500:SCSCF,ASLI,A:SCSCF,MTAS,I:MTAS,SCSCF,T:MTAS,SCSCF,I:SCSCF,MTAS,T:SCSCF,PCSCF,I:PCSCF,SCSCF,T:PCSCF,SCSCF,R:SCSCF,MTAS,R:MTAS,SCSCF,R:ICSCF,GTW,R:GTW,SCSCF,P:SCSCF,MTAS,P:MTAS,SCSCF,P:SCSCF,PCSCF,P:PCSCF,SCSCF,P-200:SCSCF,MTAS,P-200:MTAS,SCSCF,P-200:SCSCF,GTW,P-200:PCSCF,SCSCF,I-200:SCSCF,MTAS,I-200:MTAS,SCSCF,I-200:ICSCF,GTW,I-200:GTW,SCSCF,A:SCSCF,MTAS,A:MTAS,SCSCF,A:SCSCF,PCSCF,A:MTAS,SCSCF,U:SCSCF,PCSCF,U:PCSCF,SCSCF,U-200:SCSCF,MTAS,U-200:MTAS,SCSCF,U:SCSCF,GTW,U:GTW,SCSCF,U-200:SCSCF,MTAS,U-200:MTAS,SCSCF,U:SCSCF,PCSCF,U:PCSCF,SCSCF,U-200:SCSCF,MTAS,U-200:MTAS,SCSCF,U:SCSCF,GTW,U:GTW,SCSCF,U-200:SCSCF,MTAS,U-200:MTAS,SCSCF,U:SCSCF,PCSCF,U:PCSCF,SCSCF,U-200:SCSCF,MTAS,U-200:MTAS,SCSCF,U:SCSCF,GTW,U:GTW,SCSCF,U-200:SCSCF,MTAS,U-200:GTW,SCSCF,B:SCSCF,MTAS,B:MTAS,SCSCF,B:SCSCF,PCSCF,B:PCSCF,SCSCF,B-200:SCSCF,MTAS,B-200:MTAS,SCSCF,B-200:SCSCF,GTW,B-200"
614,614,0,0,56,-0.5640469044387489,-0.5624775689300785,5,0,"GTW,ICSCF,I:ICSCF,GTW,T:SCSCF,ASLI,I:ASLI,SCSCF,T:ASLI,SCSCF,I-500:SCSCF,ASLI,A:SCSCF,MTAS,I:MTAS,SCSCF,T:MTAS,SCSCF,I:SCSCF,MTAS,T:SCSCF,PCSCF,I:PCSCF,SCSCF,T:PCSCF,SCSCF,R:SCSCF,MTAS,R:MTAS,SCSCF,R:ICSCF,GTW,R:GTW,SCSCF,P:SCSCF,MTAS,P:MTAS,SCSCF,P:SCSCF,PCSCF,P:PCSCF,SCSCF,P-200:SCSCF,MTAS,P-200:MTAS,SCSCF,P-200:SCSCF,GTW,P-200:PCSCF,SCSCF,I-200:SCSCF,MTAS,I-200:MTAS,SCSCF,I-200:ICSCF,GTW,I-200:GTW,SCSCF,A:SCSCF,MTAS,A:MTAS,SCSCF,A:SCSCF,PCSCF,A:GTW,SCSCF,B:SCSCF,MTAS,B:MTAS,SCSCF,B:SCSCF,PCSCF,B:PCSCF,SCSCF,B:PCSCF,SCSCF,B-200:SCSCF,MTAS,B-200:SCSCF,PCSCF,B-481:MTAS,SCSCF,B-200:SCSCF,GTW,B-200"
615,615,0,0,45,-0.8571525923498029,-0.8375478485425083,60,0,"PCSCF,SCSCF,I:SCSCF,ASLI,I:ASLI,SCSCF,T:SCSCF,PCSCF,T:ASLI,SCSCF,I-500:SCSCF,ASLI,A:MTAS,SCSCF,I:SCSCF,MTAS,T:SCSCF,GTW,I:GTW,SCSCF,T:GTW,SCSCF,S:SCSCF,MTAS,S:SCSCF,PCSCF,S:PCSCF,SCSCF,P:MTAS,SCSCF,P:SCSCF,GTW,P:GTW,SCSCF,P-200:SCSCF,MTAS,P-200:SCSCF,PCSCF,P-200:GTW,SCSCF,I-200:SCSCF,MTAS,I-200:SCSCF,PCSCF,I-200:PCSCF,SCSCF,A:SCSCF,MTAS,A:MTAS,SCSCF,A:SCSCF,GTW,A:PCSCF,SCSCF,B:SCSCF,MTAS,B:MTAS,SCSCF,B:SCSCF,GTW,B:GTW,SCSCF,B-200:SCSCF,MTAS,B-200:MTAS,SCSCF,B-200:SCSCF,PCSCF,B-200"
616,616,0,0,63,-0.7600240832563874,-0.7477382095783163,60,0,"PCSCF,SCSCF,I:SCSCF,PCSCF,T:SCSCF,ASLI,I:ASLI,SCSCF,T:ASLI,SCSCF,I-500:SCSCF,ASLI,A:MTAS,SCSCF,I:SCSCF,MTAS,T:SCSCF,GTW,I:GTW,SCSCF,T:GTW,SCSCF,S:SCSCF,MTAS,S:SCSCF,PCSCF,S:PCSCF,SCSCF,P:SCSCF,MTAS,P:MTAS,SCSCF,P:SCSCF,GTW,P:GTW,SCSCF,P-200:GTW,SCSCF,R:SCSCF,MTAS,R:SCSCF,MTAS,P-200:MTAS,SCSCF,P-200:SCSCF,PCSCF,P-200:SCSCF,PCSCF,R:PCSCF,SCSCF,P:SCSCF,MTAS,P:MTAS,SCSCF,P:SCSCF,GTW,P:GTW,SCSCF,P-200:SCSCF,MTAS,P-200:MTAS,SCSCF,P-200:SCSCF,PCSCF,P-200:GTW,SCSCF,I-200:SCSCF,MTAS,I-200:SCSCF,PCSCF,I-200:PCSCF,SCSCF,A:SCSCF,MTAS,A:MTAS,SCSCF,A:SCSCF,GTW,A:PCSCF,SCSCF,B:SCSCF,MTAS,B:MTAS,SCSCF,B:SCSCF,GTW,B:GTW,SCSCF,B-200:SCSCF,MTAS,B-200:MTAS,SCSCF,B-200:SCSCF,PCSCF,B-200"
617,617,0,0,53,-0.7384172899846864,-0.7145713818326299,5,0,"GTW,ICSCF,I:ICSCF,GTW,T:SCSCF,ASLI,I:ASLI,SCSCF,T:ASLI,SCSCF,I-500:SCSCF,MTAS,I:MTAS,SCSCF,T:MTAS,SCSCF,I:SCSCF,MTAS,T:SCSCF,ASLI,A:SCSCF,PCSCF,I:PCSCF,SCSCF,T:PCSCF,SCSCF,R:SCSCF,MTAS,R:MTAS,SCSCF,R:ICSCF,GTW,R:GTW,SCSCF,P:SCSCF,MTAS,P:MTAS,SCSCF,P:SCSCF,PCSCF,P:PCSCF,SCSCF,P-200:SCSCF,MTAS,P-200:MTAS,SCSCF,P-200:SCSCF,GTW,P-200:PCSCF,SCSCF,I-200:SCSCF,MTAS,I-200:MTAS,SCSCF,I-200:ICSCF,GTW,I-200:GTW,SCSCF,A:SCSCF,MTAS,A:MTAS,SCSCF,A:SCSCF,PCSCF,A:GTW,SCSCF,B:SCSCF,MTAS,B:MTAS,SCSCF,B:SCSCF,PCSCF,B:PCSCF,SCSCF,B-200:SCSCF,MTAS,B-200:MTAS,SCSCF,B-200:SCSCF,GTW,B-200"
618,618,0,0,34,-0.9725621864974843,-0.9250126704217664,124,0,"PCSCF,SCSCF,I:SCSCF,PCSCF,T:SCSCF,PCSCF,I-407:PCSCF,SCSCF,A:PCSCF,SCSCF,I:SCSCF,PCSCF,T:SCSCF,ASLI,I:ASLI,SCSCF,T:ASLI,SCSCF,I-500:SCSCF,ASLI,A:MTAS,SCSCF,I:SCSCF,MTAS,T:SCSCF,GTW,I:GTW,SCSCF,T:PCSCF,SCSCF,C:SCSCF,PCSCF,C-200:MTAS,SCSCF,C:SCSCF,MTAS,C-200:SCSCF,GTW,C:GTW,SCSCF,C-200:GTW,SCSCF,I-487:SCSCF,GTW,A:SCSCF,MTAS,I-487:MTAS,SCSCF,A:SCSCF,PCSCF,I-487:PCSCF,SCSCF,A"
619,619,0,1,32,-1.5649101192148012,-1.5119665903562862,65,0,"PCSCF,SCSCF,I:SCSCF,ASLI,I:ASLI,SCSCF,T:ASLI,SCSCF,I-500:SCSCF,ASLI,A:MTAS,SCSCF,I:SCSCF,MTAS,T:SCSCF,PCSCF,T:SCSCF,ASLI,I:ASLI,SCSCF,T:ASLI,SCSCF,I-500:SCSCF,ASLI,A:SCSCF,MTAS,I:MTAS,SCSCF,T:MTAS,SCSCF,I-486:SCSCF,MTAS,A:SCSCF,MTAS,I-486:MTAS,SCSCF,A:SCSCF,PCSCF,S:PCSCF,SCSCF,P:SCSCF,PCSCF,P-200:PCSCF,SCSCF,C:SCSCF,PCSCF,C-200:SCSCF,PCSCF,I-487:PCSCF,SCSCF,A"
620,620,0,0,110,-0.6640782795091791,-0.6469550840328633,59,0,"GTW,ICSCF,I:ICSCF,GTW,T:SCSCF,ASLI,I:ASLI,SCSCF,T:ASLI,SCSCF,I-500:SCSCF,ASLI,A:SCSCF,MTAS,I:MTAS,SCSCF,T:MTAS,SCSCF,I:SCSCF,MTAS,T:SCSCF,PCSCF,I:PCSCF,SCSCF,T:PCSCF,SCSCF,R:SCSCF,MTAS,R:MTAS,SCSCF,R:ICSCF,GTW,R:GTW,SCSCF,P:SCSCF,MTAS,P:MTAS,SCSCF,P:SCSCF,PCSCF,P:PCSCF,SCSCF,P-200:SCSCF,MTAS,P-200:MTAS,SCSCF,P-200:SCSCF,GTW,P-200:PCSCF,SCSCF,I-200:SCSCF,MTAS,I-200:MTAS,SCSCF,I-200:ICSCF,GTW,I-200:GTW,SCSCF,A:SCSCF,MTAS,A:MTAS,SCSCF,A:SCSCF,PCSCF,A:MTAS,SCSCF,U:SCSCF,GTW,U:GTW,SCSCF,U-200:SCSCF,PCSCF,U:SCSCF,MTAS,U-200:PCSCF,SCSCF,U-200:SCSCF,MTAS,U-200:MTAS,SCSCF,U:SCSCF,GTW,U:GTW,SCSCF,U-200:SCSCF,MTAS,U-200:MTAS,SCSCF,U:SCSCF,PCSCF,U:PCSCF,SCSCF,U-200:SCSCF,MTAS,U-200:MTAS,SCSCF,U:SCSCF,GTW,U:GTW,SCSCF,U-200:SCSCF,PCSCF,U:PCSCF,SCSCF,U-200:SCSCF,MTAS,U-200:MTAS,SCSCF,U:SCSCF,MTAS,U-200:MTAS,SCSCF,U:SCSCF,GTW,U:GTW,SCSCF,U-200:SCSCF,MTAS,U-200:SCSCF,PCSCF,U:PCSCF,SCSCF,U-200:SCSCF,MTAS,U-200:MTAS,SCSCF,U:SCSCF,GTW,U:SCSCF,PCSCF,U:GTW,SCSCF,U-200:SCSCF,MTAS,U-200:PCSCF,SCSCF,U-200:SCSCF,MTAS,U-200:PCSCF,SCSCF,B:SCSCF,MTAS,B:MTAS,SCSCF,B:SCSCF,GTW,B:GTW,SCSCF,B-200:SCSCF,MTAS,B-200:MTAS,SCSCF,B-200:SCSCF,PCSCF,B-200"
621,621,0,0,49,-0.8792142683661268,-0.878701137976277,190,0,"PCSCF,SCSCF,I:SCSCF,PCSCF,T:SCSCF,PCSCF,I-407:PCSCF,SCSCF,A:PCSCF,SCSCF,I:SCSCF,PCSCF,T:SCSCF,ASLI,I:ASLI,SCSCF,T:ASLI,SCSCF,I-500:SCSCF,ASLI,A:MTAS,SCSCF,I:SCSCF,MTAS,T:SCSCF,GTW,I:GTW,SCSCF,T:GTW,SCSCF,S:SCSCF,MTAS,S:SCSCF,PCSCF,S:PCSCF,SCSCF,P:MTAS,SCSCF,P:SCSCF,GTW,P:GTW,SCSCF,P-200:SCSCF,MTAS,P-200:SCSCF,PCSCF,P-200:GTW,SCSCF,S:SCSCF,MTAS,S:SCSCF,PCSCF,S:PCSCF,SCSCF,P:MTAS,SCSCF,P:SCSCF,GTW,P:GTW,SCSCF,P-200:SCSCF,MTAS,P-200:SCSCF,PCSCF,P-200:GTW,SCSCF,I-480:SCSCF,GTW,A:SCSCF,MTAS,I-480:MTAS,SCSCF,A:SCSCF,PCSCF,I-480:PCSCF,SCSCF,A"
622,622,0,0,53,-0.49137202578791994,-0.4912903569975366,49,0,"GTW,ICSCF,I:ICSCF,GTW,T:SCSCF,ASLI,I:ASLI,SCSCF,T:ASLI,SCSCF,I-500:SCSCF,MTAS,I:SCSCF,ASLI,A:MTAS,SCSCF,T:MTAS,SCSCF,I:SCSCF,MTAS,T:SCSCF,PCSCF,I:PCSCF,SCSCF,T:PCSCF,SCSCF,R:SCSCF,MTAS,R:MTAS,SCSCF,R:ICSCF,GTW,R:GTW,SCSCF,P:SCSCF,MTAS,P:MTAS,SCSCF,P:SCSCF,PCSCF,P:SCSCF,MTAS,P-200:PCSCF,SCSCF,P-200:MTAS,SCSCF,P-200:SCSCF,GTW,P-200:PCSCF,SCSCF,I-200:SCSCF,MTAS,I-200:MTAS,SCSCF,I-200:ICSCF,GTW,I-200:GTW,SCSCF,A:SCSCF,MTAS,A:MTAS,SCSCF,A:SCSCF,PCSCF,A:PCSCF,SCSCF,B:SCSCF,MTAS,B:MTAS,SCSCF,B:SCSCF,GTW,B:GTW,SCSCF,B-200:SCSCF,MTAS,B-200:MTAS,SCSCF,B-200:SCSCF,PCSCF,B-200"
623,623,0,0,24,-0.5280007003720376,-0.5245988299964588,5,0,"MTAS,SCSCF,I:SCSCF,MTAS,T:SCSCF,PCSCF,I:PCSCF,SCSCF,T:PCSCF,SCSCF,R:SCSCF,MTAS,R:MTAS,SCSCF,P:SCSCF,PCSCF,P:PCSCF,SCSCF,P-200:SCSCF,MTAS,P-200:PCSCF,SCSCF,I-200:SCSCF,MTAS,I-200:MTAS,SCSCF,A:SCSCF,PCSCF,A:PCSCF,SCSCF,B:SCSCF,MTAS,B:MTAS,SCSCF,B-200:SCSCF,PCSCF,B-200"
624,624,0,1,35,-1.9517158002344104,-1.9455380014245451,601,0,"GTW,ICSCF,I:ICSCF,GTW,T:SCSCF,ASLI,I:ASLI,SCSCF,T:ASLI,SCSCF,I-500:SCSCF,ASLI,A:SCSCF,MTAS,I:MTAS,SCSCF,T:MTAS,SCSCF,I:SCSCF,MTAS,T:SCSCF,PCSCF,I:PCSCF,SCSCF,T:PCSCF,SCSCF,R:SCSCF,MTAS,R:PCSCF,SCSCF,I-488:SCSCF,PCSCF,A:SCSCF,MTAS,I-488:MTAS,SCSCF,A:MTAS,SCSCF,R:MTAS,SCSCF,I-488:ICSCF,GTW,R:SCSCF,MTAS,A:ICSCF,GTW,I-488:GTW,SCSCF,P:GTW,ICSCF,A:SCSCF,GTW,P-481:GTW,ICSCF,C:ICSCF,GTW,C-200"
625,625,0,0,74,-0.8631703278600742,-0.831117945374901,60,0,"PCSCF,SCSCF,I:SCSCF,PCSCF,T:SCSCF,BCCAS,I:BCCAS,SCSCF,T:BCCAS,SCSCF,I-500:SCSCF,BCCAS,A:SCSCF,ASLI,I:ASLI,SCSCF,T:ASLI,SCSCF,I-500:SCSCF,ASLI,A:SCSCF,BCCAS,I:BCCAS,SCSCF,T:BCCAS,SCSCF,I:SCSCF,BCCAS,T:SCSCF,GTW,I:GTW,SCSCF,T:GTW,SCSCF,S:SCSCF,BCCAS,S:BCCAS,SCSCF,S:SCSCF,PCSCF,S:PCSCF,SCSCF,P:SCSCF,BCCAS,P:BCCAS,SCSCF,P:SCSCF,GTW,P:GTW,SCSCF,P-200:GTW,SCSCF,R:SCSCF,BCCAS,R:SCSCF,BCCAS,P-200:BCCAS,SCSCF,P-200:BCCAS,SCSCF,R:SCSCF,PCSCF,P-200:SCSCF,PCSCF,R:PCSCF,SCSCF,P:SCSCF,BCCAS,P:BCCAS,SCSCF,P:SCSCF,GTW,P:GTW,SCSCF,P-200:SCSCF,BCCAS,P-200:BCCAS,SCSCF,P-200:SCSCF,PCSCF,P-200:GTW,SCSCF,I-200:SCSCF,BCCAS,I-200:BCCAS,SCSCF,I-200:SCSCF,PCSCF,I-200:PCSCF,SCSCF,A:SCSCF,BCCAS,A:BCCAS,SCSCF,A:SCSCF,GTW,A:PCSCF,SCSCF,B:SCSCF,BCCAS,B:BCCAS,SCSCF,B:SCSCF,GTW,B:GTW,SCSCF,B-200:SCSCF,BCCAS,B-200:BCCAS,SCSCF,B-200:SCSCF,PCSCF,B-200"
626,626,0,0,94,-0.6403181220229457,-0.6194891763069076,59,0,"GTW,ICSCF,I:ICSCF,GTW,T:SCSCF,ASLI,I:ASLI,SCSCF,T:ASLI,SCSCF,I-500:SCSCF,ASLI,A:SCSCF,MTAS,I:MTAS,SCSCF,T:MTAS,SCSCF,I:SCSCF,MTAS,T:SCSCF,PCSCF,I:PCSCF,SCSCF,T:PCSCF,SCSCF,R:SCSCF,MTAS,R:MTAS,SCSCF,R:ICSCF,GTW,R:GTW,SCSCF,P:SCSCF,MTAS,P:MTAS,SCSCF,P:SCSCF,PCSCF,P:PCSCF,SCSCF,P-200:SCSCF,MTAS,P-200:MTAS,SCSCF,P-200:SCSCF,GTW,P-200:PCSCF,SCSCF,I-200:SCSCF,MTAS,I-200:MTAS,SCSCF,I-200:ICSCF,GTW,I-200:GTW,SCSCF,A:SCSCF,MTAS,A:MTAS,SCSCF,A:SCSCF,PCSCF,A:MTAS,SCSCF,U:SCSCF,PCSCF,U:SCSCF,GTW,U:GTW,SCSCF,U-200:SCSCF,MTAS,U-200:PCSCF,SCSCF,U-200:SCSCF,MTAS,U-200:MTAS,SCSCF,U:SCSCF,GTW,U:GTW,SCSCF,U-200:SCSCF,MTAS,U-200:MTAS,SCSCF,U:SCSCF,PCSCF,U:PCSCF,SCSCF,U-200:SCSCF,MTAS,U-200:MTAS,SCSCF,U:SCSCF,GTW,U:GTW,SCSCF,U-200:SCSCF,MTAS,U-200:MTAS,SCSCF,U:SCSCF,PCSCF,U:PCSCF,SCSCF,U-200:SCSCF,MTAS,U-200:PCSCF,SCSCF,B:SCSCF,MTAS,B:MTAS,SCSCF,B:SCSCF,GTW,B:GTW,SCSCF,B:SCSCF,MTAS,B:MTAS,SCSCF,B-200:GTW,SCSCF,B-200:SCSCF,GTW,B-200:SCSCF,MTAS,B-200:MTAS,SCSCF,B-200:SCSCF,PCSCF,B-200"
627,627,0,0,50,-1.3817235111723263,-1.3699174023848684,236,0,"PCSCF,SCSCF,I:SCSCF,PCSCF,T:SCSCF,PCSCF,I-407:PCSCF,SCSCF,A:PCSCF,SCSCF,I:SCSCF,PCSCF,T:SCSCF,ASLI,I:ASLI,SCSCF,T:ASLI,SCSCF,I-500:SCSCF,ASLI,A:MTAS,SCSCF,I:SCSCF,MTAS,T:SCSCF,GTW,I:GTW,SCSCF,T:GTW,SCSCF,S:SCSCF,MTAS,S:SCSCF,PCSCF,S:PCSCF,SCSCF,P:SCSCF,MTAS,P:MTAS,SCSCF,P:SCSCF,GTW,P:GTW,SCSCF,P-200:SCSCF,MTAS,P-200:MTAS,SCSCF,P-200:SCSCF,PCSCF,P-200:GTW,SCSCF,R:SCSCF,MTAS,R:SCSCF,PCSCF,R:GTW,SCSCF,I-480:SCSCF,GTW,A:SCSCF,MTAS,I-480:MTAS,SCSCF,A:PCSCF,SCSCF,P:SCSCF,MTAS,P:SCSCF,PCSCF,I-480:PCSCF,SCSCF,A:SCSCF,MTAS,P:MTAS,SCSCF,P-481:SCSCF,PCSCF,P-481"
628,628,0,0,70,-0.8236264230016849,-0.7883603156630298,59,0,"PCSCF,SCSCF,I:SCSCF,PCSCF,T:SCSCF,PCSCF,I-407:PCSCF,SCSCF,A:PCSCF,SCSCF,I:SCSCF,PCSCF,T:SCSCF,ASLI,I:ASLI,SCSCF,T:ASLI,SCSCF,I-500:SCSCF,ASLI,A:MTAS,SCSCF,I:SCSCF,MTAS,T:SCSCF,GTW,I:GTW,SCSCF,T:GTW,SCSCF,R:SCSCF,MTAS,R:SCSCF,PCSCF,R:PCSCF,SCSCF,P:MTAS,SCSCF,P:SCSCF,GTW,P:GTW,SCSCF,P-200:SCSCF,MTAS,P-200:SCSCF,PCSCF,P-200:GTW,SCSCF,I-200:SCSCF,MTAS,I-200:SCSCF,PCSCF,I-200:PCSCF,SCSCF,A:SCSCF,MTAS,A:MTAS,SCSCF,A:SCSCF,GTW,A:MTAS,SCSCF,U:SCSCF,GTW,U:GTW,SCSCF,U-200:SCSCF,MTAS,U-200:SCSCF,PCSCF,U:PCSCF,SCSCF,U-200:SCSCF,MTAS,U-200:MTAS,SCSCF,U:SCSCF,GTW,U:GTW,SCSCF,U-200:SCSCF,MTAS,U-200:MTAS,SCSCF,U:SCSCF,PCSCF,U:PCSCF,SCSCF,U-200:SCSCF,MTAS,U-200:PCSCF,SCSCF,B:MTAS,SCSCF,B:SCSCF,GTW,B:GTW,SCSCF,B-200:SCSCF,MTAS,B-200:SCSCF,PCSCF,B-200"
629,629,0,0,68,-1.1595626365558536,-1.1428625638398775,60,0,"PCSCF,SCSCF,I:SCSCF,PCSCF,T:SCSCF,ASLI,I:ASLI,SCSCF,T:ASLI,SCSCF,I-500:SCSCF,ASLI,A:MTAS,SCSCF,I:SCSCF,MTAS,T:SCSCF,GTW,I:GTW,SCSCF,T:GTW,SCSCF,S:SCSCF,MTAS,S:SCSCF,PCSCF,S:PCSCF,SCSCF,P:MTAS,SCSCF,P:SCSCF,GTW,P:GTW,SCSCF,P-200:GTW,SCSCF,S:SCSCF,MTAS,P-200:SCSCF,PCSCF,P-200:SCSCF,MTAS,S:SCSCF,PCSCF,S:PCSCF,SCSCF,P:MTAS,SCSCF,P:SCSCF,GTW,P:GTW,SCSCF,P-200:SCSCF,MTAS,P-200:SCSCF,PCSCF,P-200:GTW,SCSCF,I-200:SCSCF,MTAS,I-200:SCSCF,PCSCF,I-200:PCSCF,SCSCF,A:SCSCF,MTAS,A:MTAS,SCSCF,A:SCSCF,GTW,T:SCSCF,GTW,A:GTW,SCSCF,I:MTAS,SCSCF,I:SCSCF,MTAS,T:SCSCF,PCSCF,I:PCSCF,SCSCF,I-200:SCSCF,MTAS,I-200:SCSCF,GTW,I-200:GTW,SCSCF,A:MTAS,SCSCF,A:SCSCF,PCSCF,A:PCSCF,SCSCF,B:MTAS,SCSCF,B:SCSCF,GTW,B:GTW,SCSCF,B-200:SCSCF,MTAS,B-200:SCSCF,PCSCF,B-200"
630,630,0,0,63,-0.9120525154482315,-0.8845112399208397,59,0,"PCSCF,SCSCF,I:SCSCF,PCSCF,T:SCSCF,PCSCF,I-407:PCSCF,SCSCF,A:PCSCF,SCSCF,I:SCSCF,PCSCF,T:SCSCF,ASLI,I:ASLI,SCSCF,T:ASLI,SCSCF,I-500:SCSCF,ASLI,A:MTAS,SCSCF,I:SCSCF,MTAS,T:SCSCF,GTW,I:GTW,SCSCF,T:GTW,SCSCF,R:SCSCF,MTAS,R:SCSCF,PCSCF,R:GTW,SCSCF,R:SCSCF,MTAS,R:SCSCF,PCSCF,R:GTW,SCSCF,I-200:SCSCF,MTAS,I-200:SCSCF,PCSCF,I-200:PCSCF,SCSCF,A:SCSCF,MTAS,A:MTAS,SCSCF,A:SCSCF,GTW,A:MTAS,SCSCF,U:SCSCF,GTW,U:GTW,SCSCF,U-200:SCSCF,MTAS,U-200:SCSCF,PCSCF,U:PCSCF,SCSCF,U-200:SCSCF,MTAS,U-200:MTAS,SCSCF,U:SCSCF,GTW,U:SCSCF,PCSCF,U:GTW,SCSCF,U-200:SCSCF,MTAS,U-200:PCSCF,SCSCF,U-200:SCSCF,MTAS,U-200:GTW,SCSCF,B:MTAS,SCSCF,B:SCSCF,PCSCF,B:PCSCF,SCSCF,B-200:SCSCF,MTAS,B-200:SCSCF,GTW,B-200"
631,631,0,0,59,-1.0627379306573428,-1.0321419843762971,248,0,"PCSCF,SCSCF,I:SCSCF,ASLI,I:ASLI,SCSCF,T:SCSCF,PCSCF,T:ASLI,SCSCF,I-500:SCSCF,ASLI,A:MTAS,SCSCF,I:SCSCF,MTAS,T:SCSCF,GTW,I:GTW,SCSCF,T:GTW,SCSCF,S:SCSCF,MTAS,S:SCSCF,PCSCF,S:PCSCF,SCSCF,P:SCSCF,MTAS,P:MTAS,SCSCF,P:SCSCF,GTW,P:GTW,SCSCF,P-200:SCSCF,MTAS,P-200:MTAS,SCSCF,P-200:SCSCF,PCSCF,P-200:GTW,SCSCF,R:SCSCF,MTAS,R:SCSCF,PCSCF,R:PCSCF,SCSCF,P:SCSCF,MTAS,P:MTAS,SCSCF,P:SCSCF,GTW,P:GTW,SCSCF,P-200:SCSCF,MTAS,P-200:MTAS,SCSCF,P-200:SCSCF,PCSCF,P-200:PCSCF,SCSCF,C:MTAS,SCSCF,C:SCSCF,MTAS,C-200:SCSCF,GTW,C:GTW,SCSCF,C-200:GTW,SCSCF,I-487:SCSCF,GTW,A:SCSCF,MTAS,I-487:MTAS,SCSCF,A:SCSCF,PCSCF,C-200:SCSCF,PCSCF,I-487:PCSCF,SCSCF,A"
632,632,0,0,65,-0.6130423078040579,-0.6114345255372274,113,0,"GTW,ICSCF,I:ICSCF,GTW,T:SCSCF,ASLI,I:ASLI,SCSCF,T:ASLI,SCSCF,I-500:SCSCF,ASLI,A:SCSCF,MTAS,I:MTAS,SCSCF,T:MTAS,SCSCF,I:SCSCF,MTAS,T:SCSCF,PCSCF,I:PCSCF,SCSCF,T:PCSCF,SCSCF,R:SCSCF,MTAS,R:MTAS,SCSCF,R:ICSCF,GTW,R:GTW,SCSCF,P:SCSCF,MTAS,P:MTAS,SCSCF,P:SCSCF,PCSCF,P:PCSCF,SCSCF,P-200:SCSCF,MTAS,P-200:MTAS,SCSCF,P-200:SCSCF,GTW,P-200:PCSCF,SCSCF,I-200:SCSCF,MTAS,I-200:MTAS,SCSCF,I-200:ICSCF,GTW,I-200:GTW,SCSCF,A:SCSCF,MTAS,A:MTAS,SCSCF,A:SCSCF,PCSCF,A:MTAS,SCSCF,U:SCSCF,PCSCF,U:MTAS,SCSCF,U:PCSCF,SCSCF,U-200:SCSCF,GTW,U:SCSCF,MTAS,U-200:GTW,SCSCF,U-200:SCSCF,MTAS,U-200:PCSCF,SCSCF,B:SCSCF,MTAS,B:MTAS,SCSCF,B:SCSCF,GTW,B:GTW,SCSCF,B-200:SCSCF,MTAS,B-200:MTAS,SCSCF,B-200:SCSCF,PCSCF,B-200"
633,633,0,0,60,-0.685912186411882,-0.6846292441833666,100,0,"GTW,ICSCF,I:ICSCF,GTW,T:SCSCF,ASLI,I:ASLI,SCSCF,T:ASLI,SCSCF,I-500:SCSCF,ASLI,A:SCSCF,MTAS,I:MTAS,SCSCF,T:MTAS,SCSCF,I:SCSCF,MTAS,T:SCSCF,PCSCF,I:PCSCF,SCSCF,T:PCSCF,SCSCF,R:SCSCF,MTAS,R:MTAS,SCSCF,R:ICSCF,GTW,R:PCSCF,SCSCF,I-200:SCSCF,MTAS,I-200:MTAS,SCSCF,I-200:ICSCF,GTW,I-200:GTW,SCSCF,A:SCSCF,MTAS,A:MTAS,SCSCF,A:SCSCF,PCSCF,A:GTW,SCSCF,I:SCSCF,GTW,T:SCSCF,MTAS,I:MTAS,SCSCF,T:MTAS,SCSCF,I:SCSCF,MTAS,T:SCSCF,PCSCF,I:PCSCF,SCSCF,I-200:SCSCF,MTAS,I-200:MTAS,SCSCF,I-200:SCSCF,GTW,I-200:GTW,SCSCF,A:SCSCF,MTAS,A:MTAS,SCSCF,A:SCSCF,PCSCF,A:PCSCF,SCSCF,B:SCSCF,MTAS,B:MTAS,SCSCF,B:SCSCF,GTW,B:GTW,SCSCF,B-200:SCSCF,MTAS,B-200:MTAS,SCSCF,B-200:SCSCF,PCSCF,B-200"
634,634,0,1,58,-1.51962428088269,-1.4478652006717438,158,0,"GTW,ICSCF,I:ICSCF,GTW,T:SCSCF,ASLI,I:ASLI,SCSCF,T:ASLI,SCSCF,I-500:SCSCF,ASLI,A:SCSCF,MTAS,I:MTAS,SCSCF,T:MTAS,SCSCF,I:SCSCF,MTAS,T:SCSCF,PCSCF,I:PCSCF,SCSCF,T:SCSCF,PCSCF,I:PCSCF,SCSCF,R:SCSCF,MTAS,R:MTAS,SCSCF,R:ICSCF,GTW,R:GTW,SCSCF,P:SCSCF,MTAS,P:MTAS,SCSCF,P:PCSCF,SCSCF,T:SCSCF,PCSCF,P:PCSCF,SCSCF,P-200:SCSCF,MTAS,P-200:MTAS,SCSCF,P-200:SCSCF,GTW,P-200:PCSCF,SCSCF,I-408:SCSCF,PCSCF,A:PCSCF,SCSCF,B:SCSCF,MTAS,B:MTAS,SCSCF,B-481:SCSCF,PCSCF,B-481:GTW,ICSCF,C:ICSCF,GTW,C-200:SCSCF,MTAS,C:MTAS,SCSCF,C-200:MTAS,SCSCF,C:SCSCF,MTAS,C-200:SCSCF,PCSCF,C:PCSCF,SCSCF,C-481:MTAS,SCSCF,I-487:SCSCF,MTAS,A:ICSCF,GTW,I-487:GTW,ICSCF,A"
635,635,0,0,32,-1.1025871669010374,-1.0910571647420177,124,0,"PCSCF,SCSCF,I:SCSCF,ASLI,I:ASLI,SCSCF,T:SCSCF,PCSCF,T:ASLI,SCSCF,I-500:SCSCF,ASLI,A:MTAS,SCSCF,I:SCSCF,MTAS,T:SCSCF,GTW,I:GTW,SCSCF,T:GTW,SCSCF,R:SCSCF,MTAS,R:SCSCF,PCSCF,R:PCSCF,SCSCF,C:SCSCF,PCSCF,C-200:MTAS,SCSCF,C:SCSCF,MTAS,C-200:SCSCF,GTW,C:GTW,SCSCF,C-200:GTW,SCSCF,I-487:SCSCF,GTW,A:SCSCF,MTAS,I-487:MTAS,SCSCF,A:SCSCF,PCSCF,I-487:PCSCF,SCSCF,A"
636,636,0,0,55,-0.7585741222608113,-0.7345363617540431,14,0,"GTW,ICSCF,I:ICSCF,GTW,T:SCSCF,ASLI,I:ASLI,SCSCF,T:ASLI,SCSCF,I-500:SCSCF,ASLI,A:SCSCF,MTAS,I:MTAS,SCSCF,T:MTAS,SCSCF,W:ICSCF,GTW,W:MTAS,SCSCF,I:SCSCF,MTAS,T:SCSCF,GTW,I:GTW,SCSCF,T:GTW,SCSCF,R:SCSCF,MTAS,R:MTAS,SCSCF,R:ICSCF,GTW,R:GTW,SCSCF,P:SCSCF,MTAS,P:MTAS,SCSCF,P:SCSCF,GTW,P:GTW,SCSCF,P-200:SCSCF,MTAS,P-200:MTAS,SCSCF,P-200:SCSCF,GTW,P-200:GTW,SCSCF,I-200:SCSCF,MTAS,I-200:MTAS,SCSCF,I-200:ICSCF,GTW,I-200:GTW,SCSCF,A:SCSCF,MTAS,A:MTAS,SCSCF,A:SCSCF,GTW,A:GTW,SCSCF,B:SCSCF,MTAS,B:MTAS,SCSCF,B:SCSCF,GTW,B:GTW,SCSCF,B-200:SCSCF,MTAS,B-200:MTAS,SCSCF,B-200:SCSCF,GTW,B-200"
637,637,0,0,85,-0.5727017188797254,-0.5692408764660949,113,0,"PCSCF,SCSCF,I:SCSCF,PCSCF,T:SCSCF,PCSCF,I-407:PCSCF,SCSCF,A:PCSCF,SCSCF,I:SCSCF,PCSCF,T:SCSCF,ASLI,I:ASLI,SCSCF,T:ASLI,SCSCF,I-500:SCSCF,ASLI,A:MTAS,SCSCF,I:SCSCF,MTAS,T:SCSCF,ASLI,I:ASLI,SCSCF,T:ASLI,SCSCF,I-500:SCSCF,ASLI,A:SCSCF,MTAS,I:MTAS,SCSCF,T:MTAS,SCSCF,I:SCSCF,MTAS,T:SCSCF,PCSCF,I:PCSCF,SCSCF,T:PCSCF,SCSCF,R:SCSCF,MTAS,R:MTAS,SCSCF,R:SCSCF,MTAS,R:SCSCF,PCSCF,R:PCSCF,SCSCF,P:MTAS,SCSCF,P:SCSCF,MTAS,P:MTAS,SCSCF,P:SCSCF,PCSCF,P:PCSCF,SCSCF,P-200:SCSCF,MTAS,P-200:MTAS,SCSCF,P-200:SCSCF,MTAS,P-200:SCSCF,PCSCF,P-200:PCSCF,SCSCF,I-200:SCSCF,MTAS,I-200:MTAS,SCSCF,I-200:SCSCF,MTAS,I-200:SCSCF,PCSCF,I-200:PCSCF,SCSCF,A:MTAS,SCSCF,A:SCSCF,MTAS,A:MTAS,SCSCF,A:SCSCF,PCSCF,A:MTAS,SCSCF,U:SCSCF,PCSCF,U:PCSCF,SCSCF,U-200:SCSCF,MTAS,U-200:PCSCF,SCSCF,U-200:SCSCF,MTAS,U-200:PCSCF,SCSCF,B:MTAS,SCSCF,B:SCSCF,MTAS,B:MTAS,SCSCF,B:SCSCF,PCSCF,B:PCSCF,SCSCF,B-200:SCSCF,MTAS,B-200:MTAS,SCSCF,B-200:SCSCF,MTAS,B-200:SCSCF,PCSCF,B-200"
638,638,0,0,88,-0.6460425841577941,-0.6240721301647155,59,0,"GTW,ICSCF,I:ICSCF,GTW,T:SCSCF,ASLI,I:ASLI,SCSCF,T:ASLI,SCSCF,I-500:SCSCF,ASLI,A:SCSCF,MTAS,I:MTAS,SCSCF,T:MTAS,SCSCF,I:SCSCF,MTAS,T:SCSCF,PCSCF,I:PCSCF,SCSCF,T:PCSCF,SCSCF,R:SCSCF,MTAS,R:MTAS,SCSCF,R:ICSCF,GTW,R:GTW,SCSCF,P:SCSCF,MTAS,P:MTAS,SCSCF,P:SCSCF,PCSCF,P:PCSCF,SCSCF,P-200:SCSCF,MTAS,P-200:MTAS,SCSCF,P-200:SCSCF,GTW,P-200:PCSCF,SCSCF,I-200:SCSCF,MTAS,I-200:MTAS,SCSCF,I-200:ICSCF,GTW,I-200:GTW,SCSCF,A:SCSCF,MTAS,A:MTAS,SCSCF,A:SCSCF,PCSCF,A:MTAS,SCSCF,U:SCSCF,PCSCF,U:MTAS,SCSCF,U:SCSCF,GTW,U:PCSCF,SCSCF,U-200:SCSCF,MTAS,U-200:GTW,SCSCF,U-200:SCSCF,MTAS,U-200:MTAS,SCSCF,U:SCSCF,PCSCF,U:SCSCF,GTW,U:GTW,SCSCF,U-200:SCSCF,MTAS,U-200:PCSCF,SCSCF,U-200:SCSCF,MTAS,U-200:MTAS,SCSCF,U:SCSCF,GTW,U:GTW,SCSCF,U-200:SCSCF,MTAS,U-200:MTAS,SCSCF,U:SCSCF,PCSCF,U:PCSCF,SCSCF,U-200:SCSCF,MTAS,U-200:PCSCF,SCSCF,B:SCSCF,MTAS,B:MTAS,SCSCF,B:SCSCF,GTW,B:GTW,SCSCF,B-200:SCSCF,MTAS,B-200:MTAS,SCSCF,B-200:SCSCF,PCSCF,B-200"
639,639,0,0,59,-0.340236938816352,-0.34018754996200656,5,0,"GTW,ICSCF,I:ICSCF,GTW,T:SCSCF,ASLI,I:ASLI,SCSCF,T:ASLI,SCSCF,I-500:SCSCF,ASLI,A:SCSCF,MTAS,I:MTAS,SCSCF,T:MTAS,SCSCF,I:SCSCF,MTAS,T:SCSCF,PCSCF,I:PCSCF,SCSCF,T:PCSCF,SCSCF,R:SCSCF,MTAS,R:MTAS,SCSCF,R:ICSCF,GTW,R:GTW,SCSCF,P:SCSCF,MTAS,P:MTAS,SCSCF,P:SCSCF,PCSCF,P:PCSCF,SCSCF,P-200:SCSCF,MTAS,P-200:MTAS,SCSCF,P-200:SCSCF,GTW,P-200:PCSCF,SCSCF,I-200:SCSCF,MTAS,I-200:MTAS,SCSCF,I-200:ICSCF,GTW,I-200:GTW,SCSCF,A:SCSCF,MTAS,A:MTAS,SCSCF,A:SCSCF,PCSCF,A:PCSCF,SCSCF,B:SCSCF,MTAS,B:MTAS,SCSCF,B:GTW,SCSCF,B:SCSCF,GTW,B:SCSCF,MTAS,B:MTAS,SCSCF,B-200:SCSCF,GTW,B-200:GTW,SCSCF,B-200:SCSCF,MTAS,B-200:MTAS,SCSCF,B-200:SCSCF,PCSCF,B-200"
640,640,0,0,53,-0.7878577922846176,-0.7779900087130984,68,0,"GTW,ICSCF,I:ICSCF,GTW,T:SCSCF,ASLI,I:ASLI,SCSCF,T:ASLI,SCSCF,I-500:SCSCF,MTAS,I:MTAS,SCSCF,T:MTAS,SCSCF,I:SCSCF,MTAS,T:SCSCF,PCSCF,I:SCSCF,ASLI,A:PCSCF,SCSCF,T:PCSCF,SCSCF,R:SCSCF,MTAS,R:MTAS,SCSCF,R:ICSCF,GTW,R:GTW,SCSCF,P:SCSCF,MTAS,P:MTAS,SCSCF,P:SCSCF,PCSCF,P:PCSCF,SCSCF,P-200:SCSCF,MTAS,P-200:MTAS,SCSCF,P-200:SCSCF,GTW,P-200:GTW,ICSCF,C:ICSCF,GTW,C-200:SCSCF,MTAS,C:MTAS,SCSCF,C-200:MTAS,SCSCF,C:SCSCF,MTAS,C-200:SCSCF,PCSCF,C:PCSCF,SCSCF,C-200:PCSCF,SCSCF,I-487:SCSCF,PCSCF,A:SCSCF,MTAS,I-487:MTAS,SCSCF,A:MTAS,SCSCF,I-487:ICSCF,GTW,I-487:GTW,ICSCF,A:SCSCF,MTAS,A"
641,641,0,0,112,-0.6638080555822666,-0.6470111746417054,59,0,"GTW,ICSCF,I:ICSCF,GTW,T:SCSCF,ASLI,I:ASLI,SCSCF,T:ASLI,SCSCF,I-500:SCSCF,ASLI,A:SCSCF,MTAS,I:MTAS,SCSCF,T:MTAS,SCSCF,I:SCSCF,MTAS,T:SCSCF,PCSCF,I:PCSCF,SCSCF,T:PCSCF,SCSCF,R:SCSCF,MTAS,R:MTAS,SCSCF,R:ICSCF,GTW,R:GTW,SCSCF,P:SCSCF,MTAS,P:MTAS,SCSCF,P:SCSCF,PCSCF,P:PCSCF,SCSCF,P-200:SCSCF,MTAS,P-200:MTAS,SCSCF,P-200:SCSCF,GTW,P-200:PCSCF,SCSCF,I-200:SCSCF,MTAS,I-200:MTAS,SCSCF,I-200:ICSCF,GTW,I-200:GTW,SCSCF,A:SCSCF,MTAS,A:MTAS,SCSCF,A:SCSCF,PCSCF,A:MTAS,SCSCF,U:SCSCF,GTW,U:GTW,SCSCF,U-200:SCSCF,MTAS,U-200:SCSCF,PCSCF,U:PCSCF,SCSCF,U-200:SCSCF,MTAS,U-200:MTAS,SCSCF,U:SCSCF,GTW,U:GTW,SCSCF,U-200:SCSCF,MTAS,U-200:MTAS,SCSCF,U:SCSCF,PCSCF,U:PCSCF,SCSCF,U-200:SCSCF,MTAS,U-200:MTAS,SCSCF,U:SCSCF,GTW,U:GTW,SCSCF,U-200:SCSCF,MTAS,U-200:MTAS,SCSCF,U:SCSCF,PCSCF,U:PCSCF,SCSCF,U-200:SCSCF,MTAS,U-200:MTAS,SCSCF,U:SCSCF,GTW,U:GTW,SCSCF,U-200:SCSCF,MTAS,U-200:MTAS,SCSCF,U:SCSCF,PCSCF,U:PCSCF,SCSCF,U-200:SCSCF,MTAS,U-200:MTAS,SCSCF,U:SCSCF,GTW,U:GTW,SCSCF,U-200:SCSCF,MTAS,U-200:MTAS,SCSCF,U:SCSCF,PCSCF,U:PCSCF,SCSCF,U-200:SCSCF,MTAS,U-200:PCSCF,SCSCF,B:SCSCF,MTAS,B:MTAS,SCSCF,B:SCSCF,GTW,B:GTW,SCSCF,B-200:SCSCF,MTAS,B-200:MTAS,SCSCF,B-200:SCSCF,PCSCF,B-200"
642,642,0,0,53,-1.2891058142840321,-1.239046702353215,76,0,"PCSCF,SCSCF,I:SCSCF,ASLI,I:ASLI,SCSCF,T:ASLI,SCSCF,I-500:SCSCF,ASLI,A:SCSCF,PCSCF,T:MTAS,SCSCF,I:SCSCF,MTAS,T:SCSCF,GTW,I:GTW,SCSCF,T:GTW,SCSCF,S:SCSCF,MTAS,S:SCSCF,PCSCF,S:PCSCF,SCSCF,P:MTAS,SCSCF,P:SCSCF,GTW,P:GTW,SCSCF,S:SCSCF,MTAS,S:GTW,SCSCF,P-200:SCSCF,MTAS,P-200:SCSCF,PCSCF,P-200:SCSCF,PCSCF,S:PCSCF,SCSCF,P:MTAS,SCSCF,P:SCSCF,GTW,P:GTW,SCSCF,P-200:SCSCF,MTAS,P-200:SCSCF,PCSCF,P-200:PCSCF,SCSCF,C:MTAS,SCSCF,C:SCSCF,MTAS,C-200:SCSCF,GTW,C:SCSCF,PCSCF,C-200:GTW,SCSCF,C-200:GTW,SCSCF,I-487:SCSCF,GTW,A:SCSCF,MTAS,I-487:MTAS,SCSCF,A:SCSCF,PCSCF,I-487:PCSCF,SCSCF,A"
643,643,0,0,48,-1.0407817913492499,-1.0011232939247712,180,0,"PCSCF,SCSCF,I:SCSCF,PCSCF,T:SCSCF,ASLI,I:ASLI,SCSCF,T:ASLI,SCSCF,I-500:SCSCF,ASLI,A:MTAS,SCSCF,I:SCSCF,MTAS,T:SCSCF,GTW,I:GTW,SCSCF,T:GTW,SCSCF,S:SCSCF,MTAS,S:GTW,SCSCF,S:SCSCF,MTAS,S:SCSCF,PCSCF,S:PCSCF,SCSCF,P:MTAS,SCSCF,P:SCSCF,GTW,P:GTW,SCSCF,P-200:SCSCF,MTAS,P-200:GTW,SCSCF,R:SCSCF,MTAS,R:SCSCF,PCSCF,P-200:SCSCF,PCSCF,R:GTW,SCSCF,R:SCSCF,MTAS,R:PCSCF,SCSCF,P:MTAS,SCSCF,P:SCSCF,GTW,P:GTW,SCSCF,P-200:SCSCF,MTAS,P-200:SCSCF,PCSCF,P-200:GTW,SCSCF,I-486:SCSCF,GTW,A:SCSCF,MTAS,I-486:MTAS,SCSCF,A:SCSCF,PCSCF,I-486:PCSCF,SCSCF,A"
644,644,0,1,24,-1.6480739575387566,-1.6202393497487646,356,0,"PCSCF,SCSCF,I:SCSCF,PCSCF,T:SCSCF,ASLI,I:ASLI,SCSCF,T:ASLI,SCSCF,I-500:MTAS,SCSCF,I:SCSCF,MTAS,T:SCSCF,ASLI,A:SCSCF,GTW,I:GTW,SCSCF,T:GTW,SCSCF,I-404:SCSCF,GTW,A:SCSCF,MTAS,I-404:MTAS,SCSCF,A:SCSCF,PCSCF,S:PCSCF,SCSCF,P:SCSCF,PCSCF,P-200:SCSCF,PCSCF,I-404:PCSCF,SCSCF,A"
645,645,0,0,88,-0.8602701378186114,-0.82603048280248,59,0,"GTW,ICSCF,I:ICSCF,GTW,T:SCSCF,ASLI,I:ASLI,SCSCF,T:ASLI,SCSCF,I-500:SCSCF,MTAS,I:MTAS,SCSCF,I:SCSCF,MTAS,T:SCSCF,PCSCF,I:MTAS,SCSCF,T:SCSCF,ASLI,A:PCSCF,SCSCF,T:PCSCF,SCSCF,R:SCSCF,MTAS,R:MTAS,SCSCF,R:ICSCF,GTW,R:GTW,SCSCF,P:SCSCF,MTAS,P:MTAS,SCSCF,P:SCSCF,PCSCF,P:PCSCF,SCSCF,P-200:SCSCF,MTAS,P-200:MTAS,SCSCF,P-200:SCSCF,GTW,P-200:PCSCF,SCSCF,I-200:SCSCF,MTAS,I-200:MTAS,SCSCF,I-200:ICSCF,GTW,I-200:GTW,SCSCF,A:SCSCF,MTAS,A:MTAS,SCSCF,A:SCSCF,PCSCF,A:MTAS,SCSCF,U:SCSCF,PCSCF,U:MTAS,SCSCF,U:SCSCF,GTW,U:PCSCF,SCSCF,U-200:SCSCF,MTAS,U-200:GTW,SCSCF,U-200:SCSCF,MTAS,U-200:MTAS,SCSCF,U:SCSCF,PCSCF,U:MTAS,SCSCF,U:SCSCF,GTW,U:PCSCF,SCSCF,U-200:SCSCF,MTAS,U-200:GTW,SCSCF,U-200:SCSCF,MTAS,U-200:MTAS,SCSCF,U:SCSCF,PCSCF,U:SCSCF,GTW,U:GTW,SCSCF,U-200:SCSCF,MTAS,U-200:PCSCF,SCSCF,U-200:SCSCF,MTAS,U-200:PCSCF,SCSCF,B:SCSCF,MTAS,B:MTAS,SCSCF,B:SCSCF,GTW,B:GTW,SCSCF,B-200:SCSCF,MTAS,B-200:MTAS,SCSCF,B-200:SCSCF,PCSCF,B-200"
646,646,0,0,64,-0.8917678855261014,-0.8870190620197864,24,0,"PCSCF,SCSCF,I:SCSCF,PCSCF,T:SCSCF,PCSCF,I-407:PCSCF,SCSCF,A:PCSCF,SCSCF,I:SCSCF,ASLI,I:ASLI,SCSCF,T:ASLI,SCSCF,I-500:SCSCF,ASLI,A:SCSCF,PCSCF,T:MTAS,SCSCF,I:SCSCF,MTAS,T:SCSCF,GTW,I:GTW,SCSCF,T:GTW,SCSCF,R:SCSCF,MTAS,R:SCSCF,PCSCF,R:PCSCF,SCSCF,P:SCSCF,MTAS,P:MTAS,SCSCF,P:SCSCF,GTW,P:GTW,SCSCF,P-200:SCSCF,MTAS,P-200:MTAS,SCSCF,P-200:SCSCF,PCSCF,P-200:GTW,SCSCF,I-200:SCSCF,MTAS,I-200:SCSCF,PCSCF,I-200:PCSCF,SCSCF,A:SCSCF,MTAS,A:MTAS,SCSCF,A:SCSCF,GTW,A:GTW,SCSCF,I:SCSCF,GTW,T:MTAS,SCSCF,I:SCSCF,MTAS,T:SCSCF,PCSCF,I:PCSCF,SCSCF,I-200:SCSCF,MTAS,I-200:SCSCF,GTW,I-200:GTW,SCSCF,A:MTAS,SCSCF,A:SCSCF,PCSCF,A:GTW,SCSCF,B:MTAS,SCSCF,B:SCSCF,PCSCF,B:PCSCF,SCSCF,B-200:SCSCF,MTAS,B-200:SCSCF,GTW,B-200"
647,647,0,0,103,-1.0496312647455794,-1.0201204601817813,14,0,"GTW,ICSCF,I:ICSCF,GTW,T:SCSCF,ASLI,I:ASLI,SCSCF,T:ASLI,SCSCF,I-500:SCSCF,MTAS,I:MTAS,SCSCF,T:MTAS,SCSCF,W:ICSCF,GTW,W:MTAS,SCSCF,I:SCSCF,ASLI,A:SCSCF,MTAS,T:SCSCF,GTW,I:GTW,SCSCF,T:GTW,SCSCF,S:SCSCF,MTAS,S:MTAS,SCSCF,S:ICSCF,GTW,S:GTW,SCSCF,P:SCSCF,MTAS,P:MTAS,SCSCF,P:SCSCF,GTW,P:GTW,SCSCF,P-200:SCSCF,MTAS,P-200:MTAS,SCSCF,P-200:GTW,SCSCF,S:SCSCF,GTW,P-200:SCSCF,MTAS,S:MTAS,SCSCF,S:ICSCF,GTW,S:GTW,SCSCF,P:SCSCF,MTAS,P:MTAS,SCSCF,P:SCSCF,GTW,P:GTW,SCSCF,P-200:GTW,SCSCF,S:SCSCF,MTAS,S:SCSCF,MTAS,P-200:MTAS,SCSCF,P-200:SCSCF,GTW,P-200:MTAS,SCSCF,S:ICSCF,GTW,S:GTW,SCSCF,P:SCSCF,MTAS,P:MTAS,SCSCF,P:SCSCF,GTW,P:GTW,SCSCF,P-200:SCSCF,MTAS,P-200:MTAS,SCSCF,P-200:SCSCF,GTW,P-200:GTW,SCSCF,R:SCSCF,MTAS,R:MTAS,SCSCF,R:ICSCF,GTW,R:GTW,SCSCF,P:SCSCF,MTAS,P:MTAS,SCSCF,P:SCSCF,GTW,P:GTW,SCSCF,P-200:SCSCF,MTAS,P-200:MTAS,SCSCF,P-200:SCSCF,GTW,P-200:GTW,SCSCF,I-200:SCSCF,MTAS,I-200:MTAS,SCSCF,I-200:ICSCF,GTW,I-200:GTW,SCSCF,A:SCSCF,MTAS,A:MTAS,SCSCF,A:SCSCF,GTW,A:GTW,SCSCF,B:SCSCF,MTAS,B:MTAS,SCSCF,B:SCSCF,GTW,B:GTW,SCSCF,B-200:SCSCF,MTAS,B-200:MTAS,SCSCF,B-200:SCSCF,GTW,B-200"
648,648,0,0,116,-0.833988491846325,-0.8113188644711887,59,0,"PCSCF,SCSCF,I:SCSCF,PCSCF,T:SCSCF,PCSCF,I-407:PCSCF,SCSCF,A:PCSCF,SCSCF,I:SCSCF,ASLI,I:ASLI,SCSCF,T:SCSCF,PCSCF,T:ASLI,SCSCF,I-500:SCSCF,ASLI,A:MTAS,SCSCF,I:SCSCF,MTAS,T:SCSCF,GTW,I:GTW,SCSCF,T:GTW,SCSCF,S:SCSCF,MTAS,S:SCSCF,PCSCF,S:PCSCF,SCSCF,P:MTAS,SCSCF,P:SCSCF,GTW,P:GTW,SCSCF,P-200:SCSCF,MTAS,P-200:SCSCF,PCSCF,P-200:GTW,SCSCF,R:SCSCF,MTAS,R:SCSCF,PCSCF,R:PCSCF,SCSCF,P:MTAS,SCSCF,P:SCSCF,GTW,P:GTW,SCSCF,P-200:SCSCF,MTAS,P-200:SCSCF,PCSCF,P-200:GTW,SCSCF,I-200:SCSCF,MTAS,I-200:SCSCF,PCSCF,I-200:PCSCF,SCSCF,A:SCSCF,MTAS,A:MTAS,SCSCF,A:SCSCF,GTW,A:MTAS,SCSCF,U:SCSCF,GTW,U:SCSCF,PCSCF,U:GTW,SCSCF,U-200:SCSCF,MTAS,U-200:PCSCF,SCSCF,U-200:SCSCF,MTAS,U-200:MTAS,SCSCF,U:SCSCF,GTW,U:SCSCF,PCSCF,U:GTW,SCSCF,U-200:SCSCF,MTAS,U-200:PCSCF,SCSCF,U-200:SCSCF,MTAS,U-200:MTAS,SCSCF,U:SCSCF,GTW,U:SCSCF,PCSCF,U:GTW,SCSCF,U-200:SCSCF,MTAS,U-200:PCSCF,SCSCF,U-200:SCSCF,MTAS,U-200:MTAS,SCSCF,U:SCSCF,GTW,U:GTW,SCSCF,U-200:SCSCF,MTAS,U-200:MTAS,SCSCF,U:SCSCF,PCSCF,U:PCSCF,SCSCF,U-200:SCSCF,MTAS,U-200:MTAS,SCSCF,U:SCSCF,GTW,U:GTW,SCSCF,U-200:SCSCF,MTAS,U-200:MTAS,SCSCF,U:SCSCF,PCSCF,U:PCSCF,SCSCF,U-200:SCSCF,MTAS,U-200:PCSCF,SCSCF,B:MTAS,SCSCF,B:SCSCF,GTW,B:GTW,SCSCF,B-200:SCSCF,MTAS,B-200:SCSCF,PCSCF,B-200"
649,649,0,0,75,-0.9361607785431653,-0.8946616515613282,5,0,"PCSCF,SCSCF,I:SCSCF,PCSCF,T:SCSCF,ASLI,I:ASLI,SCSCF,T:ASLI,SCSCF,I-500:SCSCF,ASLI,A:MTAS,SCSCF,I:SCSCF,MTAS,T:SCSCF,GTW,I:GTW,SCSCF,T:GTW,SCSCF,S:SCSCF,MTAS,S:SCSCF,PCSCF,S:PCSCF,SCSCF,P:SCSCF,MTAS,P:MTAS,SCSCF,P:SCSCF,GTW,P:GTW,SCSCF,P-200:GTW,SCSCF,S:SCSCF,MTAS,P-200:SCSCF,MTAS,S:MTAS,SCSCF,P-200:SCSCF,PCSCF,P-200:SCSCF,PCSCF,S:PCSCF,SCSCF,P:SCSCF,MTAS,P:MTAS,SCSCF,P:SCSCF,GTW,P:GTW,SCSCF,P-200:SCSCF,MTAS,P-200:MTAS,SCSCF,P-200:SCSCF,PCSCF,P-200:GTW,SCSCF,R:SCSCF,MTAS,R:SCSCF,PCSCF,R:PCSCF,SCSCF,P:SCSCF,MTAS,P:MTAS,SCSCF,P:SCSCF,GTW,P:GTW,SCSCF,P-200:SCSCF,MTAS,P-200:MTAS,SCSCF,P-200:SCSCF,PCSCF,P-200:GTW,SCSCF,I-200:SCSCF,MTAS,I-200:SCSCF,PCSCF,I-200:PCSCF,SCSCF,A:SCSCF,MTAS,A:MTAS,SCSCF,A:SCSCF,GTW,A:GTW,SCSCF,B:MTAS,SCSCF,B:SCSCF,PCSCF,B:PCSCF,SCSCF,B-200:SCSCF,MTAS,B-200:SCSCF,GTW,B-200"
650,650,0,0,67,-0.8309791395486205,-0.8303340879738165,100,0,"GTW,ICSCF,I:ICSCF,GTW,T:SCSCF,ASLI,I:ASLI,SCSCF,T:ASLI,SCSCF,I-500:SCSCF,ASLI,A:SCSCF,MTAS,I:MTAS,SCSCF,T:MTAS,SCSCF,I:SCSCF,MTAS,T:SCSCF,PCSCF,I:PCSCF,SCSCF,T:SCSCF,PCSCF,I:PCSCF,SCSCF,T:PCSCF,SCSCF,I-480:SCSCF,PCSCF,A:PCSCF,SCSCF,I-200:SCSCF,MTAS,I-200:MTAS,SCSCF,I-200:ICSCF,GTW,I-200:GTW,SCSCF,A:SCSCF,MTAS,A:MTAS,SCSCF,A:SCSCF,PCSCF,A:PCSCF,SCSCF,I-200:SCSCF,MTAS,I-200:MTAS,SCSCF,A:SCSCF,PCSCF,A:GTW,SCSCF,I:SCSCF,GTW,T:SCSCF,MTAS,I:MTAS,SCSCF,T:MTAS,SCSCF,I:SCSCF,MTAS,T:SCSCF,PCSCF,I:PCSCF,SCSCF,I-200:SCSCF,MTAS,I-200:MTAS,SCSCF,I-200:SCSCF,GTW,I-200:GTW,SCSCF,A:SCSCF,MTAS,A:MTAS,SCSCF,A:SCSCF,PCSCF,A:GTW,SCSCF,B:SCSCF,MTAS,B:MTAS,SCSCF,B:SCSCF,PCSCF,B:PCSCF,SCSCF,B-200:SCSCF,MTAS,B-200:MTAS,SCSCF,B-200:SCSCF,GTW,B-200"
651,651,0,0,53,-1.014221519000295,-0.9471111435557218,28,0,"PCSCF,SCSCF,I:SCSCF,PCSCF,T:SCSCF,ASLI,I:ASLI,SCSCF,T:ASLI,SCSCF,I-500:SCSCF,ASLI,A:MTAS,SCSCF,I:SCSCF,MTAS,T:SCSCF,GTW,I:GTW,SCSCF,T:GTW,SCSCF,S:SCSCF,MTAS,S:SCSCF,PCSCF,S:PCSCF,SCSCF,P:MTAS,SCSCF,P:SCSCF,GTW,P:GTW,SCSCF,P-200:GTW,SCSCF,R:SCSCF,MTAS,P-200:SCSCF,MTAS,R:SCSCF,PCSCF,P-200:SCSCF,PCSCF,R:PCSCF,SCSCF,P:MTAS,SCSCF,P:SCSCF,GTW,P:GTW,SCSCF,P-200:SCSCF,MTAS,P-200:SCSCF,PCSCF,P-200:PCSCF,SCSCF,C:SCSCF,PCSCF,C-200:MTAS,SCSCF,C:SCSCF,MTAS,C-200:SCSCF,GTW,C:GTW,SCSCF,C-200:GTW,SCSCF,I-487:SCSCF,GTW,A:SCSCF,MTAS,I-487:MTAS,SCSCF,A:SCSCF,PCSCF,I-487:PCSCF,SCSCF,A"
652,652,0,0,77,-0.7557182344609715,-0.7251114412438088,59,0,"GTW,ICSCF,I:ICSCF,GTW,T:SCSCF,ASLI,I:ASLI,SCSCF,T:ASLI,SCSCF,I-500:SCSCF,MTAS,I:SCSCF,ASLI,A:MTAS,SCSCF,T:MTAS,SCSCF,I:SCSCF,MTAS,T:SCSCF,PCSCF,I:PCSCF,SCSCF,T:PCSCF,SCSCF,R:SCSCF,MTAS,R:MTAS,SCSCF,R:ICSCF,GTW,R:GTW,SCSCF,P:SCSCF,MTAS,P:MTAS,SCSCF,P:SCSCF,PCSCF,P:PCSCF,SCSCF,P-200:SCSCF,MTAS,P-200:MTAS,SCSCF,P-200:SCSCF,GTW,P-200:PCSCF,SCSCF,I-200:SCSCF,MTAS,I-200:MTAS,SCSCF,I-200:ICSCF,GTW,I-200:GTW,SCSCF,A:SCSCF,MTAS,A:MTAS,SCSCF,A:SCSCF,PCSCF,A:MTAS,SCSCF,U:SCSCF,PCSCF,U:PCSCF,SCSCF,U-200:SCSCF,MTAS,U-200:MTAS,SCSCF,U:SCSCF,GTW,U:GTW,SCSCF,U-200:SCSCF,MTAS,U-200:MTAS,SCSCF,U:SCSCF,PCSCF,U:PCSCF,SCSCF,U-200:SCSCF,MTAS,U-200:MTAS,SCSCF,U:SCSCF,GTW,U:GTW,SCSCF,U-200:SCSCF,MTAS,U-200:PCSCF,SCSCF,B:SCSCF,MTAS,B:MTAS,SCSCF,B:SCSCF,GTW,B:GTW,SCSCF,B-200:SCSCF,MTAS,B-200:MTAS,SCSCF,B-200:SCSCF,PCSCF,B-200"
653,653,0,0,41,-1.22156501990269,-1.2148958211528207,76,0,"PCSCF,SCSCF,I:SCSCF,ASLI,I:SCSCF,PCSCF,T:ASLI,SCSCF,T:ASLI,SCSCF,I-500:SCSCF,ASLI,A:MTAS,SCSCF,I:SCSCF,MTAS,T:SCSCF,GTW,I:GTW,SCSCF,T:GTW,SCSCF,R:SCSCF,MTAS,R:SCSCF,PCSCF,R:PCSCF,SCSCF,P:MTAS,SCSCF,P:SCSCF,GTW,P:GTW,SCSCF,P-200:SCSCF,MTAS,P-200:SCSCF,PCSCF,P-200:PCSCF,SCSCF,C:MTAS,SCSCF,C:SCSCF,MTAS,C-200:SCSCF,GTW,C:GTW,SCSCF,C-200:GTW,SCSCF,I-487:SCSCF,GTW,A:SCSCF,MTAS,I-487:SCSCF,PCSCF,C-200:MTAS,SCSCF,A:SCSCF,PCSCF,I-487:PCSCF,SCSCF,A"
654,654,0,0,80,-0.939452277864582,-0.9040295484963771,53,0,"PCSCF,SCSCF,I:SCSCF,PCSCF,T:SCSCF,PCSCF,I-407:PCSCF,SCSCF,A:PCSCF,SCSCF,I:SCSCF,PCSCF,T:SCSCF,ASLI,I:ASLI,SCSCF,T:ASLI,SCSCF,I-500:SCSCF,ASLI,A:MTAS,SCSCF,I:SCSCF,MTAS,T:SCSCF,GTW,I:GTW,SCSCF,T:GTW,SCSCF,S:SCSCF,MTAS,S:SCSCF,PCSCF,S:PCSCF,SCSCF,P:SCSCF,MTAS,P:MTAS,SCSCF,P:SCSCF,GTW,P:GTW,SCSCF,P-200:GTW,SCSCF,S:SCSCF,MTAS,P-200:SCSCF,MTAS,S:MTAS,SCSCF,P-200:SCSCF,PCSCF,P-200:SCSCF,PCSCF,S:PCSCF,SCSCF,P:SCSCF,MTAS,P:MTAS,SCSCF,P:SCSCF,GTW,P:GTW,SCSCF,P-200:SCSCF,MTAS,P-200:MTAS,SCSCF,P-200:SCSCF,PCSCF,P-200:GTW,SCSCF,R:SCSCF,MTAS,R:SCSCF,PCSCF,R:PCSCF,SCSCF,P:SCSCF,MTAS,P:MTAS,SCSCF,P:SCSCF,GTW,P:GTW,SCSCF,P-200:SCSCF,MTAS,P-200:MTAS,SCSCF,P-200:SCSCF,PCSCF,P-200:GTW,SCSCF,I-200:SCSCF,MTAS,I-200:SCSCF,PCSCF,I-200:PCSCF,SCSCF,A:SCSCF,MTAS,A:MTAS,SCSCF,A:SCSCF,GTW,A:GTW,SCSCF,B:MTAS,SCSCF,B:SCSCF,PCSCF,B:PCSCF,SCSCF,B-200:SCSCF,MTAS,B-200:SCSCF,GTW,B-200"
655,655,0,0,16,-1.0351392602143323,-0.9449198146145098,65,0,"MTAS,SCSCF,I:SCSCF,MTAS,T:SCSCF,GTW,I:GTW,SCSCF,T:MTAS,SCSCF,C:SCSCF,MTAS,C-200:SCSCF,GTW,C:GTW,SCSCF,C-200:GTW,SCSCF,I-487:SCSCF,GTW,A:SCSCF,MTAS,I-487:MTAS,SCSCF,A"
656,656,0,0,74,-0.9185156275964856,-0.8727818908149237,76,0,"PCSCF,SCSCF,I:SCSCF,PCSCF,T:SCSCF,ASLI,I:ASLI,SCSCF,T:ASLI,SCSCF,I-500:SCSCF,ASLI,A:MTAS,SCSCF,I:SCSCF,MTAS,T:SCSCF,GTW,I:GTW,SCSCF,T:GTW,SCSCF,S:SCSCF,MTAS,S:SCSCF,PCSCF,S:PCSCF,SCSCF,P:SCSCF,MTAS,P:MTAS,SCSCF,P:SCSCF,GTW,P:GTW,SCSCF,P-200:SCSCF,MTAS,P-200:MTAS,SCSCF,P-200:SCSCF,PCSCF,P-200:GTW,SCSCF,S:SCSCF,MTAS,S:SCSCF,PCSCF,S:PCSCF,SCSCF,P:SCSCF,MTAS,P:MTAS,SCSCF,P:SCSCF,GTW,P:GTW,SCSCF,P-200:SCSCF,MTAS,P-200:MTAS,SCSCF,P-200:SCSCF,PCSCF,P-200:GTW,SCSCF,R:SCSCF,MTAS,R:SCSCF,PCSCF,R:PCSCF,SCSCF,P:SCSCF,MTAS,P:MTAS,SCSCF,P:SCSCF,GTW,P:GTW,SCSCF,P-200:SCSCF,MTAS,P-200:MTAS,SCSCF,P-200:SCSCF,PCSCF,P-200:PCSCF,SCSCF,C:MTAS,SCSCF,C:SCSCF,MTAS,C-200:SCSCF,GTW,C:GTW,SCSCF,C-200:GTW,SCSCF,I-487:SCSCF,GTW,A:SCSCF,MTAS,I-487:MTAS,SCSCF,A:SCSCF,PCSCF,C-200:SCSCF,PCSCF,I-487:PCSCF,SCSCF,A"
657,657,0,0,55,-0.7829311111021494,-0.7351090061147191,5,0,"PCSCF,SCSCF,I:SCSCF,PCSCF,T:SCSCF,ASLI,I:ASLI,SCSCF,T:ASLI,SCSCF,I-500:SCSCF,ASLI,A:MTAS,SCSCF,I:SCSCF,MTAS,T:SCSCF,GTW,I:GTW,SCSCF,T:GTW,SCSCF,R:SCSCF,MTAS,R:SCSCF,PCSCF,R:PCSCF,SCSCF,P:SCSCF,MTAS,P:MTAS,SCSCF,P:SCSCF,GTW,P:GTW,SCSCF,P-200:SCSCF,MTAS,P-200:MTAS,SCSCF,P-200:SCSCF,PCSCF,P-200:GTW,SCSCF,I-200:SCSCF,MTAS,I-200:SCSCF,PCSCF,I-200:GTW,SCSCF,I-200:SCSCF,MTAS,I-200:PCSCF,SCSCF,A:SCSCF,MTAS,A:MTAS,SCSCF,A:SCSCF,GTW,A:GTW,SCSCF,B:MTAS,SCSCF,B:PCSCF,SCSCF,B:SCSCF,PCSCF,B:SCSCF,MTAS,B:MTAS,SCSCF,B-200:PCSCF,SCSCF,B-481:SCSCF,MTAS,B-481:SCSCF,GTW,B-200:SCSCF,PCSCF,B-200"
658,658,0,0,44,-1.052233078002977,-1.023151374789982,104,0,"PCSCF,SCSCF,I:SCSCF,ASLI,I:SCSCF,PCSCF,T:ASLI,SCSCF,T:ASLI,SCSCF,I-500:SCSCF,ASLI,A:MTAS,SCSCF,I:SCSCF,MTAS,T:SCSCF,GTW,I:GTW,SCSCF,T:GTW,SCSCF,I-200:SCSCF,MTAS,I-200:SCSCF,PCSCF,I-200:PCSCF,SCSCF,A:SCSCF,MTAS,A:MTAS,SCSCF,A:SCSCF,GTW,A:GTW,SCSCF,I:SCSCF,GTW,T:MTAS,SCSCF,I:SCSCF,MTAS,T:SCSCF,PCSCF,I:PCSCF,SCSCF,I-200:SCSCF,MTAS,I-200:SCSCF,GTW,I-200:GTW,SCSCF,A:MTAS,SCSCF,A:SCSCF,PCSCF,A:PCSCF,SCSCF,B:MTAS,SCSCF,B:SCSCF,GTW,B:GTW,SCSCF,B-200:SCSCF,MTAS,B-200:SCSCF,PCSCF,B-200"
659,659,0,0,103,-0.9877424836417956,-0.9473351771031723,5,0,"GTW,ICSCF,I:ICSCF,GTW,T:SCSCF,ASLI,I:ASLI,SCSCF,T:ASLI,SCSCF,I-500:SCSCF,ASLI,A:SCSCF,MTAS,I:MTAS,SCSCF,T:MTAS,SCSCF,I:SCSCF,MTAS,T:SCSCF,GTW,I:GTW,SCSCF,T:MTAS,SCSCF,W:ICSCF,GTW,W:GTW,SCSCF,S:SCSCF,MTAS,S:MTAS,SCSCF,S:ICSCF,GTW,S:GTW,SCSCF,P:SCSCF,MTAS,P:MTAS,SCSCF,P:SCSCF,GTW,P:GTW,SCSCF,P-200:GTW,SCSCF,S:SCSCF,MTAS,P-200:SCSCF,MTAS,S:MTAS,SCSCF,P-200:MTAS,SCSCF,S:SCSCF,GTW,P-200:ICSCF,GTW,S:GTW,SCSCF,P:SCSCF,MTAS,P:MTAS,SCSCF,P:SCSCF,GTW,P:GTW,SCSCF,P-200:GTW,SCSCF,S:SCSCF,MTAS,P-200:SCSCF,MTAS,S:MTAS,SCSCF,P-200:MTAS,SCSCF,S:SCSCF,GTW,P-200:ICSCF,GTW,S:GTW,SCSCF,P:SCSCF,MTAS,P:MTAS,SCSCF,P:SCSCF,GTW,P:GTW,SCSCF,P-200:SCSCF,MTAS,P-200:MTAS,SCSCF,P-200:SCSCF,GTW,P-200:GTW,SCSCF,R:SCSCF,MTAS,R:MTAS,SCSCF,R:ICSCF,GTW,R:GTW,SCSCF,P:SCSCF,MTAS,P:MTAS,SCSCF,P:SCSCF,GTW,P:GTW,SCSCF,P-200:SCSCF,MTAS,P-200:MTAS,SCSCF,P-200:SCSCF,GTW,P-200:GTW,SCSCF,I-200:SCSCF,MTAS,I-200:MTAS,SCSCF,I-200:ICSCF,GTW,I-200:GTW,SCSCF,A:SCSCF,MTAS,A:MTAS,SCSCF,A:SCSCF,GTW,A:GTW,SCSCF,B:SCSCF,MTAS,B:MTAS,SCSCF,B:SCSCF,GTW,B:GTW,SCSCF,B-200:SCSCF,MTAS,B-200:MTAS,SCSCF,B-200:SCSCF,GTW,B-200"
660,660,0,0,90,-0.7427066918462578,-0.7210065516582705,59,0,"GTW,ICSCF,I:ICSCF,GTW,T:SCSCF,ASLI,I:ASLI,SCSCF,T:ASLI,SCSCF,I-500:SCSCF,ASLI,A:SCSCF,MTAS,I:MTAS,SCSCF,T:MTAS,SCSCF,I:SCSCF,MTAS,T:SCSCF,PCSCF,I:PCSCF,SCSCF,T:PCSCF,SCSCF,R:SCSCF,MTAS,R:MTAS,SCSCF,R:ICSCF,GTW,R:GTW,SCSCF,P:SCSCF,MTAS,P:MTAS,SCSCF,P:SCSCF,PCSCF,P:PCSCF,SCSCF,P-200:SCSCF,MTAS,P-200:MTAS,SCSCF,P-200:SCSCF,GTW,P-200:PCSCF,SCSCF,I-200:SCSCF,MTAS,I-200:MTAS,SCSCF,I-200:ICSCF,GTW,I-200:GTW,SCSCF,A:SCSCF,MTAS,A:MTAS,SCSCF,A:SCSCF,PCSCF,A:MTAS,SCSCF,U:SCSCF,PCSCF,U:PCSCF,SCSCF,U-200:SCSCF,MTAS,U-200:MTAS,SCSCF,U:SCSCF,GTW,U:GTW,SCSCF,U-200:SCSCF,MTAS,U-200:MTAS,SCSCF,U:SCSCF,PCSCF,U:SCSCF,GTW,U:GTW,SCSCF,U-200:SCSCF,MTAS,U-200:PCSCF,SCSCF,U-200:SCSCF,MTAS,U-200:MTAS,SCSCF,U:SCSCF,GTW,U:GTW,SCSCF,U-200:SCSCF,PCSCF,U:SCSCF,MTAS,U-200:PCSCF,SCSCF,U-200:SCSCF,MTAS,U-200:GTW,SCSCF,B:SCSCF,MTAS,B:PCSCF,SCSCF,B:SCSCF,MTAS,B:MTAS,SCSCF,B-200:MTAS,SCSCF,B:SCSCF,MTAS,B-481:MTAS,SCSCF,B-200:SCSCF,GTW,B-200:SCSCF,PCSCF,B-200"
661,661,0,0,87,-0.5284744301109919,-0.5201420443153449,5,0,"PCSCF,SCSCF,I:SCSCF,BCCAS,I:SCSCF,PCSCF,T:BCCAS,SCSCF,T:BCCAS,SCSCF,I-500:SCSCF,BCCAS,A:SCSCF,ASLI,I:ASLI,SCSCF,T:ASLI,SCSCF,I-500:SCSCF,ASLI,A:SCSCF,BCCAS,I:BCCAS,SCSCF,T:BCCAS,SCSCF,I:SCSCF,BCCAS,T:SCSCF,ASLI,I:ASLI,SCSCF,T:ASLI,SCSCF,I-500:SCSCF,ASLI,A:SCSCF,MTAS,I:MTAS,SCSCF,T:MTAS,SCSCF,I:SCSCF,MTAS,T:SCSCF,PCSCF,I:PCSCF,SCSCF,T:PCSCF,SCSCF,R:SCSCF,MTAS,R:MTAS,SCSCF,R:SCSCF,BCCAS,R:BCCAS,SCSCF,R:SCSCF,PCSCF,R:PCSCF,SCSCF,P:SCSCF,BCCAS,P:BCCAS,SCSCF,P:SCSCF,MTAS,P:MTAS,SCSCF,P:SCSCF,PCSCF,P:PCSCF,SCSCF,P-200:SCSCF,MTAS,P-200:MTAS,SCSCF,P-200:SCSCF,BCCAS,P-200:BCCAS,SCSCF,P-200:SCSCF,PCSCF,P-200:PCSCF,SCSCF,I-200:SCSCF,MTAS,I-200:MTAS,SCSCF,I-200:SCSCF,BCCAS,I-200:BCCAS,SCSCF,I-200:SCSCF,PCSCF,I-200:PCSCF,SCSCF,A:SCSCF,BCCAS,A:BCCAS,SCSCF,A:SCSCF,MTAS,A:MTAS,SCSCF,A:SCSCF,PCSCF,A:PCSCF,SCSCF,B:SCSCF,MTAS,B:MTAS,SCSCF,B:SCSCF,BCCAS,B:BCCAS,SCSCF,B:SCSCF,PCSCF,B:PCSCF,SCSCF,B-200:SCSCF,BCCAS,B-200:BCCAS,SCSCF,B-200:SCSCF,MTAS,B-200:MTAS,SCSCF,B-200:SCSCF,PCSCF,B-200"
662,662,0,0,50,-1.0806484783616488,-1.0173393446073435,190,0,"PCSCF,SCSCF,I:SCSCF,ASLI,I:SCSCF,PCSCF,T:ASLI,SCSCF,T:ASLI,SCSCF,I-500:SCSCF,ASLI,A:MTAS,SCSCF,I:SCSCF,MTAS,T:SCSCF,GTW,I:GTW,SCSCF,T:GTW,SCSCF,S:SCSCF,MTAS,S:SCSCF,PCSCF,S:PCSCF,SCSCF,P:SCSCF,MTAS,P:MTAS,SCSCF,P:SCSCF,GTW,P:GTW,SCSCF,P-200:SCSCF,MTAS,P-200:MTAS,SCSCF,P-200:SCSCF,PCSCF,P-200:GTW,SCSCF,R:SCSCF,MTAS,R:SCSCF,PCSCF,R:PCSCF,SCSCF,P:SCSCF,MTAS,P:MTAS,SCSCF,P:SCSCF,GTW,P:GTW,SCSCF,P-200:SCSCF,MTAS,P-200:MTAS,SCSCF,P-200:SCSCF,PCSCF,P-200:GTW,SCSCF,I-480:SCSCF,GTW,A:SCSCF,MTAS,I-480:MTAS,SCSCF,A:SCSCF,PCSCF,I-480:PCSCF,SCSCF,A"
663,663,0,0,60,-1.005326769784026,-0.9878214455527441,60,0,"PCSCF,SCSCF,I:SCSCF,ASLI,I:ASLI,SCSCF,T:SCSCF,PCSCF,T:ASLI,SCSCF,I-500:SCSCF,ASLI,A:MTAS,SCSCF,I:SCSCF,MTAS,T:SCSCF,GTW,I:GTW,SCSCF,T:GTW,SCSCF,S:SCSCF,MTAS,S:SCSCF,PCSCF,S:PCSCF,SCSCF,P:SCSCF,MTAS,P:MTAS,SCSCF,P:SCSCF,GTW,P:GTW,SCSCF,P-200:SCSCF,MTAS,P-200:MTAS,SCSCF,P-200:SCSCF,PCSCF,P-200:GTW,SCSCF,R:SCSCF,MTAS,R:SCSCF,PCSCF,R:PCSCF,SCSCF,P:SCSCF,MTAS,P:MTAS,SCSCF,P:SCSCF,GTW,P:GTW,SCSCF,P-200:GTW,SCSCF,I-200:SCSCF,MTAS,P-200:SCSCF,MTAS,I-200:MTAS,SCSCF,P-200:SCSCF,PCSCF,P-200:SCSCF,PCSCF,I-200:PCSCF,SCSCF,A:SCSCF,MTAS,A:MTAS,SCSCF,A:SCSCF,GTW,A:GTW,SCSCF,B:MTAS,SCSCF,B:SCSCF,PCSCF,B:PCSCF,SCSCF,B-200:SCSCF,MTAS,B-200:SCSCF,GTW,B-200"
664,664,0,0,64,-0.7344042413628697,-0.6947740971493802,113,0,"GTW,ICSCF,I:ICSCF,GTW,T:SCSCF,ASLI,I:ASLI,SCSCF,T:ASLI,SCSCF,I-500:SCSCF,MTAS,I:MTAS,SCSCF,T:MTAS,SCSCF,I:SCSCF,MTAS,T:SCSCF,PCSCF,I:SCSCF,ASLI,A:PCSCF,SCSCF,T:PCSCF,SCSCF,R:SCSCF,MTAS,R:MTAS,SCSCF,R:ICSCF,GTW,R:GTW,SCSCF,P:SCSCF,MTAS,P:MTAS,SCSCF,P:SCSCF,PCSCF,P:PCSCF,SCSCF,P-200:SCSCF,MTAS,P-200:MTAS,SCSCF,P-200:SCSCF,GTW,P-200:PCSCF,SCSCF,I-200:SCSCF,MTAS,I-200:MTAS,SCSCF,I-200:ICSCF,GTW,I-200:GTW,SCSCF,A:SCSCF,MTAS,A:MTAS,SCSCF,A:SCSCF,PCSCF,A:MTAS,SCSCF,U:SCSCF,PCSCF,U:SCSCF,GTW,U:GTW,SCSCF,U-200:SCSCF,MTAS,U-200:PCSCF,SCSCF,U-200:SCSCF,MTAS,U-200:PCSCF,SCSCF,B:SCSCF,MTAS,B:MTAS,SCSCF,B:SCSCF,GTW,B:GTW,SCSCF,B-200:SCSCF,MTAS,B-200:MTAS,SCSCF,B-200:SCSCF,PCSCF,B-200"
665,665,0,0,44,-0.9103062468166797,-0.9091728751343183,113,0,"PCSCF,SCSCF,I:SCSCF,ASLI,I:ASLI,SCSCF,T:ASLI,SCSCF,I-500:SCSCF,ASLI,A:SCSCF,PCSCF,T:MTAS,SCSCF,I:SCSCF,MTAS,T:SCSCF,GTW,I:GTW,SCSCF,T:GTW,SCSCF,I-200:SCSCF,MTAS,I-200:SCSCF,PCSCF,I-200:PCSCF,SCSCF,A:SCSCF,MTAS,A:MTAS,SCSCF,A:SCSCF,GTW,A:MTAS,SCSCF,U:SCSCF,GTW,U:SCSCF,PCSCF,U:GTW,SCSCF,U-200:SCSCF,MTAS,U-200:PCSCF,SCSCF,U-200:SCSCF,MTAS,U-200:PCSCF,SCSCF,B:SCSCF,MTAS,B:MTAS,SCSCF,B:SCSCF,GTW,B:GTW,SCSCF,B-200:SCSCF,MTAS,B-200:MTAS,SCSCF,B-200:SCSCF,PCSCF,B-200"
666,666,0,0,41,-0.8789988509446269,-0.8741291386047974,124,0,"PCSCF,SCSCF,I:SCSCF,ASLI,I:ASLI,SCSCF,T:ASLI,SCSCF,I-500:SCSCF,ASLI,A:MTAS,SCSCF,I:SCSCF,MTAS,T:SCSCF,PCSCF,T:SCSCF,GTW,I:GTW,SCSCF,T:GTW,SCSCF,R:SCSCF,MTAS,R:SCSCF,PCSCF,R:PCSCF,SCSCF,P:MTAS,SCSCF,P:SCSCF,GTW,P:GTW,SCSCF,P-200:SCSCF,MTAS,P-200:SCSCF,PCSCF,P-200:PCSCF,SCSCF,C:SCSCF,PCSCF,C-200:MTAS,SCSCF,C:SCSCF,MTAS,C-200:SCSCF,GTW,C:GTW,SCSCF,C-200:GTW,SCSCF,I-487:SCSCF,GTW,A:SCSCF,MTAS,I-487:MTAS,SCSCF,A:SCSCF,PCSCF,I-487:PCSCF,SCSCF,A"
667,667,0,0,53,-0.5901542590727639,-0.5329220722426397,28,0,"GTW,ICSCF,I:ICSCF,GTW,T:SCSCF,ASLI,I:ASLI,SCSCF,T:ASLI,SCSCF,I-500:SCSCF,ASLI,A:SCSCF,MTAS,I:MTAS,SCSCF,T:MTAS,SCSCF,I:SCSCF,MTAS,T:SCSCF,PCSCF,I:PCSCF,SCSCF,T:PCSCF,SCSCF,R:SCSCF,MTAS,R:MTAS,SCSCF,R:ICSCF,GTW,R:GTW,SCSCF,P:SCSCF,MTAS,P:SCSCF,PCSCF,P:MTAS,SCSCF,P:PCSCF,SCSCF,P-200:SCSCF,MTAS,P-200:MTAS,SCSCF,P-200:SCSCF,GTW,P-200:GTW,ICSCF,C:ICSCF,GTW,C-200:SCSCF,MTAS,C:MTAS,SCSCF,C-200:MTAS,SCSCF,C:SCSCF,MTAS,C-200:SCSCF,PCSCF,C:PCSCF,SCSCF,C-200:PCSCF,SCSCF,I-487:SCSCF,PCSCF,A:SCSCF,MTAS,I-487:MTAS,SCSCF,A:MTAS,SCSCF,I-487:SCSCF,MTAS,A:ICSCF,GTW,I-487:GTW,ICSCF,A"
668,668,0,0,89,-0.6949411079723853,-0.6806414614089443,59,0,"PCSCF,SCSCF,I:SCSCF,PCSCF,T:SCSCF,ASLI,I:ASLI,SCSCF,T:ASLI,SCSCF,I-500:SCSCF,ASLI,A:MTAS,SCSCF,I:SCSCF,MTAS,T:SCSCF,GTW,I:GTW,SCSCF,T:GTW,SCSCF,R:SCSCF,MTAS,R:SCSCF,PCSCF,R:PCSCF,SCSCF,P:MTAS,SCSCF,P:SCSCF,GTW,P:GTW,SCSCF,P-200:SCSCF,MTAS,P-200:SCSCF,PCSCF,P-200:GTW,SCSCF,I-200:SCSCF,MTAS,I-200:SCSCF,PCSCF,I-200:PCSCF,SCSCF,A:SCSCF,MTAS,A:MTAS,SCSCF,A:SCSCF,GTW,A:MTAS,SCSCF,U:SCSCF,GTW,U:GTW,SCSCF,U-200:SCSCF,MTAS,U-200:MTAS,SCSCF,U:SCSCF,PCSCF,U:PCSCF,SCSCF,U-200:SCSCF,MTAS,U-200:MTAS,SCSCF,U:SCSCF,GTW,U:GTW,SCSCF,U-200:SCSCF,MTAS,U-200:MTAS,SCSCF,U:SCSCF,PCSCF,U:PCSCF,SCSCF,U-200:SCSCF,MTAS,U-200:MTAS,SCSCF,U:SCSCF,GTW,U:SCSCF,PCSCF,U:GTW,SCSCF,U-200:SCSCF,MTAS,U-200:PCSCF,SCSCF,U-200:SCSCF,MTAS,U-200:MTAS,SCSCF,U:SCSCF,GTW,U:GTW,SCSCF,U-200:SCSCF,MTAS,U-200:MTAS,SCSCF,U:SCSCF,PCSCF,U:PCSCF,SCSCF,U-200:SCSCF,MTAS,U-200:PCSCF,SCSCF,B:MTAS,SCSCF,B:SCSCF,GTW,B:GTW,SCSCF,B-200:SCSCF,MTAS,B-200:SCSCF,PCSCF,B-200"
669,669,0,0,53,-0.5901542590727639,-0.5329220722426397,28,0,"GTW,ICSCF,I:ICSCF,GTW,T:SCSCF,ASLI,I:ASLI,SCSCF,T:ASLI,SCSCF,I-500:SCSCF,ASLI,A:SCSCF,MTAS,I:MTAS,SCSCF,T:MTAS,SCSCF,I:SCSCF,MTAS,T:SCSCF,PCSCF,I:PCSCF,SCSCF,T:PCSCF,SCSCF,R:SCSCF,MTAS,R:MTAS,SCSCF,R:ICSCF,GTW,R:GTW,SCSCF,P:MTAS,SCSCF,P:SCSCF,MTAS,P:SCSCF,PCSCF,P:PCSCF,SCSCF,P-200:SCSCF,MTAS,P-200:MTAS,SCSCF,P-200:SCSCF,GTW,P-200:GTW,ICSCF,C:ICSCF,GTW,C-200:SCSCF,MTAS,C:MTAS,SCSCF,C-200:MTAS,SCSCF,C:SCSCF,MTAS,C-200:SCSCF,PCSCF,C:PCSCF,SCSCF,C-200:PCSCF,SCSCF,I-487:SCSCF,PCSCF,A:SCSCF,MTAS,I-487:MTAS,SCSCF,A:MTAS,SCSCF,I-487:SCSCF,MTAS,A:ICSCF,GTW,I-487:GTW,ICSCF,A"
670,670,0,0,43,-0.9007606812281174,-0.8790732984450267,60,0,"PCSCF,SCSCF,I:SCSCF,PCSCF,T:SCSCF,ASLI,I:ASLI,SCSCF,T:ASLI,SCSCF,I-500:SCSCF,ASLI,A:MTAS,SCSCF,I:SCSCF,MTAS,T:SCSCF,GTW,I:GTW,SCSCF,T:GTW,SCSCF,S:SCSCF,MTAS,S:SCSCF,PCSCF,S:PCSCF,SCSCF,P:MTAS,SCSCF,P:SCSCF,GTW,P:GTW,SCSCF,P-200:SCSCF,MTAS,P-200:SCSCF,PCSCF,P-200:GTW,SCSCF,S:GTW,SCSCF,I-200:SCSCF,MTAS,I-200:SCSCF,PCSCF,I-200:PCSCF,SCSCF,A:SCSCF,MTAS,A:MTAS,SCSCF,A:SCSCF,GTW,A:PCSCF,SCSCF,B:MTAS,SCSCF,B:SCSCF,GTW,B:GTW,SCSCF,B-200:SCSCF,MTAS,B-200:SCSCF,PCSCF,B-200"
671,671,0,0,88,-0.6596258447957224,-0.6376389578186623,59,0,"GTW,ICSCF,I:ICSCF,GTW,T:SCSCF,ASLI,I:ASLI,SCSCF,T:ASLI,SCSCF,I-500:SCSCF,ASLI,A:SCSCF,MTAS,I:MTAS,SCSCF,T:MTAS,SCSCF,I:SCSCF,MTAS,T:SCSCF,PCSCF,I:PCSCF,SCSCF,T:PCSCF,SCSCF,R:SCSCF,MTAS,R:MTAS,SCSCF,R:ICSCF,GTW,R:GTW,SCSCF,P:SCSCF,MTAS,P:MTAS,SCSCF,P:SCSCF,PCSCF,P:PCSCF,SCSCF,P-200:SCSCF,MTAS,P-200:MTAS,SCSCF,P-200:SCSCF,GTW,P-200:PCSCF,SCSCF,I-200:SCSCF,MTAS,I-200:MTAS,SCSCF,I-200:ICSCF,GTW,I-200:GTW,SCSCF,A:SCSCF,MTAS,A:MTAS,SCSCF,A:SCSCF,PCSCF,A:MTAS,SCSCF,U:SCSCF,PCSCF,U:PCSCF,SCSCF,U-200:SCSCF,MTAS,U-200:MTAS,SCSCF,U:SCSCF,GTW,U:GTW,SCSCF,U-200:SCSCF,MTAS,U-200:MTAS,SCSCF,U:SCSCF,PCSCF,U:SCSCF,GTW,U:GTW,SCSCF,U-200:SCSCF,MTAS,U-200:PCSCF,SCSCF,U-200:SCSCF,MTAS,U-200:MTAS,SCSCF,U:SCSCF,GTW,U:GTW,SCSCF,U-200:SCSCF,MTAS,U-200:MTAS,SCSCF,U:SCSCF,PCSCF,U:PCSCF,SCSCF,U-200:SCSCF,MTAS,U-200:GTW,SCSCF,B:SCSCF,MTAS,B:MTAS,SCSCF,B:SCSCF,PCSCF,B:PCSCF,SCSCF,B-200:SCSCF,MTAS,B-200:MTAS,SCSCF,B-200:SCSCF,GTW,B-200"
672,672,0,0,68,-0.6995524185465815,-0.677801429383012,113,0,"PCSCF,SCSCF,I:SCSCF,PCSCF,T:SCSCF,ASLI,I:ASLI,SCSCF,T:ASLI,SCSCF,I-500:SCSCF,ASLI,A:MTAS,SCSCF,I:SCSCF,MTAS,T:SCSCF,GTW,I:GTW,SCSCF,T:GTW,SCSCF,R:SCSCF,MTAS,R:SCSCF,PCSCF,R:PCSCF,SCSCF,P:MTAS,SCSCF,P:SCSCF,GTW,P:GTW,SCSCF,P-200:SCSCF,MTAS,P-200:SCSCF,PCSCF,P-200:GTW,SCSCF,I-200:SCSCF,MTAS,I-200:SCSCF,PCSCF,I-200:PCSCF,SCSCF,A:SCSCF,MTAS,A:MTAS,SCSCF,A:SCSCF,GTW,A:MTAS,SCSCF,U:SCSCF,GTW,U:GTW,SCSCF,U-200:SCSCF,MTAS,U-200:MTAS,SCSCF,U:SCSCF,PCSCF,U:PCSCF,SCSCF,U-200:SCSCF,MTAS,U-200:MTAS,SCSCF,U:SCSCF,GTW,U:SCSCF,PCSCF,U:GTW,SCSCF,U-200:SCSCF,MTAS,U-200:PCSCF,SCSCF,U-200:SCSCF,MTAS,U-200:PCSCF,SCSCF,B:GTW,SCSCF,B:MTAS,SCSCF,B:SCSCF,GTW,B:GTW,SCSCF,B-200:SCSCF,MTAS,B-200:SCSCF,GTW,B-200:SCSCF,PCSCF,B-200"
673,673,0,0,50,-0.8865238389857104,-0.8278399262163717,190,0,"PCSCF,SCSCF,I:SCSCF,PCSCF,T:SCSCF,ASLI,I:ASLI,SCSCF,T:ASLI,SCSCF,I-500:SCSCF,ASLI,A:MTAS,SCSCF,I:SCSCF,MTAS,T:SCSCF,GTW,I:GTW,SCSCF,T:GTW,SCSCF,S:SCSCF,MTAS,S:SCSCF,PCSCF,S:PCSCF,SCSCF,P:SCSCF,MTAS,P:MTAS,SCSCF,P:SCSCF,GTW,P:GTW,SCSCF,P-200:SCSCF,MTAS,P-200:MTAS,SCSCF,P-200:SCSCF,PCSCF,P-200:GTW,SCSCF,R:SCSCF,MTAS,R:SCSCF,PCSCF,R:PCSCF,SCSCF,P:SCSCF,MTAS,P:MTAS,SCSCF,P:SCSCF,GTW,P:GTW,SCSCF,P-200:SCSCF,MTAS,P-200:MTAS,SCSCF,P-200:SCSCF,PCSCF,P-200:GTW,SCSCF,I-480:SCSCF,GTW,A:SCSCF,MTAS,I-480:MTAS,SCSCF,A:SCSCF,PCSCF,I-480:PCSCF,SCSCF,A"
674,674,0,0,46,-1.042189593142162,-1.0376460106401117,76,0,"PCSCF,SCSCF,I:SCSCF,PCSCF,T:SCSCF,PCSCF,I-407:PCSCF,SCSCF,A:PCSCF,SCSCF,I:SCSCF,ASLI,I:ASLI,SCSCF,T:ASLI,SCSCF,I-500:SCSCF,ASLI,A:SCSCF,PCSCF,T:MTAS,SCSCF,I:SCSCF,MTAS,T:SCSCF,GTW,I:GTW,SCSCF,T:GTW,SCSCF,R:SCSCF,MTAS,R:SCSCF,PCSCF,R:PCSCF,SCSCF,P:MTAS,SCSCF,P:SCSCF,GTW,P:GTW,SCSCF,P-200:SCSCF,MTAS,P-200:SCSCF,PCSCF,P-200:PCSCF,SCSCF,C:MTAS,SCSCF,C:SCSCF,MTAS,C-200:SCSCF,GTW,C:SCSCF,PCSCF,C-200:GTW,SCSCF,C-200:GTW,SCSCF,I-487:SCSCF,GTW,A:SCSCF,MTAS,I-487:MTAS,SCSCF,A:SCSCF,PCSCF,I-487:PCSCF,SCSCF,A"
675,675,0,0,75,-0.8780533507494284,-0.8729132837054627,28,0,"PCSCF,SCSCF,I:SCSCF,PCSCF,T:SCSCF,PCSCF,I-407:PCSCF,SCSCF,A:PCSCF,SCSCF,I:SCSCF,ASLI,I:SCSCF,PCSCF,T:ASLI,SCSCF,T:ASLI,SCSCF,I-500:SCSCF,ASLI,A:MTAS,SCSCF,I:SCSCF,MTAS,T:SCSCF,ASLI,I:ASLI,SCSCF,T:ASLI,SCSCF,I-500:SCSCF,ASLI,A:SCSCF,MTAS,I:MTAS,SCSCF,I:SCSCF,MTAS,T:SCSCF,PCSCF,I:PCSCF,SCSCF,T:MTAS,SCSCF,T:PCSCF,SCSCF,R:SCSCF,MTAS,R:MTAS,SCSCF,R:SCSCF,MTAS,R:SCSCF,PCSCF,R:PCSCF,SCSCF,P:MTAS,SCSCF,P:SCSCF,MTAS,P:MTAS,SCSCF,P:SCSCF,PCSCF,P:PCSCF,SCSCF,P-200:SCSCF,MTAS,P-200:MTAS,SCSCF,P-200:SCSCF,MTAS,P-200:SCSCF,PCSCF,P-200:PCSCF,SCSCF,C:MTAS,SCSCF,C:SCSCF,MTAS,C-200:SCSCF,MTAS,C:MTAS,SCSCF,C-200:MTAS,SCSCF,C:SCSCF,MTAS,C-200:SCSCF,PCSCF,C:SCSCF,PCSCF,C-200:PCSCF,SCSCF,C-200:PCSCF,SCSCF,I-487:SCSCF,PCSCF,A:SCSCF,MTAS,I-487:MTAS,SCSCF,A:MTAS,SCSCF,I-487:SCSCF,MTAS,A:SCSCF,MTAS,I-487:MTAS,SCSCF,A:SCSCF,PCSCF,I-487:PCSCF,SCSCF,A"
676,676,0,0,59,-0.7591337049661081,-0.6951098832482324,248,0,"PCSCF,SCSCF,I:SCSCF,PCSCF,T:SCSCF,ASLI,I:ASLI,SCSCF,T:ASLI,SCSCF,I-500:SCSCF,ASLI,A:MTAS,SCSCF,I:SCSCF,MTAS,T:SCSCF,GTW,I:GTW,SCSCF,T:GTW,SCSCF,S:SCSCF,MTAS,S:SCSCF,PCSCF,S:PCSCF,SCSCF,P:SCSCF,MTAS,P:MTAS,SCSCF,P:SCSCF,GTW,P:GTW,SCSCF,P-200:SCSCF,MTAS,P-200:MTAS,SCSCF,P-200:SCSCF,PCSCF,P-200:GTW,SCSCF,R:SCSCF,MTAS,R:SCSCF,PCSCF,R:PCSCF,SCSCF,P:SCSCF,MTAS,P:MTAS,SCSCF,P:SCSCF,GTW,P:GTW,SCSCF,P-200:SCSCF,MTAS,P-200:MTAS,SCSCF,P-200:SCSCF,PCSCF,P-200:PCSCF,SCSCF,C:SCSCF,PCSCF,C-200:MTAS,SCSCF,C:SCSCF,MTAS,C-200:SCSCF,GTW,C:GTW,SCSCF,C-200:SCSCF,MTAS,I-487:MTAS,SCSCF,A:GTW,SCSCF,I-487:SCSCF,GTW,A:SCSCF,PCSCF,I-487:PCSCF,SCSCF,A"
677,677,0,0,35,-1.4373812075003631,-1.3739026426091705,65,0,"PCSCF,SCSCF,I:SCSCF,ASLI,I:ASLI,SCSCF,T:ASLI,SCSCF,I-500:SCSCF,ASLI,A:SCSCF,PCSCF,T:MTAS,SCSCF,I:SCSCF,MTAS,T:SCSCF,ASLI,I:ASLI,SCSCF,T:ASLI,SCSCF,I-500:SCSCF,ASLI,A:SCSCF,MTAS,I:MTAS,SCSCF,T:MTAS,SCSCF,I-486:SCSCF,MTAS,A:SCSCF,MTAS,I-486:MTAS,SCSCF,A:SCSCF,PCSCF,S:SCSCF,MTAS,P:PCSCF,SCSCF,P:MTAS,SCSCF,P-200:SCSCF,PCSCF,P-200:PCSCF,SCSCF,C:SCSCF,PCSCF,C-200:SCSCF,PCSCF,I-487:PCSCF,SCSCF,A"
678,678,0,0,87,-1.0399043003206956,-0.9855456846240821,5,0,"PCSCF,SCSCF,I:SCSCF,PCSCF,T:SCSCF,ASLI,I:ASLI,SCSCF,T:ASLI,SCSCF,I-500:MTAS,SCSCF,I:SCSCF,MTAS,T:SCSCF,ASLI,A:SCSCF,GTW,I:GTW,SCSCF,T:GTW,SCSCF,S:SCSCF,MTAS,S:SCSCF,PCSCF,S:PCSCF,SCSCF,P:SCSCF,MTAS,P:MTAS,SCSCF,P:SCSCF,GTW,P:GTW,SCSCF,P-200:SCSCF,MTAS,P-200:MTAS,SCSCF,P-200:SCSCF,PCSCF,P-200:GTW,SCSCF,R:SCSCF,MTAS,R:SCSCF,PCSCF,R:PCSCF,SCSCF,P:SCSCF,MTAS,P:MTAS,SCSCF,P:SCSCF,GTW,P:GTW,SCSCF,P-200:SCSCF,MTAS,P-200:MTAS,SCSCF,P-200:SCSCF,PCSCF,P-200:GTW,SCSCF,S:SCSCF,MTAS,S:SCSCF,PCSCF,S:PCSCF,SCSCF,P:SCSCF,MTAS,P:MTAS,SCSCF,P:SCSCF,GTW,P:GTW,SCSCF,P-200:SCSCF,MTAS,P-200:MTAS,SCSCF,P-200:SCSCF,PCSCF,P-200:GTW,SCSCF,U:MTAS,SCSCF,U:SCSCF,PCSCF,U:PCSCF,SCSCF,U-200:SCSCF,MTAS,U-200:SCSCF,GTW,U-200:GTW,SCSCF,I-200:SCSCF,MTAS,I-200:SCSCF,PCSCF,I-200:PCSCF,SCSCF,A:SCSCF,MTAS,A:MTAS,SCSCF,A:SCSCF,GTW,A:PCSCF,SCSCF,B:SCSCF,MTAS,B:MTAS,SCSCF,B:SCSCF,GTW,B:GTW,SCSCF,B-200:SCSCF,MTAS,B-200:MTAS,SCSCF,B-200:SCSCF,PCSCF,B-200"
679,679,0,0,74,-0.9151129517668971,-0.8651271823058166,248,0,"PCSCF,SCSCF,I:SCSCF,PCSCF,T:SCSCF,ASLI,I:ASLI,SCSCF,T:ASLI,SCSCF,I-500:SCSCF,ASLI,A:MTAS,SCSCF,I:SCSCF,MTAS,T:SCSCF,GTW,I:GTW,SCSCF,T:GTW,SCSCF,S:SCSCF,MTAS,S:SCSCF,PCSCF,S:PCSCF,SCSCF,P:SCSCF,MTAS,P:MTAS,SCSCF,P:SCSCF,GTW,P:GTW,SCSCF,P-200:GTW,SCSCF,S:SCSCF,MTAS,S:SCSCF,MTAS,P-200:MTAS,SCSCF,P-200:SCSCF,PCSCF,P-200:SCSCF,PCSCF,S:PCSCF,SCSCF,P:SCSCF,MTAS,P:MTAS,SCSCF,P:SCSCF,GTW,P:GTW,SCSCF,P-200:SCSCF,MTAS,P-200:MTAS,SCSCF,P-200:SCSCF,PCSCF,P-200:GTW,SCSCF,R:SCSCF,MTAS,R:SCSCF,PCSCF,R:PCSCF,SCSCF,P:SCSCF,MTAS,P:MTAS,SCSCF,P:SCSCF,GTW,P:GTW,SCSCF,P-200:SCSCF,MTAS,P-200:MTAS,SCSCF,P-200:SCSCF,PCSCF,P-200:PCSCF,SCSCF,C:SCSCF,PCSCF,C-200:MTAS,SCSCF,C:SCSCF,MTAS,C-200:SCSCF,GTW,C:GTW,SCSCF,C-200:GTW,SCSCF,I-487:SCSCF,GTW,A:SCSCF,MTAS,I-487:MTAS,SCSCF,A:SCSCF,PCSCF,I-487:PCSCF,SCSCF,A"
680,680,0,0,30,-0.6055563311438036,-0.5925544266053654,37,0,"PCSCF,SCSCF,I:SCSCF,PCSCF,T:SCSCF,ASLI,I:ASLI,SCSCF,T:ASLI,SCSCF,I-500:SCSCF,ASLI,A:MTAS,SCSCF,I:SCSCF,MTAS,T:SCSCF,GTW,I:GTW,SCSCF,T:GTW,SCSCF,I-200:SCSCF,MTAS,I-200:SCSCF,PCSCF,I-200:SCSCF,MTAS,A:PCSCF,SCSCF,A:MTAS,SCSCF,A:SCSCF,GTW,A:GTW,SCSCF,B:MTAS,SCSCF,B:SCSCF,PCSCF,B:PCSCF,SCSCF,B-200:SCSCF,MTAS,B-200:SCSCF,GTW,B-200"
681,681,0,0,53,-0.6872424700760573,-0.6704655386429288,124,0,"GTW,ICSCF,I:ICSCF,GTW,T:SCSCF,ASLI,I:ASLI,SCSCF,T:ASLI,SCSCF,I-500:SCSCF,ASLI,A:SCSCF,MTAS,I:MTAS,SCSCF,T:MTAS,SCSCF,I:SCSCF,MTAS,T:SCSCF,PCSCF,I:PCSCF,SCSCF,T:PCSCF,SCSCF,R:SCSCF,MTAS,R:MTAS,SCSCF,R:SCSCF,MTAS,P:MTAS,SCSCF,P:ICSCF,GTW,R:GTW,SCSCF,P:SCSCF,PCSCF,P:PCSCF,SCSCF,P-200:SCSCF,MTAS,P-200:MTAS,SCSCF,P-200:SCSCF,GTW,P-200:GTW,ICSCF,C:ICSCF,GTW,C-200:SCSCF,MTAS,C:MTAS,SCSCF,C-200:MTAS,SCSCF,C:SCSCF,MTAS,C-200:SCSCF,PCSCF,C:PCSCF,SCSCF,C-200:PCSCF,SCSCF,I-487:SCSCF,PCSCF,A:SCSCF,MTAS,I-487:MTAS,SCSCF,A:MTAS,SCSCF,I-487:SCSCF,MTAS,A:ICSCF,GTW,I-487:GTW,ICSCF,A"
682,682,0,0,44,-0.7314802956423659,-0.7124029158433051,76,0,"PCSCF,SCSCF,I:SCSCF,PCSCF,T:SCSCF,ASLI,I:ASLI,SCSCF,T:ASLI,SCSCF,I-500:SCSCF,ASLI,A:MTAS,SCSCF,I:SCSCF,MTAS,T:SCSCF,GTW,I:GTW,SCSCF,T:GTW,SCSCF,R:SCSCF,MTAS,R:SCSCF,PCSCF,R:PCSCF,SCSCF,P:SCSCF,MTAS,P:MTAS,SCSCF,P:SCSCF,GTW,P:GTW,SCSCF,P-200:SCSCF,MTAS,P-200:MTAS,SCSCF,P-200:SCSCF,PCSCF,P-200:PCSCF,SCSCF,C:SCSCF,PCSCF,C-200:SCSCF,GTW,C:MTAS,SCSCF,C:SCSCF,MTAS,C-200:GTW,SCSCF,C-200:GTW,SCSCF,I-487:SCSCF,GTW,A:SCSCF,MTAS,I-487:MTAS,SCSCF,A:SCSCF,PCSCF,I-487:PCSCF,SCSCF,A"
683,683,0,0,53,-0.36705100684479475,-0.3669834238881995,5,0,"GTW,ICSCF,I:ICSCF,GTW,T:SCSCF,ASLI,I:ASLI,SCSCF,T:ASLI,SCSCF,I-500:SCSCF,ASLI,A:SCSCF,MTAS,I:MTAS,SCSCF,T:MTAS,SCSCF,I:SCSCF,MTAS,T:SCSCF,PCSCF,I:PCSCF,SCSCF,T:PCSCF,SCSCF,R:SCSCF,MTAS,R:MTAS,SCSCF,R:ICSCF,GTW,R:GTW,SCSCF,P:SCSCF,MTAS,P:MTAS,SCSCF,P:SCSCF,PCSCF,P:PCSCF,SCSCF,P-200:SCSCF,MTAS,P-200:MTAS,SCSCF,P-200:SCSCF,GTW,P-200:SCSCF,MTAS,I-200:ICSCF,GTW,I-200:PCSCF,SCSCF,I-200:MTAS,SCSCF,I-200:GTW,SCSCF,A:SCSCF,MTAS,A:MTAS,SCSCF,A:SCSCF,PCSCF,A:GTW,SCSCF,B:SCSCF,MTAS,B:MTAS,SCSCF,B:SCSCF,PCSCF,B:PCSCF,SCSCF,B-200:SCSCF,MTAS,B-200:MTAS,SCSCF,B-200:SCSCF,GTW,B-200"
684,684,0,0,71,-0.9173276930687724,-0.8667658635190029,28,0,"GTW,ICSCF,I:ICSCF,GTW,T:SCSCF,ASLI,I:ASLI,SCSCF,T:ASLI,SCSCF,I-500:SCSCF,MTAS,I:MTAS,SCSCF,T:MTAS,SCSCF,I:SCSCF,ASLI,A:SCSCF,MTAS,T:MTAS,SCSCF,W:ICSCF,GTW,W:SCSCF,GTW,I:GTW,SCSCF,T:GTW,SCSCF,S:SCSCF,MTAS,S:MTAS,SCSCF,S:ICSCF,GTW,S:GTW,SCSCF,P:SCSCF,MTAS,P:MTAS,SCSCF,P:SCSCF,GTW,P:GTW,SCSCF,P-200:SCSCF,MTAS,P-200:MTAS,SCSCF,P-200:SCSCF,GTW,P-200:GTW,SCSCF,R:SCSCF,MTAS,R:MTAS,SCSCF,R:ICSCF,GTW,R:GTW,SCSCF,P:SCSCF,MTAS,P:MTAS,SCSCF,P:SCSCF,GTW,P:GTW,SCSCF,P-200:SCSCF,MTAS,P-200:MTAS,SCSCF,P-200:SCSCF,GTW,P-200:GTW,ICSCF,C:ICSCF,GTW,C-200:SCSCF,MTAS,C:MTAS,SCSCF,C-200:MTAS,SCSCF,C:SCSCF,MTAS,C-200:SCSCF,GTW,C:GTW,SCSCF,C-200:GTW,SCSCF,I-487:SCSCF,GTW,A:SCSCF,MTAS,I-487:MTAS,SCSCF,A:MTAS,SCSCF,I-487:SCSCF,MTAS,A:ICSCF,GTW,I-487:GTW,ICSCF,A"
685,685,0,0,53,-0.5901542590727639,-0.5329220722426397,28,0,"GTW,ICSCF,I:ICSCF,GTW,T:SCSCF,ASLI,I:ASLI,SCSCF,T:ASLI,SCSCF,I-500:SCSCF,ASLI,A:SCSCF,MTAS,I:MTAS,SCSCF,T:MTAS,SCSCF,I:SCSCF,MTAS,T:SCSCF,PCSCF,I:PCSCF,SCSCF,T:MTAS,SCSCF,R:ICSCF,GTW,R:PCSCF,SCSCF,R:SCSCF,MTAS,R:GTW,SCSCF,P:SCSCF,MTAS,P:MTAS,SCSCF,P:SCSCF,PCSCF,P:PCSCF,SCSCF,P-200:SCSCF,MTAS,P-200:MTAS,SCSCF,P-200:SCSCF,GTW,P-200:GTW,ICSCF,C:ICSCF,GTW,C-200:SCSCF,MTAS,C:MTAS,SCSCF,C-200:MTAS,SCSCF,C:SCSCF,MTAS,C-200:SCSCF,PCSCF,C:PCSCF,SCSCF,C-200:PCSCF,SCSCF,I-487:SCSCF,PCSCF,A:SCSCF,MTAS,I-487:MTAS,SCSCF,A:MTAS,SCSCF,I-487:SCSCF,MTAS,A:ICSCF,GTW,I-487:GTW,ICSCF,A"
686,686,0,0,46,-1.0605149900552109,-0.9898946126367913,248,0,"PCSCF,SCSCF,I:SCSCF,PCSCF,T:SCSCF,PCSCF,I-407:PCSCF,SCSCF,A:PCSCF,SCSCF,I:SCSCF,ASLI,I:ASLI,SCSCF,T:ASLI,SCSCF,I-500:SCSCF,ASLI,A:SCSCF,PCSCF,T:MTAS,SCSCF,I:SCSCF,MTAS,T:SCSCF,GTW,I:GTW,SCSCF,T:GTW,SCSCF,S:SCSCF,MTAS,S:SCSCF,PCSCF,S:PCSCF,SCSCF,P:MTAS,SCSCF,P:SCSCF,GTW,P:GTW,SCSCF,P-200:SCSCF,MTAS,P-200:SCSCF,PCSCF,P-200:PCSCF,SCSCF,C:SCSCF,PCSCF,C-200:MTAS,SCSCF,C:SCSCF,MTAS,C-200:SCSCF,GTW,C:GTW,SCSCF,C-200:GTW,SCSCF,I-487:SCSCF,GTW,A:SCSCF,MTAS,I-487:MTAS,SCSCF,A:SCSCF,PCSCF,I-487:PCSCF,SCSCF,A"
687,687,0,0,49,-0.929550740661704,-0.8835168883430469,190,0,"PCSCF,SCSCF,I:SCSCF,PCSCF,T:SCSCF,PCSCF,I-407:PCSCF,SCSCF,A:PCSCF,SCSCF,I:SCSCF,PCSCF,T:SCSCF,ASLI,I:ASLI,SCSCF,T:ASLI,SCSCF,I-500:SCSCF,ASLI,A:MTAS,SCSCF,I:SCSCF,MTAS,T:SCSCF,GTW,I:GTW,SCSCF,T:GTW,SCSCF,S:SCSCF,MTAS,S:SCSCF,PCSCF,S:PCSCF,SCSCF,P:MTAS,SCSCF,P:SCSCF,GTW,P:GTW,SCSCF,P-200:SCSCF,MTAS,P-200:SCSCF,PCSCF,P-200:GTW,SCSCF,R:SCSCF,MTAS,R:SCSCF,PCSCF,R:PCSCF,SCSCF,P:MTAS,SCSCF,P:SCSCF,GTW,P:GTW,SCSCF,P-200:SCSCF,MTAS,P-200:SCSCF,PCSCF,P-200:GTW,SCSCF,I-480:SCSCF,GTW,A:SCSCF,MTAS,I-480:MTAS,SCSCF,A:SCSCF,PCSCF,I-480:PCSCF,SCSCF,A"
688,688,0,0,46,-1.0057041382758884,-0.9550621634801866,76,0,"PCSCF,SCSCF,I:SCSCF,PCSCF,T:SCSCF,PCSCF,I-407:PCSCF,SCSCF,A:PCSCF,SCSCF,I:SCSCF,PCSCF,T:SCSCF,ASLI,I:ASLI,SCSCF,T:ASLI,SCSCF,I-500:SCSCF,ASLI,A:MTAS,SCSCF,I:SCSCF,MTAS,T:SCSCF,GTW,I:GTW,SCSCF,T:GTW,SCSCF,R:SCSCF,MTAS,R:SCSCF,PCSCF,R:PCSCF,SCSCF,P:MTAS,SCSCF,P:SCSCF,GTW,P:GTW,SCSCF,P-200:SCSCF,MTAS,P-200:SCSCF,PCSCF,P-200:PCSCF,SCSCF,C:MTAS,SCSCF,C:SCSCF,MTAS,C-200:SCSCF,GTW,C:GTW,SCSCF,C-200:GTW,SCSCF,I-487:SCSCF,GTW,A:SCSCF,MTAS,I-487:MTAS,SCSCF,A:SCSCF,PCSCF,C-200:SCSCF,PCSCF,I-487:PCSCF,SCSCF,A"
689,689,0,0,73,-0.7991214825644768,-0.7589414251785913,104,0,"GTW,ICSCF,I:ICSCF,GTW,T:SCSCF,ASLI,I:ASLI,SCSCF,T:ASLI,SCSCF,I-500:SCSCF,ASLI,A:SCSCF,MTAS,I:MTAS,SCSCF,T:MTAS,SCSCF,I:SCSCF,MTAS,T:SCSCF,PCSCF,I:PCSCF,SCSCF,T:PCSCF,SCSCF,R:SCSCF,MTAS,R:MTAS,SCSCF,R:ICSCF,GTW,R:GTW,SCSCF,P:SCSCF,MTAS,P:MTAS,SCSCF,P:SCSCF,PCSCF,P:PCSCF,SCSCF,P-200:SCSCF,MTAS,P-200:MTAS,SCSCF,P-200:SCSCF,GTW,P-200:PCSCF,SCSCF,I-200:SCSCF,MTAS,I-200:MTAS,SCSCF,I-200:ICSCF,GTW,I-200:GTW,SCSCF,A:SCSCF,MTAS,A:MTAS,SCSCF,A:SCSCF,PCSCF,A:PCSCF,SCSCF,I:SCSCF,MTAS,I:MTAS,SCSCF,T:MTAS,SCSCF,I:SCSCF,MTAS,T:SCSCF,GTW,I:GTW,SCSCF,T:GTW,SCSCF,I-200:SCSCF,MTAS,I-200:MTAS,SCSCF,I-200:SCSCF,PCSCF,T:SCSCF,PCSCF,I-200:PCSCF,SCSCF,A:SCSCF,MTAS,A:MTAS,SCSCF,A:SCSCF,GTW,A:GTW,SCSCF,B:SCSCF,MTAS,B:MTAS,SCSCF,B:SCSCF,PCSCF,B:PCSCF,SCSCF,B-200:SCSCF,MTAS,B-200:MTAS,SCSCF,B-200:SCSCF,GTW,B-200"
690,690,0,0,25,-1.1315832699102226,-1.0820408366341425,180,0,"GTW,ICSCF,I:ICSCF,GTW,T:SCSCF,ASLI,I:ASLI,SCSCF,T:ASLI,SCSCF,I-500:SCSCF,MTAS,I:MTAS,SCSCF,T:MTAS,SCSCF,I:SCSCF,MTAS,T:SCSCF,PCSCF,I:SCSCF,ASLI,A:PCSCF,SCSCF,T:PCSCF,SCSCF,I-486:SCSCF,PCSCF,A:SCSCF,MTAS,I-486:MTAS,SCSCF,A:MTAS,SCSCF,I-486:SCSCF,MTAS,A:ICSCF,GTW,I-486:GTW,ICSCF,A"
691,691,0,0,83,-0.779380298020901,-0.7792984269079515,113,0,"PCSCF,SCSCF,I:SCSCF,ASLI,I:ASLI,SCSCF,T:ASLI,SCSCF,I-500:SCSCF,ASLI,A:SCSCF,PCSCF,T:MTAS,SCSCF,I:SCSCF,MTAS,T:SCSCF,ASLI,I:ASLI,SCSCF,T:ASLI,SCSCF,I-500:SCSCF,ASLI,A:SCSCF,MTAS,I:MTAS,SCSCF,T:MTAS,SCSCF,I:SCSCF,MTAS,T:SCSCF,PCSCF,I:PCSCF,SCSCF,T:SCSCF,PCSCF,I:PCSCF,SCSCF,T:PCSCF,SCSCF,R:SCSCF,MTAS,R:MTAS,SCSCF,R:SCSCF,MTAS,R:SCSCF,PCSCF,R:PCSCF,SCSCF,P:MTAS,SCSCF,P:SCSCF,MTAS,P:MTAS,SCSCF,P:SCSCF,PCSCF,P:PCSCF,SCSCF,P-200:SCSCF,MTAS,P-200:MTAS,SCSCF,P-200:SCSCF,MTAS,P-200:SCSCF,PCSCF,P-200:PCSCF,SCSCF,I-408:SCSCF,PCSCF,A:PCSCF,SCSCF,I-200:SCSCF,MTAS,I-200:MTAS,SCSCF,I-200:SCSCF,MTAS,I-200:SCSCF,PCSCF,I-200:PCSCF,SCSCF,A:MTAS,SCSCF,A:SCSCF,MTAS,A:MTAS,SCSCF,A:SCSCF,PCSCF,A:MTAS,SCSCF,U:SCSCF,PCSCF,U:MTAS,SCSCF,U:PCSCF,SCSCF,U-200:SCSCF,MTAS,U-200:PCSCF,SCSCF,U-200:SCSCF,MTAS,U-200:PCSCF,SCSCF,B:SCSCF,MTAS,B:MTAS,SCSCF,B:SCSCF,PCSCF,B:PCSCF,SCSCF,B-200:SCSCF,MTAS,B-200:MTAS,SCSCF,B-200:SCSCF,PCSCF,B-200"
692,692,0,0,93,-0.8240589587674186,-0.815574486145396,60,0,"PCSCF,SCSCF,I:SCSCF,PCSCF,T:SCSCF,ASLI,I:ASLI,SCSCF,T:ASLI,SCSCF,I-500:SCSCF,ASLI,A:MTAS,SCSCF,I:SCSCF,MTAS,T:SCSCF,GTW,I:GTW,SCSCF,T:GTW,SCSCF,S:SCSCF,MTAS,S:SCSCF,PCSCF,S:PCSCF,SCSCF,P:MTAS,SCSCF,P:SCSCF,GTW,P:GTW,SCSCF,P-200:SCSCF,MTAS,P-200:SCSCF,PCSCF,P-200:GTW,SCSCF,S:SCSCF,MTAS,S:SCSCF,PCSCF,S:PCSCF,SCSCF,P:MTAS,SCSCF,P:SCSCF,GTW,P:GTW,SCSCF,P-200:SCSCF,MTAS,P-200:SCSCF,PCSCF,P-200:GTW,SCSCF,S:SCSCF,MTAS,S:SCSCF,PCSCF,S:PCSCF,SCSCF,P:MTAS,SCSCF,P:SCSCF,GTW,P:GTW,SCSCF,P-200:SCSCF,MTAS,P-200:SCSCF,PCSCF,P-200:GTW,SCSCF,S:SCSCF,MTAS,S:SCSCF,PCSCF,S:PCSCF,SCSCF,P:MTAS,SCSCF,P:SCSCF,GTW,P:GTW,SCSCF,P-200:SCSCF,MTAS,P-200:SCSCF,PCSCF,P-200:GTW,SCSCF,S:SCSCF,MTAS,S:SCSCF,PCSCF,S:PCSCF,SCSCF,P:MTAS,SCSCF,P:SCSCF,GTW,P:GTW,SCSCF,P-200:SCSCF,MTAS,P-200:SCSCF,PCSCF,P-200:GTW,SCSCF,I-200:SCSCF,MTAS,I-200:SCSCF,PCSCF,I-200:PCSCF,SCSCF,A:SCSCF,MTAS,A:MTAS,SCSCF,A:SCSCF,GTW,A:PCSCF,SCSCF,B:SCSCF,MTAS,B:MTAS,SCSCF,B:SCSCF,GTW,B:GTW,SCSCF,B-200:SCSCF,MTAS,B-200:MTAS,SCSCF,B-200:SCSCF,PCSCF,B-200"
693,693,0,0,59,-0.340236938816352,-0.34018754996200656,5,0,"GTW,ICSCF,I:ICSCF,GTW,T:SCSCF,ASLI,I:ASLI,SCSCF,T:ASLI,SCSCF,I-500:SCSCF,ASLI,A:SCSCF,MTAS,I:MTAS,SCSCF,T:MTAS,SCSCF,I:SCSCF,MTAS,T:SCSCF,PCSCF,I:PCSCF,SCSCF,T:PCSCF,SCSCF,R:SCSCF,MTAS,R:MTAS,SCSCF,R:ICSCF,GTW,R:GTW,SCSCF,P:SCSCF,MTAS,P:MTAS,SCSCF,P:SCSCF,PCSCF,P:PCSCF,SCSCF,P-200:SCSCF,MTAS,P-200:MTAS,SCSCF,P-200:SCSCF,GTW,P-200:PCSCF,SCSCF,I-200:SCSCF,MTAS,I-200:MTAS,SCSCF,I-200:ICSCF,GTW,I-200:GTW,SCSCF,A:SCSCF,MTAS,A:MTAS,SCSCF,A:SCSCF,PCSCF,A:GTW,SCSCF,B:SCSCF,MTAS,B:SCSCF,PCSCF,B:SCSCF,MTAS,B:MTAS,SCSCF,B:PCSCF,SCSCF,B:MTAS,SCSCF,B-200:SCSCF,PCSCF,B-200:PCSCF,SCSCF,B-200:SCSCF,MTAS,B-200:MTAS,SCSCF,B-200:SCSCF,GTW,B-200"
694,694,0,0,42,-0.8210621999164056,-0.7949353288962439,0,0,"PCSCF,SCSCF,I:SCSCF,ASLI,I:SCSCF,PCSCF,T:ASLI,SCSCF,T:ASLI,SCSCF,I-500:SCSCF,ASLI,A:MTAS,SCSCF,I:SCSCF,MTAS,T:SCSCF,GTW,I:GTW,SCSCF,T:GTW,SCSCF,R:SCSCF,MTAS,R:SCSCF,PCSCF,R:PCSCF,SCSCF,P:MTAS,SCSCF,P:SCSCF,GTW,P:GTW,SCSCF,P-200:SCSCF,MTAS,P-200:SCSCF,PCSCF,P-200:GTW,SCSCF,I-200:SCSCF,MTAS,I-200:SCSCF,PCSCF,I-200:PCSCF,SCSCF,A:SCSCF,MTAS,A:MTAS,SCSCF,A:SCSCF,GTW,A:PCSCF,SCSCF,B:MTAS,SCSCF,B:SCSCF,GTW,B:GTW,SCSCF,B-200:SCSCF,MTAS,B-200:SCSCF,PCSCF,B-200"
695,695,0,0,70,-1.1427148933376468,-1.1140881696498874,1,0,"PCSCF,SCSCF,I:SCSCF,PCSCF,T:SCSCF,PCSCF,I-407:PCSCF,SCSCF,A:PCSCF,SCSCF,I:SCSCF,ASLI,I:ASLI,SCSCF,T:ASLI,SCSCF,I-500:SCSCF,ASLI,A:SCSCF,PCSCF,T:MTAS,SCSCF,I:SCSCF,MTAS,T:SCSCF,GTW,I:GTW,SCSCF,T:GTW,SCSCF,S:SCSCF,MTAS,S:SCSCF,PCSCF,S:PCSCF,SCSCF,P:MTAS,SCSCF,P:SCSCF,GTW,P:GTW,SCSCF,P-200:GTW,SCSCF,R:SCSCF,MTAS,P-200:SCSCF,MTAS,R:SCSCF,PCSCF,P-200:SCSCF,PCSCF,R:PCSCF,SCSCF,P:MTAS,SCSCF,P:SCSCF,GTW,P:GTW,SCSCF,P-200:SCSCF,MTAS,P-200:SCSCF,PCSCF,P-200:GTW,SCSCF,I-200:SCSCF,MTAS,I-200:SCSCF,PCSCF,I-200:PCSCF,SCSCF,A:SCSCF,MTAS,A:MTAS,SCSCF,A:SCSCF,GTW,A:MTAS,SCSCF,U:SCSCF,GTW,U:GTW,SCSCF,U-200:SCSCF,PCSCF,U:SCSCF,MTAS,U-200:PCSCF,SCSCF,U-200:SCSCF,MTAS,U-200:PCSCF,SCSCF,B:MTAS,SCSCF,B:SCSCF,GTW,B:GTW,SCSCF,B-200:SCSCF,MTAS,B-200:SCSCF,PCSCF,B-200"
696,696,0,0,39,-1.394663759836239,-1.3433686069533703,56,0,"GTW,ICSCF,I:ICSCF,GTW,T:SCSCF,ASLI,I:ASLI,SCSCF,T:ASLI,SCSCF,I-500:SCSCF,ASLI,A:SCSCF,MTAS,I:MTAS,SCSCF,T:MTAS,SCSCF,W:ICSCF,GTW,W:MTAS,SCSCF,I:SCSCF,MTAS,T:SCSCF,GTW,I:GTW,SCSCF,T:GTW,ICSCF,C:ICSCF,GTW,C-200:SCSCF,MTAS,C:MTAS,SCSCF,C:SCSCF,MTAS,C-200:SCSCF,GTW,C:MTAS,SCSCF,C-200:MTAS,SCSCF,I-487:SCSCF,MTAS,A:ICSCF,GTW,I-487:GTW,SCSCF,C-200:GTW,SCSCF,I-487:SCSCF,GTW,A:SCSCF,MTAS,I-487:MTAS,SCSCF,A:GTW,ICSCF,A"
697,697,0,0,53,-1.0130288963388883,-0.986170895443583,248,0,"PCSCF,SCSCF,I:SCSCF,ASLI,I:SCSCF,PCSCF,T:ASLI,SCSCF,T:ASLI,SCSCF,I-500:SCSCF,ASLI,A:MTAS,SCSCF,I:SCSCF,MTAS,T:SCSCF,GTW,I:GTW,SCSCF,T:GTW,SCSCF,S:SCSCF,MTAS,S:SCSCF,PCSCF,S:PCSCF,SCSCF,P:MTAS,SCSCF,P:SCSCF,GTW,P:GTW,SCSCF,P-200:SCSCF,MTAS,P-200:SCSCF,PCSCF,P-200:GTW,SCSCF,S:SCSCF,MTAS,S:SCSCF,PCSCF,S:PCSCF,SCSCF,P:MTAS,SCSCF,P:SCSCF,GTW,P:GTW,SCSCF,P-200:SCSCF,MTAS,P-200:SCSCF,PCSCF,P-200:PCSCF,SCSCF,C:SCSCF,PCSCF,C-200:MTAS,SCSCF,C:SCSCF,MTAS,C-200:SCSCF,GTW,C:GTW,SCSCF,C-200:GTW,SCSCF,I-487:SCSCF,GTW,A:SCSCF,MTAS,I-487:MTAS,SCSCF,A:SCSCF,PCSCF,I-487:PCSCF,SCSCF,A"
698,698,0,0,84,-0.8992855207144957,-0.8988275088642385,104,0,"PCSCF,SCSCF,I:SCSCF,PCSCF,T:SCSCF,PCSCF,I-407:PCSCF,SCSCF,A:PCSCF,SCSCF,I:SCSCF,ASLI,I:SCSCF,PCSCF,T:ASLI,SCSCF,T:ASLI,SCSCF,I-500:SCSCF,ASLI,A:MTAS,SCSCF,I:SCSCF,MTAS,T:SCSCF,GTW,I:GTW,SCSCF,T:GTW,SCSCF,S:SCSCF,MTAS,S:SCSCF,PCSCF,S:PCSCF,SCSCF,P:SCSCF,MTAS,P:MTAS,SCSCF,P:SCSCF,GTW,P:GTW,SCSCF,P-200:GTW,SCSCF,R:SCSCF,MTAS,R:SCSCF,MTAS,P-200:MTAS,SCSCF,P-200:SCSCF,PCSCF,P-200:SCSCF,PCSCF,R:PCSCF,SCSCF,P:SCSCF,MTAS,P:MTAS,SCSCF,P:SCSCF,GTW,P:GTW,SCSCF,P-200:SCSCF,MTAS,P-200:MTAS,SCSCF,P-200:SCSCF,PCSCF,P-200:GTW,SCSCF,I-200:SCSCF,MTAS,I-200:SCSCF,PCSCF,I-200:PCSCF,SCSCF,A:SCSCF,MTAS,A:MTAS,SCSCF,A:SCSCF,GTW,A:PCSCF,SCSCF,I:SCSCF,PCSCF,T:MTAS,SCSCF,I:SCSCF,MTAS,T:SCSCF,GTW,I:GTW,SCSCF,T:GTW,SCSCF,I-200:SCSCF,MTAS,I-200:SCSCF,PCSCF,I-200:PCSCF,SCSCF,A:SCSCF,MTAS,A:MTAS,SCSCF,A:SCSCF,GTW,A:PCSCF,SCSCF,B:SCSCF,MTAS,B:MTAS,SCSCF,B:SCSCF,GTW,B:GTW,SCSCF,B-200:SCSCF,MTAS,B-200:MTAS,SCSCF,B-200:SCSCF,PCSCF,B-200"
699,699,0,0,53,-0.6796426625154502,-0.654604046972751,323,0,"GTW,ICSCF,I:ICSCF,GTW,T:SCSCF,ASLI,I:ASLI,SCSCF,T:ASLI,SCSCF,I-500:SCSCF,ASLI,A:SCSCF,MTAS,I:MTAS,SCSCF,T:MTAS,SCSCF,I:SCSCF,MTAS,T:SCSCF,PCSCF,I:PCSCF,SCSCF,T:PCSCF,SCSCF,R:SCSCF,MTAS,R:MTAS,SCSCF,R:ICSCF,GTW,R:GTW,SCSCF,P:SCSCF,MTAS,P:MTAS,SCSCF,P:SCSCF,PCSCF,P:PCSCF,SCSCF,P-200:SCSCF,MTAS,P-200:MTAS,SCSCF,P-200:SCSCF,GTW,P-200:GTW,ICSCF,C:ICSCF,GTW,C-200:SCSCF,MTAS,C:MTAS,SCSCF,C-200:MTAS,SCSCF,C:SCSCF,MTAS,C-200:SCSCF,PCSCF,C:PCSCF,SCSCF,C-200:PCSCF,SCSCF,I-487:SCSCF,MTAS,I-487:MTAS,SCSCF,A:MTAS,SCSCF,I-487:SCSCF,PCSCF,A:SCSCF,MTAS,A:ICSCF,GTW,I-487:GTW,ICSCF,A"
700,700,1,0,29,-0.39562187355667044,-0.39497535097482295,5,0,"ICSCF,SCSCF,I:SCSCF,ICSCF,T:SCSCF,ASLI,I:ASLI,SCSCF,T:ASLI,SCSCF,I-500:SCSCF,ASLI,A:SCSCF,MTAS,I:MTAS,SCSCF,T:MTAS,SCSCF,I:SCSCF,MTAS,T:SCSCF,PCSCF,I:PCSCF,SCSCF,T:SCSCF,MTAS,R:PCSCF,SCSCF,R:MTAS,SCSCF,R:SCSCF,ICSCF,R:SCSCF,MTAS,P:SCSCF,SCSCF,P:SCSCF,PCSCF,P:MTAS,SCSCF,P:PCSCF,SCSCF,P-200:SCSCF,MTAS,P-200:SCSCF,SCSCF,P-200:MTAS,SCSCF,P-200"
701,701,1,0,27,-0.6199714804206466,-0.6144546030523359,24,0,"PCSCF,SCSCF,I:SCSCF,PCSCF,T:SCSCF,PCSCF,I-407:PCSCF,SCSCF,A:PCSCF,SCSCF,I:SCSCF,PCSCF,T:SCSCF,ASLI,I:ASLI,SCSCF,T:ASLI,SCSCF,I-500:SCSCF,ASLI,A:SCSCF,MTAS,I:MTAS,SCSCF,T:MTAS,SCSCF,I:SCSCF,MTAS,T:SCSCF,ASLI,I:ASLI,SCSCF,T:ASLI,SCSCF,I-500:SCSCF,ASLI,A:SCSCF,MTAS,I:MTAS,SCSCF,T:MTAS,SCSCF,I:SCSCF,MTAS,T:SCSCF,PCSCF,I:PCSCF,SCSCF,T"
702,702,1,0,30,-1.2333589213847962,-1.233131596992464,190,0,"MTAS,SCSCF,I:MTAS,SCSCF,A:GTW,ICSCF,I:ICSCF,GTW,T:SCSCF,ASLI,I:ASLI,SCSCF,T:ASLI,SCSCF,I-500:SCSCF,ASLI,A:SCSCF,MTAS,I:MTAS,SCSCF,T:MTAS,SCSCF,I:SCSCF,MTAS,T:SCSCF,MTAS,I-480:MTAS,SCSCF,A:MTAS,SCSCF,S:ICSCF,GTW,S:GTW,SCSCF,P:SCSCF,MTAS,P:SCSCF,GTW,P-200:MTAS,SCSCF,P-200:MTAS,SCSCF,I-480:SCSCF,MTAS,A:ICSCF,GTW,I-480:GTW,ICSCF,A"
703,703,1,1,13,-2.127144627263479,-2.0680114141733243,11,0,"PCSCF,SCSCF,I:SCSCF,PCSCF,T:SCSCF,ASLI,I:ASLI,SCSCF,T:SCSCF,ASLI,A:ASLI,SCSCF,I-500:SCSCF,MTAS,I:MTAS,SCSCF,I:MTAS,SCSCF,T:SCSCF,MTAS,T:SCSCF,GTW,I:GTW,SCSCF,T"
704,704,1,0,29,-0.7005553213101912,-0.6876954690057518,5,0,"GTW,ICSCF,I:ICSCF,GTW,T:SCSCF,ASLI,I:ASLI,SCSCF,T:ASLI,SCSCF,I-500:SCSCF,ASLI,A:SCSCF,MTAS,I:MTAS,SCSCF,T:MTAS,SCSCF,I:SCSCF,MTAS,T:SCSCF,PCSCF,I:PCSCF,SCSCF,T:PCSCF,SCSCF,R:MTAS,SCSCF,R:SCSCF,MTAS,R:GTW,SCSCF,P:ICSCF,GTW,R:SCSCF,MTAS,P:MTAS,SCSCF,P:SCSCF,PCSCF,P:SCSCF,MTAS,P-200:PCSCF,SCSCF,P-200:MTAS,SCSCF,P-200:SCSCF,GTW,P-200"
705,705,1,0,29,-0.9615171006969012,-0.9108751882969429,113,0,"GTW,ICSCF,I:ICSCF,GTW,T:SCSCF,ASLI,I:ASLI,SCSCF,T:ASLI,SCSCF,I-500:SCSCF,ASLI,A:SCSCF,MTAS,I:MTAS,SCSCF,T:MTAS,SCSCF,I:SCSCF,MTAS,T:PCSCF,SCSCF,T:SCSCF,PCSCF,I:PCSCF,SCSCF,R:MTAS,SCSCF,R:SCSCF,MTAS,R:ICSCF,GTW,R:GTW,SCSCF,P:SCSCF,MTAS,P:MTAS,SCSCF,P:SCSCF,PCSCF,P:PCSCF,SCSCF,P-200:MTAS,SCSCF,P-200:SCSCF,MTAS,P-200:SCSCF,GTW,P-200"
706,706,1,0,29,-0.6459174699598562,-0.6456824713028925,11,0,"GTW,ICSCF,I:ICSCF,GTW,T:SCSCF,ASLI,I:ASLI,SCSCF,T:ASLI,SCSCF,I-500:SCSCF,MTAS,I:MTAS,SCSCF,T:MTAS,SCSCF,I:SCSCF,MTAS,T:SCSCF,PCSCF,I:PCSCF,SCSCF,T:SCSCF,ASLI,A:PCSCF,SCSCF,R:MTAS,SCSCF,R:ICSCF,GTW,R:SCSCF,MTAS,R:GTW,SCSCF,P:SCSCF,MTAS,P:MTAS,SCSCF,P:SCSCF,PCSCF,P:PCSCF,SCSCF,P-200:MTAS,SCSCF,P-200:SCSCF,GTW,P-200:SCSCF,MTAS,P-200"
707,707,1,0,6,-0.6053162175985146,-0.5693077459684227,5,0,"IBCF,ICSCF,I:ICSCF,IBCF,T:ICSCF,SCSCF,I:SCSCF,ICSCF,T:SCSCF,ICSCF,R:ICSCF,IBCF,R"
708,708,1,1,23,-1.7440945898516071,-1.7155506982511712,34,0,"MTAS,SCSCF,I:MTAS,SCSCF,A:GTW,ICSCF,I:ICSCF,GTW,T:SCSCF,ASLI,I:ASLI,SCSCF,T:ASLI,SCSCF,I-500:SCSCF,ASLI,A:SCSCF,MTAS,I:MTAS,SCSCF,T:GTW,ICSCF,C:ICSCF,GTW,C-200:SCSCF,MTAS,C:MTAS,SCSCF,I-487:MTAS,SCSCF,C-200:SCSCF,MTAS,A:ICSCF,GTW,I-487:GTW,ICSCF,A"
709,709,1,0,40,-0.8078270047493039,-0.7722740973997958,113,0,"PCSCF,SCSCF,I:SCSCF,ASLI,I:SCSCF,PCSCF,T:ASLI,SCSCF,T:ASLI,SCSCF,I-500:SCSCF,ASLI,A:MTAS,SCSCF,I:SCSCF,MTAS,T:SCSCF,ASLI,I:ASLI,SCSCF,T:ASLI,SCSCF,I-500:SCSCF,ASLI,A:SCSCF,MTAS,I:MTAS,SCSCF,T:MTAS,SCSCF,I:SCSCF,MTAS,T:SCSCF,PCSCF,I:PCSCF,SCSCF,T:SCSCF,MTAS,R:PCSCF,SCSCF,R:MTAS,SCSCF,R:SCSCF,MTAS,R:SCSCF,PCSCF,R:PCSCF,SCSCF,P:MTAS,SCSCF,P:SCSCF,MTAS,P:MTAS,SCSCF,P:SCSCF,PCSCF,P:PCSCF,SCSCF,P-200:SCSCF,MTAS,P-200:MTAS,SCSCF,P-200:SCSCF,MTAS,P-200:SCSCF,PCSCF,P-200"
710,710,1,1,29,-1.7376036482833914,-1.7333589934836402,190,0,"MTAS,SCSCF,I:MTAS,SCSCF,A:GTW,ICSCF,I:SCSCF,ASLI,I:ASLI,SCSCF,T:ASLI,SCSCF,I-500:SCSCF,ASLI,A:SCSCF,MTAS,I:MTAS,SCSCF,T:MTAS,SCSCF,I:SCSCF,MTAS,T:SCSCF,MTAS,I-480:MTAS,SCSCF,A:MTAS,SCSCF,S:ICSCF,GTW,S:GTW,SCSCF,P:SCSCF,MTAS,P:MTAS,SCSCF,P-200:SCSCF,GTW,P-200:MTAS,SCSCF,I-480:ICSCF,GTW,I-480:SCSCF,MTAS,A:GTW,ICSCF,A"
711,711,1,0,29,-0.39562187355667044,-0.39497535097482295,5,0,"ICSCF,SCSCF,I:SCSCF,ICSCF,T:SCSCF,ASLI,I:ASLI,SCSCF,T:ASLI,SCSCF,I-500:SCSCF,ASLI,A:SCSCF,MTAS,I:MTAS,SCSCF,T:MTAS,SCSCF,I:SCSCF,MTAS,T:SCSCF,PCSCF,I:PCSCF,SCSCF,T:PCSCF,SCSCF,R:SCSCF,MTAS,R:MTAS,SCSCF,R:SCSCF,ICSCF,R:SCSCF,MTAS,P:SCSCF,SCSCF,P:MTAS,SCSCF,P:SCSCF,PCSCF,P:PCSCF,SCSCF,P-200:SCSCF,MTAS,P-200:MTAS,SCSCF,P-200:SCSCF,SCSCF,P-200"
712,712,1,0,13,-1.264499754568996,-1.2460030529466768,52,0,"ICSCF,SCSCF,I:SCSCF,ICSCF,T:SCSCF,BCCAS,I:BCCAS,SCSCF,T:BCCAS,SCSCF,I:SCSCF,BCCAS,T:SCSCF,ASLI,I:SCSCF,ASLI,A:ASLI,SCSCF,T:ASLI,SCSCF,I-500:SCSCF,GTW,I:GTW,SCSCF,T"
713,713,1,1,48,-1.5861917221599076,-1.4968861444549442,190,0,"PCSCF,SCSCF,I:SCSCF,PCSCF,T:SCSCF,PCSCF,I-407:PCSCF,SCSCF,A:PCSCF,SCSCF,I:SCSCF,PCSCF,T:SCSCF,ASLI,I:ASLI,SCSCF,T:ASLI,SCSCF,I-500:SCSCF,ASLI,A:MTAS,SCSCF,I:SCSCF,MTAS,T:SCSCF,ASLI,I:ASLI,SCSCF,T:ASLI,SCSCF,I-500:SCSCF,BCCAS,I:BCCAS,SCSCF,T:BCCAS,SCSCF,I:SCSCF,BCCAS,T:SCSCF,ASLI,A:SCSCF,IBCF,I:IBCF,SCSCF,T:IBCF,SCSCF,Q:SCSCF,BCCAS,Q:BCCAS,SCSCF,Q:SCSCF,MTAS,Q:SCSCF,PCSCF,Q:PCSCF,SCSCF,P:SCSCF,MTAS,P:MTAS,SCSCF,P:SCSCF,BCCAS,P:BCCAS,SCSCF,P:SCSCF,IBCF,P:IBCF,SCSCF,P-200:SCSCF,BCCAS,P-200:BCCAS,SCSCF,P-200:SCSCF,MTAS,P-200:MTAS,SCSCF,P-200:SCSCF,PCSCF,P-200"
714,714,1,0,29,-0.9615171006969012,-0.9108751882969429,113,0,"GTW,ICSCF,I:ICSCF,GTW,T:SCSCF,ASLI,I:ASLI,SCSCF,T:ASLI,SCSCF,I-500:SCSCF,ASLI,A:SCSCF,MTAS,I:MTAS,SCSCF,T:MTAS,SCSCF,I:SCSCF,MTAS,T:PCSCF,SCSCF,T:SCSCF,PCSCF,I:PCSCF,SCSCF,R:SCSCF,MTAS,R:MTAS,SCSCF,R:ICSCF,GTW,R:GTW,SCSCF,P:SCSCF,MTAS,P:MTAS,SCSCF,P:SCSCF,PCSCF,P:SCSCF,MTAS,P-200:PCSCF,SCSCF,P-200:MTAS,SCSCF,P-200:SCSCF,GTW,P-200"
715,715,1,0,27,-0.4011160293747321,-0.40020318314218645,5,0,"PCSCF,SCSCF,I:SCSCF,PCSCF,T:SCSCF,ASLI,I:ASLI,SCSCF,T:ASLI,SCSCF,I-500:SCSCF,ASLI,A:MTAS,SCSCF,I:SCSCF,MTAS,T:SCSCF,GTW,I:GTW,SCSCF,T:GTW,SCSCF,R:SCSCF,MTAS,R:SCSCF,PCSCF,R:PCSCF,SCSCF,P:SCSCF,MTAS,P:MTAS,SCSCF,P:SCSCF,MTAS,P:SCSCF,GTW,P:GTW,SCSCF,P-200:SCSCF,MTAS,P-200:MTAS,SCSCF,P-200:SCSCF,PCSCF,P-200"
716,716,1,0,29,-0.39562187355667044,-0.39497535097482295,5,0,"GTW,ICSCF,I:ICSCF,GTW,T:SCSCF,ASLI,I:ASLI,SCSCF,T:ASLI,SCSCF,I-500:SCSCF,ASLI,A:SCSCF,MTAS,I:MTAS,SCSCF,T:MTAS,SCSCF,I:SCSCF,MTAS,T:SCSCF,PCSCF,I:PCSCF,SCSCF,T:PCSCF,SCSCF,R:MTAS,SCSCF,R:SCSCF,MTAS,R:ICSCF,GTW,R:GTW,SCSCF,P:SCSCF,MTAS,P:MTAS,SCSCF,P:SCSCF,PCSCF,P:PCSCF,SCSCF,P-200:SCSCF,MTAS,P-200:MTAS,SCSCF,P-200:SCSCF,GTW,P-200"
717,717,1,0,12,-0.5617818079905293,-0.5502671840480362,5,0,"MTAS,SCSCF,I:SCSCF,MTAS,T:SCSCF,PCSCF,I:PCSCF,SCSCF,T:SCSCF,MTAS,R:PCSCF,SCSCF,R:MTAS,SCSCF,P:SCSCF,PCSCF,P:PCSCF,SCSCF,P-200:SCSCF,MTAS,P-200"
718,718,1,0,29,-0.8262029178834754,-0.8224308812792077,302,0,"SCSCF,ICSCF,I:ICSCF,SCSCF,T:SCSCF,ASLI,I:ASLI,SCSCF,T:ASLI,SCSCF,I-500:SCSCF,ASLI,A:SCSCF,MTAS,I:MTAS,SCSCF,I:MTAS,SCSCF,T:SCSCF,MTAS,T:SCSCF,PCSCF,I:PCSCF,SCSCF,T:PCSCF,SCSCF,R:SCSCF,MTAS,R:MTAS,SCSCF,R:ICSCF,SCSCF,R:SCSCF,SCSCF,P:SCSCF,MTAS,P:MTAS,SCSCF,P:SCSCF,PCSCF,P:SCSCF,MTAS,P-200:PCSCF,SCSCF,P-200:MTAS,SCSCF,P-200:SCSCF,SCSCF,P-200"
719,719,1,0,29,-1.016759458628388,-0.9686797523792943,11,0,"GTW,ICSCF,I:ICSCF,GTW,T:SCSCF,ASLI,I:ASLI,SCSCF,T:ASLI,SCSCF,I-500:SCSCF,MTAS,I:MTAS,SCSCF,T:MTAS,SCSCF,I:SCSCF,MTAS,T:SCSCF,ASLI,A:SCSCF,PCSCF,I:PCSCF,SCSCF,T:PCSCF,SCSCF,R:SCSCF,MTAS,R:MTAS,SCSCF,R:ICSCF,GTW,R:GTW,SCSCF,P:SCSCF,MTAS,P:MTAS,SCSCF,P:SCSCF,PCSCF,P:PCSCF,SCSCF,P-200:SCSCF,MTAS,P-200:MTAS,SCSCF,P-200:SCSCF,GTW,P-200"
720,720,1,0,44,-0.5715009391931409,-0.567978971815087,5,0,"ICSCF,SCSCF,I:SCSCF,ICSCF,T:SCSCF,BCCAS,I:BCCAS,SCSCF,T:BCCAS,SCSCF,I:SCSCF,BCCAS,T:SCSCF,ASLI,I:ASLI,SCSCF,T:ASLI,SCSCF,I-500:SCSCF,ASLI,A:SCSCF,ASLI,I:ASLI,SCSCF,T:ASLI,SCSCF,I-500:SCSCF,ASLI,A:SCSCF,MTAS,I:MTAS,SCSCF,T:SCSCF,PCSCF,I:SCSCF,MTAS,T:PCSCF,SCSCF,T:PCSCF,SCSCF,R:SCSCF,MTAS,R:MTAS,SCSCF,R:SCSCF,BCCAS,R:SCSCF,ICSCF,R:BCCAS,SCSCF,R:IBCF,SCSCF,P:SCSCF,BCCAS,P:BCCAS,SCSCF,P:SCSCF,MTAS,P:SCSCF,PCSCF,P:SCSCF,MTAS,P-200:PCSCF,SCSCF,P-200:MTAS,SCSCF,P-200:SCSCF,BCCAS,P-200:BCCAS,SCSCF,P-200:SCSCF,IBCF,P-200"
721,721,1,1,10,-2.222679273468322,-2.1705483410920468,226,0,"IBCF,ICSCF,I:ICSCF,SCSCF,I:SCSCF,ICSCF,T:SCSCF,ICSCF,S:ICSCF,IBCF,S:SCSCF,ICSCF,S:ICSCF,IBCF,S:SCSCF,ICSCF,R:ICSCF,IBCF,R:SCSCF,ICSCF,S"
722,722,1,0,39,-0.3685965094517986,-0.3683518246569095,5,0,"PCSCF,SCSCF,I:SCSCF,PCSCF,T:SCSCF,ASLI,I:ASLI,SCSCF,T:ASLI,SCSCF,I-500:SCSCF,ASLI,A:MTAS,SCSCF,I:SCSCF,MTAS,T:SCSCF,ASLI,I:ASLI,SCSCF,T:ASLI,SCSCF,I-500:SCSCF,ASLI,A:SCSCF,MTAS,I:MTAS,SCSCF,T:MTAS,SCSCF,I:SCSCF,MTAS,T:SCSCF,PCSCF,I:PCSCF,SCSCF,T:PCSCF,SCSCF,R:SCSCF,MTAS,R:MTAS,SCSCF,R:SCSCF,MTAS,R:SCSCF,PCSCF,R:PCSCF,SCSCF,P:MTAS,SCSCF,P:SCSCF,MTAS,P:SCSCF,PCSCF,P:PCSCF,SCSCF,P-200:SCSCF,MTAS,P-200:MTAS,SCSCF,P-200:SCSCF,MTAS,P-200:SCSCF,PCSCF,P-200"
723,723,1,0,9,-0.40723944221933417,-0.39482113894786225,5,0,"ICSCF,SCSCF,I:SCSCF,ICSCF,T:SCSCF,ASLI,I:ASLI,SCSCF,T:ASLI,SCSCF,I-500:SCSCF,ASLI,A:SCSCF,BCCAS,I:BCCAS,SCSCF,T"
724,724,1,0,18,-1.3535038723843795,-1.3149847112291022,24,0,"PCSCF,SCSCF,I:SCSCF,PCSCF,T:SCSCF,PCSCF,I-407:PCSCF,SCSCF,A:PCSCF,SCSCF,I:SCSCF,ASLI,I:SCSCF,PCSCF,T:ASLI,SCSCF,T:ASLI,SCSCF,I-500:SCSCF,ASLI,A:SCSCF,MTAS,I:MTAS,SCSCF,T:MTAS,SCSCF,I:SCSCF,MTAS,T:SCSCF,GTW,I:GTW,SCSCF,T"
725,725,1,0,62,-1.0939628762432776,-1.0403453898240176,28,0,"MTAS,SCSCF,I:MTAS,SCSCF,A:GTW,ICSCF,I:ICSCF,GTW,T:SCSCF,ASLI,I:ASLI,SCSCF,T:ASLI,SCSCF,I-500:SCSCF,ASLI,A:SCSCF,MTAS,I:MTAS,SCSCF,T:MTAS,SCSCF,S:ICSCF,GTW,S:SCSCF,MTAS,P:GTW,SCSCF,P:SCSCF,MTAS,P:MTAS,SCSCF,P-200:SCSCF,GTW,P-200:MTAS,SCSCF,I-480:SCSCF,MTAS,A:ICSCF,GTW,I-480:GTW,ICSCF,A:GTW,ICSCF,I:ICSCF,GTW,T:SCSCF,ASLI,I:ASLI,SCSCF,T:ASLI,SCSCF,I-500:SCSCF,ASLI,A:SCSCF,MTAS,I:MTAS,SCSCF,T:MTAS,SCSCF,I:SCSCF,MTAS,T:SCSCF,MTAS,I-480:MTAS,SCSCF,A:MTAS,SCSCF,S:ICSCF,GTW,S:GTW,SCSCF,P:SCSCF,MTAS,P:MTAS,SCSCF,P-200:SCSCF,GTW,P-200:MTAS,SCSCF,P-200:GTW,ICSCF,C:ICSCF,GTW,C-200:SCSCF,MTAS,C:MTAS,SCSCF,C-200:MTAS,SCSCF,I-487:SCSCF,MTAS,A:ICSCF,GTW,I-487:GTW,ICSCF,A"
726,726,1,0,29,-0.39562187355667044,-0.39497535097482295,5,0,"PCSCF,SCSCF,I:SCSCF,PCSCF,T:SCSCF,ASLI,I:ASLI,SCSCF,T:ASLI,SCSCF,I-500:SCSCF,ASLI,A:SCSCF,MTAS,I:MTAS,SCSCF,T:MTAS,SCSCF,I:SCSCF,MTAS,T:SCSCF,GTW,I:GTW,SCSCF,T:GTW,SCSCF,R:SCSCF,MTAS,R:MTAS,SCSCF,R:SCSCF,PCSCF,R:SCSCF,MTAS,P:PCSCF,SCSCF,P:MTAS,SCSCF,P:SCSCF,GTW,P:GTW,SCSCF,P-200:SCSCF,MTAS,P-200:MTAS,SCSCF,P-200:SCSCF,PCSCF,P-200"
727,727,1,1,29,-1.6493364949453606,-1.4771519527553323,439,0,"GTW,ICSCF,I:ICSCF,GTW,T:SCSCF,ASLI,I:ASLI,SCSCF,T:ASLI,SCSCF,I-500:SCSCF,ASLI,A:SCSCF,BCCAS,I:BCCAS,SCSCF,T:BCCAS,SCSCF,I:SCSCF,BCCAS,T:SCSCF,IBCF,I:IBCF,SCSCF,T:IBCF,SCSCF,Q:SCSCF,BCCAS,Q:ICSCF,GTW,Q:BCCAS,SCSCF,Q:SCSCF,BCCAS,P:GTW,SCSCF,P:BCCAS,SCSCF,P:SCSCF,IBCF,P:SCSCF,BCCAS,P-200:IBCF,SCSCF,P-200:BCCAS,SCSCF,P-200:SCSCF,GTW,P-200"
728,728,1,0,7,-0.5198485939620412,-0.49030449926680025,5,0,"PCSCF,SCSCF,I:SCSCF,PCSCF,T:SCSCF,ASLI,I:ASLI,SCSCF,T:ASLI,SCSCF,I-500:SCSCF,ASLI,A"
729,729,1,0,28,-0.5721684431665394,-0.5715889641150629,25,0,"ICSCF,SCSCF,I:SCSCF,ICSCF,T:SCSCF,ASLI,I:ASLI,SCSCF,T:ASLI,SCSCF,I-500:SCSCF,ASLI,A:SCSCF,MTAS,I:MTAS,SCSCF,I:SCSCF,MTAS,T:SCSCF,PCSCF,I:PCSCF,SCSCF,T:MTAS,SCSCF,T:PCSCF,SCSCF,R:SCSCF,MTAS,R:MTAS,SCSCF,R:SCSCF,ICSCF,R:SCSCF,MTAS,P:MTAS,SCSCF,P:SCSCF,PCSCF,P:PCSCF,SCSCF,P-200:SCSCF,MTAS,P-200:MTAS,SCSCF,P-200:SCSCF,SCSCF,P-200"
730,730,1,0,26,-1.1613682138319332,-1.1378186753056592,14,0,"PCSCF,SCSCF,I:SCSCF,PCSCF,T:SCSCF,ASLI,I:ASLI,SCSCF,T:ASLI,SCSCF,I-500:SCSCF,ASLI,A:SCSCF,MTAS,I:MTAS,SCSCF,T:MTAS,SCSCF,I:SCSCF,MTAS,T:SCSCF,ASLI,I:ASLI,SCSCF,T:ASLI,SCSCF,I-500:SCSCF,ASLI,A:SCSCF,MTAS,I:MTAS,SCSCF,T:MTAS,SCSCF,W:SCSCF,MTAS,W:MTAS,SCSCF,W:SCSCF,PCSCF,W:MTAS,SCSCF,I:SCSCF,MTAS,T:SCSCF,GTW,I:GTW,SCSCF,T"
731,731,1,0,21,-1.3531676133424662,-1.2965612410858813,215,0,"PCSCF,SCSCF,I:SCSCF,ASLI,I:ASLI,SCSCF,T:ASLI,SCSCF,I-500:SCSCF,ASLI,A:SCSCF,PCSCF,T:MTAS,SCSCF,I:SCSCF,MTAS,T:SCSCF,ASLI,I:ASLI,SCSCF,T:ASLI,SCSCF,I-500:SCSCF,ASLI,A:SCSCF,BCCAS,I:BCCAS,SCSCF,T:BCCAS,SCSCF,I:SCSCF,BCCAS,T:SCSCF,BCCAS,I-480:BCCAS,SCSCF,A"
732,732,1,0,2,-0.7392400894068978,-0.45210222379809517,5,0,"SCSCF,IBCF,I:IBCF,SCSCF,T"
733,733,1,0,32,-0.775096659165434,-0.7645663728498293,37,0,"MTAS,SCSCF,I:MTAS,SCSCF,A:PCSCF,SCSCF,I:SCSCF,PCSCF,T:SCSCF,ASLI,I:ASLI,SCSCF,T:ASLI,SCSCF,I-500:SCSCF,ASLI,A:MTAS,SCSCF,I:SCSCF,MTAS,T:SCSCF,GTW,I:GTW,SCSCF,T:SCSCF,MTAS,I-200:GTW,SCSCF,I-200:SCSCF,PCSCF,I-200:PCSCF,SCSCF,A:SCSCF,MTAS,A:MTAS,SCSCF,A:SCSCF,GTW,A:PCSCF,SCSCF,B:MTAS,SCSCF,B:SCSCF,GTW,B:SCSCF,MTAS,B-200:GTW,SCSCF,B-200:SCSCF,PCSCF,B-200"
734,734,1,1,11,-2.3364262699694094,-2.147854342157697,11,0,"PCSCF,SCSCF,I:SCSCF,ASLI,I:ASLI,SCSCF,T:SCSCF,ASLI,A:ASLI,SCSCF,I-500:SCSCF,PCSCF,T:MTAS,SCSCF,I:SCSCF,MTAS,T:SCSCF,GTW,I:GTW,SCSCF,T"
735,735,1,1,15,-2.208036388533168,-1.969854203550747,1347,0,"SCSCF,BCCAS,I:BCCAS,SCSCF,T:BCCAS,SCSCF,I:SCSCF,BCCAS,T:SCSCF,BCCAS,R:BCCAS,SCSCF,R:SCSCF,BCCAS,P:BCCAS,SCSCF,P:SCSCF,BCCAS,P-481:SCSCF,BCCAS,I-600:BCCAS,SCSCF,A:BCCAS,SCSCF,P-481"
736,736,1,1,14,-1.779350202806422,-1.7553964403737505,11,0,"GTW,ICSCF,I:ICSCF,GTW,T:SCSCF,ASLI,I:ASLI,SCSCF,T:SCSCF,ASLI,A:ASLI,SCSCF,I-500:SCSCF,BCCAS,I:BCCAS,SCSCF,T:BCCAS,SCSCF,I:SCSCF,BCCAS,T:SCSCF,BCCAS,I-480:BCCAS,SCSCF,A"
737,737,1,0,28,-1.3199704645739254,-1.3181699910244125,14,0,"GTW,ICSCF,I:SCSCF,ASLI,I:ASLI,SCSCF,T:ASLI,SCSCF,I-500:SCSCF,ASLI,A:SCSCF,BCCAS,I:BCCAS,SCSCF,T:BCCAS,SCSCF,I:SCSCF,BCCAS,T:SCSCF,IBCF,I:IBCF,SCSCF,T:IBCF,SCSCF,W:SCSCF,BCCAS,W:BCCAS,SCSCF,W:ICSCF,GTW,W:GTW,SCSCF,P:SCSCF,BCCAS,P:BCCAS,SCSCF,P:SCSCF,IBCF,P:IBCF,SCSCF,P-200:SCSCF,BCCAS,P-200:BCCAS,SCSCF,P-200:SCSCF,GTW,P-200"
738,738,1,1,38,-1.63860009166205,-1.6041521038249087,248,0,"MTAS,SCSCF,I:MTAS,SCSCF,A:GTW,ICSCF,I:ICSCF,GTW,T:SCSCF,ASLI,I:ASLI,SCSCF,T:ASLI,SCSCF,I-500:SCSCF,ASLI,A:SCSCF,MTAS,I:MTAS,SCSCF,T:MTAS,SCSCF,I:SCSCF,MTAS,T:SCSCF,MTAS,I-480:MTAS,SCSCF,A:MTAS,SCSCF,S:ICSCF,GTW,S:GTW,SCSCF,P:SCSCF,MTAS,P:MTAS,SCSCF,P-200:SCSCF,GTW,P-200:MTAS,SCSCF,P-200:ICSCF,GTW,C-200:GTW,ICSCF,C:SCSCF,MTAS,C:MTAS,SCSCF,C-200:SCSCF,MTAS,A:MTAS,SCSCF,I-487:ICSCF,GTW,I-487:GTW,ICSCF,A"
739,739,1,1,11,-1.8436850624457477,-1.8242623898688584,11,0,"PCSCF,SCSCF,I:SCSCF,ASLI,I:ASLI,SCSCF,T:SCSCF,ASLI,A:SCSCF,PCSCF,T:ASLI,SCSCF,I-500:MTAS,SCSCF,I:SCSCF,MTAS,T:SCSCF,GTW,I:GTW,SCSCF,T"
740,740,1,0,58,-1.2495427088991655,-1.2494275828722745,190,0,"MTAS,SCSCF,I:MTAS,SCSCF,A:GTW,ICSCF,I:ICSCF,GTW,T:SCSCF,ASLI,I:ASLI,SCSCF,T:ASLI,SCSCF,I-500:SCSCF,ASLI,A:SCSCF,MTAS,I:MTAS,SCSCF,T:MTAS,SCSCF,I:SCSCF,MTAS,T:SCSCF,MTAS,I-480:MTAS,SCSCF,A:MTAS,SCSCF,S:ICSCF,GTW,S:GTW,SCSCF,P:SCSCF,MTAS,P:MTAS,SCSCF,P-200:SCSCF,GTW,P-200:SCSCF,MTAS,A:MTAS,SCSCF,I-480:ICSCF,GTW,I-480:GTW,ICSCF,A:GTW,ICSCF,I:ICSCF,GTW,T:SCSCF,ASLI,I:ASLI,SCSCF,T:ASLI,SCSCF,I-500:SCSCF,ASLI,A:SCSCF,MTAS,I:MTAS,SCSCF,T:MTAS,SCSCF,I:SCSCF,MTAS,T:SCSCF,MTAS,I-480:MTAS,SCSCF,A:MTAS,SCSCF,S:ICSCF,GTW,S:GTW,SCSCF,P:SCSCF,MTAS,P:MTAS,SCSCF,P-200:SCSCF,GTW,P-200:MTAS,SCSCF,I-480:SCSCF,MTAS,A:ICSCF,GTW,I-480:GTW,ICSCF,A"
741,741,1,1,9,-1.7553176183371322,-1.6024420475190775,66,0,"PCSCF,SCSCF,I:SCSCF,ASLI,I:ASLI,SCSCF,T:ASLI,SCSCF,I-500:SCSCF,ASLI,A:SCSCF,PCSCF,T:MTAS,SCSCF,I:SCSCF,MTAS,T"
742,742,1,0,29,-0.39562187355667044,-0.39497535097482295,5,0,"GTW,ICSCF,I:ICSCF,GTW,T:SCSCF,ASLI,I:ASLI,SCSCF,T:ASLI,SCSCF,I-500:SCSCF,ASLI,A:SCSCF,BCCAS,I:BCCAS,SCSCF,T:BCCAS,SCSCF,I:SCSCF,BCCAS,T:SCSCF,PCSCF,I:PCSCF,SCSCF,T:PCSCF,SCSCF,R:SCSCF,BCCAS,R:BCCAS,SCSCF,R:ICSCF,GTW,R:GTW,SCSCF,P:SCSCF,BCCAS,P:SCSCF,PCSCF,P:BCCAS,SCSCF,P:PCSCF,SCSCF,P-200:SCSCF,BCCAS,P-200:BCCAS,SCSCF,P-200:SCSCF,GTW,P-200"
743,743,1,0,20,-1.233330274417995,-1.187783685545156,53,0,"SCSCF,BCCAS,I:IBCF,ICSCF,I:ICSCF,IBCF,T:ICSCF,SCSCF,I:SCSCF,ICSCF,T:SCSCF,ICSCF,S:ICSCF,IBCF,S:IBCF,SCSCF,P:SCSCF,IBCF,P-200:SCSCF,ICSCF,R:ICSCF,IBCF,R:IBCF,SCSCF,P:SCSCF,IBCF,P-200:SCSCF,ICSCF,I-200:ICSCF,IBCF,I-200:IBCF,SCSCF,A"
744,744,1,0,29,-0.7005553213101912,-0.6876954690057518,5,0,"GTW,ICSCF,I:ICSCF,GTW,T:SCSCF,ASLI,I:ASLI,SCSCF,T:ASLI,SCSCF,I-500:SCSCF,ASLI,A:SCSCF,MTAS,I:MTAS,SCSCF,T:MTAS,SCSCF,I:SCSCF,MTAS,T:SCSCF,PCSCF,I:PCSCF,SCSCF,T:SCSCF,MTAS,R:PCSCF,SCSCF,R:MTAS,SCSCF,R:GTW,SCSCF,P:ICSCF,GTW,R:SCSCF,MTAS,P:MTAS,SCSCF,P:SCSCF,PCSCF,P:PCSCF,SCSCF,P-200:SCSCF,MTAS,P-200:MTAS,SCSCF,P-200:SCSCF,GTW,P-200"
745,745,1,0,30,-1.2333589213847962,-1.233131596992464,190,0,"MTAS,SCSCF,I:MTAS,SCSCF,A:GTW,ICSCF,I:ICSCF,GTW,T:SCSCF,ASLI,I:ASLI,SCSCF,T:ASLI,SCSCF,I-500:SCSCF,ASLI,A:SCSCF,MTAS,I:MTAS,SCSCF,T:MTAS,SCSCF,I:SCSCF,MTAS,T:SCSCF,MTAS,I-480:MTAS,SCSCF,A:MTAS,SCSCF,S:ICSCF,GTW,S:GTW,SCSCF,P:SCSCF,MTAS,P:MTAS,SCSCF,P-200:SCSCF,GTW,P-200:MTAS,SCSCF,I-480:SCSCF,MTAS,A:ICSCF,GTW,I-480:GTW,ICSCF,A"
746,746,1,0,58,-1.1270819634639075,-1.1269844330722962,190,0,"MTAS,SCSCF,I:MTAS,SCSCF,A:GTW,ICSCF,I:ICSCF,GTW,T:SCSCF,ASLI,I:ASLI,SCSCF,T:ASLI,SCSCF,I-500:SCSCF,ASLI,A:SCSCF,MTAS,I:MTAS,SCSCF,T:MTAS,SCSCF,I:SCSCF,MTAS,T:MTAS,SCSCF,A:SCSCF,MTAS,I-480:MTAS,SCSCF,S:ICSCF,GTW,S:SCSCF,MTAS,P:GTW,SCSCF,P:MTAS,SCSCF,P-200:SCSCF,GTW,P-200:MTAS,SCSCF,I-480:SCSCF,MTAS,A:ICSCF,GTW,I-480:GTW,ICSCF,A:GTW,ICSCF,I:ICSCF,GTW,T:SCSCF,ASLI,I:ASLI,SCSCF,T:ASLI,SCSCF,I-500:SCSCF,ASLI,A:SCSCF,MTAS,I:MTAS,SCSCF,T:MTAS,SCSCF,I:SCSCF,MTAS,T:MTAS,SCSCF,A:SCSCF,MTAS,I-480:MTAS,SCSCF,S:ICSCF,GTW,S:GTW,SCSCF,P:SCSCF,MTAS,P:MTAS,SCSCF,P-200:SCSCF,GTW,P-200:MTAS,SCSCF,I-480:SCSCF,MTAS,A:ICSCF,GTW,I-480:GTW,ICSCF,A"
747,747,1,0,25,-1.1502490185307752,-1.1460827360245047,14,0,"GTW,ICSCF,I:ICSCF,GTW,T:SCSCF,ASLI,I:ASLI,SCSCF,T:ASLI,SCSCF,I-500:SCSCF,ASLI,A:SCSCF,MTAS,I:MTAS,SCSCF,T:MTAS,SCSCF,W:ICSCF,GTW,W:MTAS,SCSCF,I:SCSCF,MTAS,T:SCSCF,ASLI,I:ASLI,SCSCF,T:ASLI,SCSCF,I-500:SCSCF,ASLI,A:SCSCF,BCCAS,I:BCCAS,SCSCF,T:BCCAS,SCSCF,I:SCSCF,BCCAS,T:SCSCF,BCCAS,I-480:BCCAS,SCSCF,A"
748,748,1,0,21,-1.2792662511371173,-1.2463040564069903,65,0,"GTW,ICSCF,I:ICSCF,GTW,T:SCSCF,ASLI,I:ASLI,SCSCF,T:SCSCF,ASLI,A:ASLI,SCSCF,I-500:MTAS,SCSCF,I:SCSCF,MTAS,T:SCSCF,PCSCF,I:PCSCF,SCSCF,T:SCSCF,MTAS,R:PCSCF,SCSCF,R:MTAS,SCSCF,P:SCSCF,PCSCF,P:SCSCF,MTAS,P-200:PCSCF,SCSCF,P-200:SCSCF,GTW,P-200"
749,749,1,0,165,-1.2760820918316786,-1.2752996847602387,190,0,"MTAS,SCSCF,I:MTAS,SCSCF,A:GTW,ICSCF,I:SCSCF,ASLI,I:ASLI,SCSCF,T:SCSCF,ASLI,A:ASLI,SCSCF,I-500:SCSCF,MTAS,I:MTAS,SCSCF,T:MTAS,SCSCF,I:SCSCF,MTAS,T:SCSCF,MTAS,I-480:MTAS,SCSCF,A:MTAS,SCSCF,S:ICSCF,GTW,S:GTW,SCSCF,P:SCSCF,MTAS,P:MTAS,SCSCF,P-200:SCSCF,GTW,P-200:MTAS,SCSCF,I-480:SCSCF,MTAS,A:ICSCF,GTW,I-480:GTW,ICSCF,A:GTW,ICSCF,I:ICSCF,GTW,T:SCSCF,ASLI,I:ASLI,SCSCF,T:ASLI,SCSCF,I-500:SCSCF,ASLI,A:SCSCF,MTAS,I:MTAS,SCSCF,T:MTAS,SCSCF,I:SCSCF,MTAS,T:SCSCF,MTAS,I-480:MTAS,SCSCF,A:MTAS,SCSCF,S:ICSCF,GTW,S:GTW,SCSCF,P:SCSCF,MTAS,P:MTAS,SCSCF,P-200:SCSCF,GTW,P-200:MTAS,SCSCF,I-480:SCSCF,MTAS,A:ICSCF,GTW,I-480:GTW,ICSCF,A:GTW,ICSCF,I:SCSCF,ASLI,I:ASLI,SCSCF,T:ASLI,SCSCF,I-500:SCSCF,ASLI,A:SCSCF,MTAS,I:MTAS,SCSCF,T:MTAS,SCSCF,I:SCSCF,MTAS,T:SCSCF,MTAS,I-480:MTAS,SCSCF,A:MTAS,SCSCF,S:ICSCF,GTW,S:GTW,SCSCF,P:SCSCF,MTAS,P:MTAS,SCSCF,P-200:SCSCF,GTW,P-200:MTAS,SCSCF,I-480:SCSCF,MTAS,A:ICSCF,GTW,I-480:GTW,ICSCF,A:GTW,ICSCF,I:ICSCF,GTW,T:SCSCF,ASLI,I:ASLI,SCSCF,T:ASLI,SCSCF,I-500:SCSCF,ASLI,A:SCSCF,MTAS,I:MTAS,SCSCF,T:MTAS,SCSCF,I:SCSCF,MTAS,T:SCSCF,MTAS,I-480:MTAS,SCSCF,A:MTAS,SCSCF,S:ICSCF,GTW,S:GTW,SCSCF,P:SCSCF,MTAS,P:MTAS,SCSCF,P-200:SCSCF,GTW,P-200:MTAS,SCSCF,P-200:MTAS,SCSCF,I-480:ICSCF,GTW,I-480:SCSCF,MTAS,A:GTW,ICSCF,A:GTW,ICSCF,I:ICSCF,GTW,T:SCSCF,ASLI,I:ASLI,SCSCF,T:ASLI,SCSCF,I-500:SCSCF,MTAS,I:MTAS,SCSCF,T:SCSCF,ASLI,A:MTAS,SCSCF,S:ICSCF,GTW,S:GTW,SCSCF,P:SCSCF,MTAS,P:MTAS,SCSCF,P-200:SCSCF,GTW,P-200:MTAS,SCSCF,I-480:SCSCF,MTAS,A:ICSCF,GTW,I-480:GTW,ICSCF,A:GTW,ICSCF,I:ICSCF,GTW,T:SCSCF,ASLI,I:ASLI,SCSCF,T:ASLI,SCSCF,I-500:SCSCF,ASLI,A:SCSCF,MTAS,I:MTAS,SCSCF,T:MTAS,SCSCF,I:SCSCF,MTAS,T:SCSCF,MTAS,I-480:MTAS,SCSCF,A:MTAS,SCSCF,S:ICSCF,GTW,S:GTW,SCSCF,P:SCSCF,MTAS,P:MTAS,SCSCF,P-200:SCSCF,GTW,P-200:MTAS,SCSCF,I-480:ICSCF,GTW,I-480:SCSCF,MTAS,A:GTW,ICSCF,A"
750,750,1,0,37,-0.374345863813598,-0.3740584072066254,5,0,"PCSCF,SCSCF,I:SCSCF,PCSCF,T:SCSCF,ASLI,I:ASLI,SCSCF,T:ASLI,SCSCF,I-500:SCSCF,ASLI,A:MTAS,SCSCF,I:SCSCF,MTAS,T:SCSCF,ASLI,I:ASLI,SCSCF,T:ASLI,SCSCF,I-500:SCSCF,ASLI,A:SCSCF,MTAS,I:MTAS,SCSCF,T:SCSCF,PCSCF,I:PCSCF,SCSCF,T:PCSCF,SCSCF,R:SCSCF,MTAS,R:MTAS,SCSCF,R:SCSCF,MTAS,R:SCSCF,PCSCF,R:PCSCF,SCSCF,P:MTAS,SCSCF,P:SCSCF,MTAS,P:SCSCF,PCSCF,P:PCSCF,SCSCF,P-200:SCSCF,MTAS,P-200:MTAS,SCSCF,P-200:SCSCF,MTAS,P-200:SCSCF,PCSCF,P-200"
751,751,1,0,42,-0.9962876309642228,-0.9944431517108795,24,0,"PCSCF,SCSCF,I:SCSCF,PCSCF,T:SCSCF,PCSCF,I-407:PCSCF,SCSCF,A:PCSCF,SCSCF,I:SCSCF,PCSCF,T:SCSCF,ASLI,I:ASLI,SCSCF,T:SCSCF,ASLI,A:ASLI,SCSCF,I-500:MTAS,SCSCF,I:SCSCF,MTAS,T:SCSCF,ASLI,I:ASLI,SCSCF,T:ASLI,SCSCF,I-500:SCSCF,ASLI,A:SCSCF,MTAS,I:MTAS,SCSCF,T:SCSCF,PCSCF,I:PCSCF,SCSCF,T:PCSCF,SCSCF,R:SCSCF,MTAS,R:MTAS,SCSCF,R:SCSCF,MTAS,R:SCSCF,PCSCF,R:PCSCF,SCSCF,P:MTAS,SCSCF,P:SCSCF,MTAS,P:SCSCF,PCSCF,P:SCSCF,MTAS,P-200:PCSCF,SCSCF,P-200:MTAS,SCSCF,P-200:SCSCF,MTAS,P-200:SCSCF,PCSCF,P-200"
752,752,1,0,54,-0.8707617459503502,-0.8168112487407755,190,0,"ICSCF,SCSCF,I:SCSCF,ICSCF,T:SCSCF,BCCAS,I:BCCAS,SCSCF,T:BCCAS,SCSCF,I:SCSCF,BCCAS,T:SCSCF,ASLI,I:ASLI,SCSCF,T:ASLI,SCSCF,I-500:SCSCF,ASLI,A:SCSCF,GTW,I:GTW,SCSCF,T:GTW,SCSCF,S:SCSCF,BCCAS,S:BCCAS,SCSCF,S:SCSCF,ICSCF,S:IBCF,SCSCF,P:SCSCF,BCCAS,P:BCCAS,SCSCF,P:SCSCF,GTW,P:GTW,SCSCF,P-200:SCSCF,BCCAS,P-200:BCCAS,SCSCF,P-200:SCSCF,IBCF,P-200:GTW,SCSCF,R:SCSCF,BCCAS,R:BCCAS,SCSCF,R:SCSCF,ICSCF,R:IBCF,SCSCF,P:SCSCF,BCCAS,P:BCCAS,SCSCF,P:SCSCF,GTW,P:SCSCF,BCCAS,P-200:GTW,SCSCF,P-200:BCCAS,SCSCF,P-200:SCSCF,IBCF,P-200:GTW,SCSCF,I-480:SCSCF,GTW,A:SCSCF,BCCAS,I-480:BCCAS,SCSCF,A:BCCAS,SCSCF,I-480:SCSCF,BCCAS,A"
753,753,1,0,17,-0.8643678142697301,-0.8638241493339739,11,0,"BCCAS,SCSCF,I:SCSCF,BCCAS,T:SCSCF,ASLI,I:ASLI,SCSCF,T:ASLI,SCSCF,I-500:SCSCF,GTW,I:GTW,SCSCF,T:SCSCF,ASLI,A:GTW,SCSCF,R:SCSCF,BCCAS,R:BCCAS,SCSCF,P:SCSCF,GTW,P:GTW,SCSCF,P-200:SCSCF,BCCAS,P-200"
754,754,1,0,70,-1.2382575154611197,-1.2377911874892753,248,0,"MTAS,SCSCF,I:MTAS,SCSCF,A:GTW,ICSCF,I:ICSCF,GTW,T:SCSCF,ASLI,I:ASLI,SCSCF,T:ASLI,SCSCF,I-500:SCSCF,ASLI,A:SCSCF,MTAS,I:MTAS,SCSCF,T:MTAS,SCSCF,I:SCSCF,MTAS,T:SCSCF,MTAS,I-480:MTAS,SCSCF,A:MTAS,SCSCF,S:ICSCF,GTW,S:GTW,SCSCF,P:SCSCF,MTAS,P:MTAS,SCSCF,P-200:SCSCF,GTW,P-200:GTW,ICSCF,C:SCSCF,MTAS,C:ICSCF,GTW,C-200:MTAS,SCSCF,C-200:MTAS,SCSCF,I-487:SCSCF,MTAS,A:ICSCF,GTW,I-487:GTW,ICSCF,A:GTW,ICSCF,I:ICSCF,GTW,T:SCSCF,ASLI,I:ASLI,SCSCF,T:ASLI,SCSCF,I-500:SCSCF,ASLI,A:SCSCF,MTAS,I:MTAS,SCSCF,T:MTAS,SCSCF,I:SCSCF,MTAS,T:SCSCF,MTAS,I-480:MTAS,SCSCF,A:MTAS,SCSCF,S:ICSCF,GTW,S:GTW,SCSCF,P:SCSCF,MTAS,P:MTAS,SCSCF,P-200:SCSCF,GTW,P-200:GTW,ICSCF,C:ICSCF,GTW,C-200:SCSCF,MTAS,C:MTAS,SCSCF,C-200:MTAS,SCSCF,I-487:SCSCF,MTAS,A:ICSCF,GTW,I-487:GTW,ICSCF,A"
755,755,1,0,58,-1.247117568207611,-1.2470024227970604,190,0,"MTAS,SCSCF,I:MTAS,SCSCF,A:GTW,ICSCF,I:ICSCF,GTW,T:SCSCF,ASLI,I:ASLI,SCSCF,T:ASLI,SCSCF,I-500:SCSCF,ASLI,A:SCSCF,MTAS,I:MTAS,SCSCF,T:MTAS,SCSCF,I:SCSCF,MTAS,T:SCSCF,MTAS,I-480:MTAS,SCSCF,A:MTAS,SCSCF,S:ICSCF,GTW,S:GTW,SCSCF,P:SCSCF,MTAS,P:MTAS,SCSCF,P-200:SCSCF,GTW,P-200:MTAS,SCSCF,I-480:SCSCF,MTAS,A:GTW,ICSCF,A:ICSCF,GTW,I-480:GTW,ICSCF,I:ICSCF,GTW,T:SCSCF,ASLI,I:ASLI,SCSCF,T:ASLI,SCSCF,I-500:SCSCF,ASLI,A:SCSCF,MTAS,I:MTAS,SCSCF,T:MTAS,SCSCF,I:SCSCF,MTAS,T:SCSCF,MTAS,I-480:MTAS,SCSCF,A:MTAS,SCSCF,S:ICSCF,GTW,S:GTW,SCSCF,P:SCSCF,MTAS,P:MTAS,SCSCF,P-200:SCSCF,GTW,P-200:MTAS,SCSCF,I-480:SCSCF,MTAS,A:ICSCF,GTW,I-480:GTW,ICSCF,A"
756,756,1,0,8,-0.5187874567664309,-0.48955926982560216,5,0,"IBCF,ICSCF,I:ICSCF,IBCF,T:SCSCF,BCCAS,I:BCCAS,SCSCF,T:BCCAS,SCSCF,I:SCSCF,BCCAS,T:SCSCF,BCCAS,I-500"
757,757,1,1,4,-2.4491403392307323,-2.087106979332711,226,0,"ICSCF,SCSCF,I:SCSCF,BCCAS,I:BCCAS,SCSCF,T:SCSCF,ICSCF,T"
758,758,1,1,23,-1.8339779485258496,-1.8208072259018704,328,0,"MTAS,SCSCF,I:MTAS,SCSCF,A:GTW,ICSCF,I:ICSCF,GTW,T:SCSCF,ASLI,I:ASLI,SCSCF,T:ASLI,SCSCF,I-500:SCSCF,MTAS,I:MTAS,SCSCF,T:SCSCF,ASLI,A:GTW,ICSCF,C:ICSCF,GTW,C-200:SCSCF,MTAS,C:MTAS,SCSCF,I-487:SCSCF,MTAS,A:MTAS,SCSCF,C-200:ICSCF,GTW,I-487:GTW,ICSCF,A"
759,759,1,0,85,-1.220885915738588,-1.2207717918340617,190,0,"MTAS,SCSCF,I:MTAS,SCSCF,A:GTW,ICSCF,I:ICSCF,GTW,T:SCSCF,ASLI,I:ASLI,SCSCF,T:ASLI,SCSCF,I-500:SCSCF,ASLI,A:SCSCF,MTAS,I:MTAS,SCSCF,T:MTAS,SCSCF,I:SCSCF,MTAS,T:SCSCF,MTAS,I-480:MTAS,SCSCF,A:MTAS,SCSCF,S:ICSCF,GTW,S:GTW,SCSCF,P:SCSCF,MTAS,P:MTAS,SCSCF,P-200:SCSCF,GTW,P-200:MTAS,SCSCF,P-200:MTAS,SCSCF,I-480:SCSCF,MTAS,A:ICSCF,GTW,I-480:GTW,ICSCF,A:GTW,ICSCF,I:ICSCF,GTW,T:SCSCF,ASLI,I:ASLI,SCSCF,T:ASLI,SCSCF,I-500:SCSCF,ASLI,A:SCSCF,MTAS,I:MTAS,SCSCF,T:MTAS,SCSCF,S:ICSCF,GTW,S:GTW,SCSCF,P:SCSCF,MTAS,P:MTAS,SCSCF,P-200:SCSCF,GTW,P-200:SCSCF,MTAS,A:ICSCF,GTW,I-480:MTAS,SCSCF,I-480:GTW,ICSCF,A:GTW,ICSCF,I:ICSCF,GTW,T:SCSCF,ASLI,I:ASLI,SCSCF,T:ASLI,SCSCF,I-500:SCSCF,MTAS,I:SCSCF,ASLI,A:MTAS,SCSCF,T:MTAS,SCSCF,I:SCSCF,MTAS,T:SCSCF,MTAS,I-480:MTAS,SCSCF,A:MTAS,SCSCF,S:ICSCF,GTW,S:GTW,SCSCF,P:SCSCF,MTAS,P:MTAS,SCSCF,P-200:SCSCF,GTW,P-200:MTAS,SCSCF,P-200:MTAS,SCSCF,I-480:SCSCF,MTAS,A:ICSCF,GTW,I-480:GTW,ICSCF,A"
760,760,1,1,18,-2.138419468604533,-1.9879767296708275,468,0,"PCSCF,SCSCF,I:SCSCF,PCSCF,T:SCSCF,PCSCF,I-407:PCSCF,SCSCF,A:PCSCF,SCSCF,I:SCSCF,PCSCF,T:SCSCF,ASLI,I:ASLI,SCSCF,T:SCSCF,ASLI,A:ASLI,SCSCF,I-500:SCSCF,MTAS,I:MTAS,SCSCF,I:SCSCF,MTAS,T:MTAS,SCSCF,T:SCSCF,GTW,I:GTW,SCSCF,T"
761,761,1,0,29,-0.9785084272010632,-0.9279519100834243,113,0,"ICSCF,SCSCF,I:SCSCF,ASLI,I:SCSCF,ICSCF,T:ASLI,SCSCF,T:ASLI,SCSCF,I-500:SCSCF,ASLI,A:SCSCF,MTAS,I:MTAS,SCSCF,T:MTAS,SCSCF,I:SCSCF,MTAS,T:SCSCF,PCSCF,I:PCSCF,SCSCF,T:PCSCF,SCSCF,R:MTAS,SCSCF,R:SCSCF,MTAS,R:SCSCF,ICSCF,R:GTW,SCSCF,P:SCSCF,MTAS,P:MTAS,SCSCF,P:SCSCF,PCSCF,P:SCSCF,MTAS,P-200:PCSCF,SCSCF,P-200:MTAS,SCSCF,P-200:SCSCF,GTW,P-200"
762,762,1,0,13,-0.3626222150006187,-0.357269244884713,5,0,"ICSCF,SCSCF,I:SCSCF,ICSCF,T:SCSCF,BCCAS,I:BCCAS,SCSCF,T:BCCAS,SCSCF,I:SCSCF,BCCAS,T:SCSCF,ASLI,I:ASLI,SCSCF,T:ASLI,SCSCF,I-500:SCSCF,ASLI,A:ICSCF,SCSCF,I:SCSCF,ICSCF,T"
763,763,1,0,16,-0.7184759880699586,-0.7044528057107021,24,0,"PCSCF,SCSCF,I:SCSCF,PCSCF,T:SCSCF,PCSCF,I-407:PCSCF,SCSCF,A:PCSCF,SCSCF,I:SCSCF,PCSCF,T:SCSCF,ASLI,I:ASLI,SCSCF,T:ASLI,SCSCF,I-500:SCSCF,ASLI,A:SCSCF,MTAS,I:MTAS,SCSCF,T:SCSCF,GTW,I:GTW,SCSCF,T"
764,764,1,0,22,-1.414485291795721,-1.377183402700155,24,0,"PCSCF,SCSCF,I:SCSCF,PCSCF,T:SCSCF,PCSCF,I-407:PCSCF,SCSCF,A:PCSCF,SCSCF,I:SCSCF,ASLI,I:ASLI,SCSCF,T:ASLI,SCSCF,I-500:SCSCF,ASLI,A:SCSCF,PCSCF,T:MTAS,SCSCF,I:SCSCF,ASLI,I:ASLI,SCSCF,T:ASLI,SCSCF,I-500:SCSCF,ASLI,A:SCSCF,MTAS,I:MTAS,SCSCF,T:SCSCF,PCSCF,I:PCSCF,SCSCF,T"
765,765,1,0,6,-0.42123566564130543,-0.3643299751469871,5,0,"IBCF,ICSCF,I:ICSCF,IBCF,T:SCSCF,BCCAS,I:BCCAS,SCSCF,T:BCCAS,SCSCF,I:SCSCF,BCCAS,T"
766,766,1,0,51,-0.9059293260101807,-0.9018374920819465,24,0,"PCSCF,SCSCF,I:SCSCF,PCSCF,T:SCSCF,PCSCF,I-407:PCSCF,SCSCF,A:PCSCF,SCSCF,I:SCSCF,PCSCF,T:SCSCF,ASLI,I:ASLI,SCSCF,T:SCSCF,ASLI,A:ASLI,SCSCF,I-500:SCSCF,MTAS,I:MTAS,SCSCF,T:MTAS,SCSCF,I:SCSCF,MTAS,T:SCSCF,ASLI,I:ASLI,SCSCF,T:ASLI,SCSCF,I-500:SCSCF,ASLI,A:SCSCF,MTAS,I:MTAS,SCSCF,T:MTAS,SCSCF,I:SCSCF,MTAS,T:SCSCF,PCSCF,I:PCSCF,SCSCF,T:PCSCF,SCSCF,R:SCSCF,MTAS,R:MTAS,SCSCF,R:SCSCF,MTAS,R:MTAS,SCSCF,R:SCSCF,PCSCF,R:PCSCF,SCSCF,P:SCSCF,MTAS,P:MTAS,SCSCF,P:SCSCF,MTAS,P:MTAS,SCSCF,P:SCSCF,PCSCF,P:PCSCF,SCSCF,P-200:SCSCF,MTAS,P-200:MTAS,SCSCF,P-200:SCSCF,MTAS,P-200:MTAS,SCSCF,P-200:SCSCF,PCSCF,P-200"
767,767,1,0,26,-0.40976410367896077,-0.40886686495762514,5,0,"ICSCF,SCSCF,I:SCSCF,ICSCF,T:SCSCF,ASLI,I:ASLI,SCSCF,T:ASLI,SCSCF,I-500:SCSCF,ASLI,A:SCSCF,MTAS,I:MTAS,SCSCF,T:SCSCF,PCSCF,I:PCSCF,SCSCF,T:PCSCF,SCSCF,R:SCSCF,MTAS,R:SCSCF,ICSCF,R:MTAS,SCSCF,R:SCSCF,SCSCF,P:SCSCF,MTAS,P:SCSCF,PCSCF,P:PCSCF,SCSCF,P-200:SCSCF,MTAS,P-200:MTAS,SCSCF,P-200:SCSCF,SCSCF,P-200"
768,768,1,1,2,-4.811579681130778,-2.7815408733940106,5,0,"BCCAS,SCSCF,I:BCCAS,SCSCF,A"
769,769,1,0,2,-0.7392400894068978,-0.45210222379809517,5,0,"SCSCF,MTAS,I:MTAS,SCSCF,T"
770,770,1,0,114,-1.1868448083549392,-1.1859072388534688,190,0,"MTAS,SCSCF,I:MTAS,SCSCF,A:GTW,ICSCF,I:ICSCF,GTW,T:SCSCF,ASLI,I:ASLI,SCSCF,T:ASLI,SCSCF,I-500:SCSCF,ASLI,A:SCSCF,MTAS,I:MTAS,SCSCF,T:MTAS,SCSCF,I:SCSCF,MTAS,T:SCSCF,MTAS,I-480:MTAS,SCSCF,A:MTAS,SCSCF,S:ICSCF,GTW,S:GTW,SCSCF,P:SCSCF,MTAS,P:MTAS,SCSCF,P-200:SCSCF,GTW,P-200:MTAS,SCSCF,I-480:SCSCF,MTAS,A:ICSCF,GTW,I-480:GTW,ICSCF,A:GTW,ICSCF,I:ICSCF,GTW,T:SCSCF,ASLI,I:ASLI,SCSCF,T:ASLI,SCSCF,I-500:SCSCF,ASLI,A:SCSCF,MTAS,I:MTAS,SCSCF,T:MTAS,SCSCF,I:SCSCF,MTAS,T:SCSCF,MTAS,I-480:MTAS,SCSCF,A:MTAS,SCSCF,S:ICSCF,GTW,S:GTW,SCSCF,P:SCSCF,MTAS,P:MTAS,SCSCF,P-200:SCSCF,GTW,P-200:MTAS,SCSCF,I-480:ICSCF,GTW,I-480:SCSCF,MTAS,A:GTW,ICSCF,A:GTW,ICSCF,I:ICSCF,GTW,T:SCSCF,ASLI,I:ASLI,SCSCF,T:ASLI,SCSCF,I-500:SCSCF,ASLI,A:SCSCF,MTAS,I:MTAS,SCSCF,T:MTAS,SCSCF,I:SCSCF,MTAS,T:SCSCF,MTAS,I-480:MTAS,SCSCF,A:MTAS,SCSCF,S:ICSCF,GTW,S:GTW,SCSCF,P:SCSCF,MTAS,P:MTAS,SCSCF,P-200:SCSCF,GTW,P-200:MTAS,SCSCF,I-480:SCSCF,MTAS,A:ICSCF,GTW,I-480:GTW,ICSCF,A:GTW,ICSCF,I:ICSCF,GTW,T:SCSCF,ASLI,I:ASLI,SCSCF,T:ASLI,SCSCF,I-500:SCSCF,ASLI,A:SCSCF,MTAS,I:MTAS,SCSCF,T:MTAS,SCSCF,I:SCSCF,MTAS,T:SCSCF,MTAS,I-480:MTAS,SCSCF,A:MTAS,SCSCF,S:ICSCF,GTW,S:GTW,SCSCF,P:SCSCF,MTAS,P:MTAS,SCSCF,P-200:SCSCF,GTW,P-200:MTAS,SCSCF,I-480:ICSCF,GTW,I-480:SCSCF,MTAS,A:GTW,ICSCF,A"
771,771,1,0,21,-0.666479165874,-0.6480678479734598,37,0,"GTW,ICSCF,I:ICSCF,GTW,T:SCSCF,ASLI,I:ASLI,SCSCF,T:ASLI,SCSCF,I-500:SCSCF,ASLI,A:SCSCF,BCCAS,I:BCCAS,SCSCF,T:BCCAS,SCSCF,I:SCSCF,BCCAS,T:SCSCF,IBCF,I:IBCF,SCSCF,T:IBCF,SCSCF,I-200:SCSCF,BCCAS,I-200:BCCAS,SCSCF,I-200:SCSCF,BCCAS,A:SCSCF,IBCF,A"
772,772,1,0,29,-0.3956218735566704,-0.39497549598128157,5,0,"IBCF,ICSCF,I:ICSCF,IBCF,T:SCSCF,BCCAS,I:BCCAS,SCSCF,T:BCCAS,SCSCF,I:SCSCF,BCCAS,T:SCSCF,ASLI,I:ASLI,SCSCF,T:ASLI,SCSCF,I-500:SCSCF,ASLI,A:ICSCF,SCSCF,I:SCSCF,ICSCF,T:SCSCF,ICSCF,R:SCSCF,BCCAS,R:BCCAS,SCSCF,R:ICSCF,IBCF,R:IBCF,SCSCF,P:SCSCF,BCCAS,P:BCCAS,SCSCF,P:SCSCF,SCSCF,P:SCSCF,BCCAS,P-200:SCSCF,SCSCF,P-200:BCCAS,SCSCF,P-200:SCSCF,IBCF,P-200"
773,773,1,0,9,-0.40723944221933417,-0.39482113894786225,5,0,"PCSCF,SCSCF,I:SCSCF,PCSCF,T:SCSCF,ASLI,I:ASLI,SCSCF,T:ASLI,SCSCF,I-500:SCSCF,ASLI,A:SCSCF,GTW,I:GTW,SCSCF,T"
774,774,1,1,13,-2.0879692404631554,-1.9363904525996212,11,0,"PCSCF,SCSCF,I:SCSCF,PCSCF,T:SCSCF,ASLI,I:ASLI,SCSCF,T:ASLI,SCSCF,I-500:SCSCF,MTAS,I:MTAS,SCSCF,I:SCSCF,MTAS,T:MTAS,SCSCF,T:SCSCF,ASLI,A:SCSCF,GTW,I:GTW,SCSCF,T"
775,775,1,0,8,-1.3269690467585304,-1.1541726457007573,60,0,"IBCF,ICSCF,I:ICSCF,IBCF,T:ICSCF,SCSCF,I:SCSCF,ICSCF,T:SCSCF,ICSCF,S:ICSCF,IBCF,S:SCSCF,ICSCF,S:ICSCF,IBCF,S"
776,776,1,0,38,-0.3780932954410317,-0.3778314580710786,5,0,"PCSCF,SCSCF,I:SCSCF,PCSCF,T:SCSCF,ASLI,I:ASLI,SCSCF,T:ASLI,SCSCF,I-500:SCSCF,ASLI,A:MTAS,SCSCF,I:SCSCF,MTAS,T:SCSCF,ASLI,I:ASLI,SCSCF,T:ASLI,SCSCF,I-500:SCSCF,ASLI,A:SCSCF,MTAS,I:MTAS,SCSCF,T:MTAS,SCSCF,I:SCSCF,MTAS,T:SCSCF,PCSCF,I:PCSCF,SCSCF,T:PCSCF,SCSCF,R:SCSCF,MTAS,R:MTAS,SCSCF,R:SCSCF,MTAS,R:SCSCF,PCSCF,R:PCSCF,SCSCF,P:MTAS,SCSCF,P:SCSCF,MTAS,P:MTAS,SCSCF,P:SCSCF,PCSCF,P:PCSCF,SCSCF,P-200:MTAS,SCSCF,P-200:SCSCF,MTAS,P-200:SCSCF,PCSCF,P-200"
777,777,1,1,5,-2.2095903990567654,-1.8210769075355624,109,0,"IBCF,ICSCF,I:ICSCF,SCSCF,I:SCSCF,ICSCF,T:SCSCF,ICSCF,R:ICSCF,IBCF,R"
778,778,1,0,28,-0.83093697143227,-0.830658900727754,11,0,"GTW,ICSCF,I:SCSCF,ASLI,I:ASLI,SCSCF,T:ASLI,SCSCF,I-500:SCSCF,MTAS,I:MTAS,SCSCF,T:MTAS,SCSCF,I:SCSCF,MTAS,T:SCSCF,PCSCF,I:PCSCF,SCSCF,T:SCSCF,ASLI,A:PCSCF,SCSCF,R:SCSCF,MTAS,R:MTAS,SCSCF,R:ICSCF,GTW,R:GTW,SCSCF,P:SCSCF,MTAS,P:MTAS,SCSCF,P:SCSCF,PCSCF,P:PCSCF,SCSCF,P-200:SCSCF,MTAS,P-200:MTAS,SCSCF,P-200:SCSCF,GTW,P-200"
779,779,1,0,46,-0.3522758037043595,-0.3521216534994195,5,0,"ICSCF,SCSCF,I:SCSCF,ICSCF,T:SCSCF,BCCAS,I:BCCAS,SCSCF,T:BCCAS,SCSCF,I:SCSCF,BCCAS,T:SCSCF,ASLI,I:ASLI,SCSCF,T:ASLI,SCSCF,I-500:SCSCF,ASLI,A:SCSCF,ASLI,I:ASLI,SCSCF,T:ASLI,SCSCF,I-500:SCSCF,ASLI,A:SCSCF,MTAS,I:MTAS,SCSCF,T:MTAS,SCSCF,I:SCSCF,MTAS,T:SCSCF,PCSCF,I:PCSCF,SCSCF,T:PCSCF,SCSCF,R:SCSCF,MTAS,R:MTAS,SCSCF,R:SCSCF,BCCAS,R:BCCAS,SCSCF,R:SCSCF,ICSCF,R:IBCF,SCSCF,P:SCSCF,BCCAS,P:BCCAS,SCSCF,P:SCSCF,MTAS,P:MTAS,SCSCF,P:SCSCF,PCSCF,P:PCSCF,SCSCF,P-200:SCSCF,MTAS,P-200:MTAS,SCSCF,P-200:SCSCF,BCCAS,P-200:BCCAS,SCSCF,P-200:SCSCF,IBCF,P-200"
780,780,1,0,4,-0.5007367715827035,-0.3917014135052716,5,0,"SCSCF,BCCAS,I:BCCAS,SCSCF,T:BCCAS,SCSCF,I:SCSCF,BCCAS,T"
781,781,1,0,28,-0.4057750995753045,-0.4051111281035701,5,0,"PCSCF,SCSCF,I:SCSCF,PCSCF,T:SCSCF,ASLI,I:ASLI,SCSCF,T:ASLI,SCSCF,I-500:SCSCF,ASLI,A:MTAS,SCSCF,I:SCSCF,MTAS,T:SCSCF,GTW,I:GTW,SCSCF,T:GTW,SCSCF,R:SCSCF,MTAS,R:SCSCF,PCSCF,R:GTW,SCSCF,R:SCSCF,MTAS,R:PCSCF,SCSCF,P:SCSCF,MTAS,P:MTAS,SCSCF,P:SCSCF,GTW,P:GTW,SCSCF,P-200:SCSCF,MTAS,P-200:MTAS,SCSCF,P-200:SCSCF,PCSCF,P-200"
782,782,1,1,92,-1.4858337498507013,-1.4657301936675182,76,0,"MTAS,SCSCF,I:MTAS,SCSCF,A:GTW,ICSCF,I:ICSCF,GTW,T:SCSCF,ASLI,I:ASLI,SCSCF,T:ASLI,SCSCF,I-500:SCSCF,ASLI,A:SCSCF,MTAS,I:MTAS,SCSCF,T:MTAS,SCSCF,I:MTAS,SCSCF,A:SCSCF,MTAS,T:SCSCF,MTAS,I-480:MTAS,SCSCF,S:ICSCF,GTW,S:SCSCF,MTAS,P:GTW,SCSCF,P:MTAS,SCSCF,P-200:SCSCF,GTW,P-200:MTAS,SCSCF,I-480:ICSCF,GTW,I-480:SCSCF,MTAS,A:GTW,ICSCF,A:GTW,ICSCF,I:ICSCF,GTW,T:SCSCF,ASLI,I:ASLI,SCSCF,T:ASLI,SCSCF,I-500:SCSCF,ASLI,A:SCSCF,MTAS,I:MTAS,SCSCF,T:MTAS,SCSCF,I:SCSCF,MTAS,T:SCSCF,MTAS,I-480:MTAS,SCSCF,A:MTAS,SCSCF,S:ICSCF,GTW,S:GTW,SCSCF,P:SCSCF,MTAS,P:MTAS,SCSCF,P-200:SCSCF,GTW,P-200:MTAS,SCSCF,I-480:ICSCF,GTW,I-480:SCSCF,MTAS,A:GTW,ICSCF,A:GTW,ICSCF,I:ICSCF,GTW,T:SCSCF,ASLI,I:ASLI,SCSCF,T:ASLI,SCSCF,I-500:SCSCF,ASLI,A:SCSCF,MTAS,I:MTAS,SCSCF,T:MTAS,SCSCF,I:SCSCF,MTAS,T:MTAS,SCSCF,A:SCSCF,MTAS,I-480:MTAS,SCSCF,S:ICSCF,GTW,S:GTW,SCSCF,P:SCSCF,MTAS,P:MTAS,SCSCF,P-200:SCSCF,GTW,P-200:ICSCF,GTW,C-200:SCSCF,MTAS,C:GTW,ICSCF,C:MTAS,SCSCF,C-200:MTAS,SCSCF,I-487:SCSCF,MTAS,A:ICSCF,GTW,I-487:GTW,ICSCF,A"
783,783,1,0,40,-0.9461379446433625,-0.9100523528177267,113,0,"PCSCF,SCSCF,I:SCSCF,PCSCF,T:SCSCF,ASLI,I:ASLI,SCSCF,T:SCSCF,ASLI,A:ASLI,SCSCF,I-500:MTAS,SCSCF,I:SCSCF,MTAS,T:SCSCF,ASLI,I:ASLI,SCSCF,T:ASLI,SCSCF,I-500:SCSCF,ASLI,A:SCSCF,MTAS,I:MTAS,SCSCF,T:MTAS,SCSCF,I:SCSCF,MTAS,T:SCSCF,PCSCF,I:PCSCF,SCSCF,T:SCSCF,MTAS,R:PCSCF,SCSCF,R:MTAS,SCSCF,R:SCSCF,MTAS,R:SCSCF,PCSCF,R:PCSCF,SCSCF,P:MTAS,SCSCF,P:SCSCF,MTAS,P:MTAS,SCSCF,P:SCSCF,PCSCF,P:PCSCF,SCSCF,P-200:SCSCF,MTAS,P-200:MTAS,SCSCF,P-200:SCSCF,MTAS,P-200:SCSCF,PCSCF,P-200"
784,784,1,1,14,-2.6044153326374726,-2.380247984096581,473,0,"IBCF,ICSCF,I:ICSCF,IBCF,T:ICSCF,SCSCF,I:SCSCF,ICSCF,T:SCSCF,ICSCF,S:ICSCF,IBCF,S:SCSCF,ICSCF,R:ICSCF,IBCF,R:ICSCF,SCSCF,C:SCSCF,ICSCF,I-487:SCSCF,ICSCF,C-200:ICSCF,SCSCF,A"
785,785,1,0,125,-1.1446066034933922,-1.1419574358699223,170,0,"MTAS,SCSCF,I:MTAS,SCSCF,A:PCSCF,SCSCF,I:SCSCF,PCSCF,T:SCSCF,ASLI,I:ASLI,SCSCF,T:SCSCF,ASLI,A:ASLI,SCSCF,I-500:MTAS,SCSCF,I:SCSCF,MTAS,T:SCSCF,GTW,I:GTW,SCSCF,T:GTW,SCSCF,S:SCSCF,MTAS,S:SCSCF,PCSCF,S:PCSCF,SCSCF,P:MTAS,SCSCF,P:SCSCF,GTW,P:GTW,SCSCF,P-200:GTW,SCSCF,S:SCSCF,MTAS,P-200:SCSCF,MTAS,S:SCSCF,PCSCF,P-200:SCSCF,PCSCF,S:PCSCF,SCSCF,P:MTAS,SCSCF,P:SCSCF,GTW,P:SCSCF,MTAS,P-200:GTW,SCSCF,P-200:SCSCF,PCSCF,P-200:SCSCF,MTAS,R:GTW,SCSCF,R:SCSCF,PCSCF,R:PCSCF,SCSCF,P:MTAS,SCSCF,P:SCSCF,GTW,P:SCSCF,MTAS,P-200:GTW,SCSCF,P-200:SCSCF,PCSCF,P-200:GTW,SCSCF,I-200:SCSCF,MTAS,I-200:SCSCF,PCSCF,I-200:PCSCF,SCSCF,A:SCSCF,MTAS,A:MTAS,SCSCF,A:SCSCF,GTW,A:GTW,SCSCF,B:MTAS,SCSCF,B:SCSCF,PCSCF,B:PCSCF,SCSCF,B-200:SCSCF,MTAS,B-200:SCSCF,GTW,B-200:PCSCF,SCSCF,I:SCSCF,PCSCF,T:SCSCF,ASLI,I:ASLI,SCSCF,T:ASLI,SCSCF,I-500:SCSCF,ASLI,A:MTAS,SCSCF,I:SCSCF,MTAS,T:SCSCF,GTW,I:GTW,SCSCF,T:GTW,SCSCF,S:SCSCF,MTAS,S:SCSCF,PCSCF,S:PCSCF,SCSCF,P:MTAS,SCSCF,P:SCSCF,GTW,P:GTW,SCSCF,P-200:GTW,SCSCF,S:SCSCF,MTAS,P-200:SCSCF,MTAS,S:SCSCF,PCSCF,P-200:SCSCF,PCSCF,S:PCSCF,SCSCF,P:MTAS,SCSCF,P:SCSCF,GTW,P:SCSCF,MTAS,P-200:GTW,SCSCF,P-200:SCSCF,PCSCF,P-200:SCSCF,MTAS,R:GTW,SCSCF,R:SCSCF,PCSCF,R:PCSCF,SCSCF,P:MTAS,SCSCF,P:SCSCF,GTW,P:GTW,SCSCF,P-200:SCSCF,MTAS,P-200:SCSCF,PCSCF,P-200:GTW,SCSCF,I-200:SCSCF,MTAS,I-200:SCSCF,PCSCF,I-200:PCSCF,SCSCF,A:SCSCF,MTAS,A:MTAS,SCSCF,A:SCSCF,GTW,A"
786,786,1,0,12,-1.177638597131679,-1.0530770336391189,5,0,"ICSCF,SCSCF,I:SCSCF,ICSCF,T:SCSCF,BCCAS,I:BCCAS,SCSCF,T:BCCAS,SCSCF,I:SCSCF,ASLI,I:ASLI,SCSCF,T:ASLI,SCSCF,I-500:SCSCF,ASLI,A:SCSCF,GTW,I:GTW,SCSCF,T"
787,787,1,1,35,-1.5711077943706726,-1.5340314097657746,141,0,"ICSCF,SCSCF,I:SCSCF,ICSCF,T:SCSCF,ASLI,I:ASLI,SCSCF,T:ASLI,SCSCF,I-500:SCSCF,ASLI,A:SCSCF,BCCAS,I:BCCAS,SCSCF,T:BCCAS,SCSCF,I:SCSCF,BCCAS,T:SCSCF,IBCF,I:IBCF,SCSCF,T:IBCF,SCSCF,R:SCSCF,BCCAS,R:BCCAS,SCSCF,R:SCSCF,ICSCF,R:SCSCF,SCSCF,P:SCSCF,BCCAS,P:BCCAS,SCSCF,P:SCSCF,IBCF,P:IBCF,SCSCF,I-480:SCSCF,IBCF,A:IBCF,SCSCF,P-481:SCSCF,BCCAS,P-481:BCCAS,SCSCF,P-481:SCSCF,BCCAS,I-480:SCSCF,SCSCF,P-481:BCCAS,SCSCF,A"
788,788,1,0,27,-0.882800935049316,-0.8824839077194618,11,0,"GTW,ICSCF,I:ICSCF,GTW,T:SCSCF,ASLI,I:ASLI,SCSCF,T:ASLI,SCSCF,I-500:SCSCF,MTAS,I:MTAS,SCSCF,T:SCSCF,PCSCF,I:SCSCF,MTAS,T:PCSCF,SCSCF,T:SCSCF,ASLI,A:PCSCF,SCSCF,R:SCSCF,MTAS,R:MTAS,SCSCF,R:ICSCF,GTW,R:GTW,SCSCF,P:SCSCF,MTAS,P:SCSCF,PCSCF,P:PCSCF,SCSCF,P-200:SCSCF,MTAS,P-200:MTAS,SCSCF,P-200:SCSCF,GTW,P-200"
789,789,1,1,18,-1.636574737069312,-1.5353831920078924,53,0,"PCSCF,SCSCF,I:SCSCF,PCSCF,T:SCSCF,PCSCF,I-407:PCSCF,SCSCF,A:PCSCF,SCSCF,I:SCSCF,PCSCF,T:SCSCF,ASLI,I:ASLI,SCSCF,T:SCSCF,ASLI,A:ASLI,SCSCF,I-500:SCSCF,MTAS,I:MTAS,SCSCF,T:MTAS,SCSCF,I:SCSCF,MTAS,T:SCSCF,GTW,I:GTW,SCSCF,T"
790,790,1,1,7,-3.047472915625067,-2.7149003783270103,563,0,"SCSCF,ICSCF,I:ICSCF,SCSCF,I:SCSCF,ICSCF,T:SCSCF,ICSCF,R:SCSCF,ICSCF,I-408:ICSCF,SCSCF,A"
791,791,1,0,29,-0.8959171863887133,-0.8943335308937118,25,0,"ICSCF,SCSCF,I:SCSCF,ICSCF,T:SCSCF,ASLI,I:ASLI,SCSCF,T:ASLI,SCSCF,I-500:SCSCF,ASLI,A:SCSCF,MTAS,I:MTAS,SCSCF,I:SCSCF,PCSCF,I:SCSCF,MTAS,T:MTAS,SCSCF,T:PCSCF,SCSCF,T:SCSCF,MTAS,R:PCSCF,SCSCF,R:MTAS,SCSCF,R:SCSCF,ICSCF,R:SCSCF,SCSCF,P:SCSCF,MTAS,P:MTAS,SCSCF,P:SCSCF,PCSCF,P:SCSCF,MTAS,P-200:PCSCF,SCSCF,P-200:MTAS,SCSCF,P-200:SCSCF,SCSCF,P-200"
792,792,1,0,15,-1.051102446179509,-1.0483570630113694,14,0,"GTW,ICSCF,I:ICSCF,GTW,T:SCSCF,ASLI,I:ASLI,SCSCF,T:ASLI,SCSCF,I-500:SCSCF,ASLI,A:SCSCF,BCCAS,I:BCCAS,SCSCF,T:ICSCF,GTW,W:BCCAS,SCSCF,W:BCCAS,SCSCF,I:SCSCF,BCCAS,T:SCSCF,GTW,I:GTW,SCSCF,T"
793,793,1,1,3,-2.8048522822139357,-2.0189693264826647,226,0,"IBCF,ICSCF,I:ICSCF,SCSCF,I:SCSCF,ICSCF,T"
794,794,1,0,29,-1.4147712337999336,-1.3744660333552294,28,0,"GTW,ICSCF,I:ICSCF,GTW,T:SCSCF,ASLI,I:ASLI,SCSCF,T:ASLI,SCSCF,I-500:SCSCF,MTAS,I:MTAS,SCSCF,I:SCSCF,PCSCF,I:SCSCF,MTAS,T:PCSCF,SCSCF,T:SCSCF,ASLI,A:MTAS,SCSCF,T:PCSCF,SCSCF,R:SCSCF,MTAS,R:MTAS,SCSCF,R:ICSCF,GTW,R:GTW,SCSCF,P:SCSCF,MTAS,P:SCSCF,PCSCF,P:MTAS,SCSCF,P:PCSCF,SCSCF,P-200:SCSCF,MTAS,P-200:MTAS,SCSCF,P-200:SCSCF,GTW,P-200"
795,795,1,0,56,-1.126319599855336,-1.11430071790311,170,0,"PCSCF,SCSCF,I:SCSCF,PCSCF,T:SCSCF,ASLI,I:ASLI,SCSCF,T:ASLI,SCSCF,I-500:SCSCF,ASLI,A:MTAS,SCSCF,I:SCSCF,MTAS,T:SCSCF,GTW,I:GTW,SCSCF,T:GTW,SCSCF,S:SCSCF,MTAS,S:SCSCF,PCSCF,S:PCSCF,SCSCF,P:SCSCF,MTAS,P:MTAS,SCSCF,P:SCSCF,GTW,P:GTW,SCSCF,P-200:GTW,SCSCF,S:SCSCF,MTAS,P-200:SCSCF,MTAS,S:MTAS,SCSCF,P-200:SCSCF,PCSCF,P-200:SCSCF,PCSCF,S:PCSCF,SCSCF,P:SCSCF,MTAS,P:MTAS,SCSCF,P:SCSCF,GTW,P:GTW,SCSCF,P-200:GTW,SCSCF,R:SCSCF,MTAS,R:SCSCF,MTAS,P-200:MTAS,SCSCF,P-200:SCSCF,PCSCF,P-200:SCSCF,PCSCF,R:PCSCF,SCSCF,P:SCSCF,MTAS,P:MTAS,SCSCF,P:SCSCF,GTW,P:GTW,SCSCF,P-200:SCSCF,MTAS,P-200:MTAS,SCSCF,P-200:SCSCF,PCSCF,P-200"
796,796,1,0,22,-1.0687191620823513,-0.9452491683092332,100,0,"ICSCF,SCSCF,I:SCSCF,ICSCF,T:SCSCF,BCCAS,I:BCCAS,SCSCF,T:BCCAS,SCSCF,I:SCSCF,BCCAS,T:SCSCF,ASLI,I:ASLI,SCSCF,T:ASLI,SCSCF,I-500:SCSCF,ASLI,A:SCSCF,ASLI,I:ASLI,SCSCF,T:ASLI,SCSCF,I-500:SCSCF,ASLI,A:SCSCF,BCCAS,I:BCCAS,SCSCF,T:BCCAS,SCSCF,I:SCSCF,BCCAS,I-480:BCCAS,SCSCF,A"
797,797,1,0,45,-1.2263987477027187,-1.1852226457179948,24,0,"PCSCF,SCSCF,I:SCSCF,PCSCF,T:SCSCF,PCSCF,I-407:PCSCF,SCSCF,A:PCSCF,SCSCF,I:SCSCF,ASLI,I:SCSCF,PCSCF,T:ASLI,SCSCF,T:SCSCF,ASLI,A:ASLI,SCSCF,I-500:MTAS,SCSCF,I:SCSCF,MTAS,T:SCSCF,ASLI,I:ASLI,SCSCF,T:ASLI,SCSCF,I-500:SCSCF,ASLI,A:SCSCF,MTAS,I:MTAS,SCSCF,T:MTAS,SCSCF,I:SCSCF,MTAS,T:SCSCF,PCSCF,I:PCSCF,SCSCF,T:PCSCF,SCSCF,R:SCSCF,MTAS,R:MTAS,SCSCF,R:SCSCF,MTAS,R:SCSCF,PCSCF,R:PCSCF,SCSCF,P:MTAS,SCSCF,P:SCSCF,MTAS,P:MTAS,SCSCF,P:SCSCF,PCSCF,P:PCSCF,SCSCF,P-200:SCSCF,MTAS,P-200:MTAS,SCSCF,P-200:SCSCF,MTAS,P-200:SCSCF,PCSCF,P-200"
798,798,1,0,29,-0.5744746700533924,-0.5740282755483792,49,0,"GTW,ICSCF,I:ICSCF,GTW,T:SCSCF,ASLI,I:ASLI,SCSCF,T:ASLI,SCSCF,I-500:SCSCF,MTAS,I:SCSCF,ASLI,A:MTAS,SCSCF,T:MTAS,SCSCF,I:SCSCF,MTAS,T:SCSCF,PCSCF,I:PCSCF,SCSCF,T:PCSCF,SCSCF,R:SCSCF,MTAS,R:MTAS,SCSCF,R:ICSCF,GTW,R:GTW,SCSCF,P:SCSCF,MTAS,P:MTAS,SCSCF,P:SCSCF,PCSCF,P:SCSCF,MTAS,P-200:PCSCF,SCSCF,P-200:MTAS,SCSCF,P-200:SCSCF,GTW,P-200"
799,799,1,0,42,-0.5913031826700659,-0.5892576711918309,24,0,"PCSCF,SCSCF,I:SCSCF,PCSCF,T:SCSCF,PCSCF,I-407:PCSCF,SCSCF,A:PCSCF,SCSCF,I:SCSCF,PCSCF,T:SCSCF,ASLI,I:ASLI,SCSCF,T:ASLI,SCSCF,I-500:SCSCF,ASLI,A:SCSCF,ASLI,I:ASLI,SCSCF,T:ASLI,SCSCF,I-500:SCSCF,ASLI,A:SCSCF,MTAS,I:MTAS,SCSCF,T:MTAS,SCSCF,I:SCSCF,MTAS,T:SCSCF,PCSCF,I:PCSCF,SCSCF,T:PCSCF,SCSCF,R:SCSCF,MTAS,R:MTAS,SCSCF,R:SCSCF,MTAS,R:SCSCF,PCSCF,R:PCSCF,SCSCF,P:SCSCF,MTAS,P:MTAS,SCSCF,P:SCSCF,PCSCF,P:PCSCF,SCSCF,P-200:SCSCF,MTAS,P-200:MTAS,SCSCF,P-200:SCSCF,MTAS,P-200:SCSCF,PCSCF,P-200"
800,800,1,0,40,-0.9461379446433626,-0.9235356656316579,113,0,"PCSCF,SCSCF,I:SCSCF,PCSCF,T:SCSCF,ASLI,I:ASLI,SCSCF,T:ASLI,SCSCF,I-500:SCSCF,ASLI,A:MTAS,SCSCF,I:SCSCF,MTAS,T:SCSCF,ASLI,I:ASLI,SCSCF,T:SCSCF,ASLI,A:ASLI,SCSCF,I-500:SCSCF,MTAS,I:MTAS,SCSCF,T:MTAS,SCSCF,I:SCSCF,MTAS,T:SCSCF,PCSCF,I:PCSCF,SCSCF,T:PCSCF,SCSCF,R:SCSCF,MTAS,R:MTAS,SCSCF,R:SCSCF,MTAS,R:SCSCF,PCSCF,R:PCSCF,SCSCF,P:MTAS,SCSCF,P:SCSCF,MTAS,P:MTAS,SCSCF,P:SCSCF,PCSCF,P:PCSCF,SCSCF,P-200:SCSCF,MTAS,P-200:MTAS,SCSCF,P-200:SCSCF,MTAS,P-200:SCSCF,PCSCF,P-200"
801,801,1,1,13,-1.6483578080471075,-1.4558405128206395,0,0,"ICSCF,SCSCF,I:SCSCF,ICSCF,T:SCSCF,BCCAS,I:BCCAS,SCSCF,T:BCCAS,SCSCF,I:SCSCF,ASLI,I:ASLI,SCSCF,T:SCSCF,BCCAS,T:ASLI,SCSCF,I-500:SCSCF,ASLI,A:SCSCF,GTW,I:GTW,SCSCF,T"
802,802,1,0,4,-0.5007367715827035,-0.3917014135052716,5,0,"MTAS,SCSCF,I:SCSCF,MTAS,T:SCSCF,GTW,I:GTW,SCSCF,T"
803,803,1,0,29,-0.39562187355667044,-0.39497535097482295,5,0,"ICSCF,SCSCF,I:SCSCF,ICSCF,T:SCSCF,ASLI,I:ASLI,SCSCF,T:ASLI,SCSCF,I-500:SCSCF,ASLI,A:SCSCF,BCCAS,I:BCCAS,SCSCF,T:BCCAS,SCSCF,I:SCSCF,BCCAS,T:SCSCF,PCSCF,I:PCSCF,SCSCF,T:PCSCF,SCSCF,R:SCSCF,BCCAS,R:BCCAS,SCSCF,R:SCSCF,ICSCF,R:SCSCF,SCSCF,P:SCSCF,BCCAS,P:BCCAS,SCSCF,P:SCSCF,PCSCF,P:SCSCF,BCCAS,P-200:PCSCF,SCSCF,P-200:BCCAS,SCSCF,P-200:SCSCF,SCSCF,P-200"
804,804,1,0,2,-0.7392400894068978,-0.45210222379809517,5,0,"ICSCF,SCSCF,I:SCSCF,ICSCF,T"
805,805,1,0,40,-0.960609971991914,-0.9597380923692473,302,0,"PCSCF,SCSCF,I:SCSCF,ASLI,I:SCSCF,PCSCF,T:ASLI,SCSCF,T:ASLI,SCSCF,I-500:SCSCF,ASLI,A:MTAS,SCSCF,I:SCSCF,MTAS,T:SCSCF,ASLI,I:ASLI,SCSCF,T:ASLI,SCSCF,I-500:SCSCF,ASLI,A:SCSCF,MTAS,I:MTAS,SCSCF,I:SCSCF,MTAS,T:MTAS,SCSCF,T:SCSCF,PCSCF,I:PCSCF,SCSCF,T:PCSCF,SCSCF,R:SCSCF,MTAS,R:MTAS,SCSCF,R:SCSCF,MTAS,R:SCSCF,PCSCF,R:PCSCF,SCSCF,P:MTAS,SCSCF,P:SCSCF,MTAS,P:MTAS,SCSCF,P:SCSCF,PCSCF,P:PCSCF,SCSCF,P-200:SCSCF,MTAS,P-200:MTAS,SCSCF,P-200:SCSCF,MTAS,P-200:SCSCF,PCSCF,P-200"
806,806,1,0,37,-0.374345863813598,-0.37405832200122546,5,0,"PCSCF,SCSCF,I:SCSCF,PCSCF,T:SCSCF,ASLI,I:ASLI,SCSCF,T:ASLI,SCSCF,I-500:SCSCF,ASLI,A:SCSCF,ASLI,I:ASLI,SCSCF,T:ASLI,SCSCF,I-500:SCSCF,ASLI,A:SCSCF,MTAS,I:MTAS,SCSCF,T:MTAS,SCSCF,I:SCSCF,MTAS,T:SCSCF,PCSCF,I:PCSCF,SCSCF,T:PCSCF,SCSCF,R:SCSCF,MTAS,R:MTAS,SCSCF,R:SCSCF,MTAS,R:SCSCF,PCSCF,R:PCSCF,SCSCF,P:SCSCF,MTAS,P:MTAS,SCSCF,P:SCSCF,PCSCF,P:SCSCF,MTAS,P-200:PCSCF,SCSCF,P-200:MTAS,SCSCF,P-200:SCSCF,MTAS,P-200:SCSCF,PCSCF,P-200"
807,807,1,0,26,-1.108608458881597,-1.1022495660917206,11,0,"PCSCF,SCSCF,I:SCSCF,PCSCF,T:SCSCF,ASLI,I:ASLI,SCSCF,T:SCSCF,ASLI,A:ASLI,SCSCF,I-500:MTAS,SCSCF,I:SCSCF,MTAS,T:SCSCF,GTW,I:GTW,SCSCF,T:GTW,SCSCF,R:SCSCF,MTAS,R:SCSCF,PCSCF,R:PCSCF,SCSCF,P:MTAS,SCSCF,P:SCSCF,MTAS,P:SCSCF,GTW,P:GTW,SCSCF,P-200:SCSCF,MTAS,P-200:MTAS,SCSCF,P-200:SCSCF,PCSCF,P-200"
808,808,1,1,15,-1.6236384844540301,-1.466093100505801,14,0,"GTW,ICSCF,I:ICSCF,GTW,T:SCSCF,ASLI,I:ASLI,SCSCF,T:ASLI,SCSCF,I-500:SCSCF,ASLI,A:SCSCF,MTAS,I:MTAS,SCSCF,T:MTAS,SCSCF,W:MTAS,SCSCF,I:SCSCF,MTAS,T:ICSCF,GTW,W:SCSCF,GTW,I:GTW,SCSCF,T"
809,809,1,0,23,-1.3789996797338575,-1.3306799921690313,24,0,"PCSCF,SCSCF,I:SCSCF,PCSCF,T:SCSCF,PCSCF,I-407:PCSCF,SCSCF,A:PCSCF,SCSCF,I:SCSCF,PCSCF,T:SCSCF,BCCAS,I:BCCAS,SCSCF,T:BCCAS,SCSCF,I-500:SCSCF,BCCAS,A:SCSCF,ASLI,I:ASLI,SCSCF,T:SCSCF,ASLI,A:ASLI,SCSCF,I-500:SCSCF,BCCAS,I:BCCAS,SCSCF,T:BCCAS,SCSCF,I:SCSCF,BCCAS,T:SCSCF,GTW,I:GTW,SCSCF,T"
810,810,1,1,5,-2.2095903990567654,-1.8210769075355624,109,0,"SCSCF,ICSCF,I:ICSCF,SCSCF,I:SCSCF,ICSCF,T:SCSCF,ICSCF,R:ICSCF,SCSCF,R"
811,811,1,0,23,-1.2163751058914023,-1.2081558140115467,11,0,"PCSCF,SCSCF,I:SCSCF,PCSCF,T:SCSCF,ASLI,I:ASLI,SCSCF,T:SCSCF,ASLI,A:ASLI,SCSCF,I-500:MTAS,SCSCF,I:SCSCF,MTAS,T:SCSCF,GTW,I:GTW,SCSCF,T:SCSCF,MTAS,R:GTW,SCSCF,R:SCSCF,PCSCF,R:PCSCF,SCSCF,P:MTAS,SCSCF,P:SCSCF,GTW,P:GTW,SCSCF,P-200:SCSCF,MTAS,P-200:SCSCF,PCSCF,P-200"
812,812,1,0,29,-0.7005553213101912,-0.6876954690057518,5,0,"GTW,ICSCF,I:ICSCF,GTW,T:SCSCF,ASLI,I:ASLI,SCSCF,T:ASLI,SCSCF,I-500:SCSCF,ASLI,A:SCSCF,MTAS,I:MTAS,SCSCF,T:MTAS,SCSCF,I:SCSCF,MTAS,T:SCSCF,PCSCF,I:PCSCF,SCSCF,T:PCSCF,SCSCF,R:SCSCF,MTAS,R:MTAS,SCSCF,R:GTW,SCSCF,P:ICSCF,GTW,R:SCSCF,MTAS,P:MTAS,SCSCF,P:SCSCF,PCSCF,P:PCSCF,SCSCF,P-200:SCSCF,MTAS,P-200:MTAS,SCSCF,P-200:SCSCF,GTW,P-200"
813,813,1,1,30,-1.5544680624289713,-1.554149176833892,190,0,"MTAS,SCSCF,I:MTAS,SCSCF,A:GTW,ICSCF,I:ICSCF,GTW,T:SCSCF,ASLI,I:ASLI,SCSCF,T:ASLI,SCSCF,I-500:SCSCF,ASLI,A:SCSCF,MTAS,I:MTAS,SCSCF,T:MTAS,SCSCF,I:MTAS,SCSCF,A:SCSCF,MTAS,T:SCSCF,MTAS,I-480:MTAS,SCSCF,S:ICSCF,GTW,S:GTW,SCSCF,P:SCSCF,MTAS,P:MTAS,SCSCF,P-200:SCSCF,GTW,P-200:MTAS,SCSCF,I-480:SCSCF,MTAS,A:ICSCF,GTW,I-480:GTW,ICSCF,A"
814,814,1,1,36,-2.066701676268389,-2.0069618797118247,248,0,"MTAS,SCSCF,I:MTAS,SCSCF,A:GTW,ICSCF,I:ICSCF,GTW,T:SCSCF,ASLI,I:ASLI,SCSCF,T:ASLI,SCSCF,I-500:SCSCF,ASLI,A:SCSCF,MTAS,I:MTAS,SCSCF,T:MTAS,SCSCF,I:SCSCF,MTAS,T:SCSCF,MTAS,I-480:MTAS,SCSCF,A:MTAS,SCSCF,S:ICSCF,GTW,S:GTW,SCSCF,P:GTW,ICSCF,C:SCSCF,MTAS,P:ICSCF,GTW,C-200:SCSCF,MTAS,C:MTAS,SCSCF,C-200:MTAS,SCSCF,P-200:MTAS,SCSCF,I-487:SCSCF,MTAS,A:ICSCF,GTW,I-487:SCSCF,GTW,P-200:GTW,ICSCF,A"
815,815,1,1,16,-1.7285385972188307,-1.6494385693318692,302,0,"PCSCF,SCSCF,I:SCSCF,PCSCF,T:SCSCF,PCSCF,I-407:PCSCF,SCSCF,A:PCSCF,SCSCF,I:SCSCF,ASLI,I:ASLI,SCSCF,T:ASLI,SCSCF,I-500:SCSCF,ASLI,A:SCSCF,PCSCF,T:MTAS,SCSCF,I:SCSCF,MTAS,T:GTW,SCSCF,T:SCSCF,GTW,I"
816,816,1,1,48,-1.5750680845435758,-1.5316814156694416,42,0,"SCSCF,ICSCF,I:SCSCF,ASLI,I:ASLI,SCSCF,T:ASLI,SCSCF,I-500:SCSCF,ASLI,A:SCSCF,MTAS,I:MTAS,SCSCF,T:MTAS,SCSCF,I:SCSCF,MTAS,T:SCSCF,PCSCF,I:PCSCF,SCSCF,T:SCSCF,PCSCF,I:PCSCF,SCSCF,T:PCSCF,SCSCF,R:SCSCF,MTAS,R:MTAS,SCSCF,R:PCSCF,SCSCF,R:SCSCF,MTAS,R:MTAS,SCSCF,R:PCSCF,SCSCF,R:SCSCF,MTAS,R:MTAS,SCSCF,R:PCSCF,SCSCF,R:SCSCF,MTAS,R:MTAS,SCSCF,R:PCSCF,SCSCF,R:SCSCF,MTAS,R:PCSCF,SCSCF,I-408:SCSCF,PCSCF,A:MTAS,SCSCF,R:PCSCF,SCSCF,R:SCSCF,MTAS,R:MTAS,SCSCF,R:SCSCF,MTAS,R:PCSCF,SCSCF,R:PCSCF,SCSCF,I-500:SCSCF,PCSCF,A:SCSCF,MTAS,I-408:MTAS,SCSCF,A:MTAS,SCSCF,S:MTAS,SCSCF,R:MTAS,SCSCF,I-500:SCSCF,MTAS,A"
817,817,1,0,23,-1.103989373108592,-1.0353718607333984,113,0,"PCSCF,SCSCF,I:SCSCF,ASLI,I:ASLI,SCSCF,T:ASLI,SCSCF,I-500:SCSCF,ASLI,A:SCSCF,PCSCF,T:MTAS,SCSCF,I:SCSCF,MTAS,T:SCSCF,GTW,I:GTW,SCSCF,T:GTW,SCSCF,R:SCSCF,MTAS,R:SCSCF,PCSCF,R:PCSCF,SCSCF,P:MTAS,SCSCF,P:SCSCF,GTW,P:GTW,SCSCF,P-200:SCSCF,MTAS,P-200:SCSCF,PCSCF,P-200"
818,818,1,0,118,-1.1962443466824229,-1.1769144288947957,76,0,"MTAS,SCSCF,I:MTAS,SCSCF,A:GTW,ICSCF,I:ICSCF,GTW,T:SCSCF,ASLI,I:ASLI,SCSCF,T:SCSCF,ASLI,A:ASLI,SCSCF,I-500:SCSCF,MTAS,I:MTAS,SCSCF,T:MTAS,SCSCF,I:SCSCF,MTAS,T:SCSCF,MTAS,I-480:MTAS,SCSCF,A:MTAS,SCSCF,S:ICSCF,GTW,S:SCSCF,MTAS,P:GTW,SCSCF,P:SCSCF,MTAS,P:MTAS,SCSCF,P-200:SCSCF,GTW,P-200:MTAS,SCSCF,P-200:MTAS,SCSCF,I-480:SCSCF,MTAS,A:ICSCF,GTW,I-480:GTW,ICSCF,A:GTW,ICSCF,I:ICSCF,GTW,T:SCSCF,ASLI,I:ASLI,SCSCF,T:ASLI,SCSCF,I-500:SCSCF,ASLI,A:SCSCF,MTAS,I:MTAS,SCSCF,T:MTAS,SCSCF,I:SCSCF,MTAS,T:SCSCF,MTAS,I-480:MTAS,SCSCF,A:MTAS,SCSCF,S:ICSCF,GTW,S:GTW,SCSCF,P:SCSCF,MTAS,P:MTAS,SCSCF,P-200:SCSCF,GTW,P-200:MTAS,SCSCF,I-480:SCSCF,MTAS,A:ICSCF,GTW,I-480:GTW,ICSCF,A:GTW,ICSCF,I:ICSCF,GTW,T:SCSCF,ASLI,I:ASLI,SCSCF,T:ASLI,SCSCF,I-500:SCSCF,ASLI,A:SCSCF,MTAS,I:MTAS,SCSCF,T:MTAS,SCSCF,I:SCSCF,MTAS,T:MTAS,SCSCF,A:SCSCF,MTAS,I-480:MTAS,SCSCF,S:ICSCF,GTW,S:GTW,SCSCF,P:SCSCF,MTAS,P:MTAS,SCSCF,P-200:SCSCF,GTW,P-200:MTAS,SCSCF,I-480:SCSCF,MTAS,A:ICSCF,GTW,I-480:GTW,ICSCF,A:GTW,ICSCF,I:ICSCF,GTW,T:SCSCF,ASLI,I:ASLI,SCSCF,T:ASLI,SCSCF,I-500:SCSCF,ASLI,A:SCSCF,MTAS,I:MTAS,SCSCF,T:MTAS,SCSCF,S:ICSCF,GTW,S:GTW,SCSCF,P:SCSCF,MTAS,P:MTAS,SCSCF,P-200:SCSCF,GTW,P-200:GTW,ICSCF,C:MTAS,SCSCF,C-200:ICSCF,GTW,C-200:SCSCF,MTAS,C:MTAS,SCSCF,I-487:SCSCF,MTAS,A:ICSCF,GTW,I-487:GTW,ICSCF,A"
819,819,1,1,36,-1.4634818733882886,-1.415348741328608,323,0,"MTAS,SCSCF,I:MTAS,SCSCF,A:GTW,ICSCF,I:ICSCF,GTW,T:SCSCF,ASLI,I:ASLI,SCSCF,T:ASLI,SCSCF,I-500:SCSCF,ASLI,A:SCSCF,MTAS,I:MTAS,SCSCF,T:MTAS,SCSCF,I:SCSCF,MTAS,T:SCSCF,MTAS,I-480:MTAS,SCSCF,A:MTAS,SCSCF,S:ICSCF,GTW,S:GTW,SCSCF,P:SCSCF,MTAS,P:MTAS,SCSCF,P-200:SCSCF,GTW,P-200:GTW,ICSCF,C:ICSCF,GTW,C-200:SCSCF,MTAS,C:MTAS,SCSCF,C-200:MTAS,SCSCF,I-487:ICSCF,GTW,I-487:SCSCF,MTAS,A:GTW,ICSCF,A"
820,820,1,0,48,-1.102972419455064,-1.1007868786694155,190,0,"MTAS,SCSCF,I:MTAS,SCSCF,A:GTW,ICSCF,I:ICSCF,GTW,T:SCSCF,ASLI,I:ASLI,SCSCF,T:ASLI,SCSCF,I-500:SCSCF,ASLI,A:SCSCF,MTAS,I:MTAS,SCSCF,T:MTAS,SCSCF,S:ICSCF,GTW,S:GTW,SCSCF,P:SCSCF,MTAS,P:MTAS,SCSCF,P-200:SCSCF,GTW,P-200:MTAS,SCSCF,I-480:SCSCF,MTAS,A:ICSCF,GTW,I-480:GTW,ICSCF,A:GTW,ICSCF,I:ICSCF,GTW,T:SCSCF,ASLI,I:ASLI,SCSCF,T:ASLI,SCSCF,I-500:SCSCF,ASLI,A:SCSCF,MTAS,I:MTAS,SCSCF,T:MTAS,SCSCF,S:ICSCF,GTW,S:GTW,SCSCF,P:SCSCF,MTAS,P:MTAS,SCSCF,P-200:SCSCF,GTW,P-200:MTAS,SCSCF,I-480:ICSCF,GTW,I-480:SCSCF,MTAS,A:GTW,ICSCF,A"
821,821,1,0,40,-0.807827004749304,-0.7775516784980427,113,0,"PCSCF,SCSCF,I:SCSCF,ASLI,I:ASLI,SCSCF,T:ASLI,SCSCF,I-500:SCSCF,ASLI,A:MTAS,SCSCF,I:SCSCF,MTAS,T:SCSCF,PCSCF,T:SCSCF,ASLI,I:ASLI,SCSCF,T:ASLI,SCSCF,I-500:SCSCF,ASLI,A:SCSCF,MTAS,I:MTAS,SCSCF,T:MTAS,SCSCF,I:SCSCF,MTAS,T:SCSCF,PCSCF,I:PCSCF,SCSCF,T:PCSCF,SCSCF,R:SCSCF,MTAS,R:MTAS,SCSCF,R:SCSCF,MTAS,R:SCSCF,PCSCF,R:MTAS,SCSCF,P:PCSCF,SCSCF,P:SCSCF,MTAS,P:MTAS,SCSCF,P:SCSCF,PCSCF,P:PCSCF,SCSCF,P-200:SCSCF,MTAS,P-200:MTAS,SCSCF,P-200:SCSCF,MTAS,P-200:SCSCF,PCSCF,P-200"
822,822,1,0,11,-0.38087471704463877,-0.3728330264573241,5,0,"PCSCF,SCSCF,I:SCSCF,PCSCF,T:SCSCF,ASLI,I:ASLI,SCSCF,T:ASLI,SCSCF,I-500:SCSCF,ASLI,A:SCSCF,MTAS,I:MTAS,SCSCF,T:SCSCF,GTW,I:GTW,SCSCF,T"
823,823,1,0,33,-0.6203367697251237,-0.619483462035472,24,0,"PCSCF,SCSCF,I:SCSCF,PCSCF,T:SCSCF,PCSCF,I-407:PCSCF,SCSCF,A:PCSCF,SCSCF,I:SCSCF,PCSCF,T:SCSCF,ASLI,I:ASLI,SCSCF,T:ASLI,SCSCF,I-500:SCSCF,ASLI,A:SCSCF,MTAS,I:MTAS,SCSCF,T:MTAS,SCSCF,I:SCSCF,MTAS,T:SCSCF,GTW,I:GTW,SCSCF,T:SCSCF,MTAS,R:GTW,SCSCF,R:MTAS,SCSCF,R:PCSCF,SCSCF,P:SCSCF,MTAS,P:MTAS,SCSCF,P:SCSCF,GTW,P:GTW,SCSCF,P-200:SCSCF,MTAS,P-200:MTAS,SCSCF,P-200:SCSCF,PCSCF,P-200"
824,824,1,0,20,-0.8948277395012092,-0.8087405105870387,5,0,"ICSCF,SCSCF,I:SCSCF,ICSCF,T:SCSCF,BCCAS,I:BCCAS,SCSCF,T:BCCAS,SCSCF,I:SCSCF,BCCAS,T:SCSCF,ASLI,I:ASLI,SCSCF,T:ASLI,SCSCF,I-500:SCSCF,ASLI,A:ICSCF,SCSCF,I:SCSCF,ICSCF,T:SCSCF,BCCAS,I:BCCAS,SCSCF,T:BCCAS,SCSCF,I:SCSCF,BCCAS,T:SCSCF,BCCAS,I-480:BCCAS,SCSCF,A"
825,825,1,0,48,-0.8174051796654802,-0.8160102130314629,24,0,"PCSCF,SCSCF,I:SCSCF,PCSCF,T:SCSCF,PCSCF,I-407:PCSCF,SCSCF,A:PCSCF,SCSCF,I:SCSCF,PCSCF,T:SCSCF,ASLI,I:ASLI,SCSCF,T:ASLI,SCSCF,I-500:SCSCF,ASLI,A:SCSCF,MTAS,I:MTAS,SCSCF,I:SCSCF,MTAS,T:MTAS,SCSCF,T:SCSCF,ASLI,I:ASLI,SCSCF,T:ASLI,SCSCF,I-500:SCSCF,ASLI,A:SCSCF,MTAS,I:MTAS,SCSCF,T:SCSCF,PCSCF,I:PCSCF,SCSCF,T:PCSCF,SCSCF,R:SCSCF,MTAS,R:MTAS,SCSCF,R:SCSCF,MTAS,R:SCSCF,PCSCF,R:PCSCF,SCSCF,P:SCSCF,MTAS,P:MTAS,SCSCF,P:SCSCF,MTAS,P:MTAS,SCSCF,P:SCSCF,PCSCF,P:PCSCF,SCSCF,P-200:SCSCF,MTAS,P-200:MTAS,SCSCF,P-200:SCSCF,MTAS,P-200:MTAS,SCSCF,P-200:SCSCF,PCSCF,P-200"
826,826,1,0,4,-0.5007367715827035,-0.3917014135052716,5,0,"IBCF,ICSCF,I:ICSCF,IBCF,T:SCSCF,BCCAS,I:BCCAS,SCSCF,T"
827,827,1,0,14,-1.3208598389314863,-1.2742976067631016,11,0,"GTW,ICSCF,I:ICSCF,GTW,T:SCSCF,ASLI,I:ASLI,SCSCF,T:ASLI,SCSCF,I-500:SCSCF,BCCAS,I:BCCAS,SCSCF,T:BCCAS,SCSCF,I:SCSCF,BCCAS,T:SCSCF,BCCAS,I-480:BCCAS,SCSCF,A:SCSCF,ASLI,A"
828,828,1,0,13,-1.4109968979619723,-1.350517264522479,11,0,"GTW,ICSCF,I:ICSCF,GTW,T:SCSCF,ASLI,I:ASLI,SCSCF,T:ASLI,SCSCF,I-500:SCSCF,MTAS,I:MTAS,SCSCF,T:MTAS,SCSCF,I-486:SCSCF,MTAS,A:GTW,ICSCF,A:SCSCF,ASLI,A"
829,829,1,0,14,-0.7485588375859071,-0.732155186944017,24,0,"PCSCF,SCSCF,I:SCSCF,PCSCF,T:SCSCF,PCSCF,I-407:PCSCF,SCSCF,A:PCSCF,SCSCF,I:SCSCF,PCSCF,T:SCSCF,ASLI,I:ASLI,SCSCF,T:ASLI,SCSCF,I-500:SCSCF,ASLI,A:SCSCF,GTW,I:GTW,SCSCF,T"
830,830,1,0,39,-0.8166726808852081,-0.7786568356454242,113,0,"PCSCF,SCSCF,I:SCSCF,ASLI,I:ASLI,SCSCF,T:SCSCF,PCSCF,T:ASLI,SCSCF,I-500:SCSCF,ASLI,A:MTAS,SCSCF,I:SCSCF,MTAS,T:SCSCF,ASLI,I:ASLI,SCSCF,T:ASLI,SCSCF,I-500:SCSCF,ASLI,A:SCSCF,MTAS,I:MTAS,SCSCF,T:MTAS,SCSCF,I:SCSCF,MTAS,T:SCSCF,PCSCF,I:PCSCF,SCSCF,T:PCSCF,SCSCF,R:MTAS,SCSCF,R:SCSCF,MTAS,R:SCSCF,PCSCF,R:PCSCF,SCSCF,P:MTAS,SCSCF,P:SCSCF,MTAS,P:MTAS,SCSCF,P:SCSCF,PCSCF,P:PCSCF,SCSCF,P-200:SCSCF,MTAS,P-200:MTAS,SCSCF,P-200:SCSCF,MTAS,P-200:SCSCF,PCSCF,P-200"
831,831,1,0,40,-1.0205018814628033,-1.0142052656363931,11,0,"PCSCF,SCSCF,I:SCSCF,PCSCF,T:SCSCF,ASLI,I:ASLI,SCSCF,T:SCSCF,ASLI,A:ASLI,SCSCF,I-500:MTAS,SCSCF,I:SCSCF,MTAS,T:SCSCF,ASLI,I:ASLI,SCSCF,T:ASLI,SCSCF,I-500:SCSCF,MTAS,I:MTAS,SCSCF,T:SCSCF,ASLI,A:MTAS,SCSCF,I:SCSCF,MTAS,T:SCSCF,PCSCF,I:PCSCF,SCSCF,T:PCSCF,SCSCF,R:SCSCF,MTAS,R:MTAS,SCSCF,R:SCSCF,MTAS,R:SCSCF,PCSCF,R:PCSCF,SCSCF,P:MTAS,SCSCF,P:SCSCF,MTAS,P:MTAS,SCSCF,P:SCSCF,PCSCF,P:SCSCF,MTAS,P-200:PCSCF,SCSCF,P-200:MTAS,SCSCF,P-200:SCSCF,MTAS,P-200:SCSCF,PCSCF,P-200"
832,832,1,0,32,-1.2966168355002783,-1.2340537058607184,248,0,"MTAS,SCSCF,I:MTAS,SCSCF,A:GTW,ICSCF,I:ICSCF,GTW,T:SCSCF,ASLI,I:ASLI,SCSCF,T:ASLI,SCSCF,I-500:SCSCF,ASLI,A:SCSCF,MTAS,I:MTAS,SCSCF,T:MTAS,SCSCF,S:ICSCF,GTW,S:SCSCF,MTAS,P:GTW,SCSCF,P:SCSCF,MTAS,P:MTAS,SCSCF,P-200:SCSCF,GTW,P-200:GTW,ICSCF,C:SCSCF,MTAS,C:ICSCF,GTW,C-200:MTAS,SCSCF,C-200:MTAS,SCSCF,I-487:SCSCF,MTAS,A:ICSCF,GTW,I-487:GTW,ICSCF,A"
833,833,1,0,64,-1.2141089170059651,-1.1650608390773327,65,0,"MTAS,SCSCF,I:MTAS,SCSCF,A:GTW,ICSCF,I:ICSCF,GTW,T:SCSCF,ASLI,I:ASLI,SCSCF,T:ASLI,SCSCF,I-500:SCSCF,ASLI,A:SCSCF,MTAS,I:MTAS,SCSCF,T:MTAS,SCSCF,I:SCSCF,MTAS,T:MTAS,SCSCF,A:SCSCF,MTAS,I-480:MTAS,SCSCF,S:ICSCF,GTW,S:GTW,SCSCF,P:SCSCF,MTAS,P:MTAS,SCSCF,P-200:SCSCF,GTW,P-200:MTAS,SCSCF,I-480:SCSCF,MTAS,A:ICSCF,GTW,I-480:GTW,ICSCF,A:GTW,ICSCF,I:ICSCF,GTW,T:SCSCF,ASLI,I:ASLI,SCSCF,T:ASLI,SCSCF,I-500:SCSCF,ASLI,A:SCSCF,MTAS,I:MTAS,SCSCF,T:MTAS,SCSCF,I:SCSCF,MTAS,T:SCSCF,MTAS,I-480:MTAS,SCSCF,A:MTAS,SCSCF,S:ICSCF,GTW,S:GTW,SCSCF,P:SCSCF,MTAS,P:MTAS,SCSCF,P-200:SCSCF,GTW,P-200:SCSCF,MTAS,C:MTAS,SCSCF,C-200:GTW,ICSCF,C:ICSCF,GTW,C-200:MTAS,SCSCF,I-487:SCSCF,MTAS,A:ICSCF,GTW,I-487:GTW,ICSCF,A"
834,834,1,0,11,-0.38087471704463877,-0.3728330264573241,5,0,"SCSCF,ICSCF,I:ICSCF,SCSCF,T:SCSCF,ASLI,I:ASLI,SCSCF,T:ASLI,SCSCF,I-500:SCSCF,ASLI,A:SCSCF,MTAS,I:MTAS,SCSCF,T:SCSCF,PCSCF,I:PCSCF,SCSCF,T"
835,835,1,1,11,-1.6497149730293885,-1.5686717808801207,302,0,"ICSCF,SCSCF,I:SCSCF,ICSCF,T:SCSCF,BCCAS,I:BCCAS,SCSCF,T:BCCAS,SCSCF,I:SCSCF,ASLI,I:ASLI,SCSCF,T:SCSCF,BCCAS,T:ASLI,SCSCF,I-500:SCSCF,ASLI,A"
836,836,1,0,29,-0.5640431797653856,-0.5635007834317078,25,0,"SCSCF,ICSCF,I:ICSCF,SCSCF,T:SCSCF,ASLI,I:ASLI,SCSCF,T:ASLI,SCSCF,I-500:SCSCF,ASLI,A:SCSCF,MTAS,I:MTAS,SCSCF,I:SCSCF,MTAS,T:SCSCF,PCSCF,I:MTAS,SCSCF,T:PCSCF,SCSCF,T:PCSCF,SCSCF,R:MTAS,SCSCF,R:SCSCF,MTAS,R:ICSCF,SCSCF,R:SCSCF,SCSCF,P:SCSCF,MTAS,P:MTAS,SCSCF,P:SCSCF,PCSCF,P:PCSCF,SCSCF,P-200:SCSCF,MTAS,P-200:MTAS,SCSCF,P-200:SCSCF,SCSCF,P-200"
837,837,1,0,151,-1.273938014278004,-1.2525142218374354,80,0,"MTAS,SCSCF,I:MTAS,SCSCF,A:GTW,ICSCF,I:ICSCF,GTW,T:SCSCF,ASLI,I:ASLI,SCSCF,T:ASLI,SCSCF,I-500:SCSCF,ASLI,A:SCSCF,MTAS,I:MTAS,SCSCF,T:MTAS,SCSCF,I:SCSCF,MTAS,T:SCSCF,MTAS,I-480:MTAS,SCSCF,A:MTAS,SCSCF,S:ICSCF,GTW,S:GTW,SCSCF,P:SCSCF,MTAS,P:MTAS,SCSCF,P-200:SCSCF,GTW,P-200:MTAS,SCSCF,P-200:SCSCF,MTAS,A:MTAS,SCSCF,I-480:ICSCF,GTW,I-480:GTW,ICSCF,A:GTW,ICSCF,I:ICSCF,GTW,T:SCSCF,ASLI,I:ASLI,SCSCF,T:ASLI,SCSCF,I-500:SCSCF,ASLI,A:SCSCF,MTAS,I:MTAS,SCSCF,T:MTAS,SCSCF,I:SCSCF,MTAS,T:SCSCF,MTAS,I-480:MTAS,SCSCF,A:MTAS,SCSCF,S:ICSCF,GTW,S:GTW,SCSCF,P:SCSCF,MTAS,P:MTAS,SCSCF,P-200:SCSCF,GTW,P-200:MTAS,SCSCF,I-480:SCSCF,MTAS,A:ICSCF,GTW,I-480:GTW,ICSCF,A:GTW,ICSCF,I:ICSCF,GTW,T:SCSCF,ASLI,I:ASLI,SCSCF,T:ASLI,SCSCF,I-500:SCSCF,ASLI,A:SCSCF,MTAS,I:MTAS,SCSCF,T:MTAS,SCSCF,I:SCSCF,MTAS,T:SCSCF,MTAS,I-480:MTAS,SCSCF,A:MTAS,SCSCF,S:ICSCF,GTW,S:GTW,SCSCF,P:SCSCF,MTAS,P:MTAS,SCSCF,P-200:SCSCF,GTW,P-200:MTAS,SCSCF,I-480:SCSCF,MTAS,A:ICSCF,GTW,I-480:GTW,ICSCF,A:GTW,ICSCF,I:ICSCF,GTW,T:SCSCF,ASLI,I:ASLI,SCSCF,T:SCSCF,ASLI,A:ASLI,SCSCF,I-500:SCSCF,MTAS,I:MTAS,SCSCF,T:MTAS,SCSCF,I:SCSCF,MTAS,T:SCSCF,MTAS,I-480:MTAS,SCSCF,A:MTAS,SCSCF,S:ICSCF,GTW,S:GTW,SCSCF,P:SCSCF,MTAS,P:SCSCF,GTW,P-200:MTAS,SCSCF,P-200:MTAS,SCSCF,I-480:SCSCF,MTAS,A:ICSCF,GTW,I-480:GTW,ICSCF,A:GTW,ICSCF,I:ICSCF,GTW,T:SCSCF,ASLI,I:ASLI,SCSCF,T:ASLI,SCSCF,I-500:SCSCF,ASLI,A:SCSCF,MTAS,I:MTAS,SCSCF,T:MTAS,SCSCF,I:SCSCF,MTAS,T:SCSCF,MTAS,I-480:MTAS,SCSCF,A:MTAS,SCSCF,S:ICSCF,GTW,S:SCSCF,MTAS,P:GTW,SCSCF,P:SCSCF,MTAS,P:MTAS,SCSCF,P-200:SCSCF,GTW,P-200:GTW,ICSCF,C:SCSCF,MTAS,C:ICSCF,GTW,C-200:MTAS,SCSCF,C-200:MTAS,SCSCF,I-487:ICSCF,GTW,I-487:SCSCF,MTAS,A:GTW,ICSCF,A"
838,838,1,0,46,-1.3810954690426913,-1.2469785810696583,5,0,"IBCF,ICSCF,I:ICSCF,IBCF,T:SCSCF,BCCAS,I:BCCAS,SCSCF,T:BCCAS,SCSCF,I:SCSCF,BCCAS,T:SCSCF,ASLI,I:ASLI,SCSCF,T:ASLI,SCSCF,I-500:SCSCF,ASLI,A:SCSCF,ASLI,I:ASLI,SCSCF,T:ASLI,SCSCF,I-500:SCSCF,ASLI,A:SCSCF,BCCAS,I:BCCAS,SCSCF,T:BCCAS,SCSCF,I:SCSCF,BCCAS,T:SCSCF,IBCF,I:IBCF,SCSCF,T:IBCF,SCSCF,Q:SCSCF,BCCAS,Q:BCCAS,SCSCF,Q:SCSCF,BCCAS,Q:BCCAS,SCSCF,Q:ICSCF,IBCF,Q:SCSCF,BCCAS,P:IBCF,SCSCF,P:BCCAS,SCSCF,P:SCSCF,BCCAS,P:BCCAS,SCSCF,P:SCSCF,IBCF,P:IBCF,SCSCF,P-200:SCSCF,BCCAS,P-200:BCCAS,SCSCF,P-200:SCSCF,BCCAS,P-200:BCCAS,SCSCF,P-200:SCSCF,IBCF,P-200"
839,839,1,1,6,-1.6967869420730002,-1.670978271533606,14,0,"SCSCF,ICSCF,I:ICSCF,SCSCF,T:ICSCF,SCSCF,I:SCSCF,ICSCF,T:SCSCF,ICSCF,W:ICSCF,SCSCF,W"
840,840,1,0,21,-1.419827286315537,-1.3474880813620445,215,0,"PCSCF,SCSCF,I:SCSCF,ASLI,I:ASLI,SCSCF,T:ASLI,SCSCF,I-500:SCSCF,ASLI,A:MTAS,SCSCF,I:SCSCF,MTAS,T:SCSCF,PCSCF,T:SCSCF,ASLI,I:ASLI,SCSCF,T:ASLI,SCSCF,I-500:SCSCF,ASLI,A:SCSCF,BCCAS,I:BCCAS,SCSCF,T:BCCAS,SCSCF,I:SCSCF,BCCAS,T:SCSCF,BCCAS,I-480:BCCAS,SCSCF,A"
841,841,1,0,29,-1.0394675942473786,-1.0328704894653529,52,0,"GTW,ICSCF,I:ICSCF,GTW,T:SCSCF,ASLI,I:ASLI,SCSCF,T:ASLI,SCSCF,I-500:SCSCF,MTAS,I:MTAS,SCSCF,I:SCSCF,MTAS,T:SCSCF,PCSCF,I:PCSCF,SCSCF,T:SCSCF,ASLI,A:MTAS,SCSCF,T:PCSCF,SCSCF,R:SCSCF,MTAS,R:MTAS,SCSCF,R:ICSCF,GTW,R:GTW,SCSCF,P:SCSCF,MTAS,P:MTAS,SCSCF,P:SCSCF,PCSCF,P:PCSCF,SCSCF,P-200:SCSCF,MTAS,P-200:MTAS,SCSCF,P-200:SCSCF,GTW,P-200"
842,842,1,0,23,-1.2163751058914023,-1.2081558140115467,11,0,"PCSCF,SCSCF,I:SCSCF,PCSCF,T:SCSCF,ASLI,I:ASLI,SCSCF,T:SCSCF,ASLI,A:ASLI,SCSCF,I-500:MTAS,SCSCF,I:SCSCF,MTAS,T:SCSCF,GTW,I:GTW,SCSCF,T:SCSCF,MTAS,R:GTW,SCSCF,R:SCSCF,PCSCF,R:PCSCF,SCSCF,P:SCSCF,GTW,P:MTAS,SCSCF,P:GTW,SCSCF,P-200:SCSCF,MTAS,P-200:SCSCF,PCSCF,P-200"
843,843,1,0,116,-1.2022239685113898,-1.201302561768467,190,0,"MTAS,SCSCF,I:MTAS,SCSCF,A:GTW,ICSCF,I:ICSCF,GTW,T:SCSCF,ASLI,I:ASLI,SCSCF,T:ASLI,SCSCF,I-500:SCSCF,ASLI,A:SCSCF,MTAS,I:MTAS,SCSCF,T:MTAS,SCSCF,I:SCSCF,MTAS,T:SCSCF,MTAS,I-480:MTAS,SCSCF,A:MTAS,SCSCF,S:ICSCF,GTW,S:GTW,SCSCF,P:SCSCF,MTAS,P:MTAS,SCSCF,P-200:SCSCF,GTW,P-200:MTAS,SCSCF,I-480:SCSCF,MTAS,A:ICSCF,GTW,I-480:GTW,ICSCF,A:GTW,ICSCF,I:ICSCF,GTW,T:SCSCF,ASLI,I:ASLI,SCSCF,T:SCSCF,ASLI,A:ASLI,SCSCF,I-500:SCSCF,MTAS,I:MTAS,SCSCF,T:MTAS,SCSCF,I:SCSCF,MTAS,T:SCSCF,MTAS,I-480:MTAS,SCSCF,A:MTAS,SCSCF,S:ICSCF,GTW,S:GTW,SCSCF,P:SCSCF,MTAS,P:MTAS,SCSCF,P-200:SCSCF,GTW,P-200:MTAS,SCSCF,I-480:SCSCF,MTAS,A:ICSCF,GTW,I-480:GTW,ICSCF,A:GTW,ICSCF,I:ICSCF,GTW,T:SCSCF,ASLI,I:ASLI,SCSCF,T:ASLI,SCSCF,I-500:SCSCF,ASLI,A:SCSCF,MTAS,I:MTAS,SCSCF,T:MTAS,SCSCF,I:SCSCF,MTAS,T:SCSCF,MTAS,I-480:MTAS,SCSCF,A:MTAS,SCSCF,S:ICSCF,GTW,S:GTW,SCSCF,P:SCSCF,MTAS,P:MTAS,SCSCF,P-200:SCSCF,GTW,P-200:MTAS,SCSCF,I-480:SCSCF,MTAS,A:ICSCF,GTW,I-480:GTW,ICSCF,A:GTW,ICSCF,I:ICSCF,GTW,T:SCSCF,ASLI,I:ASLI,SCSCF,T:ASLI,SCSCF,I-500:SCSCF,ASLI,A:SCSCF,MTAS,I:MTAS,SCSCF,T:MTAS,SCSCF,I:SCSCF,MTAS,T:MTAS,SCSCF,A:SCSCF,MTAS,I-480:MTAS,SCSCF,S:ICSCF,GTW,S:GTW,SCSCF,P:SCSCF,MTAS,P:MTAS,SCSCF,P-200:SCSCF,GTW,P-200:MTAS,SCSCF,P-200:MTAS,SCSCF,I-480:ICSCF,GTW,I-480:SCSCF,MTAS,A:GTW,ICSCF,A"
844,844,1,1,26,-1.4864561298651298,-1.4499895519811186,302,0,"PCSCF,SCSCF,I:SCSCF,ASLI,I:ASLI,SCSCF,T:SCSCF,PCSCF,T:SCSCF,ASLI,A:ASLI,SCSCF,I-500:SCSCF,MTAS,I:MTAS,SCSCF,T:ICSCF,SCSCF,I:SCSCF,ICSCF,T:SCSCF,ICSCF,R:SCSCF,MTAS,R:MTAS,SCSCF,R:SCSCF,PCSCF,R:PCSCF,SCSCF,P:SCSCF,MTAS,P:SCSCF,SCSCF,P:SCSCF,MTAS,P-200:SCSCF,SCSCF,P-200:MTAS,SCSCF,P-200:SCSCF,PCSCF,P-200"
845,845,1,0,26,-0.40520892550555093,-0.4041936719419089,5,0,"PCSCF,SCSCF,I:SCSCF,PCSCF,T:SCSCF,ASLI,I:ASLI,SCSCF,T:ASLI,SCSCF,I-500:SCSCF,ASLI,A:MTAS,SCSCF,I:SCSCF,MTAS,T:SCSCF,GTW,I:GTW,SCSCF,T:GTW,SCSCF,R:SCSCF,MTAS,R:SCSCF,PCSCF,R:PCSCF,SCSCF,P:MTAS,SCSCF,P:SCSCF,MTAS,P:SCSCF,GTW,P:GTW,SCSCF,P-200:SCSCF,MTAS,P-200:MTAS,SCSCF,P-200:SCSCF,PCSCF,P-200"
846,846,1,0,29,-0.5640431797653856,-0.5635007834317078,25,0,"GTW,ICSCF,I:ICSCF,GTW,T:SCSCF,ASLI,I:ASLI,SCSCF,T:ASLI,SCSCF,I-500:SCSCF,ASLI,A:SCSCF,MTAS,I:MTAS,SCSCF,I:SCSCF,MTAS,T:SCSCF,PCSCF,I:PCSCF,SCSCF,T:MTAS,SCSCF,T:PCSCF,SCSCF,R:SCSCF,MTAS,R:MTAS,SCSCF,R:ICSCF,GTW,R:GTW,SCSCF,P:SCSCF,MTAS,P:MTAS,SCSCF,P:SCSCF,PCSCF,P:PCSCF,SCSCF,P-200:SCSCF,MTAS,P-200:MTAS,SCSCF,P-200:SCSCF,GTW,P-200"
847,847,1,0,13,-1.4413446394743754,-1.3312226705506052,226,0,"PCSCF,SCSCF,I:SCSCF,ASLI,I:ASLI,SCSCF,T:ASLI,SCSCF,I-500:SCSCF,ASLI,A:SCSCF,MTAS,I:MTAS,SCSCF,T:SCSCF,PCSCF,T:MTAS,SCSCF,I:SCSCF,MTAS,T:SCSCF,GTW,I:GTW,SCSCF,T"
848,848,1,1,13,-1.8635281259170333,-1.6977920375956417,49,0,"GTW,ICSCF,I:ICSCF,GTW,T:SCSCF,ASLI,I:ASLI,SCSCF,T:ASLI,SCSCF,I-500:SCSCF,BCCAS,I:SCSCF,ASLI,A:BCCAS,SCSCF,T:BCCAS,SCSCF,I:SCSCF,BCCAS,I-480:BCCAS,SCSCF,A"
849,849,1,0,23,-1.2163751058914023,-1.2081558140115467,11,0,"SCSCF,ICSCF,I:ICSCF,SCSCF,T:SCSCF,ASLI,I:ASLI,SCSCF,T:SCSCF,ASLI,A:ASLI,SCSCF,I-500:MTAS,SCSCF,I:SCSCF,MTAS,T:SCSCF,PCSCF,I:PCSCF,SCSCF,T:PCSCF,SCSCF,R:SCSCF,MTAS,R:ICSCF,SCSCF,R:SCSCF,SCSCF,P:MTAS,SCSCF,P:SCSCF,PCSCF,P:SCSCF,MTAS,P-200:PCSCF,SCSCF,P-200:SCSCF,SCSCF,P-200"
850,850,1,1,11,-2.453872629073152,-2.2706493887597436,11,0,"PCSCF,SCSCF,I:SCSCF,ASLI,I:ASLI,SCSCF,T:SCSCF,PCSCF,T:SCSCF,ASLI,A:ASLI,SCSCF,I-500:MTAS,SCSCF,I:SCSCF,MTAS,T:SCSCF,GTW,I:GTW,SCSCF,T"
851,851,1,1,51,-1.496786533406042,-1.4572822804392465,34,0,"MTAS,SCSCF,I:MTAS,SCSCF,A:GTW,ICSCF,I:ICSCF,GTW,T:SCSCF,ASLI,I:ASLI,SCSCF,T:ASLI,SCSCF,I-500:SCSCF,ASLI,A:SCSCF,MTAS,I:MTAS,SCSCF,T:MTAS,SCSCF,I:SCSCF,MTAS,T:SCSCF,MTAS,I-480:MTAS,SCSCF,A:MTAS,SCSCF,S:ICSCF,GTW,S:GTW,SCSCF,P:SCSCF,MTAS,P:MTAS,SCSCF,P-200:SCSCF,GTW,P-200:MTAS,SCSCF,I-480:SCSCF,MTAS,A:ICSCF,GTW,I-480:GTW,ICSCF,A:GTW,ICSCF,I:ICSCF,GTW,T:SCSCF,ASLI,I:ASLI,SCSCF,T:ASLI,SCSCF,I-500:SCSCF,ASLI,A:SCSCF,MTAS,I:MTAS,SCSCF,T:GTW,ICSCF,C:ICSCF,GTW,C-200:SCSCF,MTAS,C:MTAS,SCSCF,I-487:MTAS,SCSCF,C-200:SCSCF,MTAS,A:ICSCF,GTW,I-487:GTW,ICSCF,A"
852,852,1,0,28,-0.7460931679898402,-0.7309513793530034,5,0,"GTW,ICSCF,I:ICSCF,GTW,T:SCSCF,ASLI,I:ASLI,SCSCF,T:ASLI,SCSCF,I-500:SCSCF,ASLI,A:SCSCF,MTAS,I:MTAS,SCSCF,T:MTAS,SCSCF,I:SCSCF,PCSCF,I:PCSCF,SCSCF,T:PCSCF,SCSCF,R:SCSCF,MTAS,R:MTAS,SCSCF,R:ICSCF,GTW,R:GTW,SCSCF,P:SCSCF,MTAS,P:MTAS,SCSCF,P:SCSCF,PCSCF,P:PCSCF,SCSCF,P-200:SCSCF,MTAS,P-200:MTAS,SCSCF,P-200:SCSCF,GTW,P-200"
853,853,1,0,6,-0.6053162175985146,-0.5693077459684227,5,0,"SCSCF,ICSCF,I:ICSCF,SCSCF,T:ICSCF,SCSCF,I:SCSCF,ICSCF,T:SCSCF,ICSCF,R:ICSCF,SCSCF,R"
854,854,1,0,29,-0.3956218735566704,-0.39497549598128157,5,0,"ICSCF,SCSCF,I:SCSCF,ICSCF,T:SCSCF,BCCAS,I:BCCAS,SCSCF,T:BCCAS,SCSCF,I:SCSCF,BCCAS,T:SCSCF,ASLI,I:ASLI,SCSCF,T:ASLI,SCSCF,I-500:SCSCF,ASLI,A:ICSCF,SCSCF,I:SCSCF,ICSCF,T:SCSCF,ICSCF,R:SCSCF,BCCAS,R:BCCAS,SCSCF,R:SCSCF,ICSCF,R:IBCF,SCSCF,P:SCSCF,BCCAS,P:BCCAS,SCSCF,P:SCSCF,SCSCF,P:SCSCF,SCSCF,P-200:SCSCF,BCCAS,P-200:BCCAS,SCSCF,P-200:SCSCF,IBCF,P-200"
855,855,1,0,228,-1.2578748146031533,-1.238167591698478,190,0,"MTAS,SCSCF,I:MTAS,SCSCF,A:GTW,ICSCF,I:ICSCF,GTW,T:SCSCF,ASLI,I:ASLI,SCSCF,T:ASLI,SCSCF,I-500:SCSCF,ASLI,A:SCSCF,MTAS,I:MTAS,SCSCF,T:MTAS,SCSCF,I:SCSCF,MTAS,T:MTAS,SCSCF,A:SCSCF,MTAS,I-480:MTAS,SCSCF,S:ICSCF,GTW,S:SCSCF,MTAS,P:GTW,SCSCF,P:MTAS,SCSCF,P-200:SCSCF,GTW,P-200:MTAS,SCSCF,P-200:SCSCF,MTAS,A:MTAS,SCSCF,I-480:ICSCF,GTW,I-480:GTW,ICSCF,A:GTW,ICSCF,I:ICSCF,GTW,T:SCSCF,ASLI,I:ASLI,SCSCF,T:ASLI,SCSCF,I-500:SCSCF,MTAS,I:MTAS,SCSCF,T:SCSCF,ASLI,A:MTAS,SCSCF,I:SCSCF,MTAS,T:MTAS,SCSCF,A:SCSCF,MTAS,I-480:MTAS,SCSCF,S:ICSCF,GTW,S:GTW,SCSCF,P:SCSCF,MTAS,P:MTAS,SCSCF,P-200:SCSCF,GTW,P-200:MTAS,SCSCF,I-480:SCSCF,MTAS,A:ICSCF,GTW,I-480:GTW,ICSCF,A:GTW,ICSCF,I:ICSCF,GTW,T:SCSCF,ASLI,I:ASLI,SCSCF,T:ASLI,SCSCF,I-500:SCSCF,ASLI,A:SCSCF,MTAS,I:MTAS,SCSCF,T:MTAS,SCSCF,I:MTAS,SCSCF,A:SCSCF,MTAS,T:SCSCF,MTAS,I-480:MTAS,SCSCF,S:ICSCF,GTW,S:GTW,SCSCF,P:SCSCF,MTAS,P:MTAS,SCSCF,P-200:SCSCF,GTW,P-200:MTAS,SCSCF,I-480:SCSCF,MTAS,A:ICSCF,GTW,I-480:GTW,ICSCF,A:GTW,ICSCF,I:ICSCF,GTW,T:SCSCF,ASLI,I:ASLI,SCSCF,T:ASLI,SCSCF,I-500:SCSCF,ASLI,A:SCSCF,MTAS,I:MTAS,SCSCF,T:MTAS,SCSCF,I:SCSCF,MTAS,T:SCSCF,MTAS,I-480:MTAS,SCSCF,A:MTAS,SCSCF,S:ICSCF,GTW,S:GTW,SCSCF,P:SCSCF,MTAS,P:MTAS,SCSCF,P-200:SCSCF,GTW,P-200:MTAS,SCSCF,I-480:SCSCF,MTAS,A:ICSCF,GTW,I-480:GTW,ICSCF,A:GTW,ICSCF,I:ICSCF,GTW,T:SCSCF,ASLI,I:ASLI,SCSCF,T:ASLI,SCSCF,I-500:SCSCF,ASLI,A:SCSCF,MTAS,I:MTAS,SCSCF,T:MTAS,SCSCF,I:SCSCF,MTAS,T:SCSCF,MTAS,I-480:MTAS,SCSCF,A:MTAS,SCSCF,S:ICSCF,GTW,S:GTW,SCSCF,P:SCSCF,MTAS,P:MTAS,SCSCF,P-200:SCSCF,GTW,P-200:SCSCF,MTAS,C:GTW,ICSCF,C:ICSCF,GTW,C-200:MTAS,SCSCF,C-200:SCSCF,MTAS,A:MTAS,SCSCF,I-487:ICSCF,GTW,I-487:GTW,ICSCF,A:GTW,ICSCF,I:ICSCF,GTW,T:SCSCF,ASLI,I:ASLI,SCSCF,T:ASLI,SCSCF,I-500:SCSCF,ASLI,A:SCSCF,MTAS,I:MTAS,SCSCF,T:MTAS,SCSCF,I:SCSCF,MTAS,T:MTAS,SCSCF,A:SCSCF,MTAS,I-480:MTAS,SCSCF,S:ICSCF,GTW,S:GTW,SCSCF,P:SCSCF,MTAS,P:MTAS,SCSCF,P-200:SCSCF,GTW,P-200:SCSCF,MTAS,A:MTAS,SCSCF,I-480:ICSCF,GTW,I-480:GTW,ICSCF,A:GTW,ICSCF,I:ICSCF,GTW,T:SCSCF,ASLI,I:ASLI,SCSCF,T:ASLI,SCSCF,I-500:SCSCF,ASLI,A:SCSCF,MTAS,I:MTAS,SCSCF,T:MTAS,SCSCF,S:ICSCF,GTW,S:SCSCF,MTAS,P:GTW,SCSCF,P:SCSCF,MTAS,P:MTAS,SCSCF,P-200:SCSCF,GTW,P-200:MTAS,SCSCF,I-480:SCSCF,MTAS,A:ICSCF,GTW,I-480:GTW,ICSCF,A:GTW,ICSCF,I:ICSCF,GTW,T:SCSCF,ASLI,I:ASLI,SCSCF,T:ASLI,SCSCF,I-500:SCSCF,ASLI,A:SCSCF,MTAS,I:MTAS,SCSCF,T:MTAS,SCSCF,S:ICSCF,GTW,S:SCSCF,MTAS,P:GTW,SCSCF,P:SCSCF,MTAS,P:MTAS,SCSCF,P-200:SCSCF,GTW,P-200:MTAS,SCSCF,I:MTAS,SCSCF,A:MTAS,SCSCF,I-480:SCSCF,MTAS,A:ICSCF,GTW,I-480:GTW,ICSCF,A"
856,856,1,0,46,-0.3522758037043595,-0.35212169822492284,5,0,"PCSCF,SCSCF,I:SCSCF,PCSCF,T:SCSCF,ASLI,I:ASLI,SCSCF,T:ASLI,SCSCF,I-500:SCSCF,ASLI,A:SCSCF,MTAS,I:MTAS,SCSCF,T:MTAS,SCSCF,I:SCSCF,MTAS,T:SCSCF,ASLI,I:ASLI,SCSCF,T:ASLI,SCSCF,I-500:SCSCF,ASLI,A:SCSCF,MTAS,I:MTAS,SCSCF,T:MTAS,SCSCF,I:SCSCF,MTAS,T:SCSCF,PCSCF,I:PCSCF,SCSCF,T:PCSCF,SCSCF,R:SCSCF,MTAS,R:MTAS,SCSCF,R:SCSCF,MTAS,R:MTAS,SCSCF,R:SCSCF,PCSCF,R:PCSCF,SCSCF,P:SCSCF,MTAS,P:MTAS,SCSCF,P:SCSCF,MTAS,P:SCSCF,PCSCF,P:MTAS,SCSCF,P:SCSCF,MTAS,P-200:PCSCF,SCSCF,P-200:MTAS,SCSCF,P-200:SCSCF,MTAS,P-200:MTAS,SCSCF,P-200:SCSCF,PCSCF,P-200"
857,857,1,1,13,-2.056890458303428,-1.812802687804577,54,0,"IBCF,ICSCF,I:ICSCF,IBCF,T:SCSCF,BCCAS,I:BCCAS,SCSCF,T:BCCAS,SCSCF,I:SCSCF,ASLI,I:ASLI,SCSCF,T:ASLI,SCSCF,I-500:SCSCF,BCCAS,T:SCSCF,ASLI,A:SCSCF,GTW,I:GTW,SCSCF,T"
858,858,1,0,40,-0.3667491149648397,-0.36651964123980874,5,0,"ICSCF,SCSCF,I:SCSCF,ICSCF,T:SCSCF,BCCAS,I:BCCAS,SCSCF,T:BCCAS,SCSCF,I:SCSCF,BCCAS,T:SCSCF,ASLI,I:ASLI,SCSCF,T:ASLI,SCSCF,I-500:SCSCF,ASLI,A:SCSCF,ASLI,I:ASLI,SCSCF,T:ASLI,SCSCF,I-500:SCSCF,ASLI,A:MTAS,SCSCF,I:SCSCF,MTAS,T:SCSCF,PCSCF,I:PCSCF,SCSCF,T:PCSCF,SCSCF,R:SCSCF,MTAS,R:SCSCF,BCCAS,R:SCSCF,ICSCF,R:BCCAS,SCSCF,R:IBCF,SCSCF,P:SCSCF,BCCAS,P:BCCAS,SCSCF,P:MTAS,SCSCF,P:SCSCF,PCSCF,P:SCSCF,MTAS,P-200:PCSCF,SCSCF,P-200:SCSCF,BCCAS,P-200:BCCAS,SCSCF,P-200:SCSCF,IBCF,P-200"
859,859,1,1,9,-1.594407803342013,-1.5775884261418123,15,0,"IBCF,ICSCF,I:ICSCF,IBCF,T:ICSCF,SCSCF,I:SCSCF,ICSCF,T:SCSCF,ICSCF,R:ICSCF,IBCF,R:SCSCF,ICSCF,I-480:ICSCF,SCSCF,A"
860,860,1,1,15,-1.9316601631657144,-1.9123787508592471,14,0,"GTW,ICSCF,I:ICSCF,GTW,T:SCSCF,ASLI,I:ASLI,SCSCF,T:SCSCF,ASLI,A:ASLI,SCSCF,I-500:SCSCF,MTAS,I:MTAS,SCSCF,T:MTAS,SCSCF,W:ICSCF,GTW,W:MTAS,SCSCF,I:SCSCF,MTAS,T:SCSCF,GTW,I:GTW,SCSCF,T"
861,861,1,1,16,-1.4749804911897164,-1.4150144579249486,24,0,"PCSCF,SCSCF,I:SCSCF,PCSCF,T:SCSCF,PCSCF,I-407:PCSCF,SCSCF,A:PCSCF,SCSCF,I:SCSCF,PCSCF,T:SCSCF,ASLI,I:ASLI,SCSCF,T:ASLI,SCSCF,I-500:MTAS,SCSCF,I:SCSCF,MTAS,T:SCSCF,ASLI,A:SCSCF,GTW,I:GTW,SCSCF,T"
862,862,1,0,29,-0.6696017816907796,-0.6682838860006279,52,0,"GTW,ICSCF,I:ICSCF,GTW,T:SCSCF,ASLI,I:ASLI,SCSCF,T:ASLI,SCSCF,I-500:SCSCF,MTAS,I:MTAS,SCSCF,T:MTAS,SCSCF,I:SCSCF,MTAS,T:SCSCF,PCSCF,I:SCSCF,ASLI,A:PCSCF,SCSCF,T:PCSCF,SCSCF,R:SCSCF,MTAS,R:MTAS,SCSCF,R:ICSCF,GTW,R:GTW,SCSCF,P:MTAS,SCSCF,P:SCSCF,MTAS,P:SCSCF,PCSCF,P:PCSCF,SCSCF,P-200:SCSCF,MTAS,P-200:MTAS,SCSCF,P-200:SCSCF,GTW,P-200"
863,863,1,0,34,-0.810256802467122,-0.8097741555411622,24,0,"PCSCF,SCSCF,I:SCSCF,PCSCF,T:SCSCF,PCSCF,I-407:PCSCF,SCSCF,A:PCSCF,SCSCF,I:SCSCF,PCSCF,T:SCSCF,ASLI,I:ASLI,SCSCF,T:ASLI,SCSCF,I-500:SCSCF,ASLI,A:SCSCF,MTAS,I:MTAS,SCSCF,T:MTAS,SCSCF,I:SCSCF,MTAS,T:SCSCF,GTW,I:GTW,SCSCF,T:SCSCF,MTAS,R:GTW,SCSCF,R:MTAS,SCSCF,R:SCSCF,PCSCF,R:PCSCF,SCSCF,P:SCSCF,MTAS,P:MTAS,SCSCF,P:GTW,SCSCF,P-200:SCSCF,MTAS,P-200:SCSCF,GTW,P:MTAS,SCSCF,P-200:SCSCF,PCSCF,P-200"
864,864,1,0,29,-0.8262029178834754,-0.8224308812792077,302,0,"GTW,ICSCF,I:ICSCF,GTW,T:SCSCF,ASLI,I:ASLI,SCSCF,T:ASLI,SCSCF,I-500:SCSCF,ASLI,A:SCSCF,MTAS,I:MTAS,SCSCF,I:SCSCF,MTAS,T:MTAS,SCSCF,T:SCSCF,PCSCF,I:PCSCF,SCSCF,T:PCSCF,SCSCF,R:SCSCF,MTAS,R:MTAS,SCSCF,R:ICSCF,GTW,R:GTW,SCSCF,P:SCSCF,MTAS,P:MTAS,SCSCF,P:SCSCF,PCSCF,P:PCSCF,SCSCF,P-200:SCSCF,MTAS,P-200:MTAS,SCSCF,P-200:SCSCF,GTW,P-200"
865,865,1,1,32,-1.4745343468273302,-1.4710645892061558,190,0,"MTAS,SCSCF,I:MTAS,SCSCF,A:GTW,ICSCF,I:ICSCF,GTW,T:SCSCF,ASLI,I:ASLI,SCSCF,T:ASLI,SCSCF,I-500:SCSCF,ASLI,A:SCSCF,MTAS,I:MTAS,SCSCF,T:MTAS,SCSCF,I:SCSCF,MTAS,T:SCSCF,MTAS,I-480:MTAS,SCSCF,A:MTAS,SCSCF,S:ICSCF,GTW,S:GTW,SCSCF,P:SCSCF,MTAS,P:MTAS,SCSCF,P-200:SCSCF,GTW,P-200:MTAS,SCSCF,P-200:MTAS,SCSCF,I-480:ICSCF,GTW,I-480:SCSCF,MTAS,A:GTW,ICSCF,A"
866,866,1,1,6,-2.5209954725834183,-2.3840530039533747,100,0,"IBCF,ICSCF,I:ICSCF,IBCF,T:ICSCF,SCSCF,I:SCSCF,ICSCF,I-482:ICSCF,SCSCF,A"
867,867,1,1,4,-2.2377062013239093,-2.184487281385721,14,0,"ICSCF,SCSCF,I:SCSCF,ICSCF,T:SCSCF,ICSCF,W:ICSCF,SCSCF,W"
868,868,1,0,37,-1.0510687670379513,-1.040542555588305,14,0,"ICSCF,SCSCF,I:SCSCF,ICSCF,T:SCSCF,BCCAS,I:BCCAS,SCSCF,T:BCCAS,SCSCF,I:SCSCF,BCCAS,T:SCSCF,ASLI,I:ASLI,SCSCF,T:ASLI,SCSCF,I-500:SCSCF,ASLI,A:SCSCF,GTW,I:GTW,SCSCF,T:GTW,SCSCF,S:SCSCF,BCCAS,S:BCCAS,SCSCF,S:GTW,SCSCF,S:SCSCF,BCCAS,S:BCCAS,SCSCF,S:GTW,SCSCF,S:SCSCF,BCCAS,S:BCCAS,SCSCF,S:GTW,SCSCF,S:SCSCF,BCCAS,S:BCCAS,SCSCF,S:GTW,SCSCF,S:SCSCF,BCCAS,S:BCCAS,SCSCF,S:GTW,SCSCF,S:SCSCF,BCCAS,S:GTW,SCSCF,S:SCSCF,BCCAS,S:GTW,SCSCF,I-500:SCSCF,GTW,A:SCSCF,BCCAS,I-500"
869,869,1,1,2,-4.811579681130778,-2.7815408733940106,5,0,"ICSCF,SCSCF,I:ICSCF,SCSCF,A"
870,870,1,1,10,-2.501887111879043,-2.2851896641882306,65,0,"SCSCF,IBCF,I:IBCF,SCSCF,T:IBCF,SCSCF,R:SCSCF,IBCF,P:IBCF,SCSCF,R:SCSCF,IBCF,P:IBCF,SCSCF,P-481:IBCF,SCSCF,P-200"
871,871,1,0,13,-0.3626222150006188,-0.35718027778023725,5,0,"GTW,ICSCF,I:ICSCF,GTW,T:SCSCF,ASLI,I:ASLI,SCSCF,T:ASLI,SCSCF,I-500:SCSCF,ASLI,A:SCSCF,MTAS,I:MTAS,SCSCF,T:MTAS,SCSCF,I:SCSCF,MTAS,T:SCSCF,PCSCF,I:PCSCF,SCSCF,T"
872,872,1,0,29,-0.39562187355667044,-0.39497535097482295,5,0,"ICSCF,SCSCF,I:SCSCF,ICSCF,T:SCSCF,ASLI,I:ASLI,SCSCF,T:ASLI,SCSCF,I-500:SCSCF,ASLI,A:SCSCF,MTAS,I:MTAS,SCSCF,T:MTAS,SCSCF,I:SCSCF,MTAS,T:SCSCF,PCSCF,I:PCSCF,SCSCF,T:SCSCF,MTAS,R:PCSCF,SCSCF,R:MTAS,SCSCF,R:SCSCF,ICSCF,R:SCSCF,SCSCF,P:SCSCF,MTAS,P:MTAS,SCSCF,P:SCSCF,PCSCF,P:SCSCF,MTAS,P-200:PCSCF,SCSCF,P-200:MTAS,SCSCF,P-200:SCSCF,SCSCF,P-200"
873,873,1,0,29,-0.5640431797653856,-0.5635007834317078,25,0,"ICSCF,SCSCF,I:SCSCF,ICSCF,T:SCSCF,ASLI,I:ASLI,SCSCF,T:ASLI,SCSCF,I-500:SCSCF,ASLI,A:SCSCF,MTAS,I:MTAS,SCSCF,I:SCSCF,MTAS,T:SCSCF,PCSCF,I:MTAS,SCSCF,T:PCSCF,SCSCF,T:PCSCF,SCSCF,R:MTAS,SCSCF,R:SCSCF,MTAS,R:SCSCF,ICSCF,R:SCSCF,SCSCF,P:SCSCF,MTAS,P:MTAS,SCSCF,P:SCSCF,PCSCF,P:PCSCF,SCSCF,P-200:MTAS,SCSCF,P-200:SCSCF,MTAS,P-200:SCSCF,SCSCF,P-200"
874,874,1,0,29,-0.6696017816907796,-0.6682838860006279,52,0,"ICSCF,SCSCF,I:SCSCF,ICSCF,T:SCSCF,ASLI,I:ASLI,SCSCF,T:ASLI,SCSCF,I-500:SCSCF,MTAS,I:MTAS,SCSCF,T:MTAS,SCSCF,I:SCSCF,MTAS,T:SCSCF,PCSCF,I:SCSCF,ASLI,A:PCSCF,SCSCF,T:PCSCF,SCSCF,R:SCSCF,MTAS,R:MTAS,SCSCF,R:SCSCF,ICSCF,R:SCSCF,SCSCF,P:SCSCF,MTAS,P:MTAS,SCSCF,P:SCSCF,PCSCF,P:SCSCF,MTAS,P-200:PCSCF,SCSCF,P-200:MTAS,SCSCF,P-200:SCSCF,SCSCF,P-200"
875,875,1,1,7,-2.156507608423983,-1.9926336569364307,11,0,"PCSCF,SCSCF,I:SCSCF,PCSCF,T:SCSCF,ASLI,I:ASLI,SCSCF,T:SCSCF,ASLI,A:ASLI,SCSCF,I-500"
876,876,1,1,31,-1.5919543404876728,-1.5916733061352237,190,0,"MTAS,SCSCF,I:MTAS,SCSCF,A:GTW,ICSCF,I:ICSCF,GTW,T:SCSCF,ASLI,I:ASLI,SCSCF,T:SCSCF,ASLI,A:ASLI,SCSCF,I-500:SCSCF,MTAS,I:MTAS,SCSCF,T:MTAS,SCSCF,I:SCSCF,MTAS,T:SCSCF,MTAS,I-480:MTAS,SCSCF,A:MTAS,SCSCF,S:ICSCF,GTW,S:SCSCF,MTAS,P:GTW,SCSCF,P:SCSCF,MTAS,P:MTAS,SCSCF,P-200:SCSCF,GTW,P-200:MTAS,SCSCF,I-480:SCSCF,MTAS,A:ICSCF,GTW,I-480:GTW,ICSCF,A"
877,877,1,1,13,-2.108086952158279,-2.0384227220735336,190,0,"IBCF,ICSCF,I:ICSCF,IBCF,T:ICSCF,SCSCF,I:SCSCF,ICSCF,T:SCSCF,ICSCF,S:ICSCF,IBCF,S:SCSCF,ICSCF,S:ICSCF,IBCF,S:SCSCF,ICSCF,R:ICSCF,IBCF,R:SCSCF,ICSCF,I-480:ICSCF,SCSCF,A"
878,878,1,0,18,-1.3535038723843797,-1.2402960213177987,24,0,"PCSCF,SCSCF,I:SCSCF,PCSCF,T:SCSCF,PCSCF,I-407:PCSCF,SCSCF,A:PCSCF,SCSCF,I:SCSCF,PCSCF,T:SCSCF,ASLI,I:ASLI,SCSCF,T:ASLI,SCSCF,I-500:SCSCF,ASLI,A:SCSCF,MTAS,I:MTAS,SCSCF,I:SCSCF,MTAS,T:SCSCF,GTW,I:MTAS,SCSCF,T:GTW,SCSCF,T"
879,879,1,0,29,-0.6696017816907796,-0.6682838860006279,52,0,"GTW,ICSCF,I:ICSCF,GTW,T:SCSCF,ASLI,I:ASLI,SCSCF,T:ASLI,SCSCF,I-500:SCSCF,BCCAS,I:BCCAS,SCSCF,T:BCCAS,SCSCF,I:SCSCF,BCCAS,T:SCSCF,PCSCF,I:SCSCF,ASLI,A:PCSCF,SCSCF,T:PCSCF,SCSCF,R:SCSCF,BCCAS,R:BCCAS,SCSCF,R:ICSCF,GTW,R:GTW,SCSCF,P:SCSCF,BCCAS,P:BCCAS,SCSCF,P:SCSCF,PCSCF,P:PCSCF,SCSCF,P-200:SCSCF,BCCAS,P-200:BCCAS,SCSCF,P-200:SCSCF,GTW,P-200"
880,880,1,0,40,-1.037324102676965,-0.9887637751493236,52,0,"PCSCF,SCSCF,I:SCSCF,PCSCF,T:SCSCF,ASLI,I:ASLI,SCSCF,T:ASLI,SCSCF,I-500:SCSCF,ASLI,A:MTAS,SCSCF,I:SCSCF,MTAS,T:SCSCF,ASLI,I:ASLI,SCSCF,T:ASLI,SCSCF,I-500:SCSCF,MTAS,I:MTAS,SCSCF,I:SCSCF,MTAS,T:SCSCF,PCSCF,I:PCSCF,SCSCF,T:SCSCF,ASLI,A:MTAS,SCSCF,T:PCSCF,SCSCF,R:SCSCF,MTAS,R:MTAS,SCSCF,R:SCSCF,MTAS,R:SCSCF,PCSCF,R:PCSCF,SCSCF,P:MTAS,SCSCF,P:SCSCF,MTAS,P:MTAS,SCSCF,P:SCSCF,PCSCF,P:PCSCF,SCSCF,P-200:SCSCF,MTAS,P-200:MTAS,SCSCF,P-200:SCSCF,MTAS,P-200:SCSCF,PCSCF,P-200"
881,881,1,1,65,-1.5108863199189777,-1.5018354315696565,293,0,"ICSCF,SCSCF,I:SCSCF,ICSCF,T:SCSCF,BCCAS,I:BCCAS,SCSCF,T:BCCAS,SCSCF,I:SCSCF,BCCAS,T:SCSCF,ASLI,I:ASLI,SCSCF,T:SCSCF,ASLI,A:ASLI,SCSCF,I-500:SCSCF,GTW,I:GTW,SCSCF,T:GTW,SCSCF,S:SCSCF,BCCAS,S:BCCAS,SCSCF,S:SCSCF,ICSCF,S:IBCF,SCSCF,P:SCSCF,BCCAS,P:BCCAS,SCSCF,P:SCSCF,GTW,P:GTW,SCSCF,P-200:GTW,SCSCF,R:SCSCF,BCCAS,P-200:SCSCF,BCCAS,R:BCCAS,SCSCF,P-200:SCSCF,IBCF,P-200:BCCAS,SCSCF,R:SCSCF,ICSCF,R:IBCF,SCSCF,P:SCSCF,BCCAS,P:BCCAS,SCSCF,P:SCSCF,GTW,P:SCSCF,BCCAS,P-200:GTW,SCSCF,P-200:BCCAS,SCSCF,P-200:SCSCF,IBCF,P-200:GTW,SCSCF,S:SCSCF,BCCAS,S:BCCAS,SCSCF,S:GTW,SCSCF,S:SCSCF,BCCAS,S:BCCAS,SCSCF,S:GTW,SCSCF,S:SCSCF,BCCAS,S:BCCAS,SCSCF,S:GTW,SCSCF,S:SCSCF,BCCAS,S:SCSCF,GTW,A:GTW,SCSCF,I-500:SCSCF,BCCAS,I-500:BCCAS,SCSCF,I-500:SCSCF,BCCAS,A:BCCAS,SCSCF,A"
882,882,1,0,26,-0.40976410367896077,-0.40886686495762514,5,0,"SCSCF,ICSCF,I:ICSCF,SCSCF,T:SCSCF,ASLI,I:ASLI,SCSCF,T:ASLI,SCSCF,I-500:SCSCF,ASLI,A:SCSCF,MTAS,I:MTAS,SCSCF,T:SCSCF,PCSCF,I:PCSCF,SCSCF,T:PCSCF,SCSCF,R:SCSCF,MTAS,R:MTAS,SCSCF,R:ICSCF,SCSCF,R:SCSCF,SCSCF,P:SCSCF,MTAS,P:SCSCF,PCSCF,P:SCSCF,MTAS,P-200:PCSCF,SCSCF,P-200:MTAS,SCSCF,P-200:SCSCF,SCSCF,P-200"
883,883,1,1,15,-1.7001045648326225,-1.5316856426146441,37,0,"ICSCF,SCSCF,I:SCSCF,ICSCF,T:SCSCF,ASLI,I:ASLI,SCSCF,T:ASLI,SCSCF,I-500:SCSCF,ASLI,A:SCSCF,MTAS,I:MTAS,SCSCF,T:MTAS,SCSCF,W:MTAS,SCSCF,I:SCSCF,ICSCF,W:SCSCF,MTAS,T:SCSCF,GTW,I:GTW,SCSCF,T"
884,884,1,0,13,-1.4625081967380014,-1.3350777540212075,100,0,"ICSCF,SCSCF,I:SCSCF,ICSCF,T:SCSCF,ASLI,I:ASLI,SCSCF,T:ASLI,SCSCF,I-500:SCSCF,ASLI,A:SCSCF,BCCAS,I:BCCAS,SCSCF,T:BCCAS,SCSCF,I:SCSCF,BCCAS,I-480:BCCAS,SCSCF,A"
885,885,1,0,11,-1.4774409974903733,-1.3998371483561427,226,0,"PCSCF,SCSCF,I:SCSCF,ASLI,I:SCSCF,PCSCF,T:ASLI,SCSCF,T:ASLI,SCSCF,I-500:SCSCF,ASLI,A:MTAS,SCSCF,I:SCSCF,MTAS,T:SCSCF,GTW,I:GTW,SCSCF,T"
886,886,1,0,29,-0.39562187355667044,-0.39497535097482295,5,0,"ICSCF,SCSCF,I:SCSCF,ICSCF,T:SCSCF,ASLI,I:ASLI,SCSCF,T:ASLI,SCSCF,I-500:SCSCF,ASLI,A:SCSCF,MTAS,I:MTAS,SCSCF,T:MTAS,SCSCF,I:SCSCF,MTAS,T:SCSCF,PCSCF,I:PCSCF,SCSCF,T:PCSCF,SCSCF,R:SCSCF,MTAS,R:MTAS,SCSCF,R:SCSCF,ICSCF,R:GTW,SCSCF,P:SCSCF,MTAS,P:MTAS,SCSCF,P:SCSCF,PCSCF,P:SCSCF,MTAS,P-200:PCSCF,SCSCF,P-200:MTAS,SCSCF,P-200:SCSCF,GTW,P-200"
887,887,1,1,59,-1.523555637871837,-1.480146209806643,76,0,"MTAS,SCSCF,I:MTAS,SCSCF,A:GTW,ICSCF,I:ICSCF,GTW,T:SCSCF,ASLI,I:ASLI,SCSCF,T:ASLI,SCSCF,I-500:SCSCF,ASLI,A:SCSCF,MTAS,I:MTAS,SCSCF,T:MTAS,SCSCF,S:ICSCF,GTW,S:GTW,SCSCF,P:SCSCF,MTAS,P:MTAS,SCSCF,P-200:SCSCF,GTW,P-200:MTAS,SCSCF,I-480:ICSCF,GTW,I-480:SCSCF,MTAS,A:GTW,ICSCF,A:GTW,ICSCF,I:ICSCF,GTW,T:SCSCF,ASLI,I:ASLI,SCSCF,T:ASLI,SCSCF,I-500:SCSCF,ASLI,A:SCSCF,MTAS,I:MTAS,SCSCF,T:MTAS,SCSCF,I:SCSCF,MTAS,T:SCSCF,MTAS,I-480:MTAS,SCSCF,A:MTAS,SCSCF,S:ICSCF,GTW,S:GTW,SCSCF,P:SCSCF,MTAS,P:MTAS,SCSCF,P-200:SCSCF,GTW,P-200:ICSCF,GTW,C-200:SCSCF,MTAS,C:GTW,ICSCF,C:MTAS,SCSCF,C-200:SCSCF,MTAS,A:ICSCF,GTW,I-487:MTAS,SCSCF,I-487:GTW,ICSCF,A"
888,888,1,1,36,-1.47790900199114,-1.4329072991777378,76,0,"MTAS,SCSCF,I:MTAS,SCSCF,A:GTW,ICSCF,I:ICSCF,GTW,T:SCSCF,ASLI,I:ASLI,SCSCF,T:ASLI,SCSCF,I-500:SCSCF,ASLI,A:SCSCF,MTAS,I:MTAS,SCSCF,T:MTAS,SCSCF,I:SCSCF,MTAS,T:SCSCF,MTAS,I-480:MTAS,SCSCF,A:MTAS,SCSCF,S:ICSCF,GTW,S:GTW,SCSCF,P:SCSCF,MTAS,P:MTAS,SCSCF,P-200:SCSCF,GTW,P-200:SCSCF,MTAS,C:GTW,ICSCF,C:ICSCF,GTW,C-200:MTAS,SCSCF,C-200:MTAS,SCSCF,I-487:SCSCF,MTAS,A:ICSCF,GTW,I-487:GTW,ICSCF,A"
889,889,1,0,29,-0.39562187355667044,-0.39497535097482295,5,0,"SCSCF,ICSCF,I:ICSCF,SCSCF,T:SCSCF,ASLI,I:ASLI,SCSCF,T:ASLI,SCSCF,I-500:SCSCF,ASLI,A:SCSCF,MTAS,I:MTAS,SCSCF,T:MTAS,SCSCF,I:SCSCF,MTAS,T:SCSCF,PCSCF,I:PCSCF,SCSCF,T:PCSCF,SCSCF,R:SCSCF,MTAS,R:MTAS,SCSCF,R:ICSCF,SCSCF,R:SCSCF,MTAS,P:SCSCF,SCSCF,P:MTAS,SCSCF,P:SCSCF,PCSCF,P:PCSCF,SCSCF,P-200:SCSCF,MTAS,P-200:MTAS,SCSCF,P-200:SCSCF,SCSCF,P-200"
890,890,1,0,11,-0.38087471704463877,-0.3728330264573241,5,0,"PCSCF,SCSCF,I:SCSCF,PCSCF,T:SCSCF,ASLI,I:ASLI,SCSCF,T:ASLI,SCSCF,I-500:SCSCF,ASLI,A:MTAS,SCSCF,I:SCSCF,MTAS,T:SCSCF,GTW,I:GTW,SCSCF,T"
891,891,1,0,29,-0.39562187355667044,-0.39497535097482295,5,0,"GTW,ICSCF,I:ICSCF,GTW,T:SCSCF,ASLI,I:ASLI,SCSCF,T:ASLI,SCSCF,I-500:SCSCF,ASLI,A:SCSCF,MTAS,I:MTAS,SCSCF,T:MTAS,SCSCF,I:SCSCF,MTAS,T:SCSCF,PCSCF,I:PCSCF,SCSCF,T:PCSCF,SCSCF,R:SCSCF,MTAS,R:MTAS,SCSCF,R:ICSCF,GTW,R:GTW,SCSCF,P:MTAS,SCSCF,P:SCSCF,MTAS,P:SCSCF,PCSCF,P:PCSCF,SCSCF,P-200:SCSCF,MTAS,P-200:MTAS,SCSCF,P-200:SCSCF,GTW,P-200"
892,892,1,0,53,-1.2523480797570838,-1.2522412244088632,190,0,"MTAS,SCSCF,I:MTAS,SCSCF,A:GTW,ICSCF,I:ICSCF,GTW,T:SCSCF,ASLI,I:ASLI,SCSCF,T:ASLI,SCSCF,I-500:SCSCF,ASLI,A:SCSCF,MTAS,I:MTAS,SCSCF,T:MTAS,SCSCF,I:SCSCF,MTAS,T:MTAS,SCSCF,A:SCSCF,MTAS,I-480:MTAS,SCSCF,S:ICSCF,GTW,S:GTW,SCSCF,P:SCSCF,MTAS,P:MTAS,SCSCF,P-200:SCSCF,GTW,P-200:MTAS,SCSCF,I-480:SCSCF,MTAS,A:ICSCF,GTW,I-480:GTW,ICSCF,A:GTW,ICSCF,I:ICSCF,GTW,T:SCSCF,ASLI,I:ASLI,SCSCF,T:ASLI,SCSCF,I-500:SCSCF,MTAS,I:MTAS,SCSCF,T:SCSCF,ASLI,A:MTAS,SCSCF,S:ICSCF,GTW,S:GTW,SCSCF,P:SCSCF,MTAS,P:MTAS,SCSCF,P-200:SCSCF,GTW,P-200:MTAS,SCSCF,I-480:SCSCF,MTAS,A:ICSCF,GTW,I-480:GTW,ICSCF,A"
893,893,1,0,64,-1.2141089170059651,-1.1647251109088799,65,0,"MTAS,SCSCF,I:MTAS,SCSCF,A:GTW,ICSCF,I:ICSCF,GTW,T:SCSCF,ASLI,I:ASLI,SCSCF,T:ASLI,SCSCF,I-500:SCSCF,ASLI,A:SCSCF,MTAS,I:MTAS,SCSCF,T:MTAS,SCSCF,I:SCSCF,MTAS,T:SCSCF,MTAS,I-480:MTAS,SCSCF,A:MTAS,SCSCF,S:ICSCF,GTW,S:GTW,SCSCF,P:SCSCF,MTAS,P:MTAS,SCSCF,P-200:SCSCF,GTW,P-200:MTAS,SCSCF,I-480:SCSCF,MTAS,A:ICSCF,GTW,I-480:GTW,ICSCF,A:GTW,ICSCF,I:ICSCF,GTW,T:SCSCF,ASLI,I:ASLI,SCSCF,T:ASLI,SCSCF,I-500:SCSCF,ASLI,A:SCSCF,MTAS,I:MTAS,SCSCF,T:MTAS,SCSCF,I:SCSCF,MTAS,T:MTAS,SCSCF,A:SCSCF,MTAS,I-480:MTAS,SCSCF,S:ICSCF,GTW,S:GTW,SCSCF,P:SCSCF,MTAS,P:MTAS,SCSCF,P-200:SCSCF,GTW,P-200:GTW,ICSCF,C:MTAS,SCSCF,C-200:SCSCF,MTAS,C:ICSCF,GTW,C-200:MTAS,SCSCF,I-487:SCSCF,MTAS,A:ICSCF,GTW,I-487:GTW,ICSCF,A"
894,894,1,1,13,-2.321026881020873,-2.2004655249048195,110,0,"ICSCF,SCSCF,I:SCSCF,ICSCF,T:SCSCF,ASLI,I:ASLI,SCSCF,T:SCSCF,ASLI,A:ASLI,SCSCF,I-500:SCSCF,BCCAS,I:BCCAS,SCSCF,T:BCCAS,SCSCF,I:SCSCF,BCCAS,I-480:BCCAS,SCSCF,A"
895,895,1,0,26,-1.4027918544170974,-1.4020774209702844,14,0,"PCSCF,SCSCF,I:SCSCF,ASLI,I:ASLI,SCSCF,T:ASLI,SCSCF,I-500:SCSCF,ASLI,A:SCSCF,MTAS,I:MTAS,SCSCF,T:MTAS,SCSCF,I:SCSCF,MTAS,T:SCSCF,PCSCF,T:SCSCF,ASLI,I:ASLI,SCSCF,T:ASLI,SCSCF,I-500:SCSCF,ASLI,A:SCSCF,MTAS,I:MTAS,SCSCF,T:MTAS,SCSCF,W:SCSCF,MTAS,W:MTAS,SCSCF,W:MTAS,SCSCF,I:SCSCF,MTAS,T:SCSCF,GTW,I:GTW,SCSCF,T:SCSCF,PCSCF,W"
896,896,1,0,29,-1.0343208389181882,-1.0293177823553294,11,0,"GTW,ICSCF,I:ICSCF,GTW,T:SCSCF,ASLI,I:ASLI,SCSCF,T:SCSCF,ASLI,A:ASLI,SCSCF,I-500:SCSCF,MTAS,I:MTAS,SCSCF,T:MTAS,SCSCF,I:SCSCF,MTAS,T:SCSCF,PCSCF,I:PCSCF,SCSCF,T:PCSCF,SCSCF,R:SCSCF,MTAS,R:MTAS,SCSCF,R:ICSCF,GTW,R:SCSCF,MTAS,P:GTW,SCSCF,P:MTAS,SCSCF,P:SCSCF,PCSCF,P:PCSCF,SCSCF,P-200:SCSCF,MTAS,P-200:MTAS,SCSCF,P-200:SCSCF,GTW,P-200"
897,897,1,1,10,-2.6505423094136455,-2.485774275862915,226,0,"PCSCF,SCSCF,I:SCSCF,ASLI,I:SCSCF,PCSCF,T:ASLI,SCSCF,T:SCSCF,ASLI,A:ASLI,SCSCF,I-500:MTAS,SCSCF,I:SCSCF,GTW,I:GTW,SCSCF,T"
898,898,1,0,158,-0.9743376099294103,-0.974307836937268,190,0,"MTAS,SCSCF,I:MTAS,SCSCF,A:GTW,ICSCF,I:ICSCF,GTW,T:SCSCF,ASLI,I:ASLI,SCSCF,T:ASLI,SCSCF,I-500:SCSCF,ASLI,A:SCSCF,MTAS,I:MTAS,SCSCF,T:MTAS,SCSCF,S:ICSCF,GTW,S:GTW,SCSCF,P:SCSCF,MTAS,P:MTAS,SCSCF,P-200:SCSCF,GTW,P-200:MTAS,SCSCF,I-480:SCSCF,MTAS,A:ICSCF,GTW,I-480:GTW,ICSCF,A:GTW,ICSCF,I:SCSCF,ASLI,I:ASLI,SCSCF,T:ASLI,SCSCF,I-500:SCSCF,ASLI,A:SCSCF,MTAS,I:MTAS,SCSCF,T:MTAS,SCSCF,S:ICSCF,GTW,S:GTW,SCSCF,P:SCSCF,MTAS,P:MTAS,SCSCF,P-200:SCSCF,GTW,P-200:MTAS,SCSCF,P-200:MTAS,SCSCF,I-480:SCSCF,MTAS,A:ICSCF,GTW,I-480:GTW,ICSCF,A:GTW,ICSCF,I:ICSCF,GTW,T:SCSCF,ASLI,I:ASLI,SCSCF,T:ASLI,SCSCF,I-500:SCSCF,ASLI,A:SCSCF,MTAS,I:MTAS,SCSCF,T:MTAS,SCSCF,I:SCSCF,MTAS,T:SCSCF,MTAS,I-480:MTAS,SCSCF,A:MTAS,SCSCF,S:ICSCF,GTW,S:GTW,SCSCF,P:SCSCF,MTAS,P:MTAS,SCSCF,P-200:SCSCF,GTW,P-200:MTAS,SCSCF,I-480:SCSCF,MTAS,A:ICSCF,GTW,I-480:GTW,ICSCF,A:GTW,ICSCF,I:ICSCF,GTW,T:SCSCF,ASLI,I:ASLI,SCSCF,T:ASLI,SCSCF,I-500:SCSCF,ASLI,A:SCSCF,MTAS,I:MTAS,SCSCF,T:MTAS,SCSCF,S:ICSCF,GTW,S:GTW,SCSCF,P:SCSCF,MTAS,P:MTAS,SCSCF,P-200:SCSCF,GTW,P-200:MTAS,SCSCF,I-480:ICSCF,GTW,I-480:SCSCF,MTAS,A:GTW,ICSCF,A:GTW,ICSCF,I:ICSCF,GTW,T:SCSCF,ASLI,I:ASLI,SCSCF,T:ASLI,SCSCF,I-500:SCSCF,ASLI,A:SCSCF,MTAS,I:MTAS,SCSCF,T:MTAS,SCSCF,I:SCSCF,MTAS,T:SCSCF,MTAS,I-480:MTAS,SCSCF,A:MTAS,SCSCF,S:ICSCF,GTW,S:GTW,SCSCF,P:SCSCF,MTAS,P:MTAS,SCSCF,P-200:SCSCF,GTW,P-200:MTAS,SCSCF,P-200:MTAS,SCSCF,I-480:SCSCF,MTAS,A:ICSCF,GTW,I-480:GTW,ICSCF,A:GTW,ICSCF,I:ICSCF,GTW,T:SCSCF,ASLI,I:ASLI,SCSCF,T:ASLI,SCSCF,I-500:SCSCF,ASLI,A:SCSCF,MTAS,I:MTAS,SCSCF,T:MTAS,SCSCF,I:SCSCF,MTAS,T:SCSCF,MTAS,I-480:MTAS,SCSCF,A:MTAS,SCSCF,S:ICSCF,GTW,S:GTW,SCSCF,P:SCSCF,MTAS,P:MTAS,SCSCF,P-200:SCSCF,GTW,P-200:MTAS,SCSCF,I-480:SCSCF,MTAS,A:ICSCF,GTW,I-480:GTW,ICSCF,A"
899,899,1,0,29,-0.9356558140349359,-0.919291480638953,25,0,"SCSCF,ICSCF,I:ICSCF,SCSCF,T:SCSCF,ASLI,I:ASLI,SCSCF,T:ASLI,SCSCF,I-500:SCSCF,ASLI,A:SCSCF,MTAS,I:MTAS,SCSCF,T:MTAS,SCSCF,I:SCSCF,PCSCF,I:SCSCF,MTAS,T:PCSCF,SCSCF,T:PCSCF,SCSCF,R:SCSCF,MTAS,R:MTAS,SCSCF,R:ICSCF,SCSCF,R:SCSCF,SCSCF,P:SCSCF,MTAS,P:MTAS,SCSCF,P:SCSCF,PCSCF,P:SCSCF,MTAS,P-200:PCSCF,SCSCF,P-200:MTAS,SCSCF,P-200:SCSCF,SCSCF,P-200"
900,900,1,0,29,-0.39562187355667044,-0.39497535097482295,5,0,"PCSCF,SCSCF,I:SCSCF,PCSCF,T:SCSCF,ASLI,I:ASLI,SCSCF,T:ASLI,SCSCF,I-500:SCSCF,ASLI,A:SCSCF,MTAS,I:MTAS,SCSCF,T:MTAS,SCSCF,I:SCSCF,MTAS,T:SCSCF,GTW,I:GTW,SCSCF,T:SCSCF,MTAS,R:GTW,SCSCF,R:MTAS,SCSCF,R:SCSCF,PCSCF,R:PCSCF,SCSCF,P:SCSCF,MTAS,P:MTAS,SCSCF,P:SCSCF,GTW,P:SCSCF,MTAS,P-200:GTW,SCSCF,P-200:MTAS,SCSCF,P-200:SCSCF,PCSCF,P-200"
901,901,1,0,25,-1.0792391068555125,-1.0790368023761363,190,0,"MTAS,SCSCF,I:MTAS,SCSCF,A:GTW,ICSCF,I:ICSCF,GTW,T:SCSCF,ASLI,I:ASLI,SCSCF,T:ASLI,SCSCF,I-500:SCSCF,ASLI,A:SCSCF,MTAS,I:MTAS,SCSCF,T:MTAS,SCSCF,S:ICSCF,GTW,S:GTW,SCSCF,P:SCSCF,MTAS,P:MTAS,SCSCF,P-200:SCSCF,GTW,P-200:MTAS,SCSCF,I-480:SCSCF,MTAS,A:ICSCF,GTW,I-480:GTW,ICSCF,A"
902,902,1,0,18,-1.312524443288452,-1.2599908366475223,24,0,"PCSCF,SCSCF,I:SCSCF,PCSCF,T:SCSCF,PCSCF,I-407:PCSCF,SCSCF,A:PCSCF,SCSCF,I:SCSCF,ASLI,I:ASLI,SCSCF,T:ASLI,SCSCF,I-500:SCSCF,ASLI,A:SCSCF,PCSCF,T:SCSCF,MTAS,I:MTAS,SCSCF,T:MTAS,SCSCF,I:SCSCF,MTAS,T:SCSCF,GTW,I:GTW,SCSCF,T"
903,903,1,0,26,-0.40976410367896077,-0.40886686495762514,5,0,"GTW,ICSCF,I:ICSCF,GTW,T:SCSCF,ASLI,I:ASLI,SCSCF,T:ASLI,SCSCF,I-500:SCSCF,ASLI,A:SCSCF,MTAS,I:MTAS,SCSCF,T:SCSCF,PCSCF,I:PCSCF,SCSCF,T:PCSCF,SCSCF,R:SCSCF,MTAS,R:MTAS,SCSCF,R:ICSCF,GTW,R:GTW,SCSCF,P:SCSCF,MTAS,P:SCSCF,PCSCF,P:SCSCF,MTAS,P-200:PCSCF,SCSCF,P-200:MTAS,SCSCF,P-200:SCSCF,GTW,P-200"
904,904,1,1,119,-1.498969244441092,-1.493842701967079,209,0,"MTAS,SCSCF,I:MTAS,SCSCF,A:PCSCF,SCSCF,I:SCSCF,PCSCF,T:SCSCF,ASLI,I:ASLI,SCSCF,T:ASLI,SCSCF,I-500:SCSCF,ASLI,A:SCSCF,MTAS,I:MTAS,SCSCF,T:MTAS,SCSCF,I:SCSCF,MTAS,T:SCSCF,MTAS,I-404:MTAS,SCSCF,A:MTAS,SCSCF,S:SCSCF,PCSCF,S:PCSCF,SCSCF,P:SCSCF,MTAS,P:MTAS,SCSCF,P-200:SCSCF,PCSCF,P-200:MTAS,SCSCF,I-404:SCSCF,MTAS,A:SCSCF,PCSCF,I-404:PCSCF,SCSCF,A:PCSCF,SCSCF,I:SCSCF,PCSCF,T:SCSCF,PCSCF,I-407:PCSCF,SCSCF,A:PCSCF,SCSCF,I:SCSCF,PCSCF,T:SCSCF,ASLI,I:ASLI,SCSCF,T:ASLI,SCSCF,I-500:SCSCF,ASLI,A:SCSCF,MTAS,I:MTAS,SCSCF,T:MTAS,SCSCF,I:SCSCF,MTAS,T:SCSCF,MTAS,I-404:MTAS,SCSCF,A:MTAS,SCSCF,S:SCSCF,PCSCF,S:SCSCF,MTAS,P:PCSCF,SCSCF,P:MTAS,SCSCF,P-200:SCSCF,PCSCF,P-200:MTAS,SCSCF,I-404:SCSCF,PCSCF,I-404:SCSCF,MTAS,A:PCSCF,SCSCF,A:PCSCF,SCSCF,I:SCSCF,PCSCF,T:SCSCF,ASLI,I:ASLI,SCSCF,T:ASLI,SCSCF,I-500:SCSCF,ASLI,A:SCSCF,MTAS,I:MTAS,SCSCF,T:MTAS,SCSCF,I:SCSCF,MTAS,T:SCSCF,MTAS,I-404:MTAS,SCSCF,A:MTAS,SCSCF,S:SCSCF,PCSCF,S:PCSCF,SCSCF,P:SCSCF,MTAS,P:MTAS,SCSCF,P-200:SCSCF,PCSCF,P-200:PCSCF,SCSCF,I:SCSCF,PCSCF,T:SCSCF,ASLI,I:ASLI,SCSCF,T:ASLI,SCSCF,I-500:SCSCF,ASLI,A:SCSCF,MTAS,I:MTAS,SCSCF,T:MTAS,SCSCF,I:SCSCF,MTAS,T:SCSCF,MTAS,I-404:MTAS,SCSCF,A:MTAS,SCSCF,S:SCSCF,PCSCF,S:PCSCF,SCSCF,P:SCSCF,MTAS,P:MTAS,SCSCF,P-200:SCSCF,PCSCF,P-200:MTAS,SCSCF,I-404:SCSCF,MTAS,A:SCSCF,PCSCF,I-404:PCSCF,SCSCF,A:MTAS,SCSCF,I-404:SCSCF,MTAS,A:SCSCF,PCSCF,I-404:PCSCF,SCSCF,A"
905,905,1,0,59,-1.0836949923796104,-1.0835818383509936,190,0,"MTAS,SCSCF,I:MTAS,SCSCF,A:GTW,ICSCF,I:ICSCF,GTW,T:SCSCF,ASLI,I:ASLI,SCSCF,T:ASLI,SCSCF,I-500:SCSCF,ASLI,A:SCSCF,MTAS,I:MTAS,SCSCF,T:MTAS,SCSCF,I:SCSCF,MTAS,T:SCSCF,MTAS,I-480:MTAS,SCSCF,A:MTAS,SCSCF,S:ICSCF,GTW,S:GTW,SCSCF,P:SCSCF,MTAS,P:MTAS,SCSCF,P-200:SCSCF,GTW,P-200:MTAS,SCSCF,I-480:SCSCF,MTAS,A:ICSCF,GTW,I-480:GTW,ICSCF,A:GTW,ICSCF,I:ICSCF,GTW,T:SCSCF,ASLI,I:ASLI,SCSCF,T:ASLI,SCSCF,I-500:SCSCF,ASLI,A:SCSCF,MTAS,I:MTAS,SCSCF,T:MTAS,SCSCF,I:SCSCF,MTAS,T:SCSCF,MTAS,I-480:MTAS,SCSCF,A:MTAS,SCSCF,S:ICSCF,GTW,S:SCSCF,MTAS,P:GTW,SCSCF,P:SCSCF,MTAS,P:MTAS,SCSCF,P-200:SCSCF,GTW,P-200:MTAS,SCSCF,I-480:SCSCF,MTAS,A:ICSCF,GTW,I-480:GTW,ICSCF,A"
906,906,1,1,29,-1.6149420866028614,-1.5885653481796407,14,0,"GTW,ICSCF,I:ICSCF,GTW,T:SCSCF,ASLI,I:ASLI,SCSCF,T:SCSCF,ASLI,A:ASLI,SCSCF,I-500:SCSCF,BCCAS,I:BCCAS,SCSCF,T:BCCAS,SCSCF,I:SCSCF,BCCAS,T:SCSCF,IBCF,I:IBCF,SCSCF,T:IBCF,SCSCF,W:SCSCF,BCCAS,W:BCCAS,SCSCF,W:ICSCF,GTW,W:GTW,SCSCF,P:SCSCF,BCCAS,P:BCCAS,SCSCF,P:SCSCF,IBCF,P:IBCF,SCSCF,P-200:SCSCF,BCCAS,P-200:BCCAS,SCSCF,P-200:SCSCF,GTW,P-200"
907,907,1,1,18,-1.9887085350906055,-1.860789806364677,112,0,"PCSCF,SCSCF,I:SCSCF,PCSCF,T:SCSCF,PCSCF,I-407:PCSCF,SCSCF,A:PCSCF,SCSCF,I:SCSCF,ASLI,I:ASLI,SCSCF,T:ASLI,SCSCF,I-500:SCSCF,MTAS,I:MTAS,SCSCF,T:MTAS,SCSCF,I:SCSCF,MTAS,T:SCSCF,PCSCF,T:SCSCF,ASLI,A:SCSCF,GTW,I:GTW,SCSCF,T"
908,908,1,0,23,-0.4321005200581084,-0.4306878565667483,5,0,"ICSCF,SCSCF,I:SCSCF,ICSCF,T:SCSCF,ASLI,I:ASLI,SCSCF,T:ASLI,SCSCF,I-500:SCSCF,ASLI,A:MTAS,SCSCF,I:SCSCF,MTAS,T:SCSCF,PCSCF,I:PCSCF,SCSCF,T:SCSCF,MTAS,R:PCSCF,SCSCF,R:SCSCF,ICSCF,R:SCSCF,SCSCF,P:MTAS,SCSCF,P:SCSCF,PCSCF,P:PCSCF,SCSCF,P-200:SCSCF,MTAS,P-200:SCSCF,SCSCF,P-200"
909,909,1,0,46,-0.3522758037043595,-0.35212169822492284,5,0,"PCSCF,SCSCF,I:SCSCF,PCSCF,T:SCSCF,ASLI,I:ASLI,SCSCF,T:ASLI,SCSCF,I-500:SCSCF,ASLI,A:SCSCF,MTAS,I:MTAS,SCSCF,T:MTAS,SCSCF,I:SCSCF,MTAS,T:SCSCF,ASLI,I:ASLI,SCSCF,T:ASLI,SCSCF,I-500:SCSCF,ASLI,A:SCSCF,MTAS,I:MTAS,SCSCF,T:MTAS,SCSCF,I:SCSCF,MTAS,T:SCSCF,PCSCF,I:PCSCF,SCSCF,T:PCSCF,SCSCF,R:SCSCF,MTAS,R:MTAS,SCSCF,R:SCSCF,MTAS,R:MTAS,SCSCF,R:SCSCF,PCSCF,R:PCSCF,SCSCF,P:SCSCF,MTAS,P:MTAS,SCSCF,P:SCSCF,MTAS,P:MTAS,SCSCF,P:SCSCF,PCSCF,P:SCSCF,MTAS,P-200:PCSCF,SCSCF,P-200:MTAS,SCSCF,P-200:SCSCF,MTAS,P-200:MTAS,SCSCF,P-200:SCSCF,PCSCF,P-200"
910,910,1,0,29,-1.0343208389181882,-1.0293177823553294,11,0,"SCSCF,ICSCF,I:ICSCF,SCSCF,T:SCSCF,ASLI,I:ASLI,SCSCF,T:SCSCF,ASLI,A:ASLI,SCSCF,I-500:SCSCF,MTAS,I:MTAS,SCSCF,T:MTAS,SCSCF,I:SCSCF,MTAS,T:SCSCF,PCSCF,I:PCSCF,SCSCF,T:PCSCF,SCSCF,R:SCSCF,MTAS,R:MTAS,SCSCF,R:ICSCF,SCSCF,R:SCSCF,MTAS,P:SCSCF,SCSCF,P:MTAS,SCSCF,P:SCSCF,PCSCF,P:PCSCF,SCSCF,P-200:SCSCF,MTAS,P-200:MTAS,SCSCF,P-200:SCSCF,SCSCF,P-200"
911,911,1,1,20,-1.5928755410398125,-1.5850468422423616,356,0,"MTAS,SCSCF,I:MTAS,SCSCF,A:PCSCF,SCSCF,I:SCSCF,PCSCF,T:SCSCF,ASLI,I:ASLI,SCSCF,T:ASLI,SCSCF,I-500:SCSCF,ASLI,A:MTAS,SCSCF,I:SCSCF,MTAS,T:SCSCF,MTAS,I-404:MTAS,SCSCF,A:PCSCF,SCSCF,C:SCSCF,PCSCF,C-200:SCSCF,PCSCF,I-404:PCSCF,SCSCF,A"
912,912,1,0,45,-0.7931804274290267,-0.7500659195038201,25,0,"PCSCF,SCSCF,I:SCSCF,PCSCF,T:SCSCF,PCSCF,I-407:PCSCF,SCSCF,A:PCSCF,SCSCF,I:SCSCF,PCSCF,T:SCSCF,ASLI,I:ASLI,SCSCF,T:ASLI,SCSCF,I-500:SCSCF,ASLI,A:MTAS,SCSCF,I:SCSCF,MTAS,T:SCSCF,ASLI,I:ASLI,SCSCF,T:ASLI,SCSCF,I-500:SCSCF,ASLI,A:SCSCF,MTAS,I:MTAS,SCSCF,I:SCSCF,MTAS,T:SCSCF,PCSCF,I:MTAS,SCSCF,T:PCSCF,SCSCF,T:PCSCF,SCSCF,R:SCSCF,MTAS,R:MTAS,SCSCF,R:SCSCF,MTAS,R:SCSCF,PCSCF,R:PCSCF,SCSCF,P:MTAS,SCSCF,P:SCSCF,MTAS,P:MTAS,SCSCF,P:SCSCF,PCSCF,P:PCSCF,SCSCF,P-200:SCSCF,MTAS,P-200:MTAS,SCSCF,P-200:SCSCF,MTAS,P-200:SCSCF,PCSCF,P-200"
913,913,1,0,13,-1.1182030650423285,-1.1146035550108349,14,0,"GTW,ICSCF,I:ICSCF,GTW,T:SCSCF,ASLI,I:ASLI,SCSCF,T:ASLI,SCSCF,I-500:SCSCF,ASLI,A:SCSCF,MTAS,I:MTAS,SCSCF,T:MTAS,SCSCF,W:ICSCF,GTW,W:SCSCF,GTW,I:GTW,SCSCF,T"
914,914,1,0,46,-0.3522758037043595,-0.35212169822492284,5,0,"PCSCF,SCSCF,I:SCSCF,PCSCF,T:SCSCF,ASLI,I:ASLI,SCSCF,T:ASLI,SCSCF,I-500:SCSCF,ASLI,A:SCSCF,MTAS,I:MTAS,SCSCF,T:MTAS,SCSCF,I:SCSCF,MTAS,T:SCSCF,ASLI,I:ASLI,SCSCF,T:ASLI,SCSCF,I-500:SCSCF,ASLI,A:SCSCF,MTAS,I:MTAS,SCSCF,T:MTAS,SCSCF,I:SCSCF,MTAS,T:SCSCF,PCSCF,I:PCSCF,SCSCF,T:SCSCF,MTAS,R:PCSCF,SCSCF,R:MTAS,SCSCF,R:SCSCF,MTAS,R:MTAS,SCSCF,R:SCSCF,PCSCF,R:PCSCF,SCSCF,P:SCSCF,MTAS,P:MTAS,SCSCF,P:SCSCF,MTAS,P:MTAS,SCSCF,P:SCSCF,PCSCF,P:PCSCF,SCSCF,P-200:SCSCF,MTAS,P-200:MTAS,SCSCF,P-200:SCSCF,MTAS,P-200:MTAS,SCSCF,P-200:SCSCF,PCSCF,P-200"
915,915,1,0,60,-1.2064767902805904,-1.2063654009279055,190,0,"MTAS,SCSCF,I:MTAS,SCSCF,A:GTW,ICSCF,I:ICSCF,GTW,T:SCSCF,ASLI,I:ASLI,SCSCF,T:ASLI,SCSCF,I-500:SCSCF,ASLI,A:SCSCF,MTAS,I:MTAS,SCSCF,T:MTAS,SCSCF,I:SCSCF,MTAS,T:SCSCF,MTAS,I-480:MTAS,SCSCF,A:MTAS,SCSCF,S:ICSCF,GTW,S:GTW,SCSCF,P:SCSCF,MTAS,P:MTAS,SCSCF,P-200:SCSCF,GTW,P-200:MTAS,SCSCF,P-200:MTAS,SCSCF,I-480:SCSCF,MTAS,A:ICSCF,GTW,I-480:GTW,ICSCF,A:GTW,ICSCF,I:ICSCF,GTW,T:SCSCF,ASLI,I:ASLI,SCSCF,T:ASLI,SCSCF,I-500:SCSCF,MTAS,I:MTAS,SCSCF,T:SCSCF,ASLI,A:MTAS,SCSCF,I:SCSCF,MTAS,T:SCSCF,MTAS,I-480:MTAS,SCSCF,A:MTAS,SCSCF,S:ICSCF,GTW,S:GTW,SCSCF,P:SCSCF,MTAS,P:MTAS,SCSCF,P-200:SCSCF,GTW,P-200:MTAS,SCSCF,I-480:SCSCF,MTAS,A:ICSCF,GTW,I-480:GTW,ICSCF,A"
916,916,1,0,40,-0.9463341479259728,-0.9382744465211452,25,0,"PCSCF,SCSCF,I:SCSCF,PCSCF,T:SCSCF,ASLI,I:ASLI,SCSCF,T:SCSCF,ASLI,A:ASLI,SCSCF,I-500:MTAS,SCSCF,I:SCSCF,MTAS,T:SCSCF,ASLI,I:ASLI,SCSCF,T:ASLI,SCSCF,I-500:SCSCF,ASLI,A:SCSCF,MTAS,I:MTAS,SCSCF,I:MTAS,SCSCF,T:SCSCF,PCSCF,I:SCSCF,MTAS,T:PCSCF,SCSCF,T:PCSCF,SCSCF,R:SCSCF,MTAS,R:MTAS,SCSCF,R:SCSCF,MTAS,R:SCSCF,PCSCF,R:PCSCF,SCSCF,P:MTAS,SCSCF,P:SCSCF,MTAS,P:MTAS,SCSCF,P:SCSCF,PCSCF,P:PCSCF,SCSCF,P-200:SCSCF,MTAS,P-200:MTAS,SCSCF,P-200:SCSCF,MTAS,P-200:SCSCF,PCSCF,P-200"
917,917,1,0,52,-1.2135484904623461,-1.213407594790461,190,0,"MTAS,SCSCF,I:MTAS,SCSCF,A:GTW,ICSCF,I:ICSCF,GTW,T:SCSCF,ASLI,I:ASLI,SCSCF,T:ASLI,SCSCF,I-500:SCSCF,ASLI,A:SCSCF,MTAS,I:MTAS,SCSCF,T:MTAS,SCSCF,I:SCSCF,MTAS,T:SCSCF,MTAS,I-480:MTAS,SCSCF,A:MTAS,SCSCF,S:ICSCF,GTW,S:GTW,SCSCF,P:SCSCF,MTAS,P:MTAS,SCSCF,P-200:SCSCF,GTW,P-200:MTAS,SCSCF,I-480:SCSCF,MTAS,A:ICSCF,GTW,I-480:GTW,ICSCF,A:GTW,ICSCF,I:ICSCF,GTW,T:SCSCF,ASLI,I:ASLI,SCSCF,T:ASLI,SCSCF,I-500:SCSCF,ASLI,A:SCSCF,MTAS,I:MTAS,SCSCF,T:MTAS,SCSCF,I:SCSCF,MTAS,T:SCSCF,MTAS,I-480:MTAS,SCSCF,A:MTAS,SCSCF,S:ICSCF,GTW,S:MTAS,SCSCF,I-480:SCSCF,MTAS,A:ICSCF,GTW,I-480:GTW,ICSCF,A"
918,918,1,0,13,-0.7775790558711925,-0.7738862768778573,25,0,"PCSCF,SCSCF,I:SCSCF,PCSCF,T:SCSCF,ASLI,I:ASLI,SCSCF,T:ASLI,SCSCF,I-500:SCSCF,ASLI,A:SCSCF,MTAS,I:MTAS,SCSCF,I:SCSCF,MTAS,T:SCSCF,GTW,I:MTAS,SCSCF,T:GTW,SCSCF,T"
919,919,1,0,11,-0.42617036116075685,-0.4147724427861789,5,0,"ICSCF,SCSCF,I:SCSCF,ICSCF,T:SCSCF,BCCAS,I:BCCAS,SCSCF,T:BCCAS,SCSCF,I:SCSCF,BCCAS,T:SCSCF,ASLI,I:ASLI,SCSCF,T:ASLI,SCSCF,I-500:SCSCF,ASLI,A"
920,920,1,0,60,-1.3624890094481554,-1.3624145979380595,190,0,"MTAS,SCSCF,I:MTAS,SCSCF,A:GTW,ICSCF,I:ICSCF,GTW,T:SCSCF,ASLI,I:ASLI,SCSCF,T:ASLI,SCSCF,I-500:SCSCF,MTAS,I:MTAS,SCSCF,T:SCSCF,ASLI,A:MTAS,SCSCF,I:SCSCF,MTAS,T:SCSCF,MTAS,I-480:MTAS,SCSCF,A:MTAS,SCSCF,S:ICSCF,GTW,S:GTW,SCSCF,P:SCSCF,MTAS,P:MTAS,SCSCF,P-200:SCSCF,GTW,P-200:MTAS,SCSCF,P-200:MTAS,SCSCF,I-480:ICSCF,GTW,I-480:SCSCF,MTAS,A:GTW,ICSCF,A:GTW,ICSCF,I:ICSCF,GTW,T:SCSCF,ASLI,I:ASLI,SCSCF,T:ASLI,SCSCF,I-500:SCSCF,ASLI,A:SCSCF,MTAS,I:MTAS,SCSCF,T:MTAS,SCSCF,I:SCSCF,MTAS,T:SCSCF,MTAS,I-480:MTAS,SCSCF,A:MTAS,SCSCF,S:ICSCF,GTW,S:GTW,SCSCF,P:SCSCF,MTAS,P:MTAS,SCSCF,P-200:SCSCF,GTW,P-200:MTAS,SCSCF,I-480:SCSCF,MTAS,A:ICSCF,GTW,I-480:GTW,ICSCF,A"
921,921,1,1,16,-1.4592048512501377,-1.4133520530438066,24,0,"PCSCF,SCSCF,I:SCSCF,PCSCF,T:SCSCF,PCSCF,I-407:PCSCF,SCSCF,A:PCSCF,SCSCF,I:SCSCF,ASLI,I:ASLI,SCSCF,T:ASLI,SCSCF,I-500:SCSCF,ASLI,A:MTAS,SCSCF,I:SCSCF,MTAS,T:SCSCF,PCSCF,T:SCSCF,GTW,I:GTW,SCSCF,T"
922,922,1,0,29,-0.6696017816907796,-0.6682838860006279,52,0,"GTW,ICSCF,I:ICSCF,GTW,T:SCSCF,ASLI,I:ASLI,SCSCF,T:ASLI,SCSCF,I-500:SCSCF,MTAS,I:MTAS,SCSCF,T:MTAS,SCSCF,I:SCSCF,MTAS,T:SCSCF,PCSCF,I:SCSCF,ASLI,A:PCSCF,SCSCF,T:PCSCF,SCSCF,R:SCSCF,MTAS,R:MTAS,SCSCF,R:ICSCF,GTW,R:GTW,SCSCF,P:SCSCF,MTAS,P:MTAS,SCSCF,P:SCSCF,PCSCF,P:PCSCF,SCSCF,P-200:SCSCF,MTAS,P-200:MTAS,SCSCF,P-200:SCSCF,GTW,P-200"
923,923,1,0,26,-1.0373819417535945,-0.9817163976839781,146,0,"PCSCF,SCSCF,I:SCSCF,ASLI,I:SCSCF,PCSCF,T:ASLI,SCSCF,T:ASLI,SCSCF,I-500:SCSCF,ASLI,A:MTAS,SCSCF,I:SCSCF,MTAS,T:SCSCF,GTW,I:GTW,SCSCF,T:SCSCF,MTAS,R:GTW,SCSCF,R:SCSCF,PCSCF,R:PCSCF,SCSCF,P:SCSCF,MTAS,P:MTAS,SCSCF,P:SCSCF,GTW,P:SCSCF,MTAS,P-200:GTW,SCSCF,P-200:MTAS,SCSCF,P-200:SCSCF,PCSCF,P-200"
924,924,1,1,12,-1.909390031916826,-1.8272399590187531,11,0,"GTW,ICSCF,I:ICSCF,GTW,T:SCSCF,ASLI,I:ASLI,SCSCF,T:SCSCF,ASLI,A:ASLI,SCSCF,I-500:ICSCF,GTW,W:MTAS,SCSCF,I:SCSCF,MTAS,T:SCSCF,GTW,I:GTW,SCSCF,T"
925,925,1,0,116,-1.1342528744390918,-1.134188961649452,190,0,"MTAS,SCSCF,I:MTAS,SCSCF,A:GTW,ICSCF,I:ICSCF,GTW,T:SCSCF,ASLI,I:ASLI,SCSCF,T:ASLI,SCSCF,I-500:SCSCF,ASLI,A:SCSCF,MTAS,I:MTAS,SCSCF,T:MTAS,SCSCF,S:ICSCF,GTW,S:SCSCF,MTAS,P:GTW,SCSCF,P:SCSCF,MTAS,P:MTAS,SCSCF,P-200:SCSCF,GTW,P-200:MTAS,SCSCF,P-200:MTAS,SCSCF,I-480:SCSCF,MTAS,A:ICSCF,GTW,I-480:GTW,ICSCF,A:GTW,ICSCF,I:ICSCF,GTW,T:SCSCF,ASLI,I:ASLI,SCSCF,T:ASLI,SCSCF,I-500:SCSCF,MTAS,I:SCSCF,ASLI,A:MTAS,SCSCF,T:MTAS,SCSCF,I:SCSCF,MTAS,T:MTAS,SCSCF,A:SCSCF,MTAS,I-480:MTAS,SCSCF,S:ICSCF,GTW,S:GTW,SCSCF,P:SCSCF,MTAS,P:MTAS,SCSCF,P-200:SCSCF,GTW,P-200:MTAS,SCSCF,P-200:MTAS,SCSCF,I-480:SCSCF,MTAS,A:ICSCF,GTW,I-480:GTW,ICSCF,A:GTW,ICSCF,I:ICSCF,GTW,T:SCSCF,ASLI,I:ASLI,SCSCF,T:ASLI,SCSCF,I-500:SCSCF,ASLI,A:SCSCF,MTAS,I:MTAS,SCSCF,T:MTAS,SCSCF,I:SCSCF,MTAS,T:SCSCF,MTAS,I-480:MTAS,SCSCF,A:MTAS,SCSCF,S:ICSCF,GTW,S:GTW,SCSCF,P:SCSCF,MTAS,P:MTAS,SCSCF,P-200:SCSCF,GTW,P-200:MTAS,SCSCF,P-200:MTAS,SCSCF,I-480:SCSCF,MTAS,A:ICSCF,GTW,I-480:GTW,ICSCF,A:GTW,ICSCF,I:ICSCF,GTW,T:SCSCF,ASLI,I:ASLI,SCSCF,T:ASLI,SCSCF,I-500:SCSCF,MTAS,I:MTAS,SCSCF,T:SCSCF,ASLI,A:MTAS,SCSCF,I:SCSCF,MTAS,T:SCSCF,MTAS,I-480:MTAS,SCSCF,A:MTAS,SCSCF,S:ICSCF,GTW,S:GTW,SCSCF,P:SCSCF,MTAS,P:MTAS,SCSCF,P-200:SCSCF,GTW,P-200:MTAS,SCSCF,I-480:SCSCF,MTAS,A:ICSCF,GTW,I-480:GTW,ICSCF,A"
926,926,1,0,23,-1.1462940307875078,-1.120865180904006,11,0,"GTW,ICSCF,I:ICSCF,GTW,T:SCSCF,ASLI,I:ASLI,SCSCF,T:ASLI,SCSCF,I-500:SCSCF,BCCAS,I:BCCAS,SCSCF,T:BCCAS,SCSCF,I:SCSCF,BCCAS,T:SCSCF,ASLI,A:SCSCF,IBCF,I:IBCF,SCSCF,T:IBCF,SCSCF,I-200:SCSCF,BCCAS,I-200:BCCAS,SCSCF,I-200:GTW,SCSCF,A:SCSCF,BCCAS,A:SCSCF,IBCF,A:BCCAS,SCSCF,A"
927,927,1,0,66,-1.3610124532462324,-1.33303721056324,76,0,"MTAS,SCSCF,I:MTAS,SCSCF,A:GTW,ICSCF,I:ICSCF,GTW,T:SCSCF,ASLI,I:ASLI,SCSCF,T:ASLI,SCSCF,I-500:SCSCF,ASLI,A:SCSCF,MTAS,I:MTAS,SCSCF,T:MTAS,SCSCF,I:SCSCF,MTAS,T:SCSCF,MTAS,I-480:MTAS,SCSCF,A:MTAS,SCSCF,S:ICSCF,GTW,S:GTW,SCSCF,P:SCSCF,MTAS,P:MTAS,SCSCF,P-200:SCSCF,GTW,P-200:MTAS,SCSCF,P-200:MTAS,SCSCF,I-480:SCSCF,MTAS,A:ICSCF,GTW,I-480:GTW,ICSCF,A:GTW,ICSCF,I:ICSCF,GTW,T:SCSCF,ASLI,I:ASLI,SCSCF,T:ASLI,SCSCF,I-500:SCSCF,MTAS,I:MTAS,SCSCF,T:SCSCF,ASLI,A:MTAS,SCSCF,I:SCSCF,MTAS,T:SCSCF,MTAS,I-480:MTAS,SCSCF,A:MTAS,SCSCF,S:ICSCF,GTW,S:GTW,SCSCF,P:SCSCF,MTAS,P:MTAS,SCSCF,P-200:SCSCF,GTW,P-200:ICSCF,GTW,C-200:SCSCF,MTAS,C:GTW,ICSCF,C:MTAS,SCSCF,C-200:MTAS,SCSCF,I-487:SCSCF,MTAS,A:ICSCF,GTW,I-487:GTW,ICSCF,A"
928,928,1,0,199,-0.9548965884307998,-0.9548681408072809,190,0,"MTAS,SCSCF,I:MTAS,SCSCF,A:GTW,ICSCF,I:ICSCF,GTW,T:SCSCF,ASLI,I:ASLI,SCSCF,T:ASLI,SCSCF,I-500:SCSCF,ASLI,A:SCSCF,MTAS,I:MTAS,SCSCF,T:MTAS,SCSCF,I:SCSCF,MTAS,T:MTAS,SCSCF,A:SCSCF,MTAS,I-480:MTAS,SCSCF,S:ICSCF,GTW,S:SCSCF,MTAS,P:GTW,SCSCF,P:SCSCF,MTAS,P:MTAS,SCSCF,P-200:SCSCF,GTW,P-200:MTAS,SCSCF,I-480:SCSCF,MTAS,A:ICSCF,GTW,I-480:GTW,ICSCF,A:GTW,ICSCF,I:ICSCF,GTW,T:SCSCF,ASLI,I:ASLI,SCSCF,T:ASLI,SCSCF,I-500:SCSCF,ASLI,A:SCSCF,MTAS,I:MTAS,SCSCF,T:MTAS,SCSCF,I:SCSCF,MTAS,T:SCSCF,MTAS,I-480:MTAS,SCSCF,A:MTAS,SCSCF,S:ICSCF,GTW,S:GTW,SCSCF,P:SCSCF,MTAS,P:MTAS,SCSCF,P-200:SCSCF,GTW,P-200:MTAS,SCSCF,P-200:MTAS,SCSCF,I-480:SCSCF,MTAS,A:ICSCF,GTW,I-480:GTW,ICSCF,A:GTW,ICSCF,I:ICSCF,GTW,T:SCSCF,ASLI,I:ASLI,SCSCF,T:ASLI,SCSCF,I-500:SCSCF,ASLI,A:SCSCF,MTAS,I:MTAS,SCSCF,T:MTAS,SCSCF,I:SCSCF,MTAS,T:SCSCF,MTAS,I-480:MTAS,SCSCF,A:MTAS,SCSCF,S:ICSCF,GTW,S:SCSCF,MTAS,P:GTW,SCSCF,P:MTAS,SCSCF,P-200:SCSCF,GTW,P-200:MTAS,SCSCF,I-480:SCSCF,MTAS,A:ICSCF,GTW,I-480:GTW,ICSCF,A:GTW,ICSCF,I:ICSCF,GTW,T:SCSCF,ASLI,I:ASLI,SCSCF,T:ASLI,SCSCF,I-500:SCSCF,ASLI,A:SCSCF,MTAS,I:MTAS,SCSCF,T:MTAS,SCSCF,I:SCSCF,MTAS,T:MTAS,SCSCF,A:SCSCF,MTAS,I-480:MTAS,SCSCF,S:ICSCF,GTW,S:GTW,SCSCF,P:SCSCF,MTAS,P:MTAS,SCSCF,P-200:SCSCF,GTW,P-200:MTAS,SCSCF,I-480:SCSCF,MTAS,A:ICSCF,GTW,I-480:GTW,ICSCF,A:GTW,ICSCF,I:ICSCF,GTW,T:SCSCF,ASLI,I:ASLI,SCSCF,T:ASLI,SCSCF,I-500:SCSCF,ASLI,A:SCSCF,MTAS,I:MTAS,SCSCF,T:MTAS,SCSCF,I:SCSCF,MTAS,T:SCSCF,MTAS,I-480:MTAS,SCSCF,A:MTAS,SCSCF,S:ICSCF,GTW,S:GTW,SCSCF,P:SCSCF,MTAS,P:MTAS,SCSCF,P-200:SCSCF,GTW,P-200:MTAS,SCSCF,P-200:MTAS,SCSCF,I-480:SCSCF,MTAS,A:ICSCF,GTW,I-480:GTW,ICSCF,A:GTW,ICSCF,I:ICSCF,GTW,T:SCSCF,ASLI,I:ASLI,SCSCF,T:ASLI,SCSCF,I-500:SCSCF,ASLI,A:SCSCF,MTAS,I:MTAS,SCSCF,T:MTAS,SCSCF,I:SCSCF,MTAS,T:SCSCF,MTAS,I-480:MTAS,SCSCF,A:MTAS,SCSCF,S:ICSCF,GTW,S:SCSCF,MTAS,P:GTW,SCSCF,P:SCSCF,MTAS,P:MTAS,SCSCF,P-200:SCSCF,GTW,P-200:MTAS,SCSCF,I-480:SCSCF,MTAS,A:ICSCF,GTW,I-480:GTW,ICSCF,A:GTW,ICSCF,I:ICSCF,GTW,T:SCSCF,ASLI,I:ASLI,SCSCF,T:ASLI,SCSCF,I-500:SCSCF,ASLI,A:SCSCF,MTAS,I:MTAS,SCSCF,T:MTAS,SCSCF,S:ICSCF,GTW,S:GTW,SCSCF,P:SCSCF,MTAS,P:MTAS,SCSCF,P-200:SCSCF,GTW,P-200:MTAS,SCSCF,I-480:SCSCF,MTAS,A:ICSCF,GTW,I-480:GTW,ICSCF,A"
929,929,1,0,36,-1.4034602498658049,-1.3978001552740595,53,0,"PCSCF,SCSCF,I:SCSCF,PCSCF,T:SCSCF,PCSCF,I-407:PCSCF,SCSCF,A:PCSCF,SCSCF,I:SCSCF,ASLI,I:ASLI,SCSCF,T:ASLI,SCSCF,I-500:SCSCF,ASLI,A:MTAS,SCSCF,I:SCSCF,MTAS,T:SCSCF,GTW,I:GTW,SCSCF,T:GTW,SCSCF,S:SCSCF,MTAS,S:GTW,SCSCF,S:SCSCF,MTAS,S:GTW,SCSCF,S:SCSCF,MTAS,S:SCSCF,PCSCF,S:GTW,SCSCF,S:SCSCF,MTAS,S:SCSCF,PCSCF,S:GTW,SCSCF,S:SCSCF,MTAS,S:SCSCF,PCSCF,S:GTW,SCSCF,S:SCSCF,MTAS,S:GTW,SCSCF,I-500:SCSCF,MTAS,I-500:SCSCF,GTW,A:MTAS,SCSCF,A"
930,930,1,1,6,-1.6967869420730002,-1.670978271533606,14,0,"GTW,ICSCF,I:ICSCF,GTW,T:ICSCF,SCSCF,I:SCSCF,ICSCF,T:SCSCF,ICSCF,W:ICSCF,GTW,W"
931,931,1,1,26,-1.5738271679568763,-1.563907719346272,190,0,"MTAS,SCSCF,I:MTAS,SCSCF,A:GTW,ICSCF,I:ICSCF,GTW,T:SCSCF,ASLI,I:ASLI,SCSCF,T:ASLI,SCSCF,I-500:SCSCF,MTAS,I:SCSCF,ASLI,A:MTAS,SCSCF,T:MTAS,SCSCF,S:ICSCF,GTW,S:SCSCF,MTAS,P:GTW,SCSCF,P:SCSCF,MTAS,P:MTAS,SCSCF,P-200:SCSCF,GTW,P-200:MTAS,SCSCF,I-480:SCSCF,MTAS,A:ICSCF,GTW,I-480:GTW,ICSCF,A"
932,932,1,1,18,-1.589043852208615,-1.5798052167787668,302,0,"PCSCF,SCSCF,I:SCSCF,PCSCF,T:PCSCF,SCSCF,A:SCSCF,PCSCF,I-407:PCSCF,SCSCF,I:SCSCF,PCSCF,T:SCSCF,ASLI,I:ASLI,SCSCF,T:ASLI,SCSCF,I-500:SCSCF,ASLI,A:SCSCF,MTAS,I:MTAS,SCSCF,I:MTAS,SCSCF,T:SCSCF,MTAS,T:SCSCF,GTW,I:GTW,SCSCF,T"
933,933,1,0,44,-1.1928210994308932,-1.1903880143446823,170,0,"ICSCF,SCSCF,I:SCSCF,ICSCF,T:SCSCF,BCCAS,I:BCCAS,SCSCF,T:BCCAS,SCSCF,I:SCSCF,ASLI,I:ASLI,SCSCF,T:ASLI,SCSCF,I-500:SCSCF,ASLI,A:SCSCF,GTW,I:GTW,SCSCF,T:GTW,SCSCF,S:SCSCF,BCCAS,S:BCCAS,SCSCF,S:SCSCF,ICSCF,S:IBCF,SCSCF,P:SCSCF,BCCAS,P:BCCAS,SCSCF,P:SCSCF,GTW,P:GTW,SCSCF,P-200:GTW,SCSCF,S:SCSCF,BCCAS,S:SCSCF,BCCAS,P-200:BCCAS,SCSCF,S:SCSCF,ICSCF,S:SCSCF,IBCF,P-200:BCCAS,SCSCF,P-200:IBCF,SCSCF,P:SCSCF,BCCAS,P:BCCAS,SCSCF,P:SCSCF,GTW,P:GTW,SCSCF,P-200:SCSCF,BCCAS,P-200:BCCAS,SCSCF,P-200:SCSCF,IBCF,P-200"
934,934,1,0,29,-0.39562187355667044,-0.39497535097482295,5,0,"SCSCF,ICSCF,I:ICSCF,SCSCF,T:SCSCF,ASLI,I:ASLI,SCSCF,T:ASLI,SCSCF,I-500:SCSCF,ASLI,A:SCSCF,MTAS,I:MTAS,SCSCF,T:MTAS,SCSCF,I:SCSCF,MTAS,T:SCSCF,PCSCF,I:PCSCF,SCSCF,T:PCSCF,SCSCF,R:SCSCF,MTAS,R:MTAS,SCSCF,R:ICSCF,SCSCF,R:SCSCF,SCSCF,P:SCSCF,MTAS,P:MTAS,SCSCF,P:SCSCF,PCSCF,P:SCSCF,MTAS,P-200:PCSCF,SCSCF,P-200:MTAS,SCSCF,P-200:SCSCF,SCSCF,P-200"
935,935,1,1,16,-1.4592048512501374,-1.4140267153500015,24,0,"PCSCF,SCSCF,I:SCSCF,PCSCF,T:SCSCF,PCSCF,I-407:PCSCF,SCSCF,A:PCSCF,SCSCF,I:SCSCF,ASLI,I:SCSCF,PCSCF,T:ASLI,SCSCF,T:ASLI,SCSCF,I-500:SCSCF,ASLI,A:SCSCF,MTAS,I:MTAS,SCSCF,T:SCSCF,GTW,I:GTW,SCSCF,T"
936,936,1,0,114,-1.0339632694448493,-1.0339196975310738,190,0,"MTAS,SCSCF,I:MTAS,SCSCF,A:GTW,ICSCF,I:ICSCF,GTW,T:SCSCF,ASLI,I:ASLI,SCSCF,T:ASLI,SCSCF,I-500:SCSCF,ASLI,A:SCSCF,MTAS,I:MTAS,SCSCF,T:MTAS,SCSCF,S:ICSCF,GTW,S:GTW,SCSCF,P:SCSCF,MTAS,P:MTAS,SCSCF,P-200:SCSCF,GTW,P-200:MTAS,SCSCF,P-200:MTAS,SCSCF,I-480:SCSCF,MTAS,A:ICSCF,GTW,I-480:GTW,ICSCF,A:GTW,ICSCF,I:ICSCF,GTW,T:SCSCF,ASLI,I:ASLI,SCSCF,T:ASLI,SCSCF,I-500:SCSCF,ASLI,A:SCSCF,MTAS,I:MTAS,SCSCF,T:MTAS,SCSCF,I:SCSCF,MTAS,T:SCSCF,MTAS,I-480:MTAS,SCSCF,A:MTAS,SCSCF,S:ICSCF,GTW,S:GTW,SCSCF,P:SCSCF,MTAS,P:MTAS,SCSCF,P-200:SCSCF,GTW,P-200:MTAS,SCSCF,I-480:SCSCF,MTAS,A:ICSCF,GTW,I-480:GTW,ICSCF,A:GTW,ICSCF,I:ICSCF,GTW,T:SCSCF,ASLI,I:ASLI,SCSCF,T:ASLI,SCSCF,I-500:SCSCF,ASLI,A:SCSCF,MTAS,I:MTAS,SCSCF,T:MTAS,SCSCF,I:MTAS,SCSCF,A:SCSCF,MTAS,T:SCSCF,MTAS,I-480:MTAS,SCSCF,S:ICSCF,GTW,S:SCSCF,MTAS,P:GTW,SCSCF,P:SCSCF,MTAS,P:MTAS,SCSCF,P-200:SCSCF,GTW,P-200:MTAS,SCSCF,P-200:MTAS,SCSCF,I-480:SCSCF,MTAS,A:ICSCF,GTW,I-480:GTW,ICSCF,A:GTW,ICSCF,I:ICSCF,GTW,T:SCSCF,ASLI,I:ASLI,SCSCF,T:ASLI,SCSCF,I-500:SCSCF,ASLI,A:SCSCF,MTAS,I:MTAS,SCSCF,T:MTAS,SCSCF,I:SCSCF,MTAS,T:SCSCF,MTAS,I-480:MTAS,SCSCF,A:MTAS,SCSCF,S:ICSCF,GTW,S:GTW,SCSCF,P:SCSCF,MTAS,P:MTAS,SCSCF,P-200:SCSCF,GTW,P-200:MTAS,SCSCF,I-480:SCSCF,MTAS,A:ICSCF,GTW,I-480:GTW,ICSCF,A"
937,937,1,0,129,-1.3873950089413232,-1.3288479916656228,65,0,"MTAS,SCSCF,I:MTAS,SCSCF,A:GTW,ICSCF,I:ICSCF,GTW,T:SCSCF,ASLI,I:ASLI,SCSCF,T:ASLI,SCSCF,I-500:SCSCF,MTAS,I:MTAS,SCSCF,T:SCSCF,ASLI,A:MTAS,SCSCF,I:SCSCF,MTAS,T:SCSCF,MTAS,I-480:MTAS,SCSCF,A:MTAS,SCSCF,S:ICSCF,GTW,S:GTW,SCSCF,P:SCSCF,MTAS,P:MTAS,SCSCF,P-200:SCSCF,GTW,P-200:MTAS,SCSCF,P-200:MTAS,SCSCF,I-480:SCSCF,MTAS,A:ICSCF,GTW,I-480:GTW,ICSCF,A:GTW,ICSCF,I:ICSCF,GTW,T:SCSCF,ASLI,I:ASLI,SCSCF,T:ASLI,SCSCF,I-500:SCSCF,ASLI,A:SCSCF,MTAS,I:MTAS,SCSCF,T:MTAS,SCSCF,I:SCSCF,MTAS,T:SCSCF,MTAS,I-480:MTAS,SCSCF,A:MTAS,SCSCF,S:ICSCF,GTW,S:GTW,SCSCF,P:SCSCF,MTAS,P:MTAS,SCSCF,P-200:SCSCF,GTW,P-200:GTW,ICSCF,C:ICSCF,GTW,C-200:SCSCF,MTAS,C:MTAS,SCSCF,C-200:ICSCF,GTW,I-487:MTAS,SCSCF,I-487:SCSCF,MTAS,A:GTW,ICSCF,A:GTW,ICSCF,I:ICSCF,GTW,T:SCSCF,ASLI,I:ASLI,SCSCF,T:ASLI,SCSCF,I-500:SCSCF,ASLI,A:SCSCF,MTAS,I:MTAS,SCSCF,T:MTAS,SCSCF,I:SCSCF,MTAS,T:MTAS,SCSCF,A:SCSCF,MTAS,I-480:ICSCF,GTW,S:MTAS,SCSCF,S:SCSCF,MTAS,P:GTW,SCSCF,P:SCSCF,MTAS,P:MTAS,SCSCF,P-200:SCSCF,GTW,P-200:MTAS,SCSCF,I-480:ICSCF,GTW,I-480:SCSCF,MTAS,A:GTW,ICSCF,A:GTW,ICSCF,I:ICSCF,GTW,T:SCSCF,ASLI,I:ASLI,SCSCF,T:ASLI,SCSCF,I-500:SCSCF,ASLI,A:SCSCF,MTAS,I:MTAS,SCSCF,T:MTAS,SCSCF,I:SCSCF,MTAS,T:SCSCF,MTAS,I-480:MTAS,SCSCF,A:MTAS,SCSCF,S:ICSCF,GTW,S:GTW,SCSCF,P:SCSCF,MTAS,P:MTAS,SCSCF,P-200:SCSCF,GTW,P-200:GTW,ICSCF,C:ICSCF,GTW,C-200:SCSCF,MTAS,C:MTAS,SCSCF,C-200:MTAS,SCSCF,I-487:SCSCF,MTAS,A:ICSCF,GTW,I-487:GTW,ICSCF,A"
938,938,1,0,37,-1.2096288200608023,-1.2057594478016405,248,0,"MTAS,SCSCF,I:MTAS,SCSCF,A:GTW,ICSCF,I:ICSCF,GTW,T:SCSCF,ASLI,I:ASLI,SCSCF,T:ASLI,SCSCF,I-500:SCSCF,ASLI,A:SCSCF,MTAS,I:MTAS,SCSCF,T:MTAS,SCSCF,I:SCSCF,MTAS,T:SCSCF,MTAS,I-480:MTAS,SCSCF,A:MTAS,SCSCF,S:ICSCF,GTW,S:SCSCF,MTAS,P:GTW,SCSCF,P:SCSCF,MTAS,P:MTAS,SCSCF,P-200:SCSCF,GTW,P-200:GTW,ICSCF,C:ICSCF,GTW,C-200:SCSCF,MTAS,C:MTAS,SCSCF,C-200:MTAS,SCSCF,I-487:SCSCF,MTAS,A:ICSCF,GTW,I-487:GTW,ICSCF,A"
939,939,1,1,36,-1.7374637711391272,-1.7012255405328347,248,0,"MTAS,SCSCF,I:MTAS,SCSCF,A:GTW,ICSCF,I:ICSCF,GTW,T:SCSCF,ASLI,I:ASLI,SCSCF,T:ASLI,SCSCF,I-500:SCSCF,ASLI,A:SCSCF,MTAS,I:MTAS,SCSCF,T:MTAS,SCSCF,I:SCSCF,MTAS,T:MTAS,SCSCF,A:SCSCF,MTAS,I-480:ICSCF,GTW,S:MTAS,SCSCF,S:GTW,SCSCF,P:SCSCF,MTAS,P:MTAS,SCSCF,P-200:SCSCF,GTW,P-200:ICSCF,GTW,C-200:SCSCF,MTAS,C:GTW,ICSCF,C:MTAS,SCSCF,C-200:MTAS,SCSCF,I-487:ICSCF,GTW,I-487:SCSCF,MTAS,A:GTW,ICSCF,A"
940,940,1,0,28,-0.38706612267781104,-0.38623301348099964,5,0,"PCSCF,SCSCF,I:SCSCF,PCSCF,T:SCSCF,ASLI,I:ASLI,SCSCF,T:ASLI,SCSCF,I-500:SCSCF,ASLI,A:MTAS,SCSCF,I:SCSCF,MTAS,T:SCSCF,GTW,I:GTW,SCSCF,T:SCSCF,MTAS,R:GTW,SCSCF,R:SCSCF,PCSCF,R:PCSCF,SCSCF,P:SCSCF,MTAS,P:MTAS,SCSCF,P:SCSCF,GTW,P:GTW,SCSCF,P-200:SCSCF,MTAS,P-200:MTAS,SCSCF,P-200:SCSCF,PCSCF,P-200:MTAS,SCSCF,P-200"
941,941,1,0,13,-1.4625081967380014,-1.3350777540212075,100,0,"SCSCF,ICSCF,I:ICSCF,SCSCF,T:SCSCF,ASLI,I:ASLI,SCSCF,T:ASLI,SCSCF,I-500:SCSCF,ASLI,A:SCSCF,BCCAS,I:BCCAS,SCSCF,T:BCCAS,SCSCF,I:SCSCF,BCCAS,I-480:BCCAS,SCSCF,A"
942,942,1,0,26,-0.40976410367896077,-0.40886686495762514,5,0,"ICSCF,SCSCF,I:SCSCF,ICSCF,T:SCSCF,ASLI,I:ASLI,SCSCF,T:ASLI,SCSCF,I-500:SCSCF,ASLI,A:SCSCF,MTAS,I:MTAS,SCSCF,T:SCSCF,PCSCF,I:PCSCF,SCSCF,T:PCSCF,SCSCF,R:SCSCF,MTAS,R:MTAS,SCSCF,R:SCSCF,ICSCF,R:GTW,SCSCF,P:SCSCF,MTAS,P:SCSCF,PCSCF,P:PCSCF,SCSCF,P-200:SCSCF,MTAS,P-200:MTAS,SCSCF,P-200:SCSCF,GTW,P-200"
943,943,1,0,29,-0.39562187355667044,-0.39497535097482295,5,0,"ICSCF,SCSCF,I:SCSCF,ICSCF,T:SCSCF,ASLI,I:ASLI,SCSCF,T:ASLI,SCSCF,I-500:SCSCF,ASLI,A:SCSCF,MTAS,I:MTAS,SCSCF,T:MTAS,SCSCF,I:SCSCF,MTAS,T:SCSCF,PCSCF,I:PCSCF,SCSCF,T:PCSCF,SCSCF,R:SCSCF,MTAS,R:MTAS,SCSCF,R:SCSCF,ICSCF,R:SCSCF,SCSCF,P:SCSCF,MTAS,P:SCSCF,PCSCF,P:MTAS,SCSCF,P:PCSCF,SCSCF,P-200:SCSCF,MTAS,P-200:MTAS,SCSCF,P-200:SCSCF,SCSCF,P-200"
944,944,1,1,2,-4.811579681130778,-2.7815408733940106,5,0,"SCSCF,PCSCF,I:SCSCF,PCSCF,P"
945,945,1,1,7,-1.7618862727882794,-1.635783115953697,226,0,"PCSCF,SCSCF,I:SCSCF,ASLI,I:SCSCF,PCSCF,T:ASLI,SCSCF,T:ASLI,SCSCF,I-500:SCSCF,ASLI,A"
946,946,1,0,23,-0.4321005200581084,-0.4306878565667483,5,0,"PCSCF,SCSCF,I:SCSCF,PCSCF,T:SCSCF,ASLI,I:ASLI,SCSCF,T:ASLI,SCSCF,I-500:SCSCF,ASLI,A:MTAS,SCSCF,I:SCSCF,MTAS,T:ICSCF,SCSCF,I:SCSCF,ICSCF,T:SCSCF,ICSCF,R:SCSCF,MTAS,R:SCSCF,PCSCF,R:PCSCF,SCSCF,P:MTAS,SCSCF,P:SCSCF,SCSCF,P:SCSCF,SCSCF,P-200:SCSCF,MTAS,P-200:SCSCF,PCSCF,P-200"
947,947,1,0,37,-1.0594672673093624,-1.0582441687455229,24,0,"PCSCF,SCSCF,I:SCSCF,PCSCF,T:SCSCF,PCSCF,I-407:PCSCF,SCSCF,A:PCSCF,SCSCF,I:SCSCF,PCSCF,T:SCSCF,ASLI,I:ASLI,SCSCF,T:SCSCF,ASLI,A:ASLI,SCSCF,I-500:MTAS,SCSCF,I:SCSCF,MTAS,T:SCSCF,ASLI,I:ASLI,SCSCF,T:ASLI,SCSCF,I-500:SCSCF,ASLI,A:MTAS,SCSCF,I:SCSCF,MTAS,T:SCSCF,PCSCF,I:PCSCF,SCSCF,T:PCSCF,SCSCF,R:SCSCF,MTAS,R:SCSCF,PCSCF,R:PCSCF,SCSCF,P:MTAS,SCSCF,P:SCSCF,PCSCF,P:SCSCF,MTAS,P-200:PCSCF,SCSCF,P-200:SCSCF,MTAS,P-200:SCSCF,PCSCF,P-200"
948,948,1,0,26,-1.0944607756090339,-1.0382172522390358,11,0,"SCSCF,ICSCF,I:ICSCF,SCSCF,T:SCSCF,ASLI,I:ASLI,SCSCF,T:ASLI,SCSCF,I-500:SCSCF,MTAS,I:MTAS,SCSCF,T:SCSCF,ASLI,A:SCSCF,PCSCF,I:PCSCF,SCSCF,T:PCSCF,SCSCF,R:SCSCF,MTAS,R:MTAS,SCSCF,R:ICSCF,SCSCF,R:SCSCF,SCSCF,P:SCSCF,MTAS,P:SCSCF,PCSCF,P:PCSCF,SCSCF,P-200:SCSCF,MTAS,P-200:MTAS,SCSCF,P-200:SCSCF,SCSCF,P-200"
949,949,1,1,9,-1.745121164728034,-1.7175182556662463,14,0,"IBCF,ICSCF,I:ICSCF,IBCF,T:ICSCF,SCSCF,I:SCSCF,ICSCF,T:SCSCF,BCCAS,I:BCCAS,SCSCF,T:BCCAS,SCSCF,W:SCSCF,ICSCF,W:ICSCF,IBCF,W"
950,950,1,0,13,-1.561703432840047,-1.3545931574931571,25,0,"IBCF,ICSCF,I:ICSCF,IBCF,T:SCSCF,BCCAS,I:BCCAS,SCSCF,T:BCCAS,SCSCF,I:SCSCF,ASLI,I:ASLI,SCSCF,T:ASLI,SCSCF,I-500:SCSCF,ASLI,A:SCSCF,BCCAS,T:SCSCF,GTW,I:GTW,SCSCF,T"
951,951,1,0,50,-1.259255516395089,-1.258757043427015,356,0,"MTAS,SCSCF,I:MTAS,SCSCF,A:PCSCF,SCSCF,I:SCSCF,PCSCF,T:SCSCF,ASLI,I:ASLI,SCSCF,T:ASLI,SCSCF,I-500:SCSCF,ASLI,A:MTAS,SCSCF,I:SCSCF,MTAS,I-404:MTAS,SCSCF,A:SCSCF,PCSCF,S:PCSCF,SCSCF,P:SCSCF,PCSCF,P-200:PCSCF,SCSCF,C:SCSCF,PCSCF,C-200:SCSCF,PCSCF,I-404:PCSCF,SCSCF,A:PCSCF,SCSCF,I:SCSCF,PCSCF,T:SCSCF,PCSCF,I-407:PCSCF,SCSCF,A:PCSCF,SCSCF,I:SCSCF,PCSCF,T:SCSCF,ASLI,I:ASLI,SCSCF,T:ASLI,SCSCF,I-500:SCSCF,ASLI,A:MTAS,SCSCF,I:SCSCF,MTAS,T:SCSCF,MTAS,I-404:MTAS,SCSCF,A:SCSCF,PCSCF,S:PCSCF,SCSCF,P:SCSCF,PCSCF,P-200:PCSCF,SCSCF,C:SCSCF,PCSCF,C-200:SCSCF,PCSCF,I-404:PCSCF,SCSCF,A"
952,952,1,0,26,-1.3679079392068998,-1.356404422560278,190,0,"GTW,ICSCF,I:ICSCF,GTW,T:SCSCF,ASLI,I:ASLI,SCSCF,T:ASLI,SCSCF,I-500:SCSCF,ASLI,A:SCSCF,MTAS,I:MTAS,SCSCF,T:MTAS,SCSCF,I:SCSCF,MTAS,T:SCSCF,MTAS,I-480:MTAS,SCSCF,A:MTAS,SCSCF,S:ICSCF,GTW,S:GTW,SCSCF,P:SCSCF,MTAS,P:MTAS,SCSCF,P-200:SCSCF,GTW,P-200:MTAS,SCSCF,I-480:SCSCF,MTAS,A:GTW,ICSCF,A"
953,953,1,0,22,-1.1954939551434063,-1.101773788584428,37,0,"ICSCF,SCSCF,I:SCSCF,ICSCF,T:SCSCF,BCCAS,I:BCCAS,SCSCF,T:BCCAS,SCSCF,I:SCSCF,ASLI,I:ASLI,SCSCF,T:ASLI,SCSCF,I-500:SCSCF,ASLI,A:SCSCF,ASLI,I:ASLI,SCSCF,T:ASLI,SCSCF,I-500:SCSCF,ASLI,A:SCSCF,BCCAS,I:BCCAS,SCSCF,T:BCCAS,SCSCF,I:SCSCF,BCCAS,T:SCSCF,BCCAS,I-480:BCCAS,SCSCF,A"
954,954,1,0,27,-0.8441740112216632,-0.8402241495089704,302,0,"GTW,ICSCF,I:ICSCF,GTW,T:SCSCF,ASLI,I:ASLI,SCSCF,T:ASLI,SCSCF,I-500:SCSCF,ASLI,A:SCSCF,MTAS,I:MTAS,SCSCF,I:MTAS,SCSCF,T:SCSCF,MTAS,T:SCSCF,PCSCF,I:PCSCF,SCSCF,T:SCSCF,MTAS,R:MTAS,SCSCF,R:GTW,SCSCF,P:SCSCF,MTAS,P:MTAS,SCSCF,P:SCSCF,PCSCF,P:SCSCF,MTAS,P-200:MTAS,SCSCF,P-200:SCSCF,GTW,P-200:PCSCF,SCSCF,P-200"
955,955,1,1,4,-3.7972016677973164,-2.813981687606449,65,0,"MTAS,SCSCF,I:MTAS,SCSCF,A:MTAS,SCSCF,I:MTAS,SCSCF,A"
956,956,1,0,27,-1.2343852085081228,-1.2020034505352084,25,0,"ICSCF,SCSCF,I:SCSCF,ICSCF,T:SCSCF,ASLI,I:ASLI,SCSCF,T:SCSCF,ASLI,A:ASLI,SCSCF,I-500:SCSCF,MTAS,I:MTAS,SCSCF,T:SCSCF,PCSCF,I:SCSCF,MTAS,T:PCSCF,SCSCF,T:PCSCF,SCSCF,R:SCSCF,MTAS,R:MTAS,SCSCF,R:SCSCF,ICSCF,R:SCSCF,SCSCF,P:SCSCF,MTAS,P:SCSCF,PCSCF,P:PCSCF,SCSCF,P-200:SCSCF,MTAS,P-200:MTAS,SCSCF,P-200:SCSCF,SCSCF,P-200"
957,957,1,0,43,-0.7713205308395815,-0.7446190343982233,113,0,"PCSCF,SCSCF,I:SCSCF,ASLI,I:ASLI,SCSCF,T:ASLI,SCSCF,I-500:SCSCF,ASLI,A:SCSCF,MTAS,I:MTAS,SCSCF,T:MTAS,SCSCF,I:SCSCF,MTAS,T:SCSCF,PCSCF,T:SCSCF,ASLI,I:ASLI,SCSCF,T:ASLI,SCSCF,I-500:SCSCF,ASLI,A:SCSCF,MTAS,I:MTAS,SCSCF,T:SCSCF,PCSCF,I:PCSCF,SCSCF,T:PCSCF,SCSCF,R:SCSCF,MTAS,R:MTAS,SCSCF,R:SCSCF,MTAS,R:MTAS,SCSCF,R:SCSCF,PCSCF,R:PCSCF,SCSCF,P:SCSCF,MTAS,P:MTAS,SCSCF,P:SCSCF,MTAS,P:SCSCF,PCSCF,P:PCSCF,SCSCF,P-200:SCSCF,MTAS,P-200:MTAS,SCSCF,P-200:SCSCF,MTAS,P-200:MTAS,SCSCF,P-200:SCSCF,PCSCF,P-200"
958,958,1,0,28,-0.9591707047354306,-0.9563942352232389,49,0,"ICSCF,SCSCF,I:SCSCF,ASLI,I:ASLI,SCSCF,T:ASLI,SCSCF,I-500:SCSCF,MTAS,I:SCSCF,ASLI,A:MTAS,SCSCF,T:SCSCF,ICSCF,T:MTAS,SCSCF,I:SCSCF,MTAS,T:SCSCF,PCSCF,I:PCSCF,SCSCF,T:PCSCF,SCSCF,R:SCSCF,MTAS,R:MTAS,SCSCF,R:SCSCF,ICSCF,R:SCSCF,MTAS,P:MTAS,SCSCF,P:SCSCF,PCSCF,P:PCSCF,SCSCF,P-200:SCSCF,MTAS,P-200:MTAS,SCSCF,P-200:SCSCF,SCSCF,P-200"
959,959,1,0,169,-1.0516616370870977,-1.0514426282562686,190,0,"MTAS,SCSCF,I:MTAS,SCSCF,A:GTW,ICSCF,I:ICSCF,GTW,T:SCSCF,ASLI,I:ASLI,SCSCF,T:ASLI,SCSCF,I-500:SCSCF,ASLI,A:SCSCF,MTAS,I:MTAS,SCSCF,T:MTAS,SCSCF,I:SCSCF,MTAS,T:SCSCF,MTAS,I-480:MTAS,SCSCF,A:MTAS,SCSCF,S:ICSCF,GTW,S:SCSCF,MTAS,P:GTW,SCSCF,P:SCSCF,MTAS,P:MTAS,SCSCF,P-200:SCSCF,GTW,P-200:MTAS,SCSCF,I-480:SCSCF,MTAS,A:ICSCF,GTW,I-480:GTW,ICSCF,A:GTW,ICSCF,I:ICSCF,GTW,T:SCSCF,ASLI,I:ASLI,SCSCF,T:SCSCF,ASLI,A:ASLI,SCSCF,I-500:SCSCF,MTAS,I:MTAS,SCSCF,T:MTAS,SCSCF,S:ICSCF,GTW,S:SCSCF,MTAS,P:GTW,SCSCF,P:SCSCF,MTAS,P:MTAS,SCSCF,P-200:SCSCF,GTW,P-200:MTAS,SCSCF,P-200:MTAS,SCSCF,I-480:SCSCF,MTAS,A:ICSCF,GTW,I-480:GTW,ICSCF,A:GTW,ICSCF,I:ICSCF,GTW,T:SCSCF,ASLI,I:ASLI,SCSCF,T:ASLI,SCSCF,I-500:SCSCF,ASLI,A:SCSCF,MTAS,I:MTAS,SCSCF,T:MTAS,SCSCF,I:SCSCF,MTAS,T:SCSCF,MTAS,I-480:MTAS,SCSCF,A:MTAS,SCSCF,S:ICSCF,GTW,S:GTW,SCSCF,P:SCSCF,MTAS,P:MTAS,SCSCF,P-200:SCSCF,GTW,P-200:MTAS,SCSCF,P-200:MTAS,SCSCF,I-480:SCSCF,MTAS,A:ICSCF,GTW,I-480:GTW,ICSCF,A:GTW,ICSCF,I:ICSCF,GTW,T:SCSCF,ASLI,I:ASLI,SCSCF,T:ASLI,SCSCF,I-500:SCSCF,MTAS,I:MTAS,SCSCF,T:SCSCF,ASLI,A:MTAS,SCSCF,I:SCSCF,MTAS,T:SCSCF,MTAS,I-480:MTAS,SCSCF,A:MTAS,SCSCF,S:ICSCF,GTW,S:SCSCF,MTAS,P:GTW,SCSCF,P:SCSCF,MTAS,P:MTAS,SCSCF,P-200:SCSCF,GTW,P-200:MTAS,SCSCF,I-480:SCSCF,MTAS,A:ICSCF,GTW,I-480:GTW,ICSCF,A:GTW,ICSCF,I:ICSCF,GTW,T:SCSCF,ASLI,I:ASLI,SCSCF,T:ASLI,SCSCF,I-500:SCSCF,ASLI,A:SCSCF,MTAS,I:MTAS,SCSCF,T:MTAS,SCSCF,I:SCSCF,MTAS,T:SCSCF,MTAS,I-480:MTAS,SCSCF,A:MTAS,SCSCF,S:ICSCF,GTW,S:GTW,SCSCF,P:SCSCF,MTAS,P:MTAS,SCSCF,P-200:SCSCF,GTW,P-200:MTAS,SCSCF,I-480:SCSCF,MTAS,A:ICSCF,GTW,I-480:GTW,ICSCF,A:GTW,ICSCF,I:ICSCF,GTW,T:SCSCF,ASLI,I:ASLI,SCSCF,T:ASLI,SCSCF,I-500:SCSCF,ASLI,A:SCSCF,MTAS,I:MTAS,SCSCF,T:MTAS,SCSCF,S:ICSCF,GTW,S:GTW,SCSCF,P:SCSCF,MTAS,P:MTAS,SCSCF,P-200:SCSCF,GTW,P-200:MTAS,SCSCF,I-480:SCSCF,MTAS,A:ICSCF,GTW,I-480:GTW,ICSCF,A:MTAS,SCSCF,I:MTAS,SCSCF,A"
960,960,1,1,35,-1.608817279348425,-1.5611928382637774,248,0,"MTAS,SCSCF,I:MTAS,SCSCF,A:GTW,ICSCF,I:SCSCF,ASLI,I:ASLI,SCSCF,T:ASLI,SCSCF,I-500:SCSCF,ASLI,A:SCSCF,MTAS,I:MTAS,SCSCF,T:MTAS,SCSCF,I:SCSCF,MTAS,T:SCSCF,MTAS,I-480:MTAS,SCSCF,A:MTAS,SCSCF,S:ICSCF,GTW,S:GTW,SCSCF,P:SCSCF,MTAS,P:MTAS,SCSCF,P-200:SCSCF,GTW,P-200:GTW,ICSCF,C:ICSCF,GTW,C-200:SCSCF,MTAS,C:MTAS,SCSCF,C-200:MTAS,SCSCF,I-487:ICSCF,GTW,I-487:SCSCF,MTAS,A:GTW,ICSCF,A"
961,961,1,0,18,-1.367526663441783,-1.3177843510985356,24,0,"PCSCF,SCSCF,I:SCSCF,PCSCF,T:SCSCF,PCSCF,I-407:PCSCF,SCSCF,A:PCSCF,SCSCF,I:SCSCF,PCSCF,T:SCSCF,ASLI,I:ASLI,SCSCF,T:ASLI,SCSCF,I-500:SCSCF,MTAS,I:MTAS,SCSCF,T:MTAS,SCSCF,I:SCSCF,MTAS,T:SCSCF,ASLI,A:SCSCF,GTW,I:GTW,SCSCF,T"
962,962,1,0,37,-1.435757319857259,-1.3872415251419599,323,0,"MTAS,SCSCF,I:MTAS,SCSCF,A:GTW,ICSCF,I:ICSCF,GTW,T:SCSCF,ASLI,I:ASLI,SCSCF,T:ASLI,SCSCF,I-500:SCSCF,ASLI,A:SCSCF,MTAS,I:MTAS,SCSCF,T:MTAS,SCSCF,I:SCSCF,MTAS,T:SCSCF,MTAS,I-480:MTAS,SCSCF,A:MTAS,SCSCF,S:ICSCF,GTW,S:SCSCF,MTAS,P:GTW,SCSCF,P:SCSCF,MTAS,P:MTAS,SCSCF,P-200:SCSCF,GTW,P-200:GTW,ICSCF,C:ICSCF,GTW,C-200:SCSCF,MTAS,C:MTAS,SCSCF,C-200:MTAS,SCSCF,I-487:ICSCF,GTW,I-487:SCSCF,MTAS,A:GTW,ICSCF,A"
963,963,1,0,41,-1.1337547245193536,-1.0810866000216701,110,0,"PCSCF,SCSCF,I:SCSCF,PCSCF,T:SCSCF,ASLI,I:ASLI,SCSCF,T:ASLI,SCSCF,I-500:SCSCF,ASLI,A:MTAS,SCSCF,I:SCSCF,MTAS,T:SCSCF,GTW,I:GTW,SCSCF,T:GTW,SCSCF,S:SCSCF,MTAS,S:SCSCF,PCSCF,S:PCSCF,SCSCF,P:MTAS,SCSCF,P:SCSCF,GTW,P:GTW,SCSCF,P-200:SCSCF,MTAS,P-200:SCSCF,PCSCF,P-200:GTW,SCSCF,R:SCSCF,MTAS,R:SCSCF,PCSCF,R:PCSCF,SCSCF,P:MTAS,SCSCF,P:SCSCF,GTW,P:GTW,SCSCF,P-200:SCSCF,MTAS,P-200:SCSCF,PCSCF,P-200:SCSCF,GTW,A:GTW,SCSCF,I-480:SCSCF,MTAS,I-480:MTAS,SCSCF,A"
964,964,1,1,6,-2.1458325403009075,-1.6627893731638457,5,0,"MTAS,SCSCF,I:MTAS,SCSCF,A:SCSCF,ASLI,I:ASLI,SCSCF,T:ASLI,SCSCF,I-500"
965,965,1,1,32,-1.444743084093906,-1.4244343700310647,248,0,"MTAS,SCSCF,I:MTAS,SCSCF,A:GTW,ICSCF,I:SCSCF,ASLI,I:ASLI,SCSCF,T:ASLI,SCSCF,I-500:SCSCF,MTAS,I:MTAS,SCSCF,T:SCSCF,ASLI,A:MTAS,SCSCF,S:ICSCF,GTW,S:GTW,SCSCF,P:SCSCF,MTAS,P:MTAS,SCSCF,P-200:SCSCF,GTW,P-200:MTAS,SCSCF,P-200:SCSCF,MTAS,C:ICSCF,GTW,C-200:GTW,ICSCF,C:MTAS,SCSCF,C-200:MTAS,SCSCF,I-487:SCSCF,MTAS,A:ICSCF,GTW,I-487:GTW,ICSCF,A"
966,966,1,0,60,-1.3910229357044948,-1.3909045051423552,190,0,"MTAS,SCSCF,I:MTAS,SCSCF,A:GTW,ICSCF,I:ICSCF,GTW,T:SCSCF,ASLI,I:ASLI,SCSCF,T:ASLI,SCSCF,I-500:SCSCF,ASLI,A:SCSCF,MTAS,I:MTAS,SCSCF,T:MTAS,SCSCF,I:SCSCF,MTAS,T:MTAS,SCSCF,A:SCSCF,MTAS,I-480:MTAS,SCSCF,S:ICSCF,GTW,S:GTW,SCSCF,P:SCSCF,MTAS,P:MTAS,SCSCF,P-200:SCSCF,GTW,P-200:MTAS,SCSCF,I-480:ICSCF,GTW,I-480:SCSCF,MTAS,A:GTW,ICSCF,A:GTW,ICSCF,I:ICSCF,GTW,T:SCSCF,ASLI,I:ASLI,SCSCF,T:ASLI,SCSCF,I-500:SCSCF,ASLI,A:SCSCF,MTAS,I:MTAS,SCSCF,T:MTAS,SCSCF,I:SCSCF,MTAS,T:SCSCF,MTAS,I-480:MTAS,SCSCF,A:MTAS,SCSCF,S:ICSCF,GTW,S:GTW,SCSCF,P:SCSCF,MTAS,P:MTAS,SCSCF,P-200:SCSCF,GTW,P-200:MTAS,SCSCF,P-200:SCSCF,MTAS,A:MTAS,SCSCF,I-480:ICSCF,GTW,I-480:GTW,ICSCF,A"
967,967,1,1,36,-1.8068212404512032,-1.7227400874228231,248,0,"MTAS,SCSCF,I:MTAS,SCSCF,A:GTW,ICSCF,I:ICSCF,GTW,T:SCSCF,ASLI,I:ASLI,SCSCF,T:ASLI,SCSCF,I-500:SCSCF,MTAS,I:SCSCF,ASLI,A:MTAS,SCSCF,T:MTAS,SCSCF,I:SCSCF,MTAS,T:SCSCF,MTAS,I-480:MTAS,SCSCF,A:MTAS,SCSCF,S:ICSCF,GTW,S:GTW,SCSCF,P:SCSCF,MTAS,P:MTAS,SCSCF,P-200:SCSCF,GTW,P-200:ICSCF,GTW,C-200:GTW,ICSCF,C:SCSCF,MTAS,C:MTAS,SCSCF,C-200:MTAS,SCSCF,I-487:SCSCF,MTAS,A:ICSCF,GTW,I-487:GTW,ICSCF,A"
968,968,1,0,9,-0.6826957326753915,-0.6572307095620779,5,0,"IBCF,ICSCF,I:ICSCF,IBCF,T:ICSCF,SCSCF,I:SCSCF,ICSCF,T:SCSCF,ICSCF,R:ICSCF,IBCF,R:IBCF,SCSCF,P:SCSCF,IBCF,P-200"
969,969,1,1,13,-2.211061545959245,-2.13648170790127,11,0,"ICSCF,SCSCF,I:SCSCF,ICSCF,T:SCSCF,BCCAS,I:BCCAS,SCSCF,T:BCCAS,SCSCF,I:SCSCF,ASLI,I:ASLI,SCSCF,T:SCSCF,BCCAS,T:SCSCF,ASLI,A:ASLI,SCSCF,I-500:SCSCF,GTW,I:GTW,SCSCF,T"
970,970,1,0,26,-0.40520892550555093,-0.4041936719419089,5,0,"PCSCF,SCSCF,I:SCSCF,PCSCF,T:SCSCF,ASLI,I:ASLI,SCSCF,T:ASLI,SCSCF,I-500:SCSCF,ASLI,A:MTAS,SCSCF,I:SCSCF,MTAS,T:SCSCF,GTW,I:GTW,SCSCF,T:GTW,SCSCF,R:SCSCF,MTAS,R:SCSCF,PCSCF,R:PCSCF,SCSCF,P:SCSCF,MTAS,P:MTAS,SCSCF,P:SCSCF,GTW,P:GTW,SCSCF,P-200:SCSCF,MTAS,P-200:MTAS,SCSCF,P-200:SCSCF,PCSCF,P-200"
971,971,1,1,6,-1.8692467697889665,-1.7670291434126728,10,0,"BCCAS,SCSCF,I:SCSCF,BCCAS,T:SCSCF,BCCAS,S:BCCAS,SCSCF,P:SCSCF,BCCAS,P-200"
972,972,1,0,13,-1.3064760639441082,-1.3032230508900935,11,0,"ICSCF,SCSCF,I:SCSCF,ICSCF,T:SCSCF,BCCAS,I:BCCAS,SCSCF,T:BCCAS,SCSCF,I:SCSCF,BCCAS,T:SCSCF,ASLI,I:ASLI,SCSCF,T:SCSCF,ASLI,A:ASLI,SCSCF,I-500:SCSCF,GTW,I:GTW,SCSCF,T"
973,973,1,0,63,-1.361114510807854,-1.331712106587387,76,0,"MTAS,SCSCF,I:MTAS,SCSCF,A:GTW,ICSCF,I:SCSCF,ASLI,I:ASLI,SCSCF,T:ASLI,SCSCF,I-500:SCSCF,ASLI,A:SCSCF,MTAS,I:MTAS,SCSCF,T:MTAS,SCSCF,I:SCSCF,MTAS,T:SCSCF,MTAS,I-480:MTAS,SCSCF,A:MTAS,SCSCF,S:ICSCF,GTW,S:GTW,SCSCF,P:SCSCF,MTAS,P:MTAS,SCSCF,P-200:SCSCF,GTW,P-200:MTAS,SCSCF,I-480:SCSCF,MTAS,A:ICSCF,GTW,I-480:GTW,ICSCF,A:GTW,ICSCF,I:ICSCF,GTW,T:SCSCF,ASLI,I:ASLI,SCSCF,T:ASLI,SCSCF,I-500:SCSCF,ASLI,A:SCSCF,MTAS,I:MTAS,SCSCF,T:MTAS,SCSCF,I:SCSCF,MTAS,T:MTAS,SCSCF,A:SCSCF,MTAS,I-480:MTAS,SCSCF,S:ICSCF,GTW,S:GTW,SCSCF,P:SCSCF,MTAS,P:MTAS,SCSCF,P-200:SCSCF,GTW,P-200:GTW,ICSCF,C:SCSCF,MTAS,C:ICSCF,GTW,C-200:MTAS,SCSCF,C-200:MTAS,SCSCF,I-487:SCSCF,MTAS,A:ICSCF,GTW,I-487:GTW,ICSCF,A"
974,974,1,1,4,-3.0982439576931577,-2.6796921710007915,37,0,"MTAS,SCSCF,I:MTAS,SCSCF,P:MTAS,SCSCF,A:SCSCF,PCSCF,A"
975,975,1,0,96,-1.2126188841695666,-1.1844626382690515,323,0,"MTAS,SCSCF,I:MTAS,SCSCF,A:GTW,ICSCF,I:ICSCF,GTW,T:SCSCF,ASLI,I:ASLI,SCSCF,T:ASLI,SCSCF,I-500:SCSCF,ASLI,A:SCSCF,MTAS,I:MTAS,SCSCF,T:MTAS,SCSCF,I:SCSCF,MTAS,T:SCSCF,MTAS,I-480:MTAS,SCSCF,A:MTAS,SCSCF,S:ICSCF,GTW,S:GTW,SCSCF,P:SCSCF,MTAS,P:MTAS,SCSCF,P-200:SCSCF,GTW,P-200:SCSCF,MTAS,A:MTAS,SCSCF,I-480:ICSCF,GTW,I-480:GTW,ICSCF,A:GTW,ICSCF,I:ICSCF,GTW,T:SCSCF,ASLI,I:ASLI,SCSCF,T:ASLI,SCSCF,I-500:SCSCF,ASLI,A:SCSCF,MTAS,I:MTAS,SCSCF,T:MTAS,SCSCF,I:SCSCF,MTAS,T:SCSCF,MTAS,I-480:MTAS,SCSCF,A:MTAS,SCSCF,S:ICSCF,GTW,S:GTW,SCSCF,P:SCSCF,MTAS,P:MTAS,SCSCF,P-200:SCSCF,GTW,P-200:MTAS,SCSCF,P-200:MTAS,SCSCF,I-480:SCSCF,MTAS,A:ICSCF,GTW,I-480:GTW,ICSCF,A:GTW,ICSCF,I:ICSCF,GTW,T:SCSCF,ASLI,I:ASLI,SCSCF,T:ASLI,SCSCF,I-500:SCSCF,ASLI,A:SCSCF,MTAS,I:MTAS,SCSCF,T:MTAS,SCSCF,I:SCSCF,MTAS,T:SCSCF,MTAS,I-480:MTAS,SCSCF,A:MTAS,SCSCF,S:ICSCF,GTW,S:GTW,SCSCF,P:SCSCF,MTAS,P:MTAS,SCSCF,P-200:SCSCF,GTW,P-200:MTAS,SCSCF,P-200:GTW,ICSCF,C:ICSCF,GTW,C-200:SCSCF,MTAS,C:MTAS,SCSCF,C-200:MTAS,SCSCF,I-487:GTW,ICSCF,A:SCSCF,MTAS,A:ICSCF,GTW,I-487"
976,976,1,0,40,-0.7602894893764586,-0.7183146030463805,11,0,"PCSCF,SCSCF,I:SCSCF,PCSCF,T:SCSCF,ASLI,I:ASLI,SCSCF,T:ASLI,SCSCF,I-500:SCSCF,ASLI,A:MTAS,SCSCF,I:SCSCF,MTAS,T:SCSCF,ASLI,I:ASLI,SCSCF,T:ASLI,SCSCF,I-500:SCSCF,MTAS,I:MTAS,SCSCF,T:MTAS,SCSCF,I:SCSCF,MTAS,T:SCSCF,PCSCF,I:PCSCF,SCSCF,T:SCSCF,ASLI,A:PCSCF,SCSCF,R:SCSCF,MTAS,R:MTAS,SCSCF,R:SCSCF,MTAS,R:SCSCF,PCSCF,R:PCSCF,SCSCF,P:MTAS,SCSCF,P:SCSCF,MTAS,P:MTAS,SCSCF,P:SCSCF,PCSCF,P:PCSCF,SCSCF,P-200:SCSCF,MTAS,P-200:MTAS,SCSCF,P-200:SCSCF,MTAS,P-200:SCSCF,PCSCF,P-200"
977,977,1,0,18,-1.0264761774583566,-0.9559808820395665,5,0,"ICSCF,SCSCF,I:SCSCF,ICSCF,T:SCSCF,BCCAS,I:BCCAS,SCSCF,T:BCCAS,SCSCF,I:SCSCF,BCCAS,T:SCSCF,ASLI,I:ASLI,SCSCF,T:ASLI,SCSCF,I-500:SCSCF,ASLI,A:SCSCF,GTW,I:GTW,SCSCF,T:GTW,SCSCF,I-503:SCSCF,GTW,A:SCSCF,GTW,I:GTW,SCSCF,T"
978,978,1,0,40,-0.36674911496483975,-0.36651963160792017,5,0,"PCSCF,SCSCF,I:SCSCF,PCSCF,T:SCSCF,ASLI,I:ASLI,SCSCF,T:ASLI,SCSCF,I-500:SCSCF,ASLI,A:MTAS,SCSCF,I:SCSCF,MTAS,T:SCSCF,ASLI,I:ASLI,SCSCF,T:ASLI,SCSCF,I-500:SCSCF,ASLI,A:SCSCF,MTAS,I:MTAS,SCSCF,T:MTAS,SCSCF,I:SCSCF,MTAS,T:SCSCF,PCSCF,I:PCSCF,SCSCF,T:PCSCF,SCSCF,R:SCSCF,MTAS,R:MTAS,SCSCF,R:SCSCF,MTAS,R:SCSCF,PCSCF,R:PCSCF,SCSCF,P:MTAS,SCSCF,P:SCSCF,MTAS,P:SCSCF,PCSCF,P:MTAS,SCSCF,P:PCSCF,SCSCF,P-200:SCSCF,MTAS,P-200:MTAS,SCSCF,P-200:SCSCF,MTAS,P-200:SCSCF,PCSCF,P-200"
979,979,1,0,29,-0.39562187355667044,-0.39497535097482295,5,0,"GTW,ICSCF,I:ICSCF,GTW,T:SCSCF,ASLI,I:ASLI,SCSCF,T:ASLI,SCSCF,I-500:SCSCF,ASLI,A:SCSCF,MTAS,I:MTAS,SCSCF,T:MTAS,SCSCF,I:SCSCF,MTAS,T:SCSCF,PCSCF,I:PCSCF,SCSCF,T:PCSCF,SCSCF,R:MTAS,SCSCF,R:SCSCF,MTAS,R:ICSCF,GTW,R:GTW,SCSCF,P:MTAS,SCSCF,P:SCSCF,MTAS,P:SCSCF,PCSCF,P:SCSCF,MTAS,P-200:PCSCF,SCSCF,P-200:MTAS,SCSCF,P-200:SCSCF,GTW,P-200"
980,980,1,1,13,-2.1271446272634784,-2.053396626903778,11,0,"PCSCF,SCSCF,I:SCSCF,ASLI,I:SCSCF,PCSCF,T:ASLI,SCSCF,T:SCSCF,ASLI,A:ASLI,SCSCF,I-500:SCSCF,MTAS,I:MTAS,SCSCF,T:MTAS,SCSCF,I:SCSCF,MTAS,T:SCSCF,GTW,I:GTW,SCSCF,T"
981,981,1,0,35,-1.4129372925780537,-1.3701686609555468,293,0,"PCSCF,SCSCF,I:SCSCF,PCSCF,T:SCSCF,ASLI,I:ASLI,SCSCF,T:SCSCF,ASLI,A:ASLI,SCSCF,I-500:MTAS,SCSCF,I:SCSCF,MTAS,T:SCSCF,GTW,I:GTW,SCSCF,T:SCSCF,MTAS,S:GTW,SCSCF,S:SCSCF,PCSCF,S:PCSCF,SCSCF,P:MTAS,SCSCF,P:SCSCF,GTW,P:GTW,SCSCF,P-200:GTW,SCSCF,R:SCSCF,MTAS,R:SCSCF,MTAS,P-200:SCSCF,PCSCF,P-200:SCSCF,PCSCF,R:PCSCF,SCSCF,P:MTAS,SCSCF,P:SCSCF,GTW,P:GTW,SCSCF,P-200:SCSCF,MTAS,P-200:SCSCF,PCSCF,P-200"
982,982,1,0,18,-0.3542387049250686,-0.351789058818861,5,0,"PCSCF,SCSCF,I:SCSCF,PCSCF,T:SCSCF,ASLI,I:ASLI,SCSCF,T:ASLI,SCSCF,I-500:SCSCF,ASLI,A:MTAS,SCSCF,I:SCSCF,MTAS,T:SCSCF,ASLI,I:ASLI,SCSCF,T:ASLI,SCSCF,I-500:SCSCF,ASLI,A:MTAS,SCSCF,I:SCSCF,MTAS,T:SCSCF,PCSCF,I:PCSCF,SCSCF,T"
983,983,1,0,1,-1.4653727676939363,-0.6629390273350442,5,0,"IBCF,ICSCF,I"
984,984,1,0,29,-0.39562187355667044,-0.39497535097482295,5,0,"PCSCF,SCSCF,I:SCSCF,PCSCF,T:SCSCF,ASLI,I:ASLI,SCSCF,T:ASLI,SCSCF,I-500:SCSCF,ASLI,A:SCSCF,MTAS,I:MTAS,SCSCF,T:MTAS,SCSCF,I:SCSCF,MTAS,T:SCSCF,GTW,I:GTW,SCSCF,T:SCSCF,MTAS,R:GTW,SCSCF,R:MTAS,SCSCF,R:SCSCF,PCSCF,R:PCSCF,SCSCF,P:MTAS,SCSCF,P:SCSCF,MTAS,P:SCSCF,GTW,P:GTW,SCSCF,P-200:SCSCF,MTAS,P-200:MTAS,SCSCF,P-200:SCSCF,PCSCF,P-200"
985,985,1,0,28,-0.39922620011321425,-0.39851538468236664,5,0,"ICSCF,SCSCF,I:SCSCF,ICSCF,T:SCSCF,ASLI,I:ASLI,SCSCF,T:ASLI,SCSCF,I-500:SCSCF,ASLI,A:SCSCF,BCCAS,I:BCCAS,SCSCF,T:BCCAS,SCSCF,I:SCSCF,BCCAS,T:SCSCF,IBCF,I:IBCF,SCSCF,T:IBCF,SCSCF,R:SCSCF,BCCAS,R:BCCAS,SCSCF,R:SCSCF,ICSCF,R:SCSCF,BCCAS,P:BCCAS,SCSCF,P:SCSCF,IBCF,P:IBCF,SCSCF,P-200:SCSCF,BCCAS,P-200:BCCAS,SCSCF,P-200:SCSCF,SCSCF,P-200"
986,986,1,0,40,-0.8078270047493039,-0.7722740973997958,113,0,"PCSCF,SCSCF,I:SCSCF,ASLI,I:ASLI,SCSCF,T:SCSCF,PCSCF,T:ASLI,SCSCF,I-500:SCSCF,ASLI,A:MTAS,SCSCF,I:SCSCF,MTAS,T:SCSCF,ASLI,I:ASLI,SCSCF,T:ASLI,SCSCF,I-500:SCSCF,ASLI,A:SCSCF,MTAS,I:MTAS,SCSCF,T:MTAS,SCSCF,I:SCSCF,MTAS,T:SCSCF,PCSCF,I:PCSCF,SCSCF,T:PCSCF,SCSCF,R:SCSCF,MTAS,R:MTAS,SCSCF,R:SCSCF,MTAS,R:SCSCF,PCSCF,R:PCSCF,SCSCF,P:MTAS,SCSCF,P:SCSCF,MTAS,P:MTAS,SCSCF,P:SCSCF,PCSCF,P:PCSCF,SCSCF,P-200:SCSCF,MTAS,P-200:MTAS,SCSCF,P-200:SCSCF,MTAS,P-200:SCSCF,PCSCF,P-200"
987,987,1,1,6,-2.035356730708279,-1.7135080845511432,17,0,"BCCAS,SCSCF,I:SCSCF,BCCAS,T:SCSCF,BCCAS,R:BCCAS,SCSCF,P:SCSCF,BCCAS,P-200"
988,988,1,1,36,-1.7374637711391272,-1.702109699888916,248,0,"MTAS,SCSCF,I:MTAS,SCSCF,A:GTW,ICSCF,I:ICSCF,GTW,T:SCSCF,ASLI,I:ASLI,SCSCF,T:ASLI,SCSCF,I-500:SCSCF,ASLI,A:SCSCF,MTAS,I:MTAS,SCSCF,T:MTAS,SCSCF,I:SCSCF,MTAS,T:MTAS,SCSCF,A:SCSCF,MTAS,I-480:MTAS,SCSCF,S:ICSCF,GTW,S:GTW,SCSCF,P:SCSCF,MTAS,P:MTAS,SCSCF,P-200:SCSCF,GTW,P-200:GTW,ICSCF,C:SCSCF,MTAS,C:ICSCF,GTW,C-200:MTAS,SCSCF,C-200:MTAS,SCSCF,I-487:ICSCF,GTW,I-487:SCSCF,MTAS,A:GTW,ICSCF,A"
989,989,1,0,12,-0.7231408320521192,-0.7155394193252537,25,0,"PCSCF,SCSCF,I:SCSCF,PCSCF,T:SCSCF,ASLI,I:ASLI,SCSCF,T:ASLI,SCSCF,I-500:SCSCF,ASLI,A:SCSCF,MTAS,I:MTAS,SCSCF,I:MTAS,SCSCF,T:SCSCF,GTW,I:GTW,SCSCF,T"
990,990,1,1,11,-1.591134488132335,-1.4215709018865732,66,0,"PCSCF,SCSCF,I:SCSCF,ASLI,I:ASLI,SCSCF,T:ASLI,SCSCF,I-500:SCSCF,ASLI,A:SCSCF,PCSCF,T:MTAS,SCSCF,I:SCSCF,MTAS,T:SCSCF,GTW,I:GTW,SCSCF,T"
991,991,1,1,10,-1.6241782711959445,-1.4863699479839758,60,0,"IBCF,ICSCF,I:ICSCF,IBCF,T:ICSCF,SCSCF,I:SCSCF,ICSCF,T:SCSCF,ICSCF,S:ICSCF,IBCF,S:SCSCF,ICSCF,S:ICSCF,IBCF,S:ICSCF,IBCF,R:SCSCF,ICSCF,R"
992,992,1,0,28,-0.7416821325217048,-0.7407226578847803,25,0,"GTW,ICSCF,I:SCSCF,ASLI,I:ASLI,SCSCF,T:ASLI,SCSCF,I-500:SCSCF,ASLI,A:SCSCF,MTAS,I:MTAS,SCSCF,I:SCSCF,MTAS,T:SCSCF,PCSCF,I:PCSCF,SCSCF,T:MTAS,SCSCF,T:PCSCF,SCSCF,R:SCSCF,MTAS,R:MTAS,SCSCF,R:ICSCF,GTW,R:GTW,SCSCF,P:SCSCF,MTAS,P:MTAS,SCSCF,P:SCSCF,PCSCF,P:SCSCF,MTAS,P-200:PCSCF,SCSCF,P-200:MTAS,SCSCF,P-200:SCSCF,GTW,P-200"
993,993,1,0,13,-1.4774692441443984,-1.280679471873383,66,0,"PCSCF,SCSCF,I:SCSCF,ASLI,I:ASLI,SCSCF,T:ASLI,SCSCF,I-500:SCSCF,ASLI,A:SCSCF,PCSCF,T:SCSCF,MTAS,I:MTAS,SCSCF,T:MTAS,SCSCF,I:SCSCF,MTAS,T:SCSCF,GTW,I:GTW,SCSCF,T"
994,994,1,1,10,-2.0272827814038314,-1.9195105018029968,66,0,"PCSCF,SCSCF,I:SCSCF,ASLI,I:ASLI,SCSCF,T:ASLI,SCSCF,I-500:SCSCF,ASLI,A:SCSCF,PCSCF,T:MTAS,SCSCF,I:SCSCF,GTW,I:GTW,SCSCF,T"
995,995,1,1,13,-2.134231200026412,-2.1036666381677156,14,0,"GTW,ICSCF,I:ICSCF,GTW,T:SCSCF,ASLI,I:ASLI,SCSCF,T:SCSCF,ASLI,A:ASLI,SCSCF,I-500:SCSCF,MTAS,I:MTAS,SCSCF,T:MTAS,SCSCF,W:ICSCF,GTW,W:SCSCF,GTW,I:GTW,SCSCF,T"
996,996,1,1,24,-2.0698697557294454,-1.9829152374659849,141,0,"SCSCF,BCCAS,I:BCCAS,SCSCF,T:BCCAS,SCSCF,I:SCSCF,BCCAS,T:SCSCF,IBCF,I:IBCF,SCSCF,T:IBCF,SCSCF,R:SCSCF,BCCAS,R:BCCAS,SCSCF,R:SCSCF,BCCAS,P:BCCAS,SCSCF,P:SCSCF,IBCF,P:IBCF,SCSCF,I-600:IBCF,SCSCF,P-481:SCSCF,IBCF,A:SCSCF,BCCAS,P-481:BCCAS,SCSCF,P-481:SCSCF,BCCAS,I-600:BCCAS,SCSCF,A"
997,997,1,0,37,-0.374345863813598,-0.37405832200122546,5,0,"PCSCF,SCSCF,I:SCSCF,PCSCF,T:SCSCF,ASLI,I:ASLI,SCSCF,T:ASLI,SCSCF,I-500:SCSCF,ASLI,A:SCSCF,ASLI,I:ASLI,SCSCF,T:ASLI,SCSCF,I-500:SCSCF,ASLI,A:SCSCF,MTAS,I:MTAS,SCSCF,T:MTAS,SCSCF,I:SCSCF,MTAS,T:SCSCF,PCSCF,I:PCSCF,SCSCF,T:PCSCF,SCSCF,R:SCSCF,MTAS,R:MTAS,SCSCF,R:SCSCF,MTAS,R:SCSCF,PCSCF,R:PCSCF,SCSCF,P:SCSCF,MTAS,P:MTAS,SCSCF,P:SCSCF,PCSCF,P:PCSCF,SCSCF,P-200:SCSCF,MTAS,P-200:MTAS,SCSCF,P-200:SCSCF,MTAS,P-200:SCSCF,PCSCF,P-200"
998,998,1,0,13,-0.3626222150006187,-0.357269244884713,5,0,"IBCF,ICSCF,I:ICSCF,IBCF,T:SCSCF,BCCAS,I:BCCAS,SCSCF,T:BCCAS,SCSCF,I:SCSCF,BCCAS,T:SCSCF,ASLI,I:ASLI,SCSCF,T:ASLI,SCSCF,I-500:SCSCF,ASLI,A:SCSCF,GTW,I:GTW,SCSCF,T"
999,999,1,1,22,-1.6687182621669647,-1.609140188141488,53,0,"PCSCF,SCSCF,I:SCSCF,PCSCF,T:SCSCF,PCSCF,I-407:PCSCF,SCSCF,A:PCSCF,SCSCF,I:SCSCF,PCSCF,T:SCSCF,BCCAS,I:BCCAS,SCSCF,T:BCCAS,SCSCF,I-500:SCSCF,ASLI,I:ASLI,SCSCF,T:SCSCF,ASLI,A:ASLI,SCSCF,I-500:SCSCF,BCCAS,A:SCSCF,BCCAS,I:BCCAS,SCSCF,T:BCCAS,SCSCF,I:SCSCF,GTW,I:GTW,SCSCF,T"
