idx,true_label,pred_label,seq_len,viterbi_score_norm,forward_score_norm,predicted_state,predicted_dialog,empty_path
0,0,0,60,-1.2741591772685112,-1.2432560861029565,357,I T I T I 500 A I T I T I T R R R R P P P P P 200 P 200 P 200 P 200 C C 200 C C 200 I 487 C A I 487 C 200 C A C 200 I 487 A I 487 A,0
1,0,0,53,-1.2426032467063908,-1.188539869899318,28,I T I T I 500 A I I T I T T R R R R P P P P P 200 P 200 P 200 P 200 C C 200 C C 200 C C 200 C C 200 I 487 A I 487 A I 487 A I 487 A,0
2,0,0,76,-0.7748024855856364,-0.7404350755756272,59,I T I T I 500 A I T I T I T R R R R P P P P P 200 P 200 P 200 P 200 I 200 I 200 I 200 I 200 A A A A U U U U 200 U 200 U 200 U 200 U U U 200 U 200 U U U 200 U 200 B B B B B 200 B 200 B 200 B 200,0
3,0,0,20,-1.132457687738071,-1.1289430977408466,54,I T I T I 500 A I T I T I 484 A I 484 A I 484 A,0
4,0,0,71,-0.8635945694362535,-0.8017299160797133,113,I T I T I 500 A I T I T I T R R R R P P P P P 200 P 200 P 200 P 200 I 200 I 200 I 200 I 200 A A A A U U U U 200 U 200 U 200 U 200 B B B B B 200 B 200 B 200 B 200,0
5,0,0,32,-1.2714196251591672,-1.237944343779426,224,I T I 407 A I T I T I 500 A I T I T R R R P P P P P 200 P 200 P 200 P 200 I 486 A I 486 A I 486 A,0
6,0,0,80,-0.7070556204527538,-0.6855630245007757,59,I T I T I 500 A I T I T I T R R R R P P P P P 200 P 200 P 200 P 200 I 200 I 200 I 200 I 200 A A A A U U U U 200 U 200 U 200 U 200 U U U 200 U 200 U U U 200 U 200 B B B B B 200 B 200 B 200 B 200,0
7,0,0,53,-0.8096837313313485,-0.8058226883790298,28,I T I T I 500 A I I T I T T R R R R P P P P P 200 P 200 P 200 P 200 C C 200 C C 200 C C 200 C C 200 I 487 A I 487 A I 487 A I 487 A,0
8,0,0,82,-0.5530255019883535,-0.5510433669711753,113,I T I T I 500 A I T I T I T R R R R P P P P P 200 P 200 P 200 P 200 I 200 I 200 I 200 I 200 A A A A U U U U 200 U 200 U 200 U 200 B B B B B 200 B 200 B 200 B 200,0
9,0,0,53,-1.0296353385363275,-0.9641772161023794,248,I T I T I 500 A I T I T S S S P P P P 200 P 200 P 200 R R R P P P P 200 P 200 P 200 C C 200 C C 200 C C 200 I 487 A I 487 A I 487 A,0
10,0,0,57,-0.7516752991823339,-0.7390924651387534,53,I T I 407 A I T I T I 500 A I T I T S S S P P P P 200 P 200 P 200 R R R P P P P 200 P 200 P 200 I 200 I 200 I 200 A A A A B B B B 200 B 200 B 200,0
11,0,0,68,-0.7794130737153288,-0.7283645649816671,113,I T I T I 500 A I T I T I T R R R R P P P P P 200 P 200 P 200 P 200 I 200 I 200 I 200 I 200 A A A A U U U U 200 U 200 U 200 U 200 B B B B B 200 B 200 B 200 B 200,0
12,0,0,63,-0.6022124513410427,-0.5924565804876163,60,I T I T I 500 A I T I T S S S P P P P P 200 P 200 P 200 P 200 R R R P P P P P 200 P 200 P 200 P 200 I 200 I 200 I 200 A A A A B B B B B 200 B 200 B 200 B 200,0
13,0,0,60,-0.7830070101334272,-0.7723023443289931,60,I T I T I 500 A I T I T S S S P P P P P 200 P 200 P 200 P 200 R R R P P P P P 200 P 200 P 200 P 200 I 200 I 200 I 200 A A A A B B B B B 200 B 200 B 200 B 200,0
14,0,0,36,-0.9964340332283056,-0.9671218052760542,146,I T I T I 500 A I T I T R R R P P P P P 200 P 200 P 200 P 200 I 200 I 200 I 200 A A A A B B B B B 200 B 200 B 200 B 200,0
15,0,0,74,-0.9265360665168462,-0.869982100988268,76,I T I T I 500 A I T I T I T R R R R P P P P P 200 P 200 P 200 P 200 C C 200 C C C 200 C C 200 C 200 I 487 A I 487 A I 487 A I 487 A,0
16,0,1,35,-1.700272118841377,-1.598779343757067,65,I T I T R R P P P 200 P 200 C C 200 C C 200 I 487 A I 487 A,0
17,0,0,95,-0.9405852282966961,-0.9152141827286221,59,I T I T I 500 A I T I T I T R R R R P P P P P 200 P 200 P 200 P 200 I 200 I 200 I 200 I 200 A A A A U U U U 200 U 200 U 200 U 200 U U U 200 U 200 U U U 200 U 200 B B B B B 200 B 200 B 200 B 200,0
18,0,0,38,-1.2197826624732369,-1.1617362896793717,110,I T I T I 500 A I T I T I 480 A I 480 A I 480 A,0
19,0,0,89,-1.0463314578246974,-1.0160223878030248,28,I T I T I 500 A I I T I T T R R R R P P P P P 200 P 200 P 200 P 200 C C 200 C C 200 C C 200 C C 200 I 487 A I 487 A I 487 A I 487 A,0
20,0,0,53,-0.6796426625154505,-0.6546004624046512,323,I T I T I 500 A I T I T I T R R R R P P P P P 200 P 200 P 200 P 200 C C 200 C C 200 C C 200 C C 200 I 487 I 487 A I 487 A I 487 A A,0
21,0,0,88,-0.8526704338427815,-0.8282483274892172,59,I T I T I 500 A I T I T I T R R R R P P P P P 200 P 200 P 200 P 200 I 200 I 200 I 200 I 200 A A A A U U U U 200 U 200 U 200 U 200 U U U 200 U 200 U U U 200 U 200 B B B B B 200 B 200 B 200 B 200,0
22,0,0,75,-0.8422988992089513,-0.8232202205470577,76,I T I T I 500 A I T I T I T R R R R P P P P P 200 P 200 P 200 P 200 C C 200 C C C 200 C C 200 C 200 I 487 A I 487 A I 487 A I 487 A,0
23,0,0,83,-0.4620423375577371,-0.4615756294011754,113,I T I T I 500 A I T I T I T R R R R P P P P P 200 P 200 P 200 P 200 I 200 I 200 I 200 I 200 A A A A U U U U 200 U 200 U 200 U 200 B B B B B 200 B 200 B 200 B 200,0
24,0,0,44,-0.9624836958603457,-0.9227815293958618,248,I T I T I 500 A I T I T S S S P P P P 200 P 200 P 200 R R R P P P P 200 P 200 P 200 C C 200 C C 200 C C 200 I 487 A I 487 A I 487 A,0
25,0,0,89,-0.8726449244941836,-0.829005917848847,59,I T I T I 500 A I T I T I T R R R R P P P P P 200 P 200 P 200 P 200 I 200 I 200 I 200 I 200 A A A A U U U U 200 U 200 U 200 U 200 U U U 200 U 200 U U U 200 U 200 B B B B B 200 B 200 B 200 B 200,0
26,0,0,60,-1.1222212017654791,-1.0889199799333062,5,I T I T I 500 A I T I T I T R R R R P P P P P 200 P 200 P 200 P 200 I 200 I 200 I 200 I 200 A A A A B B B B B 200 B 200 B 200 B 200,0
27,0,0,64,-0.6953897210041226,-0.6507663831119317,113,I T I T I 500 A I T I T I T R R R R P P P P P 200 P 200 P 200 P 200 I 200 I 200 I 200 I 200 A A A A U U U U 200 U 200 U 200 U 200 B B B B B 200 B 200 B 200 B 200,0
28,0,0,90,-0.8211021992894263,-0.7802337857249232,59,I T I T I 500 A I T I T I T R R R R P P P P P 200 P 200 P 200 P 200 I 200 I 200 I 200 I 200 A A A A U U U U 200 U 200 U 200 U 200 U U U 200 U 200 U U U 200 U 200 B B B B B 200 B 200 B 200 B 200,0
29,0,0,59,-0.7945264338807798,-0.7606132976733622,901,I T I T I 500 A I T I T I T R R R R P P P P P 200 P 200 P 200 P 200 I 200 I 200 I 200 I 200 A A A A B B B B 200 B B 200 B 481 B 200 B 200,0
30,0,0,71,-0.89058136944139,-0.8419603914165763,28,I T I T I 500 A I I T I T T R R R R P P P P P 200 P 200 P 200 P 200 C C 200 C C 200 C C 200 C C 200 I 487 A I 487 A I 487 A I 487 A,0
31,0,0,83,-0.9066749357312085,-0.8770380827768216,59,I T I T I 500 A I T I T I T R R R R P P P P P 200 P 200 P 200 P 200 I 200 I 200 I 200 I 200 A A A A U U U U 200 U 200 U 200 U 200 U U U 200 U 200 U U U 200 U 200 B B B B B 200 B 200 B 200 B 200,0
32,0,0,61,-0.9590393074570641,-0.9324111645028215,0,I T I T I 500 A I T I T R R R P P P P 200 P 200 P 200 I 200 I 200 I 200 A A A A B B B B 200 B 200 B 200,0
33,0,0,53,-0.5411565555229825,-0.5402469985270527,24,I T I 407 A I T I T I 500 A I T I T R R R P P P P 200 P 200 P 200 I 200 I 200 I 200 A A A A B B B B 200 B 200 B 200,0
34,0,0,65,-1.0724629024218113,-0.9990576431232794,28,I T I T I 500 A I I T I T T R R R R P P P P P 200 P 200 P 200 P 200 C C 200 C C 200 C C 200 C C 200 I 487 A I 487 A I 487 A I 487 A,0
35,0,0,124,-0.6508324658274394,-0.6357307879807272,59,I T I T I 500 A I T I T I T R R R R P P P P P 200 P 200 P 200 P 200 I 200 I 200 I 200 I 200 A A A A U U U U 200 U 200 U 200 U 200 U U U 200 U 200 U U U 200 U 200 B B B B B 200 B 200 B 200 B 200,0
36,0,0,73,-0.7159250745243081,-0.6788545978403344,104,I T I 407 A I T I T I 500 A I T I T S S S P P P P P 200 P 200 P 200 P 200 R R R P P P P P 200 P 200 P 200 P 200 I 200 I 200 I 200 A A A A I T I T I T I 200 I 200 I 200 A A A A B B B B B 200 B 200 B 200 B 200,0
37,0,0,191,-0.65135597657532,-0.6428441642366375,59,I T I T I 500 A I T I T I T R R R R P P P P P 200 P 200 P 200 P 200 I 200 I 200 I 200 I 200 A A A A U U U U 200 U 200 U 200 U 200 U U U 200 U 200 U U U 200 U 200 B B B B B 200 B 200 B 200 B 200,0
38,0,0,47,-0.840601398812745,-0.8398948570990279,24,I T I 407 A I T I T I 500 A I T I T R R R P P P P 200 P 200 P 200 I 200 I 200 I 200 A A A A B B B B 200 B 200 B 200,0
39,0,0,42,-0.6583003829556222,-0.6523781297311386,5,I T I T I 500 A I T I T I T R R R R P P P P P 200 P 200 P 200 P 200 I 200 I 200 I 200 I 200 A A A A B B B B B 200 B 200 B 200 B 200,0
40,0,0,57,-0.7938074205266212,-0.7283544204141835,0,I T I T I 500 A I T I T R R R P P P P 200 P 200 P 200 I 200 I 200 I 200 A A A A B B B B 200 B 200 B 200,0
41,0,0,54,-0.9458710000574418,-0.888884515020634,53,I T I 407 A I T I T I 500 A I T I T S S S P P P P 200 P 200 P 200 R R R P P P P 200 P 200 P 200 I 200 I 200 I 200 A A A A B B B B 200 B 200 B 200,0
42,0,0,99,-0.9502810237057843,-0.9210166003943169,59,I T I T I 500 A I T I T I T R R R R P P P P P 200 P 200 P 200 P 200 I 200 I 200 I 200 I 200 A A A A U U U U 200 U 200 U 200 U 200 U U U 200 U 200 U U U 200 U 200 B B B B B 200 B 200 B 200 B 200,0
43,0,0,34,-0.8026767463278709,-0.7824166455450687,53,I T I 407 A I T I T I 500 A I T I T S S S P P P P 200 P 200 P 200 R R R P P P P 200 P 200 P 200 I 200 I 200 I 200 A A A A B B B B 200 B 200 B 200,0
44,0,0,72,-0.6700074877247822,-0.6685380423610333,24,I T I 407 A I T I T I 500 A I T I T R R R P P P P 200 P 200 P 200 I 200 I 200 I 200 A A A A B B B B 200 B 200 B 200,0
45,0,0,67,-0.6021001025443797,-0.5989697537175864,5,I T I T I 500 A I T I T I T R R R R P P P P P 200 P 200 P 200 P 200 I 200 I 200 I 200 I 200 A A A A B B B B B 200 B 200 B 200 B 200,0
46,0,0,32,-1.2591082363437667,-1.2067478218177576,180,I T I T I 500 A I T I T I T I 486 A I 486 A I 486 A I 486 A,0
47,0,0,118,-1.0202884782022643,-1.0022339468355153,104,I T I 407 A I T I T I 500 A I T I T S S S P P P P P 200 P 200 P 200 P 200 R R R P P P P P 200 P 200 P 200 P 200 I 200 I 200 I 200 A A A A I T I T I T I 200 I 200 I 200 A A A A B B B B B 200 B 200 B 200 B 200,0
48,0,0,53,-0.7112101714670266,-0.7039322355975156,28,I T I T I 500 A I I T I T T R R R R P P P P P 200 P 200 P 200 P 200 C C 200 C C 200 C C 200 C C 200 I 487 A I 487 A I 487 A I 487 A,0
49,0,0,81,-0.8909286363641922,-0.8896236274202783,14,I T I T I 500 A I T W W I T I T S S S S P P P P P 200 P 200 P 200 P 200 R R R R P P P P P 200 P 200 P 200 P 200 I 200 I 200 I 200 I 200 A A A A B B B B B 200 B 200 B 200 B 200,0
50,0,0,75,-0.5644915904118005,-0.5640867821215856,113,I T I T I 500 A I T I T I T R R R R P P P P P 200 P 200 P 200 P 200 I 200 I 200 I 200 I 200 A A A A U U U U 200 U 200 U 200 U 200 B B B B B 200 B 200 B 200 B 200,0
51,0,0,53,-1.1301345194165517,-1.0754794815871254,76,I T I T I 500 A I T I T I T R R R R P P P P P 200 P 200 P 200 P 200 C C 200 C C C 200 C C 200 C 200 I 487 A I 487 A I 487 A I 487 A,0
52,0,0,63,-0.6022124513410427,-0.5924565804876163,60,I T I T I 500 A I T I T S S S P P P P P 200 P 200 P 200 P 200 R R R P P P P P 200 P 200 P 200 P 200 I 200 I 200 I 200 A A A A B B B B B 200 B 200 B 200 B 200,0
53,0,0,76,-0.6542934661489296,-0.6339997695009617,113,I T I T I 500 A I T I T I T R R R R P P P P P 200 P 200 P 200 P 200 I 200 I 200 I 200 I 200 A A A A U U U U 200 U 200 U 200 U 200 B B B B B 200 B 200 B 200 B 200,0
54,0,0,53,-0.5901542590727639,-0.5329220722426397,28,I T I T I 500 A I I T I T T R R R R P P P P P 200 P 200 P 200 P 200 C C 200 C C 200 C C 200 C C 200 I 487 A I 487 A I 487 A I 487 A,0
55,0,0,53,-0.36705100684479475,-0.3669834238881995,5,I T I T I 500 A I T I T I T R R R R P P P P P 200 P 200 P 200 P 200 I 200 I 200 I 200 I 200 A A A A B B B B B 200 B 200 B 200 B 200,0
56,0,0,53,-0.6796426625154505,-0.6545944292545726,323,I T I T I 500 A I T I T I T R R R R P P P P P 200 P 200 P 200 P 200 C C 200 C C 200 C C 200 C C 200 I 487 I 487 A I 487 A I 487 A A,0
57,0,0,29,-1.329710519528569,-1.2953262989426597,356,I T I 407 A I T I T I 500 A I T I T I 404 A I 404 A S P P 200 C C 200 I 404 A,0
58,0,0,58,-0.9104945245326599,-0.8950486241119506,113,I T I T I 500 A I T I T I T R R R R P P P P P 200 P 200 P 200 P 200 I 200 I 200 I 200 I 200 A A A A U U U U 200 U 200 U 200 U 200 B B B B B 200 B 200 B 200 B 200,0
59,0,0,70,-0.515634841227111,-0.5153908698407109,113,I T I T I 500 A I T I T I T R R R R P P P P P 200 P 200 P 200 P 200 I 200 I 200 I 200 I 200 A A A A U U U U 200 U 200 U 200 U 200 B B B B B 200 B 200 B 200 B 200,0
60,0,0,44,-0.7314802956423659,-0.7124024018435545,76,I T I T I 500 A I T I T I T R R R R P P P P P 200 P 200 P 200 P 200 C C 200 C C C 200 C C 200 C 200 I 487 A I 487 A I 487 A I 487 A,0
61,0,0,78,-0.904130723133753,-0.8678308127313782,5,I T I T I 500 A I T I T I T R R R R P P P P P 200 P 200 P 200 P 200 I 200 I 200 I 200 I 200 A A A A B B B B B 200 B 200 B 200 B 200,0
62,0,0,30,-0.6055563311438036,-0.5925544266053654,37,I T I T I 500 A I T I T I 200 I 200 I 200 A A A A B B B B 200 B 200 B 200,0
63,0,0,64,-0.6153891308096052,-0.6133065757338938,113,I T I T I 500 A I T I T I T R R R R P P P P P 200 P 200 P 200 P 200 I 200 I 200 I 200 I 200 A A A A U U U U 200 U 200 U 200 U 200 B B B B B 200 B 200 B 200 B 200,0
64,0,0,53,-0.5298037939100932,-0.5295284556047439,28,I T I T I 500 A I I T I T T R R R R P P P P P 200 P 200 P 200 P 200 C C 200 C C 200 C C 200 C C 200 I 487 A I 487 A I 487 A I 487 A,0
65,0,0,71,-0.9648152129626598,-0.9444378602444726,59,I T I T I 500 A I T I T I T R R R R P P P P P 200 P 200 P 200 P 200 I 200 I 200 I 200 I 200 A A A A U U U U 200 U 200 U 200 U 200 U U U 200 U 200 U U U 200 U 200 B B B B B 200 B 200 B 200 B 200,0
66,0,0,83,-0.830341199827506,-0.7957535246190925,59,I T I T I 500 A I T I T I T R R R R P P P P P 200 P 200 P 200 P 200 I 200 I 200 I 200 I 200 A A A A U U U U 200 U 200 U 200 U 200 U U U 200 U 200 U U U 200 U 200 B B B B B 200 B 200 B 200 B 200,0
67,0,0,69,-0.9485465083692277,-0.9365109647194281,53,I T I 407 A I T I T I 500 A I T I T S S S P P P P 200 P 200 P 200 R R R P P P P 200 P 200 P 200 I 200 I 200 I 200 A A A A B B B B 200 B 200 B 200,0
68,0,0,70,-1.2231104409655111,-1.1935055760509858,28,I T I T I 500 A I I T I T T R R R R P P P P P 200 P 200 P 200 P 200 C C 200 C C 200 C C 200 C C 200 I 487 A I 487 A I 487 A I 487 A,0
69,0,0,69,-0.9085106643905675,-0.8931603933771256,113,I T I T I 500 A I T I T I T R R R R P P P P P 200 P 200 P 200 P 200 I 200 I 200 I 200 I 200 A A A A U U U U 200 U 200 U 200 U 200 B B B B B 200 B 200 B 200 B 200,0
70,0,1,55,-1.4822040330999104,-1.4320924887026265,611,I T I T I 500 A I T I T R R R P P P P 200 P 200 P 200 C C C 200 C C 200 I 487 A I 487 A C 200 I 487 A,0
71,0,0,53,-0.36705100684479475,-0.3669834238881995,5,I T I T I 500 A I T I T I T R R R R P P P P P 200 P 200 P 200 P 200 I 200 I 200 I 200 I 200 A A A A B B B B B 200 B 200 B 200 B 200,0
72,0,0,30,-0.6055563311438036,-0.5925544266053654,37,I T I T I 500 A I T I T I 200 I 200 I 200 A A A A B B B B 200 B 200 B 200,0
73,0,0,87,-0.6597486046255344,-0.6373677090261454,59,I T I T I 500 A I T I T I T R R R R P P P P P 200 P 200 P 200 P 200 I 200 I 200 I 200 I 200 A A A A U U U U 200 U 200 U 200 U 200 U U U 200 U 200 U U U 200 U 200 B B B B B 200 B 200 B 200 B 200,0
74,0,0,25,-1.249304346320265,-1.2459823206725884,215,I T I 407 A I T I T I 500 A I T I T I 480 A I 480 A I 480 A,0
75,0,0,39,-0.8091491272488279,-0.803345496061786,14,I T I T I 500 A I T W W I T I T S S S S P P P P P 200 P 200 P 200 P 200 R R R R P P P P P 200 P 200 P 200 P 200 I 200 I 200 I 200 I 200 A A A A B B B B B 200 B 200 B 200 B 200,0
76,0,0,46,-0.98940654729382,-0.9681540326212535,124,I T I T I 500 A I T I T R R R P P P P 200 P 200 P 200 C C 200 C C 200 C C 200 I 487 A I 487 A I 487 A,0
77,0,0,58,-1.0095933546844644,-0.9559216848499867,28,I T I T I 500 A I I T I T T R R R R P P P P P 200 P 200 P 200 P 200 C C 200 C C 200 C C 200 C C 200 I 487 A I 487 A I 487 A I 487 A,0
78,0,0,53,-1.2193586083964156,-1.1578671765652888,28,I T I T I 500 A I I T I T T R R R R P P P P P 200 P 200 P 200 P 200 C C 200 C C 200 C C 200 C C 200 I 487 A I 487 A I 487 A I 487 A,0
79,0,0,59,-0.7591337049661081,-0.6951098832482324,248,I T I T I 500 A I T I T S S S P P P P 200 P 200 P 200 R R R P P P P 200 P 200 P 200 C C 200 C C 200 C C 200 I 487 A I 487 A I 487 A,0
80,0,0,80,-0.5635947664957655,-0.5614826427792783,113,I T I T I 500 A I T I T I T R R R R P P P P P 200 P 200 P 200 P 200 I 200 I 200 I 200 I 200 A A A A U U U U 200 U 200 U 200 U 200 B B B B B 200 B 200 B 200 B 200,0
81,0,0,30,-0.7456824995935122,-0.74529464319892,113,I T I T I 500 A I T I T I T R R R R P P P P P 200 P 200 P 200 P 200 I 200 I 200 I 200 I 200 A A A A U U U U 200 U 200 U 200 U 200 B B B B B 200 B 200 B 200 B 200,0
82,0,0,62,-0.7883039639472078,-0.774555962392629,113,I T I T I 500 A I T I T I T R R R R P P P P P 200 P 200 P 200 P 200 I 200 I 200 I 200 I 200 A A A A U U U U 200 U 200 U 200 U 200 B B B B B 200 B 200 B 200 B 200,0
83,0,0,33,-0.9020122668774159,-0.8859352929625731,37,I T I T I 500 A I T I T I 200 I 200 I 200 A A A A B B B B 200 B 200 B 200,0
84,0,0,78,-0.8390329775655354,-0.8367285007499919,59,I T I T I 500 A I T I T I T R R R R P P P P P 200 P 200 P 200 P 200 I 200 I 200 I 200 I 200 A A A A U U U U 200 U 200 U 200 U 200 U U U 200 U 200 U U U 200 U 200 B B B B B 200 B 200 B 200 B 200,0
85,0,0,53,-1.0829882336934702,-0.9971329234598117,28,I T I T I 500 A I I T I T T R R R R P P P P P 200 P 200 P 200 P 200 C C 200 C C 200 C C 200 C C 200 I 487 A I 487 A I 487 A I 487 A,0
86,0,0,27,-1.1054127153462712,-1.07282329218309,27,I T I T I 500 A I T I T I 486 A I 486 A I 486 A,0
87,0,0,37,-0.8536219090668855,-0.8503574851791128,52,I T I T I 500 I T I T I A T R R R R P P P P P 200 P 200 P 200 P 200 I 200 I 200 I 200 I 200 A A A A B B B B B 200 B 200 B 200 B 200,0
88,0,0,59,-0.8452227996731311,-0.82748068874763,60,I T I T I 500 A I T I T S S S P P P P P 200 P 200 P 200 P 200 R R R P P P P P 200 P 200 P 200 P 200 I 200 I 200 I 200 A A A A B B B B B 200 B 200 B 200 B 200,0
89,0,0,53,-0.36705100684479475,-0.3669834238881995,5,I T I T I 500 A I T I T I T R R R R P P P P P 200 P 200 P 200 P 200 I 200 I 200 I 200 I 200 A A A A B B B B B 200 B 200 B 200 B 200,0
90,0,0,53,-0.6709438273876098,-0.6502996428866452,76,I T I T I 500 A I T I T I T R R R R P P P P P 200 P 200 P 200 P 200 C C 200 C C C 200 C C 200 C 200 I 487 A I 487 A I 487 A I 487 A,0
91,0,0,53,-0.6802193684144725,-0.66341929558494,302,I T I T I 500 A I I T T I T R R R R P P P P P 200 P 200 P 200 P 200 I 200 I 200 I 200 I 200 A A A A B B B B B 200 B 200 B 200 B 200,0
92,0,0,80,-0.6389157665750851,-0.6096139698838683,1,I T I T I 500 A I T I T I T R R R R P P P P P 200 P 200 P 200 P 200 I 200 I 200 I 200 I 200 A A A A U U U 200 U 200 U U U 200 U 200 B B B B B 200 B 200 B 200 B 200,0
93,0,0,88,-0.6596258447957224,-0.6376356155669509,59,I T I T I 500 A I T I T I T R R R R P P P P P 200 P 200 P 200 P 200 I 200 I 200 I 200 I 200 A A A A U U U U 200 U 200 U 200 U 200 U U U 200 U 200 U U U 200 U 200 B B B B B 200 B 200 B 200 B 200,0
94,0,0,25,-0.9194576667750692,-0.8964906367127008,27,I T I T I 500 A I T I T I 486 A I 486 A I 486 A,0
95,0,0,78,-0.6301484700501959,-0.6291636815110498,113,I T I T I 500 A I T I T I T R R R R P P P P P 200 P 200 P 200 P 200 I 200 I 200 I 200 I 200 A A A A U U U U 200 U 200 U 200 U 200 B B B B B 200 B 200 B 200 B 200,0
96,0,0,59,-0.6432461166863797,-0.6411419830135375,113,I T I T I 500 A I T I T I T R R R R P P P P P 200 P 200 P 200 P 200 I 200 I 200 I 200 I 200 A A A A U U U U 200 U 200 U 200 U 200 B B B B B 200 B 200 B 200 B 200,0
97,0,0,50,-1.0806484783616492,-1.0227685471598889,190,I T I 407 A I T I T I 500 A I T I T S S S P P P P P 200 P 200 P 200 P 200 I 480 A I 480 A I 480 A,0
98,0,1,25,-1.5328501026180832,-1.5293537195634814,213,I T I T I 500 I A T I 486 A I 486 A,0
99,0,0,53,-0.5901542590727639,-0.5329220722426397,28,I T I T I 500 A I I T I T T R R R R P P P P P 200 P 200 P 200 P 200 C C 200 C C 200 C C 200 C C 200 I 487 A I 487 A I 487 A I 487 A,0
100,0,0,71,-1.0551931388153941,-1.0304467440656737,357,I T I T I 500 A I T I T I T R R R R P P P P P 200 P 200 P 200 P 200 C C 200 C C 200 I 487 C A I 487 C 200 C A C 200 I 487 A I 487 A,0
101,0,0,64,-0.7853466497856064,-0.7227404433008349,28,I T I T I 500 A I I T I T T R R R R P P P P P 200 P 200 P 200 P 200 C C 200 C C 200 C C 200 C C 200 I 487 A I 487 A I 487 A I 487 A,0
102,0,0,60,-0.9008527125878786,-0.8838274912507955,53,I T I 407 A I T I T I 500 A I T I T S S S P P P P 200 P 200 P 200 R R R P P P P 200 P 200 P 200 I 200 I 200 I 200 A A A A B B B B 200 B 200 B 200,0
103,0,0,84,-0.927788611523191,-0.8973984906488529,104,I T I 407 A I T I T I 500 A I T I T S S S P P P P P 200 P 200 P 200 P 200 R R R P P P P P 200 P 200 P 200 P 200 I 200 I 200 I 200 A A A A I T I T I T I 200 I 200 I 200 A A A A B B B B B 200 B 200 B 200 B 200,0
104,0,0,75,-0.6568461038915946,-0.6337336599299479,113,I T I T I 500 A I T I T I T R R R R P P P P P 200 P 200 P 200 P 200 I 200 I 200 I 200 I 200 A A A A U U U U 200 U 200 U 200 U 200 B B B B B 200 B 200 B 200 B 200,0
105,0,0,53,-0.987308842023968,-0.97289222963161,323,I T I T I 500 A I T I T I T R R R R P P P P P 200 P 200 P 200 P 200 C C 200 C C 200 C C 200 C C 200 I 487 I 487 A I 487 A I 487 A A,0
106,0,0,59,-0.515516882697385,-0.5142908257510561,5,I T I T I 500 A I T I T I T R R R R P P P P P 200 P 200 P 200 P 200 I 200 I 200 I 200 I 200 A A A A B B B B B 200 B 200 B 200 B 200,0
107,0,0,54,-1.1057915207430478,-1.0719361339131634,170,I T I T I 500 A I T I T S S S P P P P 200 S S P 200 P 200 S P P P P 200 P 200 P 200 R R R P P P P 200 P 200 P 200 I 200 I 200 I 200 A A A A B B B B 200 B 200 B 200,0
108,0,0,53,-1.0054819974267464,-0.9998333554688915,248,I T I T I 500 A I T I T S S S P P P P 200 P 200 P 200 R R R P P P P 200 P 200 P 200 C C 200 C C 200 C C 200 I 487 A I 487 A I 487 A,0
109,0,0,53,-0.36705100684479475,-0.3669834238881995,5,I T I T I 500 A I T I T I T R R R R P P P P P 200 P 200 P 200 P 200 I 200 I 200 I 200 I 200 A A A A B B B B B 200 B 200 B 200 B 200,0
110,0,0,88,-0.6596258447957225,-0.6374930750462829,59,I T I T I 500 A I T I T I T R R R R P P P P P 200 P 200 P 200 P 200 I 200 I 200 I 200 I 200 A A A A U U U U 200 U 200 U 200 U 200 U U U 200 U 200 U U U 200 U 200 B B B B B 200 B 200 B 200 B 200,0
111,0,0,112,-0.6638080555822666,-0.6470340457941959,59,I T I T I 500 A I T I T I T R R R R P P P P P 200 P 200 P 200 P 200 I 200 I 200 I 200 I 200 A A A A U U U U 200 U 200 U 200 U 200 U U U 200 U 200 U U U 200 U 200 B B B B B 200 B 200 B 200 B 200,0
112,0,0,103,-1.2365169344672833,-1.1889932480820207,158,I T I T I 500 I A T I T I T R R R R P P P P P 200 P 200 P 200 P 200 C C 200 C C 200 C C 200 C C 200 I 487 A I 487 A I 487 A I 487 A,0
113,0,0,64,-0.8207541463612458,-0.767867036851168,59,I T I T I 500 A I T I T I T R R R R P P P P P 200 P 200 P 200 P 200 I 200 I 200 I 200 I 200 A A A A U U U U 200 U 200 U 200 U 200 U U U 200 U 200 U U U 200 U 200 B B B B B 200 B 200 B 200 B 200,0
114,0,0,59,-1.0203070604970823,-0.9897571624339098,113,I T I T I 500 A I T I T I T R R R R P P P P P 200 P 200 P 200 P 200 I 200 I 200 I 200 I 200 A A A A U U U U 200 U 200 U 200 U 200 B B B B B 200 B 200 B 200 B 200,0
115,0,0,66,-1.0388084284412462,-0.9714701272451444,59,I T I T I 500 A I T I T I T R R R R P P P P P 200 P 200 P 200 P 200 I 200 I 200 I 200 I 200 A A A A U U U U 200 U 200 U 200 U 200 U U U 200 U 200 U U U 200 U 200 B B B B B 200 B 200 B 200 B 200,0
116,0,0,138,-1.0071102796849989,-0.9880694531546712,59,I T I T I 500 A I T I T I T R R R R P P P P P 200 P 200 P 200 P 200 I 200 I 200 I 200 I 200 A A A A U U U U 200 U 200 U 200 U 200 U U U 200 U 200 U U U 200 U 200 B B B B B 200 B 200 B 200 B 200,0
117,0,0,56,-0.5410995874049824,-0.5408513912905027,113,I T I T I 500 A I T I T I T R R R R P P P P P 200 P 200 P 200 P 200 I 200 I 200 I 200 I 200 A A A A U U U U 200 U 200 U 200 U 200 B B B B B 200 B 200 B 200 B 200,0
118,0,0,118,-0.9524587878756227,-0.9263657167389393,104,I T I 407 A I T I T I 500 A I T I T S S S P P P P P 200 P 200 P 200 P 200 R R R P P P P P 200 P 200 P 200 P 200 I 200 I 200 I 200 A A A A I T I T I T I 200 I 200 I 200 A A A A B B B B B 200 B 200 B 200 B 200,0
119,0,0,29,-0.9491772188442741,-0.947276474488702,76,I T I T I 500 A I T I T I T R R R R P P P P P 200 P 200 P 200 P 200 C C 200 C C C 200 C C 200 C 200 I 487 A I 487 A I 487 A I 487 A,0
120,0,0,63,-0.9774602800638098,-0.9635500529026293,226,I I T T I 500 A I T I T S S S P P P P 200 P 200 P 200 R R R P P P P 200 P 200 P 200 I 200 I 200 I 200 A A A A B B B B 200 B 200 B 200,0
121,0,0,89,-1.1275407820860022,-1.105074020344525,28,I T I T I 500 A I I T I T T R R R R P P P P P 200 P 200 P 200 P 200 C C 200 C C 200 C C 200 C C 200 I 487 A I 487 A I 487 A I 487 A,0
122,0,0,53,-0.36705100684479475,-0.3669834238881995,5,I T I T I 500 A I T I T I T R R R R P P P P P 200 P 200 P 200 P 200 I 200 I 200 I 200 I 200 A A A A B B B B B 200 B 200 B 200 B 200,0
123,0,0,63,-0.7075703298259056,-0.7045132681803189,113,I T I T I 500 A I T I T I T R R R R P P P P P 200 P 200 P 200 P 200 I 200 I 200 I 200 I 200 A A A A U U U U 200 U 200 U 200 U 200 B B B B B 200 B 200 B 200 B 200,0
124,0,0,69,-0.7134932304635933,-0.7067441054061305,113,I T I T I 500 A I T I T I T R R R R P P P P P 200 P 200 P 200 P 200 I 200 I 200 I 200 I 200 A A A A U U U U 200 U 200 U 200 U 200 B B B B B 200 B 200 B 200 B 200,0
125,0,0,71,-0.7088025225648655,-0.706589958702042,14,I T I T I 500 A I T W W I T I T S S S S P P P P P 200 P 200 P 200 P 200 R R R R P P P P P 200 P 200 P 200 P 200 I 200 I 200 I 200 I 200 A A A A B B B B B 200 B 200 B 200 B 200,0
126,0,0,59,-0.7235419185265086,-0.7232008708801098,53,I T I 407 A I T I T I 500 A I T I T S S S P P P P 200 P 200 P 200 R R R P P P P 200 P 200 P 200 I 200 I 200 I 200 A A A A B B B B 200 B 200 B 200,0
127,0,0,15,-0.82794970505601,-0.800841566498421,27,I T I T I 500 A I T I T I 486 A I 486 A I 486 A,0
128,0,0,35,-1.0303977047518829,-1.0067313625466905,104,I T I 407 A I T I T I 500 A I T I T S S S P P P P P 200 P 200 P 200 P 200 R R R P P P P P 200 P 200 P 200 P 200 I 200 I 200 I 200 A A A A I T I T I T I 200 I 200 I 200 A A A A B B B B B 200 B 200 B 200 B 200,0
129,0,0,95,-1.1112760513743218,-1.0404940233742321,5,I T I T I 500 A I T I T I T R R R R P P P P P 200 P 200 P 200 P 200 I 200 I 200 I 200 I 200 A A A A B B B B B 200 B 200 B 200 B 200,0
130,0,0,15,-1.0105164275883762,-1.0093993514029114,213,I T I T I 500 I A T I 486 A I 486 A,0
131,0,0,65,-1.116986859458595,-1.0809871085816878,28,I T I T I 500 A I I T I T T R R R R P P P P P 200 P 200 P 200 P 200 C C 200 C C 200 C C 200 C C 200 I 487 A I 487 A I 487 A I 487 A,0
132,0,0,77,-0.6797311239511301,-0.6520096841979518,59,I T I T I 500 A I T I T I T R R R R P P P P P 200 P 200 P 200 P 200 I 200 I 200 I 200 I 200 A A A A U U U U 200 U 200 U 200 U 200 U U U 200 U 200 U U U 200 U 200 B B B B B 200 B 200 B 200 B 200,0
133,0,0,160,-0.6879824618647253,-0.6749650528565387,59,I T I T I 500 A I T I T I T R R R R P P P P P 200 P 200 P 200 P 200 I 200 I 200 I 200 I 200 A A A A U U U U 200 U 200 U 200 U 200 U U U 200 U 200 U U U 200 U 200 B B B B B 200 B 200 B 200 B 200,0
134,0,0,81,-0.9243508992319576,-0.8971833978014665,59,I T I T I 500 A I T I T I T R R R R P P P P P 200 P 200 P 200 P 200 I 200 I 200 I 200 I 200 A A A A U U U U 200 U 200 U 200 U 200 U U U 200 U 200 U U U 200 U 200 B B B B B 200 B 200 B 200 B 200,0
135,0,0,70,-0.6004668017439564,-0.5722121355359472,76,I T I T I 500 A I T I T I T R R R R P P P P P 200 P 200 P 200 P 200 C C 200 C C C 200 C C 200 C 200 I 487 A I 487 A I 487 A I 487 A,0
136,0,0,59,-1.0178839051255757,-1.0160932155767857,53,I T I 407 A I T I T I 500 A I T I T S S S P P P P 200 P 200 P 200 R R R P P P P 200 P 200 P 200 I 200 I 200 I 200 A A A A B B B B 200 B 200 B 200,0
137,0,0,65,-0.95577798851972,-0.9069206574933057,5,I T I T I 500 A I T I T I T R R R R P P P P P 200 P 200 P 200 P 200 I 200 I 200 I 200 I 200 A A A A B B B B B 200 B 200 B 200 B 200,0
138,0,0,65,-0.354827215241636,-0.3547911395033399,5,I T I T I 500 A I T I T I T R R R R P P P P P 200 P 200 P 200 P 200 I 200 I 200 I 200 I 200 A A A A B B B B B 200 B 200 B 200 B 200,0
139,0,0,66,-0.9531121570886562,-0.9449814591547745,60,I T I T I 500 A I T I T S S S P P P P P 200 P 200 P 200 P 200 R R R P P P P P 200 P 200 P 200 P 200 I 200 I 200 I 200 A A A A B B B B B 200 B 200 B 200 B 200,0
140,0,0,51,-1.1134301251981478,-1.0947940320059892,60,I T I T I 500 A I T I T S S S P P P P P 200 P 200 P 200 P 200 R R R P P P P P 200 P 200 P 200 P 200 I 200 I 200 I 200 A A A A B B B B B 200 B 200 B 200 B 200,0
141,0,0,53,-0.7533240891444407,-0.7399582770495827,158,I T I T I 500 I A T I T I T R R R R P P P P P 200 P 200 P 200 P 200 C C 200 C C 200 C C 200 C C 200 I 487 A I 487 A I 487 A I 487 A,0
142,0,0,77,-0.8155716667661665,-0.7616187939781119,113,I T I T I 500 A I T I T I T R R R R P P P P P 200 P 200 P 200 P 200 I 200 I 200 I 200 I 200 A A A A U U U U 200 U 200 U 200 U 200 B B B B B 200 B 200 B 200 B 200,0
143,0,0,24,-0.5280007003720376,-0.5245988299964588,5,I T I T I 500 A I T I T I T R R R R P P P P P 200 P 200 P 200 P 200 I 200 I 200 I 200 I 200 A A A A B B B B B 200 B 200 B 200 B 200,0
144,0,0,66,-0.7864839419771621,-0.7836116770684088,59,I T I T I 500 A I T I T I T R R R R P P P P P 200 P 200 P 200 P 200 I 200 I 200 I 200 I 200 A A A A U U U U 200 U 200 U 200 U 200 U U U 200 U 200 U U U 200 U 200 B B B B B 200 B 200 B 200 B 200,0
145,0,0,93,-0.812168791103541,-0.8110012700725981,14,I T I T I 500 A I T W W I T I T S S S S P P P P P 200 P 200 P 200 P 200 R R R R P P P P P 200 P 200 P 200 P 200 I 200 I 200 I 200 I 200 A A A A B B B B B 200 B 200 B 200 B 200,0
146,0,0,30,-0.7456824995935122,-0.74529464319892,113,I T I T I 500 A I T I T I T R R R R P P P P P 200 P 200 P 200 P 200 I 200 I 200 I 200 I 200 A A A A U U U U 200 U 200 U 200 U 200 B B B B B 200 B 200 B 200 B 200,0
147,0,0,53,-0.7398949141850224,-0.7396639953858152,49,I T I T I 500 I A T I T I T R R R R P P P P P 200 P 200 P 200 P 200 I 200 I 200 I 200 I 200 A A A A B B B B B 200 B 200 B 200 B 200,0
148,0,0,103,-0.8360691322588245,-0.8005478670637012,59,I T I T I 500 A I T I T I T R R R R P P P P P 200 P 200 P 200 P 200 I 200 I 200 I 200 I 200 A A A A U U U U 200 U 200 U 200 U 200 U U U 200 U 200 U U U 200 U 200 B B B B B 200 B 200 B 200 B 200,0
149,0,0,45,-0.7711032380372401,-0.7441126819993291,0,I T I T I 500 A I T I T R R R P P P P 200 P 200 P 200 I 200 I 200 I 200 A A A A B B B B 200 B 200 B 200,0
150,0,0,53,-0.6709438273876098,-0.6503024251210604,76,I T I T I 500 A I T I T I T R R R R P P P P P 200 P 200 P 200 P 200 C C 200 C C C 200 C C 200 C 200 I 487 A I 487 A I 487 A I 487 A,0
151,0,0,53,-0.8492976687557259,-0.8200521603231985,76,I T I T I 500 A I T I T I T R R R R P P P P P 200 P 200 P 200 P 200 C C 200 C C C 200 C C 200 C 200 I 487 A I 487 A I 487 A I 487 A,0
152,0,0,55,-0.5008642274568484,-0.5004470382239569,5,I T I T I 500 A I T I T I T R R R R P P P P P 200 P 200 P 200 P 200 I 200 I 200 I 200 I 200 A A A A B B B B B 200 B 200 B 200 B 200,0
153,0,0,91,-0.6843250292272738,-0.6717754040522761,100,I T I T I 500 A I T I T I T R R R R P P P P P 200 P 200 P 200 P 200 I 200 I 200 I 200 I 200 A A A A I T I T I T I I 200 I 200 I 200 I 200 A A A A B B B B B 200 B 200 B 200 B 200,0
154,0,0,60,-0.6203792088148561,-0.6186043469199779,113,I T I T I 500 A I T I T I T R R R R P P P P P 200 P 200 P 200 P 200 I 200 I 200 I 200 I 200 A A A A U U U U 200 U 200 U 200 U 200 B B B B B 200 B 200 B 200 B 200,0
155,0,0,52,-0.36188162836330096,-0.36179565019509524,5,I T I T I 500 A I T I T I T R R R R P P P P P 200 P 200 P 200 P 200 I 200 I 200 I 200 I 200 A A A A B B B B B 200 B 200 B 200 B 200,0
156,0,0,30,-1.1161054125331904,-1.0988265607565353,27,I T I T I 500 A I T I T I 486 A I 486 A I 486 A,0
157,0,0,65,-0.7885999143213942,-0.7853986904314311,59,I T I T I 500 A I T I T I T R R R R P P P P P 200 P 200 P 200 P 200 I 200 I 200 I 200 I 200 A A A A U U U U 200 U 200 U 200 U 200 U U U 200 U 200 U U U 200 U 200 B B B B B 200 B 200 B 200 B 200,0
158,0,0,53,-0.9131930315838472,-0.8547808272638132,76,I T I T I 500 A I T I T I T R R R R P P P P P 200 P 200 P 200 P 200 C C 200 C C C 200 C C 200 C 200 I 487 A I 487 A I 487 A I 487 A,0
159,0,0,53,-0.7647728161056792,-0.7642374663375613,24,I T I 407 A I T I T I 500 A I T I T R R R P P P P 200 P 200 P 200 I 200 I 200 I 200 A A A A B B B B 200 B 200 B 200,0
160,0,0,79,-0.8612756350038299,-0.8295419142894835,113,I T I T I 500 A I T I T I T R R R R P P P P P 200 P 200 P 200 P 200 I 200 I 200 I 200 I 200 A A A A U U U U 200 U 200 U 200 U 200 B B B B B 200 B 200 B 200 B 200,0
161,0,0,100,-0.6559912481554988,-0.63696176932155,59,I T I T I 500 A I T I T I T R R R R P P P P P 200 P 200 P 200 P 200 I 200 I 200 I 200 I 200 A A A A U U U U 200 U 200 U 200 U 200 U U U 200 U 200 U U U 200 U 200 B B B B B 200 B 200 B 200 B 200,0
162,0,0,65,-0.911687214014262,-0.902539566660824,60,I T I T I 500 A I T I T S S S P P P P P 200 P 200 P 200 P 200 R R R P P P P P 200 P 200 P 200 P 200 I 200 I 200 I 200 A A A A B B B B B 200 B 200 B 200 B 200,0
163,0,0,77,-0.8669684463172241,-0.8553553390203554,323,I T I T I 500 A I T I T I T R R R R P P P P P 200 P 200 P 200 P 200 C C 200 C C 200 C C 200 C C 200 I 487 I 487 A I 487 A I 487 A A,0
164,0,0,42,-1.0624206187487615,-1.0391627493682225,53,I T I 407 A I T I T I 500 A I T I T S S S P P P P 200 P 200 P 200 R R R P P P P 200 P 200 P 200 I 200 I 200 I 200 A A A A B B B B 200 B 200 B 200,0
165,0,0,19,-0.5515069918912744,-0.5474389766697046,5,I T I T I 500 A I T I T I T R R R R P P P P P 200 P 200 P 200 P 200 I 200 I 200 I 200 I 200 A A A A B B B B B 200 B 200 B 200 B 200,0
166,0,1,15,-1.5695856176157974,-1.4369977888512246,27,I T I T I 500 A I T I T I 486 A I 486 A I 486 A,0
167,0,0,53,-0.8376175123052606,-0.7929973864768493,323,I T I T I 500 A I T I T I T R R R R P P P P P 200 P 200 P 200 P 200 C C 200 C C 200 C C 200 C C 200 I 487 I 487 A I 487 A I 487 A A,0
168,0,0,76,-0.7413951497073031,-0.7111514763157137,59,I T I T I 500 A I T I T I T R R R R P P P P P 200 P 200 P 200 P 200 I 200 I 200 I 200 I 200 A A A A U U U U 200 U 200 U 200 U 200 U U U 200 U 200 U U U 200 U 200 B B B B B 200 B 200 B 200 B 200,0
169,0,0,68,-0.7207705759219705,-0.6924614561034066,59,I T I T I 500 A I T I T I T R R R R P P P P P 200 P 200 P 200 P 200 I 200 I 200 I 200 I 200 A A A A U U U U 200 U 200 U 200 U 200 U U U 200 U 200 U U U 200 U 200 B B B B B 200 B 200 B 200 B 200,0
170,0,1,39,-1.510792339792467,-1.5048616070380598,563,I T I T I 500 A I T I T I T I 408 A I 408 A S S P P P 200 P 200 C C 200 C C 200 I 408 A I 408 A,0
171,0,0,93,-0.7855100807190495,-0.7815087838506535,60,I T I T I 500 A I T I T S S S P P P P P 200 P 200 P 200 P 200 R R R P P P P P 200 P 200 P 200 P 200 I 200 I 200 I 200 A A A A B B B B B 200 B 200 B 200 B 200,0
172,0,0,74,-1.0480471598711394,-1.0101346708782564,248,I T I T I 500 A I T I T S S S P P P P 200 P 200 P 200 R R R P P P P 200 P 200 P 200 C C 200 C C 200 C C 200 I 487 A I 487 A I 487 A,0
173,0,0,58,-0.9113716891262806,-0.8931812157309514,60,I T I T I 500 A I T I T S S S P P P P P 200 P 200 P 200 P 200 R R R P P P P P 200 P 200 P 200 P 200 I 200 I 200 I 200 A A A A B B B B B 200 B 200 B 200 B 200,0
174,0,0,98,-0.9892417170603846,-0.9620680379364215,59,I T I T I 500 A I T I T I T R R R R P P P P P 200 P 200 P 200 P 200 I 200 I 200 I 200 I 200 A A A A U U U U 200 U 200 U 200 U 200 U U U 200 U 200 U U U 200 U 200 B B B B B 200 B 200 B 200 B 200,0
175,0,0,45,-0.3914941646411231,-0.39132971956493245,5,I T I T I 500 A I T I T I T R R R R P P P P P 200 P 200 P 200 P 200 I 200 I 200 I 200 I 200 A A A A B B B B B 200 B 200 B 200 B 200,0
176,0,0,41,-1.1979603477388732,-1.1951762246409798,248,I T I T I 500 A I T I T S S S P P P P 200 P 200 P 200 R R R P P P P 200 P 200 P 200 C C 200 C C 200 C C 200 I 487 A I 487 A I 487 A,0
177,0,0,57,-0.8986511824124037,-0.8899164757745451,113,I T I T I 500 A I T I T I T R R R R P P P P P 200 P 200 P 200 P 200 I 200 I 200 I 200 I 200 A A A A U U U U 200 U 200 U 200 U 200 B B B B B 200 B 200 B 200 B 200,0
178,0,0,65,-0.6184272257079843,-0.6181113159803072,53,I T I 407 A I T I T I 500 A I T I T S S S P P P P 200 P 200 P 200 R R R P P P P 200 P 200 P 200 I 200 I 200 I 200 A A A A B B B B 200 B 200 B 200,0
179,0,0,50,-0.7865641300723506,-0.776553657927034,25,I T I T I 500 A I I T I T T R R R R P P P P P 200 P 200 P 200 P 200 I 200 I 200 I 200 I 200 A A A A B B B B B 200 B 200 B 200 B 200,0
180,0,0,84,-1.121586809736229,-1.102068992911097,302,I T I T I 500 A I I T T I T R R R R P P P P P 200 P 200 P 200 P 200 I 200 I 200 I 200 I 200 A A A A B B B B B 200 B 200 B 200 B 200,0
181,0,0,54,-0.9500420634288893,-0.8690954328840776,59,I T I T I 500 A I T I T I T R R R R P P P P P 200 P 200 P 200 P 200 I 200 I 200 I 200 I 200 A A A A U U U U 200 U 200 U 200 U 200 U U U 200 U 200 U U U 200 U 200 B B B B B 200 B 200 B 200 B 200,0
182,0,0,53,-0.6876890016990693,-0.6678740904755276,5,I T I T I 500 A I T I T I T R R R R P P P P P 200 P 200 P 200 P 200 I 200 I 200 I 200 I 200 A A A A B B B B B 200 B 200 B 200 B 200,0
183,0,0,52,-0.6708722321977741,-0.664364406232782,25,I T I T I 500 A I I T I T T R R R R P P P P P 200 P 200 P 200 P 200 I 200 I 200 I 200 I 200 A A A A B B B B B 200 B 200 B 200 B 200,0
184,0,0,72,-0.9630376625766583,-0.9098690909239399,113,I T I T I 500 A I T I T I T R R R R P P P P P 200 P 200 P 200 P 200 I 200 I 200 I 200 I 200 A A A A U U U U 200 U 200 U 200 U 200 B B B B B 200 B 200 B 200 B 200,0
185,0,0,47,-0.825353863692583,-0.824983640268849,24,I T I 407 A I T I T I 500 A I T I T R R R P P P P 200 P 200 P 200 I 200 I 200 I 200 A A A A B B B B 200 B 200 B 200,0
186,0,0,56,-0.8134781108154764,-0.8083314228895259,25,I T I T I 500 A I I T I T T R R R R P P P P P 200 P 200 P 200 P 200 I 200 I 200 I 200 I 200 A A A A B B B B B 200 B 200 B 200 B 200,0
187,0,0,53,-0.36705100684479475,-0.3669834238881995,5,I T I T I 500 A I T I T I T R R R R P P P P P 200 P 200 P 200 P 200 I 200 I 200 I 200 I 200 A A A A B B B B B 200 B 200 B 200 B 200,0
188,0,0,24,-0.9318970144495845,-0.871795499603122,248,I T I T I 500 A I T I T S S S P P P P 200 P 200 P 200 R R R P P P P 200 P 200 P 200 C C 200 C C 200 C C 200 I 487 A I 487 A I 487 A,0
189,0,0,56,-0.5640469044387489,-0.5624775689300785,5,I T I T I 500 A I T I T I T R R R R P P P P P 200 P 200 P 200 P 200 I 200 I 200 I 200 I 200 A A A A B B B B B 200 B 200 B 200 B 200,0
190,0,0,61,-0.9541265503604432,-0.9100818974207794,158,I T I T I 500 I A T I T I T R R R R P P P P P 200 P 200 P 200 P 200 C C 200 C C 200 C C 200 C C 200 I 487 A I 487 A I 487 A I 487 A,0
191,0,0,88,-0.7383825404988232,-0.7074905450163681,59,I T I T I 500 A I T I T I T R R R R P P P P P 200 P 200 P 200 P 200 I 200 I 200 I 200 I 200 A A A A U U U U 200 U 200 U 200 U 200 U U U 200 U 200 U U U 200 U 200 B B B B B 200 B 200 B 200 B 200,0
192,0,0,56,-0.7470930245066864,-0.7304854081495493,53,I T I 407 A I T I T I 500 A I T I T S S S P P P P 200 P 200 P 200 R R R P P P P 200 P 200 P 200 I 200 I 200 I 200 A A A A B B B B 200 B 200 B 200,0
193,0,0,62,-1.0871877174883553,-1.0691486940389472,52,I T I T I 500 I T I T I A T R R R R P P P P P 200 P 200 P 200 P 200 I 200 I 200 I 200 I 200 A A A A B B B B B 200 B 200 B 200 B 200,0
194,0,0,75,-0.6178566650646222,-0.5925012358862047,25,I T I T I 500 A I I T I T T R R R R P P P P P 200 P 200 P 200 P 200 I 200 I 200 I 200 I 200 A A A A B B B B B 200 B 200 B 200 B 200,0
195,0,0,76,-0.8083412480876465,-0.806397980046819,14,I T I T I 500 A I T W W I T I T S S S S P P P P P 200 P 200 P 200 P 200 R R R R P P P P P 200 P 200 P 200 P 200 I 200 I 200 I 200 I 200 A A A A B B B B B 200 B 200 B 200 B 200,0
196,0,0,58,-0.983573128004738,-0.9253974748570049,28,I T I T I 500 A I I T I T T R R R R P P P P P 200 P 200 P 200 P 200 C C 200 C C 200 C C 200 C C 200 I 487 A I 487 A I 487 A I 487 A,0
197,0,0,72,-0.7046216592550377,-0.6783788521241232,59,I T I T I 500 A I T I T I T R R R R P P P P P 200 P 200 P 200 P 200 I 200 I 200 I 200 I 200 A A A A U U U U 200 U 200 U 200 U 200 U U U 200 U 200 U U U 200 U 200 B B B B B 200 B 200 B 200 B 200,0
198,0,0,89,-1.1225505989694349,-1.0975450060951168,76,I T I T I 500 A I T I T I T R R R R P P P P P 200 P 200 P 200 P 200 C C 200 C C C 200 C C 200 C 200 I 487 A I 487 A I 487 A I 487 A,0
199,0,0,98,-0.9975843926659703,-0.9512421563162827,5,I T I T I 500 A I T I T I T R R R R P P P P P 200 P 200 P 200 P 200 I 200 I 200 I 200 I 200 A A A A B B B B B 200 B 200 B 200 B 200,0
200,0,0,60,-0.6212364773201441,-0.6092732672790446,60,I T I T I 500 A I T I T S S S P P P P P 200 P 200 P 200 P 200 R R R P P P P P 200 P 200 P 200 P 200 I 200 I 200 I 200 A A A A B B B B B 200 B 200 B 200 B 200,0
201,0,0,53,-0.6826635520312178,-0.657809726071091,323,I T I T I 500 A I T I T I T R R R R P P P P P 200 P 200 P 200 P 200 C C 200 C C 200 C C 200 C C 200 I 487 I 487 A I 487 A I 487 A A,0
202,0,0,53,-0.6662205468537549,-0.66613703159085,25,I T I T I 500 A I I T I T T R R R R P P P P P 200 P 200 P 200 P 200 I 200 I 200 I 200 I 200 A A A A B B B B B 200 B 200 B 200 B 200,0
203,0,0,77,-1.0259570315765043,-1.0111733180606552,113,I T I T I 500 A I T I T I T R R R R P P P P P 200 P 200 P 200 P 200 I 200 I 200 I 200 I 200 A A A A U U U U 200 U 200 U 200 U 200 B B B B B 200 B 200 B 200 B 200,0
204,0,0,66,-1.117812033927581,-1.078931853335381,5,I T I T I 500 A I T I T I T R R R R P P P P P 200 P 200 P 200 P 200 I 200 I 200 I 200 I 200 A A A A B B B B B 200 B 200 B 200 B 200,0
205,0,0,25,-1.2378014665732864,-1.233858097688837,215,I T I 407 A I T I T I 500 A I T I T I 480 A I 480 A I 480 A,0
206,0,0,58,-1.0069538309741026,-0.9809297260225379,1,I T I T I 500 A I T I T I T R R R R P P P P P 200 P 200 P 200 P 200 I 200 I 200 I 200 I 200 A A A A U U U 200 U 200 U U U 200 U 200 B B B B B 200 B 200 B 200 B 200,0
207,0,0,64,-0.6953897210041226,-0.6507663831119317,113,I T I T I 500 A I T I T I T R R R R P P P P P 200 P 200 P 200 P 200 I 200 I 200 I 200 I 200 A A A A U U U U 200 U 200 U 200 U 200 B B B B B 200 B 200 B 200 B 200,0
208,0,0,77,-0.7637798039534668,-0.7621176427499582,59,I T I T I 500 A I T I T I T R R R R P P P P P 200 P 200 P 200 P 200 I 200 I 200 I 200 I 200 A A A A U U U U 200 U 200 U 200 U 200 U U U 200 U 200 U U U 200 U 200 B B B B B 200 B 200 B 200 B 200,0
209,0,0,76,-0.6542934661489296,-0.6339997695009617,113,I T I T I 500 A I T I T I T R R R R P P P P P 200 P 200 P 200 P 200 I 200 I 200 I 200 I 200 A A A A U U U U 200 U 200 U 200 U 200 B B B B B 200 B 200 B 200 B 200,0
210,0,0,75,-0.8105440683673432,-0.8010863116862066,60,I T I T I 500 A I T I T S S S P P P P P 200 P 200 P 200 P 200 R R R P P P P P 200 P 200 P 200 P 200 I 200 I 200 I 200 A A A A B B B B B 200 B 200 B 200 B 200,0
211,0,0,52,-1.0729975479407028,-1.0137347018264062,190,I T I 407 A I T I T I 500 A I T I T S S S P P P P P 200 P 200 P 200 P 200 I 480 A I 480 A I 480 A,0
212,0,0,64,-0.6165121068109555,-0.6160541151240763,113,I T I T I 500 A I T I T I T R R R R P P P P P 200 P 200 P 200 P 200 I 200 I 200 I 200 I 200 A A A A U U U U 200 U 200 U 200 U 200 B B B B B 200 B 200 B 200 B 200,0
213,0,0,80,-1.051103913341733,-1.0197621589205859,293,I T I T I 500 A I T I T S S S P P P P 200 R R P 200 P 200 R P P P P 200 P 200 P 200 S S S P P P P 200 P 200 P 200 U U U U 200 U 200 U 200 I 200 I 200 I 200 A A A A B B B B 200 B 200 B 200,0
214,0,0,41,-0.6693057538195517,-0.6321678508185622,158,I T I T I 500 I A T I T I T R R R R P P P P P 200 P 200 P 200 P 200 C C 200 C C 200 C C 200 C C 200 I 487 A I 487 A I 487 A I 487 A,0
215,0,0,48,-1.09939402284946,-1.074389157033193,146,I T I T I 500 A I T I T R R R P P P P P 200 P 200 P 200 P 200 I 200 I 200 I 200 A A A A B B B B B 200 B 200 B 200 B 200,0
216,0,0,75,-0.5644915904118005,-0.5640867821215856,113,I T I T I 500 A I T I T I T R R R R P P P P P 200 P 200 P 200 P 200 I 200 I 200 I 200 I 200 A A A A U U U U 200 U 200 U 200 U 200 B B B B B 200 B 200 B 200 B 200,0
217,0,0,47,-0.825353863692583,-0.824983640268849,24,I T I 407 A I T I T I 500 A I T I T R R R P P P P 200 P 200 P 200 I 200 I 200 I 200 A A A A B B B B 200 B 200 B 200,0
218,0,0,64,-1.252471436496209,-1.2264020422811692,76,I T I T I 500 A I T I T I T R R R R P P P P P 200 P 200 P 200 P 200 C C 200 C C C 200 C C 200 C 200 I 487 A I 487 A I 487 A I 487 A,0
219,0,0,78,-1.2564736704455786,-1.235141540989505,170,I T I T I 500 A I T I T S S S P P P P 200 S S P 200 P 200 S P P P P 200 P 200 P 200 R R R P P P P 200 P 200 P 200 I 200 I 200 I 200 A A A A B B B B 200 B 200 B 200,0
220,0,0,89,-1.0250937079800293,-0.9987336404725857,28,I T I T I 500 A I I T I T T R R R R P P P P P 200 P 200 P 200 P 200 C C 200 C C 200 C C 200 C C 200 I 487 A I 487 A I 487 A I 487 A,0
221,0,0,92,-0.8166926453788943,-0.7981471305791261,59,I T I T I 500 A I T I T I T R R R R P P P P P 200 P 200 P 200 P 200 I 200 I 200 I 200 I 200 A A A A U U U U 200 U 200 U 200 U 200 U U U 200 U 200 U U U 200 U 200 B B B B B 200 B 200 B 200 B 200,0
222,0,0,35,-1.0646071836966458,-1.0379596461201293,24,I T I 407 A I T I T I 500 A I T I T R R R P P P P 200 P 200 P 200 I 200 I 200 I 200 A A A A B B B B 200 B 200 B 200,0
223,0,1,61,-1.520015532071305,-1.5027971078376812,100,I T I T I 500 A I T I T I T R R R R P P P P P 200 P 200 P 200 P 200 I 200 I 200 I 200 I 200 A A A A I T I T I T I I 200 I 200 I 200 I 200 A A A A B B B B B 200 B 200 B 200 B 200,0
224,0,0,88,-0.6038762951345226,-0.5987940435872026,113,I T I T I 500 A I T I T I T R R R R P P P P P 200 P 200 P 200 P 200 I 200 I 200 I 200 I 200 A A A A U U U U 200 U 200 U 200 U 200 B B B B B 200 B 200 B 200 B 200,0
225,0,0,100,-1.0060264957244724,-0.9834577855914067,59,I T I T I 500 A I T I T I T R R R R P P P P P 200 P 200 P 200 P 200 I 200 I 200 I 200 I 200 A A A A U U U U 200 U 200 U 200 U 200 U U U 200 U 200 U U U 200 U 200 B B B B B 200 B 200 B 200 B 200,0
226,0,0,44,-0.9728476155661236,-0.9021062114880087,190,I T I 407 A I T I T I 500 A I T I T S S S P P P P P 200 P 200 P 200 P 200 I 480 A I 480 A I 480 A,0
227,0,0,53,-0.7008441123560654,-0.6954212029739603,49,I T I T I 500 I A T I T I T R R R R P P P P P 200 P 200 P 200 P 200 I 200 I 200 I 200 I 200 A A A A B B B B B 200 B 200 B 200 B 200,0
228,0,0,62,-0.9697289645574033,-0.9690266559245764,53,I T I 407 A I T I T I 500 A I T I T S S S P P P P 200 P 200 P 200 R R R P P P P 200 P 200 P 200 I 200 I 200 I 200 A A A A B B B B 200 B 200 B 200,0
229,0,0,74,-0.5944640356798951,-0.5856040150558596,60,I T I T I 500 A I T I T S S S P P P P P 200 P 200 P 200 P 200 R R R P P P P P 200 P 200 P 200 P 200 I 200 I 200 I 200 A A A A B B B B B 200 B 200 B 200 B 200,0
230,0,0,84,-0.7885946636852766,-0.7879858661467312,104,I T I 407 A I T I T I 500 A I T I T S S S P P P P P 200 P 200 P 200 P 200 R R R P P P P P 200 P 200 P 200 P 200 I 200 I 200 I 200 A A A A I T I T I T I 200 I 200 I 200 A A A A B B B B B 200 B 200 B 200 B 200,0
231,0,0,71,-1.1419194417660767,-1.1075955224220622,65,I T I T R R P P P 200 P 200 C C 200 C C 200 I 487 A I 487 A,0
232,0,0,62,-0.6567064030599747,-0.6564815140460887,53,I T I 407 A I T I T I 500 A I T I T S S S P P P P 200 P 200 P 200 R R R P P P P 200 P 200 P 200 I 200 I 200 I 200 A A A A B B B B 200 B 200 B 200,0
233,0,0,53,-0.7786826418278802,-0.772264724323135,68,I T I T I 500 I T I T I A T R R R R P P P P P 200 P 200 P 200 P 200 C C 200 C C 200 C C 200 C C 200 I 487 A I 487 A I 487 A I 487 A,0
234,0,0,53,-0.7503429490611788,-0.7500393037787464,11,I T I T I 500 I T I T I T A R R R R P P P P P 200 P 200 P 200 P 200 I 200 I 200 I 200 I 200 A A A A B B B B B 200 B 200 B 200 B 200,0
235,0,0,45,-0.747766705782077,-0.7390858140530521,25,I T I T I 500 A I I T I T T R R R R P P P P P 200 P 200 P 200 P 200 I 200 I 200 I 200 I 200 A A A A B B B B B 200 B 200 B 200 B 200,0
236,0,0,58,-1.1584405570450758,-1.1093322447734584,76,I T I T I 500 A I T I T I T R R R R P P P P P 200 P 200 P 200 P 200 C C 200 C C C 200 C C 200 C 200 I 487 A I 487 A I 487 A I 487 A,0
237,0,0,90,-0.6376180946976568,-0.6340078114088131,113,I T I T I 500 A I T I T I T R R R R P P P P P 200 P 200 P 200 P 200 I 200 I 200 I 200 I 200 A A A A U U U U 200 U 200 U 200 U 200 B B B B B 200 B 200 B 200 B 200,0
238,0,0,53,-0.7655708069581928,-0.7653008057971702,52,I T I T I 500 I T I T I A T R R R R P P P P P 200 P 200 P 200 P 200 I 200 I 200 I 200 I 200 A A A A B B B B B 200 B 200 B 200 B 200,0
239,0,0,97,-0.716754814900763,-0.6871475654757982,59,I T I T I 500 A I T I T I T R R R R P P P P P 200 P 200 P 200 P 200 I 200 I 200 I 200 I 200 A A A A U U U U 200 U 200 U 200 U 200 U U U 200 U 200 U U U 200 U 200 B B B B B 200 B 200 B 200 B 200,0
240,0,0,71,-0.708845217039377,-0.6850588507210105,49,I T I T I 500 I A T I T I T R R R R P P P P P 200 P 200 P 200 P 200 I 200 I 200 I 200 I 200 A A A A B B B B B 200 B 200 B 200 B 200,0
241,0,0,53,-0.960164911831587,-0.9275855474817746,28,I T I T I 500 A I I T I T T R R R R P P P P P 200 P 200 P 200 P 200 C C 200 C C 200 C C 200 C C 200 I 487 A I 487 A I 487 A I 487 A,0
242,0,0,49,-1.2409221831858879,-1.1803209798270171,76,I T I T I 500 A I T I T I T R R R R P P P P P 200 P 200 P 200 P 200 C C 200 C C C 200 C C 200 C 200 I 487 A I 487 A I 487 A I 487 A,0
243,0,0,64,-1.1681555423192214,-1.1292061980562675,76,I T I T I 500 A I T I T I T R R R R P P P P P 200 P 200 P 200 P 200 C C 200 C C C 200 C C 200 C 200 I 487 A I 487 A I 487 A I 487 A,0
244,0,0,61,-0.965671298421646,-0.939007245553174,0,I T I T I 500 A I T I T R R R P P P P 200 P 200 P 200 I 200 I 200 I 200 A A A A B B B B 200 B 200 B 200,0
245,0,0,81,-0.8323279262541815,-0.7847852310874103,59,I T I T I 500 A I T I T I T R R R R P P P P P 200 P 200 P 200 P 200 I 200 I 200 I 200 I 200 A A A A U U U U 200 U 200 U 200 U 200 U U U 200 U 200 U U U 200 U 200 B B B B B 200 B 200 B 200 B 200,0
246,0,0,53,-0.6879643242450844,-0.6814532373674962,25,I T I T I 500 A I I T I T T R R R R P P P P P 200 P 200 P 200 P 200 I 200 I 200 I 200 I 200 A A A A B B B B B 200 B 200 B 200 B 200,0
247,0,0,75,-0.7276972262338622,-0.7261355734254351,28,I T I T I 500 A I I T I T T R R R R P P P P P 200 P 200 P 200 P 200 C C 200 C C 200 C C 200 C C 200 I 487 A I 487 A I 487 A I 487 A,0
248,0,0,49,-1.223206157975697,-1.1625569719696947,248,I T I T I 500 A I T I T S S S P P P P 200 P 200 P 200 R R R P P P P 200 P 200 P 200 C C 200 C C 200 C C 200 I 487 A I 487 A I 487 A,0
249,0,0,75,-0.8137752895559646,-0.8066522046111516,76,I T I T I 500 A I T I T I T R R R R P P P P P 200 P 200 P 200 P 200 C C 200 C C C 200 C C 200 C 200 I 487 A I 487 A I 487 A I 487 A,0
250,0,0,71,-0.8643136494669957,-0.815704776773446,59,I T I T I 500 A I T I T I T R R R R P P P P P 200 P 200 P 200 P 200 I 200 I 200 I 200 I 200 A A A A U U U U 200 U 200 U 200 U 200 U U U 200 U 200 U U U 200 U 200 B B B B B 200 B 200 B 200 B 200,0
251,0,0,94,-0.7938946530156336,-0.7653380830682568,59,I T I T I 500 A I T I T I T R R R R P P P P P 200 P 200 P 200 P 200 I 200 I 200 I 200 I 200 A A A A U U U U 200 U 200 U 200 U 200 U U U 200 U 200 U U U 200 U 200 B B B B B 200 B 200 B 200 B 200,0
252,0,0,100,-0.6559912481554988,-0.6369621037867509,59,I T I T I 500 A I T I T I T R R R R P P P P P 200 P 200 P 200 P 200 I 200 I 200 I 200 I 200 A A A A U U U U 200 U 200 U 200 U 200 U U U 200 U 200 U U U 200 U 200 B B B B B 200 B 200 B 200 B 200,0
253,0,0,66,-1.0901379020810988,-1.0733565575940014,60,I T I T I 500 A I T I T S S S P P P P P 200 P 200 P 200 P 200 R R R P P P P P 200 P 200 P 200 P 200 I 200 I 200 I 200 A A A A B B B B B 200 B 200 B 200 B 200,0
254,0,0,70,-0.4843575259785098,-0.48409685562446714,113,I T I T I 500 A I T I T I T R R R R P P P P P 200 P 200 P 200 P 200 I 200 I 200 I 200 I 200 A A A A U U U U 200 U 200 U 200 U 200 B B B B B 200 B 200 B 200 B 200,0
255,0,0,57,-0.7159402948517665,-0.7011036257781453,60,I T I T I 500 A I T I T S S S P P P P P 200 P 200 P 200 P 200 R R R P P P P P 200 P 200 P 200 P 200 I 200 I 200 I 200 A A A A B B B B B 200 B 200 B 200 B 200,0
256,0,0,48,-0.8893781466303906,-0.8719990761391235,0,I T I T I 500 A I T I T R R R P P P P 200 P 200 P 200 I 200 I 200 I 200 A A A A B B B B 200 B 200 B 200,0
257,0,0,69,-1.1163564495011093,-1.0394257648029503,5,I T I T I 500 A I T I T I T R R R R P P P P P 200 P 200 P 200 P 200 I 200 I 200 I 200 I 200 A A A A B B B B B 200 B 200 B 200 B 200,0
258,0,0,63,-0.7562796254489313,-0.747605992266574,60,I T I T I 500 A I T I T S S S P P P P P 200 P 200 P 200 P 200 R R R P P P P P 200 P 200 P 200 P 200 I 200 I 200 I 200 A A A A B B B B B 200 B 200 B 200 B 200,0
259,0,0,75,-0.6805520675337714,-0.6507632058340782,59,I T I T I 500 A I T I T I T R R R R P P P P P 200 P 200 P 200 P 200 I 200 I 200 I 200 I 200 A A A A U U U U 200 U 200 U 200 U 200 U U U 200 U 200 U U U 200 U 200 B B B B B 200 B 200 B 200 B 200,0
260,0,0,53,-0.6879643242450844,-0.6814532373674962,25,I T I T I 500 A I I T I T T R R R R P P P P P 200 P 200 P 200 P 200 I 200 I 200 I 200 I 200 A A A A B B B B B 200 B 200 B 200 B 200,0
261,0,0,89,-0.6729364833456555,-0.6509230727217554,59,I T I T I 500 A I T I T I T R R R R P P P P P 200 P 200 P 200 P 200 I 200 I 200 I 200 I 200 A A A A U U U U 200 U 200 U 200 U 200 U U U 200 U 200 U U U 200 U 200 B B B B B 200 B 200 B 200 B 200,0
262,0,0,89,-1.3900837727244468,-1.3512165767222197,59,I T I T I 500 A I T I T I T R R R R P P P P P 200 P 200 P 200 P 200 I 200 I 200 I 200 I 200 A A A A U U U U 200 U 200 U 200 U 200 U U U 200 U 200 U U U 200 U 200 B B B B B 200 B 200 B 200 B 200,0
263,0,0,64,-0.7311518490401372,-0.6870357303726824,113,I T I T I 500 A I T I T I T R R R R P P P P P 200 P 200 P 200 P 200 I 200 I 200 I 200 I 200 A A A A U U U U 200 U 200 U 200 U 200 B B B B B 200 B 200 B 200 B 200,0
264,0,0,65,-0.6975093266171404,-0.6627074845472564,1,I T I T I 500 A I T I T I T R R R R P P P P P 200 P 200 P 200 P 200 I 200 I 200 I 200 I 200 A A A A U U U 200 U 200 U U U 200 U 200 B B B B B 200 B 200 B 200 B 200,0
265,0,0,83,-0.8245414677589549,-0.794275798442905,113,I T I T I 500 A I T I T I T R R R R P P P P P 200 P 200 P 200 P 200 I 200 I 200 I 200 I 200 A A A A U U U U 200 U 200 U 200 U 200 B B B B B 200 B 200 B 200 B 200,0
266,0,0,95,-0.9671787393014218,-0.9192019790805441,5,I T I T I 500 A I T I T I T R R R R P P P P P 200 P 200 P 200 P 200 I 200 I 200 I 200 I 200 A A A A B B B B B 200 B 200 B 200 B 200,0
267,0,0,59,-0.8115015130219487,-0.8110292945267543,53,I T I 407 A I T I T I 500 A I T I T S S S P P P P 200 P 200 P 200 R R R P P P P 200 P 200 P 200 I 200 I 200 I 200 A A A A B B B B 200 B 200 B 200,0
268,0,0,58,-0.9364879707090978,-0.9020482093337324,59,I T I T I 500 A I T I T I T R R R R P P P P P 200 P 200 P 200 P 200 I 200 I 200 I 200 I 200 A A A A U U U U 200 U 200 U 200 U 200 U U U 200 U 200 U U U 200 U 200 B B B B B 200 B 200 B 200 B 200,0
269,0,0,38,-0.6866859334966835,-0.6776838816710198,24,I T I 407 A I T I T I 500 A I T I T R R R P P P P 200 P 200 P 200 I 200 I 200 I 200 A A A A B B B B 200 B 200 B 200,0
270,0,0,75,-0.7420185249666584,-0.7390115174394049,59,I T I T I 500 A I T I T I T R R R R P P P P P 200 P 200 P 200 P 200 I 200 I 200 I 200 I 200 A A A A U U U U 200 U 200 U 200 U 200 U U U 200 U 200 U U U 200 U 200 B B B B B 200 B 200 B 200 B 200,0
271,0,0,53,-0.5901542590727639,-0.5329220722426397,28,I T I T I 500 A I I T I T T R R R R P P P P P 200 P 200 P 200 P 200 C C 200 C C 200 C C 200 C C 200 I 487 A I 487 A I 487 A I 487 A,0
272,0,0,98,-0.8585319152046537,-0.8401452865252967,59,I T I T I 500 A I T I T I T R R R R P P P P P 200 P 200 P 200 P 200 I 200 I 200 I 200 I 200 A A A A U U U U 200 U 200 U 200 U 200 U U U 200 U 200 U U U 200 U 200 B B B B B 200 B 200 B 200 B 200,0
273,0,0,136,-0.6489358546774178,-0.6350920882217214,59,I T I T I 500 A I T I T I T R R R R P P P P P 200 P 200 P 200 P 200 I 200 I 200 I 200 I 200 A A A A U U U U 200 U 200 U 200 U 200 U U U 200 U 200 U U U 200 U 200 B B B B B 200 B 200 B 200 B 200,0
274,0,0,71,-0.7887852990384959,-0.7754565516939687,14,I T I T I 500 A I T W W I T I T S S S S P P P P P 200 P 200 P 200 P 200 R R R R P P P P P 200 P 200 P 200 P 200 I 200 I 200 I 200 I 200 A A A A B B B B B 200 B 200 B 200 B 200,0
275,0,0,53,-0.6879643242450844,-0.6814532373674962,25,I T I T I 500 A I I T I T T R R R R P P P P P 200 P 200 P 200 P 200 I 200 I 200 I 200 I 200 A A A A B B B B B 200 B 200 B 200 B 200,0
276,0,0,92,-1.2386312820540675,-1.2216089850296408,180,I T I T I 500 A I T I T I T I 486 A I 486 A I 486 A I 486 A,0
277,0,0,35,-0.7259882748142774,-0.7151486243513934,24,I T I 407 A I T I T I 500 A I T I T R R R P P P P 200 P 200 P 200 I 200 I 200 I 200 A A A A B B B B 200 B 200 B 200,0
278,0,0,53,-0.6826635520312176,-0.6578129101534964,323,I T I T I 500 A I T I T I T R R R R P P P P P 200 P 200 P 200 P 200 C C 200 C C 200 C C 200 C C 200 I 487 I 487 A I 487 A I 487 A A,0
279,0,0,68,-0.6995524185465811,-0.6735292801639544,113,I T I T I 500 A I T I T I T R R R R P P P P P 200 P 200 P 200 P 200 I 200 I 200 I 200 I 200 A A A A U U U U 200 U 200 U 200 U 200 B B B B B 200 B 200 B 200 B 200,0
280,0,0,64,-0.6035426714146243,-0.5918895292515973,60,I T I T I 500 A I T I T S S S P P P P P 200 P 200 P 200 P 200 R R R P P P P P 200 P 200 P 200 P 200 I 200 I 200 I 200 A A A A B B B B B 200 B 200 B 200 B 200,0
281,0,0,53,-0.36705100684479475,-0.3669834238881995,5,I T I T I 500 A I T I T I T R R R R P P P P P 200 P 200 P 200 P 200 I 200 I 200 I 200 I 200 A A A A B B B B B 200 B 200 B 200 B 200,0
282,0,0,24,-0.45291056113460937,-0.45282944042140755,10,I T I T S S P P P 200 P 200 I 200 I 200 A A B B B 200 B 200,0
283,0,0,70,-0.507120512265983,-0.5066531622102792,5,I T I T I 500 A I T I T I T R R R R P P P P P 200 P 200 P 200 P 200 I 200 I 200 I 200 I 200 A A A A B B B B B 200 B 200 B 200 B 200,0
284,0,0,34,-1.299119243774921,-1.233216422899459,124,I T I T I 500 A I T I T R R R P P P P 200 P 200 P 200 C C 200 C C 200 C C 200 I 487 A I 487 A I 487 A,0
285,0,0,65,-0.7601394612017961,-0.7506957959603864,60,I T I T I 500 A I T I T S S S P P P P P 200 P 200 P 200 P 200 R R R P P P P P 200 P 200 P 200 P 200 I 200 I 200 I 200 A A A A B B B B B 200 B 200 B 200 B 200,0
286,0,0,53,-0.6826635520312176,-0.6577884773507302,323,I T I T I 500 A I T I T I T R R R R P P P P P 200 P 200 P 200 P 200 C C 200 C C 200 C C 200 C C 200 I 487 I 487 A I 487 A I 487 A A,0
287,0,0,53,-0.36705100684479475,-0.3669834238881995,5,I T I T I 500 A I T I T I T R R R R P P P P P 200 P 200 P 200 P 200 I 200 I 200 I 200 I 200 A A A A B B B B B 200 B 200 B 200 B 200,0
288,0,0,49,-1.2409221831858879,-1.1803209798270171,76,I T I T I 500 A I T I T I T R R R R P P P P P 200 P 200 P 200 P 200 C C 200 C C C 200 C C 200 C 200 I 487 A I 487 A I 487 A I 487 A,0
289,0,0,71,-0.9908695775050924,-0.9468069370707074,323,I T I T I 500 A I T I T I T R R R R P P P P P 200 P 200 P 200 P 200 C C 200 C C 200 C C 200 C C 200 I 487 I 487 A I 487 A I 487 A A,0
290,0,0,27,-0.9557393365850059,-0.9540971838683521,15,I T I T R R I 200 I 200 A A B B B 200 B 200,0
291,0,0,53,-0.6879643242450844,-0.6814532373674962,25,I T I T I 500 A I I T I T T R R R R P P P P P 200 P 200 P 200 P 200 I 200 I 200 I 200 I 200 A A A A B B B B B 200 B 200 B 200 B 200,0
292,0,0,56,-1.0830928888418978,-1.0468783566341986,1,I T I T I 500 A I T I T I T R R R R P P P P P 200 P 200 P 200 P 200 I 200 I 200 I 200 I 200 A A A A U U U 200 U 200 U U U 200 U 200 B B B B B 200 B 200 B 200 B 200,0
293,0,0,44,-1.0684655448015399,-1.061598097148215,76,I T I T I 500 A I T I T I T R R R R P P P P P 200 P 200 P 200 P 200 C C 200 C C C 200 C C 200 C 200 I 487 A I 487 A I 487 A I 487 A,0
294,0,0,100,-0.7113547047708485,-0.6813796361931215,59,I T I T I 500 A I T I T I T R R R R P P P P P 200 P 200 P 200 P 200 I 200 I 200 I 200 I 200 A A A A U U U U 200 U 200 U 200 U 200 U U U 200 U 200 U U U 200 U 200 B B B B B 200 B 200 B 200 B 200,0
295,0,0,53,-0.981008648973648,-0.9410736872583494,248,I T I T I 500 A I T I T S S S P P P P 200 P 200 P 200 R R R P P P P 200 P 200 P 200 C C 200 C C 200 C C 200 I 487 A I 487 A I 487 A,0
296,0,0,78,-1.0397995602857837,-1.0237441385717685,60,I T I T I 500 A I T I T S S S P P P P P 200 P 200 P 200 P 200 R R R P P P P P 200 P 200 P 200 P 200 I 200 I 200 I 200 A A A A B B B B B 200 B 200 B 200 B 200,0
297,0,0,57,-0.6389208345633263,-0.6231991301541062,60,I T I T I 500 A I T I T S S S P P P P P 200 P 200 P 200 P 200 R R R P P P P P 200 P 200 P 200 P 200 I 200 I 200 I 200 A A A A B B B B B 200 B 200 B 200 B 200,0
298,0,0,53,-0.6971514340181366,-0.6760863585683253,25,I T I T I 500 A I I T I T T R R R R P P P P P 200 P 200 P 200 P 200 I 200 I 200 I 200 I 200 A A A A B B B B B 200 B 200 B 200 B 200,0
299,0,0,91,-0.7833194192157745,-0.7432984841278389,59,I T I T I 500 A I T I T I T R R R R P P P P P 200 P 200 P 200 P 200 I 200 I 200 I 200 I 200 A A A A U U U U 200 U 200 U 200 U 200 U U U 200 U 200 U U U 200 U 200 B B B B B 200 B 200 B 200 B 200,0
300,0,0,90,-0.963043015114314,-0.929577868532658,113,I T I T I 500 A I T I T I T R R R R P P P P P 200 P 200 P 200 P 200 I 200 I 200 I 200 I 200 A A A A U U U U 200 U 200 U 200 U 200 B B B B B 200 B 200 B 200 B 200,0
301,0,0,53,-0.7192509901053847,-0.7189367779096573,49,I T I T I 500 I A T I T I T R R R R P P P P P 200 P 200 P 200 P 200 I 200 I 200 I 200 I 200 A A A A B B B B B 200 B 200 B 200 B 200,0
302,0,0,106,-1.0098145397838139,-0.9605598362900882,28,I T I T I 500 A I I T I T T R R R R P P P P P 200 P 200 P 200 P 200 C C 200 C C 200 C C 200 C C 200 I 487 A I 487 A I 487 A I 487 A,0
303,0,0,65,-0.7456356802087424,-0.7360586141075213,60,I T I T I 500 A I T I T S S S P P P P P 200 P 200 P 200 P 200 R R R P P P P P 200 P 200 P 200 P 200 I 200 I 200 I 200 A A A A B B B B B 200 B 200 B 200 B 200,0
304,0,0,58,-0.7990729198128238,-0.7409682412274413,28,I T I T I 500 A I I T I T T R R R R P P P P P 200 P 200 P 200 P 200 C C 200 C C 200 C C 200 C C 200 I 487 A I 487 A I 487 A I 487 A,0
305,0,0,65,-0.6130423078040579,-0.6114345255372274,113,I T I T I 500 A I T I T I T R R R R P P P P P 200 P 200 P 200 P 200 I 200 I 200 I 200 I 200 A A A A U U U U 200 U 200 U 200 U 200 B B B B B 200 B 200 B 200 B 200,0
306,0,0,53,-0.36705100684479475,-0.3669834238881995,5,I T I T I 500 A I T I T I T R R R R P P P P P 200 P 200 P 200 P 200 I 200 I 200 I 200 I 200 A A A A B B B B B 200 B 200 B 200 B 200,0
307,0,0,114,-0.9547473676827775,-0.9304978726673344,100,I T I T I 500 A I T I T I T R R R R P P P P P 200 P 200 P 200 P 200 I 200 I 200 I 200 I 200 A A A A I T I T I T I I 200 I 200 I 200 I 200 A A A A B B B B B 200 B 200 B 200 B 200,0
308,0,0,123,-0.6508478050650439,-0.6356203194355584,59,I T I T I 500 A I T I T I T R R R R P P P P P 200 P 200 P 200 P 200 I 200 I 200 I 200 I 200 A A A A U U U U 200 U 200 U 200 U 200 U U U 200 U 200 U U U 200 U 200 B B B B B 200 B 200 B 200 B 200,0
309,0,0,90,-0.994362694298401,-0.9597938933980239,293,I T I T I 500 A I T I T S S S P P P P 200 R R P 200 P 200 R P P P P 200 P 200 P 200 S S S P P P P 200 P 200 P 200 U U U U 200 U 200 U 200 I 200 I 200 I 200 A A A A B B B B 200 B 200 B 200,0
310,0,0,75,-0.7249027790325899,-0.7176971244213687,60,I T I T I 500 A I T I T S S S P P P P P 200 P 200 P 200 P 200 R R R P P P P P 200 P 200 P 200 P 200 I 200 I 200 I 200 A A A A B B B B B 200 B 200 B 200 B 200,0
311,0,0,47,-0.830724294310312,-0.8305869396181506,24,I T I 407 A I T I T I 500 A I T I T R R R P P P P 200 P 200 P 200 I 200 I 200 I 200 A A A A B B B B 200 B 200 B 200,0
312,0,0,54,-0.8018572779780015,-0.7855005167496101,53,I T I 407 A I T I T I 500 A I T I T S S S P P P P 200 P 200 P 200 R R R P P P P 200 P 200 P 200 I 200 I 200 I 200 A A A A B B B B 200 B 200 B 200,0
313,0,0,49,-0.9856375033909677,-0.9452408828042225,190,I T I 407 A I T I T I 500 A I T I T S S S P P P P P 200 P 200 P 200 P 200 I 480 A I 480 A I 480 A,0
314,0,0,25,-1.2494630860167986,-1.2440485888545059,112,I T I 407 A I T I T I 500 A I T I T I 484 A I 484 A I 484 A,0
315,0,0,77,-0.9234447297287629,-0.8823780379255188,100,I T I T I 500 A I T I T I T R R R R P P P P P 200 P 200 P 200 P 200 I 200 I 200 I 200 I 200 A A A A I T I T I T I I 200 I 200 I 200 I 200 A A A A B B B B B 200 B 200 B 200 B 200,0
316,0,0,41,-1.0437711049498724,-1.0221654872914718,248,I T I T I 500 A I T I T S S S P P P P 200 P 200 P 200 R R R P P P P 200 P 200 P 200 C C 200 C C 200 C C 200 I 487 A I 487 A I 487 A,0
317,0,0,90,-1.082835486872375,-1.068196258165391,5,I T I T I 500 A I T I T I T R R R R P P P P P 200 P 200 P 200 P 200 I 200 I 200 I 200 I 200 A A A A B B B B B 200 B 200 B 200 B 200,0
318,0,0,70,-0.5965046885130293,-0.5931758727637005,5,I T I T I 500 A I T I T I T R R R R P P P P P 200 P 200 P 200 P 200 I 200 I 200 I 200 I 200 A A A A B B B B B 200 B 200 B 200 B 200,0
319,0,0,62,-0.6432549508394823,-0.6266802005294588,100,I T I T I 500 A I T I T I T R R R R P P P P P 200 P 200 P 200 P 200 I 200 I 200 I 200 I 200 A A A A I T I T I T I I 200 I 200 I 200 I 200 A A A A B B B B B 200 B 200 B 200 B 200,0
320,0,0,46,-1.183217957751723,-1.1377401614759537,76,I T I T I 500 A I T I T I T R R R R P P P P P 200 P 200 P 200 P 200 C C 200 C C C 200 C C 200 C 200 I 487 A I 487 A I 487 A I 487 A,0
321,0,0,46,-0.8894733045362051,-0.8503094171794597,76,I T I T I 500 A I T I T I T R R R R P P P P P 200 P 200 P 200 P 200 C C 200 C C C 200 C C 200 C 200 I 487 A I 487 A I 487 A I 487 A,0
322,0,0,25,-0.629048554859201,-0.6006921401806605,27,I T I T I 500 A I T I T I 486 A I 486 A I 486 A,0
323,0,0,65,-1.2478101185882366,-1.216250472215977,76,I T I T I 500 A I T I T I T R R R R P P P P P 200 P 200 P 200 P 200 C C 200 C C C 200 C C 200 C 200 I 487 A I 487 A I 487 A I 487 A,0
324,0,0,178,-0.7003142139492066,-0.6810818018122439,59,I T I T I 500 A I T I T I T R R R R P P P P P 200 P 200 P 200 P 200 I 200 I 200 I 200 I 200 A A A A U U U U 200 U 200 U 200 U 200 U U U 200 U 200 U U U 200 U 200 B B B B B 200 B 200 B 200 B 200,0
325,0,0,77,-0.9345030597140538,-0.9068104179781882,59,I T I T I 500 A I T I T I T R R R R P P P P P 200 P 200 P 200 P 200 I 200 I 200 I 200 I 200 A A A A U U U U 200 U 200 U 200 U 200 U U U 200 U 200 U U U 200 U 200 B B B B B 200 B 200 B 200 B 200,0
326,0,1,25,-1.579820631249668,-1.578232161832042,112,I T I 407 A I T I T I 500 A I T I T I 484 A I 484 A I 484 A,0
327,0,0,73,-0.9016399598278552,-0.868484208933873,104,I T I 407 A I T I T I 500 A I T I T S S S P P P P P 200 P 200 P 200 P 200 R R R P P P P P 200 P 200 P 200 P 200 I 200 I 200 I 200 A A A A I T I T I T I 200 I 200 I 200 A A A A B B B B B 200 B 200 B 200 B 200,0
328,0,0,69,-0.8415606037465654,-0.82967218403536,60,I T I T I 500 A I T I T S S S P P P P P 200 P 200 P 200 P 200 R R R P P P P P 200 P 200 P 200 P 200 I 200 I 200 I 200 A A A A B B B B B 200 B 200 B 200 B 200,0
329,0,0,55,-1.0885256585013618,-1.0321875943692551,76,I T I T I 500 A I T I T I T R R R R P P P P P 200 P 200 P 200 P 200 C C 200 C C C 200 C C 200 C 200 I 487 A I 487 A I 487 A I 487 A,0
330,0,0,44,-0.8529943490974894,-0.8235606757019867,76,I T I T I 500 A I T I T I T R R R R P P P P P 200 P 200 P 200 P 200 C C 200 C C C 200 C C 200 C 200 I 487 A I 487 A I 487 A I 487 A,0
331,0,0,25,-1.0740301023950736,-1.0446735564416272,27,I T I T I 500 A I T I T I 486 A I 486 A I 486 A,0
332,0,0,45,-0.39787154437695654,-0.39771349048340116,5,I T I T I 500 A I T I T I T R R R R P P P P P 200 P 200 P 200 P 200 I 200 I 200 I 200 I 200 A A A A B B B B B 200 B 200 B 200 B 200,0
333,0,0,228,-0.6395516959754521,-0.6317998356654655,59,I T I T I 500 A I T I T I T R R R R P P P P P 200 P 200 P 200 P 200 I 200 I 200 I 200 I 200 A A A A U U U U 200 U 200 U 200 U 200 U U U 200 U 200 U U U 200 U 200 B B B B B 200 B 200 B 200 B 200,0
334,0,0,42,-1.2326912197917999,-1.1747711647073866,37,I T I T I 500 A I T I T I 200 I 200 I 200 A A A A B B B B 200 B 200 B 200,0
335,0,0,42,-1.3813314817020255,-1.3259649148834725,106,I T I T I 500 A I T I T S S S P P P P 200 P 200 P 200 R R R P P P P 200 P 200 P 200 I 200 I 200 I 200 A A A A B B B B 200 B 200 B 200,0
336,0,0,65,-0.7739959361499633,-0.7286309379214534,59,I T I T I 500 A I T I T I T R R R R P P P P P 200 P 200 P 200 P 200 I 200 I 200 I 200 I 200 A A A A U U U U 200 U 200 U 200 U 200 U U U 200 U 200 U U U 200 U 200 B B B B B 200 B 200 B 200 B 200,0
337,0,1,50,-1.643602285295108,-1.5847346812855019,318,I T I T I 500 I T I T I T A I 486 A I 486 A I 486 A I 486 A,0
338,0,0,59,-0.9038304010183952,-0.9031692096798879,53,I T I 407 A I T I T I 500 A I T I T S S S P P P P 200 P 200 P 200 R R R P P P P 200 P 200 P 200 I 200 I 200 I 200 A A A A B B B B 200 B 200 B 200,0
339,0,0,89,-1.208108572970704,-1.173437324924075,59,I T I T I 500 A I T I T I T R R R R P P P P P 200 P 200 P 200 P 200 I 200 I 200 I 200 I 200 A A A A U U U U 200 U 200 U 200 U 200 U U U 200 U 200 U U U 200 U 200 B B B B B 200 B 200 B 200 B 200,0
340,0,0,30,-0.7456824995935122,-0.74529464319892,113,I T I T I 500 A I T I T I T R R R R P P P P P 200 P 200 P 200 P 200 I 200 I 200 I 200 I 200 A A A A U U U U 200 U 200 U 200 U 200 B B B B B 200 B 200 B 200 B 200,0
341,0,0,45,-0.418177556703591,-0.41803239819934246,5,I T I T I 500 A I T I T I T R R R R P P P P P 200 P 200 P 200 P 200 I 200 I 200 I 200 I 200 A A A A B B B B B 200 B 200 B 200 B 200,0
342,0,0,53,-0.7655708069581928,-0.7653008057971702,52,I T I T I 500 I T I T I A T R R R R P P P P P 200 P 200 P 200 P 200 I 200 I 200 I 200 I 200 A A A A B B B B B 200 B 200 B 200 B 200,0
343,0,0,77,-0.5618514357374428,-0.561515452800534,113,I T I T I 500 A I T I T I T R R R R P P P P P 200 P 200 P 200 P 200 I 200 I 200 I 200 I 200 A A A A U U U U 200 U 200 U 200 U 200 B B B B B 200 B 200 B 200 B 200,0
344,0,0,41,-0.6470359662585058,-0.612990952283803,124,I T I T I 500 A I T I T R R R P P P P 200 P 200 P 200 C C 200 C C 200 C C 200 I 487 A I 487 A I 487 A,0
345,0,0,70,-1.13085325778837,-1.0796445229750942,28,I T I T I 500 A I I T I T T R R R R P P P P P 200 P 200 P 200 P 200 C C 200 C C 200 C C 200 C C 200 I 487 A I 487 A I 487 A I 487 A,0
346,0,0,53,-0.8744863330456085,-0.8373349882912801,76,I T I T I 500 A I T I T I T R R R R P P P P P 200 P 200 P 200 P 200 C C 200 C C C 200 C C 200 C 200 I 487 A I 487 A I 487 A I 487 A,0
347,0,0,88,-0.6596258447957224,-0.6376356155669509,59,I T I T I 500 A I T I T I T R R R R P P P P P 200 P 200 P 200 P 200 I 200 I 200 I 200 I 200 A A A A U U U U 200 U 200 U 200 U 200 U U U 200 U 200 U U U 200 U 200 B B B B B 200 B 200 B 200 B 200,0
348,0,0,81,-0.5405380276364271,-0.5402304470124017,113,I T I T I 500 A I T I T I T R R R R P P P P P 200 P 200 P 200 P 200 I 200 I 200 I 200 I 200 A A A A U U U U 200 U 200 U 200 U 200 B B B B B 200 B 200 B 200 B 200,0
349,0,0,53,-0.5339013839174753,-0.5327056861662816,5,I T I T I 500 A I T I T I T R R R R P P P P P 200 P 200 P 200 P 200 I 200 I 200 I 200 I 200 A A A A B B B B B 200 B 200 B 200 B 200,0
350,0,0,53,-0.9138068454999088,-0.889874673575615,323,I T I T I 500 A I T I T I T R R R R P P P P P 200 P 200 P 200 P 200 C C 200 C C 200 C C 200 C C 200 I 487 I 487 A I 487 A I 487 A A,0
351,0,0,48,-0.7331156626730992,-0.7077122222750535,5,I T I T I 500 A I T I T I T R R R R P P P P P 200 P 200 P 200 P 200 I 200 I 200 I 200 I 200 A A A A B B B B B 200 B 200 B 200 B 200,0
352,0,0,71,-0.8581902372000118,-0.8514467781413717,14,I T I T I 500 A I T W W I T I T S S S S P P P P P 200 P 200 P 200 P 200 R R R R P P P P P 200 P 200 P 200 P 200 I 200 I 200 I 200 I 200 A A A A B B B B B 200 B 200 B 200 B 200,0
353,0,0,59,-0.5258463114154539,-0.5256053372660953,113,I T I T I 500 A I T I T I T R R R R P P P P P 200 P 200 P 200 P 200 I 200 I 200 I 200 I 200 A A A A U U U U 200 U 200 U 200 U 200 B B B B B 200 B 200 B 200 B 200,0
354,0,0,14,-1.1651807813178672,-1.123329204480534,27,I T I T I 500 A I T I T I 486 A I 486 A I 486 A,0
355,0,0,72,-0.814648847158179,-0.8071998617593505,49,I T I T I 500 I A T I T I T R R R R P P P P P 200 P 200 P 200 P 200 I 200 I 200 I 200 I 200 A A A A B B B B B 200 B 200 B 200 B 200,0
356,0,1,61,-1.4208061749484717,-1.4048938152142927,72,I T I T I 500 A I T I T S S S P P P P P 200 P 200 P 200 P 200 W W W P P P P P 200 P 200 P 200 P 200 I 486 A I 486 A I 486 A,0
357,0,0,53,-0.36705100684479475,-0.3669834238881995,5,I T I T I 500 A I T I T I T R R R R P P P P P 200 P 200 P 200 P 200 I 200 I 200 I 200 I 200 A A A A B B B B B 200 B 200 B 200 B 200,0
358,0,0,90,-1.0792816319046699,-1.0258515062920568,5,I T I T I 500 A I T I T I T R R R R P P P P P 200 P 200 P 200 P 200 I 200 I 200 I 200 I 200 A A A A B B B B B 200 B 200 B 200 B 200,0
359,0,0,74,-0.9142806176700949,-0.8967537661856144,60,I T I T I 500 A I T I T S S S P P P P P 200 P 200 P 200 P 200 R R R P P P P P 200 P 200 P 200 P 200 I 200 I 200 I 200 A A A A B B B B B 200 B 200 B 200 B 200,0
360,0,0,76,-0.7321207985740698,-0.7186854473680702,59,I T I T I 500 A I T I T I T R R R R P P P P P 200 P 200 P 200 P 200 I 200 I 200 I 200 I 200 A A A A U U U U 200 U 200 U 200 U 200 U U U 200 U 200 U U U 200 U 200 B B B B B 200 B 200 B 200 B 200,0
361,0,0,30,-0.7456824995935122,-0.74529464319892,113,I T I T I 500 A I T I T I T R R R R P P P P P 200 P 200 P 200 P 200 I 200 I 200 I 200 I 200 A A A A U U U U 200 U 200 U 200 U 200 B B B B B 200 B 200 B 200 B 200,0
362,0,0,138,-0.860415096814195,-0.8374201583222709,5,I T I T I 500 A I T I T I T R R R R P P P P P 200 P 200 P 200 P 200 I 200 I 200 I 200 I 200 A A A A B B B B B 200 B 200 B 200 B 200,0
363,0,0,41,-0.9580303135995083,-0.9525710672257373,248,I T I T I 500 A I T I T S S S P P P P 200 P 200 P 200 R R R P P P P 200 P 200 P 200 C C 200 C C 200 C C 200 I 487 A I 487 A I 487 A,0
364,0,0,77,-0.9667868007191426,-0.9323422676399826,28,I T I T I 500 A I I T I T T R R R R P P P P P 200 P 200 P 200 P 200 C C 200 C C 200 C C 200 C C 200 I 487 A I 487 A I 487 A I 487 A,0
365,0,0,92,-0.9174874492120738,-0.8891642632185746,100,I T I T I 500 A I T I T I T R R R R P P P P P 200 P 200 P 200 P 200 I 200 I 200 I 200 I 200 A A A A I T I T I T I I 200 I 200 I 200 I 200 A A A A B B B B B 200 B 200 B 200 B 200,0
366,0,0,72,-0.5938997728298118,-0.5771142965096958,100,I T I T I 500 A I T I T I T R R R R P P P P P 200 P 200 P 200 P 200 I 200 I 200 I 200 I 200 A A A A I T I T I T I I 200 I 200 I 200 I 200 A A A A B B B B B 200 B 200 B 200 B 200,0
367,0,0,93,-1.0655497194963175,-0.9995787650576226,5,I T I T I 500 A I T I T I T R R R R P P P P P 200 P 200 P 200 P 200 I 200 I 200 I 200 I 200 A A A A B B B B B 200 B 200 B 200 B 200,0
368,0,0,27,-1.1068920935402213,-1.084849544186241,27,I T I T I 500 A I T I T I 486 A I 486 A I 486 A,0
369,0,0,76,-0.96556496285212,-0.920391586244535,28,I T I T I 500 A I I T I T T R R R R P P P P P 200 P 200 P 200 P 200 C C 200 C C 200 C C 200 C C 200 I 487 A I 487 A I 487 A I 487 A,0
370,0,0,99,-0.8856204861119631,-0.8632730209696275,104,I T I 407 A I T I T I 500 A I T I T S S S P P P P P 200 P 200 P 200 P 200 R R R P P P P P 200 P 200 P 200 P 200 I 200 I 200 I 200 A A A A I T I T I T I 200 I 200 I 200 A A A A B B B B B 200 B 200 B 200 B 200,0
371,0,0,48,-1.2418730508128306,-1.1661116468794053,65,I T I T R R P P P 200 P 200 C C 200 C C 200 I 487 A I 487 A,0
372,0,0,54,-0.9076718860317325,-0.8988661646523032,113,I T I T I 500 A I T I T I T R R R R P P P P P 200 P 200 P 200 P 200 I 200 I 200 I 200 I 200 A A A A U U U U 200 U 200 U 200 U 200 B B B B B 200 B 200 B 200 B 200,0
373,0,0,54,-1.0020488614050127,-0.9407358886499689,5,I T I T I 500 A I T I T I T R R R R P P P P P 200 P 200 P 200 P 200 I 200 I 200 I 200 I 200 A A A A B B B B B 200 B 200 B 200 B 200,0
374,0,0,65,-0.78305818071,-0.7827153329279463,53,I T I 407 A I T I T I 500 A I T I T S S S P P P P 200 P 200 P 200 R R R P P P P 200 P 200 P 200 I 200 I 200 I 200 A A A A B B B B 200 B 200 B 200,0
375,0,0,53,-0.5580796493555895,-0.5578487553282819,113,I T I T I 500 A I T I T I T R R R R P P P P P 200 P 200 P 200 P 200 I 200 I 200 I 200 I 200 A A A A U U U U 200 U 200 U 200 U 200 B B B B B 200 B 200 B 200 B 200,0
376,0,0,67,-0.7395398996581432,-0.7143372735098598,49,I T I T I 500 I A T I T I T R R R R P P P P P 200 P 200 P 200 P 200 I 200 I 200 I 200 I 200 A A A A B B B B B 200 B 200 B 200 B 200,0
377,0,0,63,-0.9069636935752681,-0.8773470969876797,56,I T I T I 500 A I T W W I T I T S S S S P P P P P 200 P 200 P 200 P 200 R R R R P P P P P 200 P 200 P 200 P 200 C C 200 C C 200 C C 200 C C 200 I 487 A I 487 A I 487 A I 487 A,0
378,0,0,103,-0.8513859054527741,-0.8238139097993993,59,I T I T I 500 A I T I T I T R R R R P P P P P 200 P 200 P 200 P 200 I 200 I 200 I 200 I 200 A A A A U U U U 200 U 200 U 200 U 200 U U U 200 U 200 U U U 200 U 200 B B B B B 200 B 200 B 200 B 200,0
379,0,0,84,-0.8956234826258144,-0.8373397896613897,1,I T I T I 500 A I T I T I T R R R R P P P P P 200 P 200 P 200 P 200 I 200 I 200 I 200 I 200 A A A A U U U 200 U 200 U U U 200 U 200 B B B B B 200 B 200 B 200 B 200,0
380,0,0,53,-0.554626266045147,-0.5530940413759698,5,I T I T I 500 A I T I T I T R R R R P P P P P 200 P 200 P 200 P 200 I 200 I 200 I 200 I 200 A A A A B B B B B 200 B 200 B 200 B 200,0
381,0,0,53,-0.49137202578791994,-0.4912903569975366,49,I T I T I 500 I A T I T I T R R R R P P P P P 200 P 200 P 200 P 200 I 200 I 200 I 200 I 200 A A A A B B B B B 200 B 200 B 200 B 200,0
382,0,0,69,-0.9186489900283302,-0.8923050551870083,59,I T I T I 500 A I T I T I T R R R R P P P P P 200 P 200 P 200 P 200 I 200 I 200 I 200 I 200 A A A A U U U U 200 U 200 U 200 U 200 U U U 200 U 200 U U U 200 U 200 B B B B B 200 B 200 B 200 B 200,0
383,0,0,53,-0.6876890016990694,-0.6667339429086406,5,I T I T I 500 A I T I T I T R R R R P P P P P 200 P 200 P 200 P 200 I 200 I 200 I 200 I 200 A A A A B B B B B 200 B 200 B 200 B 200,0
384,0,0,53,-0.36705100684479475,-0.3669834238881995,5,I T I T I 500 A I T I T I T R R R R P P P P P 200 P 200 P 200 P 200 I 200 I 200 I 200 I 200 A A A A B B B B B 200 B 200 B 200 B 200,0
385,0,0,77,-1.1809695607210415,-1.171745455164266,14,I T I T I 500 A I T W W I T I T S S S S P P P P P 200 P 200 P 200 P 200 R R R R P P P P P 200 P 200 P 200 P 200 I 200 I 200 I 200 I 200 A A A A B B B B B 200 B 200 B 200 B 200,0
386,0,0,53,-0.5469768939579552,-0.5449885091442139,5,I T I T I 500 A I T I T I T R R R R P P P P P 200 P 200 P 200 P 200 I 200 I 200 I 200 I 200 A A A A B B B B B 200 B 200 B 200 B 200,0
387,0,0,83,-0.7752839389361972,-0.7247809204963194,113,I T I T I 500 A I T I T I T R R R R P P P P P 200 P 200 P 200 P 200 I 200 I 200 I 200 I 200 A A A A U U U U 200 U 200 U 200 U 200 B B B B B 200 B 200 B 200 B 200,0
388,0,0,33,-1.0459170783953184,-1.0456584854760058,49,I T I T I 500 I A T I T I T R R R R P P P P P 200 P 200 P 200 P 200 I 200 I 200 I 200 I 200 A A A A B B B B B 200 B 200 B 200 B 200,0
389,0,0,59,-0.7458848781728138,-0.703319981483893,5,I T I T I 500 A I T I T I T R R R R P P P P P 200 P 200 P 200 P 200 I 200 I 200 I 200 I 200 A A A A B B B B B 200 B 200 B 200 B 200,0
390,0,0,77,-0.8259779165502857,-0.8239921634127614,59,I T I T I 500 A I T I T I T R R R R P P P P P 200 P 200 P 200 P 200 I 200 I 200 I 200 I 200 A A A A U U U U 200 U 200 U 200 U 200 U U U 200 U 200 U U U 200 U 200 B B B B B 200 B 200 B 200 B 200,0
391,0,0,82,-1.1445578448464906,-1.1391333652630196,24,I T I 407 A I T I T I 500 A I T I T R R R P P P P 200 P 200 P 200 I 200 I 200 I 200 A A A A B B B B 200 B 200 B 200,0
392,0,0,59,-0.8277575696803794,-0.8274713654061354,53,I T I 407 A I T I T I 500 A I T I T S S S P P P P 200 P 200 P 200 R R R P P P P 200 P 200 P 200 I 200 I 200 I 200 A A A A B B B B 200 B 200 B 200,0
393,0,0,64,-0.5071611853254706,-0.5068921572321005,113,I T I T I 500 A I T I T I T R R R R P P P P P 200 P 200 P 200 P 200 I 200 I 200 I 200 I 200 A A A A U U U U 200 U 200 U 200 U 200 B B B B B 200 B 200 B 200 B 200,0
394,0,0,20,-1.2671236304598448,-1.2595082875026034,54,I T I T I 500 A I T I T I 484 A I 484 A I 484 A,0
395,0,1,23,-1.8412651679086285,-1.7873544160443655,190,I T I 407 A I T I T I 500 A I T I T S S S P P P P P 200 P 200 P 200 P 200 I 480 A I 480 A I 480 A,0
396,0,0,42,-1.1401499123855117,-1.080842693171699,53,I T I 407 A I T I T I 500 A I T I T S S S P P P P 200 P 200 P 200 R R R P P P P 200 P 200 P 200 I 200 I 200 I 200 A A A A B B B B 200 B 200 B 200,0
397,0,1,54,-1.4742061746346191,-1.4721838659282285,226,I I T T I 500 A I T I T S S S P P P P 200 P 200 P 200 R R R P P P P 200 P 200 P 200 I 200 I 200 I 200 A A A A B B B B 200 B 200 B 200,0
398,0,0,59,-0.8277575696803795,-0.827478198933494,53,I T I 407 A I T I T I 500 A I T I T S S S P P P P 200 P 200 P 200 R R R P P P P 200 P 200 P 200 I 200 I 200 I 200 A A A A B B B B 200 B 200 B 200,0
399,0,0,48,-0.7331156626730992,-0.7077122222750535,5,I T I T I 500 A I T I T I T R R R R P P P P P 200 P 200 P 200 P 200 I 200 I 200 I 200 I 200 A A A A B B B B B 200 B 200 B 200 B 200,0
400,0,0,75,-0.6221801047669854,-0.5992610512499916,49,I T I T I 500 I A T I T I T R R R R P P P P P 200 P 200 P 200 P 200 I 200 I 200 I 200 I 200 A A A A B B B B B 200 B 200 B 200 B 200,0
401,0,0,57,-0.8309360393329421,-0.8154536729893482,60,I T I T I 500 A I T I T S S S P P P P P 200 P 200 P 200 P 200 R R R P P P P P 200 P 200 P 200 P 200 I 200 I 200 I 200 A A A A B B B B B 200 B 200 B 200 B 200,0
402,0,0,24,-0.5280007003720376,-0.5245988299964588,5,I T I T I 500 A I T I T I T R R R R P P P P P 200 P 200 P 200 P 200 I 200 I 200 I 200 I 200 A A A A B B B B B 200 B 200 B 200 B 200,0
403,0,0,71,-0.779386845999273,-0.7745422717733417,14,I T I T I 500 A I T W W I T I T S S S S P P P P P 200 P 200 P 200 P 200 R R R R P P P P P 200 P 200 P 200 P 200 I 200 I 200 I 200 I 200 A A A A B B B B B 200 B 200 B 200 B 200,0
404,0,0,89,-0.7425513455309191,-0.734023758632599,113,I T I T I 500 A I T I T I T R R R R P P P P P 200 P 200 P 200 P 200 I 200 I 200 I 200 I 200 A A A A U U U U 200 U 200 U 200 U 200 B B B B B 200 B 200 B 200 B 200,0
405,0,0,66,-1.2477659583305303,-1.186727240489187,59,I T I T I 500 A I T I T I T R R R R P P P P P 200 P 200 P 200 P 200 I 200 I 200 I 200 I 200 A A A A U U U U 200 U 200 U 200 U 200 U U U 200 U 200 U U U 200 U 200 B B B B B 200 B 200 B 200 B 200,0
406,0,0,88,-0.6732091054336506,-0.6507550641700907,59,I T I T I 500 A I T I T I T R R R R P P P P P 200 P 200 P 200 P 200 I 200 I 200 I 200 I 200 A A A A U U U U 200 U 200 U 200 U 200 U U U 200 U 200 U U U 200 U 200 B B B B B 200 B 200 B 200 B 200,0
407,0,0,75,-0.7158619537449099,-0.6739075234848307,76,I T I T I 500 A I T I T I T R R R R P P P P P 200 P 200 P 200 P 200 C C 200 C C C 200 C C 200 C 200 I 487 A I 487 A I 487 A I 487 A,0
408,0,0,53,-0.36705100684479475,-0.3669834238881995,5,I T I T I 500 A I T I T I T R R R R P P P P P 200 P 200 P 200 P 200 I 200 I 200 I 200 I 200 A A A A B B B B B 200 B 200 B 200 B 200,0
409,0,0,72,-1.190248586353549,-1.1669910537956987,59,I T I T I 500 A I T I T I T R R R R P P P P P 200 P 200 P 200 P 200 I 200 I 200 I 200 I 200 A A A A U U U U 200 U 200 U 200 U 200 U U U 200 U 200 U U U 200 U 200 B B B B B 200 B 200 B 200 B 200,0
410,0,1,32,-1.564910119214801,-1.510747439023762,65,I T I T R R P P P 200 P 200 C C 200 C C 200 I 487 A I 487 A,0
411,0,0,77,-0.8237318733397966,-0.7767856670724714,59,I T I T I 500 A I T I T I T R R R R P P P P P 200 P 200 P 200 P 200 I 200 I 200 I 200 I 200 A A A A U U U U 200 U 200 U 200 U 200 U U U 200 U 200 U U U 200 U 200 B B B B B 200 B 200 B 200 B 200,0
412,0,0,93,-0.6222462528482597,-0.5982682933951776,59,I T I T I 500 A I T I T I T R R R R P P P P P 200 P 200 P 200 P 200 I 200 I 200 I 200 I 200 A A A A U U U U 200 U 200 U 200 U 200 U U U 200 U 200 U U U 200 U 200 B B B B B 200 B 200 B 200 B 200,0
413,0,0,68,-0.7471980648826884,-0.7467643816719685,53,I T I 407 A I T I T I 500 A I T I T S S S P P P P 200 P 200 P 200 R R R P P P P 200 P 200 P 200 I 200 I 200 I 200 A A A A B B B B 200 B 200 B 200,0
414,0,0,54,-1.024477717050487,-1.0047872121248689,53,I T I 407 A I T I T I 500 A I T I T S S S P P P P 200 P 200 P 200 R R R P P P P 200 P 200 P 200 I 200 I 200 I 200 A A A A B B B B 200 B 200 B 200,0
415,0,0,78,-0.7197689847660992,-0.7025274367088046,59,I T I T I 500 A I T I T I T R R R R P P P P P 200 P 200 P 200 P 200 I 200 I 200 I 200 I 200 A A A A U U U U 200 U 200 U 200 U 200 U U U 200 U 200 U U U 200 U 200 B B B B B 200 B 200 B 200 B 200,0
416,0,0,65,-0.6467255703794746,-0.645104763161631,113,I T I T I 500 A I T I T I T R R R R P P P P P 200 P 200 P 200 P 200 I 200 I 200 I 200 I 200 A A A A U U U U 200 U 200 U 200 U 200 B B B B B 200 B 200 B 200 B 200,0
417,0,0,53,-0.6709438273876098,-0.650297024337673,76,I T I T I 500 A I T I T I T R R R R P P P P P 200 P 200 P 200 P 200 C C 200 C C C 200 C C 200 C 200 I 487 A I 487 A I 487 A I 487 A,0
418,0,0,60,-1.0690283621958467,-1.0275502385489468,5,I T I T I 500 A I T I T I T R R R R P P P P P 200 P 200 P 200 P 200 I 200 I 200 I 200 I 200 A A A A B B B B B 200 B 200 B 200 B 200,0
419,0,0,53,-1.051747775716708,-1.0183526037324073,248,I T I T I 500 A I T I T S S S P P P P 200 P 200 P 200 R R R P P P P 200 P 200 P 200 C C 200 C C 200 C C 200 I 487 A I 487 A I 487 A,0
420,0,0,131,-0.7738056711919805,-0.7472528548429085,59,I T I T I 500 A I T I T I T R R R R P P P P P 200 P 200 P 200 P 200 I 200 I 200 I 200 I 200 A A A A U U U U 200 U 200 U 200 U 200 U U U 200 U 200 U U U 200 U 200 B B B B B 200 B 200 B 200 B 200,0
421,0,0,73,-0.6255985682452153,-0.625110368112056,49,I T I T I 500 I A T I T I T R R R R P P P P P 200 P 200 P 200 P 200 I 200 I 200 I 200 I 200 A A A A B B B B B 200 B 200 B 200 B 200,0
422,0,0,44,-1.052233078002977,-1.023151374789982,104,I T I 407 A I T I T I 500 A I T I T S S S P P P P P 200 P 200 P 200 P 200 R R R P P P P P 200 P 200 P 200 P 200 I 200 I 200 I 200 A A A A I T I T I T I 200 I 200 I 200 A A A A B B B B B 200 B 200 B 200 B 200,0
423,0,0,65,-0.613042307804058,-0.6114381105441209,113,I T I T I 500 A I T I T I T R R R R P P P P P 200 P 200 P 200 P 200 I 200 I 200 I 200 I 200 A A A A U U U U 200 U 200 U 200 U 200 B B B B B 200 B 200 B 200 B 200,0
424,0,0,53,-0.8376175123052606,-0.7929973864768493,323,I T I T I 500 A I T I T I T R R R R P P P P P 200 P 200 P 200 P 200 C C 200 C C 200 C C 200 C C 200 I 487 I 487 A I 487 A I 487 A A,0
425,0,1,25,-1.9021038056463107,-1.850106638142127,112,I T I 407 A I T I T I 500 A I T I T I 484 A I 484 A I 484 A,0
426,0,0,54,-1.128323056639314,-1.0863946993234601,5,I T I T I 500 A I T I T I T R R R R P P P P P 200 P 200 P 200 P 200 I 200 I 200 I 200 I 200 A A A A B B B B B 200 B 200 B 200 B 200,0
427,0,0,54,-1.128323056639314,-1.0863946993234601,5,I T I T I 500 A I T I T I T R R R R P P P P P 200 P 200 P 200 P 200 I 200 I 200 I 200 I 200 A A A A B B B B B 200 B 200 B 200 B 200,0
428,0,0,30,-0.8013742676776536,-0.7981701216785281,17,I T I T R R P P P 200 P 200 I 200 I 200 A A B B B 200 B 200,0
429,0,0,53,-0.36705100684479475,-0.3669834238881995,5,I T I T I 500 A I T I T I T R R R R P P P P P 200 P 200 P 200 P 200 I 200 I 200 I 200 I 200 A A A A B B B B B 200 B 200 B 200 B 200,0
430,0,0,53,-0.6709438273876098,-0.6502996428866452,76,I T I T I 500 A I T I T I T R R R R P P P P P 200 P 200 P 200 P 200 C C 200 C C C 200 C C 200 C 200 I 487 A I 487 A I 487 A I 487 A,0
431,0,0,92,-1.0593012533829664,-1.0240134803296217,59,I T I T I 500 A I T I T I T R R R R P P P P P 200 P 200 P 200 P 200 I 200 I 200 I 200 I 200 A A A A U U U U 200 U 200 U 200 U 200 U U U 200 U 200 U U U 200 U 200 B B B B B 200 B 200 B 200 B 200,0
432,0,0,64,-0.7759498454710241,-0.7289172805535171,59,I T I T I 500 A I T I T I T R R R R P P P P P 200 P 200 P 200 P 200 I 200 I 200 I 200 I 200 A A A A U U U U 200 U 200 U 200 U 200 U U U 200 U 200 U U U 200 U 200 B B B B B 200 B 200 B 200 B 200,0
433,0,0,46,-1.0949679478516432,-1.045905748948024,76,I T I T I 500 A I T I T I T R R R R P P P P P 200 P 200 P 200 P 200 C C 200 C C C 200 C C 200 C 200 I 487 A I 487 A I 487 A I 487 A,0
434,0,0,64,-0.9253073567993578,-0.8694784864874151,28,I T I T I 500 A I I T I T T R R R R P P P P P 200 P 200 P 200 P 200 C C 200 C C 200 C C 200 C C 200 I 487 A I 487 A I 487 A I 487 A,0
435,0,0,64,-0.9699087574045053,-0.9159408534510391,28,I T I T I 500 A I I T I T T R R R R P P P P P 200 P 200 P 200 P 200 C C 200 C C 200 C C 200 C C 200 I 487 A I 487 A I 487 A I 487 A,0
436,0,0,70,-0.6078090344858463,-0.5798197554970881,323,I T I T I 500 A I T I T I T R R R R P P P P P 200 P 200 P 200 P 200 C C 200 C C 200 C C 200 C C 200 I 487 I 487 A I 487 A I 487 A A,0
437,0,0,43,-1.0602372946928917,-1.055827716367152,190,I T I 407 A I T I T I 500 A I T I T S S S P P P P P 200 P 200 P 200 P 200 I 480 A I 480 A I 480 A,0
438,0,0,44,-0.8529943490974895,-0.8235681721816864,76,I T I T I 500 A I T I T I T R R R R P P P P P 200 P 200 P 200 P 200 C C 200 C C C 200 C C 200 C 200 I 487 A I 487 A I 487 A I 487 A,0
439,0,0,101,-0.7881878785528209,-0.7523989452204668,59,I T I T I 500 A I T I T I T R R R R P P P P P 200 P 200 P 200 P 200 I 200 I 200 I 200 I 200 A A A A U U U U 200 U 200 U 200 U 200 U U U 200 U 200 U U U 200 U 200 B B B B B 200 B 200 B 200 B 200,0
440,0,0,71,-0.8450625427847033,-0.8103424030297844,323,I T I T I 500 A I T I T I T R R R R P P P P P 200 P 200 P 200 P 200 C C 200 C C 200 C C 200 C C 200 I 487 I 487 A I 487 A I 487 A A,0
441,0,0,33,-0.5724211576115462,-0.5581203391110325,37,I T I T I 500 A I T I T I 200 I 200 I 200 A A A A B B B B 200 B 200 B 200,0
442,0,0,61,-0.7984393099511826,-0.7673007733199855,302,I T I T I 500 A I I T T I T R R R R P P P P P 200 P 200 P 200 P 200 I 200 I 200 I 200 I 200 A A A A B B B B B 200 B 200 B 200 B 200,0
443,0,0,86,-0.9992301781870684,-0.9523318396269445,59,I T I T I 500 A I T I T I T R R R R P P P P P 200 P 200 P 200 P 200 I 200 I 200 I 200 I 200 A A A A U U U U 200 U 200 U 200 U 200 U U U 200 U 200 U U U 200 U 200 B B B B B 200 B 200 B 200 B 200,0
444,0,0,42,-0.8210621999164056,-0.7949353288962439,0,I T I T I 500 A I T I T R R R P P P P 200 P 200 P 200 I 200 I 200 I 200 A A A A B B B B 200 B 200 B 200,0
445,0,0,63,-1.1902240016370194,-1.1158944740635834,293,I T I T I 500 A I T I T S S S P P P P 200 R R P 200 P 200 R P P P P 200 P 200 P 200 S S S P P P P 200 P 200 P 200 U U U U 200 U 200 U 200 I 200 I 200 I 200 A A A A B B B B 200 B 200 B 200,0
446,0,0,54,-1.0466523290664547,-1.0264744116136557,60,I T I T I 500 A I T I T S S S P P P P P 200 P 200 P 200 P 200 R R R P P P P P 200 P 200 P 200 P 200 I 200 I 200 I 200 A A A A B B B B B 200 B 200 B 200 B 200,0
447,0,0,20,-1.0554178440112945,-0.9704122486760818,0,I T I T I 500 A I T I T R R R P P P P 200 P 200 P 200 I 200 I 200 I 200 A A A A B B B B 200 B 200 B 200,0
448,0,0,64,-0.6953897210041226,-0.6507663831119317,113,I T I T I 500 A I T I T I T R R R R P P P P P 200 P 200 P 200 P 200 I 200 I 200 I 200 I 200 A A A A U U U U 200 U 200 U 200 U 200 B B B B B 200 B 200 B 200 B 200,0
449,0,0,111,-0.6424045280480758,-0.6254064732068625,59,I T I T I 500 A I T I T I T R R R R P P P P P 200 P 200 P 200 P 200 I 200 I 200 I 200 I 200 A A A A U U U U 200 U 200 U 200 U 200 U U U 200 U 200 U U U 200 U 200 B B B B B 200 B 200 B 200 B 200,0
450,0,0,59,-0.8461038565816947,-0.7960470722768916,76,I T I T I 500 A I T I T I T R R R R P P P P P 200 P 200 P 200 P 200 C C 200 C C C 200 C C 200 C 200 I 487 A I 487 A I 487 A I 487 A,0
451,0,0,20,-1.1086688763318584,-1.0797643762164604,180,I T I T I 500 A I T I T I T I 486 A I 486 A I 486 A I 486 A,0
452,0,0,98,-0.8438028853133781,-0.8220943537677744,104,I T I 407 A I T I T I 500 A I T I T S S S P P P P P 200 P 200 P 200 P 200 R R R P P P P P 200 P 200 P 200 P 200 I 200 I 200 I 200 A A A A I T I T I T I 200 I 200 I 200 A A A A B B B B B 200 B 200 B 200 B 200,0
453,0,0,53,-0.617651003824519,-0.6175876772227367,49,I T I T I 500 I A T I T I T R R R R P P P P P 200 P 200 P 200 P 200 I 200 I 200 I 200 I 200 A A A A B B B B B 200 B 200 B 200 B 200,0
454,0,0,92,-0.9470228852919726,-0.9076809220609152,59,I T I T I 500 A I T I T I T R R R R P P P P P 200 P 200 P 200 P 200 I 200 I 200 I 200 I 200 A A A A U U U U 200 U 200 U 200 U 200 U U U 200 U 200 U U U 200 U 200 B B B B B 200 B 200 B 200 B 200,0
455,0,0,71,-1.1657122056589606,-1.1141051400132564,53,I T I 407 A I T I T I 500 A I T I T S S S P P P P 200 P 200 P 200 R R R P P P P 200 P 200 P 200 I 200 I 200 I 200 A A A A B B B B 200 B 200 B 200,0
456,0,0,65,-0.5064794076350639,-0.5062156011672848,113,I T I T I 500 A I T I T I T R R R R P P P P P 200 P 200 P 200 P 200 I 200 I 200 I 200 I 200 A A A A U U U U 200 U 200 U 200 U 200 B B B B B 200 B 200 B 200 B 200,0
457,0,0,59,-0.8474262231852555,-0.8413836384388108,113,I T I T I 500 A I T I T I T R R R R P P P P P 200 P 200 P 200 P 200 I 200 I 200 I 200 I 200 A A A A U U U U 200 U 200 U 200 U 200 B B B B B 200 B 200 B 200 B 200,0
458,0,0,133,-0.6358967910792535,-0.6217507146920116,59,I T I T I 500 A I T I T I T R R R R P P P P P 200 P 200 P 200 P 200 I 200 I 200 I 200 I 200 A A A A U U U U 200 U 200 U 200 U 200 U U U 200 U 200 U U U 200 U 200 B B B B B 200 B 200 B 200 B 200,0
459,0,0,71,-0.8853212652098976,-0.8847364984274985,14,I T I T I 500 A I T W W I T I T S S S S P P P P P 200 P 200 P 200 P 200 R R R R P P P P P 200 P 200 P 200 P 200 I 200 I 200 I 200 I 200 A A A A B B B B B 200 B 200 B 200 B 200,0
460,0,0,184,-0.6503195927520207,-0.6401531495887552,59,I T I T I 500 A I T I T I T R R R R P P P P P 200 P 200 P 200 P 200 I 200 I 200 I 200 I 200 A A A A U U U U 200 U 200 U 200 U 200 U U U 200 U 200 U U U 200 U 200 B B B B B 200 B 200 B 200 B 200,0
461,0,0,53,-0.7615446383895872,-0.7582906813393566,68,I T I T I 500 I T I T I A T R R R R P P P P P 200 P 200 P 200 P 200 C C 200 C C 200 C C 200 C C 200 I 487 A I 487 A I 487 A I 487 A,0
462,0,0,53,-0.8744863330456085,-0.8371940013699872,76,I T I T I 500 A I T I T I T R R R R P P P P P 200 P 200 P 200 P 200 C C 200 C C C 200 C C 200 C 200 I 487 A I 487 A I 487 A I 487 A,0
463,0,0,53,-0.8021059815325773,-0.795745991479796,59,I T I T I 500 A I T I T I T R R R R P P P P P 200 P 200 P 200 P 200 I 200 I 200 I 200 I 200 A A A A U U U U 200 U 200 U 200 U 200 U U U 200 U 200 U U U 200 U 200 B B B B B 200 B 200 B 200 B 200,0
464,0,0,66,-0.7864839419771621,-0.7836116770684088,59,I T I T I 500 A I T I T I T R R R R P P P P P 200 P 200 P 200 P 200 I 200 I 200 I 200 I 200 A A A A U U U U 200 U 200 U 200 U 200 U U U 200 U 200 U U U 200 U 200 B B B B B 200 B 200 B 200 B 200,0
465,0,0,91,-0.5787266555337335,-0.5673388416261834,100,I T I T I 500 A I T I T I T R R R R P P P P P 200 P 200 P 200 P 200 I 200 I 200 I 200 I 200 A A A A I T I T I T I I 200 I 200 I 200 I 200 A A A A B B B B B 200 B 200 B 200 B 200,0
466,0,0,77,-0.9528043959301988,-0.9039821924235353,59,I T I T I 500 A I T I T I T R R R R P P P P P 200 P 200 P 200 P 200 I 200 I 200 I 200 I 200 A A A A U U U U 200 U 200 U 200 U 200 U U U 200 U 200 U U U 200 U 200 B B B B B 200 B 200 B 200 B 200,0
467,0,0,63,-0.8235853417956946,-0.7682633843751174,113,I T I T I 500 A I T I T I T R R R R P P P P P 200 P 200 P 200 P 200 I 200 I 200 I 200 I 200 A A A A U U U U 200 U 200 U 200 U 200 B B B B B 200 B 200 B 200 B 200,0
468,0,0,94,-1.0268978429637854,-0.9868670606347679,28,I T I T I 500 A I I T I T T R R R R P P P P P 200 P 200 P 200 P 200 C C 200 C C 200 C C 200 C C 200 I 487 A I 487 A I 487 A I 487 A,0
469,0,0,71,-1.0625831582808838,-1.0401732043913672,357,I T I T I 500 A I T I T I T R R R R P P P P P 200 P 200 P 200 P 200 C C 200 C C 200 I 487 C A I 487 C 200 C A C 200 I 487 A I 487 A,0
470,0,0,59,-0.9928745990411184,-0.9923799857420276,53,I T I 407 A I T I T I 500 A I T I T S S S P P P P 200 P 200 P 200 R R R P P P P 200 P 200 P 200 I 200 I 200 I 200 A A A A B B B B 200 B 200 B 200,0
471,0,0,104,-1.0805184439888902,-1.0564624078250608,76,I T I T I 500 A I T I T I T R R R R P P P P P 200 P 200 P 200 P 200 C C 200 C C C 200 C C 200 C 200 I 487 A I 487 A I 487 A I 487 A,0
472,0,0,29,-1.3394295247748103,-1.3080554520862486,356,I T I 407 A I T I T I 500 A I T I T I 404 A I 404 A S P P 200 C C 200 I 404 A,0
473,0,0,86,-1.1161018137785474,-1.0855258322112078,59,I T I T I 500 A I T I T I T R R R R P P P P P 200 P 200 P 200 P 200 I 200 I 200 I 200 I 200 A A A A U U U U 200 U 200 U 200 U 200 U U U 200 U 200 U U U 200 U 200 B B B B B 200 B 200 B 200 B 200,0
474,0,0,65,-0.8945561730675949,-0.8253473139461976,59,I T I T I 500 A I T I T I T R R R R P P P P P 200 P 200 P 200 P 200 I 200 I 200 I 200 I 200 A A A A U U U U 200 U 200 U 200 U 200 U U U 200 U 200 U U U 200 U 200 B B B B B 200 B 200 B 200 B 200,0
475,0,0,71,-1.0853496213148248,-1.0684316924581778,14,I T I T I 500 A I T W W I T I T S S S S P P P P P 200 P 200 P 200 P 200 R R R R P P P P P 200 P 200 P 200 P 200 I 200 I 200 I 200 I 200 A A A A B B B B B 200 B 200 B 200 B 200,0
476,0,0,82,-1.1471510310667075,-1.1017353156140661,1,I T I T I 500 A I T I T I T R R R R P P P P P 200 P 200 P 200 P 200 I 200 I 200 I 200 I 200 A A A A U U U 200 U 200 U U U 200 U 200 B B B B B 200 B 200 B 200 B 200,0
477,0,0,44,-1.1895787137270164,-1.1135683514031454,190,I T I 407 A I T I T I 500 A I T I T S S S P P P P P 200 P 200 P 200 P 200 I 480 A I 480 A I 480 A,0
478,0,0,53,-0.36705100684479475,-0.3669834238881995,5,I T I T I 500 A I T I T I T R R R R P P P P P 200 P 200 P 200 P 200 I 200 I 200 I 200 I 200 A A A A B B B B B 200 B 200 B 200 B 200,0
479,0,0,83,-1.0383057970916885,-0.9954714234857107,293,I T I T I 500 A I T I T S S S P P P P 200 R R P 200 P 200 R P P P P 200 P 200 P 200 S S S P P P P 200 P 200 P 200 U U U U 200 U 200 U 200 I 200 I 200 I 200 A A A A B B B B 200 B 200 B 200,0
480,0,0,75,-0.499175106476809,-0.49120081744727734,5,I T I T I 500 A I T I T I T R R R R P P P P P 200 P 200 P 200 P 200 I 200 I 200 I 200 I 200 A A A A B B B B B 200 B 200 B 200 B 200,0
481,0,0,69,-0.7843416434719442,-0.7713773739342784,53,I T I 407 A I T I T I 500 A I T I T S S S P P P P 200 P 200 P 200 R R R P P P P 200 P 200 P 200 I 200 I 200 I 200 A A A A B B B B 200 B 200 B 200,0
482,0,0,64,-0.5071611853254706,-0.5068921572321005,113,I T I T I 500 A I T I T I T R R R R P P P P P 200 P 200 P 200 P 200 I 200 I 200 I 200 I 200 A A A A U U U U 200 U 200 U 200 U 200 B B B B B 200 B 200 B 200 B 200,0
483,0,0,70,-0.9274926097968119,-0.8775203261868387,52,I T I T I 500 I T I T I A T R R R R P P P P P 200 P 200 P 200 P 200 I 200 I 200 I 200 I 200 A A A A B B B B B 200 B 200 B 200 B 200,0
484,0,0,68,-0.8513640575676401,-0.8468169185749952,59,I T I T I 500 A I T I T I T R R R R P P P P P 200 P 200 P 200 P 200 I 200 I 200 I 200 I 200 A A A A U U U U 200 U 200 U 200 U 200 U U U 200 U 200 U U U 200 U 200 B B B B B 200 B 200 B 200 B 200,0
485,0,0,66,-0.6119724173540917,-0.6003836032831864,60,I T I T I 500 A I T I T S S S P P P P P 200 P 200 P 200 P 200 R R R P P P P P 200 P 200 P 200 P 200 I 200 I 200 I 200 A A A A B B B B B 200 B 200 B 200 B 200,0
486,0,0,46,-0.7964041262251643,-0.7858550646482508,113,I T I T I 500 A I T I T I T R R R R P P P P P 200 P 200 P 200 P 200 I 200 I 200 I 200 I 200 A A A A U U U U 200 U 200 U 200 U 200 B B B B B 200 B 200 B 200 B 200,0
487,0,0,53,-1.2744054662272837,-1.2269885691714315,1480,I T I T I 500 A I T I T I 500 A I T W W I T W I T I 500 A I T I T I T I 486 A I 486 A I 486 A I 486 A I 486 A I 486 A I 486 A,0
488,0,0,93,-0.7757983001998725,-0.7724469322976873,60,I T I T I 500 A I T I T S S S P P P P P 200 P 200 P 200 P 200 R R R P P P P P 200 P 200 P 200 P 200 I 200 I 200 I 200 A A A A B B B B B 200 B 200 B 200 B 200,0
489,0,0,59,-1.0916350091706126,-1.0841893973144185,248,I T I T I 500 A I T I T S S S P P P P 200 P 200 P 200 R R R P P P P 200 P 200 P 200 C C 200 C C 200 C C 200 I 487 A I 487 A I 487 A,0
490,0,0,45,-0.7885001701039144,-0.7598590253063288,0,I T I T I 500 A I T I T R R R P P P P 200 P 200 P 200 I 200 I 200 I 200 A A A A B B B B 200 B 200 B 200,0
491,0,0,59,-1.2659695534519275,-1.222976943588455,76,I T I T I 500 A I T I T I T R R R R P P P P P 200 P 200 P 200 P 200 C C 200 C C C 200 C C 200 C 200 I 487 A I 487 A I 487 A I 487 A,0
492,0,0,80,-1.1390235771485426,-1.106809606394045,190,I T I 407 A I T I T I 500 A I T I T S S S P P P P P 200 P 200 P 200 P 200 I 480 A I 480 A I 480 A,0
493,0,0,71,-0.9844291136925537,-0.9347361025664357,65,I T I T R R P P P 200 P 200 C C 200 C C 200 I 487 A I 487 A,0
494,0,0,59,-0.9258647456392259,-0.8760224300129956,248,I T I T I 500 A I T I T S S S P P P P 200 P 200 P 200 R R R P P P P 200 P 200 P 200 C C 200 C C 200 C C 200 I 487 A I 487 A I 487 A,0
495,0,0,44,-0.8489825838019361,-0.8422072161707083,124,I T I T I 500 A I T I T R R R P P P P 200 P 200 P 200 C C 200 C C 200 C C 200 I 487 A I 487 A I 487 A,0
496,0,0,54,-0.8251171880619638,-0.8087636409117067,60,I T I T I 500 A I T I T S S S P P P P P 200 P 200 P 200 P 200 R R R P P P P P 200 P 200 P 200 P 200 I 200 I 200 I 200 A A A A B B B B B 200 B 200 B 200 B 200,0
497,0,0,65,-0.6130423078040579,-0.6114339363796887,113,I T I T I 500 A I T I T I T R R R R P P P P P 200 P 200 P 200 P 200 I 200 I 200 I 200 I 200 A A A A U U U U 200 U 200 U 200 U 200 B B B B B 200 B 200 B 200 B 200,0
498,0,0,54,-0.6586206002379702,-0.6430016147858602,53,I T I 407 A I T I T I 500 A I T I T S S S P P P P 200 P 200 P 200 R R R P P P P 200 P 200 P 200 I 200 I 200 I 200 A A A A B B B B 200 B 200 B 200,0
499,0,0,132,-0.6704016048029869,-0.658172785611043,59,I T I T I 500 A I T I T I T R R R R P P P P P 200 P 200 P 200 P 200 I 200 I 200 I 200 I 200 A A A A U U U U 200 U 200 U 200 U 200 U U U 200 U 200 U U U 200 U 200 B B B B B 200 B 200 B 200 B 200,0
500,0,0,53,-0.6826635520312176,-0.6577884773507302,323,I T I T I 500 A I T I T I T R R R R P P P P P 200 P 200 P 200 P 200 C C 200 C C 200 C C 200 C C 200 I 487 I 487 A I 487 A I 487 A A,0
501,0,0,93,-1.0478009127431789,-0.9973925122990783,5,I T I T I 500 A I T I T I T R R R R P P P P P 200 P 200 P 200 P 200 I 200 I 200 I 200 I 200 A A A A B B B B B 200 B 200 B 200 B 200,0
502,0,0,118,-1.0291964281764938,-1.0109808532113431,104,I T I 407 A I T I T I 500 A I T I T S S S P P P P P 200 P 200 P 200 P 200 R R R P P P P P 200 P 200 P 200 P 200 I 200 I 200 I 200 A A A A I T I T I T I 200 I 200 I 200 A A A A B B B B B 200 B 200 B 200 B 200,0
503,0,0,72,-0.6379330194487892,-0.6352566133763959,49,I T I T I 500 I A T I T I T R R R R P P P P P 200 P 200 P 200 P 200 I 200 I 200 I 200 I 200 A A A A B B B B B 200 B 200 B 200 B 200,0
504,0,0,20,-1.3551934228947087,-1.3215255335444631,215,I T I 407 A I T I T I 500 A I T I T I 480 A I 480 A I 480 A,0
505,0,0,75,-0.499175106476809,-0.49120081744727734,5,I T I T I 500 A I T I T I T R R R R P P P P P 200 P 200 P 200 P 200 I 200 I 200 I 200 I 200 A A A A B B B B B 200 B 200 B 200 B 200,0
506,0,0,53,-0.6796426625154502,-0.654604046972751,323,I T I T I 500 A I T I T I T R R R R P P P P P 200 P 200 P 200 P 200 C C 200 C C 200 C C 200 C C 200 I 487 I 487 A I 487 A I 487 A A,0
507,0,0,53,-0.36705100684479475,-0.3669834238881995,5,I T I T I 500 A I T I T I T R R R R P P P P P 200 P 200 P 200 P 200 I 200 I 200 I 200 I 200 A A A A B B B B B 200 B 200 B 200 B 200,0
508,0,0,25,-1.293795591870666,-1.2900586133530916,215,I T I 407 A I T I T I 500 A I T I T I 480 A I 480 A I 480 A,0
509,0,0,33,-0.677976409769067,-0.67109466765999,5,I T I T I 500 A I T I T I T R R R R P P P P P 200 P 200 P 200 P 200 I 200 I 200 I 200 I 200 A A A A B B B B B 200 B 200 B 200 B 200,0
510,0,0,107,-0.9032008526288051,-0.9026560284260287,53,I T I 407 A I T I T I 500 A I T I T S S S P P P P 200 P 200 P 200 R R R P P P P 200 P 200 P 200 I 200 I 200 I 200 A A A A B B B B 200 B 200 B 200,0
511,0,0,66,-0.9552156145479423,-0.9078479673532445,53,I T I 407 A I T I T I 500 A I T I T S S S P P P P 200 P 200 P 200 R R R P P P P 200 P 200 P 200 I 200 I 200 I 200 A A A A B B B B 200 B 200 B 200,0
512,0,0,63,-0.7759404937516476,-0.7663712387665546,60,I T I T I 500 A I T I T S S S P P P P P 200 P 200 P 200 P 200 R R R P P P P P 200 P 200 P 200 P 200 I 200 I 200 I 200 A A A A B B B B B 200 B 200 B 200 B 200,0
513,0,0,53,-0.6826635520312176,-0.6577884773507302,323,I T I T I 500 A I T I T I T R R R R P P P P P 200 P 200 P 200 P 200 C C 200 C C 200 C C 200 C C 200 I 487 I 487 A I 487 A I 487 A A,0
514,0,0,70,-0.7324007760079114,-0.7319731076297008,76,I T I T I 500 A I T I T I T R R R R P P P P P 200 P 200 P 200 P 200 C C 200 C C C 200 C C 200 C 200 I 487 A I 487 A I 487 A I 487 A,0
515,0,0,50,-0.7969696679845345,-0.7965182939985097,24,I T I 407 A I T I T I 500 A I T I T R R R P P P P 200 P 200 P 200 I 200 I 200 I 200 A A A A B B B B 200 B 200 B 200,0
516,0,0,72,-0.6777835552223943,-0.6532246226521236,11,I T I T I 500 I T I T I T A R R R R P P P P P 200 P 200 P 200 P 200 I 200 I 200 I 200 I 200 A A A A B B B B B 200 B 200 B 200 B 200,0
517,0,0,89,-0.9025690630341979,-0.8599627997518596,28,I T I T I 500 A I I T I T T R R R R P P P P P 200 P 200 P 200 P 200 C C 200 C C 200 C C 200 C C 200 I 487 A I 487 A I 487 A I 487 A,0
518,0,0,71,-0.903393731181185,-0.8565818942378467,28,I T I T I 500 A I I T I T T R R R R P P P P P 200 P 200 P 200 P 200 C C 200 C C 200 C C 200 C C 200 I 487 A I 487 A I 487 A I 487 A,0
519,0,0,70,-1.0491733653406117,-0.9823697332969955,28,I T I T I 500 A I I T I T T R R R R P P P P P 200 P 200 P 200 P 200 C C 200 C C 200 C C 200 C C 200 I 487 A I 487 A I 487 A I 487 A,0
520,0,0,50,-1.154075944030425,-1.1231593245250513,1,I T I T I 500 A I T I T I T R R R R P P P P P 200 P 200 P 200 P 200 I 200 I 200 I 200 I 200 A A A A U U U 200 U 200 U U U 200 U 200 B B B B B 200 B 200 B 200 B 200,0
521,0,0,84,-0.8835231095652366,-0.883172848069462,104,I T I 407 A I T I T I 500 A I T I T S S S P P P P P 200 P 200 P 200 P 200 R R R P P P P P 200 P 200 P 200 P 200 I 200 I 200 I 200 A A A A I T I T I T I 200 I 200 I 200 A A A A B B B B B 200 B 200 B 200 B 200,0
522,0,0,82,-0.6256763001165601,-0.594507844060562,59,I T I T I 500 A I T I T I T R R R R P P P P P 200 P 200 P 200 P 200 I 200 I 200 I 200 I 200 A A A A U U U U 200 U 200 U 200 U 200 U U U 200 U 200 U U U 200 U 200 B B B B B 200 B 200 B 200 B 200,0
523,0,0,107,-1.0988629383083495,-1.0521267784450756,5,I T I T I 500 A I T I T I T R R R R P P P P P 200 P 200 P 200 P 200 I 200 I 200 I 200 I 200 A A A A B B B B B 200 B 200 B 200 B 200,0
524,0,0,53,-0.36705100684479475,-0.3669834238881995,5,I T I T I 500 A I T I T I T R R R R P P P P P 200 P 200 P 200 P 200 I 200 I 200 I 200 I 200 A A A A B B B B B 200 B 200 B 200 B 200,0
525,0,0,60,-0.6402394419990904,-0.6386251472750891,113,I T I T I 500 A I T I T I T R R R R P P P P P 200 P 200 P 200 P 200 I 200 I 200 I 200 I 200 A A A A U U U U 200 U 200 U 200 U 200 B B B B B 200 B 200 B 200 B 200,0
526,0,0,77,-1.0192800847351777,-0.9767515415667802,59,I T I T I 500 A I T I T I T R R R R P P P P P 200 P 200 P 200 P 200 I 200 I 200 I 200 I 200 A A A A U U U U 200 U 200 U 200 U 200 U U U 200 U 200 U U U 200 U 200 B B B B B 200 B 200 B 200 B 200,0
527,0,0,63,-0.6022124513410427,-0.5924565804876163,60,I T I T I 500 A I T I T S S S P P P P P 200 P 200 P 200 P 200 R R R P P P P P 200 P 200 P 200 P 200 I 200 I 200 I 200 A A A A B B B B B 200 B 200 B 200 B 200,0
528,0,0,44,-0.8526418578164545,-0.819477665075576,0,I T I T I 500 A I T I T R R R P P P P 200 P 200 P 200 I 200 I 200 I 200 A A A A B B B B 200 B 200 B 200,0
529,0,0,88,-0.6596258447957225,-0.6374930750462829,59,I T I T I 500 A I T I T I T R R R R P P P P P 200 P 200 P 200 P 200 I 200 I 200 I 200 I 200 A A A A U U U U 200 U 200 U 200 U 200 U U U 200 U 200 U U U 200 U 200 B B B B B 200 B 200 B 200 B 200,0
530,0,0,173,-0.7917564282205718,-0.780085136973871,59,I T I T I 500 A I T I T I T R R R R P P P P P 200 P 200 P 200 P 200 I 200 I 200 I 200 I 200 A A A A U U U U 200 U 200 U 200 U 200 U U U 200 U 200 U U U 200 U 200 B B B B B 200 B 200 B 200 B 200,0
531,0,0,65,-0.6130423078040579,-0.6114339363796887,113,I T I T I 500 A I T I T I T R R R R P P P P P 200 P 200 P 200 P 200 I 200 I 200 I 200 I 200 A A A A U U U U 200 U 200 U 200 U 200 B B B B B 200 B 200 B 200 B 200,0
532,0,0,64,-0.7073493959519602,-0.6539649643993788,113,I T I T I 500 A I T I T I T R R R R P P P P P 200 P 200 P 200 P 200 I 200 I 200 I 200 I 200 A A A A U U U U 200 U 200 U 200 U 200 B B B B B 200 B 200 B 200 B 200,0
533,0,0,55,-0.8318703150465433,-0.8132270168178928,180,I T I T I 500 A I T I T I T I 486 A I 486 A I 486 A I 486 A,0
534,0,0,63,-0.9862773140185767,-0.9680277468856666,0,I T I T I 500 A I T I T R R R P P P P 200 P 200 P 200 I 200 I 200 I 200 A A A A B B B B 200 B 200 B 200,0
535,0,0,50,-0.5599364317668761,-0.5592346254307832,24,I T I 407 A I T I T I 500 A I T I T R R R P P P P 200 P 200 P 200 I 200 I 200 I 200 A A A A B B B B 200 B 200 B 200,0
536,0,0,94,-0.8175272574063299,-0.7776871470030302,59,I T I T I 500 A I T I T I T R R R R P P P P P 200 P 200 P 200 P 200 I 200 I 200 I 200 I 200 A A A A U U U U 200 U 200 U 200 U 200 U U U 200 U 200 U U U 200 U 200 B B B B B 200 B 200 B 200 B 200,0
537,0,0,42,-1.1897191352932661,-1.1671376739918056,106,I T I T I 500 A I T I T S S S P P P P 200 P 200 P 200 R R R P P P P 200 P 200 P 200 I 200 I 200 I 200 A A A A B B B B 200 B 200 B 200,0
538,0,0,117,-0.780167599137616,-0.7554431709456829,59,I T I T I 500 A I T I T I T R R R R P P P P P 200 P 200 P 200 P 200 I 200 I 200 I 200 I 200 A A A A U U U U 200 U 200 U 200 U 200 U U U 200 U 200 U U U 200 U 200 B B B B B 200 B 200 B 200 B 200,0
539,0,0,45,-1.0394389022678845,-1.0202692448089228,25,I T I T I 500 A I I T I T T R R R R P P P P P 200 P 200 P 200 P 200 I 200 I 200 I 200 I 200 A A A A B B B B B 200 B 200 B 200 B 200,0
540,0,0,56,-0.664788667958279,-0.6625954802064841,113,I T I T I 500 A I T I T I T R R R R P P P P P 200 P 200 P 200 P 200 I 200 I 200 I 200 I 200 A A A A U U U U 200 U 200 U 200 U 200 B B B B B 200 B 200 B 200 B 200,0
541,0,0,63,-0.8441230876120861,-0.8336086069394816,60,I T I T I 500 A I T I T S S S P P P P P 200 P 200 P 200 P 200 R R R P P P P P 200 P 200 P 200 P 200 I 200 I 200 I 200 A A A A B B B B B 200 B 200 B 200 B 200,0
542,0,0,77,-0.7710764306528468,-0.7562420760611046,60,I T I T I 500 A I T I T S S S P P P P P 200 P 200 P 200 P 200 R R R P P P P P 200 P 200 P 200 P 200 I 200 I 200 I 200 A A A A B B B B B 200 B 200 B 200 B 200,0
543,0,0,63,-1.0084506579140733,-0.9732010030909871,5,I T I T I 500 A I T I T I T R R R R P P P P P 200 P 200 P 200 P 200 I 200 I 200 I 200 I 200 A A A A B B B B B 200 B 200 B 200 B 200,0
544,0,0,53,-0.8744863330456085,-0.8382567734598589,76,I T I T I 500 A I T I T I T R R R R P P P P P 200 P 200 P 200 P 200 C C 200 C C C 200 C C 200 C 200 I 487 A I 487 A I 487 A I 487 A,0
545,0,0,78,-1.0533357242776582,-1.0102547862296793,113,I T I T I 500 A I T I T I T R R R R P P P P P 200 P 200 P 200 P 200 I 200 I 200 I 200 I 200 A A A A U U U U 200 U 200 U 200 U 200 B B B B B 200 B 200 B 200 B 200,0
546,0,0,72,-0.668163508345862,-0.6653368575903998,11,I T I T I 500 I T I T I T A R R R R P P P P P 200 P 200 P 200 P 200 I 200 I 200 I 200 I 200 A A A A B B B B B 200 B 200 B 200 B 200,0
547,0,0,35,-1.4444052292224943,-1.3639206767216345,65,I T I T R R P P P 200 P 200 C C 200 C C 200 I 487 A I 487 A,0
548,0,0,66,-1.1948841988969723,-1.1349920008183323,5,I T I T I 500 A I T I T I T R R R R P P P P P 200 P 200 P 200 P 200 I 200 I 200 I 200 I 200 A A A A B B B B B 200 B 200 B 200 B 200,0
549,0,0,66,-1.033092560795854,-1.0137556249685244,53,I T I 407 A I T I T I 500 A I T I T S S S P P P P 200 P 200 P 200 R R R P P P P 200 P 200 P 200 I 200 I 200 I 200 A A A A B B B B 200 B 200 B 200,0
550,0,0,103,-0.9281369804573454,-0.9043624039851473,14,I T I T I 500 A I T W W I T I T S S S S P P P P P 200 P 200 P 200 P 200 R R R R P P P P P 200 P 200 P 200 P 200 I 200 I 200 I 200 I 200 A A A A B B B B B 200 B 200 B 200 B 200,0
551,0,0,48,-0.8006066562426194,-0.787433181316448,60,I T I T I 500 A I T I T S S S P P P P P 200 P 200 P 200 P 200 R R R P P P P P 200 P 200 P 200 P 200 I 200 I 200 I 200 A A A A B B B B B 200 B 200 B 200 B 200,0
552,0,0,29,-1.3430149070378277,-1.3329829321210855,248,I T I T I 500 A I T I T S S S P P P P 200 P 200 P 200 R R R P P P P 200 P 200 P 200 C C 200 C C 200 C C 200 I 487 A I 487 A I 487 A,0
553,0,0,35,-1.0646071836966458,-1.0379596461201293,24,I T I 407 A I T I T I 500 A I T I T R R R P P P P 200 P 200 P 200 I 200 I 200 I 200 A A A A B B B B 200 B 200 B 200,0
554,0,0,84,-1.0502190139791434,-0.9998411156029157,59,I T I T I 500 A I T I T I T R R R R P P P P P 200 P 200 P 200 P 200 I 200 I 200 I 200 I 200 A A A A U U U U 200 U 200 U 200 U 200 U U U 200 U 200 U U U 200 U 200 B B B B B 200 B 200 B 200 B 200,0
555,0,0,77,-0.6797311239511301,-0.6520096841979518,59,I T I T I 500 A I T I T I T R R R R P P P P P 200 P 200 P 200 P 200 I 200 I 200 I 200 I 200 A A A A U U U U 200 U 200 U 200 U 200 U U U 200 U 200 U U U 200 U 200 B B B B B 200 B 200 B 200 B 200,0
556,0,0,53,-0.7112101714670266,-0.7039322355975156,28,I T I T I 500 A I I T I T T R R R R P P P P P 200 P 200 P 200 P 200 C C 200 C C 200 C C 200 C C 200 I 487 A I 487 A I 487 A I 487 A,0
557,0,1,54,-1.5489634063259894,-1.5072451037882493,106,I T I T I 500 A I T I T S S S P P P P 200 P 200 P 200 R R R P P P P 200 P 200 P 200 I 200 I 200 I 200 A A A A B B B B 200 B 200 B 200,0
558,0,1,20,-1.6063617152519818,-1.4998280837803075,359,I T I 407 A I I T I 500 A T I T I T I 504 A I 504 A I 504 A,0
559,0,0,71,-0.9590751797910817,-0.9355084533855007,357,I T I T I 500 A I T I T I T R R R R P P P P P 200 P 200 P 200 P 200 C C 200 C C 200 I 487 C A I 487 C 200 C A C 200 I 487 A I 487 A,0
560,0,0,56,-0.925807081445825,-0.9041266513082247,100,I T I T I 500 A I T I T I T R R R R P P P P P 200 P 200 P 200 P 200 I 200 I 200 I 200 I 200 A A A A I T I T I T I I 200 I 200 I 200 I 200 A A A A B B B B B 200 B 200 B 200 B 200,0
561,0,0,59,-0.9707031594780512,-0.905109989719281,28,I T I T I 500 A I I T I T T R R R R P P P P P 200 P 200 P 200 P 200 C C 200 C C 200 C C 200 C C 200 I 487 A I 487 A I 487 A I 487 A,0
562,0,0,46,-0.8624648239743905,-0.8535229890200366,113,I T I T I 500 A I T I T I T R R R R P P P P P 200 P 200 P 200 P 200 I 200 I 200 I 200 I 200 A A A A U U U U 200 U 200 U 200 U 200 B B B B B 200 B 200 B 200 B 200,0
563,0,0,65,-0.9810694774628295,-0.9336060539734654,248,I T I T I 500 A I T I T S S S P P P P 200 P 200 P 200 R R R P P P P 200 P 200 P 200 C C 200 C C 200 C C 200 I 487 A I 487 A I 487 A,0
564,0,1,29,-1.5724127796843814,-1.4986174017612768,601,I T I T I 500 A I T I T I T R I 488 R A I 488 R A R I 488 A I 488 P P 481 A C C 200,0
565,0,0,53,-0.5339013839174753,-0.5327056861662816,5,I T I T I 500 A I T I T I T R R R R P P P P P 200 P 200 P 200 P 200 I 200 I 200 I 200 I 200 A A A A B B B B B 200 B 200 B 200 B 200,0
566,0,0,47,-0.6536548220425873,-0.6531939486540423,53,I T I 407 A I T I T I 500 A I T I T S S S P P P P 200 P 200 P 200 R R R P P P P 200 P 200 P 200 I 200 I 200 I 200 A A A A B B B B 200 B 200 B 200,0
567,0,0,69,-0.7197296362651605,-0.6974366727241056,59,I T I T I 500 A I T I T I T R R R R P P P P P 200 P 200 P 200 P 200 I 200 I 200 I 200 I 200 A A A A U U U U 200 U 200 U 200 U 200 U U U 200 U 200 U U U 200 U 200 B B B B B 200 B 200 B 200 B 200,0
568,0,0,106,-1.09579265997502,-1.0643497684281276,113,I T I T I 500 A I T I T I T R R R R P P P P P 200 P 200 P 200 P 200 I 200 I 200 I 200 I 200 A A A A U U U U 200 U 200 U 200 U 200 B B B B B 200 B 200 B 200 B 200,0
569,0,0,71,-0.8555056557759861,-0.8552285436253323,53,I T I 407 A I T I T I 500 A I T I T S S S P P P P 200 P 200 P 200 R R R P P P P 200 P 200 P 200 I 200 I 200 I 200 A A A A B B B B 200 B 200 B 200,0
570,0,0,82,-0.7556385078918987,-0.7283204027156988,113,I T I T I 500 A I T I T I T R R R R P P P P P 200 P 200 P 200 P 200 I 200 I 200 I 200 I 200 A A A A U U U U 200 U 200 U 200 U 200 B B B B B 200 B 200 B 200 B 200,0
571,0,0,53,-0.36705100684479475,-0.3669834238881995,5,I T I T I 500 A I T I T I T R R R R P P P P P 200 P 200 P 200 P 200 I 200 I 200 I 200 I 200 A A A A B B B B B 200 B 200 B 200 B 200,0
572,0,0,83,-0.8675328774605781,-0.8673019686762529,53,I T I 407 A I T I T I 500 A I T I T S S S P P P P 200 P 200 P 200 R R R P P P P 200 P 200 P 200 I 200 I 200 I 200 A A A A B B B B 200 B 200 B 200,0
573,0,0,45,-0.7807340728978577,-0.7555368159290964,0,I T I T I 500 A I T I T R R R P P P P 200 P 200 P 200 I 200 I 200 I 200 A A A A B B B B 200 B 200 B 200,0
574,0,0,54,-0.839026243428408,-0.8232054716675351,53,I T I 407 A I T I T I 500 A I T I T S S S P P P P 200 P 200 P 200 R R R P P P P 200 P 200 P 200 I 200 I 200 I 200 A A A A B B B B 200 B 200 B 200,0
575,0,0,84,-0.8917463278261091,-0.8363627828139395,59,I T I T I 500 A I T I T I T R R R R P P P P P 200 P 200 P 200 P 200 I 200 I 200 I 200 I 200 A A A A U U U U 200 U 200 U 200 U 200 U U U 200 U 200 U U U 200 U 200 B B B B B 200 B 200 B 200 B 200,0
576,0,0,70,-0.5965046885130293,-0.5931758727637005,5,I T I T I 500 A I T I T I T R R R R P P P P P 200 P 200 P 200 P 200 I 200 I 200 I 200 I 200 A A A A B B B B B 200 B 200 B 200 B 200,0
577,0,0,104,-0.9460262415870078,-0.9174107451038525,28,I T I T I 500 A I I T I T T R R R R P P P P P 200 P 200 P 200 P 200 C C 200 C C 200 C C 200 C C 200 I 487 A I 487 A I 487 A I 487 A,0
578,0,0,89,-0.8151695784359378,-0.7718582662806589,113,I T I T I 500 A I T I T I T R R R R P P P P P 200 P 200 P 200 P 200 I 200 I 200 I 200 I 200 A A A A U U U U 200 U 200 U 200 U 200 B B B B B 200 B 200 B 200 B 200,0
579,0,0,59,-0.9364047837790639,-0.9361742544425448,53,I T I 407 A I T I T I 500 A I T I T S S S P P P P 200 P 200 P 200 R R R P P P P 200 P 200 P 200 I 200 I 200 I 200 A A A A B B B B 200 B 200 B 200,0
580,0,0,57,-0.8514312849650184,-0.8439377346669914,113,I T I T I 500 A I T I T I T R R R R P P P P P 200 P 200 P 200 P 200 I 200 I 200 I 200 I 200 A A A A U U U U 200 U 200 U 200 U 200 B B B B B 200 B 200 B 200 B 200,0
581,0,0,24,-0.9333518268873561,-0.9254583932238848,323,I T I T I 500 A I T I T I T R R R R P P P P P 200 P 200 P 200 P 200 C C 200 C C 200 C C 200 C C 200 I 487 I 487 A I 487 A I 487 A A,0
582,0,0,56,-0.741296743406081,-0.704067327639789,124,I T I T I 500 A I T I T R R R P P P P 200 P 200 P 200 C C 200 C C 200 C C 200 I 487 A I 487 A I 487 A,0
583,0,0,88,-0.6476678582057761,-0.6438207038863553,113,I T I T I 500 A I T I T I T R R R R P P P P P 200 P 200 P 200 P 200 I 200 I 200 I 200 I 200 A A A A U U U U 200 U 200 U 200 U 200 B B B B B 200 B 200 B 200 B 200,0
584,0,0,69,-1.0737062645350097,-1.040834772757547,5,I T I T I 500 A I T I T I T R R R R P P P P P 200 P 200 P 200 P 200 I 200 I 200 I 200 I 200 A A A A B B B B B 200 B 200 B 200 B 200,0
585,0,0,24,-0.45291056113460937,-0.45282944042140755,10,I T I T S S P P P 200 P 200 I 200 I 200 A A B B B 200 B 200,0
586,0,0,81,-0.7063382145163258,-0.6896813097347092,59,I T I T I 500 A I T I T I T R R R R P P P P P 200 P 200 P 200 P 200 I 200 I 200 I 200 I 200 A A A A U U U U 200 U 200 U 200 U 200 U U U 200 U 200 U U U 200 U 200 B B B B B 200 B 200 B 200 B 200,0
587,0,0,53,-0.8042781363151659,-0.7777059936180644,28,I T I T I 500 A I I T I T T R R R R P P P P P 200 P 200 P 200 P 200 C C 200 C C 200 C C 200 C C 200 I 487 A I 487 A I 487 A I 487 A,0
588,0,0,71,-1.0866766730070758,-1.0359288360417531,53,I T I 407 A I T I T I 500 A I T I T S S S P P P P 200 P 200 P 200 R R R P P P P 200 P 200 P 200 I 200 I 200 I 200 A A A A B B B B 200 B 200 B 200,0
589,0,0,74,-0.8552287743807645,-0.8101146382967632,113,I T I T I 500 A I T I T I T R R R R P P P P P 200 P 200 P 200 P 200 I 200 I 200 I 200 I 200 A A A A U U U U 200 U 200 U 200 U 200 B B B B B 200 B 200 B 200 B 200,0
590,0,0,72,-0.6896528807172246,-0.6835287472366454,52,I T I T I 500 I T I T I A T R R R R P P P P P 200 P 200 P 200 P 200 I 200 I 200 I 200 I 200 A A A A B B B B B 200 B 200 B 200 B 200,0
591,0,0,60,-0.7830070101334269,-0.771640045434797,60,I T I T I 500 A I T I T S S S P P P P P 200 P 200 P 200 P 200 R R R P P P P P 200 P 200 P 200 P 200 I 200 I 200 I 200 A A A A B B B B B 200 B 200 B 200 B 200,0
592,0,0,54,-0.9351807762717451,-0.9235693625039636,113,I T I T I 500 A I T I T I T R R R R P P P P P 200 P 200 P 200 P 200 I 200 I 200 I 200 I 200 A A A A U U U U 200 U 200 U 200 U 200 B B B B B 200 B 200 B 200 B 200,0
593,0,0,100,-0.6559912481554988,-0.6369621037867509,59,I T I T I 500 A I T I T I T R R R R P P P P P 200 P 200 P 200 P 200 I 200 I 200 I 200 I 200 A A A A U U U U 200 U 200 U 200 U 200 U U U 200 U 200 U U U 200 U 200 B B B B B 200 B 200 B 200 B 200,0
594,0,0,91,-1.085961703395766,-1.048229582527747,104,I T I 407 A I T I T I 500 A I T I T S S S P P P P P 200 P 200 P 200 P 200 R R R P P P P P 200 P 200 P 200 P 200 I 200 I 200 I 200 A A A A I T I T I T I 200 I 200 I 200 A A A A B B B B B 200 B 200 B 200 B 200,0
595,0,0,44,-1.002520365943188,-0.975316882496314,248,I T I T I 500 A I T I T S S S P P P P 200 P 200 P 200 R R R P P P P 200 P 200 P 200 C C 200 C C 200 C C 200 I 487 A I 487 A I 487 A,0
596,0,0,32,-1.0993697612532696,-1.088248038768332,76,I T I T I 500 A I T I T I T R R R R P P P P P 200 P 200 P 200 P 200 C C 200 C C C 200 C C 200 C 200 I 487 A I 487 A I 487 A I 487 A,0
597,0,0,37,-0.9804560619606104,-0.952267199429084,180,I T I T I 500 A I T I T I T I 486 A I 486 A I 486 A I 486 A,0
598,0,0,71,-0.7944722008707096,-0.7845638972897255,60,I T I T I 500 A I T I T S S S P P P P P 200 P 200 P 200 P 200 R R R P P P P P 200 P 200 P 200 P 200 I 200 I 200 I 200 A A A A B B B B B 200 B 200 B 200 B 200,0
599,0,0,53,-0.484629109267405,-0.4845462159338212,25,I T I T I 500 A I I T I T T R R R R P P P P P 200 P 200 P 200 P 200 I 200 I 200 I 200 I 200 A A A A B B B B B 200 B 200 B 200 B 200,0
600,0,0,48,-0.6172100649819218,-0.6021562524104074,60,I T I T I 500 A I T I T S S S P P P P P 200 P 200 P 200 P 200 R R R P P P P P 200 P 200 P 200 P 200 I 200 I 200 I 200 A A A A B B B B B 200 B 200 B 200 B 200,0
601,0,0,81,-0.7725962552402277,-0.76446454004255,1,I T I T I 500 A I T I T I T R R R R P P P P P 200 P 200 P 200 P 200 I 200 I 200 I 200 I 200 A A A A U U U 200 U 200 U U U 200 U 200 B B B B B 200 B 200 B 200 B 200,0
602,0,0,53,-0.36705100684479475,-0.3669834238881995,5,I T I T I 500 A I T I T I T R R R R P P P P P 200 P 200 P 200 P 200 I 200 I 200 I 200 I 200 A A A A B B B B B 200 B 200 B 200 B 200,0
603,0,0,27,-1.1054127153462712,-1.0646339125843838,27,I T I T I 500 A I T I T I 486 A I 486 A I 486 A,0
604,0,0,74,-0.8814338526101819,-0.8491953758065289,28,I T I T I 500 A I I T I T T R R R R P P P P P 200 P 200 P 200 P 200 C C 200 C C 200 C C 200 C C 200 I 487 A I 487 A I 487 A I 487 A,0
605,0,0,25,-1.32651643230226,-1.305885291845187,27,I T I T I 500 A I T I T I 486 A I 486 A I 486 A,0
606,0,0,87,-1.0511894554802657,-1.0018887401964947,53,I T I 407 A I T I T I 500 A I T I T S S S P P P P 200 P 200 P 200 R R R P P P P 200 P 200 P 200 I 200 I 200 I 200 A A A A B B B B 200 B 200 B 200,0
607,0,0,30,-0.9399414660717457,-0.9238007926499041,37,I T I T I 500 A I T I T I 200 I 200 I 200 A A A A B B B B 200 B 200 B 200,0
608,0,0,53,-0.6887699986194499,-0.6856741189309472,113,I T I T I 500 A I T I T I T R R R R P P P P P 200 P 200 P 200 P 200 I 200 I 200 I 200 I 200 A A A A U U U U 200 U 200 U 200 U 200 B B B B B 200 B 200 B 200 B 200,0
609,0,0,42,-0.8566088033862197,-0.8276464757678381,0,I T I T I 500 A I T I T R R R P P P P 200 P 200 P 200 I 200 I 200 I 200 A A A A B B B B 200 B 200 B 200,0
610,0,0,75,-0.9279178867741884,-0.9188881340586316,60,I T I T I 500 A I T I T S S S P P P P P 200 P 200 P 200 P 200 R R R P P P P P 200 P 200 P 200 P 200 I 200 I 200 I 200 A A A A B B B B B 200 B 200 B 200 B 200,0
611,0,0,29,-1.1415118733192908,-1.1202985814938207,124,I T I T I 500 A I T I T R R R P P P P 200 P 200 P 200 C C 200 C C 200 C C 200 I 487 A I 487 A I 487 A,0
612,0,0,65,-1.0796377764511258,-1.0394812435929195,59,I T I T I 500 A I T I T I T R R R R P P P P P 200 P 200 P 200 P 200 I 200 I 200 I 200 I 200 A A A A U U U U 200 U 200 U 200 U 200 U U U 200 U 200 U U U 200 U 200 B B B B B 200 B 200 B 200 B 200,0
613,0,0,89,-0.6729364833456555,-0.6509230727217554,59,I T I T I 500 A I T I T I T R R R R P P P P P 200 P 200 P 200 P 200 I 200 I 200 I 200 I 200 A A A A U U U U 200 U 200 U 200 U 200 U U U 200 U 200 U U U 200 U 200 B B B B B 200 B 200 B 200 B 200,0
614,0,0,56,-0.5640469044387489,-0.5624775689300785,5,I T I T I 500 A I T I T I T R R R R P P P P P 200 P 200 P 200 P 200 I 200 I 200 I 200 I 200 A A A A B B B B B 200 B 200 B 200 B 200,0
615,0,0,45,-0.8571525923498029,-0.8375478485425083,60,I T I T I 500 A I T I T S S S P P P P P 200 P 200 P 200 P 200 R R R P P P P P 200 P 200 P 200 P 200 I 200 I 200 I 200 A A A A B B B B B 200 B 200 B 200 B 200,0
616,0,0,63,-0.7600240832563874,-0.7477382095783163,60,I T I T I 500 A I T I T S S S P P P P P 200 P 200 P 200 P 200 R R R P P P P P 200 P 200 P 200 P 200 I 200 I 200 I 200 A A A A B B B B B 200 B 200 B 200 B 200,0
617,0,0,53,-0.7384172899846864,-0.7145713818326299,5,I T I T I 500 A I T I T I T R R R R P P P P P 200 P 200 P 200 P 200 I 200 I 200 I 200 I 200 A A A A B B B B B 200 B 200 B 200 B 200,0
618,0,0,34,-0.9725621864974843,-0.9250126704217663,124,I T I T I 500 A I T I T R R R P P P P 200 P 200 P 200 C C 200 C C 200 C C 200 I 487 A I 487 A I 487 A,0
619,0,1,32,-1.5649101192148012,-1.5119665903562862,65,I T I T R R P P P 200 P 200 C C 200 C C 200 I 487 A I 487 A,0
620,0,0,110,-0.6640782795091791,-0.6469550840328633,59,I T I T I 500 A I T I T I T R R R R P P P P P 200 P 200 P 200 P 200 I 200 I 200 I 200 I 200 A A A A U U U U 200 U 200 U 200 U 200 U U U 200 U 200 U U U 200 U 200 B B B B B 200 B 200 B 200 B 200,0
621,0,0,49,-0.8792142683661268,-0.878701137976277,190,I T I 407 A I T I T I 500 A I T I T S S S P P P P P 200 P 200 P 200 P 200 I 480 A I 480 A I 480 A,0
622,0,0,53,-0.49137202578791994,-0.4912903569975366,49,I T I T I 500 I A T I T I T R R R R P P P P P 200 P 200 P 200 P 200 I 200 I 200 I 200 I 200 A A A A B B B B B 200 B 200 B 200 B 200,0
623,0,0,24,-0.5280007003720376,-0.5245988299964588,5,I T I T I 500 A I T I T I T R R R R P P P P P 200 P 200 P 200 P 200 I 200 I 200 I 200 I 200 A A A A B B B B B 200 B 200 B 200 B 200,0
624,0,1,35,-1.9517158002344104,-1.9455380014245451,601,I T I T I 500 A I T I T I T R I 488 R A I 488 R A R I 488 A I 488 P P 481 A C C 200,0
625,0,0,74,-0.8631703278600742,-0.831117945374901,60,I T I T I 500 A I T I T S S S P P P P P 200 P 200 P 200 P 200 R R R P P P P P 200 P 200 P 200 P 200 I 200 I 200 I 200 A A A A B B B B B 200 B 200 B 200 B 200,0
626,0,0,94,-0.6403181220229457,-0.6194891763069076,59,I T I T I 500 A I T I T I T R R R R P P P P P 200 P 200 P 200 P 200 I 200 I 200 I 200 I 200 A A A A U U U U 200 U 200 U 200 U 200 U U U 200 U 200 U U U 200 U 200 B B B B B 200 B 200 B 200 B 200,0
627,0,0,50,-1.3817235111723263,-1.3699174023848684,236,I T I T I 500 A I T I T S S S P P P P 200 P 200 P 200 I 480 A I 480 A I 480 A,0
628,0,0,70,-0.8236264230016849,-0.7883603156630298,59,I T I T I 500 A I T I T I T R R R R P P P P P 200 P 200 P 200 P 200 I 200 I 200 I 200 I 200 A A A A U U U U 200 U 200 U 200 U 200 U U U 200 U 200 U U U 200 U 200 B B B B B 200 B 200 B 200 B 200,0
629,0,0,68,-1.1595626365558536,-1.1428625638398775,60,I T I T I 500 A I T I T S S S P P P P P 200 P 200 P 200 P 200 R R R P P P P P 200 P 200 P 200 P 200 I 200 I 200 I 200 A A A A B B B B B 200 B 200 B 200 B 200,0
630,0,0,63,-0.9120525154482315,-0.8845112399208397,59,I T I T I 500 A I T I T I T R R R R P P P P P 200 P 200 P 200 P 200 I 200 I 200 I 200 I 200 A A A A U U U U 200 U 200 U 200 U 200 U U U 200 U 200 U U U 200 U 200 B B B B B 200 B 200 B 200 B 200,0
631,0,0,59,-1.0627379306573428,-1.0321419843762971,248,I T I T I 500 A I T I T S S S P P P P 200 P 200 P 200 R R R P P P P 200 P 200 P 200 C C 200 C C 200 C C 200 I 487 A I 487 A I 487 A,0
632,0,0,65,-0.6130423078040579,-0.6114345255372274,113,I T I T I 500 A I T I T I T R R R R P P P P P 200 P 200 P 200 P 200 I 200 I 200 I 200 I 200 A A A A U U U U 200 U 200 U 200 U 200 B B B B B 200 B 200 B 200 B 200,0
633,0,0,60,-0.685912186411882,-0.6846292441833666,100,I T I T I 500 A I T I T I T R R R R P P P P P 200 P 200 P 200 P 200 I 200 I 200 I 200 I 200 A A A A I T I T I T I I 200 I 200 I 200 I 200 A A A A B B B B B 200 B 200 B 200 B 200,0
634,0,1,58,-1.51962428088269,-1.4478652006717438,158,I T I T I 500 I A T I T I T R R R R P P P P P 200 P 200 P 200 P 200 C C 200 C C 200 C C 200 C C 200 I 487 A I 487 A I 487 A I 487 A,0
635,0,0,32,-1.1025871669010374,-1.0910571647420177,124,I T I T I 500 A I T I T R R R P P P P 200 P 200 P 200 C C 200 C C 200 C C 200 I 487 A I 487 A I 487 A,0
636,0,0,55,-0.7585741222608113,-0.7345363617540431,14,I T I T I 500 A I T W W I T I T S S S S P P P P P 200 P 200 P 200 P 200 R R R R P P P P P 200 P 200 P 200 P 200 I 200 I 200 I 200 I 200 A A A A B B B B B 200 B 200 B 200 B 200,0
637,0,0,85,-0.5727017188797254,-0.5692408764660949,113,I T I T I 500 A I T I T I T R R R R P P P P P 200 P 200 P 200 P 200 I 200 I 200 I 200 I 200 A A A A U U U U 200 U 200 U 200 U 200 B B B B B 200 B 200 B 200 B 200,0
638,0,0,88,-0.6460425841577941,-0.6240721301647155,59,I T I T I 500 A I T I T I T R R R R P P P P P 200 P 200 P 200 P 200 I 200 I 200 I 200 I 200 A A A A U U U U 200 U 200 U 200 U 200 U U U 200 U 200 U U U 200 U 200 B B B B B 200 B 200 B 200 B 200,0
639,0,0,59,-0.340236938816352,-0.34018754996200656,5,I T I T I 500 A I T I T I T R R R R P P P P P 200 P 200 P 200 P 200 I 200 I 200 I 200 I 200 A A A A B B B B B 200 B 200 B 200 B 200,0
640,0,0,53,-0.7878577922846176,-0.7779900087130984,68,I T I T I 500 I T I T I A T R R R R P P P P P 200 P 200 P 200 P 200 C C 200 C C 200 C C 200 C C 200 I 487 A I 487 A I 487 A I 487 A,0
641,0,0,112,-0.6638080555822666,-0.6470111746417054,59,I T I T I 500 A I T I T I T R R R R P P P P P 200 P 200 P 200 P 200 I 200 I 200 I 200 I 200 A A A A U U U U 200 U 200 U 200 U 200 U U U 200 U 200 U U U 200 U 200 B B B B B 200 B 200 B 200 B 200,0
642,0,0,53,-1.2891058142840321,-1.239046702353215,76,I T I T I 500 A I T I T I T R R R R P P P P P 200 P 200 P 200 P 200 C C 200 C C C 200 C C 200 C 200 I 487 A I 487 A I 487 A I 487 A,0
643,0,0,48,-1.0407817913492499,-1.0011232939247712,180,I T I T I 500 A I T I T I T I 486 A I 486 A I 486 A I 486 A,0
644,0,1,24,-1.6480739575387566,-1.6202393497487646,356,I T I 407 A I T I T I 500 A I T I T I 404 A I 404 A S P P 200 C C 200 I 404 A,0
645,0,0,88,-0.8602701378186114,-0.82603048280248,59,I T I T I 500 A I T I T I T R R R R P P P P P 200 P 200 P 200 P 200 I 200 I 200 I 200 I 200 A A A A U U U U 200 U 200 U 200 U 200 U U U 200 U 200 U U U 200 U 200 B B B B B 200 B 200 B 200 B 200,0
646,0,0,64,-0.8917678855261014,-0.8870190620197864,24,I T I 407 A I T I T I 500 A I T I T R R R P P P P 200 P 200 P 200 I 200 I 200 I 200 A A A A B B B B 200 B 200 B 200,0
647,0,0,103,-1.0496312647455794,-1.0201204601817813,14,I T I T I 500 A I T W W I T I T S S S S P P P P P 200 P 200 P 200 P 200 R R R R P P P P P 200 P 200 P 200 P 200 I 200 I 200 I 200 I 200 A A A A B B B B B 200 B 200 B 200 B 200,0
648,0,0,116,-0.833988491846325,-0.8113188644711887,59,I T I T I 500 A I T I T I T R R R R P P P P P 200 P 200 P 200 P 200 I 200 I 200 I 200 I 200 A A A A U U U U 200 U 200 U 200 U 200 U U U 200 U 200 U U U 200 U 200 B B B B B 200 B 200 B 200 B 200,0
649,0,0,75,-0.9361607785431653,-0.8946616515613282,5,I T I T I 500 A I T I T I T R R R R P P P P P 200 P 200 P 200 P 200 I 200 I 200 I 200 I 200 A A A A B B B B B 200 B 200 B 200 B 200,0
650,0,0,67,-0.8309791395486205,-0.8303340879738165,100,I T I T I 500 A I T I T I T R R R R P P P P P 200 P 200 P 200 P 200 I 200 I 200 I 200 I 200 A A A A I T I T I T I I 200 I 200 I 200 I 200 A A A A B B B B B 200 B 200 B 200 B 200,0
651,0,0,53,-1.014221519000295,-0.9471111435557218,28,I T I T I 500 A I I T I T T R R R R P P P P P 200 P 200 P 200 P 200 C C 200 C C 200 C C 200 C C 200 I 487 A I 487 A I 487 A I 487 A,0
652,0,0,77,-0.7557182344609715,-0.7251114412438088,59,I T I T I 500 A I T I T I T R R R R P P P P P 200 P 200 P 200 P 200 I 200 I 200 I 200 I 200 A A A A U U U U 200 U 200 U 200 U 200 U U U 200 U 200 U U U 200 U 200 B B B B B 200 B 200 B 200 B 200,0
653,0,0,41,-1.22156501990269,-1.2148958211528207,76,I T I T I 500 A I T I T I T R R R R P P P P P 200 P 200 P 200 P 200 C C 200 C C C 200 C C 200 C 200 I 487 A I 487 A I 487 A I 487 A,0
654,0,0,80,-0.9394522778645819,-0.9040295484963771,53,I T I 407 A I T I T I 500 A I T I T S S S P P P P 200 P 200 P 200 R R R P P P P 200 P 200 P 200 I 200 I 200 I 200 A A A A B B B B 200 B 200 B 200,0
655,0,0,16,-1.0351392602143323,-0.9449198146145098,65,I T I T R R P P P 200 P 200 C C 200 C C 200 I 487 A I 487 A,0
656,0,0,74,-0.9185156275964856,-0.8727818908149237,76,I T I T I 500 A I T I T I T R R R R P P P P P 200 P 200 P 200 P 200 C C 200 C C C 200 C C 200 C 200 I 487 A I 487 A I 487 A I 487 A,0
657,0,0,55,-0.7829311111021494,-0.7351090061147191,5,I T I T I 500 A I T I T I T R R R R P P P P P 200 P 200 P 200 P 200 I 200 I 200 I 200 I 200 A A A A B B B B B 200 B 200 B 200 B 200,0
658,0,0,44,-1.052233078002977,-1.023151374789982,104,I T I 407 A I T I T I 500 A I T I T S S S P P P P P 200 P 200 P 200 P 200 R R R P P P P P 200 P 200 P 200 P 200 I 200 I 200 I 200 A A A A I T I T I T I 200 I 200 I 200 A A A A B B B B B 200 B 200 B 200 B 200,0
659,0,0,103,-0.9877424836417956,-0.9473351771031723,5,I T I T I 500 A I T I T I T R R R R P P P P P 200 P 200 P 200 P 200 I 200 I 200 I 200 I 200 A A A A B B B B B 200 B 200 B 200 B 200,0
660,0,0,90,-0.7427066918462578,-0.7210065516582705,59,I T I T I 500 A I T I T I T R R R R P P P P P 200 P 200 P 200 P 200 I 200 I 200 I 200 I 200 A A A A U U U U 200 U 200 U 200 U 200 U U U 200 U 200 U U U 200 U 200 B B B B B 200 B 200 B 200 B 200,0
661,0,0,87,-0.5284744301109919,-0.5201420443153449,5,I T I T I 500 A I T I T I T R R R R P P P P P 200 P 200 P 200 P 200 I 200 I 200 I 200 I 200 A A A A B B B B B 200 B 200 B 200 B 200,0
662,0,0,50,-1.0806484783616488,-1.0173393446073435,190,I T I 407 A I T I T I 500 A I T I T S S S P P P P P 200 P 200 P 200 P 200 I 480 A I 480 A I 480 A,0
663,0,0,60,-1.005326769784026,-0.9878214455527441,60,I T I T I 500 A I T I T S S S P P P P P 200 P 200 P 200 P 200 R R R P P P P P 200 P 200 P 200 P 200 I 200 I 200 I 200 A A A A B B B B B 200 B 200 B 200 B 200,0
664,0,0,64,-0.7344042413628696,-0.6947740971493802,113,I T I T I 500 A I T I T I T R R R R P P P P P 200 P 200 P 200 P 200 I 200 I 200 I 200 I 200 A A A A U U U U 200 U 200 U 200 U 200 B B B B B 200 B 200 B 200 B 200,0
665,0,0,44,-0.9103062468166797,-0.9091728751343183,113,I T I T I 500 A I T I T I T R R R R P P P P P 200 P 200 P 200 P 200 I 200 I 200 I 200 I 200 A A A A U U U U 200 U 200 U 200 U 200 B B B B B 200 B 200 B 200 B 200,0
666,0,0,41,-0.8789988509446269,-0.8741291386047974,124,I T I T I 500 A I T I T R R R P P P P 200 P 200 P 200 C C 200 C C 200 C C 200 I 487 A I 487 A I 487 A,0
667,0,0,53,-0.5901542590727639,-0.5329220722426397,28,I T I T I 500 A I I T I T T R R R R P P P P P 200 P 200 P 200 P 200 C C 200 C C 200 C C 200 C C 200 I 487 A I 487 A I 487 A I 487 A,0
668,0,0,89,-0.6949411079723853,-0.6806414614089443,59,I T I T I 500 A I T I T I T R R R R P P P P P 200 P 200 P 200 P 200 I 200 I 200 I 200 I 200 A A A A U U U U 200 U 200 U 200 U 200 U U U 200 U 200 U U U 200 U 200 B B B B B 200 B 200 B 200 B 200,0
669,0,0,53,-0.5901542590727639,-0.5329220722426397,28,I T I T I 500 A I I T I T T R R R R P P P P P 200 P 200 P 200 P 200 C C 200 C C 200 C C 200 C C 200 I 487 A I 487 A I 487 A I 487 A,0
670,0,0,43,-0.9007606812281174,-0.8790732984450267,60,I T I T I 500 A I T I T S S S P P P P P 200 P 200 P 200 P 200 R R R P P P P P 200 P 200 P 200 P 200 I 200 I 200 I 200 A A A A B B B B B 200 B 200 B 200 B 200,0
671,0,0,88,-0.6596258447957224,-0.6376389578186623,59,I T I T I 500 A I T I T I T R R R R P P P P P 200 P 200 P 200 P 200 I 200 I 200 I 200 I 200 A A A A U U U U 200 U 200 U 200 U 200 U U U 200 U 200 U U U 200 U 200 B B B B B 200 B 200 B 200 B 200,0
672,0,0,68,-0.6995524185465815,-0.677801429383012,113,I T I T I 500 A I T I T I T R R R R P P P P P 200 P 200 P 200 P 200 I 200 I 200 I 200 I 200 A A A A U U U U 200 U 200 U 200 U 200 B B B B B 200 B 200 B 200 B 200,0
673,0,0,50,-0.8865238389857104,-0.8278399262163717,190,I T I 407 A I T I T I 500 A I T I T S S S P P P P P 200 P 200 P 200 P 200 I 480 A I 480 A I 480 A,0
674,0,0,46,-1.042189593142162,-1.0376460106401117,76,I T I T I 500 A I T I T I T R R R R P P P P P 200 P 200 P 200 P 200 C C 200 C C C 200 C C 200 C 200 I 487 A I 487 A I 487 A I 487 A,0
675,0,0,75,-0.8780533507494284,-0.8729132837054627,28,I T I T I 500 A I I T I T T R R R R P P P P P 200 P 200 P 200 P 200 C C 200 C C 200 C C 200 C C 200 I 487 A I 487 A I 487 A I 487 A,0
676,0,0,59,-0.7591337049661081,-0.6951098832482324,248,I T I T I 500 A I T I T S S S P P P P 200 P 200 P 200 R R R P P P P 200 P 200 P 200 C C 200 C C 200 C C 200 I 487 A I 487 A I 487 A,0
677,0,0,35,-1.4373812075003631,-1.3739026426091705,65,I T I T R R P P P 200 P 200 C C 200 C C 200 I 487 A I 487 A,0
678,0,0,87,-1.0399043003206956,-0.9855456846240821,5,I T I T I 500 A I T I T I T R R R R P P P P P 200 P 200 P 200 P 200 I 200 I 200 I 200 I 200 A A A A B B B B B 200 B 200 B 200 B 200,0
679,0,0,74,-0.9151129517668971,-0.8651271823058166,248,I T I T I 500 A I T I T S S S P P P P 200 P 200 P 200 R R R P P P P 200 P 200 P 200 C C 200 C C 200 C C 200 I 487 A I 487 A I 487 A,0
680,0,0,30,-0.6055563311438036,-0.5925544266053654,37,I T I T I 500 A I T I T I 200 I 200 I 200 A A A A B B B B 200 B 200 B 200,0
681,0,0,53,-0.6872424700760573,-0.6704655386429288,124,I T I T I 500 A I T I T R R R P P P P 200 P 200 P 200 C C 200 C C 200 C C 200 I 487 A I 487 A I 487 A,0
682,0,0,44,-0.7314802956423659,-0.7124029158433051,76,I T I T I 500 A I T I T I T R R R R P P P P P 200 P 200 P 200 P 200 C C 200 C C C 200 C C 200 C 200 I 487 A I 487 A I 487 A I 487 A,0
683,0,0,53,-0.36705100684479475,-0.3669834238881995,5,I T I T I 500 A I T I T I T R R R R P P P P P 200 P 200 P 200 P 200 I 200 I 200 I 200 I 200 A A A A B B B B B 200 B 200 B 200 B 200,0
684,0,0,71,-0.9173276930687724,-0.8667658635190029,28,I T I T I 500 A I I T I T T R R R R P P P P P 200 P 200 P 200 P 200 C C 200 C C 200 C C 200 C C 200 I 487 A I 487 A I 487 A I 487 A,0
685,0,0,53,-0.5901542590727639,-0.5329220722426397,28,I T I T I 500 A I I T I T T R R R R P P P P P 200 P 200 P 200 P 200 C C 200 C C 200 C C 200 C C 200 I 487 A I 487 A I 487 A I 487 A,0
686,0,0,46,-1.0605149900552109,-0.9898946126367913,248,I T I T I 500 A I T I T S S S P P P P 200 P 200 P 200 R R R P P P P 200 P 200 P 200 C C 200 C C 200 C C 200 I 487 A I 487 A I 487 A,0
687,0,0,49,-0.9295507406617038,-0.8835168883430469,190,I T I 407 A I T I T I 500 A I T I T S S S P P P P P 200 P 200 P 200 P 200 I 480 A I 480 A I 480 A,0
688,0,0,46,-1.0057041382758884,-0.9550621634801866,76,I T I T I 500 A I T I T I T R R R R P P P P P 200 P 200 P 200 P 200 C C 200 C C C 200 C C 200 C 200 I 487 A I 487 A I 487 A I 487 A,0
689,0,0,73,-0.7991214825644768,-0.7589414251785913,104,I T I 407 A I T I T I 500 A I T I T S S S P P P P P 200 P 200 P 200 P 200 R R R P P P P P 200 P 200 P 200 P 200 I 200 I 200 I 200 A A A A I T I T I T I 200 I 200 I 200 A A A A B B B B B 200 B 200 B 200 B 200,0
690,0,0,25,-1.1315832699102224,-1.0820408366341425,180,I T I T I 500 A I T I T I T I 486 A I 486 A I 486 A I 486 A,0
691,0,0,83,-0.779380298020901,-0.7792984269079515,113,I T I T I 500 A I T I T I T R R R R P P P P P 200 P 200 P 200 P 200 I 200 I 200 I 200 I 200 A A A A U U U U 200 U 200 U 200 U 200 B B B B B 200 B 200 B 200 B 200,0
692,0,0,93,-0.8240589587674186,-0.815574486145396,60,I T I T I 500 A I T I T S S S P P P P P 200 P 200 P 200 P 200 R R R P P P P P 200 P 200 P 200 P 200 I 200 I 200 I 200 A A A A B B B B B 200 B 200 B 200 B 200,0
693,0,0,59,-0.340236938816352,-0.34018754996200656,5,I T I T I 500 A I T I T I T R R R R P P P P P 200 P 200 P 200 P 200 I 200 I 200 I 200 I 200 A A A A B B B B B 200 B 200 B 200 B 200,0
694,0,0,42,-0.8210621999164056,-0.7949353288962439,0,I T I T I 500 A I T I T R R R P P P P 200 P 200 P 200 I 200 I 200 I 200 A A A A B B B B 200 B 200 B 200,0
695,0,0,70,-1.1427148933376468,-1.1140881696498874,1,I T I T I 500 A I T I T I T R R R R P P P P P 200 P 200 P 200 P 200 I 200 I 200 I 200 I 200 A A A A U U U 200 U 200 U U U 200 U 200 B B B B B 200 B 200 B 200 B 200,0
696,0,0,39,-1.394663759836239,-1.3433686069533703,56,I T I T I 500 A I T W W I T I T S S S S P P P P P 200 P 200 P 200 P 200 R R R R P P P P P 200 P 200 P 200 P 200 C C 200 C C 200 C C 200 C C 200 I 487 A I 487 A I 487 A I 487 A,0
697,0,0,53,-1.0130288963388883,-0.986170895443583,248,I T I T I 500 A I T I T S S S P P P P 200 P 200 P 200 R R R P P P P 200 P 200 P 200 C C 200 C C 200 C C 200 I 487 A I 487 A I 487 A,0
698,0,0,84,-0.8992855207144957,-0.8988275088642385,104,I T I 407 A I T I T I 500 A I T I T S S S P P P P P 200 P 200 P 200 P 200 R R R P P P P P 200 P 200 P 200 P 200 I 200 I 200 I 200 A A A A I T I T I T I 200 I 200 I 200 A A A A B B B B B 200 B 200 B 200 B 200,0
699,0,0,53,-0.6796426625154502,-0.654604046972751,323,I T I T I 500 A I T I T I T R R R R P P P P P 200 P 200 P 200 P 200 C C 200 C C 200 C C 200 C C 200 I 487 I 487 A I 487 A I 487 A A,0
700,1,0,29,-0.39562187355667044,-0.39497535097482295,5,I T I T I 500 A I T I T I T R R R R P P P P P 200 P 200 P 200 P 200 I 200 I 200 I 200 I 200 A A A A B B B B B 200 B 200 B 200 B 200,0
701,1,0,27,-0.6199714804206466,-0.6144546030523359,24,I T I 407 A I T I T I 500 A I T I T R R R P P P P 200 P 200 P 200 I 200 I 200 I 200 A A A A B B B B 200 B 200 B 200,0
702,1,0,30,-1.2333589213847962,-1.233131596992464,190,I T I 407 A I T I T I 500 A I T I T S S S P P P P P 200 P 200 P 200 P 200 I 480 A I 480 A I 480 A,0
703,1,1,13,-2.127144627263479,-2.0680114141733243,11,I T I T I 500 I T I T I T A R R R R P P P P P 200 P 200 P 200 P 200 I 200 I 200 I 200 I 200 A A A A B B B B B 200 B 200 B 200 B 200,0
704,1,0,29,-0.7005553213101912,-0.6876954690057518,5,I T I T I 500 A I T I T I T R R R R P P P P P 200 P 200 P 200 P 200 I 200 I 200 I 200 I 200 A A A A B B B B B 200 B 200 B 200 B 200,0
705,1,0,29,-0.9615171006969012,-0.9108751882969429,113,I T I T I 500 A I T I T I T R R R R P P P P P 200 P 200 P 200 P 200 I 200 I 200 I 200 I 200 A A A A U U U U 200 U 200 U 200 U 200 B B B B B 200 B 200 B 200 B 200,0
706,1,0,29,-0.6459174699598562,-0.6456824713028925,11,I T I T I 500 I T I T I T A R R R R P P P P P 200 P 200 P 200 P 200 I 200 I 200 I 200 I 200 A A A A B B B B B 200 B 200 B 200 B 200,0
707,1,0,6,-0.6053162175985146,-0.5693077459684227,5,I T I T I 500 A I T I T I T R R R R P P P P P 200 P 200 P 200 P 200 I 200 I 200 I 200 I 200 A A A A B B B B B 200 B 200 B 200 B 200,0
708,1,1,23,-1.7440945898516071,-1.7155506982511712,34,I T I T I 500 A I T I T C C 200 C C 200 C C 200 I 487 A I 487 A I 487 A,0
709,1,0,40,-0.8078270047493039,-0.7722740973997958,113,I T I T I 500 A I T I T I T R R R R P P P P P 200 P 200 P 200 P 200 I 200 I 200 I 200 I 200 A A A A U U U U 200 U 200 U 200 U 200 B B B B B 200 B 200 B 200 B 200,0
710,1,1,29,-1.7376036482833914,-1.7333589934836402,190,I T I 407 A I T I T I 500 A I T I T S S S P P P P P 200 P 200 P 200 P 200 I 480 A I 480 A I 480 A,0
711,1,0,29,-0.39562187355667044,-0.39497535097482295,5,I T I T I 500 A I T I T I T R R R R P P P P P 200 P 200 P 200 P 200 I 200 I 200 I 200 I 200 A A A A B B B B B 200 B 200 B 200 B 200,0
712,1,0,13,-1.264499754568996,-1.2460030529466766,52,I T I T I 500 I T I T I A T R R R R P P P P P 200 P 200 P 200 P 200 I 200 I 200 I 200 I 200 A A A A B B B B B 200 B 200 B 200 B 200,0
713,1,1,48,-1.5861917221599076,-1.4968861444549442,190,I T I 407 A I T I T I 500 A I T I T S S S P P P P P 200 P 200 P 200 P 200 I 480 A I 480 A I 480 A,0
714,1,0,29,-0.9615171006969012,-0.9108751882969429,113,I T I T I 500 A I T I T I T R R R R P P P P P 200 P 200 P 200 P 200 I 200 I 200 I 200 I 200 A A A A U U U U 200 U 200 U 200 U 200 B B B B B 200 B 200 B 200 B 200,0
715,1,0,27,-0.4011160293747321,-0.40020318314218645,5,I T I T I 500 A I T I T I T R R R R P P P P P 200 P 200 P 200 P 200 I 200 I 200 I 200 I 200 A A A A B B B B B 200 B 200 B 200 B 200,0
716,1,0,29,-0.39562187355667044,-0.39497535097482295,5,I T I T I 500 A I T I T I T R R R R P P P P P 200 P 200 P 200 P 200 I 200 I 200 I 200 I 200 A A A A B B B B B 200 B 200 B 200 B 200,0
717,1,0,12,-0.5617818079905293,-0.5502671840480362,5,I T I T I 500 A I T I T I T R R R R P P P P P 200 P 200 P 200 P 200 I 200 I 200 I 200 I 200 A A A A B B B B B 200 B 200 B 200 B 200,0
718,1,0,29,-0.8262029178834754,-0.8224308812792077,302,I T I T I 500 A I I T T I T R R R R P P P P P 200 P 200 P 200 P 200 I 200 I 200 I 200 I 200 A A A A B B B B B 200 B 200 B 200 B 200,0
719,1,0,29,-1.016759458628388,-0.9686797523792943,11,I T I T I 500 I T I T I T A R R R R P P P P P 200 P 200 P 200 P 200 I 200 I 200 I 200 I 200 A A A A B B B B B 200 B 200 B 200 B 200,0
720,1,0,44,-0.5715009391931409,-0.567978971815087,5,I T I T I 500 A I T I T I T R R R R P P P P P 200 P 200 P 200 P 200 I 200 I 200 I 200 I 200 A A A A B B B B B 200 B 200 B 200 B 200,0
721,1,1,10,-2.222679273468322,-2.1705483410920468,226,I I T T I 500 A I T I T S S S P P P P 200 P 200 P 200 R R R P P P P 200 P 200 P 200 I 200 I 200 I 200 A A A A B B B B 200 B 200 B 200,0
722,1,0,39,-0.3685965094517986,-0.3683518246569095,5,I T I T I 500 A I T I T I T R R R R P P P P P 200 P 200 P 200 P 200 I 200 I 200 I 200 I 200 A A A A B B B B B 200 B 200 B 200 B 200,0
723,1,0,9,-0.40723944221933417,-0.39482113894786225,5,I T I T I 500 A I T I T I T R R R R P P P P P 200 P 200 P 200 P 200 I 200 I 200 I 200 I 200 A A A A B B B B B 200 B 200 B 200 B 200,0
724,1,0,18,-1.3535038723843795,-1.3149847112291022,24,I T I 407 A I T I T I 500 A I T I T R R R P P P P 200 P 200 P 200 I 200 I 200 I 200 A A A A B B B B 200 B 200 B 200,0
725,1,0,62,-1.0939628762432776,-1.0403453898240176,28,I T I T I 500 A I I T I T T R R R R P P P P P 200 P 200 P 200 P 200 C C 200 C C 200 C C 200 C C 200 I 487 A I 487 A I 487 A I 487 A,0
726,1,0,29,-0.39562187355667044,-0.39497535097482295,5,I T I T I 500 A I T I T I T R R R R P P P P P 200 P 200 P 200 P 200 I 200 I 200 I 200 I 200 A A A A B B B B B 200 B 200 B 200 B 200,0
727,1,1,29,-1.6493364949453606,-1.4771519527553323,439,I T I T I 500 A I T I T S S S P P P P P 200 S S P 200 P 200 P 200 S P P P P P 200 P 200 P 200 P 200 R R R P P P P P 200 P 200 P 200 P 200 S S S P P P P P 200 P 200 P 200 P 200 S S S P P P P P 200 P 200 P 200 P 200 S S S P P P P P 200 P 200 P 200 P 200 C C 200 C C 200 C C 200 I 487 A I 487 A I 487 A,0
728,1,0,7,-0.5198485939620412,-0.49030449926680025,5,I T I T I 500 A I T I T I T R R R R P P P P P 200 P 200 P 200 P 200 I 200 I 200 I 200 I 200 A A A A B B B B B 200 B 200 B 200 B 200,0
729,1,0,28,-0.5721684431665394,-0.5715889641150629,25,I T I T I 500 A I I T I T T R R R R P P P P P 200 P 200 P 200 P 200 I 200 I 200 I 200 I 200 A A A A B B B B B 200 B 200 B 200 B 200,0
730,1,0,26,-1.1613682138319328,-1.1378186753056592,14,I T I T I 500 A I T W W I T I T S S S S P P P P P 200 P 200 P 200 P 200 R R R R P P P P P 200 P 200 P 200 P 200 I 200 I 200 I 200 I 200 A A A A B B B B B 200 B 200 B 200 B 200,0
731,1,0,21,-1.3531676133424662,-1.2965612410858813,215,I T I 407 A I T I T I 500 A I T I T I 480 A I 480 A I 480 A,0
732,1,0,2,-0.7392400894068978,-0.4521022237980951,5,I T I T I 500 A I T I T I T R R R R P P P P P 200 P 200 P 200 P 200 I 200 I 200 I 200 I 200 A A A A B B B B B 200 B 200 B 200 B 200,0
733,1,0,32,-0.775096659165434,-0.7645663728498293,37,I T I T I 500 A I T I T I 200 I 200 I 200 A A A A B B B B 200 B 200 B 200,0
734,1,1,11,-2.3364262699694094,-2.147854342157697,11,I T I T I 500 I T I T I T A R R R R P P P P P 200 P 200 P 200 P 200 I 200 I 200 I 200 I 200 A A A A B B B B B 200 B 200 B 200 B 200,0
735,1,1,15,-2.208036388533168,-1.969854203550747,1347,I T I T I 500 A I T I T R R R C C 200 C C 200 C P C 200 I 487 P A I 487 A P 481 I 487 A,0
736,1,1,14,-1.779350202806422,-1.7553964403737505,11,I T I T I 500 I T I T I T A R R R R P P P P P 200 P 200 P 200 P 200 I 200 I 200 I 200 I 200 A A A A B B B B B 200 B 200 B 200 B 200,0
737,1,0,28,-1.3199704645739252,-1.3181699910244125,14,I T I T I 500 A I T W W I T I T S S S S P P P P P 200 P 200 P 200 P 200 R R R R P P P P P 200 P 200 P 200 P 200 I 200 I 200 I 200 I 200 A A A A B B B B B 200 B 200 B 200 B 200,0
738,1,1,38,-1.63860009166205,-1.6041521038249087,248,I T I T I 500 A I T I T S S S P P P P 200 P 200 P 200 R R R P P P P 200 P 200 P 200 C C 200 C C 200 C C 200 I 487 A I 487 A I 487 A,0
739,1,1,11,-1.8436850624457477,-1.8242623898688584,11,I T I T I 500 I T I T I T A R R R R P P P P P 200 P 200 P 200 P 200 I 200 I 200 I 200 I 200 A A A A B B B B B 200 B 200 B 200 B 200,0
740,1,0,58,-1.2495427088991655,-1.2494275828722745,190,I T I 407 A I T I T I 500 A I T I T S S S P P P P P 200 P 200 P 200 P 200 I 480 A I 480 A I 480 A,0
741,1,1,9,-1.7553176183371322,-1.6024420475190775,66,I I T I 500 A T I T I T R R R P P P P 200 P 200 P 200 I 200 I 200 I 200 A A A A B B B B 200 B 200 B 200,0
742,1,0,29,-0.39562187355667044,-0.39497535097482295,5,I T I T I 500 A I T I T I T R R R R P P P P P 200 P 200 P 200 P 200 I 200 I 200 I 200 I 200 A A A A B B B B B 200 B 200 B 200 B 200,0
743,1,0,20,-1.233330274417995,-1.187783685545156,53,I T I 407 A I T I T I 500 A I T I T S S S P P P P 200 P 200 P 200 R R R P P P P 200 P 200 P 200 I 200 I 200 I 200 A A A A B B B B 200 B 200 B 200,0
744,1,0,29,-0.7005553213101912,-0.6876954690057518,5,I T I T I 500 A I T I T I T R R R R P P P P P 200 P 200 P 200 P 200 I 200 I 200 I 200 I 200 A A A A B B B B B 200 B 200 B 200 B 200,0
745,1,0,30,-1.2333589213847962,-1.233131596992464,190,I T I 407 A I T I T I 500 A I T I T S S S P P P P P 200 P 200 P 200 P 200 I 480 A I 480 A I 480 A,0
746,1,0,58,-1.1270819634639075,-1.1269844330722962,190,I T I 407 A I T I T I 500 A I T I T S S S P P P P P 200 P 200 P 200 P 200 I 480 A I 480 A I 480 A,0
747,1,0,25,-1.1502490185307752,-1.1460827360245043,14,I T I T I 500 A I T W W I T I T S S S S P P P P P 200 P 200 P 200 P 200 R R R R P P P P P 200 P 200 P 200 P 200 I 200 I 200 I 200 I 200 A A A A B B B B B 200 B 200 B 200 B 200,0
748,1,0,21,-1.2792662511371173,-1.2463040564069903,65,I T I T R R P P P 200 P 200 C C 200 C C 200 I 487 A I 487 A,0
749,1,0,165,-1.2760820918316786,-1.2752996847602387,190,I T I 407 A I T I T I 500 A I T I T S S S P P P P P 200 P 200 P 200 P 200 I 480 A I 480 A I 480 A,0
750,1,0,37,-0.374345863813598,-0.3740584072066254,5,I T I T I 500 A I T I T I T R R R R P P P P P 200 P 200 P 200 P 200 I 200 I 200 I 200 I 200 A A A A B B B B B 200 B 200 B 200 B 200,0
751,1,0,42,-0.9962876309642228,-0.9944431517108795,24,I T I 407 A I T I T I 500 A I T I T R R R P P P P 200 P 200 P 200 I 200 I 200 I 200 A A A A B B B B 200 B 200 B 200,0
752,1,0,54,-0.8707617459503502,-0.8168112487407755,190,I T I 407 A I T I T I 500 A I T I T S S S P P P P P 200 P 200 P 200 P 200 I 480 A I 480 A I 480 A,0
753,1,0,17,-0.8643678142697301,-0.8638241493339739,11,I T I T I 500 I T I T I T A R R R R P P P P P 200 P 200 P 200 P 200 I 200 I 200 I 200 I 200 A A A A B B B B B 200 B 200 B 200 B 200,0
754,1,0,70,-1.2382575154611197,-1.2377911874892753,248,I T I T I 500 A I T I T S S S P P P P 200 P 200 P 200 R R R P P P P 200 P 200 P 200 C C 200 C C 200 C C 200 I 487 A I 487 A I 487 A,0
755,1,0,58,-1.247117568207611,-1.2470024227970604,190,I T I 407 A I T I T I 500 A I T I T S S S P P P P P 200 P 200 P 200 P 200 I 480 A I 480 A I 480 A,0
756,1,0,8,-0.5187874567664309,-0.48955926982560216,5,I T I T I 500 A I T I T I T R R R R P P P P P 200 P 200 P 200 P 200 I 200 I 200 I 200 I 200 A A A A B B B B B 200 B 200 B 200 B 200,0
757,1,1,4,-2.4491403392307323,-2.087106979332711,226,I I T T I 500 A I T I T S S S P P P P 200 P 200 P 200 R R R P P P P 200 P 200 P 200 I 200 I 200 I 200 A A A A B B B B 200 B 200 B 200,0
758,1,1,23,-1.8339779485258496,-1.8208072259018704,328,I T I T I 500 I T I T I T A R R R R P P P P P 200 P 200 P 200 P 200 C C 200 C C 200 C C 200 C C 200 I 487 A I 487 A I 487 A I 487 A,0
759,1,0,85,-1.220885915738588,-1.2207717918340617,190,I T I 407 A I T I T I 500 A I T I T S S S P P P P P 200 P 200 P 200 P 200 I 480 A I 480 A I 480 A,0
760,1,1,18,-2.138419468604533,-1.9879767296708275,468,I T I T I 500 I I T I T A T R R R R P P P P P 200 P 200 P 200 P 200 I 200 I 200 I 200 I 200 A A A A B B B B B 200 B 200 B 200 B 200,0
761,1,0,29,-0.9785084272010632,-0.9279519100834243,113,I T I T I 500 A I T I T I T R R R R P P P P P 200 P 200 P 200 P 200 I 200 I 200 I 200 I 200 A A A A U U U U 200 U 200 U 200 U 200 B B B B B 200 B 200 B 200 B 200,0
762,1,0,13,-0.3626222150006187,-0.357269244884713,5,I T I T I 500 A I T I T I T R R R R P P P P P 200 P 200 P 200 P 200 I 200 I 200 I 200 I 200 A A A A B B B B B 200 B 200 B 200 B 200,0
763,1,0,16,-0.7184759880699586,-0.7044528057107021,24,I T I 407 A I T I T I 500 A I T I T R R R P P P P 200 P 200 P 200 I 200 I 200 I 200 A A A A B B B B 200 B 200 B 200,0
764,1,0,22,-1.414485291795721,-1.377183402700155,24,I T I 407 A I T I T I 500 A I T I T R R R P P P P 200 P 200 P 200 I 200 I 200 I 200 A A A A B B B B 200 B 200 B 200,0
765,1,0,6,-0.42123566564130543,-0.3643299751469871,5,I T I T I 500 A I T I T I T R R R R P P P P P 200 P 200 P 200 P 200 I 200 I 200 I 200 I 200 A A A A B B B B B 200 B 200 B 200 B 200,0
766,1,0,51,-0.9059293260101807,-0.9018374920819465,24,I T I 407 A I T I T I 500 A I T I T R R R P P P P 200 P 200 P 200 I 200 I 200 I 200 A A A A B B B B 200 B 200 B 200,0
767,1,0,26,-0.40976410367896077,-0.40886686495762514,5,I T I T I 500 A I T I T I T R R R R P P P P P 200 P 200 P 200 P 200 I 200 I 200 I 200 I 200 A A A A B B B B B 200 B 200 B 200 B 200,0
768,1,1,2,-4.811579681130778,-2.7815408733940106,5,I T I T I 500 A I T I T I T R R R R P P P P P 200 P 200 P 200 P 200 I 200 I 200 I 200 I 200 A A A A B B B B B 200 B 200 B 200 B 200,0
769,1,0,2,-0.7392400894068978,-0.4521022237980951,5,I T I T I 500 A I T I T I T R R R R P P P P P 200 P 200 P 200 P 200 I 200 I 200 I 200 I 200 A A A A B B B B B 200 B 200 B 200 B 200,0
770,1,0,114,-1.1868448083549392,-1.1859072388534688,190,I T I 407 A I T I T I 500 A I T I T S S S P P P P P 200 P 200 P 200 P 200 I 480 A I 480 A I 480 A,0
771,1,0,21,-0.666479165874,-0.6480678479734598,37,I T I T I 500 A I T I T I 200 I 200 I 200 A A A A B B B B 200 B 200 B 200,0
772,1,0,29,-0.3956218735566704,-0.39497549598128157,5,I T I T I 500 A I T I T I T R R R R P P P P P 200 P 200 P 200 P 200 I 200 I 200 I 200 I 200 A A A A B B B B B 200 B 200 B 200 B 200,0
773,1,0,9,-0.40723944221933417,-0.39482113894786225,5,I T I T I 500 A I T I T I T R R R R P P P P P 200 P 200 P 200 P 200 I 200 I 200 I 200 I 200 A A A A B B B B B 200 B 200 B 200 B 200,0
774,1,1,13,-2.0879692404631554,-1.9363904525996212,11,I T I T I 500 I T I T I T A R R R R P P P P P 200 P 200 P 200 P 200 I 200 I 200 I 200 I 200 A A A A B B B B B 200 B 200 B 200 B 200,0
775,1,0,8,-1.3269690467585304,-1.1541726457007573,60,I T I T I 500 A I T I T S S S P P P P P 200 P 200 P 200 P 200 R R R P P P P P 200 P 200 P 200 P 200 I 200 I 200 I 200 A A A A B B B B B 200 B 200 B 200 B 200,0
776,1,0,38,-0.3780932954410317,-0.3778314580710786,5,I T I T I 500 A I T I T I T R R R R P P P P P 200 P 200 P 200 P 200 I 200 I 200 I 200 I 200 A A A A B B B B B 200 B 200 B 200 B 200,0
777,1,1,5,-2.2095903990567654,-1.8210769075355624,109,I I T T I 500 A I T I T R R R P P P P P 200 P 200 P 200 P 200 I 200 I 200 I 200 A A A A B B B B B 200 B 200 B 200 B 200,0
778,1,0,28,-0.83093697143227,-0.830658900727754,11,I T I T I 500 I T I T I T A R R R R P P P P P 200 P 200 P 200 P 200 I 200 I 200 I 200 I 200 A A A A B B B B B 200 B 200 B 200 B 200,0
779,1,0,46,-0.3522758037043595,-0.3521216534994195,5,I T I T I 500 A I T I T I T R R R R P P P P P 200 P 200 P 200 P 200 I 200 I 200 I 200 I 200 A A A A B B B B B 200 B 200 B 200 B 200,0
780,1,0,4,-0.5007367715827035,-0.3917014135052716,5,I T I T I 500 A I T I T I T R R R R P P P P P 200 P 200 P 200 P 200 I 200 I 200 I 200 I 200 A A A A B B B B B 200 B 200 B 200 B 200,0
781,1,0,28,-0.4057750995753045,-0.4051111281035701,5,I T I T I 500 A I T I T I T R R R R P P P P P 200 P 200 P 200 P 200 I 200 I 200 I 200 I 200 A A A A B B B B B 200 B 200 B 200 B 200,0
782,1,1,92,-1.4858337498507013,-1.4657301936675182,76,I T I T I 500 A I T I T I T R R R R P P P P P 200 P 200 P 200 P 200 C C 200 C C C 200 C C 200 C 200 I 487 A I 487 A I 487 A I 487 A,0
783,1,0,40,-0.9461379446433625,-0.9100523528177267,113,I T I T I 500 A I T I T I T R R R R P P P P P 200 P 200 P 200 P 200 I 200 I 200 I 200 I 200 A A A A U U U U 200 U 200 U 200 U 200 B B B B B 200 B 200 B 200 B 200,0
784,1,1,14,-2.6044153326374726,-2.380247984096581,473,I T I T I 500 A I T I T I T R R R R C C 200 C C 200 C C 200 C C 200 I 487 A I 487 A I 487 A I 487 A,0
785,1,0,125,-1.1446066034933922,-1.1419574358699223,170,I T I T I 500 A I T I T S S S P P P P 200 S S P 200 P 200 S P P P P 200 P 200 P 200 R R R P P P P 200 P 200 P 200 I 200 I 200 I 200 A A A A B B B B 200 B 200 B 200,0
786,1,0,12,-1.177638597131679,-1.0530770336391189,5,I T I T I 500 A I T I T I T R R R R P P P P P 200 P 200 P 200 P 200 I 200 I 200 I 200 I 200 A A A A B B B B B 200 B 200 B 200 B 200,0
787,1,1,35,-1.5711077943706726,-1.5340314097657746,141,I T I 407 A I I T I 500 A I T T I T S S S P P P P P 200 P 200 P 200 P 200 R R R I 480 A I 480 A P I 480 A P 481,0
788,1,0,27,-0.882800935049316,-0.8824839077194618,11,I T I T I 500 I T I T I T A R R R R P P P P P 200 P 200 P 200 P 200 I 200 I 200 I 200 I 200 A A A A B B B B B 200 B 200 B 200 B 200,0
789,1,1,18,-1.6365747370693118,-1.5353831920078924,53,I T I 407 A I T I T I 500 A I T I T S S S P P P P 200 P 200 P 200 R R R P P P P 200 P 200 P 200 I 200 I 200 I 200 A A A A B B B B 200 B 200 B 200,0
790,1,1,7,-3.047472915625067,-2.7149003783270103,563,I T I T I 500 A I T I T I T I 408 A I 408 A S S P P P 200 P 200 C C 200 C C 200 I 408 A I 408 A,0
791,1,0,29,-0.8959171863887133,-0.8943335308937117,25,I T I T I 500 A I I T I T T R R R R P P P P P 200 P 200 P 200 P 200 I 200 I 200 I 200 I 200 A A A A B B B B B 200 B 200 B 200 B 200,0
792,1,0,15,-1.051102446179509,-1.0483570630113694,14,I T I T I 500 A I T W W I T I T S S S S P P P P P 200 P 200 P 200 P 200 R R R R P P P P P 200 P 200 P 200 P 200 I 200 I 200 I 200 I 200 A A A A B B B B B 200 B 200 B 200 B 200,0
793,1,1,3,-2.8048522822139357,-2.0189693264826647,226,I I T T I 500 A I T I T S S S P P P P 200 P 200 P 200 R R R P P P P 200 P 200 P 200 I 200 I 200 I 200 A A A A B B B B 200 B 200 B 200,0
794,1,0,29,-1.4147712337999336,-1.3744660333552294,28,I T I T I 500 A I I T I T T R R R R P P P P P 200 P 200 P 200 P 200 C C 200 C C 200 C C 200 C C 200 I 487 A I 487 A I 487 A I 487 A,0
795,1,0,56,-1.126319599855336,-1.11430071790311,170,I T I T I 500 A I T I T S S S P P P P 200 S S P 200 P 200 S P P P P 200 P 200 P 200 R R R P P P P 200 P 200 P 200 I 200 I 200 I 200 A A A A B B B B 200 B 200 B 200,0
796,1,0,22,-1.0687191620823513,-0.9452491683092332,100,I T I T I 500 A I T I T I T R R R R P P P P P 200 P 200 P 200 P 200 I 200 I 200 I 200 I 200 A A A A I T I T I T I I 200 I 200 I 200 I 200 A A A A B B B B B 200 B 200 B 200 B 200,0
797,1,0,45,-1.2263987477027187,-1.1852226457179948,24,I T I 407 A I T I T I 500 A I T I T R R R P P P P 200 P 200 P 200 I 200 I 200 I 200 A A A A B B B B 200 B 200 B 200,0
798,1,0,29,-0.5744746700533924,-0.5740282755483792,49,I T I T I 500 I A T I T I T R R R R P P P P P 200 P 200 P 200 P 200 I 200 I 200 I 200 I 200 A A A A B B B B B 200 B 200 B 200 B 200,0
799,1,0,42,-0.5913031826700659,-0.5892576711918309,24,I T I 407 A I T I T I 500 A I T I T R R R P P P P 200 P 200 P 200 I 200 I 200 I 200 A A A A B B B B 200 B 200 B 200,0
800,1,0,40,-0.9461379446433626,-0.9235356656316579,113,I T I T I 500 A I T I T I T R R R R P P P P P 200 P 200 P 200 P 200 I 200 I 200 I 200 I 200 A A A A U U U U 200 U 200 U 200 U 200 B B B B B 200 B 200 B 200 B 200,0
801,1,1,13,-1.6483578080471075,-1.4558405128206395,0,I T I T I 500 A I T I T R R R P P P P 200 P 200 P 200 I 200 I 200 I 200 A A A A B B B B 200 B 200 B 200,0
802,1,0,4,-0.5007367715827035,-0.3917014135052716,5,I T I T I 500 A I T I T I T R R R R P P P P P 200 P 200 P 200 P 200 I 200 I 200 I 200 I 200 A A A A B B B B B 200 B 200 B 200 B 200,0
803,1,0,29,-0.39562187355667044,-0.39497535097482295,5,I T I T I 500 A I T I T I T R R R R P P P P P 200 P 200 P 200 P 200 I 200 I 200 I 200 I 200 A A A A B B B B B 200 B 200 B 200 B 200,0
804,1,0,2,-0.7392400894068978,-0.4521022237980951,5,I T I T I 500 A I T I T I T R R R R P P P P P 200 P 200 P 200 P 200 I 200 I 200 I 200 I 200 A A A A B B B B B 200 B 200 B 200 B 200,0
805,1,0,40,-0.960609971991914,-0.9597380923692473,302,I T I T I 500 A I I T T I T R R R R P P P P P 200 P 200 P 200 P 200 I 200 I 200 I 200 I 200 A A A A B B B B B 200 B 200 B 200 B 200,0
806,1,0,37,-0.374345863813598,-0.37405832200122546,5,I T I T I 500 A I T I T I T R R R R P P P P P 200 P 200 P 200 P 200 I 200 I 200 I 200 I 200 A A A A B B B B B 200 B 200 B 200 B 200,0
807,1,0,26,-1.108608458881597,-1.1022495660917206,11,I T I T I 500 I T I T I T A R R R R P P P P P 200 P 200 P 200 P 200 I 200 I 200 I 200 I 200 A A A A B B B B B 200 B 200 B 200 B 200,0
808,1,1,15,-1.6236384844540301,-1.466093100505801,14,I T I T I 500 A I T W W I T I T S S S S P P P P P 200 P 200 P 200 P 200 R R R R P P P P P 200 P 200 P 200 P 200 I 200 I 200 I 200 I 200 A A A A B B B B B 200 B 200 B 200 B 200,0
809,1,0,23,-1.3789996797338575,-1.3306799921690313,24,I T I 407 A I T I T I 500 A I T I T R R R P P P P 200 P 200 P 200 I 200 I 200 I 200 A A A A B B B B 200 B 200 B 200,0
810,1,1,5,-2.2095903990567654,-1.8210769075355624,109,I I T T I 500 A I T I T R R R P P P P P 200 P 200 P 200 P 200 I 200 I 200 I 200 A A A A B B B B B 200 B 200 B 200 B 200,0
811,1,0,23,-1.2163751058914023,-1.2081558140115467,11,I T I T I 500 I T I T I T A R R R R P P P P P 200 P 200 P 200 P 200 I 200 I 200 I 200 I 200 A A A A B B B B B 200 B 200 B 200 B 200,0
812,1,0,29,-0.7005553213101912,-0.6876954690057518,5,I T I T I 500 A I T I T I T R R R R P P P P P 200 P 200 P 200 P 200 I 200 I 200 I 200 I 200 A A A A B B B B B 200 B 200 B 200 B 200,0
813,1,1,30,-1.5544680624289713,-1.554149176833892,190,I T I 407 A I T I T I 500 A I T I T S S S P P P P P 200 P 200 P 200 P 200 I 480 A I 480 A I 480 A,0
814,1,1,36,-2.066701676268389,-2.0069618797118247,248,I T I T I 500 A I T I T S S S P P P P 200 P 200 P 200 R R R P P P P 200 P 200 P 200 C C 200 C C 200 C C 200 I 487 A I 487 A I 487 A,0
815,1,1,16,-1.7285385972188307,-1.6494385693318692,302,I T I T I 500 A I I T T I T R R R R P P P P P 200 P 200 P 200 P 200 I 200 I 200 I 200 I 200 A A A A B B B B B 200 B 200 B 200 B 200,0
816,1,1,48,-1.5750680845435758,-1.5316814156694416,42,I T I T I 500 A I T I T I T R R R R I 200 I 200 I 200 I 200 A A A A B B B B B 200 B 200 B 200 B 200,0
817,1,0,23,-1.103989373108592,-1.0353718607333984,113,I T I T I 500 A I T I T I T R R R R P P P P P 200 P 200 P 200 P 200 I 200 I 200 I 200 I 200 A A A A U U U U 200 U 200 U 200 U 200 B B B B B 200 B 200 B 200 B 200,0
818,1,0,118,-1.1962443466824229,-1.1769144288947957,76,I T I T I 500 A I T I T I T R R R R P P P P P 200 P 200 P 200 P 200 C C 200 C C C 200 C C 200 C 200 I 487 A I 487 A I 487 A I 487 A,0
819,1,1,36,-1.4634818733882886,-1.415348741328608,323,I T I T I 500 A I T I T I T R R R R P P P P P 200 P 200 P 200 P 200 C C 200 C C 200 C C 200 C C 200 I 487 I 487 A I 487 A I 487 A A,0
820,1,0,48,-1.102972419455064,-1.1007868786694155,190,I T I 407 A I T I T I 500 A I T I T S S S P P P P P 200 P 200 P 200 P 200 I 480 A I 480 A I 480 A,0
821,1,0,40,-0.807827004749304,-0.7775516784980427,113,I T I T I 500 A I T I T I T R R R R P P P P P 200 P 200 P 200 P 200 I 200 I 200 I 200 I 200 A A A A U U U U 200 U 200 U 200 U 200 B B B B B 200 B 200 B 200 B 200,0
822,1,0,11,-0.38087471704463877,-0.3728330264573241,5,I T I T I 500 A I T I T I T R R R R P P P P P 200 P 200 P 200 P 200 I 200 I 200 I 200 I 200 A A A A B B B B B 200 B 200 B 200 B 200,0
823,1,0,33,-0.6203367697251237,-0.619483462035472,24,I T I 407 A I T I T I 500 A I T I T R R R P P P P 200 P 200 P 200 I 200 I 200 I 200 A A A A B B B B 200 B 200 B 200,0
824,1,0,20,-0.8948277395012092,-0.8087405105870387,5,I T I T I 500 A I T I T I T R R R R P P P P P 200 P 200 P 200 P 200 I 200 I 200 I 200 I 200 A A A A B B B B B 200 B 200 B 200 B 200,0
825,1,0,48,-0.8174051796654802,-0.8160102130314629,24,I T I 407 A I T I T I 500 A I T I T R R R P P P P 200 P 200 P 200 I 200 I 200 I 200 A A A A B B B B 200 B 200 B 200,0
826,1,0,4,-0.5007367715827035,-0.3917014135052716,5,I T I T I 500 A I T I T I T R R R R P P P P P 200 P 200 P 200 P 200 I 200 I 200 I 200 I 200 A A A A B B B B B 200 B 200 B 200 B 200,0
827,1,0,14,-1.3208598389314863,-1.2742976067631016,11,I T I T I 500 I T I T I T A R R R R P P P P P 200 P 200 P 200 P 200 I 200 I 200 I 200 I 200 A A A A B B B B B 200 B 200 B 200 B 200,0
828,1,0,13,-1.4109968979619723,-1.350517264522479,11,I T I T I 500 I T I T I T A R R R R P P P P P 200 P 200 P 200 P 200 I 200 I 200 I 200 I 200 A A A A B B B B B 200 B 200 B 200 B 200,0
829,1,0,14,-0.7485588375859071,-0.732155186944017,24,I T I 407 A I T I T I 500 A I T I T R R R P P P P 200 P 200 P 200 I 200 I 200 I 200 A A A A B B B B 200 B 200 B 200,0
830,1,0,39,-0.8166726808852081,-0.7786568356454242,113,I T I T I 500 A I T I T I T R R R R P P P P P 200 P 200 P 200 P 200 I 200 I 200 I 200 I 200 A A A A U U U U 200 U 200 U 200 U 200 B B B B B 200 B 200 B 200 B 200,0
831,1,0,40,-1.0205018814628033,-1.0142052656363931,11,I T I T I 500 I T I T I T A R R R R P P P P P 200 P 200 P 200 P 200 I 200 I 200 I 200 I 200 A A A A B B B B B 200 B 200 B 200 B 200,0
832,1,0,32,-1.2966168355002783,-1.2340537058607184,248,I T I T I 500 A I T I T S S S P P P P 200 P 200 P 200 R R R P P P P 200 P 200 P 200 C C 200 C C 200 C C 200 I 487 A I 487 A I 487 A,0
833,1,0,64,-1.2141089170059651,-1.1650608390773327,65,I T I T R R P P P 200 P 200 C C 200 C C 200 I 487 A I 487 A,0
834,1,0,11,-0.38087471704463877,-0.3728330264573241,5,I T I T I 500 A I T I T I T R R R R P P P P P 200 P 200 P 200 P 200 I 200 I 200 I 200 I 200 A A A A B B B B B 200 B 200 B 200 B 200,0
835,1,1,11,-1.6497149730293885,-1.5686717808801207,302,I T I T I 500 A I I T T I T R R R R P P P P P 200 P 200 P 200 P 200 I 200 I 200 I 200 I 200 A A A A B B B B B 200 B 200 B 200 B 200,0
836,1,0,29,-0.5640431797653856,-0.5635007834317078,25,I T I T I 500 A I I T I T T R R R R P P P P P 200 P 200 P 200 P 200 I 200 I 200 I 200 I 200 A A A A B B B B B 200 B 200 B 200 B 200,0
837,1,0,151,-1.273938014278004,-1.2525142218374354,80,I T I T I 500 A I T I T I T R R R R P P P P P 200 P 200 P 200 P 200 C C 200 C C 200 C C 200 C C 200 I 487 A I 487 I 487 A A I 487 A,0
838,1,0,46,-1.3810954690426913,-1.2469785810696583,5,I T I T I 500 A I T I T I T R R R R P P P P P 200 P 200 P 200 P 200 I 200 I 200 I 200 I 200 A A A A B B B B B 200 B 200 B 200 B 200,0
839,1,1,6,-1.6967869420730002,-1.6709782715336055,14,I T I T I 500 A I T W W I T I T S S S S P P P P P 200 P 200 P 200 P 200 R R R R P P P P P 200 P 200 P 200 P 200 I 200 I 200 I 200 I 200 A A A A B B B B B 200 B 200 B 200 B 200,0
840,1,0,21,-1.419827286315537,-1.3474880813620445,215,I T I 407 A I T I T I 500 A I T I T I 480 A I 480 A I 480 A,0
841,1,0,29,-1.0394675942473786,-1.0328704894653529,52,I T I T I 500 I T I T I A T R R R R P P P P P 200 P 200 P 200 P 200 I 200 I 200 I 200 I 200 A A A A B B B B B 200 B 200 B 200 B 200,0
842,1,0,23,-1.2163751058914023,-1.2081558140115467,11,I T I T I 500 I T I T I T A R R R R P P P P P 200 P 200 P 200 P 200 I 200 I 200 I 200 I 200 A A A A B B B B B 200 B 200 B 200 B 200,0
843,1,0,116,-1.2022239685113898,-1.201302561768467,190,I T I 407 A I T I T I 500 A I T I T S S S P P P P P 200 P 200 P 200 P 200 I 480 A I 480 A I 480 A,0
844,1,1,26,-1.4864561298651298,-1.4499895519811186,302,I T I T I 500 A I I T T I T R R R R P P P P P 200 P 200 P 200 P 200 I 200 I 200 I 200 I 200 A A A A B B B B B 200 B 200 B 200 B 200,0
845,1,0,26,-0.40520892550555093,-0.4041936719419089,5,I T I T I 500 A I T I T I T R R R R P P P P P 200 P 200 P 200 P 200 I 200 I 200 I 200 I 200 A A A A B B B B B 200 B 200 B 200 B 200,0
846,1,0,29,-0.5640431797653856,-0.5635007834317078,25,I T I T I 500 A I I T I T T R R R R P P P P P 200 P 200 P 200 P 200 I 200 I 200 I 200 I 200 A A A A B B B B B 200 B 200 B 200 B 200,0
847,1,0,13,-1.4413446394743754,-1.3312226705506052,226,I I T T I 500 A I T I T S S S P P P P 200 P 200 P 200 R R R P P P P 200 P 200 P 200 I 200 I 200 I 200 A A A A B B B B 200 B 200 B 200,0
848,1,1,13,-1.8635281259170333,-1.6977920375956417,49,I T I T I 500 I A T I T I T R R R R P P P P P 200 P 200 P 200 P 200 I 200 I 200 I 200 I 200 A A A A B B B B B 200 B 200 B 200 B 200,0
849,1,0,23,-1.2163751058914023,-1.2081558140115467,11,I T I T I 500 I T I T I T A R R R R P P P P P 200 P 200 P 200 P 200 I 200 I 200 I 200 I 200 A A A A B B B B B 200 B 200 B 200 B 200,0
850,1,1,11,-2.453872629073152,-2.2706493887597436,11,I T I T I 500 I T I T I T A R R R R P P P P P 200 P 200 P 200 P 200 I 200 I 200 I 200 I 200 A A A A B B B B B 200 B 200 B 200 B 200,0
851,1,1,51,-1.496786533406042,-1.4572822804392465,34,I T I T I 500 A I T I T C C 200 C C 200 C C 200 I 487 A I 487 A I 487 A,0
852,1,0,28,-0.7460931679898402,-0.7309513793530034,5,I T I T I 500 A I T I T I T R R R R P P P P P 200 P 200 P 200 P 200 I 200 I 200 I 200 I 200 A A A A B B B B B 200 B 200 B 200 B 200,0
853,1,0,6,-0.6053162175985146,-0.5693077459684227,5,I T I T I 500 A I T I T I T R R R R P P P P P 200 P 200 P 200 P 200 I 200 I 200 I 200 I 200 A A A A B B B B B 200 B 200 B 200 B 200,0
854,1,0,29,-0.3956218735566704,-0.39497549598128157,5,I T I T I 500 A I T I T I T R R R R P P P P P 200 P 200 P 200 P 200 I 200 I 200 I 200 I 200 A A A A B B B B B 200 B 200 B 200 B 200,0
855,1,0,228,-1.2578748146031533,-1.238167591698478,190,I T I 407 A I T I T I 500 A I T I T S S S P P P P P 200 P 200 P 200 P 200 I 480 A I 480 A I 480 A,0
856,1,0,46,-0.3522758037043595,-0.35212169822492284,5,I T I T I 500 A I T I T I T R R R R P P P P P 200 P 200 P 200 P 200 I 200 I 200 I 200 I 200 A A A A B B B B B 200 B 200 B 200 B 200,0
857,1,1,13,-2.056890458303428,-1.812802687804577,54,I T I T I 500 A I T I T I 484 A I 484 A I 484 A,0
858,1,0,40,-0.3667491149648397,-0.36651964123980874,5,I T I T I 500 A I T I T I T R R R R P P P P P 200 P 200 P 200 P 200 I 200 I 200 I 200 I 200 A A A A B B B B B 200 B 200 B 200 B 200,0
859,1,1,9,-1.594407803342013,-1.5775884261418123,15,I T I T R R I 200 I 200 A A B B B 200 B 200,0
860,1,1,15,-1.931660163165714,-1.9123787508592471,14,I T I T I 500 A I T W W I T I T S S S S P P P P P 200 P 200 P 200 P 200 R R R R P P P P P 200 P 200 P 200 P 200 I 200 I 200 I 200 I 200 A A A A B B B B B 200 B 200 B 200 B 200,0
861,1,1,16,-1.4749804911897164,-1.4150144579249486,24,I T I 407 A I T I T I 500 A I T I T R R R P P P P 200 P 200 P 200 I 200 I 200 I 200 A A A A B B B B 200 B 200 B 200,0
862,1,0,29,-0.6696017816907796,-0.6682838860006279,52,I T I T I 500 I T I T I A T R R R R P P P P P 200 P 200 P 200 P 200 I 200 I 200 I 200 I 200 A A A A B B B B B 200 B 200 B 200 B 200,0
863,1,0,34,-0.810256802467122,-0.8097741555411622,24,I T I 407 A I T I T I 500 A I T I T R R R P P P P 200 P 200 P 200 I 200 I 200 I 200 A A A A B B B B 200 B 200 B 200,0
864,1,0,29,-0.8262029178834754,-0.8224308812792077,302,I T I T I 500 A I I T T I T R R R R P P P P P 200 P 200 P 200 P 200 I 200 I 200 I 200 I 200 A A A A B B B B B 200 B 200 B 200 B 200,0
865,1,1,32,-1.4745343468273302,-1.4710645892061558,190,I T I 407 A I T I T I 500 A I T I T S S S P P P P P 200 P 200 P 200 P 200 I 480 A I 480 A I 480 A,0
866,1,1,6,-2.5209954725834183,-2.3840530039533747,100,I T I T I 500 A I T I T I T R R R R P P P P P 200 P 200 P 200 P 200 I 200 I 200 I 200 I 200 A A A A I T I T I T I I 200 I 200 I 200 I 200 A A A A B B B B B 200 B 200 B 200 B 200,0
867,1,1,4,-2.237706201323909,-2.184487281385721,14,I T I T I 500 A I T W W I T I T S S S S P P P P P 200 P 200 P 200 P 200 R R R R P P P P P 200 P 200 P 200 P 200 I 200 I 200 I 200 I 200 A A A A B B B B B 200 B 200 B 200 B 200,0
868,1,0,37,-1.0510687670379508,-1.040542555588305,14,I T I T I 500 A I T W W I T I T S S S S P P P P P 200 P 200 P 200 P 200 R R R R P P P P P 200 P 200 P 200 P 200 I 200 I 200 I 200 I 200 A A A A B B B B B 200 B 200 B 200 B 200,0
869,1,1,2,-4.811579681130778,-2.7815408733940106,5,I T I T I 500 A I T I T I T R R R R P P P P P 200 P 200 P 200 P 200 I 200 I 200 I 200 I 200 A A A A B B B B B 200 B 200 B 200 B 200,0
870,1,1,10,-2.5018871118790424,-2.2851896641882306,65,I T I T R R P P P 200 P 200 C C 200 C C 200 I 487 A I 487 A,0
871,1,0,13,-0.3626222150006188,-0.35718027778023725,5,I T I T I 500 A I T I T I T R R R R P P P P P 200 P 200 P 200 P 200 I 200 I 200 I 200 I 200 A A A A B B B B B 200 B 200 B 200 B 200,0
872,1,0,29,-0.39562187355667044,-0.39497535097482295,5,I T I T I 500 A I T I T I T R R R R P P P P P 200 P 200 P 200 P 200 I 200 I 200 I 200 I 200 A A A A B B B B B 200 B 200 B 200 B 200,0
873,1,0,29,-0.5640431797653856,-0.5635007834317078,25,I T I T I 500 A I I T I T T R R R R P P P P P 200 P 200 P 200 P 200 I 200 I 200 I 200 I 200 A A A A B B B B B 200 B 200 B 200 B 200,0
874,1,0,29,-0.6696017816907796,-0.6682838860006279,52,I T I T I 500 I T I T I A T R R R R P P P P P 200 P 200 P 200 P 200 I 200 I 200 I 200 I 200 A A A A B B B B B 200 B 200 B 200 B 200,0
875,1,1,7,-2.156507608423983,-1.9926336569364307,11,I T I T I 500 I T I T I T A R R R R P P P P P 200 P 200 P 200 P 200 I 200 I 200 I 200 I 200 A A A A B B B B B 200 B 200 B 200 B 200,0
876,1,1,31,-1.5919543404876728,-1.5916733061352237,190,I T I 407 A I T I T I 500 A I T I T S S S P P P P P 200 P 200 P 200 P 200 I 480 A I 480 A I 480 A,0
877,1,1,13,-2.108086952158279,-2.0384227220735336,190,I T I 407 A I T I T I 500 A I T I T S S S P P P P P 200 P 200 P 200 P 200 I 480 A I 480 A I 480 A,0
878,1,0,18,-1.3535038723843797,-1.2402960213177987,24,I T I 407 A I T I T I 500 A I T I T R R R P P P P 200 P 200 P 200 I 200 I 200 I 200 A A A A B B B B 200 B 200 B 200,0
879,1,0,29,-0.6696017816907796,-0.6682838860006279,52,I T I T I 500 I T I T I A T R R R R P P P P P 200 P 200 P 200 P 200 I 200 I 200 I 200 I 200 A A A A B B B B B 200 B 200 B 200 B 200,0
880,1,0,40,-1.037324102676965,-0.9887637751493236,52,I T I T I 500 I T I T I A T R R R R P P P P P 200 P 200 P 200 P 200 I 200 I 200 I 200 I 200 A A A A B B B B B 200 B 200 B 200 B 200,0
881,1,1,65,-1.5108863199189777,-1.5018354315696565,293,I T I T I 500 A I T I T S S S P P P P 200 R R P 200 P 200 R P P P P 200 P 200 P 200 S S S P P P P 200 P 200 P 200 U U U U 200 U 200 U 200 I 200 I 200 I 200 A A A A B B B B 200 B 200 B 200,0
882,1,0,26,-0.40976410367896077,-0.40886686495762514,5,I T I T I 500 A I T I T I T R R R R P P P P P 200 P 200 P 200 P 200 I 200 I 200 I 200 I 200 A A A A B B B B B 200 B 200 B 200 B 200,0
883,1,1,15,-1.7001045648326225,-1.5316856426146441,37,I T I T I 500 A I T I T I 200 I 200 I 200 A A A A B B B B 200 B 200 B 200,0
884,1,0,13,-1.4625081967380014,-1.3350777540212075,100,I T I T I 500 A I T I T I T R R R R P P P P P 200 P 200 P 200 P 200 I 200 I 200 I 200 I 200 A A A A I T I T I T I I 200 I 200 I 200 I 200 A A A A B B B B B 200 B 200 B 200 B 200,0
885,1,0,11,-1.4774409974903733,-1.3998371483561427,226,I I T T I 500 A I T I T S S S P P P P 200 P 200 P 200 R R R P P P P 200 P 200 P 200 I 200 I 200 I 200 A A A A B B B B 200 B 200 B 200,0
886,1,0,29,-0.39562187355667044,-0.39497535097482295,5,I T I T I 500 A I T I T I T R R R R P P P P P 200 P 200 P 200 P 200 I 200 I 200 I 200 I 200 A A A A B B B B B 200 B 200 B 200 B 200,0
887,1,1,59,-1.523555637871837,-1.480146209806643,76,I T I T I 500 A I T I T I T R R R R P P P P P 200 P 200 P 200 P 200 C C 200 C C C 200 C C 200 C 200 I 487 A I 487 A I 487 A I 487 A,0
888,1,1,36,-1.47790900199114,-1.4329072991777378,76,I T I T I 500 A I T I T I T R R R R P P P P P 200 P 200 P 200 P 200 C C 200 C C C 200 C C 200 C 200 I 487 A I 487 A I 487 A I 487 A,0
889,1,0,29,-0.39562187355667044,-0.39497535097482295,5,I T I T I 500 A I T I T I T R R R R P P P P P 200 P 200 P 200 P 200 I 200 I 200 I 200 I 200 A A A A B B B B B 200 B 200 B 200 B 200,0
890,1,0,11,-0.38087471704463877,-0.3728330264573241,5,I T I T I 500 A I T I T I T R R R R P P P P P 200 P 200 P 200 P 200 I 200 I 200 I 200 I 200 A A A A B B B B B 200 B 200 B 200 B 200,0
891,1,0,29,-0.39562187355667044,-0.39497535097482295,5,I T I T I 500 A I T I T I T R R R R P P P P P 200 P 200 P 200 P 200 I 200 I 200 I 200 I 200 A A A A B B B B B 200 B 200 B 200 B 200,0
892,1,0,53,-1.2523480797570838,-1.2522412244088632,190,I T I 407 A I T I T I 500 A I T I T S S S P P P P P 200 P 200 P 200 P 200 I 480 A I 480 A I 480 A,0
893,1,0,64,-1.2141089170059651,-1.1647251109088799,65,I T I T R R P P P 200 P 200 C C 200 C C 200 I 487 A I 487 A,0
894,1,1,13,-2.321026881020873,-2.2004655249048195,110,I T I T I 500 A I T I T I 480 A I 480 A I 480 A,0
895,1,0,26,-1.4027918544170974,-1.4020774209702844,14,I T I T I 500 A I T W W I T I T S S S S P P P P P 200 P 200 P 200 P 200 R R R R P P P P P 200 P 200 P 200 P 200 I 200 I 200 I 200 I 200 A A A A B B B B B 200 B 200 B 200 B 200,0
896,1,0,29,-1.0343208389181882,-1.0293177823553294,11,I T I T I 500 I T I T I T A R R R R P P P P P 200 P 200 P 200 P 200 I 200 I 200 I 200 I 200 A A A A B B B B B 200 B 200 B 200 B 200,0
897,1,1,10,-2.6505423094136455,-2.485774275862915,226,I I T T I 500 A I T I T S S S P P P P 200 P 200 P 200 R R R P P P P 200 P 200 P 200 I 200 I 200 I 200 A A A A B B B B 200 B 200 B 200,0
898,1,0,158,-0.9743376099294103,-0.974307836937268,190,I T I 407 A I T I T I 500 A I T I T S S S P P P P P 200 P 200 P 200 P 200 I 480 A I 480 A I 480 A,0
899,1,0,29,-0.9356558140349359,-0.919291480638953,25,I T I T I 500 A I I T I T T R R R R P P P P P 200 P 200 P 200 P 200 I 200 I 200 I 200 I 200 A A A A B B B B B 200 B 200 B 200 B 200,0
900,1,0,29,-0.39562187355667044,-0.39497535097482295,5,I T I T I 500 A I T I T I T R R R R P P P P P 200 P 200 P 200 P 200 I 200 I 200 I 200 I 200 A A A A B B B B B 200 B 200 B 200 B 200,0
901,1,0,25,-1.0792391068555125,-1.0790368023761363,190,I T I 407 A I T I T I 500 A I T I T S S S P P P P P 200 P 200 P 200 P 200 I 480 A I 480 A I 480 A,0
902,1,0,18,-1.312524443288452,-1.2599908366475223,24,I T I 407 A I T I T I 500 A I T I T R R R P P P P 200 P 200 P 200 I 200 I 200 I 200 A A A A B B B B 200 B 200 B 200,0
903,1,0,26,-0.40976410367896077,-0.40886686495762514,5,I T I T I 500 A I T I T I T R R R R P P P P P 200 P 200 P 200 P 200 I 200 I 200 I 200 I 200 A A A A B B B B B 200 B 200 B 200 B 200,0
904,1,1,119,-1.498969244441092,-1.493842701967079,209,I T I 407 A I T I T I 500 A I T I T I 404 A I 404 A S P P P 200 P 200 C C 200 I 404 A,0
905,1,0,59,-1.0836949923796104,-1.0835818383509936,190,I T I 407 A I T I T I 500 A I T I T S S S P P P P P 200 P 200 P 200 P 200 I 480 A I 480 A I 480 A,0
906,1,1,29,-1.6149420866028612,-1.5885653481796407,14,I T I T I 500 A I T W W I T I T S S S S P P P P P 200 P 200 P 200 P 200 R R R R P P P P P 200 P 200 P 200 P 200 I 200 I 200 I 200 I 200 A A A A B B B B B 200 B 200 B 200 B 200,0
907,1,1,18,-1.9887085350906055,-1.860789806364677,112,I T I 407 A I T I T I 500 A I T I T I 484 A I 484 A I 484 A,0
908,1,0,23,-0.4321005200581084,-0.4306878565667483,5,I T I T I 500 A I T I T I T R R R R P P P P P 200 P 200 P 200 P 200 I 200 I 200 I 200 I 200 A A A A B B B B B 200 B 200 B 200 B 200,0
909,1,0,46,-0.3522758037043595,-0.35212169822492284,5,I T I T I 500 A I T I T I T R R R R P P P P P 200 P 200 P 200 P 200 I 200 I 200 I 200 I 200 A A A A B B B B B 200 B 200 B 200 B 200,0
910,1,0,29,-1.0343208389181882,-1.0293177823553294,11,I T I T I 500 I T I T I T A R R R R P P P P P 200 P 200 P 200 P 200 I 200 I 200 I 200 I 200 A A A A B B B B B 200 B 200 B 200 B 200,0
911,1,1,20,-1.5928755410398125,-1.5850468422423616,356,I T I 407 A I T I T I 500 A I T I T I 404 A I 404 A S P P 200 C C 200 I 404 A,0
912,1,0,45,-0.7931804274290267,-0.7500659195038201,25,I T I T I 500 A I I T I T T R R R R P P P P P 200 P 200 P 200 P 200 I 200 I 200 I 200 I 200 A A A A B B B B B 200 B 200 B 200 B 200,0
913,1,0,13,-1.1182030650423285,-1.1146035550108346,14,I T I T I 500 A I T W W I T I T S S S S P P P P P 200 P 200 P 200 P 200 R R R R P P P P P 200 P 200 P 200 P 200 I 200 I 200 I 200 I 200 A A A A B B B B B 200 B 200 B 200 B 200,0
914,1,0,46,-0.3522758037043595,-0.35212169822492284,5,I T I T I 500 A I T I T I T R R R R P P P P P 200 P 200 P 200 P 200 I 200 I 200 I 200 I 200 A A A A B B B B B 200 B 200 B 200 B 200,0
915,1,0,60,-1.2064767902805904,-1.2063654009279055,190,I T I 407 A I T I T I 500 A I T I T S S S P P P P P 200 P 200 P 200 P 200 I 480 A I 480 A I 480 A,0
916,1,0,40,-0.9463341479259728,-0.9382744465211452,25,I T I T I 500 A I I T I T T R R R R P P P P P 200 P 200 P 200 P 200 I 200 I 200 I 200 I 200 A A A A B B B B B 200 B 200 B 200 B 200,0
917,1,0,52,-1.2135484904623461,-1.213407594790461,190,I T I 407 A I T I T I 500 A I T I T S S S P P P P P 200 P 200 P 200 P 200 I 480 A I 480 A I 480 A,0
918,1,0,13,-0.7775790558711925,-0.7738862768778573,25,I T I T I 500 A I I T I T T R R R R P P P P P 200 P 200 P 200 P 200 I 200 I 200 I 200 I 200 A A A A B B B B B 200 B 200 B 200 B 200,0
919,1,0,11,-0.42617036116075685,-0.4147724427861789,5,I T I T I 500 A I T I T I T R R R R P P P P P 200 P 200 P 200 P 200 I 200 I 200 I 200 I 200 A A A A B B B B B 200 B 200 B 200 B 200,0
920,1,0,60,-1.3624890094481554,-1.3624145979380595,190,I T I 407 A I T I T I 500 A I T I T S S S P P P P P 200 P 200 P 200 P 200 I 480 A I 480 A I 480 A,0
921,1,1,16,-1.4592048512501377,-1.4133520530438066,24,I T I 407 A I T I T I 500 A I T I T R R R P P P P 200 P 200 P 200 I 200 I 200 I 200 A A A A B B B B 200 B 200 B 200,0
922,1,0,29,-0.6696017816907796,-0.6682838860006279,52,I T I T I 500 I T I T I A T R R R R P P P P P 200 P 200 P 200 P 200 I 200 I 200 I 200 I 200 A A A A B B B B B 200 B 200 B 200 B 200,0
923,1,0,26,-1.0373819417535945,-0.9817163976839781,146,I T I T I 500 A I T I T R R R P P P P P 200 P 200 P 200 P 200 I 200 I 200 I 200 A A A A B B B B B 200 B 200 B 200 B 200,0
924,1,1,12,-1.909390031916826,-1.8272399590187531,11,I T I T I 500 I T I T I T A R R R R P P P P P 200 P 200 P 200 P 200 I 200 I 200 I 200 I 200 A A A A B B B B B 200 B 200 B 200 B 200,0
925,1,0,116,-1.1342528744390918,-1.134188961649452,190,I T I 407 A I T I T I 500 A I T I T S S S P P P P P 200 P 200 P 200 P 200 I 480 A I 480 A I 480 A,0
926,1,0,23,-1.1462940307875078,-1.120865180904006,11,I T I T I 500 I T I T I T A R R R R P P P P P 200 P 200 P 200 P 200 I 200 I 200 I 200 I 200 A A A A B B B B B 200 B 200 B 200 B 200,0
927,1,0,66,-1.3610124532462324,-1.33303721056324,76,I T I T I 500 A I T I T I T R R R R P P P P P 200 P 200 P 200 P 200 C C 200 C C C 200 C C 200 C 200 I 487 A I 487 A I 487 A I 487 A,0
928,1,0,199,-0.9548965884307998,-0.9548681408072809,190,I T I 407 A I T I T I 500 A I T I T S S S P P P P P 200 P 200 P 200 P 200 I 480 A I 480 A I 480 A,0
929,1,0,36,-1.4034602498658049,-1.3978001552740595,53,I T I 407 A I T I T I 500 A I T I T S S S P P P P 200 P 200 P 200 R R R P P P P 200 P 200 P 200 I 200 I 200 I 200 A A A A B B B B 200 B 200 B 200,0
930,1,1,6,-1.6967869420730002,-1.6709782715336055,14,I T I T I 500 A I T W W I T I T S S S S P P P P P 200 P 200 P 200 P 200 R R R R P P P P P 200 P 200 P 200 P 200 I 200 I 200 I 200 I 200 A A A A B B B B B 200 B 200 B 200 B 200,0
931,1,1,26,-1.5738271679568763,-1.563907719346272,190,I T I 407 A I T I T I 500 A I T I T S S S P P P P P 200 P 200 P 200 P 200 I 480 A I 480 A I 480 A,0
932,1,1,18,-1.589043852208615,-1.5798052167787668,302,I T I T I 500 A I I T T I T R R R R P P P P P 200 P 200 P 200 P 200 I 200 I 200 I 200 I 200 A A A A B B B B B 200 B 200 B 200 B 200,0
933,1,0,44,-1.1928210994308932,-1.1903880143446823,170,I T I T I 500 A I T I T S S S P P P P 200 S S P 200 P 200 S P P P P 200 P 200 P 200 R R R P P P P 200 P 200 P 200 I 200 I 200 I 200 A A A A B B B B 200 B 200 B 200,0
934,1,0,29,-0.39562187355667044,-0.39497535097482295,5,I T I T I 500 A I T I T I T R R R R P P P P P 200 P 200 P 200 P 200 I 200 I 200 I 200 I 200 A A A A B B B B B 200 B 200 B 200 B 200,0
935,1,1,16,-1.4592048512501374,-1.4140267153500015,24,I T I 407 A I T I T I 500 A I T I T R R R P P P P 200 P 200 P 200 I 200 I 200 I 200 A A A A B B B B 200 B 200 B 200,0
936,1,0,114,-1.0339632694448493,-1.0339196975310738,190,I T I 407 A I T I T I 500 A I T I T S S S P P P P P 200 P 200 P 200 P 200 I 480 A I 480 A I 480 A,0
937,1,0,129,-1.3873950089413232,-1.3288479916656228,65,I T I T R R P P P 200 P 200 C C 200 C C 200 I 487 A I 487 A,0
938,1,0,37,-1.2096288200608023,-1.2057594478016405,248,I T I T I 500 A I T I T S S S P P P P 200 P 200 P 200 R R R P P P P 200 P 200 P 200 C C 200 C C 200 C C 200 I 487 A I 487 A I 487 A,0
939,1,1,36,-1.7374637711391272,-1.7012255405328347,248,I T I T I 500 A I T I T S S S P P P P 200 P 200 P 200 R R R P P P P 200 P 200 P 200 C C 200 C C 200 C C 200 I 487 A I 487 A I 487 A,0
940,1,0,28,-0.38706612267781104,-0.38623301348099964,5,I T I T I 500 A I T I T I T R R R R P P P P P 200 P 200 P 200 P 200 I 200 I 200 I 200 I 200 A A A A B B B B B 200 B 200 B 200 B 200,0
941,1,0,13,-1.4625081967380014,-1.3350777540212075,100,I T I T I 500 A I T I T I T R R R R P P P P P 200 P 200 P 200 P 200 I 200 I 200 I 200 I 200 A A A A I T I T I T I I 200 I 200 I 200 I 200 A A A A B B B B B 200 B 200 B 200 B 200,0
942,1,0,26,-0.40976410367896077,-0.40886686495762514,5,I T I T I 500 A I T I T I T R R R R P P P P P 200 P 200 P 200 P 200 I 200 I 200 I 200 I 200 A A A A B B B B B 200 B 200 B 200 B 200,0
943,1,0,29,-0.39562187355667044,-0.39497535097482295,5,I T I T I 500 A I T I T I T R R R R P P P P P 200 P 200 P 200 P 200 I 200 I 200 I 200 I 200 A A A A B B B B B 200 B 200 B 200 B 200,0
944,1,1,2,-4.811579681130778,-2.7815408733940106,5,I T I T I 500 A I T I T I T R R R R P P P P P 200 P 200 P 200 P 200 I 200 I 200 I 200 I 200 A A A A B B B B B 200 B 200 B 200 B 200,0
945,1,1,7,-1.7618862727882794,-1.635783115953697,226,I I T T I 500 A I T I T S S S P P P P 200 P 200 P 200 R R R P P P P 200 P 200 P 200 I 200 I 200 I 200 A A A A B B B B 200 B 200 B 200,0
946,1,0,23,-0.4321005200581084,-0.4306878565667483,5,I T I T I 500 A I T I T I T R R R R P P P P P 200 P 200 P 200 P 200 I 200 I 200 I 200 I 200 A A A A B B B B B 200 B 200 B 200 B 200,0
947,1,0,37,-1.0594672673093624,-1.0582441687455229,24,I T I 407 A I T I T I 500 A I T I T R R R P P P P 200 P 200 P 200 I 200 I 200 I 200 A A A A B B B B 200 B 200 B 200,0
948,1,0,26,-1.0944607756090339,-1.0382172522390358,11,I T I T I 500 I T I T I T A R R R R P P P P P 200 P 200 P 200 P 200 I 200 I 200 I 200 I 200 A A A A B B B B B 200 B 200 B 200 B 200,0
949,1,1,9,-1.7451211647280338,-1.717518255666246,14,I T I T I 500 A I T W W I T I T S S S S P P P P P 200 P 200 P 200 P 200 R R R R P P P P P 200 P 200 P 200 P 200 I 200 I 200 I 200 I 200 A A A A B B B B B 200 B 200 B 200 B 200,0
950,1,0,13,-1.561703432840047,-1.3545931574931571,25,I T I T I 500 A I I T I T T R R R R P P P P P 200 P 200 P 200 P 200 I 200 I 200 I 200 I 200 A A A A B B B B B 200 B 200 B 200 B 200,0
951,1,0,50,-1.259255516395089,-1.258757043427015,356,I T I 407 A I T I T I 500 A I T I T I 404 A I 404 A S P P 200 C C 200 I 404 A,0
952,1,0,26,-1.3679079392068998,-1.356404422560278,190,I T I 407 A I T I T I 500 A I T I T S S S P P P P P 200 P 200 P 200 P 200 I 480 A I 480 A I 480 A,0
953,1,0,22,-1.1954939551434063,-1.101773788584428,37,I T I T I 500 A I T I T I 200 I 200 I 200 A A A A B B B B 200 B 200 B 200,0
954,1,0,27,-0.8441740112216632,-0.8402241495089704,302,I T I T I 500 A I I T T I T R R R R P P P P P 200 P 200 P 200 P 200 I 200 I 200 I 200 I 200 A A A A B B B B B 200 B 200 B 200 B 200,0
955,1,1,4,-3.7972016677973164,-2.813981687606449,65,I T I T R R P P P 200 P 200 C C 200 C C 200 I 487 A I 487 A,0
956,1,0,27,-1.2343852085081228,-1.2020034505352084,25,I T I T I 500 A I I T I T T R R R R P P P P P 200 P 200 P 200 P 200 I 200 I 200 I 200 I 200 A A A A B B B B B 200 B 200 B 200 B 200,0
957,1,0,43,-0.7713205308395815,-0.7446190343982233,113,I T I T I 500 A I T I T I T R R R R P P P P P 200 P 200 P 200 P 200 I 200 I 200 I 200 I 200 A A A A U U U U 200 U 200 U 200 U 200 B B B B B 200 B 200 B 200 B 200,0
958,1,0,28,-0.9591707047354306,-0.9563942352232389,49,I T I T I 500 I A T I T I T R R R R P P P P P 200 P 200 P 200 P 200 I 200 I 200 I 200 I 200 A A A A B B B B B 200 B 200 B 200 B 200,0
959,1,0,169,-1.0516616370870977,-1.0514426282562686,190,I T I 407 A I T I T I 500 A I T I T S S S P P P P P 200 P 200 P 200 P 200 I 480 A I 480 A I 480 A,0
960,1,1,35,-1.608817279348425,-1.5611928382637774,248,I T I T I 500 A I T I T S S S P P P P 200 P 200 P 200 R R R P P P P 200 P 200 P 200 C C 200 C C 200 C C 200 I 487 A I 487 A I 487 A,0
961,1,0,18,-1.367526663441783,-1.3177843510985356,24,I T I 407 A I T I T I 500 A I T I T R R R P P P P 200 P 200 P 200 I 200 I 200 I 200 A A A A B B B B 200 B 200 B 200,0
962,1,0,37,-1.435757319857259,-1.3872415251419599,323,I T I T I 500 A I T I T I T R R R R P P P P P 200 P 200 P 200 P 200 C C 200 C C 200 C C 200 C C 200 I 487 I 487 A I 487 A I 487 A A,0
963,1,0,41,-1.1337547245193536,-1.0810866000216701,110,I T I T I 500 A I T I T I 480 A I 480 A I 480 A,0
964,1,1,6,-2.1458325403009075,-1.6627893731638457,5,I T I T I 500 A I T I T I T R R R R P P P P P 200 P 200 P 200 P 200 I 200 I 200 I 200 I 200 A A A A B B B B B 200 B 200 B 200 B 200,0
965,1,1,32,-1.444743084093906,-1.4244343700310647,248,I T I T I 500 A I T I T S S S P P P P 200 P 200 P 200 R R R P P P P 200 P 200 P 200 C C 200 C C 200 C C 200 I 487 A I 487 A I 487 A,0
966,1,0,60,-1.3910229357044948,-1.3909045051423552,190,I T I 407 A I T I T I 500 A I T I T S S S P P P P P 200 P 200 P 200 P 200 I 480 A I 480 A I 480 A,0
967,1,1,36,-1.8068212404512032,-1.7227400874228231,248,I T I T I 500 A I T I T S S S P P P P 200 P 200 P 200 R R R P P P P 200 P 200 P 200 C C 200 C C 200 C C 200 I 487 A I 487 A I 487 A,0
968,1,0,9,-0.6826957326753915,-0.6572307095620779,5,I T I T I 500 A I T I T I T R R R R P P P P P 200 P 200 P 200 P 200 I 200 I 200 I 200 I 200 A A A A B B B B B 200 B 200 B 200 B 200,0
969,1,1,13,-2.211061545959245,-2.13648170790127,11,I T I T I 500 I T I T I T A R R R R P P P P P 200 P 200 P 200 P 200 I 200 I 200 I 200 I 200 A A A A B B B B B 200 B 200 B 200 B 200,0
970,1,0,26,-0.40520892550555093,-0.4041936719419089,5,I T I T I 500 A I T I T I T R R R R P P P P P 200 P 200 P 200 P 200 I 200 I 200 I 200 I 200 A A A A B B B B B 200 B 200 B 200 B 200,0
971,1,1,6,-1.8692467697889665,-1.7670291434126726,10,I T I T S S P P P 200 P 200 I 200 I 200 A A B B B 200 B 200,0
972,1,0,13,-1.3064760639441082,-1.3032230508900935,11,I T I T I 500 I T I T I T A R R R R P P P P P 200 P 200 P 200 P 200 I 200 I 200 I 200 I 200 A A A A B B B B B 200 B 200 B 200 B 200,0
973,1,0,63,-1.361114510807854,-1.331712106587387,76,I T I T I 500 A I T I T I T R R R R P P P P P 200 P 200 P 200 P 200 C C 200 C C C 200 C C 200 C 200 I 487 A I 487 A I 487 A I 487 A,0
974,1,1,4,-3.0982439576931577,-2.6796921710007915,37,I T I T I 500 A I T I T I 200 I 200 I 200 A A A A B B B B 200 B 200 B 200,0
975,1,0,96,-1.2126188841695666,-1.1844626382690515,323,I T I T I 500 A I T I T I T R R R R P P P P P 200 P 200 P 200 P 200 C C 200 C C 200 C C 200 C C 200 I 487 I 487 A I 487 A I 487 A A,0
976,1,0,40,-0.7602894893764586,-0.7183146030463805,11,I T I T I 500 I T I T I T A R R R R P P P P P 200 P 200 P 200 P 200 I 200 I 200 I 200 I 200 A A A A B B B B B 200 B 200 B 200 B 200,0
977,1,0,18,-1.0264761774583566,-0.9559808820395665,5,I T I T I 500 A I T I T I T R R R R P P P P P 200 P 200 P 200 P 200 I 200 I 200 I 200 I 200 A A A A B B B B B 200 B 200 B 200 B 200,0
978,1,0,40,-0.36674911496483975,-0.36651963160792017,5,I T I T I 500 A I T I T I T R R R R P P P P P 200 P 200 P 200 P 200 I 200 I 200 I 200 I 200 A A A A B B B B B 200 B 200 B 200 B 200,0
979,1,0,29,-0.39562187355667044,-0.39497535097482295,5,I T I T I 500 A I T I T I T R R R R P P P P P 200 P 200 P 200 P 200 I 200 I 200 I 200 I 200 A A A A B B B B B 200 B 200 B 200 B 200,0
980,1,1,13,-2.1271446272634784,-2.053396626903778,11,I T I T I 500 I T I T I T A R R R R P P P P P 200 P 200 P 200 P 200 I 200 I 200 I 200 I 200 A A A A B B B B B 200 B 200 B 200 B 200,0
981,1,0,35,-1.4129372925780537,-1.3701686609555468,293,I T I T I 500 A I T I T S S S P P P P 200 R R P 200 P 200 R P P P P 200 P 200 P 200 S S S P P P P 200 P 200 P 200 U U U U 200 U 200 U 200 I 200 I 200 I 200 A A A A B B B B 200 B 200 B 200,0
982,1,0,18,-0.3542387049250686,-0.351789058818861,5,I T I T I 500 A I T I T I T R R R R P P P P P 200 P 200 P 200 P 200 I 200 I 200 I 200 I 200 A A A A B B B B B 200 B 200 B 200 B 200,0
983,1,0,1,-1.4653727676939363,-0.6629390273350442,5,I T I T I 500 A I T I T I T R R R R P P P P P 200 P 200 P 200 P 200 I 200 I 200 I 200 I 200 A A A A B B B B B 200 B 200 B 200 B 200,0
984,1,0,29,-0.39562187355667044,-0.39497535097482295,5,I T I T I 500 A I T I T I T R R R R P P P P P 200 P 200 P 200 P 200 I 200 I 200 I 200 I 200 A A A A B B B B B 200 B 200 B 200 B 200,0
985,1,0,28,-0.39922620011321425,-0.39851538468236664,5,I T I T I 500 A I T I T I T R R R R P P P P P 200 P 200 P 200 P 200 I 200 I 200 I 200 I 200 A A A A B B B B B 200 B 200 B 200 B 200,0
986,1,0,40,-0.8078270047493039,-0.7722740973997958,113,I T I T I 500 A I T I T I T R R R R P P P P P 200 P 200 P 200 P 200 I 200 I 200 I 200 I 200 A A A A U U U U 200 U 200 U 200 U 200 B B B B B 200 B 200 B 200 B 200,0
987,1,1,6,-2.035356730708279,-1.7135080845511432,17,I T I T R R P P P 200 P 200 I 200 I 200 A A B B B 200 B 200,0
988,1,1,36,-1.7374637711391272,-1.702109699888916,248,I T I T I 500 A I T I T S S S P P P P 200 P 200 P 200 R R R P P P P 200 P 200 P 200 C C 200 C C 200 C C 200 I 487 A I 487 A I 487 A,0
989,1,0,12,-0.7231408320521192,-0.7155394193252537,25,I T I T I 500 A I I T I T T R R R R P P P P P 200 P 200 P 200 P 200 I 200 I 200 I 200 I 200 A A A A B B B B B 200 B 200 B 200 B 200,0
990,1,1,11,-1.591134488132335,-1.4215709018865732,66,I I T I 500 A T I T I T R R R P P P P 200 P 200 P 200 I 200 I 200 I 200 A A A A B B B B 200 B 200 B 200,0
991,1,1,10,-1.6241782711959445,-1.4863699479839758,60,I T I T I 500 A I T I T S S S P P P P P 200 P 200 P 200 P 200 R R R P P P P P 200 P 200 P 200 P 200 I 200 I 200 I 200 A A A A B B B B B 200 B 200 B 200 B 200,0
992,1,0,28,-0.7416821325217048,-0.7407226578847803,25,I T I T I 500 A I I T I T T R R R R P P P P P 200 P 200 P 200 P 200 I 200 I 200 I 200 I 200 A A A A B B B B B 200 B 200 B 200 B 200,0
993,1,0,13,-1.4774692441443984,-1.280679471873383,66,I I T I 500 A T I T I T R R R P P P P 200 P 200 P 200 I 200 I 200 I 200 A A A A B B B B 200 B 200 B 200,0
994,1,1,10,-2.0272827814038314,-1.9195105018029968,66,I I T I 500 A T I T I T R R R P P P P 200 P 200 P 200 I 200 I 200 I 200 A A A A B B B B 200 B 200 B 200,0
995,1,1,13,-2.134231200026411,-2.1036666381677156,14,I T I T I 500 A I T W W I T I T S S S S P P P P P 200 P 200 P 200 P 200 R R R R P P P P P 200 P 200 P 200 P 200 I 200 I 200 I 200 I 200 A A A A B B B B B 200 B 200 B 200 B 200,0
996,1,1,24,-2.0698697557294454,-1.9829152374659849,141,I T I 407 A I I T I 500 A I T T I T S S S P P P P P 200 P 200 P 200 P 200 R R R I 480 A I 480 A P I 480 A P 481,0
997,1,0,37,-0.374345863813598,-0.37405832200122546,5,I T I T I 500 A I T I T I T R R R R P P P P P 200 P 200 P 200 P 200 I 200 I 200 I 200 I 200 A A A A B B B B B 200 B 200 B 200 B 200,0
998,1,0,13,-0.3626222150006187,-0.357269244884713,5,I T I T I 500 A I T I T I T R R R R P P P P P 200 P 200 P 200 P 200 I 200 I 200 I 200 I 200 A A A A B B B B B 200 B 200 B 200 B 200,0
999,1,1,22,-1.6687182621669647,-1.609140188141488,53,I T I 407 A I T I T I 500 A I T I T S S S P P P P 200 P 200 P 200 R R R P P P P 200 P 200 P 200 I 200 I 200 I 200 A A A A B B B B 200 B 200 B 200,0
