test_csv_row,true_label,pred_label,Replaced Signalling Description
0,0,0,"GTW,ICSCF,I:ICSCF,GTW,T:SCSCF,ASLI,I:ASLI,SCSCF,T:ASLI,SCSCF,I-500:SCSCF,ASLI,A:SCSCF,MTAS,I:MTAS,SCSCF,T:MTAS,SCSCF,I:SCSCF,MTAS,T:SCSCF,MTAS,I-480:MTAS,SCSCF,A:MTAS,SCSCF,W:ICSCF,GTW,W:MTAS,SCSCF,I:SCSCF,MTAS,T:SCSCF,GTW,I:GTW,SCSCF,T:GTW,SCSCF,S:SCSCF,MTAS,S:MTAS,SCSCF,S:ICSCF,GTW,S:GTW,SCSCF,P:SCSCF,MTAS,P:MTAS,SCSCF,P:SCSCF,GTW,P:GTW,SCSCF,P-200:SCSCF,MTAS,P-200:MTAS,SCSCF,P-200:SCSCF,GTW,P-200:GTW,ICSCF,C:ICSCF,GTW,C-200:SCSCF,MTAS,C:MTAS,SCSCF,C-200:MTAS,SCSCF,I-487:MTAS,SCSCF,C:SCSCF,MTAS,A:ICSCF,GTW,I-487:SCSCF,MTAS,C-200:SCSCF,GTW,C:GTW,SCSCF,C-200:GTW,ICSCF,A:GTW,SCSCF,I-487:SCSCF,GTW,A:SCSCF,MTAS,I-487:MTAS,SCSCF,A"
1,0,0,"PCSCF,SCSCF,I:SCSCF,ASLI,I:ASLI,SCSCF,T:ASLI,SCSCF,I-500:SCSCF,ASLI,A:SCSCF,PCSCF,T:MTAS,SCSCF,I:SCSCF,MTAS,T:SCSCF,GTW,I:GTW,SCSCF,T:GTW,SCSCF,S:SCSCF,MTAS,S:SCSCF,PCSCF,S:PCSCF,SCSCF,P:MTAS,SCSCF,P:SCSCF,GTW,P:GTW,SCSCF,P-200:GTW,SCSCF,S:SCSCF,MTAS,P-200:SCSCF,MTAS,S:SCSCF,PCSCF,S:SCSCF,PCSCF,P-200:PCSCF,SCSCF,P:MTAS,SCSCF,P:SCSCF,GTW,P:GTW,SCSCF,P-200:SCSCF,MTAS,P-200:SCSCF,PCSCF,P-200:PCSCF,SCSCF,C:SCSCF,PCSCF,C-200:MTAS,SCSCF,C:SCSCF,MTAS,C-200:SCSCF,GTW,C:GTW,SCSCF,C-200:GTW,SCSCF,I-487:SCSCF,GTW,A:SCSCF,MTAS,I-487:MTAS,SCSCF,A:SCSCF,PCSCF,I-487:PCSCF,SCSCF,A"
2,0,0,"GTW,ICSCF,I:ICSCF,GTW,T:SCSCF,ASLI,I:ASLI,SCSCF,T:ASLI,SCSCF,I-500:SCSCF,MTAS,I:MTAS,SCSCF,T:MTAS,SCSCF,I:SCSCF,MTAS,T:SCSCF,PCSCF,I:PCSCF,SCSCF,T:SCSCF,ASLI,A:PCSCF,SCSCF,R:SCSCF,MTAS,R:MTAS,SCSCF,R:ICSCF,GTW,R:GTW,SCSCF,P:SCSCF,MTAS,P:MTAS,SCSCF,P:SCSCF,PCSCF,P:PCSCF,SCSCF,P-200:SCSCF,MTAS,P-200:MTAS,SCSCF,P-200:SCSCF,GTW,P-200:PCSCF,SCSCF,I-200:SCSCF,MTAS,I-200:MTAS,SCSCF,I-200:ICSCF,GTW,I-200:GTW,SCSCF,A:SCSCF,MTAS,A:MTAS,SCSCF,A:SCSCF,PCSCF,A:MTAS,SCSCF,U:SCSCF,PCSCF,U:PCSCF,SCSCF,U-200:SCSCF,MTAS,U-200:MTAS,SCSCF,U:SCSCF,GTW,U:GTW,SCSCF,U-200:SCSCF,MTAS,U-200:MTAS,SCSCF,U:SCSCF,GTW,U:SCSCF,PCSCF,U:GTW,SCSCF,U-200:SCSCF,MTAS,U-200:PCSCF,SCSCF,U-200:SCSCF,MTAS,U-200:PCSCF,SCSCF,B:SCSCF,MTAS,B:MTAS,SCSCF,B:SCSCF,GTW,B:GTW,SCSCF,B-200:SCSCF,MTAS,B-200:MTAS,SCSCF,B-200:SCSCF,PCSCF,B-200"
3,0,0,"PCSCF,SCSCF,I:SCSCF,ASLI,I:ASLI,SCSCF,T:ASLI,SCSCF,I-500:SCSCF,ASLI,A:SCSCF,PCSCF,T:MTAS,SCSCF,I:SCSCF,MTAS,T:SCSCF,GTW,I:GTW,SCSCF,T:GTW,SCSCF,I-484:SCSCF,GTW,A:SCSCF,MTAS,I-484:MTAS,SCSCF,A:SCSCF,PCSCF,I-484:PCSCF,SCSCF,A"
4,0,0,"PCSCF,SCSCF,I:SCSCF,PCSCF,T:SCSCF,ASLI,I:ASLI,SCSCF,T:ASLI,SCSCF,I-500:SCSCF,ASLI,A:MTAS,SCSCF,I:SCSCF,MTAS,T:SCSCF,GTW,I:GTW,SCSCF,T:GTW,SCSCF,S:SCSCF,MTAS,S:SCSCF,PCSCF,S:PCSCF,SCSCF,P:MTAS,SCSCF,P:SCSCF,GTW,P:GTW,SCSCF,P-200:SCSCF,MTAS,P-200:SCSCF,PCSCF,P-200:GTW,SCSCF,R:SCSCF,MTAS,R:SCSCF,PCSCF,R:GTW,SCSCF,R:SCSCF,MTAS,R:PCSCF,SCSCF,P:MTAS,SCSCF,P:SCSCF,GTW,P:GTW,SCSCF,P-200:SCSCF,MTAS,P-200:SCSCF,PCSCF,P-200:GTW,SCSCF,I-200:SCSCF,MTAS,I-200:SCSCF,PCSCF,I-200:PCSCF,SCSCF,A:SCSCF,MTAS,A:MTAS,SCSCF,A:SCSCF,GTW,A:MTAS,SCSCF,U:SCSCF,GTW,U:GTW,SCSCF,U-200:SCSCF,MTAS,U-200:MTAS,SCSCF,U:SCSCF,PCSCF,U:PCSCF,SCSCF,U-200:SCSCF,MTAS,U-200:PCSCF,SCSCF,B:SCSCF,MTAS,B:MTAS,SCSCF,B:SCSCF,GTW,B:GTW,SCSCF,B-200:SCSCF,MTAS,B-200:MTAS,SCSCF,B-200:SCSCF,PCSCF,B-200"
5,0,0,"PCSCF,SCSCF,I:SCSCF,PCSCF,T:SCSCF,ASLI,I:ASLI,SCSCF,T:ASLI,SCSCF,I-500:SCSCF,ASLI,A:MTAS,SCSCF,I:SCSCF,MTAS,T:SCSCF,ASLI,I:ASLI,SCSCF,T:ASLI,SCSCF,I-500:SCSCF,ASLI,A:SCSCF,MTAS,I:MTAS,SCSCF,T:MTAS,SCSCF,I-486:SCSCF,MTAS,A:SCSCF,MTAS,I-486:MTAS,SCSCF,A:SCSCF,PCSCF,S:PCSCF,SCSCF,P:SCSCF,MTAS,P:MTAS,SCSCF,P-200:SCSCF,PCSCF,P-200:SCSCF,PCSCF,I-486:PCSCF,SCSCF,A"
6,0,0,"PCSCF,SCSCF,I:SCSCF,PCSCF,T:SCSCF,ASLI,I:ASLI,SCSCF,T:ASLI,SCSCF,I-500:SCSCF,ASLI,A:MTAS,SCSCF,I:SCSCF,MTAS,T:SCSCF,GTW,I:GTW,SCSCF,T:GTW,SCSCF,R:SCSCF,MTAS,R:SCSCF,PCSCF,R:PCSCF,SCSCF,P:SCSCF,MTAS,P:MTAS,SCSCF,P:SCSCF,GTW,P:GTW,SCSCF,P-200:SCSCF,MTAS,P-200:MTAS,SCSCF,P-200:SCSCF,PCSCF,P-200:GTW,SCSCF,I-200:SCSCF,MTAS,I-200:SCSCF,PCSCF,I-200:PCSCF,SCSCF,A:SCSCF,MTAS,A:MTAS,SCSCF,A:SCSCF,GTW,A:MTAS,SCSCF,U:SCSCF,GTW,U:GTW,SCSCF,U-200:SCSCF,MTAS,U-200:MTAS,SCSCF,U:SCSCF,PCSCF,U:PCSCF,SCSCF,U-200:SCSCF,MTAS,U-200:MTAS,SCSCF,U:SCSCF,GTW,U:GTW,SCSCF,U-200:SCSCF,MTAS,U-200:MTAS,SCSCF,U:SCSCF,PCSCF,U:PCSCF,SCSCF,U-200:SCSCF,MTAS,U-200:MTAS,SCSCF,U:SCSCF,GTW,U:GTW,SCSCF,U-200:SCSCF,PCSCF,U:SCSCF,MTAS,U-200:PCSCF,SCSCF,U-200:SCSCF,MTAS,U-200:GTW,SCSCF,B:MTAS,SCSCF,B:SCSCF,PCSCF,B:PCSCF,SCSCF,B-200:SCSCF,MTAS,B-200:SCSCF,GTW,B-200"
7,0,0,"GTW,ICSCF,I:ICSCF,GTW,T:SCSCF,ASLI,I:ASLI,SCSCF,T:ASLI,SCSCF,I-500:SCSCF,MTAS,I:MTAS,SCSCF,I:SCSCF,MTAS,T:SCSCF,PCSCF,I:MTAS,SCSCF,T:PCSCF,SCSCF,T:SCSCF,ASLI,A:PCSCF,SCSCF,R:SCSCF,MTAS,R:MTAS,SCSCF,R:ICSCF,GTW,R:GTW,SCSCF,P:SCSCF,MTAS,P:MTAS,SCSCF,P:SCSCF,PCSCF,P:PCSCF,SCSCF,P-200:SCSCF,MTAS,P-200:MTAS,SCSCF,P-200:SCSCF,GTW,P-200:GTW,ICSCF,C:ICSCF,GTW,C-200:SCSCF,MTAS,C:MTAS,SCSCF,C-200:MTAS,SCSCF,C:SCSCF,MTAS,C-200:SCSCF,PCSCF,C:PCSCF,SCSCF,C-200:PCSCF,SCSCF,I-487:SCSCF,PCSCF,A:SCSCF,MTAS,I-487:MTAS,SCSCF,A:MTAS,SCSCF,I-487:SCSCF,MTAS,A:ICSCF,GTW,I-487:GTW,ICSCF,A"
8,0,0,"PCSCF,SCSCF,I:SCSCF,PCSCF,T:SCSCF,ASLI,I:ASLI,SCSCF,T:ASLI,SCSCF,I-500:SCSCF,ASLI,A:MTAS,SCSCF,I:SCSCF,MTAS,T:SCSCF,ASLI,I:ASLI,SCSCF,T:ASLI,SCSCF,I-500:SCSCF,ASLI,A:SCSCF,MTAS,I:MTAS,SCSCF,T:MTAS,SCSCF,I:SCSCF,MTAS,T:SCSCF,PCSCF,I:PCSCF,SCSCF,T:PCSCF,SCSCF,R:SCSCF,MTAS,R:MTAS,SCSCF,R:SCSCF,MTAS,R:SCSCF,PCSCF,R:PCSCF,SCSCF,P:MTAS,SCSCF,P:SCSCF,MTAS,P:MTAS,SCSCF,P:SCSCF,PCSCF,P:PCSCF,SCSCF,P-200:SCSCF,MTAS,P-200:MTAS,SCSCF,P-200:SCSCF,MTAS,P-200:SCSCF,PCSCF,P-200:PCSCF,SCSCF,I-200:SCSCF,MTAS,I-200:MTAS,SCSCF,I-200:SCSCF,MTAS,I-200:SCSCF,PCSCF,I-200:PCSCF,SCSCF,A:MTAS,SCSCF,A:SCSCF,MTAS,A:MTAS,SCSCF,A:SCSCF,PCSCF,A:MTAS,SCSCF,U:SCSCF,PCSCF,U:PCSCF,SCSCF,U-200:SCSCF,MTAS,U-200:MTAS,SCSCF,U:SCSCF,PCSCF,U:PCSCF,SCSCF,U-200:SCSCF,MTAS,U-200:PCSCF,SCSCF,B:MTAS,SCSCF,B:SCSCF,MTAS,B:MTAS,SCSCF,B:SCSCF,PCSCF,B:PCSCF,SCSCF,B-200:SCSCF,MTAS,B-200:MTAS,SCSCF,B-200:SCSCF,MTAS,B-200:SCSCF,PCSCF,B-200"
9,0,0,"PCSCF,SCSCF,I:SCSCF,PCSCF,T:SCSCF,ASLI,I:ASLI,SCSCF,T:ASLI,SCSCF,I-500:SCSCF,ASLI,A:MTAS,SCSCF,I:SCSCF,MTAS,T:SCSCF,GTW,I:GTW,SCSCF,T:GTW,SCSCF,S:SCSCF,MTAS,S:SCSCF,PCSCF,S:PCSCF,SCSCF,P:MTAS,SCSCF,P:SCSCF,GTW,P:GTW,SCSCF,P-200:GTW,SCSCF,S:SCSCF,MTAS,S:SCSCF,MTAS,P-200:SCSCF,PCSCF,P-200:SCSCF,PCSCF,S:PCSCF,SCSCF,P:MTAS,SCSCF,P:SCSCF,GTW,P:GTW,SCSCF,P-200:SCSCF,MTAS,P-200:SCSCF,PCSCF,P-200:PCSCF,SCSCF,C:SCSCF,PCSCF,C-200:MTAS,SCSCF,C:SCSCF,MTAS,C-200:SCSCF,GTW,C:GTW,SCSCF,C-200:GTW,SCSCF,I-487:SCSCF,GTW,A:SCSCF,MTAS,I-487:MTAS,SCSCF,A:SCSCF,PCSCF,I-487:PCSCF,SCSCF,A"
10,0,0,"PCSCF,SCSCF,I:SCSCF,PCSCF,T:SCSCF,ASLI,I:ASLI,SCSCF,T:ASLI,SCSCF,I-500:SCSCF,ASLI,A:MTAS,SCSCF,I:SCSCF,MTAS,T:SCSCF,GTW,I:GTW,SCSCF,T:GTW,SCSCF,S:SCSCF,MTAS,S:SCSCF,PCSCF,S:PCSCF,SCSCF,P:MTAS,SCSCF,P:SCSCF,GTW,P:GTW,SCSCF,P-200:SCSCF,MTAS,P-200:SCSCF,PCSCF,P-200:GTW,SCSCF,R:SCSCF,MTAS,R:SCSCF,PCSCF,R:PCSCF,SCSCF,P:MTAS,SCSCF,P:GTW,SCSCF,P-200:SCSCF,MTAS,P-200:SCSCF,GTW,P:SCSCF,PCSCF,P-200:GTW,SCSCF,I-200:SCSCF,MTAS,I-200:SCSCF,PCSCF,I-200:PCSCF,SCSCF,A:SCSCF,MTAS,A:MTAS,SCSCF,A:SCSCF,GTW,A:PCSCF,SCSCF,B:SCSCF,MTAS,B:MTAS,SCSCF,B:SCSCF,GTW,B:GTW,SCSCF,B-200:SCSCF,MTAS,B-200:MTAS,SCSCF,B-200:SCSCF,PCSCF,B-200"
11,0,0,"PCSCF,SCSCF,I:SCSCF,PCSCF,T:SCSCF,ASLI,I:ASLI,SCSCF,T:ASLI,SCSCF,I-500:SCSCF,ASLI,A:MTAS,SCSCF,I:SCSCF,MTAS,T:SCSCF,GTW,I:GTW,SCSCF,T:GTW,SCSCF,S:SCSCF,MTAS,S:SCSCF,PCSCF,S:PCSCF,SCSCF,P:MTAS,SCSCF,P:SCSCF,GTW,P:GTW,SCSCF,P-200:SCSCF,MTAS,P-200:SCSCF,PCSCF,P-200:GTW,SCSCF,R:SCSCF,MTAS,R:SCSCF,PCSCF,R:PCSCF,SCSCF,P:MTAS,SCSCF,P:SCSCF,GTW,P:GTW,SCSCF,P-200:SCSCF,MTAS,P-200:SCSCF,PCSCF,P-200:GTW,SCSCF,I-200:SCSCF,MTAS,I-200:SCSCF,PCSCF,I-200:PCSCF,SCSCF,A:SCSCF,MTAS,A:MTAS,SCSCF,A:SCSCF,GTW,A:MTAS,SCSCF,U:SCSCF,GTW,U:SCSCF,PCSCF,U:GTW,SCSCF,U-200:SCSCF,MTAS,U-200:PCSCF,SCSCF,U-200:SCSCF,MTAS,U-200:PCSCF,SCSCF,B:SCSCF,MTAS,B:MTAS,SCSCF,B:SCSCF,GTW,B:GTW,SCSCF,B-200:SCSCF,MTAS,B-200:MTAS,SCSCF,B-200:SCSCF,PCSCF,B-200"
12,0,0,"PCSCF,SCSCF,I:SCSCF,PCSCF,T:SCSCF,ASLI,I:ASLI,SCSCF,T:ASLI,SCSCF,I-500:SCSCF,ASLI,A:MTAS,SCSCF,I:SCSCF,MTAS,T:SCSCF,GTW,I:GTW,SCSCF,T:GTW,SCSCF,S:SCSCF,MTAS,S:SCSCF,PCSCF,S:PCSCF,SCSCF,P:SCSCF,MTAS,P:MTAS,SCSCF,P:SCSCF,GTW,P:GTW,SCSCF,P-200:SCSCF,MTAS,P-200:MTAS,SCSCF,P-200:SCSCF,PCSCF,P-200:GTW,SCSCF,R:SCSCF,MTAS,R:SCSCF,PCSCF,R:PCSCF,SCSCF,P:SCSCF,MTAS,P:MTAS,SCSCF,P:SCSCF,GTW,P:GTW,SCSCF,P-200:SCSCF,MTAS,P-200:MTAS,SCSCF,P-200:SCSCF,PCSCF,P-200:GTW,SCSCF,I-200:SCSCF,MTAS,I-200:SCSCF,PCSCF,I-200:SCSCF,MTAS,A:PCSCF,SCSCF,A:MTAS,SCSCF,A:SCSCF,GTW,A:PCSCF,SCSCF,B:SCSCF,MTAS,B:MTAS,SCSCF,B:SCSCF,GTW,B:GTW,SCSCF,B-200:SCSCF,MTAS,B-200:MTAS,SCSCF,B-200:SCSCF,PCSCF,B-200"
13,0,0,"PCSCF,SCSCF,I:SCSCF,ASLI,I:ASLI,SCSCF,T:ASLI,SCSCF,I-500:SCSCF,ASLI,A:MTAS,SCSCF,I:SCSCF,MTAS,T:SCSCF,PCSCF,T:SCSCF,GTW,I:GTW,SCSCF,T:GTW,SCSCF,S:SCSCF,MTAS,S:SCSCF,PCSCF,S:PCSCF,SCSCF,P:SCSCF,MTAS,P:MTAS,SCSCF,P:SCSCF,GTW,P:GTW,SCSCF,P-200:SCSCF,MTAS,P-200:MTAS,SCSCF,P-200:SCSCF,PCSCF,P-200:GTW,SCSCF,R:SCSCF,MTAS,R:SCSCF,PCSCF,R:PCSCF,SCSCF,P:SCSCF,MTAS,P:MTAS,SCSCF,P:SCSCF,GTW,P:GTW,SCSCF,P-200:SCSCF,MTAS,P-200:MTAS,SCSCF,P-200:SCSCF,PCSCF,P-200:GTW,SCSCF,I-200:SCSCF,MTAS,I-200:SCSCF,PCSCF,I-200:PCSCF,SCSCF,A:SCSCF,MTAS,A:MTAS,SCSCF,A:SCSCF,GTW,A:GTW,SCSCF,B:MTAS,SCSCF,B:SCSCF,PCSCF,B:PCSCF,SCSCF,B-200:SCSCF,MTAS,B-200:SCSCF,GTW,B-200"
14,0,0,"PCSCF,SCSCF,I:SCSCF,ASLI,I:ASLI,SCSCF,T:ASLI,SCSCF,I-500:SCSCF,ASLI,A:SCSCF,PCSCF,T:MTAS,SCSCF,I:SCSCF,MTAS,T:SCSCF,GTW,I:GTW,SCSCF,T:GTW,SCSCF,R:SCSCF,MTAS,R:SCSCF,PCSCF,R:GTW,SCSCF,I-200:SCSCF,MTAS,I-200:SCSCF,PCSCF,I-200:PCSCF,SCSCF,A:SCSCF,MTAS,A:MTAS,SCSCF,A:SCSCF,GTW,A:PCSCF,SCSCF,B:SCSCF,MTAS,B:MTAS,SCSCF,B:SCSCF,GTW,B:GTW,SCSCF,B-200:SCSCF,MTAS,B-200:MTAS,SCSCF,B-200:SCSCF,PCSCF,B-200"
15,0,0,"PCSCF,SCSCF,I:SCSCF,PCSCF,T:SCSCF,ASLI,I:ASLI,SCSCF,T:ASLI,SCSCF,I-500:SCSCF,ASLI,A:MTAS,SCSCF,I:SCSCF,MTAS,T:SCSCF,GTW,I:GTW,SCSCF,T:GTW,SCSCF,R:SCSCF,MTAS,R:SCSCF,PCSCF,R:PCSCF,SCSCF,P:SCSCF,MTAS,P:MTAS,SCSCF,P:SCSCF,GTW,P:GTW,SCSCF,P-200:SCSCF,MTAS,P-200:MTAS,SCSCF,P-200:SCSCF,PCSCF,P-200:GTW,SCSCF,S:SCSCF,MTAS,S:SCSCF,PCSCF,S:PCSCF,SCSCF,P:SCSCF,MTAS,P:MTAS,SCSCF,P:SCSCF,GTW,P:GTW,SCSCF,P-200:SCSCF,MTAS,P-200:MTAS,SCSCF,P-200:SCSCF,PCSCF,P-200:GTW,SCSCF,S:SCSCF,MTAS,S:SCSCF,PCSCF,S:PCSCF,SCSCF,P:SCSCF,MTAS,P:MTAS,SCSCF,P:SCSCF,GTW,P:GTW,SCSCF,P-200:SCSCF,MTAS,P-200:MTAS,SCSCF,P-200:SCSCF,PCSCF,P-200:MTAS,SCSCF,C:SCSCF,MTAS,C-200:SCSCF,GTW,C:PCSCF,SCSCF,C:SCSCF,PCSCF,C-200:GTW,SCSCF,C-200:GTW,SCSCF,I-487:SCSCF,GTW,A:SCSCF,MTAS,I-487:MTAS,SCSCF,A:SCSCF,PCSCF,I-487:PCSCF,SCSCF,A"
16,0,0,"PCSCF,SCSCF,I:SCSCF,ASLI,I:SCSCF,PCSCF,T:ASLI,SCSCF,T:ASLI,SCSCF,I-500:SCSCF,ASLI,A:MTAS,SCSCF,I:SCSCF,MTAS,T:SCSCF,ASLI,I:ASLI,SCSCF,T:ASLI,SCSCF,I-500:SCSCF,MTAS,I:SCSCF,ASLI,A:MTAS,SCSCF,T:MTAS,SCSCF,I-486:SCSCF,MTAS,A:SCSCF,MTAS,I-486:MTAS,SCSCF,A:SCSCF,PCSCF,S:PCSCF,SCSCF,P:SCSCF,MTAS,P:MTAS,SCSCF,P-200:SCSCF,PCSCF,P-200:PCSCF,SCSCF,C:SCSCF,PCSCF,C-200:SCSCF,PCSCF,I-487:PCSCF,SCSCF,A"
17,0,0,"PCSCF,SCSCF,I:SCSCF,PCSCF,T:SCSCF,PCSCF,I-407:PCSCF,SCSCF,A:PCSCF,SCSCF,I:SCSCF,PCSCF,T:SCSCF,ASLI,I:ASLI,SCSCF,T:ASLI,SCSCF,I-500:SCSCF,ASLI,A:MTAS,SCSCF,I:SCSCF,MTAS,T:SCSCF,GTW,I:GTW,SCSCF,T:GTW,SCSCF,S:SCSCF,MTAS,S:SCSCF,PCSCF,S:PCSCF,SCSCF,P:MTAS,SCSCF,P:SCSCF,GTW,P:GTW,SCSCF,P-200:GTW,SCSCF,R:SCSCF,MTAS,P-200:SCSCF,MTAS,R:SCSCF,PCSCF,P-200:SCSCF,PCSCF,R:PCSCF,SCSCF,P:MTAS,SCSCF,P:SCSCF,GTW,P:GTW,SCSCF,P-200:SCSCF,MTAS,P-200:SCSCF,PCSCF,P-200:GTW,SCSCF,I-200:SCSCF,MTAS,I-200:SCSCF,PCSCF,I-200:PCSCF,SCSCF,A:SCSCF,MTAS,A:MTAS,SCSCF,A:SCSCF,GTW,A:MTAS,SCSCF,U:SCSCF,GTW,U:GTW,SCSCF,U-200:SCSCF,MTAS,U-200:MTAS,SCSCF,U:SCSCF,PCSCF,U:PCSCF,SCSCF,U-200:SCSCF,MTAS,U-200:MTAS,SCSCF,U:SCSCF,GTW,U:GTW,SCSCF,U-200:SCSCF,MTAS,U-200:MTAS,SCSCF,U:SCSCF,PCSCF,U:PCSCF,SCSCF,U-200:SCSCF,MTAS,U-200:MTAS,SCSCF,U:SCSCF,GTW,U:GTW,SCSCF,U-200:SCSCF,MTAS,U-200:MTAS,SCSCF,U:SCSCF,PCSCF,U:PCSCF,SCSCF,U-200:SCSCF,MTAS,U-200:GTW,SCSCF,B:MTAS,SCSCF,B:SCSCF,PCSCF,B:PCSCF,SCSCF,B-200:SCSCF,MTAS,B-200:SCSCF,GTW,B-200"
18,0,0,"PCSCF,SCSCF,I:SCSCF,PCSCF,T:SCSCF,ASLI,I:ASLI,SCSCF,T:ASLI,SCSCF,I-500:SCSCF,ASLI,A:MTAS,SCSCF,I:SCSCF,MTAS,T:SCSCF,ASLI,I:ASLI,SCSCF,T:ASLI,SCSCF,I-500:SCSCF,ASLI,A:SCSCF,MTAS,I:MTAS,SCSCF,T:MTAS,SCSCF,W:SCSCF,MTAS,W:MTAS,SCSCF,I:SCSCF,MTAS,T:SCSCF,GTW,I:SCSCF,PCSCF,W:GTW,SCSCF,T:GTW,SCSCF,I-480:SCSCF,GTW,A:SCSCF,MTAS,I-480:MTAS,SCSCF,A:MTAS,SCSCF,I-480:SCSCF,MTAS,A:SCSCF,MTAS,I-480:MTAS,SCSCF,A:SCSCF,PCSCF,I-480:PCSCF,SCSCF,A"
19,0,0,"PCSCF,SCSCF,I:SCSCF,PCSCF,T:SCSCF,ASLI,I:ASLI,SCSCF,T:ASLI,SCSCF,I-500:SCSCF,ASLI,A:MTAS,SCSCF,I:SCSCF,MTAS,T:SCSCF,GTW,I:GTW,SCSCF,T:GTW,SCSCF,S:SCSCF,MTAS,S:SCSCF,PCSCF,S:PCSCF,SCSCF,P:SCSCF,MTAS,P:MTAS,SCSCF,P:SCSCF,GTW,P:GTW,SCSCF,P-200:GTW,SCSCF,S:SCSCF,MTAS,P-200:SCSCF,MTAS,S:MTAS,SCSCF,P-200:SCSCF,PCSCF,P-200:SCSCF,PCSCF,S:PCSCF,SCSCF,P:SCSCF,MTAS,P:MTAS,SCSCF,P:SCSCF,GTW,P:GTW,SCSCF,P-200:GTW,SCSCF,S:SCSCF,MTAS,P-200:SCSCF,MTAS,S:MTAS,SCSCF,P-200:SCSCF,PCSCF,P-200:SCSCF,PCSCF,S:PCSCF,SCSCF,P:SCSCF,MTAS,P:MTAS,SCSCF,P:SCSCF,GTW,P:GTW,SCSCF,P-200:GTW,SCSCF,R:SCSCF,MTAS,R:SCSCF,MTAS,P-200:MTAS,SCSCF,P-200:SCSCF,PCSCF,P-200:SCSCF,PCSCF,R:PCSCF,SCSCF,P:SCSCF,MTAS,P:MTAS,SCSCF,P:SCSCF,GTW,P:GTW,SCSCF,P-200:SCSCF,MTAS,P-200:MTAS,SCSCF,P-200:SCSCF,PCSCF,P-200:PCSCF,SCSCF,C:SCSCF,PCSCF,C-200:MTAS,SCSCF,C:SCSCF,MTAS,C-200:SCSCF,GTW,C:GTW,SCSCF,C-200:GTW,SCSCF,I-487:SCSCF,GTW,A:SCSCF,MTAS,I-487:MTAS,SCSCF,A:SCSCF,PCSCF,I-487:PCSCF,SCSCF,A"
20,0,0,"GTW,ICSCF,I:ICSCF,GTW,T:SCSCF,ASLI,I:ASLI,SCSCF,T:ASLI,SCSCF,I-500:SCSCF,ASLI,A:SCSCF,MTAS,I:MTAS,SCSCF,T:MTAS,SCSCF,I:SCSCF,MTAS,T:SCSCF,PCSCF,I:PCSCF,SCSCF,T:PCSCF,SCSCF,R:SCSCF,MTAS,R:MTAS,SCSCF,R:ICSCF,GTW,R:GTW,SCSCF,P:SCSCF,MTAS,P:MTAS,SCSCF,P:SCSCF,PCSCF,P:PCSCF,SCSCF,P-200:SCSCF,MTAS,P-200:MTAS,SCSCF,P-200:SCSCF,GTW,P-200:GTW,ICSCF,C:ICSCF,GTW,C-200:SCSCF,MTAS,C:MTAS,SCSCF,C-200:MTAS,SCSCF,C:SCSCF,MTAS,C-200:SCSCF,PCSCF,C:PCSCF,SCSCF,C-200:PCSCF,SCSCF,I-487:SCSCF,PCSCF,A:SCSCF,MTAS,I-487:MTAS,SCSCF,I-487:SCSCF,MTAS,A:MTAS,SCSCF,A:ICSCF,GTW,I-487:GTW,ICSCF,A"
21,0,0,"GTW,ICSCF,I:ICSCF,GTW,T:SCSCF,ASLI,I:ASLI,SCSCF,T:ASLI,SCSCF,I-500:SCSCF,MTAS,I:MTAS,SCSCF,I:SCSCF,MTAS,T:SCSCF,PCSCF,I:SCSCF,ASLI,A:PCSCF,SCSCF,T:MTAS,SCSCF,T:PCSCF,SCSCF,R:SCSCF,MTAS,R:MTAS,SCSCF,R:ICSCF,GTW,R:GTW,SCSCF,P:SCSCF,MTAS,P:MTAS,SCSCF,P:SCSCF,PCSCF,P:PCSCF,SCSCF,P-200:SCSCF,MTAS,P-200:MTAS,SCSCF,P-200:SCSCF,GTW,P-200:PCSCF,SCSCF,I-200:SCSCF,MTAS,I-200:MTAS,SCSCF,I-200:ICSCF,GTW,I-200:GTW,SCSCF,A:SCSCF,MTAS,A:MTAS,SCSCF,A:SCSCF,PCSCF,A:MTAS,SCSCF,U:SCSCF,PCSCF,U:SCSCF,GTW,U:GTW,SCSCF,U-200:SCSCF,MTAS,U-200:PCSCF,SCSCF,U-200:SCSCF,MTAS,U-200:MTAS,SCSCF,U:SCSCF,GTW,U:GTW,SCSCF,U-200:SCSCF,MTAS,U-200:MTAS,SCSCF,U:SCSCF,PCSCF,U:PCSCF,SCSCF,U-200:SCSCF,MTAS,U-200:MTAS,SCSCF,U:SCSCF,GTW,U:GTW,SCSCF,U-200:SCSCF,MTAS,U-200:MTAS,SCSCF,U:SCSCF,PCSCF,U:PCSCF,SCSCF,U-200:SCSCF,MTAS,U-200:GTW,SCSCF,B:SCSCF,MTAS,B:MTAS,SCSCF,B:SCSCF,PCSCF,B:PCSCF,SCSCF,B-200:SCSCF,MTAS,B-200:MTAS,SCSCF,B-200:SCSCF,GTW,B-200"
22,0,0,"PCSCF,SCSCF,I:SCSCF,PCSCF,T:SCSCF,PCSCF,I-407:PCSCF,SCSCF,A:PCSCF,SCSCF,I:SCSCF,PCSCF,T:SCSCF,ASLI,I:ASLI,SCSCF,T:ASLI,SCSCF,I-500:SCSCF,ASLI,A:MTAS,SCSCF,I:SCSCF,MTAS,T:SCSCF,ASLI,I:ASLI,SCSCF,T:ASLI,SCSCF,I-500:SCSCF,MTAS,I:MTAS,SCSCF,T:MTAS,SCSCF,I:SCSCF,MTAS,T:SCSCF,ASLI,A:SCSCF,PCSCF,I:PCSCF,SCSCF,T:PCSCF,SCSCF,R:SCSCF,MTAS,R:MTAS,SCSCF,R:SCSCF,MTAS,R:SCSCF,PCSCF,R:PCSCF,SCSCF,P:MTAS,SCSCF,P:SCSCF,MTAS,P:MTAS,SCSCF,P:SCSCF,PCSCF,P:PCSCF,SCSCF,P-200:SCSCF,MTAS,P-200:MTAS,SCSCF,P-200:SCSCF,MTAS,P-200:SCSCF,PCSCF,P-200:PCSCF,SCSCF,C:MTAS,SCSCF,C:SCSCF,MTAS,C-200:SCSCF,MTAS,C:MTAS,SCSCF,C-200:MTAS,SCSCF,C:SCSCF,MTAS,C-200:SCSCF,PCSCF,C:PCSCF,SCSCF,C-200:SCSCF,PCSCF,C-200:PCSCF,SCSCF,I-487:SCSCF,PCSCF,A:SCSCF,MTAS,I-487:MTAS,SCSCF,A:MTAS,SCSCF,I-487:SCSCF,MTAS,A:SCSCF,MTAS,I-487:MTAS,SCSCF,A:SCSCF,PCSCF,I-487:PCSCF,SCSCF,A"
23,0,0,"PCSCF,SCSCF,I:SCSCF,PCSCF,T:SCSCF,ASLI,I:ASLI,SCSCF,T:ASLI,SCSCF,I-500:SCSCF,ASLI,A:MTAS,SCSCF,I:SCSCF,MTAS,T:SCSCF,ASLI,I:ASLI,SCSCF,T:ASLI,SCSCF,I-500:SCSCF,ASLI,A:SCSCF,MTAS,I:MTAS,SCSCF,T:MTAS,SCSCF,I:SCSCF,MTAS,T:SCSCF,PCSCF,I:PCSCF,SCSCF,T:PCSCF,SCSCF,R:SCSCF,MTAS,R:MTAS,SCSCF,R:SCSCF,MTAS,R:SCSCF,PCSCF,R:PCSCF,SCSCF,P:MTAS,SCSCF,P:SCSCF,MTAS,P:MTAS,SCSCF,P:SCSCF,PCSCF,P:PCSCF,SCSCF,P-200:SCSCF,MTAS,P-200:MTAS,SCSCF,P-200:SCSCF,MTAS,P-200:SCSCF,PCSCF,P-200:PCSCF,SCSCF,I-200:SCSCF,MTAS,I-200:MTAS,SCSCF,I-200:SCSCF,MTAS,I-200:SCSCF,PCSCF,I-200:PCSCF,SCSCF,A:MTAS,SCSCF,A:SCSCF,MTAS,A:MTAS,SCSCF,A:SCSCF,PCSCF,A:MTAS,SCSCF,U:SCSCF,PCSCF,U:SCSCF,PCSCF,U:SCSCF,MTAS,U-200:PCSCF,SCSCF,U-200:SCSCF,MTAS,U-200:PCSCF,SCSCF,U-200:SCSCF,MTAS,U-200:PCSCF,SCSCF,B:MTAS,SCSCF,B:SCSCF,MTAS,B:MTAS,SCSCF,B:SCSCF,PCSCF,B:PCSCF,SCSCF,B-200:SCSCF,MTAS,B-200:MTAS,SCSCF,B-200:SCSCF,MTAS,B-200:SCSCF,PCSCF,B-200"
24,0,0,"PCSCF,SCSCF,I:SCSCF,ASLI,I:SCSCF,PCSCF,T:ASLI,SCSCF,T:ASLI,SCSCF,I-500:SCSCF,ASLI,A:MTAS,SCSCF,I:SCSCF,MTAS,T:SCSCF,GTW,I:GTW,SCSCF,T:GTW,SCSCF,S:SCSCF,MTAS,S:SCSCF,PCSCF,S:PCSCF,SCSCF,P:SCSCF,MTAS,P:MTAS,SCSCF,P:SCSCF,GTW,P:GTW,SCSCF,P-200:SCSCF,MTAS,P-200:MTAS,SCSCF,P-200:SCSCF,PCSCF,P-200:PCSCF,SCSCF,C:SCSCF,PCSCF,C-200:MTAS,SCSCF,C:SCSCF,MTAS,C-200:SCSCF,GTW,C:GTW,SCSCF,C-200:GTW,SCSCF,I-487:SCSCF,GTW,A:SCSCF,MTAS,I-487:MTAS,SCSCF,A:SCSCF,PCSCF,I-487:PCSCF,SCSCF,A"
25,0,0,"PCSCF,SCSCF,I:SCSCF,PCSCF,T:SCSCF,ASLI,I:ASLI,SCSCF,T:ASLI,SCSCF,I-500:SCSCF,ASLI,A:MTAS,SCSCF,I:SCSCF,MTAS,T:SCSCF,GTW,I:GTW,SCSCF,T:GTW,SCSCF,S:SCSCF,MTAS,S:SCSCF,PCSCF,S:PCSCF,SCSCF,P:MTAS,SCSCF,P:SCSCF,GTW,P:GTW,SCSCF,P-200:SCSCF,MTAS,P-200:SCSCF,PCSCF,P-200:GTW,SCSCF,S:SCSCF,MTAS,S:SCSCF,PCSCF,S:PCSCF,SCSCF,P:MTAS,SCSCF,P:SCSCF,GTW,P:GTW,SCSCF,P-200:SCSCF,MTAS,P-200:SCSCF,PCSCF,P-200:GTW,SCSCF,R:SCSCF,MTAS,R:SCSCF,PCSCF,R:PCSCF,SCSCF,P:MTAS,SCSCF,P:SCSCF,GTW,P:GTW,SCSCF,P-200:SCSCF,MTAS,P-200:SCSCF,PCSCF,P-200:GTW,SCSCF,I-200:SCSCF,MTAS,I-200:SCSCF,PCSCF,I-200:PCSCF,SCSCF,A:SCSCF,MTAS,A:MTAS,SCSCF,A:SCSCF,GTW,A:MTAS,SCSCF,U:SCSCF,GTW,U:GTW,SCSCF,U-200:SCSCF,MTAS,U-200:MTAS,SCSCF,U:SCSCF,PCSCF,U:PCSCF,SCSCF,U-200:SCSCF,MTAS,U-200:MTAS,SCSCF,U:SCSCF,GTW,U:GTW,SCSCF,U-200:SCSCF,MTAS,U-200:SCSCF,PCSCF,U:PCSCF,SCSCF,U-200:SCSCF,MTAS,U-200:PCSCF,SCSCF,B:MTAS,SCSCF,B:SCSCF,GTW,B:GTW,SCSCF,B-200:SCSCF,MTAS,B-200:SCSCF,PCSCF,B-200"
26,0,0,"PCSCF,SCSCF,I:SCSCF,ASLI,I:ASLI,SCSCF,T:ASLI,SCSCF,I-500:SCSCF,PCSCF,T:SCSCF,ASLI,A:MTAS,SCSCF,I:SCSCF,MTAS,T:SCSCF,GTW,I:GTW,SCSCF,T:GTW,SCSCF,S:SCSCF,MTAS,S:SCSCF,PCSCF,S:PCSCF,SCSCF,P:SCSCF,MTAS,P:MTAS,SCSCF,P:SCSCF,GTW,P:GTW,SCSCF,P-200:GTW,SCSCF,R:SCSCF,MTAS,P-200:SCSCF,MTAS,R:MTAS,SCSCF,P-200:SCSCF,PCSCF,P-200:SCSCF,PCSCF,R:PCSCF,SCSCF,P:SCSCF,MTAS,P:MTAS,SCSCF,P:SCSCF,GTW,P:GTW,SCSCF,P-200:SCSCF,MTAS,P-200:MTAS,SCSCF,P-200:SCSCF,PCSCF,P-200:GTW,SCSCF,I-200:SCSCF,MTAS,I-200:SCSCF,PCSCF,I-200:PCSCF,SCSCF,A:SCSCF,MTAS,A:MTAS,SCSCF,A:SCSCF,GTW,A:GTW,SCSCF,B:MTAS,SCSCF,B:SCSCF,PCSCF,B:PCSCF,SCSCF,B-200:SCSCF,MTAS,B-200:SCSCF,GTW,B-200"
27,0,0,"GTW,ICSCF,I:ICSCF,GTW,T:SCSCF,ASLI,I:ASLI,SCSCF,T:ASLI,SCSCF,I-500:SCSCF,ASLI,A:SCSCF,MTAS,I:MTAS,SCSCF,I:SCSCF,MTAS,T:SCSCF,PCSCF,I:MTAS,SCSCF,T:PCSCF,SCSCF,T:PCSCF,SCSCF,R:SCSCF,MTAS,R:MTAS,SCSCF,R:ICSCF,GTW,R:GTW,SCSCF,P:SCSCF,MTAS,P:MTAS,SCSCF,P:SCSCF,PCSCF,P:PCSCF,SCSCF,P-200:SCSCF,MTAS,P-200:MTAS,SCSCF,P-200:SCSCF,GTW,P-200:PCSCF,SCSCF,I-200:SCSCF,MTAS,I-200:MTAS,SCSCF,I-200:ICSCF,GTW,I-200:GTW,SCSCF,A:SCSCF,MTAS,A:MTAS,SCSCF,A:SCSCF,PCSCF,A:MTAS,SCSCF,U:SCSCF,PCSCF,U:SCSCF,GTW,U:GTW,SCSCF,U-200:SCSCF,MTAS,U-200:PCSCF,SCSCF,U-200:SCSCF,MTAS,U-200:PCSCF,SCSCF,B:SCSCF,MTAS,B:MTAS,SCSCF,B:SCSCF,GTW,B:GTW,SCSCF,B-200:SCSCF,MTAS,B-200:MTAS,SCSCF,B-200:SCSCF,PCSCF,B-200"
28,0,0,"PCSCF,SCSCF,I:SCSCF,PCSCF,T:SCSCF,ASLI,I:ASLI,SCSCF,T:ASLI,SCSCF,I-500:SCSCF,ASLI,A:MTAS,SCSCF,I:SCSCF,MTAS,T:SCSCF,GTW,I:GTW,SCSCF,T:GTW,SCSCF,S:SCSCF,MTAS,S:SCSCF,PCSCF,S:PCSCF,SCSCF,P:MTAS,SCSCF,P:SCSCF,GTW,P:GTW,SCSCF,P-200:SCSCF,MTAS,P-200:SCSCF,PCSCF,P-200:GTW,SCSCF,R:SCSCF,MTAS,R:SCSCF,PCSCF,R:PCSCF,SCSCF,P:MTAS,SCSCF,P:SCSCF,GTW,P:GTW,SCSCF,P-200:SCSCF,MTAS,P-200:SCSCF,PCSCF,P-200:GTW,SCSCF,I-200:SCSCF,MTAS,I-200:SCSCF,PCSCF,I-200:PCSCF,SCSCF,A:SCSCF,MTAS,A:MTAS,SCSCF,A:SCSCF,GTW,A:MTAS,SCSCF,U:SCSCF,GTW,U:GTW,SCSCF,U-200:SCSCF,MTAS,U-200:MTAS,SCSCF,U:SCSCF,PCSCF,U:PCSCF,SCSCF,U-200:SCSCF,MTAS,U-200:MTAS,SCSCF,U:SCSCF,GTW,U:GTW,SCSCF,U-200:SCSCF,MTAS,U-200:MTAS,SCSCF,U:SCSCF,PCSCF,U:PCSCF,SCSCF,U-200:SCSCF,MTAS,U-200:MTAS,SCSCF,U:SCSCF,GTW,U:GTW,SCSCF,U-200:SCSCF,MTAS,U-200:MTAS,SCSCF,U:SCSCF,PCSCF,U:PCSCF,SCSCF,U-200:SCSCF,MTAS,U-200:PCSCF,SCSCF,B:MTAS,SCSCF,B:SCSCF,GTW,B:GTW,SCSCF,B-200:SCSCF,MTAS,B-200:SCSCF,PCSCF,B-200"
29,0,0,"GTW,ICSCF,I:ICSCF,GTW,T:SCSCF,ASLI,I:ASLI,SCSCF,T:ASLI,SCSCF,I-500:SCSCF,ASLI,A:SCSCF,MTAS,I:MTAS,SCSCF,T:MTAS,SCSCF,I:SCSCF,MTAS,T:SCSCF,PCSCF,I:PCSCF,SCSCF,T:PCSCF,SCSCF,R:SCSCF,MTAS,R:MTAS,SCSCF,R:ICSCF,GTW,R:GTW,SCSCF,P:SCSCF,MTAS,P:MTAS,SCSCF,P:SCSCF,PCSCF,P:PCSCF,SCSCF,P-200:SCSCF,MTAS,P-200:MTAS,SCSCF,P-200:SCSCF,GTW,P-200:PCSCF,SCSCF,I-200:SCSCF,MTAS,I-200:MTAS,SCSCF,I-200:ICSCF,GTW,I-200:GTW,SCSCF,A:SCSCF,MTAS,A:MTAS,SCSCF,A:SCSCF,PCSCF,A:PCSCF,SCSCF,B:SCSCF,MTAS,B:MTAS,SCSCF,B:GTW,SCSCF,B:SCSCF,GTW,B:GTW,SCSCF,B-200:SCSCF,MTAS,B-200:SCSCF,MTAS,B:MTAS,SCSCF,B-200:MTAS,SCSCF,B-481:SCSCF,GTW,B-481:SCSCF,PCSCF,B-200"
30,0,0,"GTW,ICSCF,I:ICSCF,GTW,T:SCSCF,ASLI,I:ASLI,SCSCF,T:ASLI,SCSCF,I-500:SCSCF,MTAS,I:SCSCF,ASLI,A:MTAS,SCSCF,T:MTAS,SCSCF,W:ICSCF,GTW,W:MTAS,SCSCF,I:SCSCF,MTAS,T:SCSCF,GTW,I:GTW,SCSCF,T:GTW,SCSCF,S:SCSCF,MTAS,S:MTAS,SCSCF,S:ICSCF,GTW,S:GTW,SCSCF,P:SCSCF,MTAS,P:MTAS,SCSCF,P:SCSCF,GTW,P:GTW,SCSCF,P-200:SCSCF,MTAS,P-200:MTAS,SCSCF,P-200:SCSCF,GTW,P-200:GTW,SCSCF,R:SCSCF,MTAS,R:MTAS,SCSCF,R:ICSCF,GTW,R:GTW,SCSCF,P:SCSCF,MTAS,P:MTAS,SCSCF,P:SCSCF,GTW,P:GTW,SCSCF,P-200:SCSCF,MTAS,P-200:MTAS,SCSCF,P-200:SCSCF,GTW,P-200:GTW,ICSCF,C:ICSCF,GTW,C-200:SCSCF,MTAS,C:MTAS,SCSCF,C-200:MTAS,SCSCF,C:SCSCF,MTAS,C-200:SCSCF,GTW,C:GTW,SCSCF,C-200:GTW,SCSCF,I-487:SCSCF,GTW,A:SCSCF,MTAS,I-487:MTAS,SCSCF,A:MTAS,SCSCF,I-487:SCSCF,MTAS,A:ICSCF,GTW,I-487:GTW,ICSCF,A"
31,0,0,"PCSCF,SCSCF,I:SCSCF,PCSCF,T:SCSCF,ASLI,I:ASLI,SCSCF,T:ASLI,SCSCF,I-500:SCSCF,ASLI,A:MTAS,SCSCF,I:SCSCF,MTAS,T:SCSCF,GTW,I:GTW,SCSCF,T:GTW,SCSCF,S:SCSCF,MTAS,S:SCSCF,PCSCF,S:PCSCF,SCSCF,P:SCSCF,MTAS,P:MTAS,SCSCF,P:SCSCF,GTW,P:GTW,SCSCF,P-200:GTW,SCSCF,R:SCSCF,MTAS,R:SCSCF,MTAS,P-200:MTAS,SCSCF,P-200:SCSCF,PCSCF,P-200:SCSCF,PCSCF,R:PCSCF,SCSCF,P:SCSCF,MTAS,P:MTAS,SCSCF,P:SCSCF,GTW,P:GTW,SCSCF,P-200:SCSCF,MTAS,P-200:MTAS,SCSCF,P-200:SCSCF,PCSCF,P-200:GTW,SCSCF,I-200:SCSCF,MTAS,I-200:SCSCF,PCSCF,I-200:PCSCF,SCSCF,A:SCSCF,MTAS,A:MTAS,SCSCF,A:SCSCF,GTW,A:MTAS,SCSCF,U:SCSCF,GTW,U:GTW,SCSCF,U-200:SCSCF,PCSCF,U:SCSCF,MTAS,U-200:PCSCF,SCSCF,U-200:SCSCF,MTAS,U-200:MTAS,SCSCF,U:SCSCF,GTW,U:GTW,SCSCF,U-200:SCSCF,MTAS,U-200:MTAS,SCSCF,U:SCSCF,PCSCF,U:PCSCF,SCSCF,U-200:SCSCF,MTAS,U-200:GTW,SCSCF,B:MTAS,SCSCF,B:SCSCF,PCSCF,B:PCSCF,SCSCF,B-200:SCSCF,MTAS,B-200:SCSCF,GTW,B-200"
32,0,0,"GTW,ICSCF,I:ICSCF,GTW,T:SCSCF,ASLI,I:ASLI,SCSCF,T:ASLI,SCSCF,I-500:SCSCF,ASLI,A:SCSCF,BCCAS,I:BCCAS,SCSCF,T:BCCAS,SCSCF,I:SCSCF,BCCAS,T:SCSCF,PCSCF,I:PCSCF,SCSCF,T:SCSCF,PCSCF,I:PCSCF,SCSCF,T:PCSCF,SCSCF,R:SCSCF,BCCAS,R:BCCAS,SCSCF,R:ICSCF,GTW,R:GTW,SCSCF,P:SCSCF,BCCAS,P:BCCAS,SCSCF,P:SCSCF,PCSCF,P:PCSCF,SCSCF,P-200:SCSCF,BCCAS,P-200:BCCAS,SCSCF,P-200:SCSCF,GTW,P-200:PCSCF,SCSCF,I-200:SCSCF,BCCAS,I-200:SCSCF,PCSCF,C:BCCAS,SCSCF,I-200:ICSCF,GTW,I-200:PCSCF,SCSCF,C-200:GTW,SCSCF,A:SCSCF,BCCAS,A:BCCAS,SCSCF,A:PCSCF,SCSCF,I-487:SCSCF,PCSCF,A:SCSCF,PCSCF,A:PCSCF,SCSCF,B:SCSCF,BCCAS,B:BCCAS,SCSCF,B:SCSCF,GTW,B:GTW,SCSCF,B-200:SCSCF,BCCAS,B-200:BCCAS,SCSCF,B-200:SCSCF,PCSCF,B-200"
33,0,0,"PCSCF,SCSCF,I:SCSCF,PCSCF,T:SCSCF,PCSCF,I-407:PCSCF,SCSCF,A:PCSCF,SCSCF,I:SCSCF,PCSCF,T:SCSCF,ASLI,I:ASLI,SCSCF,T:ASLI,SCSCF,I-500:SCSCF,ASLI,A:MTAS,SCSCF,I:SCSCF,MTAS,T:SCSCF,GTW,I:GTW,SCSCF,T:GTW,SCSCF,R:SCSCF,MTAS,R:SCSCF,PCSCF,R:PCSCF,SCSCF,P:SCSCF,MTAS,P:MTAS,SCSCF,P:SCSCF,GTW,P:GTW,SCSCF,P-200:SCSCF,MTAS,P-200:MTAS,SCSCF,P-200:SCSCF,PCSCF,P-200:GTW,SCSCF,I-200:SCSCF,MTAS,I-200:SCSCF,PCSCF,I-200:PCSCF,SCSCF,A:SCSCF,MTAS,A:MTAS,SCSCF,A:SCSCF,GTW,A:PCSCF,SCSCF,B:SCSCF,MTAS,B:MTAS,SCSCF,B:SCSCF,GTW,B:GTW,SCSCF,B-200:SCSCF,MTAS,B-200:MTAS,SCSCF,B-200:SCSCF,PCSCF,B-200"
34,0,0,"PCSCF,SCSCF,I:SCSCF,PCSCF,T:SCSCF,ASLI,I:ASLI,SCSCF,T:ASLI,SCSCF,I-500:SCSCF,ASLI,A:MTAS,SCSCF,I:SCSCF,MTAS,T:SCSCF,GTW,I:GTW,SCSCF,T:GTW,SCSCF,S:SCSCF,MTAS,S:SCSCF,PCSCF,S:PCSCF,SCSCF,P:MTAS,SCSCF,P:SCSCF,GTW,P:GTW,SCSCF,P-200:GTW,SCSCF,R:SCSCF,MTAS,P-200:SCSCF,MTAS,R:SCSCF,PCSCF,P-200:SCSCF,PCSCF,R:PCSCF,SCSCF,P:MTAS,SCSCF,P:SCSCF,GTW,P:GTW,SCSCF,P-200:SCSCF,MTAS,P-200:SCSCF,PCSCF,P-200:GTW,SCSCF,S:SCSCF,MTAS,S:SCSCF,PCSCF,S:PCSCF,SCSCF,P:MTAS,SCSCF,P:SCSCF,GTW,P:GTW,SCSCF,P-200:SCSCF,MTAS,P-200:SCSCF,PCSCF,P-200:PCSCF,SCSCF,C:SCSCF,PCSCF,C-200:MTAS,SCSCF,C:SCSCF,MTAS,C-200:SCSCF,GTW,C:GTW,SCSCF,C-200:GTW,SCSCF,I-487:SCSCF,GTW,A:SCSCF,MTAS,I-487:MTAS,SCSCF,A:SCSCF,PCSCF,I-487:PCSCF,SCSCF,A"
35,0,0,"GTW,ICSCF,I:ICSCF,GTW,T:SCSCF,ASLI,I:ASLI,SCSCF,T:ASLI,SCSCF,I-500:SCSCF,ASLI,A:SCSCF,MTAS,I:MTAS,SCSCF,T:MTAS,SCSCF,I:SCSCF,MTAS,T:SCSCF,PCSCF,I:PCSCF,SCSCF,T:PCSCF,SCSCF,R:SCSCF,MTAS,R:MTAS,SCSCF,R:ICSCF,GTW,R:GTW,SCSCF,P:SCSCF,MTAS,P:MTAS,SCSCF,P:SCSCF,PCSCF,P:PCSCF,SCSCF,P-200:SCSCF,MTAS,P-200:MTAS,SCSCF,P-200:SCSCF,GTW,P-200:PCSCF,SCSCF,I-200:SCSCF,MTAS,I-200:MTAS,SCSCF,I-200:ICSCF,GTW,I-200:GTW,SCSCF,A:SCSCF,MTAS,A:MTAS,SCSCF,A:SCSCF,PCSCF,A:MTAS,SCSCF,U:SCSCF,PCSCF,U:PCSCF,SCSCF,U-200:SCSCF,MTAS,U-200:MTAS,SCSCF,U:SCSCF,GTW,U:GTW,SCSCF,U-200:SCSCF,MTAS,U-200:MTAS,SCSCF,U:SCSCF,PCSCF,U:SCSCF,GTW,U:GTW,SCSCF,U-200:SCSCF,MTAS,U-200:PCSCF,SCSCF,U-200:SCSCF,MTAS,U-200:MTAS,SCSCF,U:SCSCF,GTW,U:GTW,SCSCF,U-200:SCSCF,MTAS,U-200:MTAS,SCSCF,U:SCSCF,PCSCF,U:PCSCF,SCSCF,U-200:SCSCF,MTAS,U-200:MTAS,SCSCF,U:SCSCF,GTW,U:GTW,SCSCF,U-200:SCSCF,MTAS,U-200:MTAS,SCSCF,U:SCSCF,PCSCF,U:PCSCF,SCSCF,U-200:SCSCF,MTAS,U-200:MTAS,SCSCF,U:SCSCF,GTW,U:GTW,SCSCF,U-200:SCSCF,MTAS,U-200:MTAS,SCSCF,U:SCSCF,PCSCF,U:PCSCF,SCSCF,U-200:SCSCF,MTAS,U-200:MTAS,SCSCF,U:SCSCF,GTW,U:GTW,SCSCF,U-200:SCSCF,MTAS,U-200:MTAS,SCSCF,U:SCSCF,PCSCF,U:PCSCF,SCSCF,U-200:SCSCF,MTAS,U-200:GTW,SCSCF,B:SCSCF,MTAS,B:MTAS,SCSCF,B:SCSCF,PCSCF,B:PCSCF,SCSCF,B-200:SCSCF,MTAS,B-200:MTAS,SCSCF,B-200:SCSCF,GTW,B-200"
36,0,0,"GTW,ICSCF,I:ICSCF,GTW,T:SCSCF,ASLI,I:ASLI,SCSCF,T:ASLI,SCSCF,I-500:SCSCF,ASLI,A:SCSCF,MTAS,I:MTAS,SCSCF,T:MTAS,SCSCF,I:SCSCF,MTAS,T:SCSCF,PCSCF,I:PCSCF,SCSCF,T:PCSCF,SCSCF,R:SCSCF,MTAS,R:MTAS,SCSCF,R:ICSCF,GTW,R:GTW,SCSCF,P:SCSCF,MTAS,P:MTAS,SCSCF,P:SCSCF,PCSCF,P:PCSCF,SCSCF,P-200:SCSCF,MTAS,P-200:MTAS,SCSCF,P-200:SCSCF,GTW,P-200:PCSCF,SCSCF,I-200:SCSCF,MTAS,I-200:MTAS,SCSCF,I-200:ICSCF,GTW,I-200:GTW,SCSCF,A:SCSCF,MTAS,A:MTAS,SCSCF,A:SCSCF,PCSCF,A:PCSCF,SCSCF,I:SCSCF,PCSCF,T:SCSCF,MTAS,I:MTAS,SCSCF,T:MTAS,SCSCF,I:SCSCF,MTAS,T:SCSCF,GTW,I:GTW,SCSCF,T:GTW,SCSCF,I-200:SCSCF,MTAS,I-200:MTAS,SCSCF,I-200:SCSCF,PCSCF,I-200:PCSCF,SCSCF,A:SCSCF,MTAS,A:MTAS,SCSCF,A:SCSCF,GTW,A:PCSCF,SCSCF,B:SCSCF,MTAS,B:MTAS,SCSCF,B-200:SCSCF,PCSCF,B-200:GTW,SCSCF,B:SCSCF,MTAS,B:MTAS,SCSCF,B-200:SCSCF,GTW,B-200"
37,0,0,"PCSCF,SCSCF,I:SCSCF,PCSCF,T:SCSCF,ASLI,I:ASLI,SCSCF,T:ASLI,SCSCF,I-500:SCSCF,ASLI,A:MTAS,SCSCF,I:SCSCF,MTAS,T:SCSCF,GTW,I:GTW,SCSCF,T:GTW,SCSCF,R:SCSCF,MTAS,R:SCSCF,PCSCF,R:PCSCF,SCSCF,P:SCSCF,MTAS,P:MTAS,SCSCF,P:SCSCF,GTW,P:GTW,SCSCF,P-200:SCSCF,MTAS,P-200:MTAS,SCSCF,P-200:SCSCF,PCSCF,P-200:GTW,SCSCF,I-200:SCSCF,MTAS,I-200:SCSCF,PCSCF,I-200:PCSCF,SCSCF,A:SCSCF,MTAS,A:MTAS,SCSCF,A:SCSCF,GTW,A:MTAS,SCSCF,U:SCSCF,GTW,U:SCSCF,PCSCF,U:GTW,SCSCF,U-200:SCSCF,MTAS,U-200:PCSCF,SCSCF,U-200:SCSCF,MTAS,U-200:MTAS,SCSCF,U:SCSCF,GTW,U:GTW,SCSCF,U-200:SCSCF,MTAS,U-200:MTAS,SCSCF,U:SCSCF,PCSCF,U:PCSCF,SCSCF,U-200:SCSCF,MTAS,U-200:MTAS,SCSCF,U:SCSCF,GTW,U:GTW,SCSCF,U-200:SCSCF,MTAS,U-200:MTAS,SCSCF,U:SCSCF,PCSCF,U:PCSCF,SCSCF,U-200:SCSCF,MTAS,U-200:MTAS,SCSCF,U:SCSCF,GTW,U:GTW,SCSCF,U-200:SCSCF,MTAS,U-200:MTAS,SCSCF,U:SCSCF,PCSCF,U:PCSCF,SCSCF,U-200:SCSCF,MTAS,U-200:MTAS,SCSCF,U:SCSCF,GTW,U:GTW,SCSCF,U-200:SCSCF,MTAS,U-200:MTAS,SCSCF,U:SCSCF,PCSCF,U:PCSCF,SCSCF,U-200:SCSCF,MTAS,U-200:MTAS,SCSCF,U:SCSCF,GTW,U:GTW,SCSCF,U-200:SCSCF,MTAS,U-200:MTAS,SCSCF,U:SCSCF,PCSCF,U:PCSCF,SCSCF,U-200:SCSCF,MTAS,U-200:MTAS,SCSCF,U:SCSCF,GTW,U:GTW,SCSCF,U-200:SCSCF,MTAS,U-200:MTAS,SCSCF,U:SCSCF,PCSCF,U:PCSCF,SCSCF,U-200:SCSCF,MTAS,U-200:MTAS,SCSCF,U:SCSCF,GTW,U:GTW,SCSCF,U-200:SCSCF,MTAS,U-200:MTAS,SCSCF,U:SCSCF,PCSCF,U:PCSCF,SCSCF,U-200:SCSCF,MTAS,U-200:MTAS,SCSCF,U:SCSCF,GTW,U:GTW,SCSCF,U-200:SCSCF,MTAS,U-200:MTAS,SCSCF,U:SCSCF,PCSCF,U:PCSCF,SCSCF,U-200:SCSCF,MTAS,U-200:MTAS,SCSCF,U:SCSCF,GTW,U:GTW,SCSCF,U-200:SCSCF,MTAS,U-200:MTAS,SCSCF,U:SCSCF,PCSCF,U:PCSCF,SCSCF,U-200:SCSCF,MTAS,U-200:MTAS,SCSCF,U:SCSCF,GTW,U:GTW,SCSCF,U-200:SCSCF,MTAS,U-200:MTAS,SCSCF,U:SCSCF,PCSCF,U:PCSCF,SCSCF,U-200:SCSCF,MTAS,U-200:MTAS,SCSCF,U:SCSCF,GTW,U:GTW,SCSCF,U-200:SCSCF,MTAS,U-200:MTAS,SCSCF,U:SCSCF,PCSCF,U:PCSCF,SCSCF,U-200:SCSCF,MTAS,U-200:PCSCF,SCSCF,B:SCSCF,MTAS,B:MTAS,SCSCF,B:SCSCF,GTW,B:GTW,SCSCF,B-200:SCSCF,MTAS,B-200:MTAS,SCSCF,B-200:SCSCF,PCSCF,B-200"
38,0,0,"PCSCF,SCSCF,I:SCSCF,PCSCF,T:SCSCF,PCSCF,I-407:PCSCF,SCSCF,A:PCSCF,SCSCF,I:SCSCF,PCSCF,T:SCSCF,ASLI,I:ASLI,SCSCF,T:ASLI,SCSCF,I-500:SCSCF,ASLI,A:MTAS,SCSCF,I:SCSCF,MTAS,T:SCSCF,GTW,I:GTW,SCSCF,T:GTW,SCSCF,R:SCSCF,MTAS,R:SCSCF,PCSCF,R:PCSCF,SCSCF,P:MTAS,SCSCF,P:GTW,SCSCF,P-200:SCSCF,GTW,P:SCSCF,MTAS,P-200:SCSCF,PCSCF,P-200:GTW,SCSCF,I-200:SCSCF,MTAS,I-200:SCSCF,PCSCF,I-200:PCSCF,SCSCF,A:SCSCF,MTAS,A:MTAS,SCSCF,A:SCSCF,GTW,A:PCSCF,SCSCF,B:MTAS,SCSCF,B:GTW,SCSCF,B-200:SCSCF,MTAS,B-200:SCSCF,GTW,B:SCSCF,PCSCF,B-200"
39,0,0,"PCSCF,SCSCF,I:SCSCF,PCSCF,T:SCSCF,ASLI,I:ASLI,SCSCF,T:ASLI,SCSCF,I-500:SCSCF,ASLI,A:MTAS,SCSCF,I:SCSCF,MTAS,T:SCSCF,GTW,I:GTW,SCSCF,T:GTW,SCSCF,R:SCSCF,MTAS,R:SCSCF,PCSCF,R:PCSCF,SCSCF,P:MTAS,SCSCF,P:SCSCF,MTAS,P-200:SCSCF,PCSCF,P-200:SCSCF,GTW,P:GTW,SCSCF,P-200:SCSCF,MTAS,I-200:GTW,SCSCF,I-200:SCSCF,PCSCF,I-200:PCSCF,SCSCF,A:SCSCF,MTAS,A:MTAS,SCSCF,A:SCSCF,GTW,A:PCSCF,SCSCF,B:MTAS,SCSCF,B:SCSCF,GTW,B:GTW,SCSCF,B-200:SCSCF,MTAS,B-200:SCSCF,PCSCF,B-200"
40,0,0,"GTW,ICSCF,I:ICSCF,GTW,T:SCSCF,ASLI,I:ASLI,SCSCF,T:ASLI,SCSCF,I-500:SCSCF,ASLI,A:SCSCF,MTAS,I:MTAS,SCSCF,T:MTAS,SCSCF,I:SCSCF,MTAS,T:SCSCF,PCSCF,I:PCSCF,SCSCF,T:PCSCF,SCSCF,R:SCSCF,MTAS,R:MTAS,SCSCF,R:SCSCF,MTAS,P:MTAS,SCSCF,P:ICSCF,GTW,R:GTW,SCSCF,P:SCSCF,PCSCF,P:GTW,SCSCF,P:PCSCF,SCSCF,P-200:SCSCF,MTAS,P-200:MTAS,SCSCF,P-200:SCSCF,GTW,P-200:PCSCF,SCSCF,I-200:SCSCF,MTAS,I-200:MTAS,SCSCF,I-200:ICSCF,GTW,I-200:GTW,SCSCF,A:SCSCF,MTAS,A:MTAS,SCSCF,A:SCSCF,PCSCF,A:GTW,SCSCF,B:SCSCF,MTAS,B:MTAS,SCSCF,B:SCSCF,PCSCF,B:PCSCF,SCSCF,B-200:SCSCF,MTAS,B-200:MTAS,SCSCF,B-200:SCSCF,GTW,B-200:PCSCF,SCSCF,B:SCSCF,PCSCF,B-481"
41,0,0,"PCSCF,SCSCF,I:SCSCF,PCSCF,T:SCSCF,ASLI,I:ASLI,SCSCF,T:ASLI,SCSCF,I-500:SCSCF,ASLI,A:MTAS,SCSCF,I:SCSCF,MTAS,T:SCSCF,GTW,I:GTW,SCSCF,T:GTW,SCSCF,R:SCSCF,MTAS,R:SCSCF,PCSCF,R:PCSCF,SCSCF,P:MTAS,SCSCF,P:SCSCF,GTW,P:GTW,SCSCF,P-200:SCSCF,MTAS,P-200:SCSCF,PCSCF,P-200:GTW,SCSCF,S:SCSCF,MTAS,S:SCSCF,PCSCF,S:PCSCF,SCSCF,P:MTAS,SCSCF,P:SCSCF,GTW,P:GTW,SCSCF,P-200:GTW,SCSCF,I-200:SCSCF,MTAS,I-200:SCSCF,MTAS,P-200:SCSCF,PCSCF,P-200:SCSCF,PCSCF,I-200:PCSCF,SCSCF,A:SCSCF,MTAS,A:MTAS,SCSCF,A:SCSCF,GTW,A:GTW,SCSCF,B:MTAS,SCSCF,B:SCSCF,PCSCF,B:PCSCF,SCSCF,B-200:SCSCF,MTAS,B-200:SCSCF,GTW,B-200"
42,0,0,"PCSCF,SCSCF,I:SCSCF,PCSCF,T:SCSCF,ASLI,I:ASLI,SCSCF,T:ASLI,SCSCF,I-500:SCSCF,ASLI,A:MTAS,SCSCF,I:SCSCF,MTAS,T:SCSCF,GTW,I:GTW,SCSCF,T:GTW,SCSCF,S:SCSCF,MTAS,S:SCSCF,PCSCF,S:PCSCF,SCSCF,P:SCSCF,MTAS,P:MTAS,SCSCF,P:SCSCF,GTW,P:GTW,SCSCF,P-200:GTW,SCSCF,S:SCSCF,MTAS,P-200:SCSCF,MTAS,S:MTAS,SCSCF,P-200:SCSCF,PCSCF,P-200:SCSCF,PCSCF,S:PCSCF,SCSCF,P:SCSCF,MTAS,P:MTAS,SCSCF,P:SCSCF,GTW,P:GTW,SCSCF,P-200:SCSCF,MTAS,P-200:MTAS,SCSCF,P-200:SCSCF,PCSCF,P-200:GTW,SCSCF,R:SCSCF,MTAS,R:SCSCF,PCSCF,R:PCSCF,SCSCF,P:SCSCF,MTAS,P:MTAS,SCSCF,P:SCSCF,GTW,P:GTW,SCSCF,P-200:SCSCF,MTAS,P-200:MTAS,SCSCF,P-200:SCSCF,PCSCF,P-200:GTW,SCSCF,I-200:SCSCF,MTAS,I-200:SCSCF,PCSCF,I-200:PCSCF,SCSCF,A:SCSCF,MTAS,A:MTAS,SCSCF,A:SCSCF,GTW,A:MTAS,SCSCF,U:SCSCF,GTW,U:GTW,SCSCF,U-200:SCSCF,MTAS,U-200:MTAS,SCSCF,U:SCSCF,PCSCF,U:PCSCF,SCSCF,U-200:SCSCF,MTAS,U-200:MTAS,SCSCF,U:SCSCF,GTW,U:GTW,SCSCF,U-200:SCSCF,MTAS,U-200:MTAS,SCSCF,U:SCSCF,PCSCF,U:PCSCF,SCSCF,U-200:SCSCF,MTAS,U-200:GTW,SCSCF,B:MTAS,SCSCF,B:SCSCF,PCSCF,B:PCSCF,SCSCF,B-200:SCSCF,MTAS,B-200:SCSCF,GTW,B-200"
43,0,0,"MTAS,SCSCF,I:SCSCF,MTAS,T:SCSCF,GTW,I:GTW,SCSCF,T:GTW,SCSCF,S:SCSCF,MTAS,S:GTW,SCSCF,S:SCSCF,MTAS,S:MTAS,SCSCF,P:SCSCF,GTW,P:GTW,SCSCF,P-200:SCSCF,MTAS,P-200:GTW,SCSCF,R:SCSCF,MTAS,R:MTAS,SCSCF,P:SCSCF,GTW,P:GTW,SCSCF,P-200:SCSCF,MTAS,P-200:GTW,SCSCF,I-200:SCSCF,MTAS,I-200:MTAS,SCSCF,A:SCSCF,GTW,A:MTAS,SCSCF,B:SCSCF,GTW,B:GTW,SCSCF,B-200:SCSCF,MTAS,B-200"
44,0,0,"PCSCF,SCSCF,I:SCSCF,PCSCF,T:SCSCF,PCSCF,I-407:PCSCF,SCSCF,A:PCSCF,SCSCF,I:SCSCF,ASLI,I:ASLI,SCSCF,T:ASLI,SCSCF,I-500:SCSCF,ASLI,A:SCSCF,PCSCF,T:MTAS,SCSCF,I:SCSCF,MTAS,T:SCSCF,ASLI,I:ASLI,SCSCF,T:ASLI,SCSCF,I-500:SCSCF,ASLI,A:SCSCF,MTAS,I:MTAS,SCSCF,T:MTAS,SCSCF,I:SCSCF,MTAS,T:SCSCF,PCSCF,I:PCSCF,SCSCF,T:PCSCF,SCSCF,R:SCSCF,MTAS,R:MTAS,SCSCF,R:SCSCF,MTAS,R:SCSCF,PCSCF,R:PCSCF,SCSCF,P:MTAS,SCSCF,P:SCSCF,MTAS,P:MTAS,SCSCF,P:SCSCF,PCSCF,P:PCSCF,SCSCF,P-200:SCSCF,MTAS,P-200:MTAS,SCSCF,P-200:SCSCF,MTAS,P-200:SCSCF,PCSCF,P-200:PCSCF,SCSCF,I-200:SCSCF,MTAS,I-200:MTAS,SCSCF,I-200:SCSCF,MTAS,I-200:SCSCF,PCSCF,I-200:PCSCF,SCSCF,A:MTAS,SCSCF,A:SCSCF,MTAS,A:MTAS,SCSCF,A:SCSCF,PCSCF,A:PCSCF,SCSCF,B:SCSCF,MTAS,B:MTAS,SCSCF,B:SCSCF,PCSCF,B:PCSCF,SCSCF,B-200:SCSCF,MTAS,B-200:MTAS,SCSCF,B-200:SCSCF,PCSCF,B-200"
45,0,0,"PCSCF,SCSCF,I:SCSCF,ASLI,I:ASLI,SCSCF,T:ASLI,SCSCF,I-500:SCSCF,ASLI,A:SCSCF,PCSCF,T:MTAS,SCSCF,I:SCSCF,MTAS,T:SCSCF,ASLI,I:ASLI,SCSCF,T:ASLI,SCSCF,I-500:SCSCF,ASLI,A:SCSCF,MTAS,I:MTAS,SCSCF,T:MTAS,SCSCF,I:SCSCF,MTAS,T:SCSCF,PCSCF,I:PCSCF,SCSCF,T:PCSCF,SCSCF,R:SCSCF,MTAS,R:MTAS,SCSCF,R:SCSCF,MTAS,R:SCSCF,PCSCF,R:PCSCF,SCSCF,P:MTAS,SCSCF,P:SCSCF,MTAS,P:MTAS,SCSCF,P:SCSCF,PCSCF,P:PCSCF,SCSCF,P-200:SCSCF,MTAS,P-200:MTAS,SCSCF,P-200:SCSCF,MTAS,P-200:SCSCF,PCSCF,P-200:PCSCF,SCSCF,I-200:SCSCF,MTAS,I-200:MTAS,SCSCF,I-200:SCSCF,MTAS,I-200:SCSCF,PCSCF,I-200:PCSCF,SCSCF,A:MTAS,SCSCF,A:SCSCF,MTAS,A:MTAS,SCSCF,A:SCSCF,PCSCF,A:PCSCF,SCSCF,B:SCSCF,MTAS,B:MTAS,SCSCF,B:SCSCF,PCSCF,B:PCSCF,SCSCF,B-200:SCSCF,MTAS,B-200:MTAS,SCSCF,B-200:SCSCF,PCSCF,B-200"
46,0,0,"PCSCF,SCSCF,I:SCSCF,ASLI,I:ASLI,SCSCF,T:ASLI,SCSCF,I-500:SCSCF,ASLI,A:MTAS,SCSCF,I:SCSCF,MTAS,T:SCSCF,GTW,I:GTW,SCSCF,T:SCSCF,PCSCF,T:GTW,SCSCF,R:SCSCF,MTAS,R:SCSCF,PCSCF,R:PCSCF,SCSCF,P:MTAS,SCSCF,P:SCSCF,GTW,P:GTW,SCSCF,P-200:SCSCF,MTAS,P-200:SCSCF,PCSCF,P-200:GTW,SCSCF,I-486:SCSCF,GTW,A:SCSCF,MTAS,I-486:MTAS,SCSCF,A:SCSCF,PCSCF,I-486:PCSCF,SCSCF,A"
47,0,0,"GTW,ICSCF,I:ICSCF,GTW,T:SCSCF,ASLI,I:ASLI,SCSCF,T:ASLI,SCSCF,I-500:SCSCF,ASLI,A:SCSCF,MTAS,I:MTAS,SCSCF,T:MTAS,SCSCF,I:SCSCF,MTAS,T:SCSCF,PCSCF,I:PCSCF,SCSCF,T:PCSCF,SCSCF,R:SCSCF,MTAS,R:MTAS,SCSCF,R:ICSCF,GTW,R:GTW,SCSCF,P:SCSCF,MTAS,P:MTAS,SCSCF,P:SCSCF,PCSCF,P:PCSCF,SCSCF,P-200:SCSCF,MTAS,P-200:MTAS,SCSCF,P-200:SCSCF,GTW,P-200:PCSCF,SCSCF,I-200:SCSCF,MTAS,I-200:MTAS,SCSCF,I-200:ICSCF,GTW,I-200:GTW,SCSCF,A:SCSCF,MTAS,A:MTAS,SCSCF,A:SCSCF,PCSCF,A:PCSCF,SCSCF,I:SCSCF,PCSCF,T:SCSCF,MTAS,I:MTAS,SCSCF,I:SCSCF,MTAS,T:SCSCF,GTW,I:MTAS,SCSCF,T:GTW,SCSCF,T:GTW,SCSCF,I-200:SCSCF,MTAS,I-200:MTAS,SCSCF,I-200:SCSCF,PCSCF,I-200:PCSCF,SCSCF,A:SCSCF,MTAS,A:MTAS,SCSCF,A:SCSCF,GTW,A:PCSCF,SCSCF,I:SCSCF,PCSCF,T:SCSCF,MTAS,I:MTAS,SCSCF,T:MTAS,SCSCF,I:SCSCF,MTAS,T:SCSCF,GTW,I:GTW,SCSCF,T:GTW,SCSCF,I-488:SCSCF,GTW,A:SCSCF,MTAS,I-488:MTAS,SCSCF,A:MTAS,SCSCF,I-488:SCSCF,MTAS,A:SCSCF,PCSCF,I-488:PCSCF,SCSCF,A:PCSCF,SCSCF,I:SCSCF,PCSCF,T:SCSCF,PCSCF,I-407:PCSCF,SCSCF,A:PCSCF,SCSCF,I:SCSCF,MTAS,I:MTAS,SCSCF,T:MTAS,SCSCF,I:SCSCF,MTAS,T:SCSCF,PCSCF,T:SCSCF,GTW,I:GTW,SCSCF,T:GTW,SCSCF,I-200:SCSCF,MTAS,I-200:MTAS,SCSCF,I-200:SCSCF,PCSCF,I-200:PCSCF,SCSCF,A:SCSCF,MTAS,A:MTAS,SCSCF,A:SCSCF,GTW,A:GTW,SCSCF,B:SCSCF,MTAS,B:MTAS,SCSCF,B:SCSCF,PCSCF,B:PCSCF,SCSCF,B-200:SCSCF,MTAS,B-200:MTAS,SCSCF,B-200:SCSCF,GTW,B-200"
48,0,0,"GTW,ICSCF,I:ICSCF,GTW,T:SCSCF,ASLI,I:ASLI,SCSCF,T:ASLI,SCSCF,I-500:SCSCF,ASLI,A:SCSCF,MTAS,I:MTAS,SCSCF,I:SCSCF,MTAS,T:MTAS,SCSCF,T:SCSCF,PCSCF,I:PCSCF,SCSCF,T:PCSCF,SCSCF,R:SCSCF,MTAS,R:MTAS,SCSCF,R:ICSCF,GTW,R:GTW,SCSCF,P:SCSCF,MTAS,P:MTAS,SCSCF,P:SCSCF,PCSCF,P:PCSCF,SCSCF,P-200:SCSCF,MTAS,P-200:MTAS,SCSCF,P-200:SCSCF,GTW,P-200:GTW,ICSCF,C:ICSCF,GTW,C-200:SCSCF,MTAS,C:MTAS,SCSCF,C-200:MTAS,SCSCF,C:SCSCF,MTAS,C-200:SCSCF,PCSCF,C:PCSCF,SCSCF,C-200:PCSCF,SCSCF,I-487:SCSCF,PCSCF,A:SCSCF,MTAS,I-487:MTAS,SCSCF,A:MTAS,SCSCF,I-487:SCSCF,MTAS,A:ICSCF,GTW,I-487:GTW,ICSCF,A"
49,0,0,"PCSCF,SCSCF,I:SCSCF,PCSCF,T:SCSCF,ASLI,I:ASLI,SCSCF,T:ASLI,SCSCF,I-500:SCSCF,ASLI,A:MTAS,SCSCF,I:SCSCF,MTAS,T:SCSCF,GTW,I:GTW,SCSCF,T:GTW,SCSCF,S:SCSCF,MTAS,S:SCSCF,PCSCF,S:PCSCF,SCSCF,P:MTAS,SCSCF,P:SCSCF,GTW,P:GTW,SCSCF,P-200:SCSCF,MTAS,P-200:SCSCF,PCSCF,P-200:GTW,SCSCF,R:SCSCF,MTAS,R:SCSCF,PCSCF,R:PCSCF,SCSCF,P:MTAS,SCSCF,P:SCSCF,GTW,P:GTW,SCSCF,P-200:SCSCF,MTAS,P-200:SCSCF,PCSCF,P-200:GTW,SCSCF,W:SCSCF,MTAS,W:SCSCF,PCSCF,W:PCSCF,SCSCF,P:MTAS,SCSCF,P:SCSCF,GTW,P:GTW,SCSCF,P-200:SCSCF,MTAS,P-200:SCSCF,PCSCF,P-200:GTW,SCSCF,S:SCSCF,MTAS,S:SCSCF,PCSCF,S:PCSCF,SCSCF,P:MTAS,SCSCF,P:SCSCF,GTW,P:GTW,SCSCF,P-200:SCSCF,MTAS,P-200:SCSCF,PCSCF,P-200:GTW,SCSCF,I-200:SCSCF,MTAS,I-200:SCSCF,PCSCF,I-200:PCSCF,SCSCF,A:SCSCF,MTAS,A:MTAS,SCSCF,A:SCSCF,GTW,A:PCSCF,SCSCF,B:SCSCF,MTAS,B:MTAS,SCSCF,B:SCSCF,GTW,B:GTW,SCSCF,B-200:SCSCF,MTAS,B-200:MTAS,SCSCF,B-200:SCSCF,PCSCF,B-200"
50,0,0,"GTW,ICSCF,I:ICSCF,GTW,T:SCSCF,ASLI,I:ASLI,SCSCF,T:ASLI,SCSCF,I-500:SCSCF,ASLI,A:SCSCF,MTAS,I:MTAS,SCSCF,T:MTAS,SCSCF,I:SCSCF,MTAS,T:SCSCF,PCSCF,I:PCSCF,SCSCF,T:PCSCF,SCSCF,R:SCSCF,MTAS,R:MTAS,SCSCF,R:ICSCF,GTW,R:GTW,SCSCF,P:SCSCF,MTAS,P:MTAS,SCSCF,P:SCSCF,PCSCF,P:PCSCF,SCSCF,P-200:SCSCF,MTAS,P-200:MTAS,SCSCF,P-200:SCSCF,GTW,P-200:PCSCF,SCSCF,I-200:SCSCF,MTAS,I-200:MTAS,SCSCF,I-200:ICSCF,GTW,I-200:GTW,SCSCF,A:SCSCF,MTAS,A:MTAS,SCSCF,A:SCSCF,PCSCF,A:MTAS,SCSCF,U:SCSCF,PCSCF,U:SCSCF,GTW,U:GTW,SCSCF,U-200:SCSCF,MTAS,U-200:PCSCF,SCSCF,U-200:SCSCF,MTAS,U-200:MTAS,SCSCF,U:SCSCF,GTW,U:SCSCF,PCSCF,U:GTW,SCSCF,U-200:SCSCF,MTAS,U-200:PCSCF,SCSCF,U-200:SCSCF,MTAS,U-200:GTW,SCSCF,B:SCSCF,MTAS,B:MTAS,SCSCF,B:SCSCF,PCSCF,B:PCSCF,SCSCF,B-200:SCSCF,MTAS,B-200:MTAS,SCSCF,B-200:SCSCF,GTW,B-200"
51,0,0,"PCSCF,SCSCF,I:SCSCF,PCSCF,T:SCSCF,ASLI,I:ASLI,SCSCF,T:ASLI,SCSCF,I-500:SCSCF,ASLI,A:MTAS,SCSCF,I:SCSCF,MTAS,T:SCSCF,GTW,I:GTW,SCSCF,T:GTW,SCSCF,S:SCSCF,MTAS,S:SCSCF,PCSCF,S:PCSCF,SCSCF,P:MTAS,SCSCF,P:SCSCF,GTW,P:GTW,SCSCF,P-200:SCSCF,MTAS,P-200:GTW,SCSCF,S:SCSCF,MTAS,S:SCSCF,PCSCF,P-200:SCSCF,PCSCF,S:PCSCF,SCSCF,P:MTAS,SCSCF,P:SCSCF,GTW,P:GTW,SCSCF,P-200:SCSCF,MTAS,P-200:SCSCF,PCSCF,P-200:PCSCF,SCSCF,C:MTAS,SCSCF,C:SCSCF,MTAS,C-200:SCSCF,GTW,C:SCSCF,PCSCF,C-200:GTW,SCSCF,C-200:GTW,SCSCF,I-487:SCSCF,GTW,A:SCSCF,MTAS,I-487:MTAS,SCSCF,A:SCSCF,PCSCF,I-487:PCSCF,SCSCF,A"
52,0,0,"PCSCF,SCSCF,I:SCSCF,PCSCF,T:SCSCF,ASLI,I:ASLI,SCSCF,T:ASLI,SCSCF,I-500:SCSCF,ASLI,A:MTAS,SCSCF,I:SCSCF,MTAS,T:SCSCF,GTW,I:GTW,SCSCF,T:GTW,SCSCF,S:SCSCF,MTAS,S:SCSCF,PCSCF,S:PCSCF,SCSCF,P:SCSCF,MTAS,P:MTAS,SCSCF,P:SCSCF,GTW,P:GTW,SCSCF,P-200:SCSCF,MTAS,P-200:MTAS,SCSCF,P-200:SCSCF,PCSCF,P-200:GTW,SCSCF,R:SCSCF,MTAS,R:SCSCF,PCSCF,R:PCSCF,SCSCF,P:SCSCF,MTAS,P:MTAS,SCSCF,P:SCSCF,GTW,P:GTW,SCSCF,P-200:SCSCF,MTAS,P-200:MTAS,SCSCF,P-200:SCSCF,PCSCF,P-200:SCSCF,MTAS,I-200:GTW,SCSCF,I-200:SCSCF,PCSCF,I-200:PCSCF,SCSCF,A:SCSCF,MTAS,A:MTAS,SCSCF,A:SCSCF,GTW,A:PCSCF,SCSCF,B:SCSCF,MTAS,B:MTAS,SCSCF,B:SCSCF,GTW,B:GTW,SCSCF,B-200:SCSCF,MTAS,B-200:MTAS,SCSCF,B-200:SCSCF,PCSCF,B-200"
53,0,0,"GTW,ICSCF,I:ICSCF,GTW,T:SCSCF,ASLI,I:ASLI,SCSCF,T:ASLI,SCSCF,I-500:SCSCF,ASLI,A:SCSCF,MTAS,I:MTAS,SCSCF,T:MTAS,SCSCF,I:SCSCF,MTAS,T:SCSCF,PCSCF,I:PCSCF,SCSCF,T:PCSCF,SCSCF,R:SCSCF,MTAS,R:MTAS,SCSCF,R:ICSCF,GTW,R:GTW,SCSCF,P:SCSCF,MTAS,P:MTAS,SCSCF,P:SCSCF,PCSCF,P:PCSCF,SCSCF,P-200:SCSCF,MTAS,P-200:MTAS,SCSCF,P-200:SCSCF,GTW,P-200:PCSCF,SCSCF,I-200:SCSCF,MTAS,I-200:MTAS,SCSCF,I-200:ICSCF,GTW,I-200:GTW,SCSCF,A:SCSCF,MTAS,A:MTAS,SCSCF,A:SCSCF,PCSCF,A:MTAS,SCSCF,U:SCSCF,PCSCF,U:PCSCF,SCSCF,U-200:SCSCF,MTAS,U-200:MTAS,SCSCF,U:SCSCF,GTW,U:GTW,SCSCF,U-200:SCSCF,MTAS,U-200:MTAS,SCSCF,U:SCSCF,PCSCF,U:SCSCF,GTW,U:GTW,SCSCF,U-200:SCSCF,MTAS,U-200:PCSCF,SCSCF,U-200:SCSCF,MTAS,U-200:GTW,SCSCF,B:SCSCF,MTAS,B:MTAS,SCSCF,B:SCSCF,PCSCF,B:PCSCF,SCSCF,B-200:SCSCF,MTAS,B-200:MTAS,SCSCF,B-200:SCSCF,GTW,B-200"
54,0,0,"GTW,ICSCF,I:ICSCF,GTW,T:SCSCF,ASLI,I:ASLI,SCSCF,T:ASLI,SCSCF,I-500:SCSCF,ASLI,A:SCSCF,MTAS,I:MTAS,SCSCF,T:MTAS,SCSCF,I:SCSCF,MTAS,T:SCSCF,PCSCF,I:PCSCF,SCSCF,T:PCSCF,SCSCF,R:SCSCF,MTAS,R:MTAS,SCSCF,R:ICSCF,GTW,R:SCSCF,MTAS,P:MTAS,SCSCF,P:GTW,SCSCF,P:SCSCF,PCSCF,P:PCSCF,SCSCF,P-200:SCSCF,MTAS,P-200:MTAS,SCSCF,P-200:SCSCF,GTW,P-200:GTW,ICSCF,C:ICSCF,GTW,C-200:SCSCF,MTAS,C:MTAS,SCSCF,C-200:MTAS,SCSCF,C:SCSCF,MTAS,C-200:SCSCF,PCSCF,C:PCSCF,SCSCF,C-200:SCSCF,MTAS,I-487:MTAS,SCSCF,A:PCSCF,SCSCF,I-487:SCSCF,PCSCF,A:MTAS,SCSCF,I-487:SCSCF,MTAS,A:ICSCF,GTW,I-487:GTW,ICSCF,A"
55,0,0,"GTW,ICSCF,I:ICSCF,GTW,T:SCSCF,ASLI,I:ASLI,SCSCF,T:ASLI,SCSCF,I-500:SCSCF,ASLI,A:SCSCF,MTAS,I:MTAS,SCSCF,T:MTAS,SCSCF,I:SCSCF,MTAS,T:SCSCF,PCSCF,I:PCSCF,SCSCF,T:PCSCF,SCSCF,R:SCSCF,MTAS,R:MTAS,SCSCF,R:ICSCF,GTW,R:GTW,SCSCF,P:SCSCF,MTAS,P:MTAS,SCSCF,P:SCSCF,PCSCF,P:SCSCF,MTAS,P-200:PCSCF,SCSCF,P-200:MTAS,SCSCF,P-200:SCSCF,GTW,P-200:PCSCF,SCSCF,I-200:SCSCF,MTAS,I-200:MTAS,SCSCF,I-200:ICSCF,GTW,I-200:GTW,SCSCF,A:SCSCF,MTAS,A:MTAS,SCSCF,A:SCSCF,PCSCF,A:GTW,SCSCF,B:SCSCF,MTAS,B:MTAS,SCSCF,B:SCSCF,PCSCF,B:PCSCF,SCSCF,B-200:SCSCF,MTAS,B-200:MTAS,SCSCF,B-200:SCSCF,GTW,B-200"
56,0,0,"GTW,ICSCF,I:ICSCF,GTW,T:SCSCF,ASLI,I:ASLI,SCSCF,T:ASLI,SCSCF,I-500:SCSCF,ASLI,A:SCSCF,MTAS,I:MTAS,SCSCF,T:MTAS,SCSCF,I:SCSCF,MTAS,T:SCSCF,PCSCF,I:PCSCF,SCSCF,T:SCSCF,MTAS,R:MTAS,SCSCF,R:ICSCF,GTW,R:PCSCF,SCSCF,R:GTW,SCSCF,P:SCSCF,MTAS,P:MTAS,SCSCF,P:SCSCF,PCSCF,P:PCSCF,SCSCF,P-200:SCSCF,MTAS,P-200:MTAS,SCSCF,P-200:SCSCF,GTW,P-200:GTW,ICSCF,C:ICSCF,GTW,C-200:SCSCF,MTAS,C:MTAS,SCSCF,C-200:MTAS,SCSCF,C:SCSCF,MTAS,C-200:SCSCF,PCSCF,C:PCSCF,SCSCF,C-200:SCSCF,MTAS,I-487:PCSCF,SCSCF,I-487:SCSCF,PCSCF,A:MTAS,SCSCF,A:MTAS,SCSCF,I-487:SCSCF,MTAS,A:ICSCF,GTW,I-487:GTW,ICSCF,A"
57,0,0,"PCSCF,SCSCF,I:SCSCF,PCSCF,T:SCSCF,PCSCF,I-407:PCSCF,SCSCF,A:PCSCF,SCSCF,I:SCSCF,PCSCF,T:SCSCF,ASLI,I:ASLI,SCSCF,T:ASLI,SCSCF,I-500:SCSCF,ASLI,A:MTAS,SCSCF,I:SCSCF,MTAS,T:SCSCF,GTW,I:GTW,SCSCF,T:GTW,SCSCF,I-404:SCSCF,GTW,A:SCSCF,MTAS,I-404:MTAS,SCSCF,A:SCSCF,PCSCF,S:PCSCF,SCSCF,P:SCSCF,PCSCF,P-200:SCSCF,PCSCF,I-404:PCSCF,SCSCF,A"
58,0,0,"PCSCF,SCSCF,I:SCSCF,PCSCF,T:SCSCF,PCSCF,I-407:PCSCF,SCSCF,A:PCSCF,SCSCF,I:SCSCF,ASLI,I:ASLI,SCSCF,T:SCSCF,PCSCF,T:ASLI,SCSCF,I-500:SCSCF,ASLI,A:MTAS,SCSCF,I:SCSCF,MTAS,T:SCSCF,GTW,I:GTW,SCSCF,T:GTW,SCSCF,R:SCSCF,MTAS,R:SCSCF,PCSCF,R:PCSCF,SCSCF,P:MTAS,SCSCF,P:SCSCF,GTW,P:GTW,SCSCF,P-200:SCSCF,MTAS,P-200:SCSCF,PCSCF,P-200:GTW,SCSCF,I-200:SCSCF,MTAS,I-200:SCSCF,PCSCF,I-200:PCSCF,SCSCF,A:SCSCF,MTAS,A:MTAS,SCSCF,A:SCSCF,GTW,A:MTAS,SCSCF,U:SCSCF,GTW,U:SCSCF,PCSCF,U:GTW,SCSCF,U-200:SCSCF,MTAS,U-200:PCSCF,SCSCF,U-200:SCSCF,MTAS,U-200:PCSCF,SCSCF,B:MTAS,SCSCF,B:SCSCF,GTW,B:GTW,SCSCF,B-200:SCSCF,MTAS,B-200:SCSCF,PCSCF,B-200"
59,0,0,"GTW,ICSCF,I:ICSCF,GTW,T:SCSCF,ASLI,I:ASLI,SCSCF,T:ASLI,SCSCF,I-500:SCSCF,ASLI,A:SCSCF,MTAS,I:MTAS,SCSCF,T:MTAS,SCSCF,I:SCSCF,MTAS,T:SCSCF,PCSCF,I:PCSCF,SCSCF,T:PCSCF,SCSCF,R:SCSCF,MTAS,R:MTAS,SCSCF,R:ICSCF,GTW,R:GTW,SCSCF,P:SCSCF,MTAS,P:MTAS,SCSCF,P:SCSCF,PCSCF,P:PCSCF,SCSCF,P-200:SCSCF,MTAS,P-200:MTAS,SCSCF,P-200:SCSCF,GTW,P-200:PCSCF,SCSCF,I-200:SCSCF,MTAS,I-200:MTAS,SCSCF,I-200:ICSCF,GTW,I-200:GTW,SCSCF,A:SCSCF,MTAS,A:MTAS,SCSCF,A:SCSCF,PCSCF,A:MTAS,SCSCF,U:SCSCF,PCSCF,U:SCSCF,GTW,U:GTW,SCSCF,U-200:SCSCF,MTAS,U-200:PCSCF,SCSCF,U-200:SCSCF,MTAS,U-200:GTW,SCSCF,B:SCSCF,MTAS,B:PCSCF,SCSCF,B:SCSCF,MTAS,B:MTAS,SCSCF,B:MTAS,SCSCF,B-200:SCSCF,PCSCF,B:SCSCF,PCSCF,B-200:PCSCF,SCSCF,B-200:SCSCF,MTAS,B-200:MTAS,SCSCF,B-200:SCSCF,GTW,B-200"
60,0,0,"PCSCF,SCSCF,I:SCSCF,PCSCF,T:SCSCF,ASLI,I:ASLI,SCSCF,T:ASLI,SCSCF,I-500:SCSCF,ASLI,A:MTAS,SCSCF,I:SCSCF,MTAS,T:SCSCF,GTW,I:GTW,SCSCF,T:GTW,SCSCF,R:SCSCF,MTAS,R:SCSCF,PCSCF,R:PCSCF,SCSCF,P:SCSCF,MTAS,P:MTAS,SCSCF,P:SCSCF,GTW,P:GTW,SCSCF,P-200:SCSCF,MTAS,P-200:MTAS,SCSCF,P-200:SCSCF,PCSCF,P-200:PCSCF,SCSCF,C:MTAS,SCSCF,C:SCSCF,MTAS,C-200:SCSCF,PCSCF,C-200:SCSCF,GTW,C:GTW,SCSCF,C-200:GTW,SCSCF,I-487:SCSCF,GTW,A:SCSCF,MTAS,I-487:MTAS,SCSCF,A:SCSCF,PCSCF,I-487:PCSCF,SCSCF,A"
61,0,0,"PCSCF,SCSCF,I:SCSCF,PCSCF,T:SCSCF,ASLI,I:ASLI,SCSCF,T:ASLI,SCSCF,I-500:SCSCF,ASLI,A:MTAS,SCSCF,I:SCSCF,MTAS,T:SCSCF,GTW,I:GTW,SCSCF,T:GTW,SCSCF,S:SCSCF,MTAS,S:SCSCF,PCSCF,S:PCSCF,SCSCF,P:SCSCF,MTAS,P:MTAS,SCSCF,P:SCSCF,GTW,P:GTW,SCSCF,P-200:GTW,SCSCF,S:SCSCF,MTAS,P-200:SCSCF,MTAS,S:MTAS,SCSCF,P-200:SCSCF,PCSCF,P-200:SCSCF,PCSCF,S:PCSCF,SCSCF,P:SCSCF,MTAS,P:MTAS,SCSCF,P:SCSCF,GTW,P:GTW,SCSCF,P-200:SCSCF,MTAS,P-200:MTAS,SCSCF,P-200:SCSCF,PCSCF,P-200:GTW,SCSCF,R:SCSCF,MTAS,R:SCSCF,PCSCF,R:PCSCF,SCSCF,P:SCSCF,MTAS,P:MTAS,SCSCF,P:SCSCF,GTW,P:GTW,SCSCF,P-200:SCSCF,MTAS,P-200:MTAS,SCSCF,P-200:SCSCF,PCSCF,P-200:GTW,SCSCF,I-200:SCSCF,MTAS,I-200:SCSCF,PCSCF,I-200:PCSCF,SCSCF,A:SCSCF,MTAS,A:MTAS,SCSCF,A:SCSCF,GTW,A:PCSCF,SCSCF,B:SCSCF,MTAS,B:MTAS,SCSCF,B:SCSCF,GTW,B:GTW,SCSCF,B-200:SCSCF,MTAS,B-200:MTAS,SCSCF,B-200:SCSCF,PCSCF,B-200"
62,0,0,"PCSCF,SCSCF,I:SCSCF,PCSCF,T:SCSCF,ASLI,I:ASLI,SCSCF,T:ASLI,SCSCF,I-500:SCSCF,ASLI,A:MTAS,SCSCF,I:SCSCF,MTAS,T:SCSCF,GTW,I:GTW,SCSCF,T:GTW,SCSCF,I-200:SCSCF,PCSCF,I-200:SCSCF,MTAS,I-200:PCSCF,SCSCF,A:SCSCF,MTAS,A:MTAS,SCSCF,A:SCSCF,GTW,A:GTW,SCSCF,B:MTAS,SCSCF,B:SCSCF,PCSCF,B:PCSCF,SCSCF,B-200:SCSCF,MTAS,B-200:SCSCF,GTW,B-200"
63,0,0,"GTW,ICSCF,I:ICSCF,GTW,T:SCSCF,ASLI,I:ASLI,SCSCF,T:ASLI,SCSCF,I-500:SCSCF,ASLI,A:SCSCF,MTAS,I:MTAS,SCSCF,T:MTAS,SCSCF,I:SCSCF,MTAS,T:SCSCF,PCSCF,I:PCSCF,SCSCF,T:PCSCF,SCSCF,R:SCSCF,MTAS,R:MTAS,SCSCF,R:ICSCF,GTW,R:GTW,SCSCF,P:SCSCF,MTAS,P:MTAS,SCSCF,P:SCSCF,PCSCF,P:PCSCF,SCSCF,P-200:SCSCF,MTAS,P-200:MTAS,SCSCF,P-200:SCSCF,GTW,P-200:PCSCF,SCSCF,I-200:MTAS,SCSCF,I-200:ICSCF,GTW,I-200:SCSCF,MTAS,I-200:GTW,SCSCF,A:SCSCF,MTAS,A:MTAS,SCSCF,A:SCSCF,PCSCF,A:MTAS,SCSCF,U:SCSCF,GTW,U:GTW,SCSCF,U-200:SCSCF,MTAS,U-200:SCSCF,PCSCF,U:PCSCF,SCSCF,U-200:SCSCF,MTAS,U-200:PCSCF,SCSCF,B:SCSCF,MTAS,B:MTAS,SCSCF,B:SCSCF,GTW,B:GTW,SCSCF,B-200:SCSCF,MTAS,B-200:MTAS,SCSCF,B-200:SCSCF,PCSCF,B-200"
64,0,0,"GTW,ICSCF,I:ICSCF,GTW,T:SCSCF,ASLI,I:ASLI,SCSCF,T:ASLI,SCSCF,I-500:SCSCF,ASLI,A:SCSCF,MTAS,I:MTAS,SCSCF,I:SCSCF,MTAS,T:SCSCF,PCSCF,I:MTAS,SCSCF,T:PCSCF,SCSCF,T:PCSCF,SCSCF,R:SCSCF,MTAS,R:MTAS,SCSCF,R:ICSCF,GTW,R:GTW,SCSCF,P:SCSCF,MTAS,P:MTAS,SCSCF,P:SCSCF,PCSCF,P:SCSCF,MTAS,P-200:PCSCF,SCSCF,P-200:MTAS,SCSCF,P-200:SCSCF,GTW,P-200:GTW,ICSCF,C:ICSCF,GTW,C-200:SCSCF,MTAS,C:MTAS,SCSCF,C-200:MTAS,SCSCF,C:SCSCF,MTAS,C-200:SCSCF,PCSCF,C:PCSCF,SCSCF,C-200:PCSCF,SCSCF,I-487:SCSCF,PCSCF,A:SCSCF,MTAS,I-487:MTAS,SCSCF,A:MTAS,SCSCF,I-487:SCSCF,MTAS,A:ICSCF,GTW,I-487:GTW,ICSCF,A"
65,0,0,"PCSCF,SCSCF,I:SCSCF,PCSCF,T:SCSCF,PCSCF,I-407:PCSCF,SCSCF,A:PCSCF,SCSCF,I:SCSCF,ASLI,I:SCSCF,PCSCF,T:ASLI,SCSCF,T:ASLI,SCSCF,I-500:SCSCF,ASLI,A:MTAS,SCSCF,I:SCSCF,MTAS,T:SCSCF,GTW,I:GTW,SCSCF,T:GTW,SCSCF,R:SCSCF,MTAS,R:SCSCF,PCSCF,R:PCSCF,SCSCF,P:MTAS,SCSCF,P:SCSCF,GTW,P:GTW,SCSCF,P-200:SCSCF,MTAS,P-200:SCSCF,PCSCF,P-200:GTW,SCSCF,I-200:SCSCF,MTAS,I-200:SCSCF,PCSCF,I-200:PCSCF,SCSCF,A:SCSCF,MTAS,A:MTAS,SCSCF,A:SCSCF,GTW,A:MTAS,SCSCF,U:SCSCF,GTW,U:GTW,SCSCF,U-200:SCSCF,MTAS,U-200:MTAS,SCSCF,U:SCSCF,PCSCF,U:PCSCF,SCSCF,U-200:SCSCF,MTAS,U-200:MTAS,SCSCF,U:SCSCF,GTW,U:GTW,SCSCF,U-200:SCSCF,MTAS,U-200:MTAS,SCSCF,U:SCSCF,PCSCF,U:PCSCF,SCSCF,U-200:SCSCF,MTAS,U-200:PCSCF,SCSCF,B:MTAS,SCSCF,B:SCSCF,GTW,B:GTW,SCSCF,B-200:SCSCF,MTAS,B-200:SCSCF,PCSCF,B-200"
66,0,0,"PCSCF,SCSCF,I:SCSCF,PCSCF,T:SCSCF,PCSCF,I-407:PCSCF,SCSCF,A:PCSCF,SCSCF,I:SCSCF,PCSCF,T:SCSCF,ASLI,I:ASLI,SCSCF,T:ASLI,SCSCF,I-500:SCSCF,ASLI,A:MTAS,SCSCF,I:SCSCF,MTAS,T:SCSCF,GTW,I:GTW,SCSCF,T:GTW,SCSCF,S:SCSCF,MTAS,S:SCSCF,PCSCF,S:PCSCF,SCSCF,P:MTAS,SCSCF,P:SCSCF,GTW,P:GTW,SCSCF,P-200:SCSCF,MTAS,P-200:SCSCF,PCSCF,P-200:GTW,SCSCF,R:SCSCF,MTAS,R:SCSCF,PCSCF,R:PCSCF,SCSCF,P:MTAS,SCSCF,P:SCSCF,GTW,P:GTW,SCSCF,P-200:SCSCF,MTAS,P-200:SCSCF,PCSCF,P-200:GTW,SCSCF,I-200:SCSCF,MTAS,I-200:SCSCF,PCSCF,I-200:PCSCF,SCSCF,A:SCSCF,MTAS,A:MTAS,SCSCF,A:SCSCF,GTW,A:MTAS,SCSCF,U:SCSCF,GTW,U:GTW,SCSCF,U-200:SCSCF,MTAS,U-200:MTAS,SCSCF,U:SCSCF,PCSCF,U:PCSCF,SCSCF,U-200:SCSCF,MTAS,U-200:MTAS,SCSCF,U:SCSCF,GTW,U:GTW,SCSCF,U-200:SCSCF,MTAS,U-200:MTAS,SCSCF,U:SCSCF,PCSCF,U:PCSCF,SCSCF,U-200:SCSCF,MTAS,U-200:PCSCF,SCSCF,B:MTAS,SCSCF,B:SCSCF,GTW,B:GTW,SCSCF,B-200:SCSCF,MTAS,B-200:SCSCF,PCSCF,B-200"
67,0,0,"PCSCF,SCSCF,I:SCSCF,PCSCF,T:SCSCF,ASLI,I:ASLI,SCSCF,T:ASLI,SCSCF,I-500:SCSCF,ASLI,A:MTAS,SCSCF,I:SCSCF,MTAS,T:SCSCF,GTW,I:GTW,SCSCF,T:GTW,SCSCF,S:SCSCF,MTAS,S:SCSCF,PCSCF,S:PCSCF,SCSCF,P:MTAS,SCSCF,P:SCSCF,GTW,P:GTW,SCSCF,P-200:GTW,SCSCF,S:SCSCF,MTAS,S:SCSCF,MTAS,P-200:SCSCF,PCSCF,P-200:SCSCF,PCSCF,S:PCSCF,SCSCF,P:MTAS,SCSCF,P:GTW,SCSCF,P-200:SCSCF,GTW,P:SCSCF,MTAS,P-200:SCSCF,PCSCF,P-200:GTW,SCSCF,R:SCSCF,MTAS,R:SCSCF,PCSCF,R:PCSCF,SCSCF,P:MTAS,SCSCF,P:SCSCF,GTW,P:GTW,SCSCF,P-200:SCSCF,MTAS,P-200:SCSCF,PCSCF,P-200:GTW,SCSCF,I-200:SCSCF,MTAS,I-200:SCSCF,PCSCF,I-200:PCSCF,SCSCF,A:SCSCF,MTAS,A:MTAS,SCSCF,A:SCSCF,GTW,A:PCSCF,SCSCF,B:SCSCF,MTAS,B:MTAS,SCSCF,B:SCSCF,GTW,B:GTW,SCSCF,B-200:SCSCF,MTAS,B-200:MTAS,SCSCF,B-200:SCSCF,PCSCF,B-200"
68,0,0,"PCSCF,SCSCF,I:SCSCF,PCSCF,T:SCSCF,PCSCF,I-407:PCSCF,SCSCF,A:PCSCF,SCSCF,I:SCSCF,ASLI,I:ASLI,SCSCF,T:ASLI,SCSCF,I-500:SCSCF,ASLI,A:SCSCF,PCSCF,T:MTAS,SCSCF,I:SCSCF,MTAS,T:SCSCF,GTW,I:GTW,SCSCF,T:GTW,SCSCF,S:SCSCF,MTAS,S:SCSCF,PCSCF,S:PCSCF,SCSCF,P:MTAS,SCSCF,P:SCSCF,GTW,P:GTW,SCSCF,P-200:GTW,SCSCF,S:SCSCF,MTAS,S:SCSCF,MTAS,P-200:SCSCF,PCSCF,P-200:SCSCF,PCSCF,S:PCSCF,SCSCF,P:MTAS,SCSCF,P:SCSCF,GTW,P:GTW,SCSCF,P-200:GTW,SCSCF,R:SCSCF,MTAS,R:SCSCF,MTAS,P-200:SCSCF,PCSCF,P-200:SCSCF,PCSCF,R:PCSCF,SCSCF,P:MTAS,SCSCF,P:SCSCF,GTW,P:GTW,SCSCF,P-200:SCSCF,MTAS,P-200:SCSCF,PCSCF,P-200:PCSCF,SCSCF,C:SCSCF,PCSCF,C-200:MTAS,SCSCF,C:SCSCF,MTAS,C-200:SCSCF,GTW,C:GTW,SCSCF,C-200:GTW,SCSCF,I-487:SCSCF,GTW,A:SCSCF,MTAS,I-487:MTAS,SCSCF,A:SCSCF,PCSCF,I-487:PCSCF,SCSCF,A"
69,0,0,"PCSCF,SCSCF,I:SCSCF,PCSCF,T:SCSCF,PCSCF,I-407:PCSCF,SCSCF,A:PCSCF,SCSCF,I:SCSCF,ASLI,I:ASLI,SCSCF,T:SCSCF,PCSCF,T:ASLI,SCSCF,I-500:SCSCF,ASLI,A:MTAS,SCSCF,I:SCSCF,MTAS,T:SCSCF,GTW,I:GTW,SCSCF,T:GTW,SCSCF,R:SCSCF,MTAS,R:SCSCF,PCSCF,R:PCSCF,SCSCF,P:MTAS,SCSCF,P:SCSCF,GTW,P:GTW,SCSCF,P-200:SCSCF,MTAS,P-200:SCSCF,PCSCF,P-200:GTW,SCSCF,I-200:SCSCF,MTAS,I-200:SCSCF,PCSCF,I-200:PCSCF,SCSCF,A:SCSCF,MTAS,A:MTAS,SCSCF,A:SCSCF,GTW,A:MTAS,SCSCF,U:SCSCF,GTW,U:SCSCF,PCSCF,U:GTW,SCSCF,U-200:SCSCF,MTAS,U-200:PCSCF,SCSCF,U-200:SCSCF,MTAS,U-200:MTAS,SCSCF,U:SCSCF,GTW,U:SCSCF,PCSCF,U:GTW,SCSCF,U-200:SCSCF,MTAS,U-200:PCSCF,SCSCF,U-200:SCSCF,MTAS,U-200:PCSCF,SCSCF,B:MTAS,SCSCF,B:SCSCF,GTW,B:GTW,SCSCF,B-200:SCSCF,MTAS,B-200:SCSCF,PCSCF,B-200"
70,0,0,"PCSCF,SCSCF,I:SCSCF,PCSCF,T:SCSCF,PCSCF,I-407:PCSCF,SCSCF,A:PCSCF,SCSCF,I:SCSCF,PCSCF,T:SCSCF,ASLI,I:ASLI,SCSCF,T:ASLI,SCSCF,I-500:SCSCF,ASLI,A:MTAS,SCSCF,I:SCSCF,MTAS,T:SCSCF,ASLI,I:ASLI,SCSCF,T:ASLI,SCSCF,I-500:SCSCF,ASLI,A:SCSCF,MTAS,I:MTAS,SCSCF,T:MTAS,SCSCF,I:SCSCF,MTAS,T:SCSCF,PCSCF,I:PCSCF,SCSCF,T:PCSCF,SCSCF,C:MTAS,SCSCF,C:SCSCF,MTAS,C-200:SCSCF,MTAS,C:MTAS,SCSCF,C-200:MTAS,SCSCF,C:MTAS,SCSCF,I-487:SCSCF,MTAS,A:SCSCF,MTAS,C-200:SCSCF,PCSCF,C:SCSCF,MTAS,I-487:MTAS,SCSCF,A:PCSCF,SCSCF,C-200:SCSCF,PCSCF,C-200:SCSCF,PCSCF,I-487:PCSCF,SCSCF,A:PCSCF,SCSCF,I-408:SCSCF,PCSCF,A:SCSCF,MTAS,I-408:MTAS,SCSCF,A"
71,0,0,"GTW,ICSCF,I:ICSCF,GTW,T:SCSCF,ASLI,I:ASLI,SCSCF,T:ASLI,SCSCF,I-500:SCSCF,ASLI,A:SCSCF,MTAS,I:MTAS,SCSCF,T:MTAS,SCSCF,I:SCSCF,MTAS,T:SCSCF,PCSCF,I:PCSCF,SCSCF,T:SCSCF,MTAS,R:PCSCF,SCSCF,R:MTAS,SCSCF,R:ICSCF,GTW,R:GTW,SCSCF,P:SCSCF,MTAS,P:MTAS,SCSCF,P:SCSCF,PCSCF,P:PCSCF,SCSCF,P-200:SCSCF,MTAS,P-200:MTAS,SCSCF,P-200:SCSCF,GTW,P-200:PCSCF,SCSCF,I-200:SCSCF,MTAS,I-200:MTAS,SCSCF,I-200:ICSCF,GTW,I-200:GTW,SCSCF,A:SCSCF,MTAS,A:MTAS,SCSCF,A:SCSCF,PCSCF,A:PCSCF,SCSCF,B:SCSCF,MTAS,B:MTAS,SCSCF,B:SCSCF,GTW,B:GTW,SCSCF,B-200:SCSCF,MTAS,B-200:MTAS,SCSCF,B-200:SCSCF,PCSCF,B-200"
72,0,0,"PCSCF,SCSCF,I:SCSCF,PCSCF,T:SCSCF,ASLI,I:ASLI,SCSCF,T:ASLI,SCSCF,I-500:SCSCF,ASLI,A:MTAS,SCSCF,I:SCSCF,MTAS,T:SCSCF,GTW,I:GTW,SCSCF,T:SCSCF,MTAS,I-200:GTW,SCSCF,I-200:SCSCF,PCSCF,I-200:PCSCF,SCSCF,A:SCSCF,MTAS,A:MTAS,SCSCF,A:SCSCF,GTW,A:PCSCF,SCSCF,B:MTAS,SCSCF,B:SCSCF,GTW,B:GTW,SCSCF,B-200:SCSCF,MTAS,B-200:SCSCF,PCSCF,B-200"
73,0,0,"GTW,ICSCF,I:ICSCF,GTW,T:SCSCF,ASLI,I:ASLI,SCSCF,T:ASLI,SCSCF,I-500:SCSCF,ASLI,A:SCSCF,MTAS,I:MTAS,SCSCF,T:MTAS,SCSCF,I:SCSCF,MTAS,T:SCSCF,PCSCF,I:PCSCF,SCSCF,T:PCSCF,SCSCF,R:SCSCF,MTAS,R:MTAS,SCSCF,R:ICSCF,GTW,R:GTW,SCSCF,P:SCSCF,MTAS,P:MTAS,SCSCF,P:SCSCF,PCSCF,P:PCSCF,SCSCF,P-200:SCSCF,MTAS,P-200:MTAS,SCSCF,P-200:SCSCF,GTW,P-200:PCSCF,SCSCF,I-200:SCSCF,MTAS,I-200:MTAS,SCSCF,I-200:ICSCF,GTW,I-200:GTW,SCSCF,A:SCSCF,MTAS,A:MTAS,SCSCF,A:SCSCF,PCSCF,A:MTAS,SCSCF,U:SCSCF,GTW,U:GTW,SCSCF,U-200:SCSCF,MTAS,U-200:SCSCF,PCSCF,U:SCSCF,MTAS,U-200:PCSCF,SCSCF,U-200:MTAS,SCSCF,U:SCSCF,GTW,U:SCSCF,PCSCF,U:GTW,SCSCF,U-200:SCSCF,MTAS,U-200:PCSCF,SCSCF,U-200:SCSCF,MTAS,U-200:MTAS,SCSCF,U:SCSCF,GTW,U:GTW,SCSCF,U-200:SCSCF,MTAS,U-200:MTAS,SCSCF,U:SCSCF,PCSCF,U:PCSCF,SCSCF,U-200:SCSCF,MTAS,U-200:PCSCF,SCSCF,B:SCSCF,MTAS,B:MTAS,SCSCF,B:SCSCF,GTW,B:GTW,SCSCF,B-200:SCSCF,MTAS,B-200:MTAS,SCSCF,B-200:SCSCF,PCSCF,B-200"
74,0,0,"PCSCF,SCSCF,I:SCSCF,PCSCF,T:SCSCF,PCSCF,I-407:PCSCF,SCSCF,A:PCSCF,SCSCF,I:SCSCF,PCSCF,T:SCSCF,ASLI,I:ASLI,SCSCF,T:ASLI,SCSCF,I-500:MTAS,SCSCF,I:SCSCF,MTAS,T:SCSCF,ASLI,A:SCSCF,GTW,I:GTW,SCSCF,T:GTW,SCSCF,I-480:SCSCF,GTW,A:SCSCF,MTAS,I-480:MTAS,SCSCF,A:SCSCF,PCSCF,I-480:PCSCF,SCSCF,A"
75,0,0,"GTW,ICSCF,I:ICSCF,GTW,T:SCSCF,ASLI,I:ASLI,SCSCF,T:ASLI,SCSCF,I-500:SCSCF,ASLI,A:SCSCF,MTAS,I:MTAS,SCSCF,T:MTAS,SCSCF,I:SCSCF,MTAS,T:SCSCF,GTW,I:GTW,SCSCF,T:MTAS,SCSCF,W:ICSCF,GTW,W:GTW,SCSCF,I-200:SCSCF,MTAS,I-200:MTAS,SCSCF,I-200:ICSCF,GTW,I-200:GTW,SCSCF,A:SCSCF,MTAS,A:MTAS,SCSCF,A:SCSCF,GTW,A:GTW,SCSCF,B:SCSCF,MTAS,B:MTAS,SCSCF,B:SCSCF,GTW,B:GTW,SCSCF,B-200:SCSCF,MTAS,B-200:MTAS,SCSCF,B-200:SCSCF,GTW,B-200"
76,0,0,"PCSCF,SCSCF,I:SCSCF,PCSCF,T:SCSCF,PCSCF,I-407:PCSCF,SCSCF,A:PCSCF,SCSCF,I:SCSCF,ASLI,I:SCSCF,PCSCF,T:ASLI,SCSCF,T:ASLI,SCSCF,I-500:SCSCF,ASLI,A:MTAS,SCSCF,I:SCSCF,MTAS,T:SCSCF,GTW,I:GTW,SCSCF,T:GTW,SCSCF,R:SCSCF,MTAS,R:SCSCF,PCSCF,R:PCSCF,SCSCF,P:MTAS,SCSCF,P:SCSCF,GTW,P:GTW,SCSCF,P-200:SCSCF,MTAS,P-200:SCSCF,PCSCF,P-200:PCSCF,SCSCF,C:SCSCF,PCSCF,C-200:MTAS,SCSCF,C:SCSCF,MTAS,C-200:SCSCF,GTW,C:GTW,SCSCF,C-200:GTW,SCSCF,I-487:SCSCF,GTW,A:SCSCF,MTAS,I-487:MTAS,SCSCF,A:SCSCF,PCSCF,I-487:PCSCF,SCSCF,A"
77,0,0,"PCSCF,SCSCF,I:SCSCF,PCSCF,T:SCSCF,PCSCF,I-407:PCSCF,SCSCF,A:PCSCF,SCSCF,I:SCSCF,PCSCF,T:SCSCF,ASLI,I:ASLI,SCSCF,T:ASLI,SCSCF,I-500:SCSCF,ASLI,A:MTAS,SCSCF,I:SCSCF,MTAS,T:SCSCF,GTW,I:GTW,SCSCF,T:GTW,SCSCF,S:SCSCF,MTAS,S:SCSCF,PCSCF,S:PCSCF,SCSCF,P:MTAS,SCSCF,P:SCSCF,GTW,P:GTW,SCSCF,P-200:GTW,SCSCF,R:SCSCF,MTAS,P-200:SCSCF,MTAS,R:SCSCF,PCSCF,P-200:SCSCF,PCSCF,R:PCSCF,SCSCF,P:MTAS,SCSCF,P:SCSCF,GTW,P:GTW,SCSCF,P-200:SCSCF,MTAS,P-200:SCSCF,PCSCF,P-200:PCSCF,SCSCF,C:SCSCF,PCSCF,C-200:MTAS,SCSCF,C:SCSCF,MTAS,C-200:SCSCF,GTW,C:GTW,SCSCF,C-200:GTW,SCSCF,I-487:SCSCF,GTW,A:SCSCF,MTAS,I-487:MTAS,SCSCF,A:SCSCF,PCSCF,I-487:PCSCF,SCSCF,A"
78,0,0,"PCSCF,SCSCF,I:SCSCF,ASLI,I:ASLI,SCSCF,T:ASLI,SCSCF,I-500:SCSCF,ASLI,A:MTAS,SCSCF,I:SCSCF,MTAS,T:SCSCF,GTW,I:SCSCF,PCSCF,T:GTW,SCSCF,T:GTW,SCSCF,S:SCSCF,MTAS,S:SCSCF,PCSCF,S:PCSCF,SCSCF,P:MTAS,SCSCF,P:SCSCF,GTW,P:GTW,SCSCF,P-200:GTW,SCSCF,S:SCSCF,MTAS,P-200:SCSCF,MTAS,S:SCSCF,PCSCF,P-200:SCSCF,PCSCF,S:PCSCF,SCSCF,P:MTAS,SCSCF,P:SCSCF,GTW,P:GTW,SCSCF,P-200:SCSCF,MTAS,P-200:SCSCF,PCSCF,P-200:PCSCF,SCSCF,C:SCSCF,PCSCF,C-200:MTAS,SCSCF,C:SCSCF,MTAS,C-200:SCSCF,GTW,C:GTW,SCSCF,C-200:GTW,SCSCF,I-487:SCSCF,GTW,A:SCSCF,MTAS,I-487:MTAS,SCSCF,A:SCSCF,PCSCF,I-487:PCSCF,SCSCF,A"
79,0,0,"PCSCF,SCSCF,I:SCSCF,PCSCF,T:SCSCF,ASLI,I:ASLI,SCSCF,T:ASLI,SCSCF,I-500:SCSCF,ASLI,A:MTAS,SCSCF,I:SCSCF,MTAS,T:SCSCF,GTW,I:GTW,SCSCF,T:GTW,SCSCF,S:SCSCF,MTAS,S:SCSCF,PCSCF,S:PCSCF,SCSCF,P:SCSCF,MTAS,P:MTAS,SCSCF,P:SCSCF,GTW,P:GTW,SCSCF,P-200:SCSCF,MTAS,P-200:MTAS,SCSCF,P-200:SCSCF,PCSCF,P-200:GTW,SCSCF,R:SCSCF,MTAS,R:SCSCF,PCSCF,R:PCSCF,SCSCF,P:SCSCF,MTAS,P:MTAS,SCSCF,P:SCSCF,GTW,P:GTW,SCSCF,P-200:SCSCF,MTAS,P-200:MTAS,SCSCF,P-200:SCSCF,PCSCF,P-200:PCSCF,SCSCF,C:SCSCF,PCSCF,C-200:MTAS,SCSCF,C:SCSCF,MTAS,C-200:SCSCF,GTW,C:GTW,SCSCF,C-200:GTW,SCSCF,I-487:SCSCF,GTW,A:SCSCF,MTAS,I-487:MTAS,SCSCF,A:SCSCF,PCSCF,I-487:PCSCF,SCSCF,A"
80,0,0,"PCSCF,SCSCF,I:SCSCF,PCSCF,T:SCSCF,ASLI,I:ASLI,SCSCF,T:ASLI,SCSCF,I-500:SCSCF,ASLI,A:MTAS,SCSCF,I:SCSCF,MTAS,T:SCSCF,ASLI,I:ASLI,SCSCF,T:ASLI,SCSCF,I-500:SCSCF,ASLI,A:SCSCF,MTAS,I:MTAS,SCSCF,T:MTAS,SCSCF,I:SCSCF,MTAS,T:SCSCF,PCSCF,I:PCSCF,SCSCF,T:PCSCF,SCSCF,R:SCSCF,MTAS,R:MTAS,SCSCF,R:SCSCF,MTAS,R:SCSCF,PCSCF,R:PCSCF,SCSCF,P:MTAS,SCSCF,P:SCSCF,MTAS,P:MTAS,SCSCF,P:SCSCF,PCSCF,P:PCSCF,SCSCF,P-200:SCSCF,MTAS,P-200:MTAS,SCSCF,P-200:SCSCF,MTAS,P-200:SCSCF,PCSCF,P-200:PCSCF,SCSCF,I-200:SCSCF,MTAS,I-200:MTAS,SCSCF,I-200:SCSCF,MTAS,I-200:SCSCF,PCSCF,I-200:PCSCF,SCSCF,A:MTAS,SCSCF,A:SCSCF,MTAS,A:MTAS,SCSCF,A:SCSCF,PCSCF,A:MTAS,SCSCF,U:SCSCF,PCSCF,U:MTAS,SCSCF,U:SCSCF,PCSCF,U:PCSCF,SCSCF,U-200:MTAS,SCSCF,U:SCSCF,MTAS,U-200:PCSCF,SCSCF,U-200:SCSCF,MTAS,U-200:PCSCF,SCSCF,B:SCSCF,MTAS,B:MTAS,SCSCF,B:SCSCF,PCSCF,B:PCSCF,SCSCF,B-200:SCSCF,MTAS,B-200:MTAS,SCSCF,B-200:SCSCF,PCSCF,B-200"
81,0,0,"MTAS,SCSCF,I:SCSCF,MTAS,T:SCSCF,PCSCF,I:PCSCF,SCSCF,T:PCSCF,SCSCF,R:SCSCF,MTAS,R:MTAS,SCSCF,P:SCSCF,PCSCF,P:PCSCF,SCSCF,P-200:SCSCF,MTAS,P-200:PCSCF,SCSCF,I-200:SCSCF,MTAS,I-200:MTAS,SCSCF,A:SCSCF,PCSCF,A:MTAS,SCSCF,U:SCSCF,PCSCF,U:PCSCF,SCSCF,U-200:SCSCF,MTAS,U-200:PCSCF,SCSCF,B:SCSCF,MTAS,B:MTAS,SCSCF,B-200:SCSCF,PCSCF,B-200"
82,0,0,"PCSCF,SCSCF,I:SCSCF,PCSCF,T:SCSCF,PCSCF,I-407:PCSCF,SCSCF,A:PCSCF,SCSCF,I:SCSCF,PCSCF,T:SCSCF,ASLI,I:ASLI,SCSCF,T:ASLI,SCSCF,I-500:SCSCF,ASLI,A:MTAS,SCSCF,I:SCSCF,MTAS,T:SCSCF,GTW,I:GTW,SCSCF,T:GTW,SCSCF,R:SCSCF,MTAS,R:SCSCF,PCSCF,R:PCSCF,SCSCF,P:SCSCF,MTAS,P:MTAS,SCSCF,P:SCSCF,GTW,P:GTW,SCSCF,P-200:SCSCF,MTAS,P-200:MTAS,SCSCF,P-200:SCSCF,PCSCF,P-200:GTW,SCSCF,I-200:SCSCF,MTAS,I-200:SCSCF,PCSCF,I-200:PCSCF,SCSCF,A:SCSCF,MTAS,A:MTAS,SCSCF,A:SCSCF,GTW,A:MTAS,SCSCF,U:SCSCF,GTW,U:GTW,SCSCF,U-200:SCSCF,MTAS,U-200:MTAS,SCSCF,U:SCSCF,PCSCF,U:PCSCF,SCSCF,U-200:SCSCF,MTAS,U-200:GTW,SCSCF,B:MTAS,SCSCF,B:SCSCF,PCSCF,B:PCSCF,SCSCF,B-200:SCSCF,MTAS,B-200:SCSCF,GTW,B-200"
83,0,0,"PCSCF,SCSCF,I:SCSCF,ASLI,I:ASLI,SCSCF,T:SCSCF,PCSCF,T:ASLI,SCSCF,I-500:SCSCF,ASLI,A:MTAS,SCSCF,I:SCSCF,MTAS,T:SCSCF,GTW,I:GTW,SCSCF,T:GTW,SCSCF,I-200:SCSCF,MTAS,I-200:SCSCF,PCSCF,I-200:PCSCF,SCSCF,A:SCSCF,MTAS,A:MTAS,SCSCF,A:SCSCF,GTW,A:PCSCF,SCSCF,B:SCSCF,MTAS,B:MTAS,SCSCF,B:SCSCF,GTW,B:GTW,SCSCF,B-200:SCSCF,MTAS,B-200:MTAS,SCSCF,B-200:SCSCF,PCSCF,B-200"
84,0,0,"PCSCF,SCSCF,I:SCSCF,ASLI,I:SCSCF,PCSCF,T:ASLI,SCSCF,T:ASLI,SCSCF,I-500:SCSCF,ASLI,A:MTAS,SCSCF,I:SCSCF,MTAS,T:SCSCF,GTW,I:GTW,SCSCF,T:GTW,SCSCF,R:SCSCF,MTAS,R:SCSCF,PCSCF,R:PCSCF,SCSCF,P:MTAS,SCSCF,P:SCSCF,GTW,P:GTW,SCSCF,P-200:SCSCF,MTAS,P-200:SCSCF,PCSCF,P-200:GTW,SCSCF,I-200:SCSCF,MTAS,I-200:SCSCF,PCSCF,I-200:PCSCF,SCSCF,A:SCSCF,MTAS,A:MTAS,SCSCF,A:SCSCF,GTW,A:MTAS,SCSCF,U:SCSCF,GTW,U:GTW,SCSCF,U-200:SCSCF,MTAS,U-200:MTAS,SCSCF,U:SCSCF,PCSCF,U:PCSCF,SCSCF,U-200:SCSCF,MTAS,U-200:MTAS,SCSCF,U:SCSCF,GTW,U:GTW,SCSCF,U-200:SCSCF,MTAS,U-200:MTAS,SCSCF,U:SCSCF,PCSCF,U:PCSCF,SCSCF,U-200:SCSCF,MTAS,U-200:MTAS,SCSCF,U:SCSCF,GTW,U:GTW,SCSCF,U-200:SCSCF,MTAS,U-200:MTAS,SCSCF,U:SCSCF,PCSCF,U:PCSCF,SCSCF,U-200:SCSCF,MTAS,U-200:PCSCF,SCSCF,B:MTAS,SCSCF,B:SCSCF,GTW,B:GTW,SCSCF,B-200:SCSCF,MTAS,B-200:SCSCF,PCSCF,B-200"
85,0,0,"PCSCF,SCSCF,I:SCSCF,PCSCF,T:SCSCF,ASLI,I:ASLI,SCSCF,T:ASLI,SCSCF,I-500:SCSCF,ASLI,A:MTAS,SCSCF,I:SCSCF,MTAS,T:SCSCF,GTW,I:GTW,SCSCF,T:GTW,SCSCF,S:SCSCF,MTAS,S:SCSCF,PCSCF,S:PCSCF,SCSCF,P:MTAS,SCSCF,P:SCSCF,GTW,P:GTW,SCSCF,P-200:GTW,SCSCF,S:SCSCF,MTAS,P-200:SCSCF,MTAS,S:SCSCF,PCSCF,P-200:SCSCF,PCSCF,S:PCSCF,SCSCF,P:MTAS,SCSCF,P:SCSCF,GTW,P:GTW,SCSCF,P-200:SCSCF,MTAS,P-200:SCSCF,PCSCF,P-200:PCSCF,SCSCF,C:SCSCF,PCSCF,C-200:MTAS,SCSCF,C:SCSCF,MTAS,C-200:SCSCF,GTW,C:GTW,SCSCF,C-200:GTW,SCSCF,I-487:SCSCF,GTW,A:SCSCF,MTAS,I-487:MTAS,SCSCF,A:SCSCF,PCSCF,I-487:PCSCF,SCSCF,A"
86,0,0,"GTW,ICSCF,I:ICSCF,GTW,T:SCSCF,ASLI,I:ASLI,SCSCF,T:ASLI,SCSCF,I-500:SCSCF,ASLI,A:SCSCF,MTAS,I:MTAS,SCSCF,T:MTAS,SCSCF,I:SCSCF,MTAS,T:MTAS,SCSCF,W:ICSCF,GTW,W:SCSCF,GTW,I:GTW,SCSCF,T:GTW,SCSCF,I-486:SCSCF,GTW,A:SCSCF,MTAS,I-486:MTAS,SCSCF,A:MTAS,SCSCF,I-486:SCSCF,MTAS,A:ICSCF,GTW,I-486:GTW,ICSCF,A"
87,0,0,"GTW,ICSCF,I:ICSCF,GTW,T:SCSCF,ASLI,I:ASLI,SCSCF,T:ASLI,SCSCF,I-500:SCSCF,MTAS,I:MTAS,SCSCF,T:MTAS,SCSCF,I:SCSCF,MTAS,T:SCSCF,PCSCF,I:SCSCF,ASLI,A:PCSCF,SCSCF,T:PCSCF,SCSCF,I-200:SCSCF,MTAS,I-200:MTAS,SCSCF,I-200:ICSCF,GTW,I-200:GTW,SCSCF,A:SCSCF,MTAS,A:MTAS,SCSCF,A:SCSCF,PCSCF,A:GTW,SCSCF,B:SCSCF,MTAS,B:MTAS,SCSCF,B:SCSCF,PCSCF,B:PCSCF,SCSCF,B-200:SCSCF,MTAS,B-200:MTAS,SCSCF,B-200:SCSCF,GTW,B-200"
88,0,0,"PCSCF,SCSCF,I:SCSCF,ASLI,I:SCSCF,PCSCF,T:ASLI,SCSCF,T:ASLI,SCSCF,I-500:SCSCF,ASLI,A:MTAS,SCSCF,I:SCSCF,MTAS,T:SCSCF,GTW,I:GTW,SCSCF,T:GTW,SCSCF,S:SCSCF,MTAS,S:SCSCF,PCSCF,S:GTW,SCSCF,S:SCSCF,MTAS,S:SCSCF,PCSCF,S:PCSCF,SCSCF,P:MTAS,SCSCF,P:SCSCF,GTW,P:GTW,SCSCF,P-200:SCSCF,MTAS,P-200:SCSCF,PCSCF,P-200:GTW,SCSCF,R:SCSCF,MTAS,R:SCSCF,PCSCF,R:GTW,SCSCF,R:SCSCF,MTAS,R:PCSCF,SCSCF,P:MTAS,SCSCF,P:SCSCF,GTW,P:GTW,SCSCF,P-200:SCSCF,MTAS,P-200:SCSCF,PCSCF,P-200:GTW,SCSCF,I-200:SCSCF,MTAS,I-200:SCSCF,PCSCF,I-200:PCSCF,SCSCF,A:SCSCF,MTAS,A:MTAS,SCSCF,A:SCSCF,GTW,A:GTW,SCSCF,B:MTAS,SCSCF,B:SCSCF,PCSCF,B:PCSCF,SCSCF,B-200:SCSCF,MTAS,B-200:SCSCF,GTW,B-200"
89,0,0,"GTW,ICSCF,I:ICSCF,GTW,T:SCSCF,ASLI,I:ASLI,SCSCF,T:ASLI,SCSCF,I-500:SCSCF,ASLI,A:SCSCF,BCCAS,I:BCCAS,SCSCF,T:BCCAS,SCSCF,I:SCSCF,BCCAS,T:SCSCF,PCSCF,I:PCSCF,SCSCF,T:SCSCF,BCCAS,R:PCSCF,SCSCF,R:BCCAS,SCSCF,R:ICSCF,GTW,R:GTW,SCSCF,P:SCSCF,BCCAS,P:BCCAS,SCSCF,P:SCSCF,PCSCF,P:BCCAS,SCSCF,P-200:SCSCF,GTW,P-200:PCSCF,SCSCF,P-200:SCSCF,BCCAS,P-200:PCSCF,SCSCF,I-200:SCSCF,BCCAS,I-200:BCCAS,SCSCF,I-200:ICSCF,GTW,I-200:GTW,SCSCF,A:SCSCF,BCCAS,A:BCCAS,SCSCF,A:SCSCF,PCSCF,A:PCSCF,SCSCF,B:SCSCF,BCCAS,B:BCCAS,SCSCF,B:SCSCF,GTW,B:GTW,SCSCF,B-200:SCSCF,BCCAS,B-200:BCCAS,SCSCF,B-200:SCSCF,PCSCF,B-200"
90,0,0,"GTW,ICSCF,I:ICSCF,GTW,T:SCSCF,ASLI,I:ASLI,SCSCF,T:ASLI,SCSCF,I-500:SCSCF,ASLI,A:SCSCF,MTAS,I:MTAS,SCSCF,T:MTAS,SCSCF,I:SCSCF,MTAS,T:SCSCF,PCSCF,I:PCSCF,SCSCF,T:PCSCF,SCSCF,R:SCSCF,MTAS,R:MTAS,SCSCF,R:ICSCF,GTW,R:GTW,SCSCF,P:MTAS,SCSCF,P:SCSCF,MTAS,P:SCSCF,PCSCF,P:PCSCF,SCSCF,P-200:SCSCF,MTAS,P-200:MTAS,SCSCF,P-200:SCSCF,GTW,P-200:GTW,ICSCF,C:ICSCF,GTW,C-200:MTAS,SCSCF,C:SCSCF,MTAS,C:MTAS,SCSCF,C-200:SCSCF,MTAS,C-200:SCSCF,PCSCF,C:PCSCF,SCSCF,C-200:SCSCF,MTAS,I-487:MTAS,SCSCF,A:PCSCF,SCSCF,I-487:SCSCF,PCSCF,A:MTAS,SCSCF,I-487:SCSCF,MTAS,A:ICSCF,GTW,I-487:GTW,ICSCF,A"
91,0,0,"GTW,ICSCF,I:ICSCF,GTW,T:SCSCF,ASLI,I:ASLI,SCSCF,T:ASLI,SCSCF,I-500:SCSCF,ASLI,A:SCSCF,MTAS,I:MTAS,SCSCF,I:SCSCF,MTAS,T:MTAS,SCSCF,T:SCSCF,PCSCF,I:PCSCF,SCSCF,T:PCSCF,SCSCF,R:SCSCF,MTAS,R:MTAS,SCSCF,R:ICSCF,GTW,R:GTW,SCSCF,P:SCSCF,MTAS,P:MTAS,SCSCF,P:SCSCF,PCSCF,P:PCSCF,SCSCF,P-200:SCSCF,MTAS,P-200:MTAS,SCSCF,P-200:SCSCF,GTW,P-200:PCSCF,SCSCF,I-200:SCSCF,MTAS,I-200:MTAS,SCSCF,I-200:ICSCF,GTW,I-200:GTW,SCSCF,A:SCSCF,MTAS,A:MTAS,SCSCF,A:SCSCF,PCSCF,A:PCSCF,SCSCF,B:SCSCF,MTAS,B:MTAS,SCSCF,B:SCSCF,GTW,B:GTW,SCSCF,B-200:SCSCF,MTAS,B-200:MTAS,SCSCF,B-200:SCSCF,PCSCF,B-200"
92,0,0,"PCSCF,SCSCF,I:SCSCF,PCSCF,T:SCSCF,ASLI,I:ASLI,SCSCF,T:ASLI,SCSCF,I-500:SCSCF,ASLI,A:MTAS,SCSCF,I:SCSCF,MTAS,T:SCSCF,ASLI,I:ASLI,SCSCF,T:ASLI,SCSCF,I-500:SCSCF,ASLI,A:SCSCF,MTAS,I:MTAS,SCSCF,T:MTAS,SCSCF,I:SCSCF,MTAS,T:SCSCF,PCSCF,I:PCSCF,SCSCF,T:PCSCF,SCSCF,R:SCSCF,MTAS,R:MTAS,SCSCF,R:SCSCF,MTAS,R:SCSCF,PCSCF,R:PCSCF,SCSCF,P:MTAS,SCSCF,P:SCSCF,MTAS,P:MTAS,SCSCF,P:SCSCF,PCSCF,P:PCSCF,SCSCF,P-200:SCSCF,MTAS,P-200:MTAS,SCSCF,P-200:SCSCF,MTAS,P-200:SCSCF,PCSCF,P-200:PCSCF,SCSCF,I-200:SCSCF,MTAS,I-200:MTAS,SCSCF,I-200:SCSCF,MTAS,I-200:SCSCF,PCSCF,I-200:PCSCF,SCSCF,A:MTAS,SCSCF,A:SCSCF,MTAS,A:MTAS,SCSCF,A:SCSCF,PCSCF,A:MTAS,SCSCF,U:SCSCF,PCSCF,U:PCSCF,SCSCF,U-200:MTAS,SCSCF,U:SCSCF,MTAS,U-200:SCSCF,PCSCF,U:PCSCF,SCSCF,U-200:MTAS,SCSCF,U:SCSCF,MTAS,U-200:PCSCF,SCSCF,B:SCSCF,MTAS,B:MTAS,SCSCF,B:SCSCF,PCSCF,B:PCSCF,SCSCF,B-200:SCSCF,MTAS,B-200:MTAS,SCSCF,B-200:SCSCF,PCSCF,B-200"
93,0,0,"GTW,ICSCF,I:ICSCF,GTW,T:SCSCF,ASLI,I:ASLI,SCSCF,T:ASLI,SCSCF,I-500:SCSCF,ASLI,A:SCSCF,MTAS,I:MTAS,SCSCF,T:MTAS,SCSCF,I:SCSCF,MTAS,T:SCSCF,PCSCF,I:PCSCF,SCSCF,T:PCSCF,SCSCF,R:SCSCF,MTAS,R:MTAS,SCSCF,R:ICSCF,GTW,R:GTW,SCSCF,P:SCSCF,MTAS,P:MTAS,SCSCF,P:SCSCF,PCSCF,P:PCSCF,SCSCF,P-200:SCSCF,MTAS,P-200:MTAS,SCSCF,P-200:SCSCF,GTW,P-200:PCSCF,SCSCF,I-200:SCSCF,MTAS,I-200:MTAS,SCSCF,I-200:ICSCF,GTW,I-200:GTW,SCSCF,A:SCSCF,MTAS,A:MTAS,SCSCF,A:SCSCF,PCSCF,A:MTAS,SCSCF,U:SCSCF,PCSCF,U:PCSCF,SCSCF,U-200:SCSCF,MTAS,U-200:MTAS,SCSCF,U:SCSCF,GTW,U:GTW,SCSCF,U-200:SCSCF,MTAS,U-200:MTAS,SCSCF,U:SCSCF,PCSCF,U:PCSCF,SCSCF,U-200:SCSCF,MTAS,U-200:MTAS,SCSCF,U:SCSCF,GTW,U:GTW,SCSCF,U-200:SCSCF,MTAS,U-200:MTAS,SCSCF,U:SCSCF,PCSCF,U:SCSCF,GTW,U:GTW,SCSCF,U-200:SCSCF,MTAS,U-200:PCSCF,SCSCF,U-200:SCSCF,MTAS,U-200:PCSCF,SCSCF,B:SCSCF,MTAS,B:MTAS,SCSCF,B:SCSCF,GTW,B:GTW,SCSCF,B-200:SCSCF,MTAS,B-200:MTAS,SCSCF,B-200:SCSCF,PCSCF,B-200"
94,0,0,"PCSCF,SCSCF,I:SCSCF,PCSCF,T:SCSCF,PCSCF,I-407:PCSCF,SCSCF,A:PCSCF,SCSCF,I:SCSCF,PCSCF,T:SCSCF,ASLI,I:ASLI,SCSCF,T:ASLI,SCSCF,I-500:SCSCF,ASLI,A:MTAS,SCSCF,I:SCSCF,MTAS,T:SCSCF,GTW,I:GTW,SCSCF,T:GTW,SCSCF,I-486:SCSCF,GTW,A:SCSCF,MTAS,I-486:MTAS,SCSCF,A:SCSCF,PCSCF,I-486:PCSCF,SCSCF,A"
95,0,0,"PCSCF,SCSCF,I:SCSCF,ASLI,I:SCSCF,PCSCF,T:ASLI,SCSCF,T:ASLI,SCSCF,I-500:SCSCF,ASLI,A:MTAS,SCSCF,I:SCSCF,MTAS,T:SCSCF,ASLI,I:ASLI,SCSCF,T:ASLI,SCSCF,I-500:SCSCF,ASLI,A:SCSCF,MTAS,I:MTAS,SCSCF,T:MTAS,SCSCF,I:SCSCF,MTAS,T:SCSCF,PCSCF,I:PCSCF,SCSCF,T:PCSCF,SCSCF,R:SCSCF,MTAS,R:MTAS,SCSCF,R:SCSCF,MTAS,R:SCSCF,PCSCF,R:PCSCF,SCSCF,P:MTAS,SCSCF,P:SCSCF,MTAS,P:MTAS,SCSCF,P:SCSCF,PCSCF,P:PCSCF,SCSCF,P-200:SCSCF,MTAS,P-200:MTAS,SCSCF,P-200:SCSCF,MTAS,P-200:SCSCF,PCSCF,P-200:PCSCF,SCSCF,I-200:SCSCF,MTAS,I-200:MTAS,SCSCF,I-200:SCSCF,MTAS,I-200:SCSCF,PCSCF,I-200:PCSCF,SCSCF,A:MTAS,SCSCF,A:SCSCF,MTAS,A:MTAS,SCSCF,A:SCSCF,PCSCF,A:MTAS,SCSCF,U:SCSCF,PCSCF,U:SCSCF,MTAS,U-200:PCSCF,SCSCF,U-200:SCSCF,MTAS,U-200:PCSCF,SCSCF,B:SCSCF,MTAS,B:MTAS,SCSCF,B:PCSCF,SCSCF,B:SCSCF,PCSCF,B:SCSCF,PCSCF,B-200:PCSCF,SCSCF,B-200:SCSCF,MTAS,B-200:MTAS,SCSCF,B-200:SCSCF,PCSCF,B-200"
96,0,0,"PCSCF,SCSCF,I:SCSCF,PCSCF,T:SCSCF,ASLI,I:ASLI,SCSCF,T:ASLI,SCSCF,I-500:SCSCF,ASLI,A:MTAS,SCSCF,I:SCSCF,MTAS,T:SCSCF,GTW,I:GTW,SCSCF,T:GTW,SCSCF,R:SCSCF,MTAS,R:SCSCF,PCSCF,R:PCSCF,SCSCF,P:SCSCF,MTAS,P:MTAS,SCSCF,P:SCSCF,GTW,P:GTW,SCSCF,P-200:SCSCF,MTAS,P-200:MTAS,SCSCF,P-200:SCSCF,PCSCF,P-200:GTW,SCSCF,I-200:SCSCF,MTAS,I-200:SCSCF,PCSCF,I-200:PCSCF,SCSCF,A:SCSCF,MTAS,A:MTAS,SCSCF,A:SCSCF,GTW,A:MTAS,SCSCF,U:SCSCF,GTW,U:GTW,SCSCF,U-200:SCSCF,MTAS,U-200:SCSCF,PCSCF,U:PCSCF,SCSCF,U-200:SCSCF,MTAS,U-200:PCSCF,SCSCF,B:SCSCF,MTAS,B:MTAS,SCSCF,B:SCSCF,GTW,B:GTW,SCSCF,B-200:SCSCF,MTAS,B-200:MTAS,SCSCF,B-200:SCSCF,PCSCF,B-200"
97,0,0,"PCSCF,SCSCF,I:SCSCF,ASLI,I:ASLI,SCSCF,T:ASLI,SCSCF,I-500:SCSCF,ASLI,A:MTAS,SCSCF,I:SCSCF,MTAS,T:SCSCF,GTW,I:GTW,SCSCF,T:SCSCF,PCSCF,T:GTW,SCSCF,S:SCSCF,MTAS,S:SCSCF,PCSCF,S:PCSCF,SCSCF,P:SCSCF,MTAS,P:MTAS,SCSCF,P:SCSCF,GTW,P:GTW,SCSCF,P-200:SCSCF,MTAS,P-200:MTAS,SCSCF,P-200:SCSCF,PCSCF,P-200:GTW,SCSCF,R:SCSCF,MTAS,R:SCSCF,PCSCF,R:PCSCF,SCSCF,P:SCSCF,MTAS,P:MTAS,SCSCF,P:SCSCF,GTW,P:GTW,SCSCF,P-200:SCSCF,MTAS,P-200:MTAS,SCSCF,P-200:SCSCF,PCSCF,P-200:GTW,SCSCF,I-480:SCSCF,GTW,A:SCSCF,MTAS,I-480:MTAS,SCSCF,A:SCSCF,PCSCF,I-480:PCSCF,SCSCF,A"
98,0,0,"GTW,ICSCF,I:ICSCF,GTW,T:SCSCF,ASLI,I:ASLI,SCSCF,T:ASLI,SCSCF,I-500:SCSCF,MTAS,I:MTAS,SCSCF,I:SCSCF,MTAS,T:SCSCF,PCSCF,I:MTAS,SCSCF,T:SCSCF,ASLI,A:PCSCF,SCSCF,T:PCSCF,SCSCF,I-486:SCSCF,PCSCF,A:SCSCF,MTAS,I-486:MTAS,SCSCF,A:MTAS,SCSCF,I-486:ICSCF,GTW,I-486:SCSCF,MTAS,A:GTW,ICSCF,A"
99,0,0,"GTW,ICSCF,I:ICSCF,GTW,T:SCSCF,ASLI,I:ASLI,SCSCF,T:ASLI,SCSCF,I-500:SCSCF,ASLI,A:SCSCF,MTAS,I:MTAS,SCSCF,T:MTAS,SCSCF,I:SCSCF,MTAS,T:SCSCF,PCSCF,I:PCSCF,SCSCF,T:PCSCF,SCSCF,R:SCSCF,MTAS,R:MTAS,SCSCF,R:ICSCF,GTW,R:GTW,SCSCF,P:SCSCF,MTAS,P:MTAS,SCSCF,P:SCSCF,PCSCF,P:PCSCF,SCSCF,P-200:SCSCF,MTAS,P-200:MTAS,SCSCF,P-200:SCSCF,GTW,P-200:GTW,ICSCF,C:ICSCF,GTW,C-200:SCSCF,MTAS,C:MTAS,SCSCF,C-200:MTAS,SCSCF,C:SCSCF,MTAS,C-200:SCSCF,PCSCF,C:PCSCF,SCSCF,C-200:PCSCF,SCSCF,I-487:SCSCF,PCSCF,A:SCSCF,MTAS,I-487:MTAS,SCSCF,A:MTAS,SCSCF,I-487:SCSCF,MTAS,A:ICSCF,GTW,I-487:GTW,ICSCF,A"
100,0,0,"GTW,ICSCF,I:ICSCF,GTW,T:SCSCF,ASLI,I:ASLI,SCSCF,T:ASLI,SCSCF,I-500:SCSCF,ASLI,A:SCSCF,MTAS,I:MTAS,SCSCF,T:MTAS,SCSCF,I:SCSCF,MTAS,T:SCSCF,GTW,I:GTW,SCSCF,T:MTAS,SCSCF,W:ICSCF,GTW,W:GTW,SCSCF,S:SCSCF,MTAS,S:MTAS,SCSCF,S:ICSCF,GTW,S:GTW,SCSCF,P:SCSCF,MTAS,P:MTAS,SCSCF,P:SCSCF,GTW,P:GTW,SCSCF,P-200:SCSCF,MTAS,P-200:MTAS,SCSCF,P-200:SCSCF,GTW,P-200:GTW,SCSCF,R:SCSCF,MTAS,R:MTAS,SCSCF,R:ICSCF,GTW,R:GTW,SCSCF,P:SCSCF,MTAS,P:MTAS,SCSCF,P:SCSCF,GTW,P:GTW,SCSCF,P-200:SCSCF,MTAS,P-200:MTAS,SCSCF,P-200:SCSCF,GTW,P-200:GTW,ICSCF,C:ICSCF,GTW,C-200:SCSCF,MTAS,C:MTAS,SCSCF,C-200:MTAS,SCSCF,I-487:MTAS,SCSCF,C:SCSCF,MTAS,A:ICSCF,GTW,I-487:SCSCF,MTAS,C-200:SCSCF,GTW,C:GTW,SCSCF,C-200:GTW,ICSCF,A:GTW,SCSCF,I-487:SCSCF,GTW,A:SCSCF,MTAS,I-487:MTAS,SCSCF,A"
101,0,0,"PCSCF,SCSCF,I:SCSCF,PCSCF,T:SCSCF,PCSCF,I-407:PCSCF,SCSCF,A:PCSCF,SCSCF,I:SCSCF,PCSCF,T:SCSCF,ASLI,I:ASLI,SCSCF,T:ASLI,SCSCF,I-500:SCSCF,ASLI,A:MTAS,SCSCF,I:SCSCF,MTAS,T:SCSCF,GTW,I:GTW,SCSCF,T:GTW,SCSCF,R:SCSCF,MTAS,R:SCSCF,PCSCF,R:PCSCF,SCSCF,P:SCSCF,MTAS,P:MTAS,SCSCF,P:SCSCF,GTW,P:GTW,SCSCF,P-200:SCSCF,MTAS,P-200:MTAS,SCSCF,P-200:SCSCF,PCSCF,P-200:GTW,SCSCF,R:SCSCF,MTAS,R:SCSCF,PCSCF,R:PCSCF,SCSCF,P:SCSCF,MTAS,P:MTAS,SCSCF,P:SCSCF,GTW,P:GTW,SCSCF,P-200:SCSCF,MTAS,P-200:MTAS,SCSCF,P-200:SCSCF,PCSCF,P-200:PCSCF,SCSCF,C:SCSCF,PCSCF,C-200:MTAS,SCSCF,C:SCSCF,MTAS,C-200:SCSCF,GTW,C:GTW,SCSCF,C-200:GTW,SCSCF,I-487:SCSCF,GTW,A:SCSCF,MTAS,I-487:MTAS,SCSCF,A:SCSCF,PCSCF,I-487:PCSCF,SCSCF,A"
102,0,0,"PCSCF,SCSCF,I:SCSCF,ASLI,I:ASLI,SCSCF,T:ASLI,SCSCF,I-500:SCSCF,ASLI,A:MTAS,SCSCF,I:SCSCF,MTAS,T:SCSCF,GTW,I:SCSCF,PCSCF,T:GTW,SCSCF,T:GTW,SCSCF,S:SCSCF,MTAS,S:SCSCF,PCSCF,S:PCSCF,SCSCF,P:SCSCF,MTAS,P:MTAS,SCSCF,P:SCSCF,MTAS,P-200:SCSCF,GTW,P:GTW,SCSCF,P-200:MTAS,SCSCF,P-200:SCSCF,PCSCF,P-200:GTW,SCSCF,R:SCSCF,MTAS,R:SCSCF,PCSCF,R:PCSCF,SCSCF,P:SCSCF,MTAS,P:MTAS,SCSCF,P:SCSCF,GTW,P:GTW,SCSCF,P-200:SCSCF,MTAS,P-200:MTAS,SCSCF,P-200:SCSCF,PCSCF,P-200:GTW,SCSCF,I-200:SCSCF,MTAS,I-200:SCSCF,PCSCF,I-200:PCSCF,SCSCF,A:SCSCF,MTAS,A:MTAS,SCSCF,A:SCSCF,GTW,A:GTW,SCSCF,B:MTAS,SCSCF,B:SCSCF,PCSCF,B:PCSCF,SCSCF,B-200:SCSCF,MTAS,B-200:SCSCF,GTW,B-200"
103,0,0,"PCSCF,SCSCF,I:SCSCF,PCSCF,T:SCSCF,PCSCF,I-407:PCSCF,SCSCF,A:PCSCF,SCSCF,I:SCSCF,PCSCF,T:SCSCF,ASLI,I:ASLI,SCSCF,T:ASLI,SCSCF,I-500:SCSCF,ASLI,A:MTAS,SCSCF,I:SCSCF,MTAS,T:SCSCF,GTW,I:GTW,SCSCF,T:GTW,SCSCF,S:SCSCF,MTAS,S:SCSCF,PCSCF,S:PCSCF,SCSCF,P:SCSCF,MTAS,P:MTAS,SCSCF,P:SCSCF,GTW,P:GTW,SCSCF,P-200:GTW,SCSCF,R:SCSCF,MTAS,P-200:SCSCF,MTAS,R:MTAS,SCSCF,P-200:SCSCF,PCSCF,P-200:SCSCF,PCSCF,R:PCSCF,SCSCF,P:SCSCF,MTAS,P:MTAS,SCSCF,P:SCSCF,GTW,P:GTW,SCSCF,P-200:SCSCF,MTAS,P-200:MTAS,SCSCF,P-200:SCSCF,PCSCF,P-200:GTW,SCSCF,I-200:SCSCF,MTAS,I-200:SCSCF,PCSCF,I-200:PCSCF,SCSCF,A:SCSCF,MTAS,A:MTAS,SCSCF,A:SCSCF,GTW,A:PCSCF,SCSCF,I:SCSCF,PCSCF,T:MTAS,SCSCF,I:SCSCF,MTAS,T:SCSCF,GTW,I:GTW,SCSCF,T:GTW,SCSCF,I-200:SCSCF,MTAS,I-200:SCSCF,PCSCF,I-200:PCSCF,SCSCF,A:SCSCF,MTAS,A:MTAS,SCSCF,A:SCSCF,GTW,A:PCSCF,SCSCF,B:SCSCF,MTAS,B:MTAS,SCSCF,B:SCSCF,GTW,B:GTW,SCSCF,B-200:SCSCF,MTAS,B-200:MTAS,SCSCF,B-200:SCSCF,PCSCF,B-200"
104,0,0,"GTW,ICSCF,I:ICSCF,GTW,T:SCSCF,ASLI,I:ASLI,SCSCF,T:ASLI,SCSCF,I-500:SCSCF,ASLI,A:SCSCF,MTAS,I:MTAS,SCSCF,T:MTAS,SCSCF,I:SCSCF,MTAS,T:SCSCF,PCSCF,I:PCSCF,SCSCF,T:PCSCF,SCSCF,R:SCSCF,MTAS,R:MTAS,SCSCF,R:ICSCF,GTW,R:GTW,SCSCF,P:SCSCF,MTAS,P:MTAS,SCSCF,P:SCSCF,PCSCF,P:PCSCF,SCSCF,P-200:SCSCF,MTAS,P-200:MTAS,SCSCF,P-200:SCSCF,GTW,P-200:PCSCF,SCSCF,I-200:SCSCF,MTAS,I-200:MTAS,SCSCF,I-200:ICSCF,GTW,I-200:GTW,SCSCF,A:SCSCF,MTAS,A:MTAS,SCSCF,A:SCSCF,PCSCF,A:MTAS,SCSCF,U:SCSCF,PCSCF,U:SCSCF,GTW,U:GTW,SCSCF,U-200:SCSCF,MTAS,U-200:PCSCF,SCSCF,U-200:SCSCF,MTAS,U-200:MTAS,SCSCF,U:SCSCF,GTW,U:GTW,SCSCF,U-200:SCSCF,MTAS,U-200:SCSCF,PCSCF,U:PCSCF,SCSCF,U-200:SCSCF,MTAS,U-200:PCSCF,SCSCF,B:SCSCF,MTAS,B:MTAS,SCSCF,B:SCSCF,GTW,B:GTW,SCSCF,B-200:SCSCF,MTAS,B-200:MTAS,SCSCF,B-200:SCSCF,PCSCF,B-200"
105,0,0,"GTW,ICSCF,I:ICSCF,GTW,T:SCSCF,ASLI,I:ASLI,SCSCF,T:ASLI,SCSCF,I-500:SCSCF,MTAS,I:SCSCF,ASLI,A:MTAS,SCSCF,I:SCSCF,MTAS,T:SCSCF,PCSCF,I:PCSCF,SCSCF,T:MTAS,SCSCF,T:PCSCF,SCSCF,R:SCSCF,MTAS,R:MTAS,SCSCF,R:ICSCF,GTW,R:GTW,SCSCF,P:SCSCF,MTAS,P:MTAS,SCSCF,P:SCSCF,PCSCF,P:PCSCF,SCSCF,P-200:SCSCF,MTAS,P-200:MTAS,SCSCF,P-200:SCSCF,GTW,P-200:GTW,ICSCF,C:ICSCF,GTW,C-200:SCSCF,MTAS,C:MTAS,SCSCF,C-200:MTAS,SCSCF,C:SCSCF,MTAS,C-200:SCSCF,PCSCF,C:PCSCF,SCSCF,C-200:PCSCF,SCSCF,I-487:SCSCF,MTAS,I-487:MTAS,SCSCF,I-487:MTAS,SCSCF,A:SCSCF,MTAS,A:ICSCF,GTW,I-487:GTW,ICSCF,A:SCSCF,PCSCF,A"
106,0,0,"GTW,ICSCF,I:ICSCF,GTW,T:SCSCF,ASLI,I:ASLI,SCSCF,T:ASLI,SCSCF,I-500:SCSCF,ASLI,A:SCSCF,MTAS,I:MTAS,SCSCF,T:MTAS,SCSCF,I:SCSCF,MTAS,T:SCSCF,PCSCF,I:PCSCF,SCSCF,T:PCSCF,SCSCF,R:SCSCF,MTAS,R:MTAS,SCSCF,R:ICSCF,GTW,R:GTW,SCSCF,P:SCSCF,MTAS,P:MTAS,SCSCF,P:SCSCF,PCSCF,P:PCSCF,SCSCF,P-200:SCSCF,MTAS,P-200:MTAS,SCSCF,P-200:SCSCF,GTW,P-200:PCSCF,SCSCF,I-200:SCSCF,MTAS,I-200:MTAS,SCSCF,I-200:ICSCF,GTW,I-200:GTW,SCSCF,A:SCSCF,MTAS,A:MTAS,SCSCF,A:SCSCF,PCSCF,A:GTW,SCSCF,B:SCSCF,MTAS,B:PCSCF,SCSCF,B:SCSCF,MTAS,B:MTAS,SCSCF,B:MTAS,SCSCF,B-200:SCSCF,PCSCF,B:SCSCF,PCSCF,B-200:PCSCF,SCSCF,B-200:SCSCF,MTAS,B-200:MTAS,SCSCF,B-200:SCSCF,GTW,B-200"
107,0,0,"PCSCF,SCSCF,I:SCSCF,ASLI,I:ASLI,SCSCF,T:ASLI,SCSCF,I-500:SCSCF,ASLI,A:SCSCF,PCSCF,T:MTAS,SCSCF,I:SCSCF,MTAS,T:SCSCF,GTW,I:GTW,SCSCF,T:GTW,SCSCF,S:SCSCF,MTAS,S:SCSCF,PCSCF,S:PCSCF,SCSCF,P:MTAS,SCSCF,P:SCSCF,GTW,P:GTW,SCSCF,P-200:GTW,SCSCF,S:SCSCF,MTAS,S:SCSCF,MTAS,P-200:SCSCF,PCSCF,P-200:SCSCF,PCSCF,S:PCSCF,SCSCF,P:MTAS,SCSCF,P:SCSCF,GTW,P:GTW,SCSCF,P-200:SCSCF,MTAS,P-200:SCSCF,PCSCF,P-200:GTW,SCSCF,I-200:SCSCF,MTAS,I-200:SCSCF,PCSCF,I-200:PCSCF,SCSCF,A:SCSCF,MTAS,A:MTAS,SCSCF,A:SCSCF,GTW,A:PCSCF,SCSCF,B:MTAS,SCSCF,B:SCSCF,GTW,B:GTW,SCSCF,B-200:SCSCF,MTAS,B-200:SCSCF,PCSCF,B-200"
108,0,0,"PCSCF,SCSCF,I:SCSCF,ASLI,I:ASLI,SCSCF,T:ASLI,SCSCF,I-500:SCSCF,PCSCF,T:MTAS,SCSCF,I:SCSCF,MTAS,T:SCSCF,ASLI,A:SCSCF,GTW,I:GTW,SCSCF,T:GTW,SCSCF,S:SCSCF,MTAS,S:SCSCF,PCSCF,S:PCSCF,SCSCF,P:MTAS,SCSCF,P:SCSCF,GTW,P:GTW,SCSCF,P-200:SCSCF,MTAS,P-200:SCSCF,PCSCF,P-200:GTW,SCSCF,R:SCSCF,MTAS,R:SCSCF,PCSCF,R:PCSCF,SCSCF,P:MTAS,SCSCF,P:SCSCF,GTW,P:GTW,SCSCF,P-200:SCSCF,MTAS,P-200:SCSCF,PCSCF,P-200:PCSCF,SCSCF,C:SCSCF,PCSCF,C-200:MTAS,SCSCF,C:SCSCF,MTAS,C-200:SCSCF,GTW,C:GTW,SCSCF,C-200:GTW,SCSCF,I-487:SCSCF,GTW,A:SCSCF,MTAS,I-487:MTAS,SCSCF,A:SCSCF,PCSCF,I-487:PCSCF,SCSCF,A"
109,0,0,"GTW,ICSCF,I:ICSCF,GTW,T:SCSCF,ASLI,I:ASLI,SCSCF,T:ASLI,SCSCF,I-500:SCSCF,ASLI,A:SCSCF,MTAS,I:MTAS,SCSCF,T:MTAS,SCSCF,I:SCSCF,MTAS,T:SCSCF,PCSCF,I:PCSCF,SCSCF,T:PCSCF,SCSCF,R:SCSCF,MTAS,R:MTAS,SCSCF,R:ICSCF,GTW,R:GTW,SCSCF,P:SCSCF,MTAS,P:MTAS,SCSCF,P:SCSCF,PCSCF,P:SCSCF,MTAS,P-200:MTAS,SCSCF,P-200:SCSCF,GTW,P-200:PCSCF,SCSCF,P-200:SCSCF,MTAS,I-200:MTAS,SCSCF,I-200:PCSCF,SCSCF,I-200:ICSCF,GTW,I-200:GTW,SCSCF,A:SCSCF,MTAS,A:MTAS,SCSCF,A:SCSCF,PCSCF,A:GTW,SCSCF,B:SCSCF,MTAS,B:MTAS,SCSCF,B:SCSCF,PCSCF,B:PCSCF,SCSCF,B-200:SCSCF,MTAS,B-200:MTAS,SCSCF,B-200:SCSCF,GTW,B-200"
110,0,0,"GTW,ICSCF,I:ICSCF,GTW,T:SCSCF,ASLI,I:ASLI,SCSCF,T:ASLI,SCSCF,I-500:SCSCF,ASLI,A:SCSCF,MTAS,I:MTAS,SCSCF,T:MTAS,SCSCF,I:SCSCF,MTAS,T:SCSCF,PCSCF,I:PCSCF,SCSCF,T:PCSCF,SCSCF,R:SCSCF,MTAS,R:MTAS,SCSCF,R:ICSCF,GTW,R:GTW,SCSCF,P:SCSCF,MTAS,P:MTAS,SCSCF,P:SCSCF,PCSCF,P:PCSCF,SCSCF,P-200:SCSCF,MTAS,P-200:MTAS,SCSCF,P-200:SCSCF,GTW,P-200:PCSCF,SCSCF,I-200:SCSCF,MTAS,I-200:MTAS,SCSCF,I-200:ICSCF,GTW,I-200:GTW,SCSCF,A:SCSCF,MTAS,A:MTAS,SCSCF,A:SCSCF,PCSCF,A:MTAS,SCSCF,U:SCSCF,PCSCF,U:SCSCF,GTW,U:GTW,SCSCF,U-200:SCSCF,MTAS,U-200:PCSCF,SCSCF,U-200:SCSCF,MTAS,U-200:MTAS,SCSCF,U:SCSCF,GTW,U:GTW,SCSCF,U-200:SCSCF,MTAS,U-200:MTAS,SCSCF,U:SCSCF,PCSCF,U:PCSCF,SCSCF,U-200:SCSCF,MTAS,U-200:MTAS,SCSCF,U:SCSCF,GTW,U:GTW,SCSCF,U-200:SCSCF,MTAS,U-200:MTAS,SCSCF,U:SCSCF,PCSCF,U:PCSCF,SCSCF,U-200:SCSCF,MTAS,U-200:GTW,SCSCF,B:SCSCF,MTAS,B:MTAS,SCSCF,B:SCSCF,PCSCF,B:PCSCF,SCSCF,B-200:SCSCF,MTAS,B-200:MTAS,SCSCF,B-200:SCSCF,GTW,B-200"
111,0,0,"GTW,ICSCF,I:ICSCF,GTW,T:SCSCF,ASLI,I:ASLI,SCSCF,T:ASLI,SCSCF,I-500:SCSCF,ASLI,A:SCSCF,MTAS,I:MTAS,SCSCF,T:MTAS,SCSCF,I:SCSCF,MTAS,T:SCSCF,PCSCF,I:PCSCF,SCSCF,T:PCSCF,SCSCF,R:SCSCF,MTAS,R:MTAS,SCSCF,R:ICSCF,GTW,R:GTW,SCSCF,P:SCSCF,MTAS,P:MTAS,SCSCF,P:SCSCF,PCSCF,P:PCSCF,SCSCF,P-200:SCSCF,MTAS,P-200:MTAS,SCSCF,P-200:SCSCF,GTW,P-200:PCSCF,SCSCF,I-200:SCSCF,MTAS,I-200:MTAS,SCSCF,I-200:ICSCF,GTW,I-200:GTW,SCSCF,A:SCSCF,MTAS,A:MTAS,SCSCF,A:SCSCF,PCSCF,A:MTAS,SCSCF,U:SCSCF,PCSCF,U:PCSCF,SCSCF,U-200:MTAS,SCSCF,U:SCSCF,MTAS,U-200:SCSCF,GTW,U:GTW,SCSCF,U-200:SCSCF,MTAS,U-200:MTAS,SCSCF,U:SCSCF,PCSCF,U:SCSCF,GTW,U:GTW,SCSCF,U-200:SCSCF,MTAS,U-200:PCSCF,SCSCF,U-200:SCSCF,MTAS,U-200:MTAS,SCSCF,U:SCSCF,GTW,U:GTW,SCSCF,U-200:SCSCF,MTAS,U-200:MTAS,SCSCF,U:SCSCF,PCSCF,U:PCSCF,SCSCF,U-200:SCSCF,MTAS,U-200:MTAS,SCSCF,U:SCSCF,GTW,U:GTW,SCSCF,U-200:SCSCF,MTAS,U-200:MTAS,SCSCF,U:SCSCF,PCSCF,U:PCSCF,SCSCF,U-200:SCSCF,MTAS,U-200:MTAS,SCSCF,U:SCSCF,GTW,U:GTW,SCSCF,U-200:SCSCF,MTAS,U-200:MTAS,SCSCF,U:SCSCF,PCSCF,U:PCSCF,SCSCF,U-200:SCSCF,MTAS,U-200:PCSCF,SCSCF,B:SCSCF,MTAS,B:MTAS,SCSCF,B:SCSCF,GTW,B:GTW,SCSCF,B-200:SCSCF,MTAS,B-200:MTAS,SCSCF,B-200:SCSCF,PCSCF,B-200"
112,0,0,"GTW,ICSCF,I:ICSCF,GTW,T:SCSCF,ASLI,I:ASLI,SCSCF,T:ASLI,SCSCF,I-500:SCSCF,MTAS,I:SCSCF,ASLI,A:MTAS,SCSCF,T:MTAS,SCSCF,W:ICSCF,GTW,W:MTAS,SCSCF,I:SCSCF,MTAS,T:SCSCF,GTW,I:GTW,SCSCF,T:GTW,SCSCF,S:SCSCF,MTAS,S:MTAS,SCSCF,S:ICSCF,GTW,S:GTW,SCSCF,P:SCSCF,MTAS,P:MTAS,SCSCF,P:SCSCF,GTW,P:GTW,SCSCF,P-200:SCSCF,MTAS,P-200:GTW,SCSCF,S:MTAS,SCSCF,P-200:SCSCF,MTAS,S:MTAS,SCSCF,S:SCSCF,GTW,P-200:ICSCF,GTW,S:GTW,SCSCF,P:SCSCF,MTAS,P:MTAS,SCSCF,P:SCSCF,GTW,P:GTW,SCSCF,P-200:GTW,SCSCF,S:SCSCF,MTAS,P-200:SCSCF,MTAS,S:MTAS,SCSCF,P-200:SCSCF,GTW,P-200:MTAS,SCSCF,S:ICSCF,GTW,S:GTW,SCSCF,P:SCSCF,MTAS,P:MTAS,SCSCF,P:SCSCF,GTW,P:GTW,SCSCF,P-200:SCSCF,MTAS,P-200:MTAS,SCSCF,P-200:SCSCF,GTW,P-200:GTW,SCSCF,R:SCSCF,MTAS,R:MTAS,SCSCF,R:ICSCF,GTW,R:GTW,SCSCF,P:SCSCF,MTAS,P:MTAS,SCSCF,P:SCSCF,GTW,P:GTW,SCSCF,P-200:SCSCF,MTAS,P-200:MTAS,SCSCF,P-200:SCSCF,GTW,P-200:GTW,ICSCF,C:ICSCF,GTW,C-200:SCSCF,MTAS,C:MTAS,SCSCF,C-200:MTAS,SCSCF,C:SCSCF,MTAS,C-200:SCSCF,GTW,C:MTAS,SCSCF,I-487:SCSCF,MTAS,A:ICSCF,GTW,I-487:GTW,SCSCF,C-200:GTW,ICSCF,A:GTW,SCSCF,I-487:SCSCF,GTW,A:SCSCF,MTAS,I-487:MTAS,SCSCF,A"
113,0,0,"GTW,ICSCF,I:ICSCF,GTW,T:SCSCF,ASLI,I:ASLI,SCSCF,T:ASLI,SCSCF,I-500:SCSCF,MTAS,I:MTAS,SCSCF,T:MTAS,SCSCF,I:SCSCF,MTAS,T:SCSCF,PCSCF,I:PCSCF,SCSCF,T:SCSCF,ASLI,A:PCSCF,SCSCF,R:SCSCF,MTAS,R:MTAS,SCSCF,R:ICSCF,GTW,R:GTW,SCSCF,P:SCSCF,MTAS,P:MTAS,SCSCF,P:SCSCF,PCSCF,P:PCSCF,SCSCF,P-200:SCSCF,MTAS,P-200:MTAS,SCSCF,P-200:SCSCF,GTW,P-200:PCSCF,SCSCF,I-200:SCSCF,MTAS,I-200:MTAS,SCSCF,I-200:ICSCF,GTW,I-200:GTW,SCSCF,A:SCSCF,MTAS,A:MTAS,SCSCF,A:SCSCF,PCSCF,A:MTAS,SCSCF,U:SCSCF,GTW,U:GTW,SCSCF,U-200:SCSCF,MTAS,U-200:SCSCF,PCSCF,U:PCSCF,SCSCF,U-200:SCSCF,MTAS,U-200:PCSCF,SCSCF,B:SCSCF,MTAS,B:MTAS,SCSCF,B:SCSCF,GTW,B:GTW,SCSCF,B-200:SCSCF,MTAS,B-200:MTAS,SCSCF,B-200:SCSCF,PCSCF,B-200"
114,0,0,"PCSCF,SCSCF,I:SCSCF,PCSCF,T:SCSCF,PCSCF,I-407:PCSCF,SCSCF,A:PCSCF,SCSCF,I:SCSCF,ASLI,I:ASLI,SCSCF,T:ASLI,SCSCF,I-500:SCSCF,ASLI,A:MTAS,SCSCF,I:SCSCF,MTAS,T:SCSCF,GTW,I:GTW,SCSCF,T:SCSCF,PCSCF,T:GTW,SCSCF,R:SCSCF,MTAS,R:SCSCF,PCSCF,R:PCSCF,SCSCF,P:MTAS,SCSCF,P:SCSCF,GTW,P:GTW,SCSCF,P-200:SCSCF,MTAS,P-200:SCSCF,PCSCF,P-200:GTW,SCSCF,I-200:SCSCF,MTAS,I-200:SCSCF,PCSCF,I-200:PCSCF,SCSCF,A:SCSCF,MTAS,A:MTAS,SCSCF,A:SCSCF,GTW,A:MTAS,SCSCF,U:SCSCF,GTW,U:GTW,SCSCF,U-200:SCSCF,MTAS,U-200:MTAS,SCSCF,U:SCSCF,PCSCF,U:PCSCF,SCSCF,U-200:SCSCF,MTAS,U-200:PCSCF,SCSCF,B:MTAS,SCSCF,B:SCSCF,GTW,B:GTW,SCSCF,B-200:SCSCF,MTAS,B-200:SCSCF,PCSCF,B-200"
115,0,0,"PCSCF,SCSCF,I:SCSCF,ASLI,I:ASLI,SCSCF,T:ASLI,SCSCF,I-500:SCSCF,ASLI,A:MTAS,SCSCF,I:SCSCF,MTAS,T:SCSCF,GTW,I:GTW,SCSCF,T:SCSCF,PCSCF,T:GTW,SCSCF,S:SCSCF,MTAS,S:SCSCF,PCSCF,S:PCSCF,SCSCF,P:MTAS,SCSCF,P:SCSCF,GTW,P:GTW,SCSCF,P-200:SCSCF,MTAS,P-200:SCSCF,PCSCF,P-200:GTW,SCSCF,R:SCSCF,MTAS,R:SCSCF,PCSCF,R:PCSCF,SCSCF,P:MTAS,SCSCF,P:SCSCF,GTW,P:GTW,SCSCF,P-200:SCSCF,MTAS,P-200:SCSCF,PCSCF,P-200:GTW,SCSCF,I-200:SCSCF,MTAS,I-200:SCSCF,PCSCF,I-200:PCSCF,SCSCF,A:SCSCF,MTAS,A:MTAS,SCSCF,A:SCSCF,GTW,A:MTAS,SCSCF,U:SCSCF,GTW,U:GTW,SCSCF,U-200:SCSCF,MTAS,U-200:MTAS,SCSCF,U:SCSCF,PCSCF,U:PCSCF,SCSCF,U-200:SCSCF,MTAS,U-200:PCSCF,SCSCF,B:MTAS,SCSCF,B:SCSCF,GTW,B:GTW,SCSCF,B-200:SCSCF,MTAS,B-200:SCSCF,PCSCF,B-200"
116,0,0,"PCSCF,SCSCF,I:SCSCF,ASLI,I:ASLI,SCSCF,T:ASLI,SCSCF,I-500:SCSCF,ASLI,A:SCSCF,PCSCF,T:MTAS,SCSCF,I:SCSCF,MTAS,T:SCSCF,GTW,I:GTW,SCSCF,T:GTW,SCSCF,R:SCSCF,MTAS,R:SCSCF,PCSCF,R:PCSCF,SCSCF,P:MTAS,SCSCF,P:SCSCF,GTW,P:GTW,SCSCF,P-200:SCSCF,MTAS,P-200:SCSCF,PCSCF,P-200:GTW,SCSCF,S:SCSCF,MTAS,S:SCSCF,PCSCF,S:PCSCF,SCSCF,P:MTAS,SCSCF,P:SCSCF,GTW,P:GTW,SCSCF,P-200:GTW,SCSCF,S:SCSCF,MTAS,P-200:SCSCF,MTAS,S:SCSCF,PCSCF,P-200:SCSCF,PCSCF,S:PCSCF,SCSCF,P:MTAS,SCSCF,P:SCSCF,GTW,P:GTW,SCSCF,P-200:GTW,SCSCF,S:SCSCF,MTAS,P-200:SCSCF,MTAS,S:SCSCF,PCSCF,P-200:SCSCF,PCSCF,S:PCSCF,SCSCF,P:MTAS,SCSCF,P:SCSCF,GTW,P:GTW,SCSCF,P-200:SCSCF,MTAS,P-200:SCSCF,PCSCF,P-200:GTW,SCSCF,R:SCSCF,MTAS,R:SCSCF,PCSCF,R:PCSCF,SCSCF,P:MTAS,SCSCF,P:SCSCF,GTW,P:GTW,SCSCF,P-200:SCSCF,MTAS,P-200:SCSCF,PCSCF,P-200:GTW,SCSCF,I-200:SCSCF,MTAS,I-200:SCSCF,PCSCF,I-200:PCSCF,SCSCF,A:SCSCF,MTAS,A:MTAS,SCSCF,A:SCSCF,GTW,A:MTAS,SCSCF,U:SCSCF,GTW,U:GTW,SCSCF,U-200:SCSCF,MTAS,U-200:MTAS,SCSCF,U:SCSCF,PCSCF,U:PCSCF,SCSCF,U-200:SCSCF,MTAS,U-200:MTAS,SCSCF,U:SCSCF,GTW,U:GTW,SCSCF,U-200:SCSCF,MTAS,U-200:MTAS,SCSCF,U:SCSCF,PCSCF,U:PCSCF,SCSCF,U-200:SCSCF,MTAS,U-200:MTAS,SCSCF,U:SCSCF,GTW,U:GTW,SCSCF,U-200:SCSCF,MTAS,U-200:MTAS,SCSCF,U:SCSCF,PCSCF,U:PCSCF,SCSCF,U-200:SCSCF,MTAS,U-200:MTAS,SCSCF,U:SCSCF,GTW,U:GTW,SCSCF,U-200:SCSCF,MTAS,U-200:MTAS,SCSCF,U:SCSCF,PCSCF,U:PCSCF,SCSCF,U-200:SCSCF,MTAS,U-200:GTW,SCSCF,B:MTAS,SCSCF,B:SCSCF,PCSCF,B:PCSCF,SCSCF,B-200:SCSCF,MTAS,B-200:SCSCF,GTW,B-200"
117,0,0,"PCSCF,SCSCF,I:SCSCF,PCSCF,T:SCSCF,ASLI,I:ASLI,SCSCF,T:ASLI,SCSCF,I-500:SCSCF,ASLI,A:MTAS,SCSCF,I:SCSCF,MTAS,T:SCSCF,GTW,I:GTW,SCSCF,T:GTW,SCSCF,R:SCSCF,MTAS,R:SCSCF,PCSCF,R:PCSCF,SCSCF,P:SCSCF,MTAS,P:MTAS,SCSCF,P:SCSCF,GTW,P:GTW,SCSCF,P-200:SCSCF,MTAS,P-200:MTAS,SCSCF,P-200:SCSCF,PCSCF,P-200:GTW,SCSCF,I-200:SCSCF,MTAS,I-200:SCSCF,PCSCF,I-200:PCSCF,SCSCF,A:SCSCF,MTAS,A:MTAS,SCSCF,A:SCSCF,GTW,A:MTAS,SCSCF,U:SCSCF,GTW,U:SCSCF,PCSCF,U:GTW,SCSCF,U-200:SCSCF,MTAS,U-200:PCSCF,SCSCF,U-200:SCSCF,MTAS,U-200:GTW,SCSCF,B:MTAS,SCSCF,B:SCSCF,PCSCF,B:PCSCF,SCSCF,B-200:SCSCF,MTAS,B-200:SCSCF,GTW,B-200"
118,0,0,"GTW,ICSCF,I:ICSCF,GTW,T:SCSCF,ASLI,I:ASLI,SCSCF,T:ASLI,SCSCF,I-500:SCSCF,ASLI,A:SCSCF,MTAS,I:MTAS,SCSCF,I:MTAS,SCSCF,T:SCSCF,MTAS,T:SCSCF,PCSCF,I:PCSCF,SCSCF,T:PCSCF,SCSCF,R:SCSCF,MTAS,R:MTAS,SCSCF,R:ICSCF,GTW,R:GTW,SCSCF,P:SCSCF,MTAS,P:MTAS,SCSCF,P:SCSCF,PCSCF,P:PCSCF,SCSCF,P-200:SCSCF,MTAS,P-200:MTAS,SCSCF,P-200:SCSCF,GTW,P-200:PCSCF,SCSCF,I-200:SCSCF,MTAS,I-200:MTAS,SCSCF,I-200:ICSCF,GTW,I-200:GTW,SCSCF,A:SCSCF,MTAS,A:MTAS,SCSCF,A:SCSCF,PCSCF,A:PCSCF,SCSCF,I:SCSCF,PCSCF,T:SCSCF,MTAS,I:MTAS,SCSCF,T:MTAS,SCSCF,I:SCSCF,MTAS,T:SCSCF,GTW,I:GTW,SCSCF,T:GTW,SCSCF,I-200:SCSCF,MTAS,I-200:MTAS,SCSCF,I-200:SCSCF,PCSCF,I-200:PCSCF,SCSCF,A:SCSCF,MTAS,A:MTAS,SCSCF,A:SCSCF,GTW,A:PCSCF,SCSCF,I:SCSCF,PCSCF,T:SCSCF,MTAS,I:MTAS,SCSCF,T:MTAS,SCSCF,I:SCSCF,MTAS,T:SCSCF,GTW,I:GTW,SCSCF,T:GTW,SCSCF,I-488:SCSCF,GTW,A:SCSCF,MTAS,I-488:MTAS,SCSCF,A:MTAS,SCSCF,I-488:SCSCF,MTAS,A:SCSCF,PCSCF,I-488:PCSCF,SCSCF,A:PCSCF,SCSCF,I:SCSCF,PCSCF,T:SCSCF,PCSCF,I-407:PCSCF,SCSCF,A:PCSCF,SCSCF,I:SCSCF,PCSCF,T:SCSCF,MTAS,I:MTAS,SCSCF,T:MTAS,SCSCF,I:SCSCF,MTAS,T:SCSCF,GTW,I:GTW,SCSCF,T:GTW,SCSCF,I-200:SCSCF,MTAS,I-200:MTAS,SCSCF,I-200:SCSCF,PCSCF,I-200:PCSCF,SCSCF,A:SCSCF,MTAS,A:MTAS,SCSCF,A:SCSCF,GTW,A:GTW,SCSCF,B:SCSCF,MTAS,B:MTAS,SCSCF,B:SCSCF,PCSCF,B:PCSCF,SCSCF,B-200:SCSCF,MTAS,B-200:MTAS,SCSCF,B-200:SCSCF,GTW,B-200"
119,0,0,"PCSCF,SCSCF,I:SCSCF,PCSCF,T:SCSCF,ASLI,I:ASLI,SCSCF,T:ASLI,SCSCF,I-500:SCSCF,ASLI,A:MTAS,SCSCF,I:SCSCF,MTAS,T:SCSCF,GTW,I:GTW,SCSCF,T:PCSCF,SCSCF,C:MTAS,SCSCF,C:SCSCF,MTAS,C-200:SCSCF,GTW,C:GTW,SCSCF,C-200:SCSCF,PCSCF,C-200:GTW,SCSCF,I-487:SCSCF,GTW,A:SCSCF,MTAS,I-487:MTAS,SCSCF,A:SCSCF,PCSCF,I-487:PCSCF,SCSCF,A"
120,0,0,"PCSCF,SCSCF,I:SCSCF,ASLI,I:SCSCF,PCSCF,T:ASLI,SCSCF,T:ASLI,SCSCF,I-500:SCSCF,ASLI,A:MTAS,SCSCF,I:SCSCF,MTAS,T:GTW,SCSCF,T:SCSCF,GTW,I:GTW,SCSCF,S:SCSCF,MTAS,S:SCSCF,PCSCF,S:PCSCF,SCSCF,P:SCSCF,MTAS,P:MTAS,SCSCF,P:SCSCF,GTW,P:GTW,SCSCF,P-200:SCSCF,MTAS,P-200:SCSCF,PCSCF,P-200:MTAS,SCSCF,P-200:GTW,SCSCF,R:SCSCF,MTAS,R:SCSCF,PCSCF,R:PCSCF,SCSCF,P:SCSCF,MTAS,P:MTAS,SCSCF,P:GTW,SCSCF,P-200:SCSCF,GTW,P:SCSCF,MTAS,P-200:MTAS,SCSCF,P-200:SCSCF,PCSCF,P-200:GTW,SCSCF,I-200:SCSCF,MTAS,I-200:SCSCF,PCSCF,I-200:PCSCF,SCSCF,A:SCSCF,MTAS,A:MTAS,SCSCF,A:SCSCF,GTW,A:PCSCF,SCSCF,B:SCSCF,MTAS,B:MTAS,SCSCF,B:SCSCF,GTW,B:GTW,SCSCF,B-200:SCSCF,MTAS,B-200:MTAS,SCSCF,B-200:SCSCF,PCSCF,B-200"
121,0,0,"PCSCF,SCSCF,I:SCSCF,ASLI,I:ASLI,SCSCF,T:SCSCF,PCSCF,T:ASLI,SCSCF,I-500:SCSCF,ASLI,A:MTAS,SCSCF,I:SCSCF,MTAS,T:SCSCF,GTW,I:GTW,SCSCF,T:GTW,SCSCF,S:SCSCF,MTAS,S:SCSCF,PCSCF,S:PCSCF,SCSCF,P:SCSCF,MTAS,P:MTAS,SCSCF,P:SCSCF,GTW,P:GTW,SCSCF,P-200:GTW,SCSCF,S:SCSCF,MTAS,P-200:SCSCF,MTAS,S:MTAS,SCSCF,P-200:SCSCF,PCSCF,P-200:SCSCF,PCSCF,S:PCSCF,SCSCF,P:SCSCF,MTAS,P:MTAS,SCSCF,P:SCSCF,GTW,P:GTW,SCSCF,P-200:GTW,SCSCF,S:SCSCF,MTAS,P-200:SCSCF,MTAS,S:MTAS,SCSCF,P-200:SCSCF,PCSCF,P-200:SCSCF,PCSCF,S:PCSCF,SCSCF,P:SCSCF,MTAS,P:MTAS,SCSCF,P:SCSCF,GTW,P:GTW,SCSCF,P-200:GTW,SCSCF,R:SCSCF,MTAS,R:SCSCF,MTAS,P-200:MTAS,SCSCF,P-200:SCSCF,PCSCF,P-200:SCSCF,PCSCF,R:PCSCF,SCSCF,P:SCSCF,MTAS,P:MTAS,SCSCF,P:SCSCF,GTW,P:GTW,SCSCF,P-200:SCSCF,MTAS,P-200:MTAS,SCSCF,P-200:SCSCF,PCSCF,P-200:PCSCF,SCSCF,C:SCSCF,PCSCF,C-200:MTAS,SCSCF,C:SCSCF,MTAS,C-200:SCSCF,GTW,C:GTW,SCSCF,C-200:GTW,SCSCF,I-487:SCSCF,GTW,A:SCSCF,MTAS,I-487:MTAS,SCSCF,A:SCSCF,PCSCF,I-487:PCSCF,SCSCF,A"
122,0,0,"GTW,ICSCF,I:ICSCF,GTW,T:SCSCF,ASLI,I:ASLI,SCSCF,T:ASLI,SCSCF,I-500:SCSCF,ASLI,A:SCSCF,MTAS,I:MTAS,SCSCF,T:MTAS,SCSCF,I:SCSCF,MTAS,T:SCSCF,PCSCF,I:PCSCF,SCSCF,T:PCSCF,SCSCF,R:SCSCF,MTAS,R:MTAS,SCSCF,R:ICSCF,GTW,R:GTW,SCSCF,P:SCSCF,MTAS,P:MTAS,SCSCF,P:SCSCF,PCSCF,P:PCSCF,SCSCF,P-200:SCSCF,MTAS,P-200:MTAS,SCSCF,P-200:SCSCF,GTW,P-200:PCSCF,SCSCF,I-200:SCSCF,MTAS,I-200:ICSCF,GTW,I-200:MTAS,SCSCF,I-200:GTW,SCSCF,A:SCSCF,MTAS,A:MTAS,SCSCF,A:SCSCF,PCSCF,A:PCSCF,SCSCF,B:SCSCF,MTAS,B:MTAS,SCSCF,B:SCSCF,GTW,B:GTW,SCSCF,B-200:SCSCF,MTAS,B-200:MTAS,SCSCF,B-200:SCSCF,PCSCF,B-200"
123,0,0,"GTW,ICSCF,I:ICSCF,GTW,T:SCSCF,ASLI,I:ASLI,SCSCF,T:ASLI,SCSCF,I-500:SCSCF,ASLI,A:SCSCF,MTAS,I:MTAS,SCSCF,I:SCSCF,MTAS,T:MTAS,SCSCF,T:SCSCF,PCSCF,I:PCSCF,SCSCF,T:PCSCF,SCSCF,R:SCSCF,MTAS,R:MTAS,SCSCF,R:ICSCF,GTW,R:GTW,SCSCF,P:SCSCF,MTAS,P:MTAS,SCSCF,P:SCSCF,PCSCF,P:PCSCF,SCSCF,P-200:SCSCF,MTAS,P-200:MTAS,SCSCF,P-200:SCSCF,GTW,P-200:PCSCF,SCSCF,I-200:SCSCF,MTAS,I-200:MTAS,SCSCF,I-200:ICSCF,GTW,I-200:GTW,SCSCF,A:SCSCF,MTAS,A:MTAS,SCSCF,A:SCSCF,PCSCF,A:MTAS,SCSCF,U:SCSCF,PCSCF,U:MTAS,SCSCF,U:SCSCF,GTW,U:PCSCF,SCSCF,U-200:GTW,SCSCF,U-200:SCSCF,MTAS,U-200:GTW,SCSCF,B:SCSCF,MTAS,B:MTAS,SCSCF,B:SCSCF,PCSCF,B:PCSCF,SCSCF,B-200:SCSCF,MTAS,B-200:MTAS,SCSCF,B-200:SCSCF,GTW,B-200"
124,0,0,"GTW,ICSCF,I:ICSCF,GTW,T:SCSCF,ASLI,I:ASLI,SCSCF,T:ASLI,SCSCF,I-500:SCSCF,ASLI,A:SCSCF,MTAS,I:MTAS,SCSCF,T:MTAS,SCSCF,I:SCSCF,MTAS,T:SCSCF,PCSCF,I:PCSCF,SCSCF,T:PCSCF,SCSCF,R:SCSCF,MTAS,R:MTAS,SCSCF,R:ICSCF,GTW,R:GTW,SCSCF,P:SCSCF,MTAS,P:MTAS,SCSCF,P:SCSCF,PCSCF,P:PCSCF,SCSCF,P-200:SCSCF,MTAS,P-200:MTAS,SCSCF,P-200:SCSCF,GTW,P-200:PCSCF,SCSCF,I-200:SCSCF,MTAS,I-200:MTAS,SCSCF,I-200:ICSCF,GTW,I-200:GTW,SCSCF,A:SCSCF,MTAS,A:MTAS,SCSCF,A:SCSCF,PCSCF,A:PCSCF,SCSCF,I:SCSCF,PCSCF,T:SCSCF,MTAS,I:MTAS,SCSCF,T:MTAS,SCSCF,I:SCSCF,MTAS,T:SCSCF,GTW,I:GTW,SCSCF,T:GTW,SCSCF,I-200:SCSCF,MTAS,I-200:MTAS,SCSCF,I-200:SCSCF,PCSCF,I-200:GTW,SCSCF,B:SCSCF,MTAS,B:MTAS,SCSCF,B:SCSCF,PCSCF,B:PCSCF,SCSCF,B-200:SCSCF,MTAS,B-200:MTAS,SCSCF,B-200:SCSCF,GTW,B-200"
125,0,0,"GTW,ICSCF,I:ICSCF,GTW,T:SCSCF,ASLI,I:ASLI,SCSCF,T:ASLI,SCSCF,I-500:SCSCF,ASLI,A:SCSCF,MTAS,I:MTAS,SCSCF,T:MTAS,SCSCF,I:SCSCF,MTAS,T:SCSCF,GTW,I:GTW,SCSCF,T:MTAS,SCSCF,W:ICSCF,GTW,W:GTW,SCSCF,S:SCSCF,MTAS,S:MTAS,SCSCF,S:ICSCF,GTW,S:GTW,SCSCF,P:SCSCF,MTAS,P:MTAS,SCSCF,P:SCSCF,GTW,P:GTW,SCSCF,P-200:SCSCF,MTAS,P-200:MTAS,SCSCF,P-200:SCSCF,GTW,P-200:GTW,SCSCF,R:SCSCF,MTAS,R:MTAS,SCSCF,R:ICSCF,GTW,R:GTW,SCSCF,P:SCSCF,MTAS,P:MTAS,SCSCF,P:SCSCF,GTW,P:GTW,SCSCF,P-200:SCSCF,MTAS,P-200:MTAS,SCSCF,P-200:SCSCF,GTW,P-200:GTW,SCSCF,I-200:SCSCF,MTAS,I-200:MTAS,SCSCF,I-200:ICSCF,GTW,I-200:GTW,SCSCF,A:SCSCF,MTAS,A:MTAS,SCSCF,A:SCSCF,GTW,A:GTW,SCSCF,B:SCSCF,MTAS,B:MTAS,SCSCF,B:SCSCF,GTW,B:GTW,SCSCF,B-200:SCSCF,MTAS,B-200:MTAS,SCSCF,B-200:SCSCF,GTW,B-200"
126,0,0,"PCSCF,SCSCF,I:SCSCF,PCSCF,T:SCSCF,PCSCF,I-407:PCSCF,SCSCF,A:PCSCF,SCSCF,I:SCSCF,PCSCF,T:SCSCF,ASLI,I:ASLI,SCSCF,T:ASLI,SCSCF,I-500:SCSCF,ASLI,A:MTAS,SCSCF,I:SCSCF,MTAS,T:SCSCF,GTW,I:GTW,SCSCF,T:GTW,SCSCF,S:SCSCF,MTAS,S:SCSCF,PCSCF,S:PCSCF,SCSCF,P:MTAS,SCSCF,P:SCSCF,GTW,P:GTW,SCSCF,P-200:SCSCF,MTAS,P-200:SCSCF,PCSCF,P-200:GTW,SCSCF,S:SCSCF,MTAS,S:SCSCF,PCSCF,S:PCSCF,SCSCF,P:MTAS,SCSCF,P:SCSCF,GTW,P:GTW,SCSCF,P-200:SCSCF,MTAS,P-200:SCSCF,PCSCF,P-200:GTW,SCSCF,I-200:SCSCF,MTAS,I-200:SCSCF,PCSCF,I-200:PCSCF,SCSCF,A:SCSCF,MTAS,A:MTAS,SCSCF,A:SCSCF,GTW,A:PCSCF,SCSCF,B:MTAS,SCSCF,B:SCSCF,GTW,B:GTW,SCSCF,B-200:SCSCF,MTAS,B-200:SCSCF,PCSCF,B-200"
127,0,0,"GTW,ICSCF,I:ICSCF,GTW,T:SCSCF,ASLI,I:ASLI,SCSCF,T:ASLI,SCSCF,I-500:SCSCF,ASLI,A:SCSCF,MTAS,I:MTAS,SCSCF,T:MTAS,SCSCF,I-486:SCSCF,MTAS,A:ICSCF,GTW,I-486:GTW,ICSCF,A"
128,0,0,"PCSCF,SCSCF,I:SCSCF,PCSCF,T:SCSCF,PCSCF,I-407:PCSCF,SCSCF,A:PCSCF,SCSCF,I:SCSCF,ASLI,I:ASLI,SCSCF,T:ASLI,SCSCF,I-500:SCSCF,ASLI,A:SCSCF,PCSCF,T:MTAS,SCSCF,I:SCSCF,MTAS,T:SCSCF,GTW,I:GTW,SCSCF,T:GTW,SCSCF,I-200:SCSCF,MTAS,I-200:SCSCF,PCSCF,I-200:PCSCF,SCSCF,A:SCSCF,MTAS,A:MTAS,SCSCF,A:SCSCF,GTW,A:GTW,SCSCF,B:MTAS,SCSCF,B:SCSCF,PCSCF,B:PCSCF,SCSCF,B-200:SCSCF,MTAS,B-200:SCSCF,GTW,B-200"
129,0,0,"PCSCF,SCSCF,I:SCSCF,PCSCF,T:SCSCF,PCSCF,I-407:PCSCF,SCSCF,A:PCSCF,SCSCF,I:SCSCF,PCSCF,T:SCSCF,ASLI,I:ASLI,SCSCF,T:ASLI,SCSCF,I-500:SCSCF,ASLI,A:MTAS,SCSCF,I:SCSCF,MTAS,T:SCSCF,GTW,I:GTW,SCSCF,T:GTW,SCSCF,S:SCSCF,MTAS,S:SCSCF,PCSCF,S:PCSCF,SCSCF,P:SCSCF,MTAS,P:MTAS,SCSCF,P:SCSCF,GTW,P:GTW,SCSCF,P-200:GTW,SCSCF,S:SCSCF,MTAS,P-200:SCSCF,MTAS,S:MTAS,SCSCF,P-200:SCSCF,PCSCF,P-200:SCSCF,PCSCF,S:PCSCF,SCSCF,P:SCSCF,MTAS,P:MTAS,SCSCF,P:SCSCF,GTW,P:GTW,SCSCF,P-200:GTW,SCSCF,S:SCSCF,MTAS,S:SCSCF,MTAS,P-200:MTAS,SCSCF,P-200:SCSCF,PCSCF,P-200:SCSCF,PCSCF,S:PCSCF,SCSCF,P:SCSCF,MTAS,P:MTAS,SCSCF,P:SCSCF,GTW,P:GTW,SCSCF,P-200:GTW,SCSCF,R:SCSCF,MTAS,P-200:SCSCF,MTAS,R:MTAS,SCSCF,P-200:SCSCF,PCSCF,P-200:SCSCF,PCSCF,R:PCSCF,SCSCF,P:SCSCF,MTAS,P:MTAS,SCSCF,P:SCSCF,GTW,P:GTW,SCSCF,P-200:SCSCF,MTAS,P-200:MTAS,SCSCF,P-200:SCSCF,PCSCF,P-200:GTW,SCSCF,I-200:SCSCF,MTAS,I-200:SCSCF,PCSCF,I-200:PCSCF,SCSCF,A:SCSCF,MTAS,A:MTAS,SCSCF,A:SCSCF,GTW,A:PCSCF,SCSCF,B:MTAS,SCSCF,B:SCSCF,GTW,B:GTW,SCSCF,B-200:SCSCF,MTAS,B-200:SCSCF,PCSCF,B-200"
130,0,1,"MTAS,SCSCF,I:SCSCF,MTAS,T:SCSCF,ASLI,I:ASLI,SCSCF,T:ASLI,SCSCF,I-500:SCSCF,MTAS,I:SCSCF,ASLI,A:MTAS,SCSCF,T:MTAS,SCSCF,I-486:SCSCF,MTAS,A:SCSCF,MTAS,I-486:MTAS,SCSCF,A"
131,0,0,"PCSCF,SCSCF,I:SCSCF,ASLI,I:ASLI,SCSCF,T:ASLI,SCSCF,I-500:SCSCF,ASLI,A:SCSCF,PCSCF,T:MTAS,SCSCF,I:SCSCF,MTAS,T:SCSCF,GTW,I:GTW,SCSCF,T:GTW,SCSCF,S:SCSCF,MTAS,S:SCSCF,PCSCF,S:PCSCF,SCSCF,P:MTAS,SCSCF,P:SCSCF,GTW,P:GTW,SCSCF,P-200:GTW,SCSCF,S:SCSCF,MTAS,P-200:SCSCF,MTAS,S:SCSCF,PCSCF,P-200:SCSCF,PCSCF,S:PCSCF,SCSCF,P:MTAS,SCSCF,P:SCSCF,GTW,P:GTW,SCSCF,P-200:SCSCF,MTAS,P-200:SCSCF,PCSCF,P-200:GTW,SCSCF,R:SCSCF,MTAS,R:SCSCF,PCSCF,R:PCSCF,SCSCF,P:MTAS,SCSCF,P:SCSCF,GTW,P:GTW,SCSCF,P-200:SCSCF,MTAS,P-200:SCSCF,PCSCF,P-200:PCSCF,SCSCF,C:SCSCF,PCSCF,C-200:MTAS,SCSCF,C:SCSCF,MTAS,C-200:SCSCF,GTW,C:GTW,SCSCF,C-200:GTW,SCSCF,I-487:SCSCF,GTW,A:SCSCF,MTAS,I-487:MTAS,SCSCF,A:SCSCF,PCSCF,I-487:PCSCF,SCSCF,A"
132,0,0,"GTW,ICSCF,I:ICSCF,GTW,T:SCSCF,ASLI,I:ASLI,SCSCF,T:ASLI,SCSCF,I-500:SCSCF,ASLI,A:SCSCF,MTAS,I:MTAS,SCSCF,T:MTAS,SCSCF,I:SCSCF,MTAS,T:SCSCF,PCSCF,I:PCSCF,SCSCF,T:PCSCF,SCSCF,R:SCSCF,MTAS,R:MTAS,SCSCF,R:ICSCF,GTW,R:GTW,SCSCF,P:SCSCF,MTAS,P:MTAS,SCSCF,P:SCSCF,PCSCF,P:PCSCF,SCSCF,P-200:SCSCF,MTAS,P-200:MTAS,SCSCF,P-200:SCSCF,GTW,P-200:PCSCF,SCSCF,I-200:SCSCF,MTAS,I-200:MTAS,SCSCF,I-200:ICSCF,GTW,I-200:GTW,SCSCF,A:SCSCF,MTAS,A:MTAS,SCSCF,A:SCSCF,PCSCF,A:MTAS,SCSCF,U:SCSCF,PCSCF,U:PCSCF,SCSCF,U-200:SCSCF,MTAS,U-200:MTAS,SCSCF,U:SCSCF,GTW,U:GTW,SCSCF,U-200:SCSCF,MTAS,U-200:MTAS,SCSCF,U:SCSCF,PCSCF,U:PCSCF,SCSCF,U-200:SCSCF,MTAS,U-200:MTAS,SCSCF,U:SCSCF,GTW,U:GTW,SCSCF,U-200:SCSCF,MTAS,U-200:PCSCF,SCSCF,B:SCSCF,MTAS,B:MTAS,SCSCF,B:SCSCF,GTW,B:GTW,SCSCF,B-200:SCSCF,MTAS,B-200:MTAS,SCSCF,B-200:SCSCF,PCSCF,B-200"
133,0,0,"GTW,ICSCF,I:ICSCF,GTW,T:SCSCF,ASLI,I:ASLI,SCSCF,T:ASLI,SCSCF,I-500:SCSCF,ASLI,A:SCSCF,MTAS,I:MTAS,SCSCF,I:SCSCF,MTAS,T:SCSCF,PCSCF,I:PCSCF,SCSCF,T:MTAS,SCSCF,T:PCSCF,SCSCF,R:SCSCF,MTAS,R:MTAS,SCSCF,R:ICSCF,GTW,R:GTW,SCSCF,P:SCSCF,MTAS,P:MTAS,SCSCF,P:SCSCF,PCSCF,P:PCSCF,SCSCF,P-200:SCSCF,MTAS,P-200:MTAS,SCSCF,P-200:SCSCF,GTW,P-200:PCSCF,SCSCF,I-200:SCSCF,MTAS,I-200:MTAS,SCSCF,I-200:ICSCF,GTW,I-200:GTW,SCSCF,A:SCSCF,MTAS,A:MTAS,SCSCF,A:SCSCF,PCSCF,A:MTAS,SCSCF,U:SCSCF,PCSCF,U:PCSCF,SCSCF,U-200:SCSCF,MTAS,U-200:MTAS,SCSCF,U:SCSCF,GTW,U:GTW,SCSCF,U-200:SCSCF,MTAS,U-200:MTAS,SCSCF,U:SCSCF,PCSCF,U:PCSCF,SCSCF,U-200:SCSCF,MTAS,U-200:GTW,SCSCF,U-200:MTAS,SCSCF,U:SCSCF,GTW,U:SCSCF,MTAS,U-200:MTAS,SCSCF,U:SCSCF,PCSCF,U:PCSCF,SCSCF,U-200:SCSCF,MTAS,U-200:MTAS,SCSCF,U:SCSCF,GTW,U:GTW,SCSCF,U-200:SCSCF,MTAS,U-200:MTAS,SCSCF,U:SCSCF,PCSCF,U:PCSCF,SCSCF,U-200:SCSCF,MTAS,U-200:MTAS,SCSCF,U:SCSCF,GTW,U:GTW,SCSCF,U-200:SCSCF,MTAS,U-200:MTAS,SCSCF,U:SCSCF,GTW,U:GTW,SCSCF,U-200:SCSCF,MTAS,U-200:SCSCF,PCSCF,U:PCSCF,SCSCF,U-200:SCSCF,MTAS,U-200:MTAS,SCSCF,U:SCSCF,GTW,U:GTW,SCSCF,U-200:SCSCF,MTAS,U-200:MTAS,SCSCF,U:SCSCF,PCSCF,U:PCSCF,SCSCF,U-200:SCSCF,MTAS,U-200:MTAS,SCSCF,U:SCSCF,GTW,U:GTW,SCSCF,U-200:SCSCF,MTAS,U-200:MTAS,SCSCF,U:SCSCF,PCSCF,U:PCSCF,SCSCF,U-200:SCSCF,MTAS,U-200:MTAS,SCSCF,U:SCSCF,GTW,U:GTW,SCSCF,U-200:SCSCF,MTAS,U-200:MTAS,SCSCF,U:SCSCF,PCSCF,U:PCSCF,SCSCF,U-200:SCSCF,MTAS,U-200:MTAS,SCSCF,U:SCSCF,GTW,U:GTW,SCSCF,U-200:SCSCF,MTAS,U-200:MTAS,SCSCF,U:SCSCF,PCSCF,U:PCSCF,SCSCF,U-200:SCSCF,MTAS,U-200:PCSCF,SCSCF,B:SCSCF,MTAS,B:MTAS,SCSCF,B:SCSCF,GTW,B:GTW,SCSCF,B-200:SCSCF,MTAS,B-200:MTAS,SCSCF,B-200:SCSCF,PCSCF,B-200"
134,0,0,"PCSCF,SCSCF,I:SCSCF,PCSCF,T:SCSCF,ASLI,I:ASLI,SCSCF,T:ASLI,SCSCF,I-500:SCSCF,ASLI,A:MTAS,SCSCF,I:SCSCF,MTAS,T:SCSCF,GTW,I:GTW,SCSCF,T:GTW,SCSCF,S:SCSCF,MTAS,S:SCSCF,PCSCF,S:PCSCF,SCSCF,P:MTAS,SCSCF,P:SCSCF,GTW,P:GTW,SCSCF,P-200:SCSCF,MTAS,P-200:GTW,SCSCF,R:SCSCF,MTAS,R:SCSCF,PCSCF,P-200:SCSCF,PCSCF,R:PCSCF,SCSCF,P:MTAS,SCSCF,P:SCSCF,GTW,P:GTW,SCSCF,P-200:SCSCF,MTAS,P-200:SCSCF,PCSCF,P-200:GTW,SCSCF,I-200:SCSCF,MTAS,I-200:SCSCF,PCSCF,I-200:PCSCF,SCSCF,A:SCSCF,MTAS,A:MTAS,SCSCF,A:SCSCF,GTW,A:MTAS,SCSCF,U:SCSCF,GTW,U:GTW,SCSCF,U-200:SCSCF,MTAS,U-200:MTAS,SCSCF,U:SCSCF,PCSCF,U:PCSCF,SCSCF,U-200:SCSCF,MTAS,U-200:MTAS,SCSCF,U:SCSCF,GTW,U:GTW,SCSCF,U-200:SCSCF,MTAS,U-200:MTAS,SCSCF,U:SCSCF,PCSCF,U:PCSCF,SCSCF,U-200:SCSCF,MTAS,U-200:PCSCF,SCSCF,B:SCSCF,MTAS,B:MTAS,SCSCF,B:SCSCF,GTW,B:GTW,SCSCF,B-200:SCSCF,MTAS,B-200:MTAS,SCSCF,B-200:SCSCF,PCSCF,B-200"
135,0,0,"PCSCF,SCSCF,I:SCSCF,PCSCF,T:SCSCF,ASLI,I:ASLI,SCSCF,T:ASLI,SCSCF,I-500:SCSCF,ASLI,A:MTAS,SCSCF,I:SCSCF,MTAS,T:SCSCF,ASLI,I:ASLI,SCSCF,T:ASLI,SCSCF,I-500:SCSCF,ASLI,A:SCSCF,MTAS,I:MTAS,SCSCF,T:MTAS,SCSCF,I:SCSCF,MTAS,T:SCSCF,PCSCF,I:PCSCF,SCSCF,T:PCSCF,SCSCF,R:SCSCF,MTAS,R:MTAS,SCSCF,R:SCSCF,MTAS,R:SCSCF,PCSCF,R:PCSCF,SCSCF,P:MTAS,SCSCF,P:SCSCF,MTAS,P:MTAS,SCSCF,P:SCSCF,PCSCF,P:PCSCF,SCSCF,P-200:SCSCF,MTAS,P-200:MTAS,SCSCF,P-200:SCSCF,MTAS,P-200:SCSCF,PCSCF,P-200:PCSCF,SCSCF,C:SCSCF,PCSCF,C-200:MTAS,SCSCF,C:SCSCF,MTAS,C-200:SCSCF,MTAS,C:MTAS,SCSCF,C:SCSCF,MTAS,C-200:SCSCF,PCSCF,C:MTAS,SCSCF,C-200:PCSCF,SCSCF,C-200:PCSCF,SCSCF,I-487:SCSCF,PCSCF,A:SCSCF,MTAS,I-487:MTAS,SCSCF,A:MTAS,SCSCF,I-487:SCSCF,MTAS,A:SCSCF,MTAS,I-487:MTAS,SCSCF,A:SCSCF,PCSCF,I-487:PCSCF,SCSCF,A"
136,0,0,"PCSCF,SCSCF,I:SCSCF,PCSCF,T:SCSCF,PCSCF,I-407:PCSCF,SCSCF,A:PCSCF,SCSCF,I:SCSCF,PCSCF,T:SCSCF,ASLI,I:ASLI,SCSCF,T:ASLI,SCSCF,I-500:SCSCF,ASLI,A:MTAS,SCSCF,I:SCSCF,MTAS,T:SCSCF,GTW,I:GTW,SCSCF,T:GTW,SCSCF,R:SCSCF,MTAS,R:SCSCF,PCSCF,R:PCSCF,SCSCF,P:MTAS,SCSCF,P:SCSCF,GTW,P:GTW,SCSCF,P-200:SCSCF,MTAS,P-200:SCSCF,PCSCF,P-200:GTW,SCSCF,S:SCSCF,MTAS,S:SCSCF,PCSCF,S:PCSCF,SCSCF,P:MTAS,SCSCF,P:SCSCF,GTW,P:GTW,SCSCF,P-200:GTW,SCSCF,I-200:SCSCF,MTAS,P-200:SCSCF,MTAS,I-200:SCSCF,PCSCF,P-200:SCSCF,PCSCF,I-200:PCSCF,SCSCF,A:SCSCF,MTAS,A:MTAS,SCSCF,A:SCSCF,GTW,A:PCSCF,SCSCF,B:MTAS,SCSCF,B:SCSCF,GTW,B:GTW,SCSCF,B-200:SCSCF,MTAS,B-200:SCSCF,PCSCF,B-200"
137,0,0,"PCSCF,SCSCF,I:SCSCF,PCSCF,T:SCSCF,PCSCF,I-407:PCSCF,SCSCF,A:PCSCF,SCSCF,I:SCSCF,PCSCF,T:SCSCF,ASLI,I:ASLI,SCSCF,T:ASLI,SCSCF,I-500:SCSCF,ASLI,A:MTAS,SCSCF,I:SCSCF,MTAS,T:SCSCF,GTW,I:GTW,SCSCF,T:GTW,SCSCF,S:SCSCF,MTAS,S:SCSCF,PCSCF,S:PCSCF,SCSCF,P:SCSCF,MTAS,P:MTAS,SCSCF,P:SCSCF,GTW,P:GTW,SCSCF,P-200:GTW,SCSCF,R:SCSCF,MTAS,P-200:SCSCF,MTAS,R:MTAS,SCSCF,P-200:SCSCF,PCSCF,P-200:SCSCF,PCSCF,R:PCSCF,SCSCF,P:SCSCF,MTAS,P:MTAS,SCSCF,P:SCSCF,GTW,P:GTW,SCSCF,P-200:SCSCF,MTAS,P-200:MTAS,SCSCF,P-200:SCSCF,PCSCF,P-200:GTW,SCSCF,I-200:SCSCF,MTAS,I-200:SCSCF,PCSCF,I-200:PCSCF,SCSCF,A:SCSCF,MTAS,A:MTAS,SCSCF,A:SCSCF,GTW,A:PCSCF,SCSCF,B:MTAS,SCSCF,B:SCSCF,GTW,B:GTW,SCSCF,B-200:SCSCF,MTAS,B-200:SCSCF,PCSCF,B-200"
138,0,0,"PCSCF,SCSCF,I:SCSCF,PCSCF,T:SCSCF,ASLI,I:ASLI,SCSCF,T:ASLI,SCSCF,I-500:SCSCF,ASLI,A:MTAS,SCSCF,I:SCSCF,MTAS,T:SCSCF,ASLI,I:ASLI,SCSCF,T:ASLI,SCSCF,I-500:SCSCF,ASLI,A:SCSCF,MTAS,I:MTAS,SCSCF,T:MTAS,SCSCF,I:SCSCF,MTAS,T:SCSCF,PCSCF,I:PCSCF,SCSCF,T:PCSCF,SCSCF,R:SCSCF,MTAS,R:MTAS,SCSCF,R:SCSCF,MTAS,R:SCSCF,PCSCF,R:PCSCF,SCSCF,P:MTAS,SCSCF,P:SCSCF,MTAS,P:MTAS,SCSCF,P:SCSCF,PCSCF,P:PCSCF,SCSCF,P-200:SCSCF,MTAS,P-200:MTAS,SCSCF,P-200:SCSCF,MTAS,P-200:SCSCF,PCSCF,P-200:MTAS,SCSCF,I-200:PCSCF,SCSCF,I-200:SCSCF,MTAS,I-200:SCSCF,PCSCF,I-200:PCSCF,SCSCF,A:MTAS,SCSCF,A:SCSCF,MTAS,A:MTAS,SCSCF,A:SCSCF,PCSCF,A:PCSCF,SCSCF,B:SCSCF,MTAS,B:MTAS,SCSCF,B:SCSCF,PCSCF,B:PCSCF,SCSCF,B-200:SCSCF,MTAS,B-200:MTAS,SCSCF,B-200:SCSCF,PCSCF,B-200"
139,0,0,"PCSCF,SCSCF,I:SCSCF,ASLI,I:ASLI,SCSCF,T:SCSCF,PCSCF,T:ASLI,SCSCF,I-500:SCSCF,ASLI,A:MTAS,SCSCF,I:SCSCF,MTAS,T:SCSCF,GTW,I:GTW,SCSCF,T:GTW,SCSCF,S:SCSCF,MTAS,S:SCSCF,PCSCF,S:PCSCF,SCSCF,P:SCSCF,MTAS,P:MTAS,SCSCF,P:SCSCF,GTW,P:GTW,SCSCF,P-200:SCSCF,MTAS,P-200:MTAS,SCSCF,P-200:SCSCF,PCSCF,P-200:GTW,SCSCF,R:SCSCF,MTAS,R:SCSCF,PCSCF,R:PCSCF,SCSCF,P:SCSCF,MTAS,P:MTAS,SCSCF,P:SCSCF,GTW,P:GTW,SCSCF,P-200:SCSCF,MTAS,P-200:MTAS,SCSCF,P-200:SCSCF,PCSCF,P-200:GTW,SCSCF,I-200:SCSCF,MTAS,I-200:SCSCF,PCSCF,I-200:PCSCF,SCSCF,A:SCSCF,MTAS,A:MTAS,SCSCF,A:SCSCF,GTW,A:GTW,SCSCF,B:MTAS,SCSCF,B:SCSCF,PCSCF,B:PCSCF,SCSCF,B:SCSCF,MTAS,B:PCSCF,SCSCF,B-481:MTAS,SCSCF,B-200:SCSCF,MTAS,B-481:SCSCF,GTW,B-200:SCSCF,PCSCF,B-200"
140,0,0,"PCSCF,SCSCF,I:SCSCF,ASLI,I:ASLI,SCSCF,T:ASLI,SCSCF,I-500:SCSCF,ASLI,A:MTAS,SCSCF,I:SCSCF,MTAS,T:SCSCF,PCSCF,T:SCSCF,GTW,I:GTW,SCSCF,T:GTW,SCSCF,S:SCSCF,MTAS,S:SCSCF,PCSCF,S:PCSCF,SCSCF,P:SCSCF,MTAS,P:MTAS,SCSCF,P:SCSCF,GTW,P:GTW,SCSCF,P-200:SCSCF,MTAS,P-200:MTAS,SCSCF,P-200:SCSCF,PCSCF,P-200:GTW,SCSCF,S:SCSCF,MTAS,S:SCSCF,PCSCF,S:GTW,SCSCF,R:SCSCF,MTAS,R:SCSCF,PCSCF,R:GTW,SCSCF,I-200:SCSCF,MTAS,I-200:SCSCF,PCSCF,I-200:PCSCF,SCSCF,A:SCSCF,MTAS,A:MTAS,SCSCF,A:SCSCF,GTW,A:GTW,SCSCF,B:MTAS,SCSCF,B:SCSCF,PCSCF,B:PCSCF,SCSCF,B-200:SCSCF,MTAS,B-200:SCSCF,GTW,B-200"
141,0,0,"GTW,ICSCF,I:ICSCF,GTW,T:SCSCF,ASLI,I:ASLI,SCSCF,T:ASLI,SCSCF,I-500:SCSCF,MTAS,I:SCSCF,ASLI,A:MTAS,SCSCF,T:MTAS,SCSCF,I:SCSCF,MTAS,T:SCSCF,PCSCF,I:PCSCF,SCSCF,T:PCSCF,SCSCF,R:SCSCF,MTAS,R:MTAS,SCSCF,R:ICSCF,GTW,R:GTW,SCSCF,P:SCSCF,MTAS,P:MTAS,SCSCF,P:SCSCF,PCSCF,P:PCSCF,SCSCF,P-200:SCSCF,MTAS,P-200:MTAS,SCSCF,P-200:SCSCF,GTW,P-200:GTW,ICSCF,C:ICSCF,GTW,C-200:SCSCF,MTAS,C:MTAS,SCSCF,C-200:MTAS,SCSCF,C:SCSCF,MTAS,C-200:SCSCF,PCSCF,C:PCSCF,SCSCF,C-200:PCSCF,SCSCF,I-487:SCSCF,PCSCF,A:SCSCF,MTAS,I-487:MTAS,SCSCF,I-487:MTAS,SCSCF,A:ICSCF,GTW,I-487:GTW,ICSCF,A:SCSCF,MTAS,A"
142,0,0,"PCSCF,SCSCF,I:SCSCF,PCSCF,T:SCSCF,ASLI,I:ASLI,SCSCF,T:ASLI,SCSCF,I-500:SCSCF,ASLI,A:MTAS,SCSCF,I:SCSCF,MTAS,T:SCSCF,GTW,I:GTW,SCSCF,T:GTW,SCSCF,S:SCSCF,MTAS,S:SCSCF,PCSCF,S:PCSCF,SCSCF,P:SCSCF,MTAS,P:MTAS,SCSCF,P:SCSCF,GTW,P:GTW,SCSCF,P-200:SCSCF,MTAS,P-200:MTAS,SCSCF,P-200:SCSCF,PCSCF,P-200:GTW,SCSCF,R:SCSCF,MTAS,R:SCSCF,PCSCF,R:GTW,SCSCF,R:SCSCF,MTAS,R:PCSCF,SCSCF,P:SCSCF,MTAS,P:MTAS,SCSCF,P:SCSCF,GTW,P:GTW,SCSCF,P-200:SCSCF,MTAS,P-200:MTAS,SCSCF,P-200:SCSCF,PCSCF,P-200:GTW,SCSCF,I-200:SCSCF,MTAS,I-200:SCSCF,PCSCF,I-200:PCSCF,SCSCF,A:SCSCF,MTAS,A:MTAS,SCSCF,A:SCSCF,GTW,A:MTAS,SCSCF,U:SCSCF,GTW,U:GTW,SCSCF,U-200:SCSCF,MTAS,U-200:MTAS,SCSCF,U:SCSCF,PCSCF,U:PCSCF,SCSCF,U-200:SCSCF,MTAS,U-200:PCSCF,SCSCF,B:SCSCF,MTAS,B:MTAS,SCSCF,B:SCSCF,GTW,B:GTW,SCSCF,B-200:SCSCF,MTAS,B-200:MTAS,SCSCF,B-200:SCSCF,PCSCF,B-200"
143,0,0,"MTAS,SCSCF,I:SCSCF,MTAS,T:SCSCF,PCSCF,I:PCSCF,SCSCF,T:PCSCF,SCSCF,R:SCSCF,MTAS,R:MTAS,SCSCF,P:SCSCF,PCSCF,P:PCSCF,SCSCF,P-200:SCSCF,MTAS,P-200:SCSCF,MTAS,I-200:PCSCF,SCSCF,I-200:MTAS,SCSCF,A:SCSCF,PCSCF,A:PCSCF,SCSCF,B:SCSCF,MTAS,B:MTAS,SCSCF,B-200:SCSCF,PCSCF,B-200"
144,0,0,"PCSCF,SCSCF,I:SCSCF,PCSCF,T:SCSCF,ASLI,I:ASLI,SCSCF,T:ASLI,SCSCF,I-500:SCSCF,ASLI,A:MTAS,SCSCF,I:SCSCF,MTAS,T:SCSCF,GTW,I:GTW,SCSCF,T:GTW,SCSCF,I-200:SCSCF,MTAS,I-200:SCSCF,PCSCF,I-200:PCSCF,SCSCF,A:SCSCF,MTAS,A:MTAS,SCSCF,A:SCSCF,GTW,A:MTAS,SCSCF,U:SCSCF,GTW,U:GTW,SCSCF,U-200:SCSCF,MTAS,U-200:MTAS,SCSCF,U:SCSCF,PCSCF,U:PCSCF,SCSCF,U-200:SCSCF,MTAS,U-200:MTAS,SCSCF,U:SCSCF,GTW,U:GTW,SCSCF,U-200:SCSCF,MTAS,U-200:MTAS,SCSCF,U:SCSCF,PCSCF,U:PCSCF,SCSCF,U-200:SCSCF,MTAS,U-200:MTAS,SCSCF,U:SCSCF,GTW,U:GTW,SCSCF,U-200:SCSCF,MTAS,U-200:MTAS,SCSCF,U:SCSCF,PCSCF,U:PCSCF,SCSCF,U-200:SCSCF,MTAS,U-200:PCSCF,SCSCF,B:MTAS,SCSCF,B:SCSCF,GTW,B:GTW,SCSCF,B-200:SCSCF,MTAS,B-200:SCSCF,PCSCF,B-200"
145,0,0,"PCSCF,SCSCF,I:SCSCF,PCSCF,T:SCSCF,ASLI,I:ASLI,SCSCF,T:ASLI,SCSCF,I-500:SCSCF,ASLI,A:MTAS,SCSCF,I:SCSCF,MTAS,T:SCSCF,GTW,I:GTW,SCSCF,T:GTW,SCSCF,S:SCSCF,MTAS,S:SCSCF,PCSCF,S:PCSCF,SCSCF,P:SCSCF,MTAS,P:MTAS,SCSCF,P:SCSCF,GTW,P:GTW,SCSCF,P-200:SCSCF,MTAS,P-200:MTAS,SCSCF,P-200:SCSCF,PCSCF,P-200:GTW,SCSCF,R:SCSCF,MTAS,R:SCSCF,PCSCF,R:PCSCF,SCSCF,P:SCSCF,MTAS,P:MTAS,SCSCF,P:SCSCF,GTW,P:GTW,SCSCF,P-200:SCSCF,MTAS,P-200:MTAS,SCSCF,P-200:SCSCF,PCSCF,P-200:GTW,SCSCF,W:SCSCF,MTAS,W:SCSCF,PCSCF,W:PCSCF,SCSCF,P:SCSCF,MTAS,P:MTAS,SCSCF,P:SCSCF,GTW,P:GTW,SCSCF,P-200:SCSCF,MTAS,P-200:MTAS,SCSCF,P-200:SCSCF,PCSCF,P-200:GTW,SCSCF,S:SCSCF,MTAS,S:SCSCF,PCSCF,S:PCSCF,SCSCF,P:SCSCF,MTAS,P:MTAS,SCSCF,P:SCSCF,GTW,P:GTW,SCSCF,P-200:SCSCF,MTAS,P-200:MTAS,SCSCF,P-200:SCSCF,PCSCF,P-200:GTW,SCSCF,I-200:SCSCF,MTAS,I-200:SCSCF,PCSCF,I-200:PCSCF,SCSCF,A:SCSCF,MTAS,A:MTAS,SCSCF,A:SCSCF,GTW,A:PCSCF,SCSCF,B:SCSCF,MTAS,B:MTAS,SCSCF,B:SCSCF,GTW,B:GTW,SCSCF,B-200:SCSCF,MTAS,B-200:MTAS,SCSCF,B-200:SCSCF,PCSCF,B-200"
146,0,0,"MTAS,SCSCF,I:SCSCF,MTAS,T:SCSCF,PCSCF,I:PCSCF,SCSCF,T:PCSCF,SCSCF,R:SCSCF,MTAS,R:MTAS,SCSCF,P:SCSCF,PCSCF,P:PCSCF,SCSCF,P-200:SCSCF,MTAS,P-200:PCSCF,SCSCF,I-200:SCSCF,MTAS,I-200:MTAS,SCSCF,A:SCSCF,PCSCF,A:MTAS,SCSCF,U:SCSCF,PCSCF,U:SCSCF,MTAS,U-200:PCSCF,SCSCF,U-200:MTAS,SCSCF,B:SCSCF,PCSCF,B:PCSCF,SCSCF,B-200:SCSCF,MTAS,B-200"
147,0,0,"GTW,ICSCF,I:ICSCF,GTW,T:SCSCF,ASLI,I:ASLI,SCSCF,T:ASLI,SCSCF,I-500:SCSCF,MTAS,I:MTAS,SCSCF,I:SCSCF,MTAS,T:SCSCF,ASLI,A:MTAS,SCSCF,T:SCSCF,PCSCF,I:PCSCF,SCSCF,T:PCSCF,SCSCF,R:SCSCF,MTAS,R:MTAS,SCSCF,R:ICSCF,GTW,R:GTW,SCSCF,P:SCSCF,MTAS,P:MTAS,SCSCF,P:SCSCF,PCSCF,P:PCSCF,SCSCF,P-200:SCSCF,MTAS,P-200:MTAS,SCSCF,P-200:SCSCF,GTW,P-200:PCSCF,SCSCF,I-200:SCSCF,MTAS,I-200:MTAS,SCSCF,I-200:ICSCF,GTW,I-200:GTW,SCSCF,A:SCSCF,MTAS,A:MTAS,SCSCF,A:SCSCF,PCSCF,A:PCSCF,SCSCF,B:SCSCF,MTAS,B:MTAS,SCSCF,B:SCSCF,GTW,B:GTW,SCSCF,B-200:SCSCF,MTAS,B-200:MTAS,SCSCF,B-200:SCSCF,PCSCF,B-200"
148,0,0,"PCSCF,SCSCF,I:SCSCF,PCSCF,T:SCSCF,ASLI,I:ASLI,SCSCF,T:ASLI,SCSCF,I-500:SCSCF,ASLI,A:MTAS,SCSCF,I:SCSCF,MTAS,T:SCSCF,GTW,I:GTW,SCSCF,T:GTW,SCSCF,S:SCSCF,MTAS,S:SCSCF,PCSCF,S:PCSCF,SCSCF,P:MTAS,SCSCF,P:SCSCF,GTW,P:GTW,SCSCF,P-200:SCSCF,MTAS,P-200:SCSCF,PCSCF,P-200:GTW,SCSCF,R:SCSCF,MTAS,R:SCSCF,PCSCF,R:PCSCF,SCSCF,P:MTAS,SCSCF,P:SCSCF,GTW,P:GTW,SCSCF,P-200:SCSCF,MTAS,P-200:SCSCF,PCSCF,P-200:GTW,SCSCF,I-200:SCSCF,MTAS,I-200:SCSCF,PCSCF,I-200:PCSCF,SCSCF,A:SCSCF,MTAS,A:MTAS,SCSCF,A:SCSCF,GTW,A:MTAS,SCSCF,U:SCSCF,GTW,U:GTW,SCSCF,U-200:SCSCF,PCSCF,U:SCSCF,MTAS,U-200:PCSCF,SCSCF,U-200:SCSCF,MTAS,U-200:MTAS,SCSCF,U:SCSCF,GTW,U:GTW,SCSCF,U-200:SCSCF,PCSCF,U:SCSCF,MTAS,U-200:PCSCF,SCSCF,U-200:SCSCF,MTAS,U-200:MTAS,SCSCF,U:SCSCF,GTW,U:GTW,SCSCF,U-200:SCSCF,MTAS,U-200:MTAS,SCSCF,U:SCSCF,PCSCF,U:PCSCF,SCSCF,U-200:SCSCF,MTAS,U-200:MTAS,SCSCF,U:SCSCF,GTW,U:GTW,SCSCF,U-200:SCSCF,MTAS,U-200:MTAS,SCSCF,U:SCSCF,PCSCF,U:PCSCF,SCSCF,U-200:SCSCF,MTAS,U-200:GTW,SCSCF,B:PCSCF,SCSCF,B:MTAS,SCSCF,B:SCSCF,PCSCF,B:PCSCF,SCSCF,B-200:SCSCF,MTAS,B-200:SCSCF,GTW,B-200:SCSCF,PCSCF,B-481"
149,0,0,"PCSCF,SCSCF,I:SCSCF,ASLI,I:ASLI,SCSCF,T:ASLI,SCSCF,I-500:SCSCF,ASLI,A:SCSCF,PCSCF,T:MTAS,SCSCF,I:SCSCF,MTAS,T:SCSCF,GTW,I:GTW,SCSCF,T:GTW,SCSCF,R:SCSCF,MTAS,R:SCSCF,PCSCF,R:SCSCF,MTAS,P:MTAS,SCSCF,P:PCSCF,SCSCF,P:SCSCF,GTW,P:GTW,SCSCF,P-200:SCSCF,MTAS,P-200:MTAS,SCSCF,P-200:SCSCF,PCSCF,P-200:GTW,SCSCF,I-200:SCSCF,MTAS,I-200:SCSCF,PCSCF,I-200:SCSCF,MTAS,A:MTAS,SCSCF,A:SCSCF,GTW,A:PCSCF,SCSCF,A:GTW,SCSCF,B:MTAS,SCSCF,B:SCSCF,PCSCF,B:PCSCF,SCSCF,B-200:SCSCF,MTAS,B-200:SCSCF,GTW,B-200"
150,0,0,"GTW,ICSCF,I:ICSCF,GTW,T:SCSCF,ASLI,I:ASLI,SCSCF,T:ASLI,SCSCF,I-500:SCSCF,ASLI,A:SCSCF,MTAS,I:MTAS,SCSCF,T:MTAS,SCSCF,I:SCSCF,MTAS,T:SCSCF,PCSCF,I:PCSCF,SCSCF,T:PCSCF,SCSCF,R:SCSCF,MTAS,R:MTAS,SCSCF,R:ICSCF,GTW,R:GTW,SCSCF,P:SCSCF,MTAS,P:MTAS,SCSCF,P:SCSCF,PCSCF,P:SCSCF,MTAS,P-200:MTAS,SCSCF,P-200:PCSCF,SCSCF,P-200:SCSCF,GTW,P-200:GTW,ICSCF,C:ICSCF,GTW,C-200:SCSCF,MTAS,C:MTAS,SCSCF,C:SCSCF,MTAS,C-200:SCSCF,PCSCF,C:PCSCF,SCSCF,C-200:MTAS,SCSCF,C-200:PCSCF,SCSCF,I-487:SCSCF,PCSCF,A:SCSCF,MTAS,I-487:MTAS,SCSCF,A:MTAS,SCSCF,I-487:SCSCF,MTAS,A:ICSCF,GTW,I-487:GTW,ICSCF,A"
151,0,0,"GTW,ICSCF,I:ICSCF,GTW,T:SCSCF,ASLI,I:ASLI,SCSCF,T:ASLI,SCSCF,I-500:SCSCF,ASLI,A:SCSCF,MTAS,I:MTAS,SCSCF,T:MTAS,SCSCF,I:SCSCF,MTAS,T:SCSCF,PCSCF,I:PCSCF,SCSCF,T:PCSCF,SCSCF,R:SCSCF,MTAS,R:MTAS,SCSCF,R:ICSCF,GTW,R:GTW,SCSCF,P:SCSCF,MTAS,P:MTAS,SCSCF,P:SCSCF,PCSCF,P:PCSCF,SCSCF,P-200:SCSCF,MTAS,P-200:MTAS,SCSCF,P-200:SCSCF,GTW,P-200:GTW,ICSCF,C:ICSCF,GTW,C-200:SCSCF,MTAS,C:MTAS,SCSCF,C:SCSCF,MTAS,C-200:SCSCF,PCSCF,C:PCSCF,SCSCF,C-200:PCSCF,SCSCF,I-487:SCSCF,PCSCF,A:SCSCF,MTAS,I-487:MTAS,SCSCF,C-200:MTAS,SCSCF,A:MTAS,SCSCF,I-487:SCSCF,MTAS,A:ICSCF,GTW,I-487:GTW,ICSCF,A"
152,0,0,"PCSCF,SCSCF,I:SCSCF,PCSCF,T:SCSCF,ASLI,I:ASLI,SCSCF,T:ASLI,SCSCF,I-500:SCSCF,ASLI,A:MTAS,SCSCF,I:SCSCF,MTAS,T:SCSCF,ASLI,I:ASLI,SCSCF,T:ASLI,SCSCF,I-500:SCSCF,ASLI,A:SCSCF,MTAS,I:MTAS,SCSCF,T:MTAS,SCSCF,I:SCSCF,MTAS,T:SCSCF,PCSCF,I:PCSCF,SCSCF,T:PCSCF,SCSCF,R:SCSCF,MTAS,R:MTAS,SCSCF,R:SCSCF,MTAS,R:SCSCF,PCSCF,R:PCSCF,SCSCF,I-200:SCSCF,MTAS,I-200:MTAS,SCSCF,I-200:SCSCF,MTAS,I-200:SCSCF,PCSCF,I-200:PCSCF,SCSCF,A:MTAS,SCSCF,A:SCSCF,MTAS,A:MTAS,SCSCF,A:SCSCF,PCSCF,A:PCSCF,SCSCF,B:MTAS,SCSCF,B:SCSCF,MTAS,B:MTAS,SCSCF,B:SCSCF,PCSCF,B:PCSCF,SCSCF,B-200:SCSCF,MTAS,B-200:MTAS,SCSCF,B-200:SCSCF,MTAS,B-200:SCSCF,PCSCF,B-200"
153,0,0,"GTW,ICSCF,I:ICSCF,GTW,T:SCSCF,ASLI,I:ASLI,SCSCF,T:ASLI,SCSCF,I-500:SCSCF,ASLI,A:SCSCF,MTAS,I:MTAS,SCSCF,T:MTAS,SCSCF,I:SCSCF,MTAS,T:SCSCF,PCSCF,I:PCSCF,SCSCF,T:PCSCF,SCSCF,R:SCSCF,MTAS,R:MTAS,SCSCF,R:ICSCF,GTW,R:GTW,SCSCF,P:SCSCF,MTAS,P:MTAS,SCSCF,P:SCSCF,PCSCF,P:PCSCF,SCSCF,P-200:SCSCF,MTAS,P-200:MTAS,SCSCF,P-200:SCSCF,GTW,P-200:PCSCF,SCSCF,I-200:SCSCF,MTAS,I-200:MTAS,SCSCF,I-200:ICSCF,GTW,I-200:GTW,SCSCF,A:SCSCF,MTAS,A:MTAS,SCSCF,A:SCSCF,PCSCF,A:GTW,SCSCF,I:SCSCF,GTW,T:SCSCF,MTAS,I:MTAS,SCSCF,T:MTAS,SCSCF,I:SCSCF,MTAS,T:SCSCF,PCSCF,I:PCSCF,SCSCF,I-200:SCSCF,MTAS,I-200:MTAS,SCSCF,I-200:SCSCF,GTW,I-200:GTW,SCSCF,A:SCSCF,MTAS,A:MTAS,SCSCF,A:SCSCF,PCSCF,A:GTW,SCSCF,I:SCSCF,GTW,T:SCSCF,MTAS,I:MTAS,SCSCF,I:SCSCF,MTAS,T:SCSCF,PCSCF,I:MTAS,SCSCF,T:PCSCF,SCSCF,I-200:SCSCF,MTAS,I-200:MTAS,SCSCF,I-200:SCSCF,GTW,I-200:GTW,SCSCF,A:SCSCF,MTAS,A:MTAS,SCSCF,A:SCSCF,PCSCF,A:GTW,SCSCF,B:SCSCF,MTAS,B:MTAS,SCSCF,B:SCSCF,PCSCF,B:PCSCF,SCSCF,B-200:SCSCF,MTAS,B-200:MTAS,SCSCF,B-200:SCSCF,GTW,B-200"
154,0,0,"GTW,ICSCF,I:ICSCF,GTW,T:SCSCF,ASLI,I:ASLI,SCSCF,T:ASLI,SCSCF,I-500:SCSCF,ASLI,A:SCSCF,MTAS,I:MTAS,SCSCF,T:MTAS,SCSCF,I:SCSCF,MTAS,T:SCSCF,PCSCF,I:PCSCF,SCSCF,T:PCSCF,SCSCF,R:SCSCF,MTAS,R:MTAS,SCSCF,R:ICSCF,GTW,R:GTW,SCSCF,P:SCSCF,MTAS,P:MTAS,SCSCF,P:SCSCF,PCSCF,P:PCSCF,SCSCF,P-200:SCSCF,MTAS,P-200:MTAS,SCSCF,P-200:SCSCF,GTW,P-200:PCSCF,SCSCF,I-200:SCSCF,MTAS,I-200:MTAS,SCSCF,I-200:ICSCF,GTW,I-200:GTW,SCSCF,A:SCSCF,MTAS,A:MTAS,SCSCF,A:SCSCF,PCSCF,A:MTAS,SCSCF,U:SCSCF,PCSCF,U:MTAS,SCSCF,U:SCSCF,GTW,U:SCSCF,MTAS,U-200:GTW,SCSCF,U-200:SCSCF,MTAS,U-200:PCSCF,SCSCF,U-200:GTW,SCSCF,B:SCSCF,MTAS,B:MTAS,SCSCF,B:SCSCF,PCSCF,B:GTW,SCSCF,B:SCSCF,GTW,B-408"
155,0,0,"PCSCF,SCSCF,I:SCSCF,PCSCF,T:SCSCF,ASLI,I:ASLI,SCSCF,T:ASLI,SCSCF,I-500:SCSCF,ASLI,A:MTAS,SCSCF,I:SCSCF,MTAS,T:SCSCF,GTW,I:GTW,SCSCF,T:GTW,SCSCF,R:SCSCF,MTAS,R:SCSCF,PCSCF,R:PCSCF,SCSCF,P:SCSCF,MTAS,P:MTAS,SCSCF,P:SCSCF,GTW,P:GTW,SCSCF,P-200:SCSCF,MTAS,P-200:MTAS,SCSCF,P-200:SCSCF,PCSCF,P-200:GTW,SCSCF,I-200:SCSCF,MTAS,I-200:SCSCF,PCSCF,I-200:GTW,SCSCF,I-200:SCSCF,MTAS,I-200:PCSCF,SCSCF,A:SCSCF,MTAS,A:MTAS,SCSCF,A:SCSCF,GTW,A:PCSCF,SCSCF,B:SCSCF,MTAS,B:MTAS,SCSCF,B:SCSCF,GTW,B:GTW,SCSCF,B-200:SCSCF,MTAS,B-200:MTAS,SCSCF,B-200:SCSCF,PCSCF,B-200"
156,0,0,"PCSCF,SCSCF,I:SCSCF,BCCAS,I:BCCAS,SCSCF,T:BCCAS,SCSCF,I-500:SCSCF,BCCAS,A:SCSCF,ASLI,I:ASLI,SCSCF,T:ASLI,SCSCF,I-500:SCSCF,PCSCF,T:SCSCF,ASLI,A:SCSCF,BCCAS,I:BCCAS,SCSCF,T:BCCAS,SCSCF,I:SCSCF,BCCAS,T:SCSCF,GTW,I:GTW,SCSCF,T:GTW,SCSCF,I-486:SCSCF,GTW,A:SCSCF,BCCAS,I-486:BCCAS,SCSCF,A:BCCAS,SCSCF,I-486:SCSCF,BCCAS,A:SCSCF,PCSCF,I-486:PCSCF,SCSCF,A"
157,0,0,"PCSCF,SCSCF,I:SCSCF,PCSCF,T:SCSCF,ASLI,I:ASLI,SCSCF,T:ASLI,SCSCF,I-500:SCSCF,ASLI,A:MTAS,SCSCF,I:SCSCF,MTAS,T:SCSCF,GTW,I:GTW,SCSCF,T:GTW,SCSCF,I-200:SCSCF,MTAS,I-200:SCSCF,PCSCF,I-200:PCSCF,SCSCF,A:SCSCF,MTAS,A:MTAS,SCSCF,A:SCSCF,GTW,A:MTAS,SCSCF,U:SCSCF,GTW,U:GTW,SCSCF,U-200:SCSCF,MTAS,U-200:MTAS,SCSCF,U:SCSCF,PCSCF,U:PCSCF,SCSCF,U-200:SCSCF,MTAS,U-200:MTAS,SCSCF,U:SCSCF,GTW,U:GTW,SCSCF,U-200:SCSCF,PCSCF,U:SCSCF,MTAS,U-200:PCSCF,SCSCF,U-200:SCSCF,MTAS,U-200:MTAS,SCSCF,U:SCSCF,GTW,U:GTW,SCSCF,U-200:SCSCF,MTAS,U-200:MTAS,SCSCF,U:SCSCF,PCSCF,U:PCSCF,SCSCF,U-200:SCSCF,MTAS,U-200:GTW,SCSCF,B:MTAS,SCSCF,B:SCSCF,PCSCF,B:PCSCF,SCSCF,B-200:SCSCF,MTAS,B-200:SCSCF,GTW,B-200"
158,0,0,"PCSCF,SCSCF,I:SCSCF,PCSCF,T:SCSCF,ASLI,I:ASLI,SCSCF,T:ASLI,SCSCF,I-500:SCSCF,ASLI,A:MTAS,SCSCF,I:SCSCF,MTAS,T:SCSCF,GTW,I:GTW,SCSCF,T:GTW,SCSCF,S:SCSCF,MTAS,S:SCSCF,PCSCF,S:PCSCF,SCSCF,P:MTAS,SCSCF,P:SCSCF,GTW,P:GTW,SCSCF,P-200:SCSCF,MTAS,P-200:SCSCF,PCSCF,P-200:GTW,SCSCF,R:SCSCF,MTAS,R:SCSCF,PCSCF,R:PCSCF,SCSCF,P:MTAS,SCSCF,P:SCSCF,GTW,P:GTW,SCSCF,P-200:SCSCF,MTAS,P-200:SCSCF,PCSCF,P-200:PCSCF,SCSCF,C:MTAS,SCSCF,C:SCSCF,MTAS,C-200:SCSCF,GTW,C:SCSCF,PCSCF,C-200:GTW,SCSCF,C-200:GTW,SCSCF,I-487:SCSCF,GTW,A:SCSCF,MTAS,I-487:MTAS,SCSCF,A:SCSCF,PCSCF,I-487:PCSCF,SCSCF,A"
159,0,0,"PCSCF,SCSCF,I:SCSCF,PCSCF,T:SCSCF,PCSCF,I-407:PCSCF,SCSCF,A:PCSCF,SCSCF,I:SCSCF,ASLI,I:ASLI,SCSCF,T:SCSCF,PCSCF,T:ASLI,SCSCF,I-500:SCSCF,ASLI,A:MTAS,SCSCF,I:SCSCF,MTAS,T:SCSCF,GTW,I:GTW,SCSCF,T:GTW,SCSCF,R:SCSCF,MTAS,R:SCSCF,PCSCF,R:PCSCF,SCSCF,P:SCSCF,MTAS,P:MTAS,SCSCF,P:SCSCF,GTW,P:GTW,SCSCF,P-200:SCSCF,MTAS,P-200:MTAS,SCSCF,P-200:SCSCF,PCSCF,P-200:GTW,SCSCF,I-200:SCSCF,MTAS,I-200:SCSCF,PCSCF,I-200:PCSCF,SCSCF,A:SCSCF,MTAS,A:MTAS,SCSCF,A:SCSCF,GTW,A:PCSCF,SCSCF,B:SCSCF,MTAS,B:MTAS,SCSCF,B:SCSCF,GTW,B:GTW,SCSCF,B-200:SCSCF,MTAS,B-200:MTAS,SCSCF,B-200:SCSCF,PCSCF,B-200"
160,0,0,"PCSCF,SCSCF,I:SCSCF,PCSCF,T:SCSCF,PCSCF,I-407:PCSCF,SCSCF,A:PCSCF,SCSCF,I:SCSCF,ASLI,I:ASLI,SCSCF,T:ASLI,SCSCF,I-500:SCSCF,ASLI,A:MTAS,SCSCF,I:SCSCF,MTAS,T:SCSCF,GTW,I:GTW,SCSCF,T:SCSCF,PCSCF,T:GTW,SCSCF,S:SCSCF,PCSCF,S:SCSCF,MTAS,S:PCSCF,SCSCF,P:SCSCF,MTAS,P:MTAS,SCSCF,P:SCSCF,GTW,P:GTW,SCSCF,P-200:SCSCF,MTAS,P-200:MTAS,SCSCF,P-200:SCSCF,PCSCF,P-200:GTW,SCSCF,R:SCSCF,MTAS,R:SCSCF,PCSCF,R:PCSCF,SCSCF,P:SCSCF,MTAS,P:MTAS,SCSCF,P:SCSCF,GTW,P:GTW,SCSCF,P-200:SCSCF,MTAS,P-200:MTAS,SCSCF,P-200:SCSCF,PCSCF,P-200:GTW,SCSCF,I-200:SCSCF,MTAS,I-200:SCSCF,PCSCF,I-200:PCSCF,SCSCF,A:SCSCF,MTAS,A:MTAS,SCSCF,A:SCSCF,GTW,A:MTAS,SCSCF,U:SCSCF,GTW,U:SCSCF,PCSCF,U:GTW,SCSCF,U-200:SCSCF,MTAS,U-200:PCSCF,SCSCF,U-200:SCSCF,MTAS,U-200:PCSCF,SCSCF,B:SCSCF,MTAS,B:MTAS,SCSCF,B:SCSCF,GTW,B:GTW,SCSCF,B-200:SCSCF,MTAS,B-200:MTAS,SCSCF,B-200:SCSCF,PCSCF,B-200"
161,0,0,"GTW,ICSCF,I:ICSCF,GTW,T:SCSCF,ASLI,I:ASLI,SCSCF,T:ASLI,SCSCF,I-500:SCSCF,ASLI,A:SCSCF,MTAS,I:MTAS,SCSCF,T:MTAS,SCSCF,I:SCSCF,MTAS,T:SCSCF,PCSCF,I:PCSCF,SCSCF,T:PCSCF,SCSCF,R:SCSCF,MTAS,R:MTAS,SCSCF,R:ICSCF,GTW,R:GTW,SCSCF,P:SCSCF,MTAS,P:MTAS,SCSCF,P:SCSCF,PCSCF,P:PCSCF,SCSCF,P-200:SCSCF,MTAS,P-200:MTAS,SCSCF,P-200:SCSCF,GTW,P-200:PCSCF,SCSCF,I-200:SCSCF,MTAS,I-200:MTAS,SCSCF,I-200:ICSCF,GTW,I-200:GTW,SCSCF,A:SCSCF,MTAS,A:MTAS,SCSCF,A:SCSCF,PCSCF,A:MTAS,SCSCF,U:SCSCF,PCSCF,U:SCSCF,GTW,U:GTW,SCSCF,U-200:SCSCF,MTAS,U-200:PCSCF,SCSCF,U-200:SCSCF,MTAS,U-200:MTAS,SCSCF,U:SCSCF,GTW,U:GTW,SCSCF,U-200:SCSCF,MTAS,U-200:MTAS,SCSCF,U:SCSCF,PCSCF,U:PCSCF,SCSCF,U-200:SCSCF,MTAS,U-200:MTAS,SCSCF,U:SCSCF,GTW,U:GTW,SCSCF,U-200:SCSCF,MTAS,U-200:MTAS,SCSCF,U:SCSCF,PCSCF,U:PCSCF,SCSCF,U-200:SCSCF,MTAS,U-200:MTAS,SCSCF,U:GTW,SCSCF,U-200:SCSCF,MTAS,U-200:SCSCF,GTW,U:MTAS,SCSCF,U:SCSCF,PCSCF,U:SCSCF,MTAS,U-200:PCSCF,SCSCF,U-200:PCSCF,SCSCF,B:SCSCF,MTAS,B:MTAS,SCSCF,B:SCSCF,GTW,B:GTW,SCSCF,B-200:SCSCF,MTAS,B-200:MTAS,SCSCF,B-200:SCSCF,PCSCF,B-200"
162,0,0,"PCSCF,SCSCF,I:SCSCF,PCSCF,T:SCSCF,ASLI,I:ASLI,SCSCF,T:ASLI,SCSCF,I-500:SCSCF,ASLI,A:MTAS,SCSCF,I:SCSCF,MTAS,T:SCSCF,GTW,I:GTW,SCSCF,T:GTW,SCSCF,S:SCSCF,MTAS,S:GTW,SCSCF,S:SCSCF,MTAS,S:SCSCF,PCSCF,S:PCSCF,SCSCF,P:SCSCF,MTAS,P:MTAS,SCSCF,P:SCSCF,GTW,P:GTW,SCSCF,R:SCSCF,MTAS,R:GTW,SCSCF,P-200:SCSCF,MTAS,P-200:MTAS,SCSCF,P-200:SCSCF,PCSCF,P-200:PCSCF,SCSCF,P:SCSCF,PCSCF,R:SCSCF,PCSCF,P-482:PCSCF,SCSCF,P:SCSCF,MTAS,P:MTAS,SCSCF,P:SCSCF,GTW,P:GTW,SCSCF,P-200:SCSCF,MTAS,P-200:MTAS,SCSCF,P-200:SCSCF,PCSCF,P-200:GTW,SCSCF,I-200:SCSCF,MTAS,I-200:SCSCF,PCSCF,I-200:PCSCF,SCSCF,A:SCSCF,MTAS,A:MTAS,SCSCF,A:SCSCF,GTW,A:GTW,SCSCF,B:MTAS,SCSCF,B:SCSCF,PCSCF,B:PCSCF,SCSCF,B-200:SCSCF,MTAS,B-200:SCSCF,GTW,B-200"
163,0,0,"GTW,ICSCF,I:ICSCF,GTW,T:SCSCF,ASLI,I:ASLI,SCSCF,T:ASLI,SCSCF,I-500:SCSCF,ASLI,A:SCSCF,MTAS,I:MTAS,SCSCF,I:SCSCF,MTAS,T:MTAS,SCSCF,T:SCSCF,PCSCF,I:PCSCF,SCSCF,T:SCSCF,PCSCF,I:PCSCF,SCSCF,T:PCSCF,SCSCF,R:SCSCF,MTAS,R:MTAS,SCSCF,R:ICSCF,GTW,R:GTW,SCSCF,P:SCSCF,MTAS,P:MTAS,SCSCF,P:SCSCF,PCSCF,P:PCSCF,SCSCF,R:SCSCF,MTAS,R:MTAS,SCSCF,R:ICSCF,GTW,R:GTW,SCSCF,P:SCSCF,MTAS,P:MTAS,SCSCF,P:PCSCF,SCSCF,P-200:SCSCF,PCSCF,P:SCSCF,MTAS,P-200:MTAS,SCSCF,P-200:SCSCF,GTW,P-200:PCSCF,SCSCF,P-200:SCSCF,MTAS,P-200:MTAS,SCSCF,P-200:SCSCF,GTW,P-200:GTW,ICSCF,C:ICSCF,GTW,C-200:SCSCF,MTAS,C:MTAS,SCSCF,C-200:MTAS,SCSCF,C:SCSCF,MTAS,C-200:SCSCF,PCSCF,C:PCSCF,SCSCF,C-200:SCSCF,PCSCF,C:PCSCF,SCSCF,C-200:PCSCF,SCSCF,I-487:SCSCF,PCSCF,A:PCSCF,SCSCF,I-487:SCSCF,MTAS,I-487:MTAS,SCSCF,A:MTAS,SCSCF,I-487:SCSCF,MTAS,A:ICSCF,GTW,I-487:GTW,ICSCF,A:SCSCF,PCSCF,A"
164,0,0,"PCSCF,SCSCF,I:SCSCF,PCSCF,T:SCSCF,ASLI,I:ASLI,SCSCF,T:ASLI,SCSCF,I-500:SCSCF,ASLI,A:MTAS,SCSCF,I:SCSCF,MTAS,T:SCSCF,GTW,I:GTW,SCSCF,T:GTW,SCSCF,S:SCSCF,MTAS,S:SCSCF,PCSCF,S:PCSCF,SCSCF,P:MTAS,SCSCF,P:SCSCF,GTW,P:GTW,SCSCF,P-200:GTW,SCSCF,I-200:SCSCF,MTAS,I-200:SCSCF,MTAS,P-200:SCSCF,PCSCF,I-200:SCSCF,PCSCF,P-200:PCSCF,SCSCF,A:SCSCF,MTAS,A:MTAS,SCSCF,A:SCSCF,GTW,A:PCSCF,SCSCF,B:MTAS,SCSCF,B:SCSCF,GTW,B:GTW,SCSCF,B-200:SCSCF,MTAS,B-200:SCSCF,PCSCF,B-200"
165,0,0,"GTW,ICSCF,I:ICSCF,GTW,T:ICSCF,SCSCF,I:SCSCF,ICSCF,T:SCSCF,MTAS,I:MTAS,SCSCF,T:MTAS,SCSCF,R:SCSCF,ICSCF,R:ICSCF,GTW,R:SCSCF,MTAS,P:MTAS,SCSCF,P-200:MTAS,SCSCF,I-200:SCSCF,ICSCF,I-200:ICSCF,GTW,I-200:SCSCF,MTAS,A"
166,0,0,"GTW,ICSCF,I:ICSCF,GTW,T:SCSCF,ASLI,I:ASLI,SCSCF,T:ASLI,SCSCF,I-500:SCSCF,ASLI,A:SCSCF,MTAS,I:MTAS,SCSCF,T:MTAS,SCSCF,I-486:ICSCF,GTW,I-486:GTW,ICSCF,A:SCSCF,MTAS,A"
167,0,0,"GTW,ICSCF,I:ICSCF,GTW,T:SCSCF,ASLI,I:ASLI,SCSCF,T:ASLI,SCSCF,I-500:SCSCF,MTAS,I:MTAS,SCSCF,T:MTAS,SCSCF,I:SCSCF,MTAS,T:SCSCF,PCSCF,I:PCSCF,SCSCF,T:SCSCF,ASLI,A:PCSCF,SCSCF,R:SCSCF,MTAS,R:MTAS,SCSCF,R:ICSCF,GTW,R:GTW,SCSCF,P:SCSCF,MTAS,P:MTAS,SCSCF,P:SCSCF,PCSCF,P:PCSCF,SCSCF,P-200:SCSCF,MTAS,P-200:MTAS,SCSCF,P-200:SCSCF,GTW,P-200:GTW,ICSCF,C:ICSCF,GTW,C-200:SCSCF,MTAS,C:MTAS,SCSCF,C-200:MTAS,SCSCF,C:SCSCF,MTAS,C-200:SCSCF,PCSCF,C:PCSCF,SCSCF,C-200:PCSCF,SCSCF,I-487:SCSCF,MTAS,I-487:MTAS,SCSCF,A:MTAS,SCSCF,I-487:SCSCF,MTAS,A:ICSCF,GTW,I-487:GTW,ICSCF,A:SCSCF,PCSCF,A"
168,0,0,"GTW,ICSCF,I:ICSCF,GTW,T:SCSCF,ASLI,I:ASLI,SCSCF,T:ASLI,SCSCF,I-500:SCSCF,MTAS,I:SCSCF,ASLI,A:MTAS,SCSCF,T:MTAS,SCSCF,I:SCSCF,MTAS,T:SCSCF,PCSCF,I:PCSCF,SCSCF,T:PCSCF,SCSCF,R:SCSCF,MTAS,R:MTAS,SCSCF,R:ICSCF,GTW,R:GTW,SCSCF,P:SCSCF,MTAS,P:MTAS,SCSCF,P:SCSCF,PCSCF,P:PCSCF,SCSCF,P-200:SCSCF,MTAS,P-200:MTAS,SCSCF,P-200:SCSCF,GTW,P-200:PCSCF,SCSCF,I-200:SCSCF,MTAS,I-200:MTAS,SCSCF,I-200:ICSCF,GTW,I-200:GTW,SCSCF,A:SCSCF,MTAS,A:MTAS,SCSCF,A:SCSCF,PCSCF,A:MTAS,SCSCF,U:SCSCF,PCSCF,U:SCSCF,GTW,U:GTW,SCSCF,U-200:SCSCF,MTAS,U-200:PCSCF,SCSCF,U-200:SCSCF,MTAS,U-200:MTAS,SCSCF,U:SCSCF,GTW,U:GTW,SCSCF,U-200:SCSCF,MTAS,U-200:MTAS,SCSCF,U:SCSCF,PCSCF,U:PCSCF,SCSCF,U-200:SCSCF,MTAS,U-200:PCSCF,SCSCF,B:SCSCF,MTAS,B:MTAS,SCSCF,B:SCSCF,GTW,B:GTW,SCSCF,B-200:SCSCF,MTAS,B-200:MTAS,SCSCF,B-200:SCSCF,PCSCF,B-200"
169,0,0,"PCSCF,SCSCF,I:SCSCF,PCSCF,T:SCSCF,ASLI,I:ASLI,SCSCF,T:ASLI,SCSCF,I-500:SCSCF,ASLI,A:MTAS,SCSCF,I:SCSCF,MTAS,T:SCSCF,GTW,I:GTW,SCSCF,T:GTW,SCSCF,R:SCSCF,MTAS,R:SCSCF,PCSCF,R:PCSCF,SCSCF,P:SCSCF,MTAS,P:MTAS,SCSCF,P:SCSCF,GTW,P:GTW,SCSCF,P-200:SCSCF,MTAS,P-200:MTAS,SCSCF,P-200:SCSCF,PCSCF,P-200:GTW,SCSCF,I-200:SCSCF,MTAS,I-200:SCSCF,PCSCF,I-200:PCSCF,SCSCF,A:SCSCF,MTAS,A:MTAS,SCSCF,A:SCSCF,GTW,A:MTAS,SCSCF,U:SCSCF,GTW,U:GTW,SCSCF,U-200:SCSCF,PCSCF,U:SCSCF,MTAS,U-200:PCSCF,SCSCF,U-200:SCSCF,MTAS,U-200:MTAS,SCSCF,U:SCSCF,GTW,U:GTW,SCSCF,U-200:SCSCF,MTAS,U-200:MTAS,SCSCF,U:SCSCF,PCSCF,U:PCSCF,SCSCF,U-200:SCSCF,MTAS,U-200:PCSCF,SCSCF,B:MTAS,SCSCF,B:SCSCF,GTW,B:GTW,SCSCF,B-200:SCSCF,MTAS,B-200:SCSCF,PCSCF,B-200"
170,0,0,"GTW,ICSCF,I:ICSCF,GTW,T:SCSCF,ASLI,I:ASLI,SCSCF,T:ASLI,SCSCF,I-500:SCSCF,ASLI,A:SCSCF,MTAS,I:MTAS,SCSCF,I:SCSCF,MTAS,T:SCSCF,PCSCF,I:PCSCF,SCSCF,T:MTAS,SCSCF,T:PCSCF,SCSCF,I-408:SCSCF,PCSCF,A:SCSCF,MTAS,I-408:MTAS,SCSCF,A:MTAS,SCSCF,S:ICSCF,GTW,S:GTW,SCSCF,P:SCSCF,MTAS,P:MTAS,SCSCF,P-200:SCSCF,GTW,P-200:GTW,ICSCF,C:ICSCF,GTW,C-200:SCSCF,MTAS,C:MTAS,SCSCF,C-200:MTAS,SCSCF,I-408:SCSCF,MTAS,A:ICSCF,GTW,I-408:GTW,ICSCF,A"
171,0,0,"PCSCF,SCSCF,I:SCSCF,ASLI,I:SCSCF,PCSCF,T:ASLI,SCSCF,T:ASLI,SCSCF,I-500:SCSCF,ASLI,A:MTAS,SCSCF,I:SCSCF,MTAS,T:SCSCF,GTW,I:GTW,SCSCF,T:GTW,SCSCF,S:SCSCF,MTAS,S:SCSCF,PCSCF,S:PCSCF,SCSCF,P:SCSCF,MTAS,P:MTAS,SCSCF,P:SCSCF,GTW,P:GTW,SCSCF,P-200:SCSCF,MTAS,P-200:MTAS,SCSCF,P-200:SCSCF,PCSCF,P-200:GTW,SCSCF,S:SCSCF,MTAS,S:SCSCF,PCSCF,S:PCSCF,SCSCF,P:SCSCF,MTAS,P:MTAS,SCSCF,P:SCSCF,GTW,P:GTW,SCSCF,P-200:SCSCF,MTAS,P-200:MTAS,SCSCF,P-200:SCSCF,PCSCF,P-200:GTW,SCSCF,S:SCSCF,MTAS,S:SCSCF,PCSCF,S:PCSCF,SCSCF,P:SCSCF,MTAS,P:MTAS,SCSCF,P:SCSCF,GTW,P:GTW,SCSCF,P-200:SCSCF,MTAS,P-200:MTAS,SCSCF,P-200:SCSCF,PCSCF,P-200:GTW,SCSCF,R:SCSCF,MTAS,R:SCSCF,PCSCF,R:PCSCF,SCSCF,P:SCSCF,MTAS,P:MTAS,SCSCF,P:SCSCF,GTW,P:GTW,SCSCF,P-200:SCSCF,MTAS,P-200:MTAS,SCSCF,P-200:SCSCF,PCSCF,P-200:GTW,SCSCF,I-200:SCSCF,MTAS,I-200:SCSCF,PCSCF,I-200:PCSCF,SCSCF,A:SCSCF,MTAS,A:MTAS,SCSCF,A:SCSCF,GTW,A:PCSCF,SCSCF,B:SCSCF,MTAS,B:MTAS,SCSCF,B:SCSCF,GTW,B:GTW,SCSCF,B-200:SCSCF,MTAS,B-200:MTAS,SCSCF,B-200:SCSCF,PCSCF,B-200"
172,0,0,"PCSCF,SCSCF,I:SCSCF,PCSCF,T:SCSCF,ASLI,I:ASLI,SCSCF,T:ASLI,SCSCF,I-500:SCSCF,ASLI,A:MTAS,SCSCF,I:SCSCF,MTAS,T:SCSCF,GTW,I:GTW,SCSCF,T:GTW,SCSCF,S:SCSCF,MTAS,S:SCSCF,PCSCF,S:PCSCF,SCSCF,P:SCSCF,MTAS,P:MTAS,SCSCF,P:SCSCF,GTW,P:GTW,SCSCF,P-200:GTW,SCSCF,S:SCSCF,MTAS,S:SCSCF,MTAS,P-200:MTAS,SCSCF,P-200:SCSCF,PCSCF,P-200:SCSCF,PCSCF,S:PCSCF,SCSCF,P:SCSCF,MTAS,P:MTAS,SCSCF,P:SCSCF,GTW,P:GTW,SCSCF,P-200:SCSCF,MTAS,P-200:MTAS,SCSCF,P-200:SCSCF,PCSCF,P-200:SCSCF,MTAS,R:GTW,SCSCF,R:SCSCF,PCSCF,R:PCSCF,SCSCF,P:SCSCF,MTAS,P:MTAS,SCSCF,P:SCSCF,GTW,P:SCSCF,MTAS,P-200:GTW,SCSCF,P-200:MTAS,SCSCF,P-200:SCSCF,PCSCF,P-200:PCSCF,SCSCF,C:MTAS,SCSCF,C:SCSCF,MTAS,C-200:SCSCF,GTW,C:GTW,SCSCF,C-200:GTW,SCSCF,I-487:SCSCF,GTW,A:SCSCF,MTAS,I-487:MTAS,SCSCF,A:SCSCF,PCSCF,C-200:SCSCF,PCSCF,I-487:PCSCF,SCSCF,A"
173,0,0,"PCSCF,SCSCF,I:SCSCF,ASLI,I:ASLI,SCSCF,T:SCSCF,PCSCF,T:ASLI,SCSCF,I-500:SCSCF,ASLI,A:MTAS,SCSCF,I:SCSCF,MTAS,T:SCSCF,GTW,I:GTW,SCSCF,T:GTW,SCSCF,S:SCSCF,MTAS,S:SCSCF,PCSCF,S:GTW,SCSCF,S:SCSCF,MTAS,S:PCSCF,SCSCF,P:MTAS,SCSCF,P:SCSCF,GTW,P:GTW,SCSCF,P-200:SCSCF,MTAS,P-200:SCSCF,PCSCF,P-200:GTW,SCSCF,R:SCSCF,MTAS,R:SCSCF,PCSCF,R:PCSCF,SCSCF,P:GTW,SCSCF,R:SCSCF,MTAS,R:MTAS,SCSCF,P:SCSCF,GTW,P:GTW,SCSCF,P-200:SCSCF,MTAS,P-200:SCSCF,PCSCF,P-200:GTW,SCSCF,I-200:SCSCF,MTAS,I-200:SCSCF,PCSCF,I-200:PCSCF,SCSCF,A:SCSCF,MTAS,A:MTAS,SCSCF,A:SCSCF,GTW,A:PCSCF,SCSCF,B:MTAS,SCSCF,B:SCSCF,GTW,B:GTW,SCSCF,B-200:SCSCF,MTAS,B-200:SCSCF,PCSCF,B-200"
174,0,0,"PCSCF,SCSCF,I:SCSCF,ASLI,I:SCSCF,PCSCF,T:ASLI,SCSCF,T:ASLI,SCSCF,I-500:SCSCF,ASLI,A:MTAS,SCSCF,I:SCSCF,MTAS,T:SCSCF,GTW,I:GTW,SCSCF,T:GTW,SCSCF,S:SCSCF,MTAS,S:SCSCF,PCSCF,S:PCSCF,SCSCF,P:SCSCF,MTAS,P:MTAS,SCSCF,P:SCSCF,GTW,P:GTW,SCSCF,P-200:GTW,SCSCF,S:SCSCF,MTAS,S:SCSCF,MTAS,P-200:MTAS,SCSCF,P-200:SCSCF,PCSCF,P-200:SCSCF,PCSCF,S:PCSCF,SCSCF,P:SCSCF,MTAS,P:MTAS,SCSCF,P:SCSCF,GTW,P:GTW,SCSCF,P-200:SCSCF,MTAS,P-200:MTAS,SCSCF,P-200:SCSCF,PCSCF,P-200:GTW,SCSCF,R:SCSCF,MTAS,R:SCSCF,PCSCF,R:PCSCF,SCSCF,P:SCSCF,MTAS,P:MTAS,SCSCF,P:SCSCF,GTW,P:GTW,SCSCF,P-200:SCSCF,MTAS,P-200:MTAS,SCSCF,P-200:SCSCF,PCSCF,P-200:GTW,SCSCF,I-200:SCSCF,MTAS,I-200:SCSCF,PCSCF,I-200:PCSCF,SCSCF,A:SCSCF,MTAS,A:MTAS,SCSCF,A:SCSCF,GTW,A:MTAS,SCSCF,U:SCSCF,GTW,U:SCSCF,PCSCF,U:GTW,SCSCF,U-200:SCSCF,MTAS,U-200:PCSCF,SCSCF,U-200:SCSCF,MTAS,U-200:MTAS,SCSCF,U:SCSCF,GTW,U:GTW,SCSCF,U-200:SCSCF,MTAS,U-200:MTAS,SCSCF,U:SCSCF,PCSCF,U:PCSCF,SCSCF,U-200:SCSCF,MTAS,U-200:PCSCF,SCSCF,B:MTAS,SCSCF,B:SCSCF,GTW,B:GTW,SCSCF,B-200:SCSCF,MTAS,B-200:SCSCF,PCSCF,B-200"
175,0,0,"PCSCF,SCSCF,I:SCSCF,PCSCF,T:SCSCF,ASLI,I:ASLI,SCSCF,T:ASLI,SCSCF,I-500:SCSCF,ASLI,A:MTAS,SCSCF,I:SCSCF,MTAS,T:SCSCF,GTW,I:GTW,SCSCF,T:GTW,SCSCF,R:SCSCF,MTAS,R:SCSCF,PCSCF,R:PCSCF,SCSCF,P:MTAS,SCSCF,P:SCSCF,GTW,P:GTW,SCSCF,P-200:SCSCF,MTAS,P-200:SCSCF,PCSCF,P-200:GTW,SCSCF,I-200:SCSCF,MTAS,I-200:SCSCF,PCSCF,I-200:PCSCF,SCSCF,A:SCSCF,MTAS,A:MTAS,SCSCF,A:SCSCF,GTW,A:PCSCF,SCSCF,B:SCSCF,MTAS,B:MTAS,SCSCF,B:SCSCF,GTW,B:GTW,SCSCF,B-200:SCSCF,MTAS,B-200:MTAS,SCSCF,B-200:SCSCF,PCSCF,B-200"
176,0,0,"PCSCF,SCSCF,I:SCSCF,ASLI,I:ASLI,SCSCF,T:ASLI,SCSCF,I-500:SCSCF,ASLI,A:SCSCF,PCSCF,T:MTAS,SCSCF,I:SCSCF,MTAS,T:SCSCF,GTW,I:GTW,SCSCF,T:GTW,SCSCF,S:SCSCF,MTAS,S:SCSCF,PCSCF,S:PCSCF,SCSCF,P:MTAS,SCSCF,P:SCSCF,GTW,P:GTW,SCSCF,P-200:SCSCF,MTAS,P-200:SCSCF,PCSCF,P-200:PCSCF,SCSCF,C:MTAS,SCSCF,C:SCSCF,MTAS,C-200:SCSCF,GTW,C:GTW,SCSCF,C-200:GTW,SCSCF,I-487:SCSCF,GTW,A:SCSCF,PCSCF,C-200:SCSCF,MTAS,I-487:MTAS,SCSCF,A:SCSCF,PCSCF,I-487:PCSCF,SCSCF,A"
177,0,0,"PCSCF,SCSCF,I:SCSCF,PCSCF,T:SCSCF,ASLI,I:ASLI,SCSCF,T:ASLI,SCSCF,I-500:MTAS,SCSCF,I:SCSCF,MTAS,T:SCSCF,ASLI,A:SCSCF,GTW,I:GTW,SCSCF,T:GTW,SCSCF,R:SCSCF,MTAS,R:SCSCF,PCSCF,R:PCSCF,SCSCF,P:SCSCF,MTAS,P:MTAS,SCSCF,P:SCSCF,GTW,P:GTW,SCSCF,P-200:SCSCF,MTAS,P-200:MTAS,SCSCF,P-200:SCSCF,PCSCF,P-200:GTW,SCSCF,I-200:SCSCF,MTAS,I-200:SCSCF,PCSCF,I-200:PCSCF,SCSCF,A:SCSCF,MTAS,A:MTAS,SCSCF,A:SCSCF,GTW,A:MTAS,SCSCF,U:SCSCF,GTW,U:GTW,SCSCF,U-200:SCSCF,MTAS,U-200:MTAS,SCSCF,U:SCSCF,PCSCF,U:PCSCF,SCSCF,U-200:SCSCF,MTAS,U-200:GTW,SCSCF,B:MTAS,SCSCF,B:SCSCF,PCSCF,B:PCSCF,SCSCF,B-200:SCSCF,MTAS,B-200:SCSCF,GTW,B-200"
178,0,0,"PCSCF,SCSCF,I:SCSCF,PCSCF,T:SCSCF,PCSCF,I-407:PCSCF,SCSCF,A:PCSCF,SCSCF,I:SCSCF,PCSCF,T:SCSCF,ASLI,I:ASLI,SCSCF,T:ASLI,SCSCF,I-500:SCSCF,ASLI,A:MTAS,SCSCF,I:SCSCF,MTAS,T:SCSCF,GTW,I:GTW,SCSCF,T:GTW,SCSCF,S:SCSCF,MTAS,S:SCSCF,PCSCF,S:PCSCF,SCSCF,P:SCSCF,MTAS,P:MTAS,SCSCF,P:SCSCF,GTW,P:GTW,SCSCF,P-200:SCSCF,MTAS,P-200:MTAS,SCSCF,P-200:SCSCF,PCSCF,P-200:GTW,SCSCF,R:SCSCF,MTAS,R:SCSCF,PCSCF,R:PCSCF,SCSCF,P:SCSCF,MTAS,P:MTAS,SCSCF,P:SCSCF,GTW,P:GTW,SCSCF,P-200:SCSCF,MTAS,P-200:MTAS,SCSCF,P-200:SCSCF,PCSCF,P-200:GTW,SCSCF,I-200:SCSCF,MTAS,I-200:SCSCF,PCSCF,I-200:PCSCF,SCSCF,A:SCSCF,MTAS,A:MTAS,SCSCF,A:SCSCF,GTW,A:PCSCF,SCSCF,B:MTAS,SCSCF,B:SCSCF,GTW,B:GTW,SCSCF,B-200:SCSCF,MTAS,B-200:SCSCF,PCSCF,B-200"
179,0,0,"PCSCF,SCSCF,I:SCSCF,PCSCF,T:SCSCF,PCSCF,I-407:PCSCF,SCSCF,A:PCSCF,SCSCF,I:SCSCF,ASLI,I:ASLI,SCSCF,T:ASLI,SCSCF,I-500:SCSCF,ASLI,A:MTAS,SCSCF,I:SCSCF,MTAS,T:SCSCF,GTW,I:GTW,SCSCF,T:SCSCF,PCSCF,T:GTW,SCSCF,R:SCSCF,MTAS,R:SCSCF,PCSCF,R:PCSCF,SCSCF,P:SCSCF,MTAS,P:MTAS,SCSCF,P:SCSCF,GTW,P:GTW,SCSCF,P-200:SCSCF,MTAS,P-200:MTAS,SCSCF,P-200:SCSCF,PCSCF,P-200:GTW,SCSCF,I-200:SCSCF,MTAS,I-200:SCSCF,PCSCF,I-200:PCSCF,SCSCF,A:SCSCF,MTAS,A:MTAS,SCSCF,A:SCSCF,GTW,A:PCSCF,SCSCF,B:MTAS,SCSCF,B:SCSCF,GTW,B:GTW,SCSCF,B-200:SCSCF,MTAS,B-200:SCSCF,PCSCF,B-200"
180,0,0,"PCSCF,SCSCF,I:SCSCF,PCSCF,T:SCSCF,PCSCF,I-407:PCSCF,SCSCF,A:PCSCF,SCSCF,I:SCSCF,PCSCF,T:SCSCF,ASLI,I:ASLI,SCSCF,T:ASLI,SCSCF,I-500:MTAS,SCSCF,I:SCSCF,MTAS,T:SCSCF,ASLI,A:SCSCF,GTW,I:GTW,SCSCF,T:GTW,SCSCF,S:SCSCF,MTAS,S:SCSCF,PCSCF,S:PCSCF,SCSCF,P:SCSCF,MTAS,P:MTAS,SCSCF,P:SCSCF,GTW,P:GTW,SCSCF,P-200:GTW,SCSCF,R:SCSCF,MTAS,P-200:SCSCF,MTAS,R:MTAS,SCSCF,P-200:SCSCF,PCSCF,P-200:SCSCF,PCSCF,R:PCSCF,SCSCF,P:SCSCF,MTAS,P:MTAS,SCSCF,P:SCSCF,GTW,P:GTW,SCSCF,P-200:SCSCF,MTAS,P-200:MTAS,SCSCF,P-200:SCSCF,PCSCF,P-200:GTW,SCSCF,I-200:SCSCF,MTAS,I-200:SCSCF,PCSCF,I-200:PCSCF,SCSCF,A:SCSCF,MTAS,A:MTAS,SCSCF,A:SCSCF,GTW,A:PCSCF,SCSCF,I:MTAS,SCSCF,I:SCSCF,MTAS,T:SCSCF,GTW,I:GTW,SCSCF,T:SCSCF,PCSCF,T:GTW,SCSCF,I-200:SCSCF,MTAS,I-200:SCSCF,PCSCF,I-200:PCSCF,SCSCF,A:SCSCF,MTAS,A:MTAS,SCSCF,A:SCSCF,GTW,A:PCSCF,SCSCF,B:SCSCF,MTAS,B:MTAS,SCSCF,B:SCSCF,GTW,B:GTW,SCSCF,B-200:SCSCF,MTAS,B-200:MTAS,SCSCF,B-200:SCSCF,PCSCF,B-200"
181,0,0,"PCSCF,SCSCF,I:SCSCF,PCSCF,T:SCSCF,ASLI,I:ASLI,SCSCF,T:ASLI,SCSCF,I-500:SCSCF,ASLI,A:MTAS,SCSCF,I:SCSCF,MTAS,T:SCSCF,GTW,I:GTW,SCSCF,T:GTW,SCSCF,S:SCSCF,MTAS,S:SCSCF,PCSCF,S:PCSCF,SCSCF,P:MTAS,SCSCF,P:SCSCF,GTW,P:GTW,SCSCF,P-200:SCSCF,MTAS,P-200:SCSCF,PCSCF,P-200:GTW,SCSCF,I-200:SCSCF,MTAS,I-200:SCSCF,PCSCF,I-200:PCSCF,SCSCF,A:SCSCF,MTAS,A:MTAS,SCSCF,A:SCSCF,GTW,A:MTAS,SCSCF,U:SCSCF,GTW,U:GTW,SCSCF,U-200:SCSCF,MTAS,U-200:MTAS,SCSCF,U:SCSCF,PCSCF,U:PCSCF,SCSCF,U-200:SCSCF,MTAS,U-200:GTW,SCSCF,B:MTAS,SCSCF,B:SCSCF,PCSCF,B:PCSCF,SCSCF,B-200:SCSCF,MTAS,B-200:SCSCF,GTW,B-200"
182,0,0,"GTW,ICSCF,I:ICSCF,GTW,T:SCSCF,ASLI,I:ASLI,SCSCF,T:ASLI,SCSCF,I-500:SCSCF,ASLI,A:SCSCF,MTAS,I:MTAS,SCSCF,T:MTAS,SCSCF,I:SCSCF,MTAS,T:SCSCF,PCSCF,I:PCSCF,SCSCF,T:PCSCF,SCSCF,R:SCSCF,MTAS,R:MTAS,SCSCF,R:ICSCF,GTW,R:GTW,SCSCF,P:SCSCF,MTAS,P:MTAS,SCSCF,P:SCSCF,PCSCF,P:MTAS,SCSCF,P-200:SCSCF,GTW,P-200:PCSCF,SCSCF,P-200:SCSCF,MTAS,P-200:MTAS,SCSCF,I-200:ICSCF,GTW,I-200:GTW,SCSCF,A:PCSCF,SCSCF,I-200:SCSCF,MTAS,I-200:SCSCF,MTAS,A:MTAS,SCSCF,A:SCSCF,PCSCF,A:GTW,SCSCF,B:SCSCF,MTAS,B:MTAS,SCSCF,B:SCSCF,PCSCF,B:PCSCF,SCSCF,B-200:SCSCF,MTAS,B-200:MTAS,SCSCF,B-200:SCSCF,GTW,B-200"
183,0,0,"PCSCF,SCSCF,I:SCSCF,ASLI,I:ASLI,SCSCF,T:ASLI,SCSCF,I-500:SCSCF,ASLI,A:MTAS,SCSCF,I:SCSCF,MTAS,T:SCSCF,GTW,I:SCSCF,PCSCF,T:GTW,SCSCF,T:GTW,SCSCF,R:SCSCF,MTAS,R:SCSCF,PCSCF,R:PCSCF,SCSCF,P:SCSCF,MTAS,P:MTAS,SCSCF,P:SCSCF,GTW,P:GTW,SCSCF,P-200:SCSCF,MTAS,P-200:MTAS,SCSCF,P-200:SCSCF,PCSCF,P-200:GTW,SCSCF,I-200:SCSCF,MTAS,I-200:SCSCF,PCSCF,I-200:GTW,SCSCF,I-200:SCSCF,MTAS,I-200:PCSCF,SCSCF,A:SCSCF,MTAS,A:MTAS,SCSCF,A:SCSCF,GTW,A:PCSCF,SCSCF,B:SCSCF,MTAS,B:MTAS,SCSCF,B:SCSCF,GTW,B:GTW,SCSCF,B-200:SCSCF,MTAS,B-200:MTAS,SCSCF,B-200:SCSCF,PCSCF,B-200"
184,0,0,"PCSCF,SCSCF,I:SCSCF,ASLI,I:ASLI,SCSCF,T:ASLI,SCSCF,I-500:SCSCF,ASLI,A:MTAS,SCSCF,I:SCSCF,PCSCF,T:SCSCF,MTAS,T:SCSCF,GTW,I:GTW,SCSCF,T:GTW,SCSCF,S:SCSCF,MTAS,S:SCSCF,PCSCF,S:PCSCF,SCSCF,P:SCSCF,MTAS,P:MTAS,SCSCF,P:SCSCF,GTW,P:GTW,SCSCF,P-200:SCSCF,MTAS,P-200:MTAS,SCSCF,P-200:SCSCF,PCSCF,P-200:GTW,SCSCF,R:SCSCF,MTAS,R:SCSCF,PCSCF,R:PCSCF,SCSCF,P:SCSCF,MTAS,P:MTAS,SCSCF,P:SCSCF,GTW,P:GTW,SCSCF,P-200:SCSCF,MTAS,P-200:MTAS,SCSCF,P-200:SCSCF,PCSCF,P-200:GTW,SCSCF,I-200:SCSCF,MTAS,I-200:SCSCF,PCSCF,I-200:PCSCF,SCSCF,A:SCSCF,MTAS,A:MTAS,SCSCF,A:SCSCF,GTW,A:MTAS,SCSCF,U:SCSCF,GTW,U:GTW,SCSCF,U-200:SCSCF,MTAS,U-200:MTAS,SCSCF,U:SCSCF,PCSCF,U:PCSCF,SCSCF,U-200:SCSCF,MTAS,U-200:GTW,SCSCF,B:MTAS,SCSCF,B:SCSCF,PCSCF,B:PCSCF,SCSCF,B-200:SCSCF,MTAS,B-200:SCSCF,GTW,B-200"
185,0,0,"PCSCF,SCSCF,I:SCSCF,PCSCF,T:SCSCF,PCSCF,I-407:PCSCF,SCSCF,A:PCSCF,SCSCF,I:SCSCF,ASLI,I:ASLI,SCSCF,T:SCSCF,PCSCF,T:ASLI,SCSCF,I-500:SCSCF,ASLI,A:MTAS,SCSCF,I:SCSCF,MTAS,T:SCSCF,GTW,I:GTW,SCSCF,T:GTW,SCSCF,R:SCSCF,MTAS,R:SCSCF,PCSCF,R:PCSCF,SCSCF,P:MTAS,SCSCF,P:SCSCF,GTW,P:GTW,SCSCF,P-200:SCSCF,MTAS,P-200:SCSCF,PCSCF,P-200:GTW,SCSCF,I-200:SCSCF,MTAS,I-200:SCSCF,PCSCF,I-200:PCSCF,SCSCF,A:SCSCF,MTAS,A:MTAS,SCSCF,A:SCSCF,GTW,A:GTW,SCSCF,B:MTAS,SCSCF,B:SCSCF,PCSCF,B:PCSCF,SCSCF,B-200:SCSCF,MTAS,B-200:SCSCF,GTW,B-200"
186,0,0,"GTW,ICSCF,I:ICSCF,GTW,T:SCSCF,ASLI,I:ASLI,SCSCF,T:ASLI,SCSCF,I-500:SCSCF,ASLI,A:SCSCF,MTAS,I:MTAS,SCSCF,T:MTAS,SCSCF,I:SCSCF,PCSCF,I:PCSCF,SCSCF,T:SCSCF,MTAS,T:PCSCF,SCSCF,R:MTAS,SCSCF,R:SCSCF,MTAS,R:ICSCF,GTW,R:GTW,SCSCF,P:SCSCF,MTAS,P:MTAS,SCSCF,P:SCSCF,PCSCF,P:PCSCF,SCSCF,P-200:SCSCF,MTAS,P-200:MTAS,SCSCF,P-200:SCSCF,GTW,P-200:PCSCF,SCSCF,I-200:SCSCF,MTAS,I-200:MTAS,SCSCF,I-200:ICSCF,GTW,I-200:GTW,SCSCF,A:SCSCF,MTAS,A:MTAS,SCSCF,A:SCSCF,PCSCF,A:GTW,SCSCF,B:SCSCF,MTAS,B:PCSCF,SCSCF,B:SCSCF,MTAS,B:MTAS,SCSCF,B:MTAS,SCSCF,B-200:SCSCF,MTAS,B-481:MTAS,SCSCF,B-200:SCSCF,GTW,B-200:SCSCF,PCSCF,B-200"
187,0,0,"GTW,ICSCF,I:ICSCF,GTW,T:SCSCF,ASLI,I:ASLI,SCSCF,T:ASLI,SCSCF,I-500:SCSCF,ASLI,A:SCSCF,MTAS,I:MTAS,SCSCF,T:MTAS,SCSCF,I:SCSCF,MTAS,T:SCSCF,PCSCF,I:PCSCF,SCSCF,T:PCSCF,SCSCF,R:SCSCF,MTAS,R:MTAS,SCSCF,R:ICSCF,GTW,R:GTW,SCSCF,P:SCSCF,MTAS,P:MTAS,SCSCF,P:SCSCF,PCSCF,P:SCSCF,MTAS,P-200:PCSCF,SCSCF,P-200:MTAS,SCSCF,P-200:SCSCF,GTW,P-200:PCSCF,SCSCF,I-200:SCSCF,MTAS,I-200:MTAS,SCSCF,I-200:ICSCF,GTW,I-200:GTW,SCSCF,A:SCSCF,MTAS,A:MTAS,SCSCF,A:SCSCF,PCSCF,A:SCSCF,MTAS,B:PCSCF,SCSCF,B:MTAS,SCSCF,B:SCSCF,GTW,B:GTW,SCSCF,B-200:SCSCF,MTAS,B-200:MTAS,SCSCF,B-200:SCSCF,PCSCF,B-200"
188,0,0,"GTW,SCSCF,I:SCSCF,GTW,T:SCSCF,SLEVOOSP,I:SLEVOOSP,SCSCF,T:SLEVOOSP,SCSCF,S:SCSCF,GTW,S:GTW,SCSCF,P:SCSCF,SLEVOOSP,P:SLEVOOSP,SCSCF,P-200:SCSCF,GTW,P-200:GTW,SCSCF,C:SCSCF,GTW,C-200:SCSCF,SLEVOOSP,C:SLEVOOSP,SCSCF,C-200:SLEVOOSP,SCSCF,I-487:SCSCF,SLEVOOSP,A:SCSCF,GTW,I-487:GTW,SCSCF,A"
189,0,0,"GTW,ICSCF,I:ICSCF,GTW,T:SCSCF,ASLI,I:ASLI,SCSCF,T:ASLI,SCSCF,I-500:SCSCF,ASLI,A:SCSCF,MTAS,I:MTAS,SCSCF,T:MTAS,SCSCF,I:SCSCF,MTAS,T:SCSCF,PCSCF,I:PCSCF,SCSCF,T:PCSCF,SCSCF,R:SCSCF,MTAS,R:MTAS,SCSCF,R:ICSCF,GTW,R:GTW,SCSCF,P:SCSCF,MTAS,P:MTAS,SCSCF,P:SCSCF,PCSCF,P:PCSCF,SCSCF,P-200:SCSCF,MTAS,P-200:MTAS,SCSCF,P-200:SCSCF,GTW,P-200:PCSCF,SCSCF,I-200:SCSCF,MTAS,I-200:MTAS,SCSCF,I-200:ICSCF,GTW,I-200:GTW,SCSCF,A:SCSCF,MTAS,A:MTAS,SCSCF,A:SCSCF,PCSCF,A:GTW,SCSCF,B:SCSCF,MTAS,B:PCSCF,SCSCF,B:SCSCF,MTAS,B:MTAS,SCSCF,B:MTAS,SCSCF,B-200:SCSCF,PCSCF,B-200:SCSCF,MTAS,B-481:MTAS,SCSCF,B-200:SCSCF,GTW,B-200"
190,0,0,"PCSCF,SCSCF,I:SCSCF,PCSCF,T:SCSCF,PCSCF,I-407:PCSCF,SCSCF,A:PCSCF,SCSCF,I:SCSCF,PCSCF,T:SCSCF,ASLI,I:ASLI,SCSCF,T:ASLI,SCSCF,I-500:SCSCF,ASLI,A:MTAS,SCSCF,I:SCSCF,MTAS,T:SCSCF,GTW,I:GTW,SCSCF,T:GTW,SCSCF,S:SCSCF,MTAS,S:SCSCF,PCSCF,S:PCSCF,SCSCF,P:MTAS,SCSCF,P:SCSCF,GTW,P:GTW,SCSCF,P-200:SCSCF,MTAS,P-200:SCSCF,PCSCF,P-200:GTW,SCSCF,S:SCSCF,MTAS,S:SCSCF,PCSCF,S:PCSCF,SCSCF,P:MTAS,SCSCF,P:SCSCF,GTW,P:GTW,SCSCF,P-200:SCSCF,MTAS,P-200:SCSCF,PCSCF,P-200:GTW,SCSCF,R:SCSCF,MTAS,R:SCSCF,PCSCF,R:PCSCF,SCSCF,C:SCSCF,PCSCF,C-200:MTAS,SCSCF,C:SCSCF,MTAS,C-200:SCSCF,GTW,C:GTW,SCSCF,C-200:GTW,SCSCF,I-487:SCSCF,GTW,A:SCSCF,MTAS,I-487:MTAS,SCSCF,A:SCSCF,PCSCF,I-487:PCSCF,SCSCF,A"
191,0,0,"GTW,ICSCF,I:ICSCF,GTW,T:SCSCF,ASLI,I:ASLI,SCSCF,T:ASLI,SCSCF,I-500:SCSCF,MTAS,I:MTAS,SCSCF,T:MTAS,SCSCF,I:SCSCF,MTAS,T:SCSCF,PCSCF,I:SCSCF,ASLI,A:PCSCF,SCSCF,T:PCSCF,SCSCF,R:SCSCF,MTAS,R:MTAS,SCSCF,R:ICSCF,GTW,R:GTW,SCSCF,P:SCSCF,MTAS,P:MTAS,SCSCF,P:SCSCF,PCSCF,P:PCSCF,SCSCF,P-200:SCSCF,MTAS,P-200:MTAS,SCSCF,P-200:SCSCF,GTW,P-200:PCSCF,SCSCF,I-200:SCSCF,MTAS,I-200:MTAS,SCSCF,I-200:ICSCF,GTW,I-200:GTW,SCSCF,A:SCSCF,MTAS,A:MTAS,SCSCF,A:SCSCF,PCSCF,A:MTAS,SCSCF,U:SCSCF,PCSCF,U:MTAS,SCSCF,U:SCSCF,GTW,U:PCSCF,SCSCF,U-200:SCSCF,MTAS,U-200:GTW,SCSCF,U-200:SCSCF,MTAS,U-200:MTAS,SCSCF,U:SCSCF,PCSCF,U:MTAS,SCSCF,U:SCSCF,GTW,U:GTW,SCSCF,U-200:SCSCF,MTAS,U-200:PCSCF,SCSCF,U-200:SCSCF,MTAS,U-200:MTAS,SCSCF,U:SCSCF,GTW,U:SCSCF,PCSCF,U:GTW,SCSCF,U-200:SCSCF,MTAS,U-200:PCSCF,SCSCF,U-200:SCSCF,MTAS,U-200:GTW,SCSCF,B:SCSCF,MTAS,B:MTAS,SCSCF,B:SCSCF,PCSCF,B:PCSCF,SCSCF,B-200:SCSCF,MTAS,B-200:MTAS,SCSCF,B-200:SCSCF,GTW,B-200"
192,0,0,"PCSCF,SCSCF,I:SCSCF,PCSCF,T:SCSCF,ASLI,I:ASLI,SCSCF,T:ASLI,SCSCF,I-500:SCSCF,ASLI,A:MTAS,SCSCF,I:SCSCF,MTAS,T:SCSCF,GTW,I:GTW,SCSCF,T:GTW,SCSCF,S:SCSCF,MTAS,S:SCSCF,PCSCF,S:GTW,SCSCF,S:SCSCF,MTAS,S:PCSCF,SCSCF,P:MTAS,SCSCF,P:SCSCF,GTW,P:GTW,SCSCF,P-200:SCSCF,MTAS,P-200:SCSCF,PCSCF,P-200:GTW,SCSCF,S:SCSCF,MTAS,S:SCSCF,PCSCF,S:PCSCF,SCSCF,P:MTAS,SCSCF,P:SCSCF,GTW,P:GTW,SCSCF,P-200:SCSCF,MTAS,P-200:SCSCF,PCSCF,P-200:GTW,SCSCF,I-200:SCSCF,MTAS,I-200:SCSCF,PCSCF,I-200:PCSCF,SCSCF,A:SCSCF,MTAS,A:MTAS,SCSCF,A:SCSCF,GTW,A:PCSCF,SCSCF,B:MTAS,SCSCF,B:SCSCF,GTW,B:GTW,SCSCF,B-200:SCSCF,MTAS,B-200:SCSCF,PCSCF,B-200"
193,0,0,"GTW,ICSCF,I:ICSCF,GTW,T:SCSCF,ASLI,I:ASLI,SCSCF,T:ASLI,SCSCF,I-500:SCSCF,MTAS,I:MTAS,SCSCF,T:MTAS,SCSCF,I:SCSCF,MTAS,T:SCSCF,PCSCF,I:PCSCF,SCSCF,T:SCSCF,PCSCF,I:PCSCF,SCSCF,T:SCSCF,ASLI,A:PCSCF,SCSCF,T:PCSCF,SCSCF,R:SCSCF,MTAS,R:MTAS,SCSCF,R:ICSCF,GTW,R:GTW,SCSCF,P:SCSCF,MTAS,P:MTAS,SCSCF,P:SCSCF,PCSCF,P:PCSCF,SCSCF,P-200:SCSCF,MTAS,P-200:MTAS,SCSCF,P-200:SCSCF,GTW,P-200:PCSCF,SCSCF,I-408:SCSCF,PCSCF,A:PCSCF,SCSCF,I-408:SCSCF,PCSCF,A:PCSCF,SCSCF,I-200:SCSCF,MTAS,I-200:MTAS,SCSCF,I-200:ICSCF,GTW,I-200:GTW,SCSCF,A:SCSCF,MTAS,A:MTAS,SCSCF,A:SCSCF,PCSCF,A:GTW,SCSCF,B:SCSCF,MTAS,B:MTAS,SCSCF,B:SCSCF,PCSCF,B:PCSCF,SCSCF,B-200:SCSCF,MTAS,B-200:MTAS,SCSCF,B-200:SCSCF,GTW,B-200"
194,0,0,"PCSCF,SCSCF,I:SCSCF,PCSCF,T:SCSCF,PCSCF,I-407:PCSCF,SCSCF,A:PCSCF,SCSCF,I:SCSCF,PCSCF,T:SCSCF,ASLI,I:ASLI,SCSCF,T:ASLI,SCSCF,I-500:SCSCF,ASLI,A:MTAS,SCSCF,I:SCSCF,MTAS,T:SCSCF,ASLI,I:ASLI,SCSCF,T:ASLI,SCSCF,I-500:SCSCF,ASLI,A:SCSCF,MTAS,I:MTAS,SCSCF,I:SCSCF,MTAS,T:SCSCF,PCSCF,I:PCSCF,SCSCF,T:MTAS,SCSCF,T:PCSCF,SCSCF,R:SCSCF,MTAS,R:MTAS,SCSCF,R:SCSCF,MTAS,R:SCSCF,PCSCF,R:PCSCF,SCSCF,P:MTAS,SCSCF,P:SCSCF,MTAS,P:MTAS,SCSCF,P:SCSCF,PCSCF,P:PCSCF,SCSCF,P-200:SCSCF,MTAS,P-200:MTAS,SCSCF,P-200:SCSCF,MTAS,P-200:SCSCF,PCSCF,P-200:PCSCF,SCSCF,I-200:SCSCF,MTAS,I-200:MTAS,SCSCF,I-200:SCSCF,MTAS,I-200:SCSCF,PCSCF,I-200:PCSCF,SCSCF,A:MTAS,SCSCF,A:SCSCF,MTAS,A:MTAS,SCSCF,A:SCSCF,PCSCF,A:PCSCF,SCSCF,B:MTAS,SCSCF,B:SCSCF,MTAS,B:MTAS,SCSCF,B:SCSCF,PCSCF,B:PCSCF,SCSCF,B-200:SCSCF,MTAS,B-200:MTAS,SCSCF,B-200:SCSCF,MTAS,B-200:SCSCF,PCSCF,B-200"
195,0,0,"GTW,ICSCF,I:ICSCF,GTW,T:SCSCF,ASLI,I:ASLI,SCSCF,T:ASLI,SCSCF,I-500:SCSCF,ASLI,A:SCSCF,MTAS,I:MTAS,SCSCF,T:MTAS,SCSCF,I:SCSCF,MTAS,T:SCSCF,MTAS,I-480:MTAS,SCSCF,A:MTAS,SCSCF,W:ICSCF,GTW,W:MTAS,SCSCF,I:SCSCF,MTAS,T:SCSCF,GTW,I:GTW,SCSCF,T:GTW,SCSCF,S:SCSCF,MTAS,S:MTAS,SCSCF,S:ICSCF,GTW,S:GTW,SCSCF,P:SCSCF,MTAS,P:MTAS,SCSCF,P:SCSCF,GTW,P:GTW,SCSCF,P-200:SCSCF,MTAS,P-200:MTAS,SCSCF,P-200:SCSCF,GTW,P-200:GTW,SCSCF,R:SCSCF,MTAS,R:MTAS,SCSCF,R:ICSCF,GTW,R:GTW,SCSCF,P:SCSCF,MTAS,P:MTAS,SCSCF,P:SCSCF,GTW,P:GTW,SCSCF,P-200:SCSCF,MTAS,P-200:MTAS,SCSCF,P-200:SCSCF,GTW,P-200:GTW,SCSCF,I-200:SCSCF,MTAS,I-200:MTAS,SCSCF,I-200:ICSCF,GTW,I-200:GTW,SCSCF,A:SCSCF,MTAS,A:MTAS,SCSCF,A:SCSCF,GTW,A:GTW,SCSCF,B:SCSCF,MTAS,B:MTAS,SCSCF,B:SCSCF,GTW,B:GTW,SCSCF,B-200:SCSCF,MTAS,B-200:MTAS,SCSCF,B-200:SCSCF,GTW,B-200"
196,0,0,"PCSCF,SCSCF,I:SCSCF,PCSCF,T:SCSCF,PCSCF,I-407:PCSCF,SCSCF,A:PCSCF,SCSCF,I:SCSCF,ASLI,I:ASLI,SCSCF,T:ASLI,SCSCF,I-500:SCSCF,ASLI,A:MTAS,SCSCF,I:SCSCF,MTAS,T:SCSCF,PCSCF,T:SCSCF,GTW,I:GTW,SCSCF,T:GTW,SCSCF,S:SCSCF,MTAS,S:SCSCF,PCSCF,S:PCSCF,SCSCF,P:MTAS,SCSCF,P:SCSCF,GTW,P:GTW,SCSCF,P-200:SCSCF,MTAS,P-200:SCSCF,PCSCF,P-200:GTW,SCSCF,R:SCSCF,MTAS,R:SCSCF,PCSCF,R:PCSCF,SCSCF,P:MTAS,SCSCF,P:SCSCF,GTW,P:GTW,SCSCF,P-200:SCSCF,MTAS,P-200:SCSCF,PCSCF,P-200:PCSCF,SCSCF,C:SCSCF,PCSCF,C-200:MTAS,SCSCF,C:SCSCF,MTAS,C-200:SCSCF,GTW,C:GTW,SCSCF,C-200:GTW,SCSCF,I-487:SCSCF,GTW,A:SCSCF,MTAS,I-487:MTAS,SCSCF,A:SCSCF,PCSCF,I-487:PCSCF,SCSCF,A"
197,0,0,"PCSCF,SCSCF,I:SCSCF,PCSCF,T:SCSCF,ASLI,I:ASLI,SCSCF,T:ASLI,SCSCF,I-500:SCSCF,ASLI,A:MTAS,SCSCF,I:SCSCF,MTAS,T:SCSCF,GTW,I:GTW,SCSCF,T:GTW,SCSCF,R:SCSCF,MTAS,R:SCSCF,PCSCF,R:PCSCF,SCSCF,P:SCSCF,MTAS,P:MTAS,SCSCF,P:SCSCF,GTW,P:GTW,SCSCF,P-200:SCSCF,MTAS,P-200:MTAS,SCSCF,P-200:SCSCF,PCSCF,P-200:GTW,SCSCF,I-200:SCSCF,MTAS,I-200:SCSCF,PCSCF,I-200:PCSCF,SCSCF,A:SCSCF,MTAS,A:MTAS,SCSCF,A:SCSCF,GTW,A:MTAS,SCSCF,U:SCSCF,GTW,U:GTW,SCSCF,U-200:SCSCF,MTAS,U-200:MTAS,SCSCF,U:SCSCF,PCSCF,U:PCSCF,SCSCF,U-200:SCSCF,MTAS,U-200:MTAS,SCSCF,U:SCSCF,GTW,U:GTW,SCSCF,U-200:SCSCF,MTAS,U-200:MTAS,SCSCF,U:SCSCF,PCSCF,U:PCSCF,SCSCF,U-200:SCSCF,MTAS,U-200:PCSCF,SCSCF,B:SCSCF,MTAS,B:MTAS,SCSCF,B:SCSCF,GTW,B:GTW,SCSCF,B-200:SCSCF,MTAS,B-200:MTAS,SCSCF,B-200:SCSCF,PCSCF,B-200"
198,0,0,"PCSCF,SCSCF,I:SCSCF,PCSCF,T:SCSCF,ASLI,I:ASLI,SCSCF,T:ASLI,SCSCF,I-500:SCSCF,ASLI,A:MTAS,SCSCF,I:SCSCF,MTAS,T:SCSCF,GTW,I:GTW,SCSCF,T:GTW,SCSCF,S:SCSCF,MTAS,S:SCSCF,PCSCF,S:PCSCF,SCSCF,P:SCSCF,MTAS,P:MTAS,SCSCF,P:SCSCF,GTW,P:GTW,SCSCF,P-200:SCSCF,MTAS,P-200:MTAS,SCSCF,P-200:SCSCF,PCSCF,P-200:GTW,SCSCF,R:SCSCF,MTAS,R:SCSCF,PCSCF,R:PCSCF,SCSCF,P:SCSCF,MTAS,P:MTAS,SCSCF,P:SCSCF,GTW,P:GTW,SCSCF,P-200:SCSCF,MTAS,P-200:MTAS,SCSCF,P-200:SCSCF,PCSCF,P-200:GTW,SCSCF,W:SCSCF,MTAS,W:SCSCF,PCSCF,W:PCSCF,SCSCF,P:SCSCF,MTAS,P:MTAS,SCSCF,P:SCSCF,GTW,P:GTW,SCSCF,P-200:GTW,SCSCF,S:SCSCF,MTAS,S:SCSCF,MTAS,P-200:MTAS,SCSCF,P-200:SCSCF,PCSCF,P-200:SCSCF,PCSCF,S:PCSCF,SCSCF,P:SCSCF,MTAS,P:MTAS,SCSCF,P:SCSCF,GTW,P:GTW,SCSCF,P-200:SCSCF,MTAS,P-200:MTAS,SCSCF,P-200:SCSCF,PCSCF,P-200:PCSCF,SCSCF,C:MTAS,SCSCF,C:SCSCF,MTAS,C-200:SCSCF,GTW,C:GTW,SCSCF,C-200:GTW,SCSCF,I-487:SCSCF,GTW,A:SCSCF,MTAS,I-487:MTAS,SCSCF,A:SCSCF,PCSCF,C-200:SCSCF,PCSCF,I-487:PCSCF,SCSCF,A"
199,0,0,"PCSCF,SCSCF,I:SCSCF,PCSCF,T:SCSCF,PCSCF,I-407:PCSCF,SCSCF,A:PCSCF,SCSCF,I:SCSCF,PCSCF,T:SCSCF,ASLI,I:ASLI,SCSCF,T:ASLI,SCSCF,I-500:SCSCF,ASLI,A:MTAS,SCSCF,I:SCSCF,MTAS,T:SCSCF,GTW,I:GTW,SCSCF,T:GTW,SCSCF,S:SCSCF,MTAS,S:SCSCF,PCSCF,S:PCSCF,SCSCF,P:SCSCF,MTAS,P:MTAS,SCSCF,P:SCSCF,GTW,P:GTW,SCSCF,P-200:GTW,SCSCF,S:SCSCF,MTAS,S:SCSCF,MTAS,P-200:MTAS,SCSCF,P-200:SCSCF,PCSCF,P-200:SCSCF,PCSCF,S:PCSCF,SCSCF,P:SCSCF,MTAS,P:MTAS,SCSCF,P:SCSCF,GTW,P:GTW,SCSCF,P-200:GTW,SCSCF,S:SCSCF,MTAS,P-200:SCSCF,MTAS,S:MTAS,SCSCF,P-200:SCSCF,PCSCF,S:SCSCF,PCSCF,P-200:PCSCF,SCSCF,P:SCSCF,MTAS,P:MTAS,SCSCF,P:SCSCF,GTW,P:GTW,SCSCF,P-200:SCSCF,MTAS,P-200:MTAS,SCSCF,P-200:SCSCF,PCSCF,P-200:GTW,SCSCF,R:SCSCF,MTAS,R:SCSCF,PCSCF,R:PCSCF,SCSCF,P:SCSCF,MTAS,P:MTAS,SCSCF,P:SCSCF,GTW,P:GTW,SCSCF,P-200:SCSCF,MTAS,P-200:MTAS,SCSCF,P-200:SCSCF,PCSCF,P-200:GTW,SCSCF,I-200:SCSCF,MTAS,I-200:SCSCF,PCSCF,I-200:PCSCF,SCSCF,A:SCSCF,MTAS,A:MTAS,SCSCF,A:SCSCF,GTW,A:PCSCF,SCSCF,B:SCSCF,MTAS,B:MTAS,SCSCF,B:SCSCF,GTW,B:GTW,SCSCF,B-200:SCSCF,MTAS,B-200:MTAS,SCSCF,B-200:SCSCF,PCSCF,B-200"
200,0,0,"PCSCF,SCSCF,I:SCSCF,PCSCF,T:SCSCF,ASLI,I:ASLI,SCSCF,T:ASLI,SCSCF,I-500:SCSCF,ASLI,A:MTAS,SCSCF,I:SCSCF,MTAS,T:SCSCF,GTW,I:GTW,SCSCF,T:GTW,SCSCF,S:SCSCF,MTAS,S:SCSCF,PCSCF,S:PCSCF,SCSCF,P:SCSCF,MTAS,P:MTAS,SCSCF,P:SCSCF,GTW,P:GTW,SCSCF,P-200:SCSCF,MTAS,P-200:MTAS,SCSCF,P-200:SCSCF,PCSCF,P-200:GTW,SCSCF,R:SCSCF,MTAS,R:SCSCF,PCSCF,R:PCSCF,SCSCF,P:SCSCF,MTAS,P:MTAS,SCSCF,P:SCSCF,GTW,P:GTW,SCSCF,P-200:SCSCF,MTAS,P-200:MTAS,SCSCF,P-200:SCSCF,PCSCF,P-200:GTW,SCSCF,I-200:SCSCF,MTAS,I-200:SCSCF,PCSCF,I-200:PCSCF,SCSCF,A:SCSCF,MTAS,A:MTAS,SCSCF,A:SCSCF,GTW,A:GTW,SCSCF,B:MTAS,SCSCF,B:SCSCF,PCSCF,B:PCSCF,SCSCF,B-200:SCSCF,MTAS,B-200:SCSCF,GTW,B-200"
201,0,0,"GTW,ICSCF,I:ICSCF,GTW,T:SCSCF,ASLI,I:ASLI,SCSCF,T:ASLI,SCSCF,I-500:SCSCF,ASLI,A:SCSCF,MTAS,I:MTAS,SCSCF,T:MTAS,SCSCF,I:SCSCF,MTAS,T:SCSCF,PCSCF,I:PCSCF,SCSCF,T:PCSCF,SCSCF,R:SCSCF,MTAS,R:MTAS,SCSCF,R:ICSCF,GTW,R:GTW,SCSCF,P:SCSCF,MTAS,P:MTAS,SCSCF,P:SCSCF,PCSCF,P:PCSCF,SCSCF,P-200:MTAS,SCSCF,P-200:SCSCF,GTW,P-200:SCSCF,MTAS,P-200:GTW,ICSCF,C:ICSCF,GTW,C-200:SCSCF,MTAS,C:MTAS,SCSCF,C-200:MTAS,SCSCF,C:SCSCF,MTAS,C-200:SCSCF,PCSCF,C:PCSCF,SCSCF,C-200:PCSCF,SCSCF,I-487:SCSCF,PCSCF,A:SCSCF,MTAS,I-487:MTAS,SCSCF,I-487:SCSCF,MTAS,A:ICSCF,GTW,I-487:GTW,ICSCF,A:MTAS,SCSCF,A"
202,0,0,"GTW,ICSCF,I:ICSCF,GTW,T:SCSCF,ASLI,I:ASLI,SCSCF,T:ASLI,SCSCF,I-500:SCSCF,ASLI,A:SCSCF,MTAS,I:MTAS,SCSCF,I:SCSCF,PCSCF,I:PCSCF,SCSCF,T:SCSCF,MTAS,T:MTAS,SCSCF,T:PCSCF,SCSCF,R:SCSCF,MTAS,R:MTAS,SCSCF,R:ICSCF,GTW,R:GTW,SCSCF,P:SCSCF,MTAS,P:MTAS,SCSCF,P:SCSCF,PCSCF,P:PCSCF,SCSCF,P-200:MTAS,SCSCF,P-200:SCSCF,MTAS,P-200:SCSCF,GTW,P-200:PCSCF,SCSCF,I-200:SCSCF,MTAS,I-200:MTAS,SCSCF,I-200:ICSCF,GTW,I-200:SCSCF,MTAS,A:SCSCF,PCSCF,A:GTW,SCSCF,A:MTAS,SCSCF,A:PCSCF,SCSCF,B:SCSCF,MTAS,B:MTAS,SCSCF,B:SCSCF,GTW,B:GTW,SCSCF,B-200:SCSCF,MTAS,B-200:MTAS,SCSCF,B-200:SCSCF,PCSCF,B-200"
203,0,0,"PCSCF,SCSCF,I:SCSCF,PCSCF,T:SCSCF,ASLI,I:ASLI,SCSCF,T:ASLI,SCSCF,I-500:SCSCF,ASLI,A:MTAS,SCSCF,I:SCSCF,MTAS,T:SCSCF,GTW,I:GTW,SCSCF,T:GTW,SCSCF,S:SCSCF,MTAS,S:SCSCF,PCSCF,S:PCSCF,SCSCF,P:MTAS,SCSCF,P:SCSCF,GTW,P:GTW,SCSCF,P-200:GTW,SCSCF,S:SCSCF,MTAS,S:SCSCF,MTAS,P-200:SCSCF,PCSCF,P-200:SCSCF,PCSCF,S:PCSCF,SCSCF,P:MTAS,SCSCF,P:SCSCF,GTW,P:GTW,SCSCF,P-200:SCSCF,MTAS,P-200:GTW,SCSCF,R:SCSCF,MTAS,R:SCSCF,PCSCF,P-200:SCSCF,PCSCF,R:PCSCF,SCSCF,P:MTAS,SCSCF,P:SCSCF,GTW,P:GTW,SCSCF,P-200:SCSCF,MTAS,P-200:SCSCF,PCSCF,P-200:GTW,SCSCF,I-200:SCSCF,MTAS,I-200:SCSCF,PCSCF,I-200:PCSCF,SCSCF,A:SCSCF,MTAS,A:MTAS,SCSCF,A:SCSCF,GTW,A:MTAS,SCSCF,U:SCSCF,GTW,U:SCSCF,PCSCF,U:GTW,SCSCF,U-200:SCSCF,MTAS,U-200:PCSCF,SCSCF,U-200:SCSCF,MTAS,U-200:GTW,SCSCF,B:MTAS,SCSCF,B:SCSCF,PCSCF,B:PCSCF,SCSCF,B-200:SCSCF,MTAS,B-200:SCSCF,GTW,B-200"
204,0,0,"PCSCF,SCSCF,I:SCSCF,ASLI,I:SCSCF,PCSCF,T:ASLI,SCSCF,T:ASLI,SCSCF,I-500:SCSCF,ASLI,A:MTAS,SCSCF,I:SCSCF,MTAS,T:SCSCF,GTW,I:GTW,SCSCF,T:GTW,SCSCF,S:SCSCF,MTAS,S:SCSCF,PCSCF,S:PCSCF,SCSCF,P:MTAS,SCSCF,P:SCSCF,GTW,P:GTW,SCSCF,P-200:GTW,SCSCF,S:SCSCF,MTAS,P-200:SCSCF,MTAS,S:SCSCF,PCSCF,P-200:SCSCF,PCSCF,S:PCSCF,SCSCF,P:MTAS,SCSCF,P:SCSCF,GTW,P:GTW,SCSCF,P-200:SCSCF,MTAS,P-200:SCSCF,PCSCF,P-200:GTW,SCSCF,R:SCSCF,MTAS,R:SCSCF,PCSCF,R:PCSCF,SCSCF,P:MTAS,SCSCF,P:SCSCF,GTW,P:GTW,SCSCF,P-200:SCSCF,MTAS,P-200:SCSCF,PCSCF,P-200:GTW,SCSCF,I-200:SCSCF,MTAS,I-200:SCSCF,PCSCF,I-200:PCSCF,SCSCF,A:SCSCF,MTAS,A:MTAS,SCSCF,A:SCSCF,GTW,A:PCSCF,SCSCF,B:MTAS,SCSCF,B:SCSCF,GTW,B:GTW,SCSCF,B-200:SCSCF,MTAS,B-200:SCSCF,PCSCF,B-200"
205,0,0,"PCSCF,SCSCF,I:SCSCF,PCSCF,T:SCSCF,PCSCF,I-407:PCSCF,SCSCF,A:PCSCF,SCSCF,I:SCSCF,ASLI,I:ASLI,SCSCF,T:ASLI,SCSCF,I-500:SCSCF,ASLI,A:SCSCF,PCSCF,T:MTAS,SCSCF,I:SCSCF,MTAS,T:SCSCF,GTW,I:GTW,SCSCF,T:GTW,SCSCF,I-480:SCSCF,GTW,A:SCSCF,MTAS,I-480:MTAS,SCSCF,A:SCSCF,PCSCF,I-480:PCSCF,SCSCF,A"
206,0,0,"PCSCF,SCSCF,I:SCSCF,PCSCF,T:SCSCF,PCSCF,I-407:PCSCF,SCSCF,A:PCSCF,SCSCF,I:SCSCF,ASLI,I:ASLI,SCSCF,T:ASLI,SCSCF,I-500:SCSCF,ASLI,A:SCSCF,PCSCF,T:MTAS,SCSCF,I:SCSCF,MTAS,T:SCSCF,GTW,I:GTW,SCSCF,T:GTW,SCSCF,R:SCSCF,MTAS,R:SCSCF,PCSCF,R:PCSCF,SCSCF,P:MTAS,SCSCF,P:SCSCF,GTW,P:GTW,SCSCF,P-200:SCSCF,MTAS,P-200:SCSCF,PCSCF,P-200:GTW,SCSCF,I-200:SCSCF,MTAS,I-200:SCSCF,PCSCF,I-200:PCSCF,SCSCF,A:SCSCF,MTAS,A:MTAS,SCSCF,A:SCSCF,GTW,A:MTAS,SCSCF,U:SCSCF,GTW,U:GTW,SCSCF,U-200:SCSCF,PCSCF,U:SCSCF,MTAS,U-200:PCSCF,SCSCF,U-200:SCSCF,MTAS,U-200:GTW,SCSCF,B:MTAS,SCSCF,B:SCSCF,PCSCF,B:PCSCF,SCSCF,B-200:SCSCF,MTAS,B-200:SCSCF,GTW,B-200"
207,0,0,"GTW,ICSCF,I:ICSCF,GTW,T:SCSCF,ASLI,I:ASLI,SCSCF,T:ASLI,SCSCF,I-500:SCSCF,ASLI,A:SCSCF,MTAS,I:MTAS,SCSCF,I:SCSCF,MTAS,T:SCSCF,PCSCF,I:PCSCF,SCSCF,T:MTAS,SCSCF,T:PCSCF,SCSCF,R:SCSCF,MTAS,R:MTAS,SCSCF,R:ICSCF,GTW,R:GTW,SCSCF,P:SCSCF,MTAS,P:MTAS,SCSCF,P:SCSCF,PCSCF,P:PCSCF,SCSCF,P-200:SCSCF,MTAS,P-200:MTAS,SCSCF,P-200:SCSCF,GTW,P-200:PCSCF,SCSCF,I-200:SCSCF,MTAS,I-200:MTAS,SCSCF,I-200:ICSCF,GTW,I-200:GTW,SCSCF,A:SCSCF,MTAS,A:MTAS,SCSCF,A:SCSCF,PCSCF,A:MTAS,SCSCF,U:SCSCF,PCSCF,U:SCSCF,GTW,U:GTW,SCSCF,U-200:SCSCF,MTAS,U-200:PCSCF,SCSCF,U-200:SCSCF,MTAS,U-200:GTW,SCSCF,B:SCSCF,MTAS,B:MTAS,SCSCF,B:SCSCF,PCSCF,B:PCSCF,SCSCF,B-200:SCSCF,MTAS,B-200:MTAS,SCSCF,B-200:SCSCF,GTW,B-200"
208,0,0,"PCSCF,SCSCF,I:SCSCF,PCSCF,T:SCSCF,ASLI,I:ASLI,SCSCF,T:ASLI,SCSCF,I-500:SCSCF,ASLI,A:MTAS,SCSCF,I:SCSCF,MTAS,T:SCSCF,GTW,I:GTW,SCSCF,T:GTW,SCSCF,I-200:SCSCF,MTAS,I-200:SCSCF,PCSCF,I-200:PCSCF,SCSCF,A:SCSCF,MTAS,A:MTAS,SCSCF,A:SCSCF,GTW,A:MTAS,SCSCF,U:SCSCF,GTW,U:GTW,SCSCF,U-200:SCSCF,PCSCF,U:SCSCF,MTAS,U-200:PCSCF,SCSCF,U-200:SCSCF,MTAS,U-200:MTAS,SCSCF,U:SCSCF,GTW,U:GTW,SCSCF,U-200:SCSCF,MTAS,U-200:MTAS,SCSCF,U:SCSCF,PCSCF,U:PCSCF,SCSCF,U-200:SCSCF,MTAS,U-200:MTAS,SCSCF,U:SCSCF,GTW,U:GTW,SCSCF,U-200:SCSCF,MTAS,U-200:MTAS,SCSCF,U:SCSCF,PCSCF,U:PCSCF,SCSCF,U-200:SCSCF,MTAS,U-200:MTAS,SCSCF,U:SCSCF,GTW,U:GTW,SCSCF,U-200:SCSCF,MTAS,U-200:MTAS,SCSCF,U:SCSCF,PCSCF,U:PCSCF,SCSCF,U-200:SCSCF,MTAS,U-200:PCSCF,SCSCF,B:MTAS,SCSCF,B:SCSCF,GTW,B:GTW,SCSCF,B-200:SCSCF,MTAS,B-200:SCSCF,PCSCF,B-200"
209,0,0,"GTW,ICSCF,I:ICSCF,GTW,T:SCSCF,ASLI,I:ASLI,SCSCF,T:ASLI,SCSCF,I-500:SCSCF,ASLI,A:SCSCF,MTAS,I:MTAS,SCSCF,T:MTAS,SCSCF,I:SCSCF,MTAS,T:SCSCF,PCSCF,I:PCSCF,SCSCF,T:PCSCF,SCSCF,R:SCSCF,MTAS,R:MTAS,SCSCF,R:ICSCF,GTW,R:GTW,SCSCF,P:SCSCF,MTAS,P:MTAS,SCSCF,P:SCSCF,PCSCF,P:PCSCF,SCSCF,P-200:SCSCF,MTAS,P-200:MTAS,SCSCF,P-200:SCSCF,GTW,P-200:PCSCF,SCSCF,I-200:SCSCF,MTAS,I-200:MTAS,SCSCF,I-200:ICSCF,GTW,I-200:GTW,SCSCF,A:SCSCF,MTAS,A:MTAS,SCSCF,A:SCSCF,PCSCF,A:MTAS,SCSCF,U:SCSCF,PCSCF,U:PCSCF,SCSCF,U-200:SCSCF,MTAS,U-200:MTAS,SCSCF,U:SCSCF,GTW,U:GTW,SCSCF,U-200:SCSCF,MTAS,U-200:MTAS,SCSCF,U:SCSCF,PCSCF,U:SCSCF,GTW,U:GTW,SCSCF,U-200:SCSCF,MTAS,U-200:PCSCF,SCSCF,U-200:SCSCF,MTAS,U-200:PCSCF,SCSCF,B:SCSCF,MTAS,B:MTAS,SCSCF,B:SCSCF,GTW,B:GTW,SCSCF,B-200:SCSCF,MTAS,B-200:MTAS,SCSCF,B-200:SCSCF,PCSCF,B-200"
210,0,0,"PCSCF,SCSCF,I:SCSCF,PCSCF,T:SCSCF,ASLI,I:ASLI,SCSCF,T:ASLI,SCSCF,I-500:SCSCF,ASLI,A:MTAS,SCSCF,I:SCSCF,MTAS,T:SCSCF,GTW,I:GTW,SCSCF,T:GTW,SCSCF,S:SCSCF,MTAS,S:SCSCF,PCSCF,S:PCSCF,SCSCF,P:SCSCF,MTAS,P:MTAS,SCSCF,P:SCSCF,GTW,P:GTW,SCSCF,P-200:GTW,SCSCF,S:SCSCF,MTAS,S:SCSCF,MTAS,P-200:MTAS,SCSCF,P-200:SCSCF,PCSCF,P-200:SCSCF,PCSCF,S:PCSCF,SCSCF,P:SCSCF,MTAS,P:MTAS,SCSCF,P:SCSCF,GTW,P:GTW,SCSCF,P-200:SCSCF,MTAS,P-200:MTAS,SCSCF,P-200:SCSCF,PCSCF,P-200:GTW,SCSCF,R:SCSCF,MTAS,R:SCSCF,PCSCF,R:PCSCF,SCSCF,P:SCSCF,MTAS,P:MTAS,SCSCF,P:SCSCF,GTW,P:GTW,SCSCF,P-200:SCSCF,MTAS,P-200:MTAS,SCSCF,P-200:SCSCF,PCSCF,P-200:GTW,SCSCF,I-200:SCSCF,MTAS,I-200:SCSCF,PCSCF,I-200:PCSCF,SCSCF,A:SCSCF,MTAS,A:MTAS,SCSCF,A:SCSCF,GTW,A:GTW,SCSCF,B:MTAS,SCSCF,B:SCSCF,PCSCF,B:PCSCF,SCSCF,B-200:SCSCF,MTAS,B-200:SCSCF,GTW,B-200"
211,0,0,"PCSCF,SCSCF,I:SCSCF,ASLI,I:ASLI,SCSCF,T:ASLI,SCSCF,I-500:SCSCF,ASLI,A:MTAS,SCSCF,I:SCSCF,MTAS,T:SCSCF,PCSCF,T:SCSCF,GTW,I:GTW,SCSCF,T:GTW,SCSCF,S:SCSCF,MTAS,S:SCSCF,PCSCF,S:PCSCF,SCSCF,P:SCSCF,MTAS,P:MTAS,SCSCF,P:SCSCF,GTW,P:GTW,SCSCF,P-200:SCSCF,MTAS,P-200:MTAS,SCSCF,P-200:SCSCF,PCSCF,P-200:GTW,SCSCF,R:SCSCF,MTAS,R:GTW,SCSCF,R:SCSCF,MTAS,R:SCSCF,PCSCF,R:PCSCF,SCSCF,P:SCSCF,MTAS,P:MTAS,SCSCF,P:SCSCF,GTW,P:GTW,SCSCF,P-200:SCSCF,MTAS,P-200:MTAS,SCSCF,P-200:SCSCF,PCSCF,P-200:GTW,SCSCF,I-480:SCSCF,GTW,A:SCSCF,MTAS,I-480:MTAS,SCSCF,A:SCSCF,PCSCF,I-480:PCSCF,SCSCF,A"
212,0,0,"PCSCF,SCSCF,I:SCSCF,PCSCF,T:SCSCF,ASLI,I:ASLI,SCSCF,T:ASLI,SCSCF,I-500:SCSCF,ASLI,A:MTAS,SCSCF,I:SCSCF,MTAS,T:SCSCF,GTW,I:GTW,SCSCF,T:GTW,SCSCF,R:SCSCF,MTAS,R:SCSCF,PCSCF,R:PCSCF,SCSCF,P:MTAS,SCSCF,P:SCSCF,GTW,P:GTW,SCSCF,P-200:SCSCF,MTAS,P-200:SCSCF,PCSCF,P-200:GTW,SCSCF,I-200:SCSCF,MTAS,I-200:SCSCF,PCSCF,I-200:PCSCF,SCSCF,A:SCSCF,MTAS,A:MTAS,SCSCF,A:SCSCF,GTW,A:MTAS,SCSCF,U:SCSCF,GTW,U:SCSCF,PCSCF,U:GTW,SCSCF,U-200:SCSCF,MTAS,U-200:PCSCF,SCSCF,U-200:SCSCF,MTAS,U-200:MTAS,SCSCF,U:SCSCF,GTW,U:SCSCF,PCSCF,U:GTW,SCSCF,U-200:SCSCF,MTAS,U-200:PCSCF,SCSCF,U-200:SCSCF,MTAS,U-200:GTW,SCSCF,B:MTAS,SCSCF,B:SCSCF,PCSCF,B:PCSCF,SCSCF,B-200:SCSCF,MTAS,B-200:SCSCF,GTW,B-200"
213,0,0,"PCSCF,SCSCF,I:SCSCF,PCSCF,T:SCSCF,PCSCF,I-407:PCSCF,SCSCF,A:PCSCF,SCSCF,I:SCSCF,PCSCF,T:SCSCF,ASLI,I:ASLI,SCSCF,T:ASLI,SCSCF,I-500:SCSCF,ASLI,A:MTAS,SCSCF,I:SCSCF,MTAS,T:SCSCF,GTW,I:GTW,SCSCF,T:GTW,SCSCF,S:SCSCF,MTAS,S:SCSCF,PCSCF,S:PCSCF,SCSCF,P:MTAS,SCSCF,P:SCSCF,GTW,P:GTW,SCSCF,P-200:GTW,SCSCF,R:SCSCF,MTAS,R:SCSCF,MTAS,P-200:SCSCF,PCSCF,P-200:SCSCF,PCSCF,R:PCSCF,SCSCF,P:MTAS,SCSCF,P:SCSCF,GTW,P:GTW,SCSCF,P-200:SCSCF,MTAS,P-200:SCSCF,PCSCF,P-200:GTW,SCSCF,S:SCSCF,MTAS,S:SCSCF,PCSCF,S:PCSCF,SCSCF,P:MTAS,SCSCF,P:SCSCF,GTW,P:GTW,SCSCF,P-200:SCSCF,MTAS,P-200:SCSCF,PCSCF,P-200:GTW,SCSCF,U:MTAS,SCSCF,U:SCSCF,PCSCF,U:PCSCF,SCSCF,U-200:SCSCF,MTAS,U-200:SCSCF,GTW,U-200:GTW,SCSCF,I-200:SCSCF,MTAS,I-200:SCSCF,PCSCF,I-200:PCSCF,SCSCF,A:SCSCF,MTAS,A:MTAS,SCSCF,A:SCSCF,GTW,A:PCSCF,SCSCF,B:MTAS,SCSCF,B:SCSCF,GTW,B:GTW,SCSCF,B-200:SCSCF,MTAS,B-200:SCSCF,PCSCF,B-200"
214,0,0,"GTW,ICSCF,I:ICSCF,GTW,T:SCSCF,ASLI,I:ASLI,SCSCF,T:ASLI,SCSCF,I-500:SCSCF,ASLI,A:SCSCF,MTAS,I:MTAS,SCSCF,T:MTAS,SCSCF,I:SCSCF,MTAS,T:SCSCF,PCSCF,I:PCSCF,SCSCF,T:PCSCF,SCSCF,R:SCSCF,MTAS,R:MTAS,SCSCF,R:ICSCF,GTW,R:GTW,SCSCF,P:SCSCF,MTAS,P:MTAS,SCSCF,P:SCSCF,PCSCF,P:PCSCF,SCSCF,P-200:SCSCF,MTAS,P-200:MTAS,SCSCF,P-200:SCSCF,GTW,P-200:PCSCF,SCSCF,I-487:SCSCF,PCSCF,A:SCSCF,MTAS,I-487:MTAS,SCSCF,A:MTAS,SCSCF,I-487:SCSCF,MTAS,A:ICSCF,GTW,I-487:GTW,ICSCF,A"
215,0,0,"PCSCF,SCSCF,I:SCSCF,PCSCF,T:SCSCF,ASLI,I:ASLI,SCSCF,T:ASLI,SCSCF,I-500:SCSCF,ASLI,A:MTAS,SCSCF,I:SCSCF,MTAS,T:SCSCF,GTW,I:GTW,SCSCF,T:GTW,SCSCF,R:SCSCF,MTAS,R:SCSCF,PCSCF,R:PCSCF,SCSCF,P:SCSCF,MTAS,P:MTAS,SCSCF,P:GTW,SCSCF,I-200:SCSCF,GTW,P:SCSCF,MTAS,I-200:SCSCF,PCSCF,I-200:GTW,SCSCF,P-200:SCSCF,MTAS,P-200:MTAS,SCSCF,P-200:SCSCF,PCSCF,P-200:PCSCF,SCSCF,A:SCSCF,MTAS,A:MTAS,SCSCF,A:SCSCF,GTW,A:PCSCF,SCSCF,B:SCSCF,MTAS,B:MTAS,SCSCF,B:SCSCF,GTW,B:GTW,SCSCF,B-200:SCSCF,MTAS,B-200:MTAS,SCSCF,B-200:SCSCF,PCSCF,B-200"
216,0,0,"GTW,ICSCF,I:ICSCF,GTW,T:SCSCF,ASLI,I:ASLI,SCSCF,T:ASLI,SCSCF,I-500:SCSCF,ASLI,A:SCSCF,MTAS,I:MTAS,SCSCF,T:MTAS,SCSCF,I:SCSCF,MTAS,T:SCSCF,PCSCF,I:PCSCF,SCSCF,T:PCSCF,SCSCF,R:SCSCF,MTAS,R:MTAS,SCSCF,R:ICSCF,GTW,R:GTW,SCSCF,P:SCSCF,MTAS,P:MTAS,SCSCF,P:SCSCF,PCSCF,P:PCSCF,SCSCF,P-200:SCSCF,MTAS,P-200:MTAS,SCSCF,P-200:SCSCF,GTW,P-200:PCSCF,SCSCF,I-200:SCSCF,MTAS,I-200:MTAS,SCSCF,I-200:ICSCF,GTW,I-200:GTW,SCSCF,A:SCSCF,MTAS,A:MTAS,SCSCF,A:SCSCF,PCSCF,A:MTAS,SCSCF,U:SCSCF,PCSCF,U:SCSCF,GTW,U:GTW,SCSCF,U-200:SCSCF,MTAS,U-200:PCSCF,SCSCF,U-200:SCSCF,MTAS,U-200:MTAS,SCSCF,U:SCSCF,PCSCF,U:SCSCF,GTW,U:GTW,SCSCF,U-200:SCSCF,MTAS,U-200:PCSCF,SCSCF,U-200:SCSCF,MTAS,U-200:GTW,SCSCF,B:SCSCF,MTAS,B:MTAS,SCSCF,B:SCSCF,PCSCF,B:PCSCF,SCSCF,B-200:SCSCF,MTAS,B-200:MTAS,SCSCF,B-200:SCSCF,GTW,B-200"
217,0,0,"PCSCF,SCSCF,I:SCSCF,PCSCF,T:SCSCF,PCSCF,I-407:PCSCF,SCSCF,A:PCSCF,SCSCF,I:SCSCF,ASLI,I:SCSCF,PCSCF,T:ASLI,SCSCF,T:ASLI,SCSCF,I-500:SCSCF,ASLI,A:MTAS,SCSCF,I:SCSCF,MTAS,T:SCSCF,GTW,I:GTW,SCSCF,T:GTW,SCSCF,R:SCSCF,MTAS,R:SCSCF,PCSCF,R:PCSCF,SCSCF,P:MTAS,SCSCF,P:SCSCF,GTW,P:GTW,SCSCF,P-200:SCSCF,MTAS,P-200:SCSCF,PCSCF,P-200:GTW,SCSCF,I-200:SCSCF,MTAS,I-200:SCSCF,PCSCF,I-200:PCSCF,SCSCF,A:SCSCF,MTAS,A:MTAS,SCSCF,A:SCSCF,GTW,A:GTW,SCSCF,B:MTAS,SCSCF,B:SCSCF,PCSCF,B:PCSCF,SCSCF,B-200:SCSCF,MTAS,B-200:SCSCF,GTW,B-200"
218,0,0,"PCSCF,SCSCF,I:SCSCF,PCSCF,T:SCSCF,PCSCF,I-407:PCSCF,SCSCF,A:PCSCF,SCSCF,I:SCSCF,ASLI,I:ASLI,SCSCF,T:SCSCF,PCSCF,T:ASLI,SCSCF,I-500:SCSCF,ASLI,A:MTAS,SCSCF,I:SCSCF,MTAS,T:SCSCF,GTW,I:GTW,SCSCF,T:GTW,SCSCF,S:SCSCF,MTAS,S:SCSCF,PCSCF,S:PCSCF,SCSCF,P:SCSCF,MTAS,P:MTAS,SCSCF,P:SCSCF,GTW,P:GTW,SCSCF,P-200:GTW,SCSCF,R:SCSCF,MTAS,P-200:SCSCF,MTAS,R:MTAS,SCSCF,P-200:SCSCF,PCSCF,P-200:SCSCF,PCSCF,R:PCSCF,SCSCF,P:SCSCF,MTAS,P:MTAS,SCSCF,P:SCSCF,GTW,P:GTW,SCSCF,P-200:SCSCF,MTAS,P-200:MTAS,SCSCF,P-200:SCSCF,PCSCF,P-200:PCSCF,SCSCF,C:MTAS,SCSCF,C:SCSCF,MTAS,C-200:SCSCF,GTW,C:GTW,SCSCF,C-200:GTW,SCSCF,I-487:SCSCF,GTW,A:SCSCF,MTAS,I-487:MTAS,SCSCF,A:SCSCF,PCSCF,C-200:SCSCF,PCSCF,I-487:PCSCF,SCSCF,A"
219,0,0,"PCSCF,SCSCF,I:SCSCF,PCSCF,T:SCSCF,ASLI,I:ASLI,SCSCF,T:ASLI,SCSCF,I-500:SCSCF,ASLI,A:MTAS,SCSCF,I:SCSCF,MTAS,T:SCSCF,GTW,I:GTW,SCSCF,T:GTW,SCSCF,R:SCSCF,MTAS,R:SCSCF,PCSCF,R:PCSCF,SCSCF,P:SCSCF,MTAS,P:MTAS,SCSCF,P:SCSCF,GTW,P:GTW,SCSCF,P-200:SCSCF,MTAS,P-200:MTAS,SCSCF,P-200:SCSCF,PCSCF,P-200:GTW,SCSCF,S:SCSCF,MTAS,S:SCSCF,PCSCF,S:PCSCF,SCSCF,P:SCSCF,MTAS,P:MTAS,SCSCF,P:SCSCF,GTW,P:GTW,SCSCF,P-200:SCSCF,MTAS,P-200:MTAS,SCSCF,P-200:SCSCF,PCSCF,P-200:GTW,SCSCF,S:SCSCF,MTAS,S:SCSCF,PCSCF,S:PCSCF,SCSCF,P:SCSCF,MTAS,P:MTAS,SCSCF,P:GTW,SCSCF,I-200:SCSCF,GTW,P:GTW,SCSCF,P-200:SCSCF,MTAS,I-200:SCSCF,PCSCF,I-200:PCSCF,SCSCF,A:SCSCF,MTAS,A:MTAS,SCSCF,A:SCSCF,MTAS,P-200:SCSCF,GTW,A:MTAS,SCSCF,P-200:SCSCF,PCSCF,P-200:PCSCF,SCSCF,B:SCSCF,MTAS,B:MTAS,SCSCF,B:SCSCF,GTW,B:GTW,SCSCF,B-200:SCSCF,MTAS,B-200:MTAS,SCSCF,B-200:SCSCF,PCSCF,B-200"
220,0,0,"PCSCF,SCSCF,I:SCSCF,ASLI,I:ASLI,SCSCF,T:ASLI,SCSCF,I-500:SCSCF,ASLI,A:MTAS,SCSCF,I:SCSCF,MTAS,T:SCSCF,GTW,I:GTW,SCSCF,T:SCSCF,PCSCF,T:GTW,SCSCF,S:SCSCF,MTAS,S:SCSCF,PCSCF,S:PCSCF,SCSCF,P:SCSCF,MTAS,P:MTAS,SCSCF,P:SCSCF,GTW,P:GTW,SCSCF,P-200:GTW,SCSCF,S:SCSCF,MTAS,S:SCSCF,MTAS,P-200:MTAS,SCSCF,P-200:SCSCF,PCSCF,P-200:SCSCF,PCSCF,S:PCSCF,SCSCF,P:SCSCF,MTAS,P:MTAS,SCSCF,P:SCSCF,GTW,P:GTW,SCSCF,P-200:GTW,SCSCF,S:SCSCF,MTAS,P-200:SCSCF,MTAS,S:MTAS,SCSCF,P-200:SCSCF,PCSCF,P-200:SCSCF,PCSCF,S:PCSCF,SCSCF,P:SCSCF,MTAS,P:MTAS,SCSCF,P:SCSCF,GTW,P:GTW,SCSCF,P-200:SCSCF,MTAS,P-200:MTAS,SCSCF,P-200:SCSCF,PCSCF,P-200:GTW,SCSCF,R:SCSCF,MTAS,R:SCSCF,PCSCF,R:PCSCF,SCSCF,P:SCSCF,MTAS,P:MTAS,SCSCF,P:SCSCF,GTW,P:GTW,SCSCF,P-200:SCSCF,MTAS,P-200:MTAS,SCSCF,P-200:SCSCF,PCSCF,P-200:PCSCF,SCSCF,C:SCSCF,PCSCF,C-200:MTAS,SCSCF,C:SCSCF,MTAS,C-200:SCSCF,GTW,C:GTW,SCSCF,C-200:GTW,SCSCF,I-487:SCSCF,GTW,A:SCSCF,MTAS,I-487:MTAS,SCSCF,A:SCSCF,PCSCF,I-487:PCSCF,SCSCF,A"
221,0,0,"PCSCF,SCSCF,I:SCSCF,PCSCF,T:SCSCF,PCSCF,I-407:PCSCF,SCSCF,A:PCSCF,SCSCF,I:SCSCF,PCSCF,T:SCSCF,ASLI,I:ASLI,SCSCF,T:ASLI,SCSCF,I-500:SCSCF,ASLI,A:MTAS,SCSCF,I:SCSCF,MTAS,T:SCSCF,GTW,I:GTW,SCSCF,T:GTW,SCSCF,I-200:SCSCF,MTAS,I-200:SCSCF,PCSCF,I-200:PCSCF,SCSCF,A:SCSCF,MTAS,A:MTAS,SCSCF,A:SCSCF,GTW,A:MTAS,SCSCF,U:SCSCF,GTW,U:GTW,SCSCF,U-200:SCSCF,MTAS,U-200:MTAS,SCSCF,U:SCSCF,PCSCF,U:PCSCF,SCSCF,U-200:SCSCF,MTAS,U-200:MTAS,SCSCF,U:SCSCF,GTW,U:SCSCF,PCSCF,U:GTW,SCSCF,U-200:SCSCF,MTAS,U-200:PCSCF,SCSCF,U-200:MTAS,SCSCF,U:SCSCF,GTW,U:GTW,SCSCF,U-200:SCSCF,MTAS,U-200:MTAS,SCSCF,U:SCSCF,PCSCF,U:PCSCF,SCSCF,U-200:SCSCF,MTAS,U-200:MTAS,SCSCF,U:SCSCF,GTW,U:GTW,SCSCF,U-200:SCSCF,MTAS,U-200:MTAS,SCSCF,U:SCSCF,PCSCF,U:PCSCF,SCSCF,U-200:SCSCF,MTAS,U-200:MTAS,SCSCF,U:SCSCF,GTW,U:GTW,SCSCF,U-200:SCSCF,MTAS,U-200:MTAS,SCSCF,U:SCSCF,PCSCF,U:PCSCF,SCSCF,U-200:SCSCF,MTAS,U-200:GTW,SCSCF,B:MTAS,SCSCF,B:SCSCF,PCSCF,B:PCSCF,SCSCF,B-200:SCSCF,MTAS,B-200:SCSCF,GTW,B-200"
222,0,0,"PCSCF,SCSCF,I:SCSCF,PCSCF,T:SCSCF,PCSCF,I-407:PCSCF,SCSCF,A:PCSCF,SCSCF,I:SCSCF,ASLI,I:ASLI,SCSCF,T:SCSCF,PCSCF,T:ASLI,SCSCF,I-500:SCSCF,ASLI,A:MTAS,SCSCF,I:SCSCF,MTAS,T:SCSCF,GTW,I:GTW,SCSCF,T:GTW,SCSCF,I-200:SCSCF,MTAS,I-200:SCSCF,PCSCF,I-200:PCSCF,SCSCF,A:SCSCF,MTAS,A:MTAS,SCSCF,A:SCSCF,GTW,A:GTW,SCSCF,B:MTAS,SCSCF,B:SCSCF,PCSCF,B:PCSCF,SCSCF,B-200:SCSCF,MTAS,B-200:SCSCF,GTW,B-200"
223,0,0,"GTW,ICSCF,I:ICSCF,GTW,T:SCSCF,ASLI,I:ASLI,SCSCF,T:ASLI,SCSCF,I-500:SCSCF,ASLI,A:SCSCF,BCCAS,I:BCCAS,SCSCF,T:BCCAS,SCSCF,I:SCSCF,BCCAS,T:SCSCF,PCSCF,I:SCSCF,PCSCF,I:PCSCF,SCSCF,T:PCSCF,SCSCF,T:PCSCF,SCSCF,R:SCSCF,BCCAS,R:BCCAS,SCSCF,R:ICSCF,GTW,R:GTW,SCSCF,P:SCSCF,BCCAS,P:BCCAS,SCSCF,P:SCSCF,PCSCF,P:PCSCF,SCSCF,I-200:SCSCF,BCCAS,I-200:SCSCF,PCSCF,C:PCSCF,SCSCF,P-200:BCCAS,SCSCF,I-200:SCSCF,BCCAS,P-200:ICSCF,GTW,I-200:BCCAS,SCSCF,P-200:SCSCF,GTW,P-200:GTW,SCSCF,A:SCSCF,BCCAS,A:PCSCF,SCSCF,C-200:BCCAS,SCSCF,A:SCSCF,PCSCF,A:PCSCF,SCSCF,I-487:SCSCF,PCSCF,A:GTW,SCSCF,B:SCSCF,BCCAS,B:BCCAS,SCSCF,B:SCSCF,PCSCF,B:PCSCF,SCSCF,B-200:SCSCF,BCCAS,B-200:BCCAS,SCSCF,B-200:SCSCF,GTW,B-200"
224,0,0,"GTW,ICSCF,I:ICSCF,GTW,T:SCSCF,ASLI,I:ASLI,SCSCF,T:ASLI,SCSCF,I-500:SCSCF,ASLI,A:SCSCF,MTAS,I:MTAS,SCSCF,T:MTAS,SCSCF,I:SCSCF,MTAS,T:SCSCF,PCSCF,I:PCSCF,SCSCF,T:PCSCF,SCSCF,R:SCSCF,MTAS,R:MTAS,SCSCF,R:ICSCF,GTW,R:GTW,SCSCF,P:SCSCF,MTAS,P:MTAS,SCSCF,P:SCSCF,PCSCF,P:PCSCF,SCSCF,P-200:SCSCF,MTAS,P-200:MTAS,SCSCF,P-200:SCSCF,GTW,P-200:PCSCF,SCSCF,I-200:SCSCF,MTAS,I-200:MTAS,SCSCF,I-200:ICSCF,GTW,I-200:GTW,SCSCF,A:SCSCF,MTAS,A:MTAS,SCSCF,A:SCSCF,PCSCF,A:MTAS,SCSCF,U:SCSCF,PCSCF,U:MTAS,SCSCF,U:SCSCF,GTW,U:PCSCF,SCSCF,U-200:SCSCF,MTAS,U-200:GTW,SCSCF,U-200:SCSCF,MTAS,U-200:MTAS,SCSCF,U:SCSCF,PCSCF,U:MTAS,SCSCF,U:SCSCF,GTW,U:GTW,SCSCF,U-200:SCSCF,MTAS,U-200:PCSCF,SCSCF,U-200:SCSCF,MTAS,U-200:MTAS,SCSCF,U:SCSCF,GTW,U:SCSCF,PCSCF,U:GTW,SCSCF,U-200:SCSCF,MTAS,U-200:PCSCF,SCSCF,U-200:SCSCF,MTAS,U-200:GTW,SCSCF,B:SCSCF,MTAS,B:MTAS,SCSCF,B:SCSCF,PCSCF,B:PCSCF,SCSCF,B-200:SCSCF,MTAS,B-200:MTAS,SCSCF,B-200:SCSCF,GTW,B-200"
225,0,0,"PCSCF,SCSCF,I:SCSCF,ASLI,I:ASLI,SCSCF,T:SCSCF,PCSCF,T:ASLI,SCSCF,I-500:MTAS,SCSCF,I:SCSCF,MTAS,T:SCSCF,ASLI,A:SCSCF,GTW,I:GTW,SCSCF,T:GTW,SCSCF,S:SCSCF,MTAS,S:SCSCF,PCSCF,S:PCSCF,SCSCF,P:MTAS,SCSCF,P:SCSCF,GTW,P:GTW,SCSCF,P-200:SCSCF,MTAS,P-200:SCSCF,PCSCF,P-200:GTW,SCSCF,S:SCSCF,MTAS,S:SCSCF,PCSCF,S:PCSCF,SCSCF,P:MTAS,SCSCF,P:SCSCF,GTW,P:GTW,SCSCF,P-200:SCSCF,MTAS,P-200:SCSCF,PCSCF,P-200:GTW,SCSCF,R:SCSCF,MTAS,R:SCSCF,PCSCF,R:PCSCF,SCSCF,P:MTAS,SCSCF,P:SCSCF,GTW,P:GTW,SCSCF,P-200:SCSCF,MTAS,P-200:SCSCF,PCSCF,P-200:GTW,SCSCF,I-200:SCSCF,MTAS,I-200:SCSCF,PCSCF,I-200:PCSCF,SCSCF,A:SCSCF,MTAS,A:MTAS,SCSCF,A:SCSCF,GTW,A:MTAS,SCSCF,U:SCSCF,GTW,U:GTW,SCSCF,U-200:SCSCF,MTAS,U-200:SCSCF,PCSCF,U:PCSCF,SCSCF,U-200:SCSCF,MTAS,U-200:MTAS,SCSCF,U:SCSCF,GTW,U:GTW,SCSCF,U-200:SCSCF,MTAS,U-200:MTAS,SCSCF,U:SCSCF,PCSCF,U:PCSCF,SCSCF,U-200:SCSCF,MTAS,U-200:MTAS,SCSCF,U:SCSCF,GTW,U:SCSCF,PCSCF,U:GTW,SCSCF,U-200:SCSCF,MTAS,U-200:PCSCF,SCSCF,U-200:SCSCF,MTAS,U-200:PCSCF,SCSCF,B:MTAS,SCSCF,B:SCSCF,GTW,B:GTW,SCSCF,B-200:SCSCF,MTAS,B-200:SCSCF,PCSCF,B-200"
226,0,0,"PCSCF,SCSCF,I:SCSCF,PCSCF,T:SCSCF,ASLI,I:ASLI,SCSCF,T:ASLI,SCSCF,I-500:SCSCF,ASLI,A:MTAS,SCSCF,I:SCSCF,MTAS,T:SCSCF,GTW,I:GTW,SCSCF,T:GTW,SCSCF,S:SCSCF,MTAS,S:SCSCF,PCSCF,S:PCSCF,SCSCF,P:MTAS,SCSCF,P:SCSCF,GTW,P:GTW,SCSCF,P-200:SCSCF,MTAS,P-200:SCSCF,PCSCF,P-200:GTW,SCSCF,R:SCSCF,MTAS,R:SCSCF,PCSCF,R:PCSCF,SCSCF,P:MTAS,SCSCF,P:SCSCF,GTW,P:GTW,SCSCF,P-200:SCSCF,MTAS,P-200:SCSCF,PCSCF,P-200:GTW,SCSCF,I-480:SCSCF,GTW,A:SCSCF,MTAS,I-480:MTAS,SCSCF,A:SCSCF,PCSCF,I-480:PCSCF,SCSCF,A"
227,0,0,"GTW,ICSCF,I:ICSCF,GTW,T:SCSCF,ASLI,I:ASLI,SCSCF,T:ASLI,SCSCF,I-500:SCSCF,MTAS,I:MTAS,SCSCF,T:MTAS,SCSCF,I:SCSCF,ASLI,A:SCSCF,MTAS,T:SCSCF,PCSCF,I:PCSCF,SCSCF,T:PCSCF,SCSCF,R:SCSCF,MTAS,R:MTAS,SCSCF,R:ICSCF,GTW,R:GTW,SCSCF,P:SCSCF,MTAS,P:MTAS,SCSCF,P:SCSCF,PCSCF,P:MTAS,SCSCF,P-200:PCSCF,SCSCF,P-200:SCSCF,MTAS,P-200:SCSCF,GTW,P-200:PCSCF,SCSCF,I-200:SCSCF,MTAS,I-200:MTAS,SCSCF,I-200:ICSCF,GTW,I-200:GTW,SCSCF,A:SCSCF,MTAS,A:MTAS,SCSCF,A:SCSCF,PCSCF,A:GTW,SCSCF,B:SCSCF,MTAS,B:MTAS,SCSCF,B:SCSCF,PCSCF,B:PCSCF,SCSCF,B-200:SCSCF,MTAS,B-200:MTAS,SCSCF,B-200:SCSCF,GTW,B-200"
228,0,0,"PCSCF,SCSCF,I:SCSCF,PCSCF,T:SCSCF,PCSCF,I-407:PCSCF,SCSCF,A:PCSCF,SCSCF,I:SCSCF,ASLI,I:ASLI,SCSCF,T:ASLI,SCSCF,I-500:SCSCF,ASLI,A:SCSCF,PCSCF,T:MTAS,SCSCF,I:SCSCF,MTAS,T:SCSCF,GTW,I:GTW,SCSCF,T:GTW,SCSCF,S:SCSCF,MTAS,S:SCSCF,PCSCF,S:PCSCF,SCSCF,P:MTAS,SCSCF,P:SCSCF,GTW,P:GTW,SCSCF,P-200:SCSCF,MTAS,P-200:SCSCF,PCSCF,P-200:GTW,SCSCF,S:SCSCF,MTAS,S:SCSCF,PCSCF,S:PCSCF,SCSCF,P:MTAS,SCSCF,P:SCSCF,GTW,P:GTW,SCSCF,P-200:SCSCF,MTAS,P-200:SCSCF,PCSCF,P-200:GTW,SCSCF,R:SCSCF,MTAS,R:SCSCF,PCSCF,R:GTW,SCSCF,I-200:SCSCF,MTAS,I-200:SCSCF,PCSCF,I-200:PCSCF,SCSCF,A:SCSCF,MTAS,A:MTAS,SCSCF,A:SCSCF,GTW,A:PCSCF,SCSCF,B:MTAS,SCSCF,B:SCSCF,GTW,B:GTW,SCSCF,B-200:SCSCF,MTAS,B-200:SCSCF,PCSCF,B-200"
229,0,0,"PCSCF,SCSCF,I:SCSCF,PCSCF,T:SCSCF,BCCAS,I:BCCAS,SCSCF,T:BCCAS,SCSCF,I-500:SCSCF,BCCAS,A:SCSCF,ASLI,I:ASLI,SCSCF,T:ASLI,SCSCF,I-500:SCSCF,ASLI,A:SCSCF,BCCAS,I:BCCAS,SCSCF,T:BCCAS,SCSCF,I:SCSCF,BCCAS,T:SCSCF,GTW,I:GTW,SCSCF,T:GTW,SCSCF,S:SCSCF,BCCAS,S:BCCAS,SCSCF,S:SCSCF,PCSCF,S:PCSCF,SCSCF,P:SCSCF,BCCAS,P:BCCAS,SCSCF,P:SCSCF,GTW,P:GTW,SCSCF,P-200:SCSCF,BCCAS,P-200:BCCAS,SCSCF,P-200:SCSCF,PCSCF,P-200:GTW,SCSCF,R:SCSCF,BCCAS,R:BCCAS,SCSCF,R:SCSCF,PCSCF,R:PCSCF,SCSCF,P:SCSCF,BCCAS,P:BCCAS,SCSCF,P:SCSCF,GTW,P:GTW,SCSCF,P-200:SCSCF,BCCAS,P-200:BCCAS,SCSCF,P-200:SCSCF,PCSCF,P-200:GTW,SCSCF,I-200:SCSCF,BCCAS,I-200:BCCAS,SCSCF,I-200:SCSCF,PCSCF,I-200:PCSCF,SCSCF,A:SCSCF,BCCAS,A:BCCAS,SCSCF,A:SCSCF,GTW,A:GTW,SCSCF,B:SCSCF,BCCAS,B:BCCAS,SCSCF,B:SCSCF,PCSCF,B:PCSCF,SCSCF,B-200:SCSCF,BCCAS,B-200:BCCAS,SCSCF,B-200:SCSCF,GTW,B-200"
230,0,0,"PCSCF,SCSCF,I:SCSCF,PCSCF,T:SCSCF,PCSCF,I-407:PCSCF,SCSCF,A:PCSCF,SCSCF,I:SCSCF,ASLI,I:SCSCF,PCSCF,T:ASLI,SCSCF,T:ASLI,SCSCF,I-500:SCSCF,ASLI,A:MTAS,SCSCF,I:SCSCF,MTAS,T:SCSCF,GTW,I:GTW,SCSCF,T:GTW,SCSCF,S:SCSCF,MTAS,S:SCSCF,PCSCF,S:PCSCF,SCSCF,P:SCSCF,MTAS,P:MTAS,SCSCF,P:SCSCF,GTW,P:GTW,SCSCF,P-200:SCSCF,MTAS,P-200:MTAS,SCSCF,P-200:SCSCF,PCSCF,P-200:GTW,SCSCF,R:SCSCF,MTAS,R:SCSCF,PCSCF,R:PCSCF,SCSCF,P:SCSCF,MTAS,P:MTAS,SCSCF,P:SCSCF,GTW,P:GTW,SCSCF,P-200:SCSCF,MTAS,P-200:MTAS,SCSCF,P-200:SCSCF,PCSCF,P-200:GTW,SCSCF,I-200:SCSCF,MTAS,I-200:SCSCF,PCSCF,I-200:PCSCF,SCSCF,A:SCSCF,MTAS,A:MTAS,SCSCF,A:SCSCF,GTW,A:PCSCF,SCSCF,I:SCSCF,PCSCF,T:MTAS,SCSCF,I:SCSCF,MTAS,T:SCSCF,GTW,I:GTW,SCSCF,T:GTW,SCSCF,I-200:SCSCF,MTAS,I-200:SCSCF,PCSCF,I-200:PCSCF,SCSCF,A:SCSCF,MTAS,A:MTAS,SCSCF,A:SCSCF,GTW,A:PCSCF,SCSCF,B:SCSCF,MTAS,B:MTAS,SCSCF,B:SCSCF,GTW,B:GTW,SCSCF,B-200:SCSCF,MTAS,B-200:MTAS,SCSCF,B-200:SCSCF,PCSCF,B-200"
231,0,0,"GTW,ICSCF,I:ICSCF,GTW,T:SCSCF,ASLI,I:ASLI,SCSCF,T:ASLI,SCSCF,I-500:SCSCF,ASLI,A:SCSCF,MTAS,I:MTAS,SCSCF,T:MTAS,SCSCF,W:ICSCF,GTW,W:MTAS,SCSCF,I:SCSCF,MTAS,T:SCSCF,GTW,I:GTW,SCSCF,T:GTW,SCSCF,S:SCSCF,MTAS,S:MTAS,SCSCF,S:ICSCF,GTW,S:GTW,SCSCF,P:SCSCF,MTAS,P:MTAS,SCSCF,P:SCSCF,GTW,P:GTW,SCSCF,P-200:SCSCF,MTAS,P-200:MTAS,SCSCF,P-200:SCSCF,GTW,P-200:GTW,SCSCF,R:SCSCF,MTAS,R:MTAS,SCSCF,R:ICSCF,GTW,R:GTW,SCSCF,P:SCSCF,MTAS,P:MTAS,SCSCF,P:SCSCF,GTW,P:GTW,SCSCF,P-200:SCSCF,MTAS,P-200:MTAS,SCSCF,P-200:SCSCF,GTW,P-200:GTW,ICSCF,C:ICSCF,GTW,C-200:SCSCF,MTAS,C:MTAS,SCSCF,C-200:MTAS,SCSCF,I-487:SCSCF,MTAS,A:MTAS,SCSCF,C:ICSCF,GTW,I-487:SCSCF,MTAS,C-200:GTW,ICSCF,A:SCSCF,GTW,C:GTW,SCSCF,C-200:GTW,SCSCF,I-487:SCSCF,GTW,A:SCSCF,MTAS,I-487:MTAS,SCSCF,A"
232,0,0,"PCSCF,SCSCF,I:SCSCF,PCSCF,T:SCSCF,PCSCF,I-407:PCSCF,SCSCF,A:PCSCF,SCSCF,I:SCSCF,PCSCF,T:SCSCF,ASLI,I:ASLI,SCSCF,T:ASLI,SCSCF,I-500:SCSCF,ASLI,A:MTAS,SCSCF,I:SCSCF,MTAS,T:SCSCF,GTW,I:GTW,SCSCF,T:GTW,SCSCF,S:SCSCF,MTAS,S:SCSCF,PCSCF,S:GTW,SCSCF,S:SCSCF,MTAS,S:SCSCF,PCSCF,S:PCSCF,SCSCF,P:MTAS,SCSCF,P:SCSCF,GTW,P:GTW,SCSCF,P-200:SCSCF,MTAS,P-200:SCSCF,PCSCF,P-200:GTW,SCSCF,R:SCSCF,MTAS,R:SCSCF,PCSCF,R:PCSCF,SCSCF,P:MTAS,SCSCF,P:SCSCF,GTW,P:GTW,SCSCF,P-200:SCSCF,MTAS,P-200:SCSCF,PCSCF,P-200:GTW,SCSCF,I-200:SCSCF,MTAS,I-200:SCSCF,PCSCF,I-200:PCSCF,SCSCF,A:SCSCF,MTAS,A:MTAS,SCSCF,A:SCSCF,GTW,A:GTW,SCSCF,B:MTAS,SCSCF,B:SCSCF,PCSCF,B:PCSCF,SCSCF,B-200:SCSCF,MTAS,B-200:SCSCF,GTW,B-200"
233,0,0,"GTW,ICSCF,I:ICSCF,GTW,T:SCSCF,ASLI,I:ASLI,SCSCF,T:ASLI,SCSCF,I-500:SCSCF,MTAS,I:MTAS,SCSCF,T:MTAS,SCSCF,I:SCSCF,MTAS,T:SCSCF,PCSCF,I:SCSCF,ASLI,A:PCSCF,SCSCF,T:PCSCF,SCSCF,R:SCSCF,MTAS,R:MTAS,SCSCF,R:ICSCF,GTW,R:GTW,SCSCF,P:SCSCF,MTAS,P:MTAS,SCSCF,P:SCSCF,PCSCF,P:PCSCF,SCSCF,P-200:SCSCF,MTAS,P-200:MTAS,SCSCF,P-200:SCSCF,GTW,P-200:GTW,ICSCF,C:ICSCF,GTW,C-200:SCSCF,MTAS,C:MTAS,SCSCF,C:SCSCF,MTAS,C-200:SCSCF,PCSCF,C:PCSCF,SCSCF,C-200:MTAS,SCSCF,C-200:PCSCF,SCSCF,I-487:SCSCF,PCSCF,A:SCSCF,MTAS,I-487:MTAS,SCSCF,A:MTAS,SCSCF,I-487:SCSCF,MTAS,A:ICSCF,GTW,I-487:GTW,ICSCF,A"
234,0,0,"GTW,ICSCF,I:ICSCF,GTW,T:SCSCF,ASLI,I:ASLI,SCSCF,T:ASLI,SCSCF,I-500:SCSCF,MTAS,I:MTAS,SCSCF,I:SCSCF,MTAS,T:SCSCF,PCSCF,I:MTAS,SCSCF,T:PCSCF,SCSCF,T:SCSCF,ASLI,A:PCSCF,SCSCF,R:SCSCF,MTAS,R:MTAS,SCSCF,R:ICSCF,GTW,R:GTW,SCSCF,P:SCSCF,MTAS,P:MTAS,SCSCF,P:SCSCF,PCSCF,P:PCSCF,SCSCF,P-200:SCSCF,MTAS,P-200:MTAS,SCSCF,P-200:SCSCF,GTW,P-200:PCSCF,SCSCF,I-200:SCSCF,MTAS,I-200:MTAS,SCSCF,I-200:ICSCF,GTW,I-200:GTW,SCSCF,A:SCSCF,MTAS,A:MTAS,SCSCF,A:SCSCF,PCSCF,A:PCSCF,SCSCF,B:SCSCF,MTAS,B:MTAS,SCSCF,B:SCSCF,GTW,B:GTW,SCSCF,B-200:SCSCF,MTAS,B-200:MTAS,SCSCF,B-200:SCSCF,PCSCF,B-200"
235,0,0,"PCSCF,SCSCF,I:SCSCF,ASLI,I:ASLI,SCSCF,T:ASLI,SCSCF,I-500:SCSCF,ASLI,A:MTAS,SCSCF,I:SCSCF,MTAS,T:SCSCF,GTW,I:GTW,SCSCF,T:SCSCF,PCSCF,T:GTW,SCSCF,R:SCSCF,MTAS,R:SCSCF,PCSCF,R:PCSCF,SCSCF,P:SCSCF,MTAS,P:MTAS,SCSCF,P:SCSCF,GTW,P:GTW,SCSCF,P-200:SCSCF,MTAS,P-200:MTAS,SCSCF,P-200:SCSCF,PCSCF,P-200:GTW,SCSCF,I-200:SCSCF,MTAS,I-200:SCSCF,PCSCF,I-200:PCSCF,SCSCF,A:SCSCF,MTAS,A:MTAS,SCSCF,A:SCSCF,GTW,A:PCSCF,SCSCF,B:MTAS,SCSCF,B:SCSCF,GTW,B:GTW,SCSCF,B-200:SCSCF,MTAS,B-200:SCSCF,PCSCF,B-200"
236,0,0,"PCSCF,SCSCF,I:SCSCF,PCSCF,T:SCSCF,PCSCF,I-407:PCSCF,SCSCF,A:PCSCF,SCSCF,I:SCSCF,ASLI,I:ASLI,SCSCF,T:SCSCF,PCSCF,T:ASLI,SCSCF,I-500:SCSCF,ASLI,A:MTAS,SCSCF,I:SCSCF,MTAS,T:SCSCF,GTW,I:GTW,SCSCF,T:GTW,SCSCF,S:SCSCF,MTAS,S:SCSCF,PCSCF,S:PCSCF,SCSCF,P:MTAS,SCSCF,P:SCSCF,GTW,P:GTW,SCSCF,P-200:SCSCF,MTAS,P-200:SCSCF,PCSCF,P-200:GTW,SCSCF,R:SCSCF,MTAS,R:SCSCF,PCSCF,R:PCSCF,SCSCF,P:MTAS,SCSCF,P:SCSCF,GTW,P:GTW,SCSCF,P-200:SCSCF,MTAS,P-200:SCSCF,PCSCF,P-200:PCSCF,SCSCF,C:MTAS,SCSCF,C:SCSCF,MTAS,C-200:SCSCF,GTW,C:GTW,SCSCF,C-200:GTW,SCSCF,I-487:SCSCF,GTW,A:SCSCF,MTAS,I-487:MTAS,SCSCF,A:SCSCF,PCSCF,C-200:SCSCF,PCSCF,I-487:PCSCF,SCSCF,A"
237,0,0,"PCSCF,SCSCF,I:SCSCF,PCSCF,T:SCSCF,PCSCF,I-407:PCSCF,SCSCF,A:PCSCF,SCSCF,I:SCSCF,PCSCF,T:SCSCF,ASLI,I:ASLI,SCSCF,T:ASLI,SCSCF,I-500:SCSCF,ASLI,A:MTAS,SCSCF,I:SCSCF,MTAS,T:SCSCF,ASLI,I:ASLI,SCSCF,T:ASLI,SCSCF,I-500:SCSCF,ASLI,A:SCSCF,MTAS,I:MTAS,SCSCF,T:MTAS,SCSCF,I:SCSCF,MTAS,T:SCSCF,PCSCF,I:PCSCF,SCSCF,T:PCSCF,SCSCF,R:SCSCF,MTAS,R:MTAS,SCSCF,R:SCSCF,MTAS,R:SCSCF,PCSCF,R:PCSCF,SCSCF,P:MTAS,SCSCF,P:SCSCF,MTAS,P:MTAS,SCSCF,P:SCSCF,PCSCF,P:PCSCF,SCSCF,P-200:SCSCF,MTAS,P-200:MTAS,SCSCF,P-200:SCSCF,MTAS,P-200:SCSCF,PCSCF,P-200:PCSCF,SCSCF,I-200:SCSCF,MTAS,I-200:MTAS,SCSCF,I-200:SCSCF,MTAS,I-200:SCSCF,PCSCF,I-200:PCSCF,SCSCF,A:MTAS,SCSCF,A:SCSCF,MTAS,A:MTAS,SCSCF,A:SCSCF,PCSCF,A:MTAS,SCSCF,U:SCSCF,PCSCF,U:MTAS,SCSCF,U:SCSCF,PCSCF,U:PCSCF,SCSCF,U-200:SCSCF,MTAS,U-200:PCSCF,SCSCF,U-200:SCSCF,MTAS,U-200:MTAS,SCSCF,U:SCSCF,MTAS,U-200:PCSCF,SCSCF,B:MTAS,SCSCF,B:SCSCF,MTAS,B:MTAS,SCSCF,B:SCSCF,PCSCF,B:PCSCF,SCSCF,B-200:SCSCF,MTAS,B-200:MTAS,SCSCF,B-200:SCSCF,MTAS,B-200:SCSCF,PCSCF,B-200"
238,0,0,"GTW,ICSCF,I:ICSCF,GTW,T:SCSCF,ASLI,I:ASLI,SCSCF,T:ASLI,SCSCF,I-500:SCSCF,MTAS,I:MTAS,SCSCF,I:SCSCF,MTAS,T:MTAS,SCSCF,T:SCSCF,PCSCF,I:SCSCF,ASLI,A:PCSCF,SCSCF,T:PCSCF,SCSCF,R:SCSCF,MTAS,R:MTAS,SCSCF,R:ICSCF,GTW,R:GTW,SCSCF,P:SCSCF,MTAS,P:MTAS,SCSCF,P:SCSCF,PCSCF,P:PCSCF,SCSCF,P-200:SCSCF,MTAS,P-200:MTAS,SCSCF,P-200:SCSCF,GTW,P-200:PCSCF,SCSCF,I-200:SCSCF,MTAS,I-200:MTAS,SCSCF,I-200:ICSCF,GTW,I-200:GTW,SCSCF,A:SCSCF,MTAS,A:MTAS,SCSCF,A:SCSCF,PCSCF,A:PCSCF,SCSCF,B:SCSCF,MTAS,B:MTAS,SCSCF,B:SCSCF,GTW,B:GTW,SCSCF,B-200:SCSCF,MTAS,B-200:MTAS,SCSCF,B-200:SCSCF,PCSCF,B-200"
239,0,0,"PCSCF,SCSCF,I:SCSCF,PCSCF,T:SCSCF,PCSCF,I-407:PCSCF,SCSCF,A:PCSCF,SCSCF,I:SCSCF,PCSCF,T:SCSCF,ASLI,I:ASLI,SCSCF,T:ASLI,SCSCF,I-500:SCSCF,ASLI,A:MTAS,SCSCF,I:SCSCF,MTAS,T:SCSCF,ASLI,I:ASLI,SCSCF,T:ASLI,SCSCF,I-500:SCSCF,ASLI,A:SCSCF,MTAS,I:MTAS,SCSCF,T:MTAS,SCSCF,I:SCSCF,MTAS,T:SCSCF,PCSCF,I:PCSCF,SCSCF,T:PCSCF,SCSCF,R:SCSCF,MTAS,R:MTAS,SCSCF,R:SCSCF,MTAS,R:SCSCF,PCSCF,R:PCSCF,SCSCF,P:MTAS,SCSCF,P:SCSCF,MTAS,P:MTAS,SCSCF,P:SCSCF,PCSCF,P:PCSCF,SCSCF,P-200:SCSCF,MTAS,P-200:MTAS,SCSCF,P-200:SCSCF,MTAS,P-200:SCSCF,PCSCF,P-200:PCSCF,SCSCF,I-200:SCSCF,MTAS,I-200:MTAS,SCSCF,I-200:SCSCF,MTAS,I-200:SCSCF,PCSCF,I-200:PCSCF,SCSCF,A:MTAS,SCSCF,A:SCSCF,MTAS,A:MTAS,SCSCF,A:SCSCF,PCSCF,A:MTAS,SCSCF,U:SCSCF,PCSCF,U:MTAS,SCSCF,U:SCSCF,PCSCF,U:SCSCF,MTAS,U-200:PCSCF,SCSCF,U-200:SCSCF,MTAS,U-200:MTAS,SCSCF,U:SCSCF,MTAS,U-200:MTAS,SCSCF,U:SCSCF,PCSCF,U:PCSCF,SCSCF,U-200:SCSCF,MTAS,U-200:MTAS,SCSCF,U:SCSCF,PCSCF,U:PCSCF,SCSCF,U-200:SCSCF,MTAS,U-200:PCSCF,SCSCF,B:SCSCF,MTAS,B:MTAS,SCSCF,B:SCSCF,PCSCF,B:PCSCF,SCSCF,B-200:SCSCF,MTAS,B-200:MTAS,SCSCF,B-200:SCSCF,PCSCF,B-200"
240,0,0,"PCSCF,SCSCF,I:SCSCF,ASLI,I:ASLI,SCSCF,T:SCSCF,PCSCF,T:ASLI,SCSCF,I-500:SCSCF,ASLI,A:MTAS,SCSCF,I:SCSCF,MTAS,T:SCSCF,ASLI,I:ASLI,SCSCF,T:ASLI,SCSCF,I-500:SCSCF,MTAS,I:SCSCF,ASLI,A:MTAS,SCSCF,T:MTAS,SCSCF,I:SCSCF,MTAS,T:SCSCF,PCSCF,I:PCSCF,SCSCF,T:PCSCF,SCSCF,R:SCSCF,MTAS,R:MTAS,SCSCF,R:SCSCF,MTAS,R:SCSCF,PCSCF,R:PCSCF,SCSCF,P:MTAS,SCSCF,P:SCSCF,MTAS,P:MTAS,SCSCF,P:SCSCF,PCSCF,P:PCSCF,SCSCF,P-200:SCSCF,MTAS,P-200:MTAS,SCSCF,P-200:SCSCF,MTAS,P-200:SCSCF,PCSCF,P-200:PCSCF,SCSCF,I-200:SCSCF,MTAS,I-200:MTAS,SCSCF,I-200:SCSCF,MTAS,I-200:SCSCF,PCSCF,I-200:PCSCF,SCSCF,I-200:SCSCF,MTAS,I-200:PCSCF,SCSCF,A:MTAS,SCSCF,A:SCSCF,MTAS,A:MTAS,SCSCF,A:SCSCF,PCSCF,A:PCSCF,SCSCF,B:SCSCF,MTAS,B:MTAS,SCSCF,B:SCSCF,PCSCF,B:PCSCF,SCSCF,B-200:SCSCF,MTAS,B-200:MTAS,SCSCF,B-200:SCSCF,PCSCF,B-200"
241,0,0,"GTW,ICSCF,I:ICSCF,GTW,T:SCSCF,ASLI,I:ASLI,SCSCF,T:ASLI,SCSCF,I-500:SCSCF,ASLI,A:SCSCF,MTAS,I:MTAS,SCSCF,I:SCSCF,MTAS,T:SCSCF,PCSCF,I:PCSCF,SCSCF,T:MTAS,SCSCF,T:PCSCF,SCSCF,R:SCSCF,MTAS,R:MTAS,SCSCF,R:ICSCF,GTW,R:GTW,SCSCF,P:SCSCF,MTAS,P:MTAS,SCSCF,P:SCSCF,PCSCF,P:PCSCF,SCSCF,P-200:SCSCF,MTAS,P-200:MTAS,SCSCF,P-200:SCSCF,GTW,P-200:GTW,ICSCF,C:SCSCF,MTAS,C:ICSCF,GTW,C-200:MTAS,SCSCF,C-200:MTAS,SCSCF,C:SCSCF,MTAS,C-200:SCSCF,PCSCF,C:PCSCF,SCSCF,C-200:PCSCF,SCSCF,I-487:SCSCF,PCSCF,A:SCSCF,MTAS,I-487:MTAS,SCSCF,I-487:MTAS,SCSCF,A:SCSCF,MTAS,A:ICSCF,GTW,I-487:GTW,ICSCF,A"
242,0,0,"PCSCF,SCSCF,I:SCSCF,PCSCF,T:SCSCF,PCSCF,I-407:PCSCF,SCSCF,A:PCSCF,SCSCF,I:SCSCF,ASLI,I:SCSCF,PCSCF,T:ASLI,SCSCF,T:ASLI,SCSCF,I-500:SCSCF,ASLI,A:MTAS,SCSCF,I:SCSCF,MTAS,T:SCSCF,GTW,I:GTW,SCSCF,T:SCSCF,MTAS,S:GTW,SCSCF,S:SCSCF,PCSCF,S:PCSCF,SCSCF,P:SCSCF,MTAS,P:MTAS,SCSCF,P:SCSCF,GTW,P:GTW,SCSCF,P-200:SCSCF,MTAS,P-200:SCSCF,PCSCF,P-200:MTAS,SCSCF,P-200:PCSCF,SCSCF,C:MTAS,SCSCF,C:SCSCF,MTAS,C-200:SCSCF,GTW,C:GTW,SCSCF,C-200:GTW,SCSCF,I-487:SCSCF,GTW,A:SCSCF,MTAS,I-487:MTAS,SCSCF,A:SCSCF,PCSCF,C-200:SCSCF,PCSCF,I-487:PCSCF,SCSCF,A"
243,0,0,"PCSCF,SCSCF,I:SCSCF,PCSCF,T:SCSCF,PCSCF,I-407:PCSCF,SCSCF,A:PCSCF,SCSCF,I:SCSCF,ASLI,I:SCSCF,PCSCF,T:ASLI,SCSCF,T:ASLI,SCSCF,I-500:MTAS,SCSCF,I:SCSCF,MTAS,T:SCSCF,ASLI,A:SCSCF,GTW,I:GTW,SCSCF,T:GTW,SCSCF,S:SCSCF,MTAS,S:SCSCF,PCSCF,S:PCSCF,SCSCF,P:SCSCF,MTAS,P:MTAS,SCSCF,P:SCSCF,GTW,P:GTW,SCSCF,P-200:SCSCF,MTAS,P-200:MTAS,SCSCF,P-200:SCSCF,PCSCF,P-200:GTW,SCSCF,R:SCSCF,MTAS,R:SCSCF,PCSCF,R:PCSCF,SCSCF,P:SCSCF,MTAS,P:MTAS,SCSCF,P:SCSCF,GTW,P:GTW,SCSCF,P-200:SCSCF,MTAS,P-200:MTAS,SCSCF,P-200:SCSCF,PCSCF,P-200:PCSCF,SCSCF,C:MTAS,SCSCF,C:SCSCF,MTAS,C-200:SCSCF,GTW,C:SCSCF,PCSCF,C-200:GTW,SCSCF,C-200:GTW,SCSCF,I-487:SCSCF,GTW,A:SCSCF,MTAS,I-487:MTAS,SCSCF,A:SCSCF,PCSCF,I-487:PCSCF,SCSCF,A"
244,0,0,"GTW,ICSCF,I:ICSCF,GTW,T:SCSCF,ASLI,I:ASLI,SCSCF,T:ASLI,SCSCF,I-500:SCSCF,ASLI,A:SCSCF,MTAS,I:MTAS,SCSCF,T:MTAS,SCSCF,I:SCSCF,MTAS,T:SCSCF,PCSCF,I:PCSCF,SCSCF,T:SCSCF,PCSCF,I:PCSCF,SCSCF,T:PCSCF,SCSCF,R:SCSCF,MTAS,R:MTAS,SCSCF,R:ICSCF,GTW,R:GTW,SCSCF,P:SCSCF,MTAS,P:MTAS,SCSCF,P:SCSCF,PCSCF,P:PCSCF,SCSCF,P-200:SCSCF,MTAS,P-200:MTAS,SCSCF,P-200:SCSCF,GTW,P-200:PCSCF,SCSCF,I-200:SCSCF,MTAS,I-200:SCSCF,PCSCF,C:MTAS,SCSCF,I-200:ICSCF,GTW,I-200:PCSCF,SCSCF,C-200:GTW,SCSCF,A:SCSCF,MTAS,A:MTAS,SCSCF,A:SCSCF,PCSCF,A:PCSCF,SCSCF,I-408:SCSCF,PCSCF,A:GTW,SCSCF,B:SCSCF,MTAS,B:MTAS,SCSCF,B:SCSCF,PCSCF,B:PCSCF,SCSCF,B-200:SCSCF,MTAS,B-200:MTAS,SCSCF,B-200:SCSCF,GTW,B-200"
245,0,0,"PCSCF,SCSCF,I:SCSCF,PCSCF,T:SCSCF,ASLI,I:ASLI,SCSCF,T:ASLI,SCSCF,I-500:SCSCF,ASLI,A:MTAS,SCSCF,I:SCSCF,MTAS,T:SCSCF,GTW,I:GTW,SCSCF,T:GTW,SCSCF,S:SCSCF,MTAS,S:SCSCF,PCSCF,S:PCSCF,SCSCF,P:MTAS,SCSCF,P:SCSCF,GTW,P:GTW,SCSCF,P-200:SCSCF,MTAS,P-200:SCSCF,PCSCF,P-200:GTW,SCSCF,R:SCSCF,MTAS,R:SCSCF,PCSCF,R:PCSCF,SCSCF,P:MTAS,SCSCF,P:SCSCF,GTW,P:GTW,SCSCF,P-200:SCSCF,MTAS,P-200:SCSCF,PCSCF,P-200:GTW,SCSCF,I-200:SCSCF,MTAS,I-200:SCSCF,PCSCF,I-200:PCSCF,SCSCF,A:SCSCF,MTAS,A:MTAS,SCSCF,A:SCSCF,GTW,A:MTAS,SCSCF,U:SCSCF,GTW,U:GTW,SCSCF,U-200:SCSCF,MTAS,U-200:MTAS,SCSCF,U:SCSCF,PCSCF,U:PCSCF,SCSCF,U-200:SCSCF,MTAS,U-200:MTAS,SCSCF,U:SCSCF,GTW,U:GTW,SCSCF,U-200:SCSCF,MTAS,U-200:MTAS,SCSCF,U:SCSCF,PCSCF,U:PCSCF,SCSCF,U-200:SCSCF,MTAS,U-200:PCSCF,SCSCF,B:SCSCF,MTAS,B:MTAS,SCSCF,B:SCSCF,GTW,B:GTW,SCSCF,B-200:SCSCF,MTAS,B-200:MTAS,SCSCF,B-200:SCSCF,PCSCF,B-200"
246,0,0,"GTW,ICSCF,I:ICSCF,GTW,T:SCSCF,ASLI,I:ASLI,SCSCF,T:ASLI,SCSCF,I-500:SCSCF,ASLI,A:SCSCF,BCCAS,I:BCCAS,SCSCF,T:BCCAS,SCSCF,I:SCSCF,PCSCF,I:PCSCF,SCSCF,T:SCSCF,BCCAS,T:PCSCF,SCSCF,R:SCSCF,BCCAS,R:BCCAS,SCSCF,R:ICSCF,GTW,R:GTW,SCSCF,P:SCSCF,BCCAS,P:BCCAS,SCSCF,P:SCSCF,PCSCF,P:PCSCF,SCSCF,P-200:SCSCF,BCCAS,P-200:BCCAS,SCSCF,P-200:SCSCF,GTW,P-200:PCSCF,SCSCF,I-200:SCSCF,BCCAS,I-200:BCCAS,SCSCF,I-200:ICSCF,GTW,I-200:GTW,SCSCF,A:SCSCF,BCCAS,A:BCCAS,SCSCF,A:SCSCF,PCSCF,A:GTW,SCSCF,B:SCSCF,BCCAS,B:BCCAS,SCSCF,B:SCSCF,PCSCF,B:PCSCF,SCSCF,B-200:SCSCF,BCCAS,B-200:BCCAS,SCSCF,B-200:SCSCF,GTW,B-200"
247,0,0,"PCSCF,SCSCF,I:SCSCF,PCSCF,T:SCSCF,PCSCF,I-407:PCSCF,SCSCF,A:PCSCF,SCSCF,I:SCSCF,ASLI,I:ASLI,SCSCF,T:ASLI,SCSCF,I-500:SCSCF,ASLI,A:MTAS,SCSCF,I:SCSCF,MTAS,T:SCSCF,PCSCF,T:SCSCF,ASLI,I:ASLI,SCSCF,T:ASLI,SCSCF,I-500:SCSCF,ASLI,A:SCSCF,MTAS,I:MTAS,SCSCF,I:SCSCF,MTAS,T:SCSCF,PCSCF,I:PCSCF,SCSCF,T:MTAS,SCSCF,T:PCSCF,SCSCF,R:SCSCF,MTAS,R:MTAS,SCSCF,R:SCSCF,MTAS,R:SCSCF,PCSCF,R:PCSCF,SCSCF,P:MTAS,SCSCF,P:SCSCF,MTAS,P:MTAS,SCSCF,P:SCSCF,PCSCF,P:PCSCF,SCSCF,P-200:SCSCF,MTAS,P-200:MTAS,SCSCF,P-200:SCSCF,MTAS,P-200:SCSCF,PCSCF,P-200:MTAS,SCSCF,C:SCSCF,MTAS,C-200:PCSCF,SCSCF,C:SCSCF,PCSCF,C-200:SCSCF,MTAS,C:MTAS,SCSCF,C-200:MTAS,SCSCF,C:SCSCF,MTAS,C-200:SCSCF,PCSCF,C:PCSCF,SCSCF,C-200:PCSCF,SCSCF,I-487:SCSCF,PCSCF,A:SCSCF,MTAS,I-487:MTAS,SCSCF,A:MTAS,SCSCF,I-487:SCSCF,MTAS,A:SCSCF,MTAS,I-487:MTAS,SCSCF,A:SCSCF,PCSCF,I-487:PCSCF,SCSCF,A"
248,0,0,"PCSCF,SCSCF,I:SCSCF,PCSCF,T:SCSCF,PCSCF,I-407:PCSCF,SCSCF,A:PCSCF,SCSCF,I:SCSCF,ASLI,I:ASLI,SCSCF,T:ASLI,SCSCF,I-500:SCSCF,ASLI,A:SCSCF,PCSCF,T:MTAS,SCSCF,I:SCSCF,MTAS,T:SCSCF,GTW,I:GTW,SCSCF,T:GTW,SCSCF,S:SCSCF,MTAS,S:SCSCF,PCSCF,S:PCSCF,SCSCF,P:SCSCF,MTAS,P:MTAS,SCSCF,P:SCSCF,GTW,P:GTW,SCSCF,P-200:SCSCF,MTAS,P-200:MTAS,SCSCF,P-200:SCSCF,PCSCF,P-200:PCSCF,SCSCF,C:MTAS,SCSCF,C:SCSCF,MTAS,C-200:SCSCF,GTW,C:GTW,SCSCF,C-200:GTW,SCSCF,I-487:SCSCF,GTW,A:SCSCF,MTAS,I-487:MTAS,SCSCF,A:SCSCF,PCSCF,C-200:SCSCF,PCSCF,I-487:PCSCF,SCSCF,A"
249,0,0,"PCSCF,SCSCF,I:SCSCF,PCSCF,T:SCSCF,PCSCF,I-407:PCSCF,SCSCF,A:PCSCF,SCSCF,I:SCSCF,ASLI,I:ASLI,SCSCF,T:ASLI,SCSCF,I-500:SCSCF,ASLI,A:SCSCF,PCSCF,T:MTAS,SCSCF,I:SCSCF,MTAS,T:SCSCF,ASLI,I:ASLI,SCSCF,T:ASLI,SCSCF,I-500:SCSCF,ASLI,A:SCSCF,MTAS,I:MTAS,SCSCF,T:MTAS,SCSCF,I:SCSCF,MTAS,T:SCSCF,PCSCF,I:PCSCF,SCSCF,T:PCSCF,SCSCF,R:SCSCF,MTAS,R:MTAS,SCSCF,R:SCSCF,MTAS,R:SCSCF,PCSCF,R:PCSCF,SCSCF,P:MTAS,SCSCF,P:SCSCF,MTAS,P:MTAS,SCSCF,P:SCSCF,PCSCF,P:PCSCF,SCSCF,P-200:SCSCF,MTAS,P-200:MTAS,SCSCF,P-200:SCSCF,MTAS,P-200:SCSCF,PCSCF,P-200:PCSCF,SCSCF,C:MTAS,SCSCF,C:SCSCF,MTAS,C-200:SCSCF,MTAS,C:MTAS,SCSCF,C-200:MTAS,SCSCF,C:SCSCF,MTAS,C-200:SCSCF,PCSCF,C:SCSCF,PCSCF,C-200:PCSCF,SCSCF,C-200:PCSCF,SCSCF,I-487:SCSCF,PCSCF,A:SCSCF,MTAS,I-487:MTAS,SCSCF,A:MTAS,SCSCF,I-487:SCSCF,MTAS,A:SCSCF,MTAS,I-487:MTAS,SCSCF,A:SCSCF,PCSCF,I-487:PCSCF,SCSCF,A"
250,0,0,"PCSCF,SCSCF,I:SCSCF,PCSCF,T:SCSCF,PCSCF,I-407:PCSCF,SCSCF,A:PCSCF,SCSCF,I:SCSCF,PCSCF,T:SCSCF,ASLI,I:ASLI,SCSCF,T:ASLI,SCSCF,I-500:SCSCF,ASLI,A:MTAS,SCSCF,I:SCSCF,MTAS,T:SCSCF,GTW,I:GTW,SCSCF,T:GTW,SCSCF,S:SCSCF,MTAS,S:SCSCF,PCSCF,S:PCSCF,SCSCF,P:MTAS,SCSCF,P:SCSCF,GTW,P:GTW,SCSCF,P-200:SCSCF,MTAS,P-200:SCSCF,PCSCF,P-200:GTW,SCSCF,R:SCSCF,MTAS,R:SCSCF,PCSCF,R:PCSCF,SCSCF,P:MTAS,SCSCF,P:SCSCF,GTW,P:SCSCF,MTAS,P-200:GTW,SCSCF,P-200:SCSCF,PCSCF,P-200:GTW,SCSCF,I-200:SCSCF,MTAS,I-200:SCSCF,PCSCF,I-200:PCSCF,SCSCF,A:SCSCF,MTAS,A:MTAS,SCSCF,A:SCSCF,GTW,A:MTAS,SCSCF,U:SCSCF,GTW,U:GTW,SCSCF,U-200:SCSCF,MTAS,U-200:MTAS,SCSCF,U:SCSCF,PCSCF,U:PCSCF,SCSCF,U-200:SCSCF,MTAS,U-200:GTW,SCSCF,B:MTAS,SCSCF,B:SCSCF,PCSCF,B:PCSCF,SCSCF,B-200:SCSCF,MTAS,B-200:SCSCF,GTW,B-200"
251,0,0,"PCSCF,SCSCF,I:SCSCF,PCSCF,T:SCSCF,PCSCF,I-407:PCSCF,SCSCF,A:PCSCF,SCSCF,I:SCSCF,PCSCF,T:SCSCF,ASLI,I:ASLI,SCSCF,T:ASLI,SCSCF,I-500:SCSCF,ASLI,A:MTAS,SCSCF,I:SCSCF,MTAS,T:SCSCF,GTW,I:GTW,SCSCF,T:GTW,SCSCF,S:SCSCF,MTAS,S:SCSCF,PCSCF,S:PCSCF,SCSCF,P:MTAS,SCSCF,P:SCSCF,GTW,P:GTW,SCSCF,P-200:SCSCF,MTAS,P-200:SCSCF,PCSCF,P-200:GTW,SCSCF,R:SCSCF,MTAS,R:SCSCF,PCSCF,R:PCSCF,SCSCF,P:MTAS,SCSCF,P:SCSCF,GTW,P:GTW,SCSCF,P-200:SCSCF,MTAS,P-200:SCSCF,PCSCF,P-200:GTW,SCSCF,I-200:SCSCF,MTAS,I-200:SCSCF,PCSCF,I-200:PCSCF,SCSCF,A:SCSCF,MTAS,A:MTAS,SCSCF,A:SCSCF,GTW,A:MTAS,SCSCF,U:SCSCF,GTW,U:GTW,SCSCF,U-200:SCSCF,MTAS,U-200:MTAS,SCSCF,U:SCSCF,PCSCF,U:PCSCF,SCSCF,U-200:SCSCF,MTAS,U-200:MTAS,SCSCF,U:SCSCF,PCSCF,U:SCSCF,GTW,U:GTW,SCSCF,U-200:SCSCF,MTAS,U-200:PCSCF,SCSCF,U-200:SCSCF,MTAS,U-200:MTAS,SCSCF,U:SCSCF,GTW,U:GTW,SCSCF,U-200:SCSCF,MTAS,U-200:MTAS,SCSCF,U:SCSCF,PCSCF,U:PCSCF,SCSCF,U-200:SCSCF,MTAS,U-200:GTW,SCSCF,B:MTAS,SCSCF,B:SCSCF,PCSCF,B:PCSCF,SCSCF,B-200:SCSCF,MTAS,B-200:SCSCF,GTW,B-200"
252,0,0,"GTW,ICSCF,I:ICSCF,GTW,T:SCSCF,ASLI,I:ASLI,SCSCF,T:ASLI,SCSCF,I-500:SCSCF,ASLI,A:SCSCF,MTAS,I:MTAS,SCSCF,T:MTAS,SCSCF,I:SCSCF,MTAS,T:SCSCF,PCSCF,I:PCSCF,SCSCF,T:PCSCF,SCSCF,R:SCSCF,MTAS,R:MTAS,SCSCF,R:ICSCF,GTW,R:GTW,SCSCF,P:SCSCF,MTAS,P:MTAS,SCSCF,P:SCSCF,PCSCF,P:PCSCF,SCSCF,P-200:SCSCF,MTAS,P-200:MTAS,SCSCF,P-200:SCSCF,GTW,P-200:PCSCF,SCSCF,I-200:SCSCF,MTAS,I-200:MTAS,SCSCF,I-200:ICSCF,GTW,I-200:GTW,SCSCF,A:SCSCF,MTAS,A:MTAS,SCSCF,A:SCSCF,PCSCF,A:MTAS,SCSCF,U:SCSCF,PCSCF,U:SCSCF,GTW,U:GTW,SCSCF,U-200:SCSCF,MTAS,U-200:PCSCF,SCSCF,U-200:SCSCF,MTAS,U-200:MTAS,SCSCF,U:SCSCF,GTW,U:GTW,SCSCF,U-200:SCSCF,MTAS,U-200:MTAS,SCSCF,U:SCSCF,PCSCF,U:PCSCF,SCSCF,U-200:SCSCF,MTAS,U-200:MTAS,SCSCF,U:SCSCF,GTW,U:GTW,SCSCF,U-200:SCSCF,MTAS,U-200:MTAS,SCSCF,U:SCSCF,PCSCF,U:PCSCF,SCSCF,U-200:SCSCF,MTAS,U-200:MTAS,SCSCF,U:SCSCF,GTW,U:GTW,SCSCF,U-200:SCSCF,MTAS,U-200:MTAS,SCSCF,U:SCSCF,PCSCF,U:PCSCF,SCSCF,U-200:SCSCF,MTAS,U-200:GTW,SCSCF,B:SCSCF,MTAS,B:MTAS,SCSCF,B:SCSCF,PCSCF,B:PCSCF,SCSCF,B-200:SCSCF,MTAS,B-200:MTAS,SCSCF,B-200:SCSCF,GTW,B-200"
253,0,0,"PCSCF,SCSCF,I:SCSCF,ASLI,I:ASLI,SCSCF,T:ASLI,SCSCF,I-500:SCSCF,ASLI,A:SCSCF,PCSCF,T:MTAS,SCSCF,I:SCSCF,MTAS,T:SCSCF,GTW,I:GTW,SCSCF,T:GTW,SCSCF,R:SCSCF,MTAS,R:SCSCF,PCSCF,R:PCSCF,SCSCF,P:MTAS,SCSCF,P:SCSCF,GTW,P:GTW,SCSCF,P-200:SCSCF,MTAS,P-200:SCSCF,PCSCF,P-200:GTW,SCSCF,S:SCSCF,MTAS,S:SCSCF,PCSCF,S:PCSCF,SCSCF,P:MTAS,SCSCF,P:SCSCF,GTW,P:GTW,SCSCF,P-200:SCSCF,MTAS,P-200:SCSCF,PCSCF,P-200:GTW,SCSCF,S:SCSCF,MTAS,S:SCSCF,PCSCF,S:PCSCF,SCSCF,P:MTAS,SCSCF,P:SCSCF,GTW,P:GTW,SCSCF,P-200:SCSCF,MTAS,P-200:GTW,SCSCF,I-200:SCSCF,MTAS,I-200:SCSCF,PCSCF,P-200:SCSCF,PCSCF,I-200:PCSCF,SCSCF,A:SCSCF,MTAS,A:MTAS,SCSCF,A:SCSCF,GTW,A:PCSCF,SCSCF,B:MTAS,SCSCF,B:SCSCF,GTW,B:GTW,SCSCF,B-200:SCSCF,MTAS,B-200:SCSCF,PCSCF,B-200"
254,0,0,"GTW,ICSCF,I:ICSCF,GTW,T:SCSCF,ASLI,I:ASLI,SCSCF,T:ASLI,SCSCF,I-500:SCSCF,ASLI,A:SCSCF,MTAS,I:MTAS,SCSCF,T:MTAS,SCSCF,I:SCSCF,MTAS,T:SCSCF,PCSCF,I:PCSCF,SCSCF,T:PCSCF,SCSCF,R:SCSCF,MTAS,R:MTAS,SCSCF,R:ICSCF,GTW,R:GTW,SCSCF,P:SCSCF,MTAS,P:MTAS,SCSCF,P:SCSCF,PCSCF,P:PCSCF,SCSCF,P-200:SCSCF,MTAS,P-200:MTAS,SCSCF,P-200:SCSCF,GTW,P-200:PCSCF,SCSCF,I-200:SCSCF,MTAS,I-200:MTAS,SCSCF,I-200:ICSCF,GTW,I-200:GTW,SCSCF,A:SCSCF,MTAS,A:MTAS,SCSCF,A:SCSCF,PCSCF,A:MTAS,SCSCF,U:SCSCF,PCSCF,U:SCSCF,GTW,U:GTW,SCSCF,U-200:SCSCF,MTAS,U-200:PCSCF,SCSCF,U-200:SCSCF,MTAS,U-200:GTW,SCSCF,B:SCSCF,MTAS,B:MTAS,SCSCF,B:SCSCF,PCSCF,B:PCSCF,SCSCF,B:SCSCF,MTAS,B:MTAS,SCSCF,B-200:PCSCF,SCSCF,B-200:SCSCF,MTAS,B-200:MTAS,SCSCF,B-200:SCSCF,PCSCF,B-200:SCSCF,GTW,B-200"
255,0,0,"PCSCF,SCSCF,I:SCSCF,PCSCF,T:SCSCF,ASLI,I:ASLI,SCSCF,T:ASLI,SCSCF,I-500:SCSCF,ASLI,A:MTAS,SCSCF,I:SCSCF,MTAS,T:SCSCF,GTW,I:GTW,SCSCF,T:GTW,SCSCF,S:SCSCF,MTAS,S:SCSCF,PCSCF,S:PCSCF,SCSCF,P:MTAS,SCSCF,P:SCSCF,GTW,P:GTW,SCSCF,P-200:SCSCF,MTAS,P-200:SCSCF,PCSCF,P-200:GTW,SCSCF,S:SCSCF,MTAS,S:SCSCF,PCSCF,S:PCSCF,SCSCF,P:MTAS,SCSCF,P:SCSCF,GTW,P:GTW,SCSCF,P-200:SCSCF,MTAS,P-200:SCSCF,PCSCF,P-200:GTW,SCSCF,I-200:SCSCF,MTAS,I-200:SCSCF,PCSCF,I-200:PCSCF,SCSCF,A:SCSCF,MTAS,A:MTAS,SCSCF,A:SCSCF,GTW,A:PCSCF,SCSCF,B:SCSCF,MTAS,B:MTAS,SCSCF,B:SCSCF,GTW,B:GTW,SCSCF,B-200:SCSCF,MTAS,B-200:MTAS,SCSCF,B-200:SCSCF,PCSCF,B-200"
256,0,0,"PCSCF,SCSCF,I:SCSCF,ASLI,I:ASLI,SCSCF,T:SCSCF,PCSCF,T:ASLI,SCSCF,I-500:SCSCF,ASLI,A:MTAS,SCSCF,I:SCSCF,MTAS,T:SCSCF,GTW,I:GTW,SCSCF,T:GTW,SCSCF,R:SCSCF,MTAS,R:SCSCF,PCSCF,R:PCSCF,SCSCF,P:SCSCF,MTAS,P:MTAS,SCSCF,P:SCSCF,GTW,P:GTW,SCSCF,P-200:SCSCF,MTAS,P-200:MTAS,SCSCF,P-200:SCSCF,PCSCF,P-200:GTW,SCSCF,I-200:SCSCF,MTAS,I-200:SCSCF,PCSCF,I-200:PCSCF,SCSCF,A:SCSCF,MTAS,A:MTAS,SCSCF,A:SCSCF,GTW,A:PCSCF,SCSCF,B:SCSCF,MTAS,B:GTW,SCSCF,B-200:MTAS,SCSCF,B:SCSCF,GTW,B:SCSCF,MTAS,B-200:MTAS,SCSCF,B-200:SCSCF,PCSCF,B-200"
257,0,0,"PCSCF,SCSCF,I:SCSCF,PCSCF,T:SCSCF,ASLI,I:ASLI,SCSCF,T:ASLI,SCSCF,I-500:SCSCF,ASLI,A:MTAS,SCSCF,I:SCSCF,MTAS,T:SCSCF,GTW,I:GTW,SCSCF,T:GTW,SCSCF,S:SCSCF,MTAS,S:SCSCF,PCSCF,S:PCSCF,SCSCF,P:SCSCF,MTAS,P:MTAS,SCSCF,P:SCSCF,GTW,P:GTW,SCSCF,P-200:SCSCF,MTAS,P-200:MTAS,SCSCF,P-200:SCSCF,PCSCF,P-200:GTW,SCSCF,U:MTAS,SCSCF,U:SCSCF,PCSCF,U:PCSCF,SCSCF,U-200:SCSCF,MTAS,U-200:SCSCF,GTW,U-200:GTW,SCSCF,R:SCSCF,MTAS,R:SCSCF,PCSCF,R:GTW,SCSCF,U:MTAS,SCSCF,U:SCSCF,PCSCF,U:PCSCF,SCSCF,U-200:SCSCF,MTAS,U-200:SCSCF,GTW,U-200:GTW,SCSCF,I-200:SCSCF,MTAS,I-200:SCSCF,PCSCF,I-200:PCSCF,SCSCF,A:SCSCF,MTAS,A:MTAS,SCSCF,A:SCSCF,GTW,A:PCSCF,SCSCF,B:SCSCF,MTAS,B:MTAS,SCSCF,B:SCSCF,GTW,B:GTW,SCSCF,B-200:SCSCF,MTAS,B-200:MTAS,SCSCF,B-200:SCSCF,PCSCF,B-200"
258,0,0,"PCSCF,SCSCF,I:SCSCF,ASLI,I:ASLI,SCSCF,T:ASLI,SCSCF,I-500:SCSCF,ASLI,A:MTAS,SCSCF,I:SCSCF,MTAS,T:SCSCF,PCSCF,T:SCSCF,GTW,I:GTW,SCSCF,T:GTW,SCSCF,S:SCSCF,MTAS,S:SCSCF,PCSCF,S:PCSCF,SCSCF,P:SCSCF,MTAS,P:MTAS,SCSCF,P:SCSCF,GTW,P:GTW,SCSCF,P-200:SCSCF,MTAS,P-200:MTAS,SCSCF,P-200:SCSCF,PCSCF,P-200:GTW,SCSCF,R:SCSCF,MTAS,R:SCSCF,PCSCF,R:PCSCF,SCSCF,P:SCSCF,MTAS,P:MTAS,SCSCF,P:SCSCF,GTW,P:GTW,SCSCF,P-200:SCSCF,MTAS,P-200:MTAS,SCSCF,P-200:SCSCF,PCSCF,P-200:GTW,SCSCF,I-200:SCSCF,MTAS,I-200:SCSCF,PCSCF,I-200:PCSCF,SCSCF,A:SCSCF,MTAS,A:MTAS,SCSCF,A:SCSCF,GTW,A:PCSCF,SCSCF,B:SCSCF,MTAS,B:MTAS,SCSCF,B:SCSCF,GTW,B:GTW,SCSCF,B-200:SCSCF,MTAS,B-200:MTAS,SCSCF,B-200:SCSCF,PCSCF,B-200"
259,0,0,"GTW,ICSCF,I:ICSCF,GTW,T:SCSCF,ASLI,I:ASLI,SCSCF,T:ASLI,SCSCF,I-500:SCSCF,ASLI,A:SCSCF,MTAS,I:MTAS,SCSCF,T:MTAS,SCSCF,I:SCSCF,MTAS,T:SCSCF,PCSCF,I:PCSCF,SCSCF,T:PCSCF,SCSCF,R:SCSCF,MTAS,R:MTAS,SCSCF,R:ICSCF,GTW,R:GTW,SCSCF,P:SCSCF,MTAS,P:MTAS,SCSCF,P:SCSCF,PCSCF,P:PCSCF,SCSCF,P-200:SCSCF,MTAS,P-200:MTAS,SCSCF,P-200:SCSCF,GTW,P-200:PCSCF,SCSCF,I-200:SCSCF,MTAS,I-200:MTAS,SCSCF,I-200:ICSCF,GTW,I-200:GTW,SCSCF,A:SCSCF,MTAS,A:MTAS,SCSCF,A:SCSCF,PCSCF,A:MTAS,SCSCF,U:GTW,SCSCF,U-200:SCSCF,MTAS,U-200:SCSCF,PCSCF,U:SCSCF,GTW,U:PCSCF,SCSCF,U-200:SCSCF,MTAS,U-200:MTAS,SCSCF,U:SCSCF,GTW,U:GTW,SCSCF,U-200:SCSCF,PCSCF,U:SCSCF,MTAS,U-200:PCSCF,SCSCF,U-200:SCSCF,MTAS,U-200:GTW,SCSCF,B:SCSCF,MTAS,B:MTAS,SCSCF,B:SCSCF,PCSCF,B:PCSCF,SCSCF,B-200:SCSCF,MTAS,B-200:MTAS,SCSCF,B-200:SCSCF,GTW,B-200"
260,0,0,"GTW,ICSCF,I:ICSCF,GTW,T:SCSCF,ASLI,I:ASLI,SCSCF,T:ASLI,SCSCF,I-500:SCSCF,ASLI,A:SCSCF,MTAS,I:MTAS,SCSCF,T:MTAS,SCSCF,I:SCSCF,PCSCF,I:PCSCF,SCSCF,T:SCSCF,MTAS,T:PCSCF,SCSCF,R:SCSCF,MTAS,R:MTAS,SCSCF,R:ICSCF,GTW,R:GTW,SCSCF,P:SCSCF,MTAS,P:MTAS,SCSCF,P:SCSCF,PCSCF,P:PCSCF,SCSCF,P-200:MTAS,SCSCF,P-200:SCSCF,MTAS,P-200:SCSCF,GTW,P-200:PCSCF,SCSCF,I-200:MTAS,SCSCF,I-200:ICSCF,GTW,I-200:SCSCF,MTAS,I-200:GTW,SCSCF,A:SCSCF,MTAS,A:MTAS,SCSCF,A:SCSCF,PCSCF,A:PCSCF,SCSCF,B:SCSCF,MTAS,B:MTAS,SCSCF,B:SCSCF,GTW,B:GTW,SCSCF,B-200:SCSCF,MTAS,B-200:MTAS,SCSCF,B-200:SCSCF,PCSCF,B-200"
261,0,0,"GTW,ICSCF,I:ICSCF,GTW,T:SCSCF,ASLI,I:ASLI,SCSCF,T:ASLI,SCSCF,I-500:SCSCF,ASLI,A:SCSCF,MTAS,I:MTAS,SCSCF,T:MTAS,SCSCF,I:SCSCF,MTAS,T:SCSCF,PCSCF,I:PCSCF,SCSCF,T:PCSCF,SCSCF,R:SCSCF,MTAS,R:MTAS,SCSCF,R:ICSCF,GTW,R:GTW,SCSCF,P:SCSCF,MTAS,P:MTAS,SCSCF,P:SCSCF,PCSCF,P:PCSCF,SCSCF,P-200:SCSCF,MTAS,P-200:MTAS,SCSCF,P-200:SCSCF,GTW,P-200:PCSCF,SCSCF,I-200:SCSCF,MTAS,I-200:MTAS,SCSCF,I-200:ICSCF,GTW,I-200:GTW,SCSCF,A:SCSCF,MTAS,A:MTAS,SCSCF,A:SCSCF,PCSCF,A:MTAS,SCSCF,U:SCSCF,PCSCF,U:PCSCF,SCSCF,U-200:SCSCF,MTAS,U-200:MTAS,SCSCF,U:SCSCF,GTW,U:GTW,SCSCF,U-200:SCSCF,MTAS,U-200:MTAS,SCSCF,U:SCSCF,PCSCF,U:PCSCF,SCSCF,U-200:SCSCF,MTAS,U-200:MTAS,SCSCF,U:SCSCF,GTW,U:GTW,SCSCF,U-200:SCSCF,MTAS,U-200:MTAS,SCSCF,U:SCSCF,PCSCF,U:PCSCF,SCSCF,U-200:SCSCF,MTAS,U-200:MTAS,SCSCF,U:SCSCF,GTW,U:GTW,SCSCF,U-200:SCSCF,MTAS,U-200:PCSCF,SCSCF,B:SCSCF,MTAS,B:MTAS,SCSCF,B:SCSCF,GTW,B:GTW,SCSCF,B-200:SCSCF,MTAS,B-200:MTAS,SCSCF,B-200:SCSCF,PCSCF,B-200"
262,0,0,"PCSCF,SCSCF,I:SCSCF,ASLI,I:ASLI,SCSCF,T:ASLI,SCSCF,I-500:SCSCF,ASLI,A:MTAS,SCSCF,I:SCSCF,MTAS,T:SCSCF,GTW,I:GTW,SCSCF,T:SCSCF,PCSCF,T:GTW,SCSCF,S:SCSCF,MTAS,S:SCSCF,PCSCF,S:PCSCF,SCSCF,P:MTAS,SCSCF,P:SCSCF,GTW,P:GTW,SCSCF,P-200:GTW,SCSCF,R:SCSCF,MTAS,R:SCSCF,MTAS,P-200:SCSCF,PCSCF,P-200:SCSCF,PCSCF,R:GTW,SCSCF,I-200:SCSCF,MTAS,I-200:PCSCF,SCSCF,P:SCSCF,PCSCF,I-200:MTAS,SCSCF,P:SCSCF,GTW,P:GTW,SCSCF,P-200:SCSCF,MTAS,P-200:PCSCF,SCSCF,A:SCSCF,PCSCF,P-200:SCSCF,MTAS,A:MTAS,SCSCF,A:SCSCF,GTW,A:MTAS,SCSCF,U:SCSCF,GTW,U:GTW,SCSCF,U-200:SCSCF,PCSCF,U:SCSCF,MTAS,U-200:PCSCF,SCSCF,U-200:SCSCF,MTAS,U-200:MTAS,SCSCF,U:SCSCF,GTW,U:GTW,SCSCF,U-200:SCSCF,MTAS,U-200:MTAS,SCSCF,U:SCSCF,PCSCF,U:PCSCF,SCSCF,U-200:SCSCF,MTAS,U-200:MTAS,SCSCF,U:SCSCF,GTW,U:GTW,SCSCF,U-200:SCSCF,MTAS,U-200:MTAS,SCSCF,U:SCSCF,PCSCF,U:PCSCF,SCSCF,U-200:SCSCF,MTAS,U-200:PCSCF,SCSCF,B:MTAS,SCSCF,B:SCSCF,GTW,B:GTW,SCSCF,B-200:SCSCF,MTAS,B-200:SCSCF,PCSCF,B-200"
263,0,0,"GTW,ICSCF,I:ICSCF,GTW,T:SCSCF,ASLI,I:ASLI,SCSCF,T:ASLI,SCSCF,I-500:SCSCF,MTAS,I:MTAS,SCSCF,T:MTAS,SCSCF,I:SCSCF,MTAS,T:SCSCF,PCSCF,I:PCSCF,SCSCF,T:SCSCF,ASLI,A:PCSCF,SCSCF,R:SCSCF,MTAS,R:MTAS,SCSCF,R:ICSCF,GTW,R:GTW,SCSCF,P:SCSCF,MTAS,P:MTAS,SCSCF,P:SCSCF,PCSCF,P:PCSCF,SCSCF,P-200:SCSCF,MTAS,P-200:MTAS,SCSCF,P-200:SCSCF,GTW,P-200:PCSCF,SCSCF,I-200:SCSCF,MTAS,I-200:MTAS,SCSCF,I-200:ICSCF,GTW,I-200:GTW,SCSCF,A:SCSCF,MTAS,A:MTAS,SCSCF,A:SCSCF,PCSCF,A:MTAS,SCSCF,U:SCSCF,PCSCF,U:SCSCF,GTW,U:GTW,SCSCF,U-200:SCSCF,MTAS,U-200:PCSCF,SCSCF,U-200:SCSCF,MTAS,U-200:GTW,SCSCF,B:SCSCF,MTAS,B:MTAS,SCSCF,B:SCSCF,PCSCF,B:PCSCF,SCSCF,B-200:SCSCF,MTAS,B-200:MTAS,SCSCF,B-200:SCSCF,GTW,B-200"
264,0,0,"GTW,ICSCF,I:ICSCF,GTW,T:SCSCF,ASLI,I:ASLI,SCSCF,T:ASLI,SCSCF,I-500:SCSCF,ASLI,A:SCSCF,MTAS,I:MTAS,SCSCF,T:MTAS,SCSCF,I:SCSCF,MTAS,T:SCSCF,PCSCF,I:PCSCF,SCSCF,T:PCSCF,SCSCF,R:SCSCF,MTAS,R:MTAS,SCSCF,R:ICSCF,GTW,R:GTW,SCSCF,P:SCSCF,MTAS,P:MTAS,SCSCF,P:SCSCF,PCSCF,P:PCSCF,SCSCF,P-200:SCSCF,MTAS,P-200:MTAS,SCSCF,P-200:SCSCF,GTW,P-200:PCSCF,SCSCF,I-200:SCSCF,MTAS,I-200:MTAS,SCSCF,I-200:ICSCF,GTW,I-200:GTW,SCSCF,A:SCSCF,MTAS,A:MTAS,SCSCF,A:SCSCF,PCSCF,A:MTAS,SCSCF,U:SCSCF,PCSCF,U:PCSCF,SCSCF,U-200:MTAS,SCSCF,U:SCSCF,MTAS,U-200:SCSCF,GTW,U:GTW,SCSCF,U-200:SCSCF,MTAS,U-200:PCSCF,SCSCF,B:SCSCF,MTAS,B:MTAS,SCSCF,B:SCSCF,GTW,B:GTW,SCSCF,B-200:SCSCF,MTAS,B-200:MTAS,SCSCF,B-200:SCSCF,PCSCF,B-200"
265,0,0,"PCSCF,SCSCF,I:SCSCF,PCSCF,T:SCSCF,ASLI,I:ASLI,SCSCF,T:ASLI,SCSCF,I-500:SCSCF,ASLI,A:MTAS,SCSCF,I:SCSCF,MTAS,T:SCSCF,ASLI,I:ASLI,SCSCF,T:ASLI,SCSCF,I-500:SCSCF,ASLI,A:SCSCF,MTAS,I:MTAS,SCSCF,T:MTAS,SCSCF,I:SCSCF,MTAS,T:SCSCF,PCSCF,I:PCSCF,SCSCF,T:PCSCF,SCSCF,R:SCSCF,MTAS,R:MTAS,SCSCF,R:SCSCF,MTAS,R:SCSCF,PCSCF,R:PCSCF,SCSCF,P:MTAS,SCSCF,P:SCSCF,MTAS,P:MTAS,SCSCF,P:SCSCF,PCSCF,P:PCSCF,SCSCF,P-200:SCSCF,MTAS,P-200:MTAS,SCSCF,P-200:SCSCF,MTAS,P-200:SCSCF,PCSCF,P-200:PCSCF,SCSCF,I-200:SCSCF,MTAS,I-200:MTAS,SCSCF,I-200:SCSCF,MTAS,I-200:SCSCF,PCSCF,I-200:PCSCF,SCSCF,A:MTAS,SCSCF,A:PCSCF,SCSCF,I-200:SCSCF,MTAS,A:SCSCF,MTAS,I-200:MTAS,SCSCF,A:SCSCF,PCSCF,A:MTAS,SCSCF,U:SCSCF,PCSCF,U:SCSCF,PCSCF,U:PCSCF,SCSCF,U-200:SCSCF,MTAS,U-200:MTAS,SCSCF,U:PCSCF,SCSCF,U-200:SCSCF,MTAS,U-200:PCSCF,SCSCF,B:SCSCF,MTAS,B:MTAS,SCSCF,B:SCSCF,PCSCF,B:PCSCF,SCSCF,B-200:SCSCF,MTAS,B-200:MTAS,SCSCF,B-200:SCSCF,PCSCF,B-200"
266,0,0,"PCSCF,SCSCF,I:SCSCF,PCSCF,T:SCSCF,PCSCF,I-407:PCSCF,SCSCF,A:PCSCF,SCSCF,I:SCSCF,PCSCF,T:SCSCF,ASLI,I:ASLI,SCSCF,T:ASLI,SCSCF,I-500:SCSCF,ASLI,A:MTAS,SCSCF,I:SCSCF,MTAS,T:SCSCF,GTW,I:GTW,SCSCF,T:GTW,SCSCF,S:SCSCF,MTAS,S:SCSCF,PCSCF,S:PCSCF,SCSCF,P:SCSCF,MTAS,P:MTAS,SCSCF,P:SCSCF,GTW,P:GTW,SCSCF,P-200:GTW,SCSCF,S:SCSCF,MTAS,P-200:SCSCF,MTAS,S:MTAS,SCSCF,P-200:SCSCF,PCSCF,P-200:SCSCF,PCSCF,S:PCSCF,SCSCF,P:SCSCF,MTAS,P:MTAS,SCSCF,P:SCSCF,GTW,P:GTW,SCSCF,P-200:GTW,SCSCF,S:SCSCF,MTAS,S:SCSCF,MTAS,P-200:MTAS,SCSCF,P-200:SCSCF,PCSCF,P-200:SCSCF,PCSCF,S:PCSCF,SCSCF,P:SCSCF,MTAS,P:MTAS,SCSCF,P:SCSCF,GTW,P:GTW,SCSCF,P-200:SCSCF,MTAS,P-200:MTAS,SCSCF,P-200:SCSCF,PCSCF,P-200:GTW,SCSCF,R:SCSCF,MTAS,R:SCSCF,PCSCF,R:PCSCF,SCSCF,P:SCSCF,MTAS,P:MTAS,SCSCF,P:SCSCF,GTW,P:GTW,SCSCF,P-200:SCSCF,MTAS,P-200:MTAS,SCSCF,P-200:SCSCF,PCSCF,P-200:GTW,SCSCF,I-200:SCSCF,MTAS,I-200:SCSCF,PCSCF,I-200:PCSCF,SCSCF,A:SCSCF,MTAS,A:MTAS,SCSCF,A:SCSCF,GTW,A:PCSCF,SCSCF,B:MTAS,SCSCF,B:GTW,SCSCF,B-200:SCSCF,MTAS,B-200:SCSCF,PCSCF,B-200:SCSCF,GTW,B"
267,0,0,"PCSCF,SCSCF,I:SCSCF,PCSCF,T:SCSCF,PCSCF,I-407:PCSCF,SCSCF,A:PCSCF,SCSCF,I:SCSCF,PCSCF,T:SCSCF,ASLI,I:ASLI,SCSCF,T:ASLI,SCSCF,I-500:SCSCF,ASLI,A:MTAS,SCSCF,I:SCSCF,MTAS,T:SCSCF,GTW,I:GTW,SCSCF,T:GTW,SCSCF,S:SCSCF,MTAS,S:SCSCF,PCSCF,S:PCSCF,SCSCF,P:MTAS,SCSCF,P:SCSCF,GTW,P:GTW,SCSCF,P-200:GTW,SCSCF,R:SCSCF,MTAS,R:SCSCF,MTAS,P-200:SCSCF,PCSCF,P-200:SCSCF,PCSCF,R:PCSCF,SCSCF,P:MTAS,SCSCF,P:SCSCF,GTW,P:GTW,SCSCF,P-200:SCSCF,MTAS,P-200:SCSCF,PCSCF,P-200:GTW,SCSCF,I-200:SCSCF,MTAS,I-200:SCSCF,PCSCF,I-200:PCSCF,SCSCF,A:SCSCF,MTAS,A:MTAS,SCSCF,A:SCSCF,GTW,A:GTW,SCSCF,B:MTAS,SCSCF,B:SCSCF,PCSCF,B:PCSCF,SCSCF,B-200:SCSCF,MTAS,B-200:SCSCF,GTW,B-200"
268,0,0,"PCSCF,SCSCF,I:SCSCF,PCSCF,T:SCSCF,PCSCF,I-407:PCSCF,SCSCF,A:PCSCF,SCSCF,I:SCSCF,PCSCF,T:SCSCF,ASLI,I:ASLI,SCSCF,T:ASLI,SCSCF,I-500:SCSCF,ASLI,A:MTAS,SCSCF,I:SCSCF,MTAS,T:SCSCF,GTW,I:GTW,SCSCF,T:GTW,SCSCF,I-200:SCSCF,MTAS,I-200:SCSCF,PCSCF,I-200:PCSCF,SCSCF,A:SCSCF,MTAS,A:MTAS,SCSCF,A:SCSCF,GTW,A:MTAS,SCSCF,U:SCSCF,GTW,U:GTW,SCSCF,U-200:SCSCF,PCSCF,U:SCSCF,MTAS,U-200:PCSCF,SCSCF,U-200:SCSCF,MTAS,U-200:MTAS,SCSCF,U:SCSCF,GTW,U:GTW,SCSCF,U-200:SCSCF,MTAS,U-200:MTAS,SCSCF,U:SCSCF,PCSCF,U:PCSCF,SCSCF,U-200:SCSCF,MTAS,U-200:GTW,SCSCF,B:MTAS,SCSCF,B:SCSCF,PCSCF,B:PCSCF,SCSCF,B-200:SCSCF,MTAS,B-200:SCSCF,GTW,B-200"
269,0,0,"PCSCF,SCSCF,I:SCSCF,PCSCF,T:SCSCF,PCSCF,I-407:PCSCF,SCSCF,A:PCSCF,SCSCF,I:SCSCF,PCSCF,T:SCSCF,ASLI,I:ASLI,SCSCF,T:ASLI,SCSCF,I-500:SCSCF,ASLI,A:MTAS,SCSCF,I:SCSCF,MTAS,T:SCSCF,GTW,I:GTW,SCSCF,T:GTW,SCSCF,I-200:SCSCF,MTAS,I-200:SCSCF,PCSCF,I-200:PCSCF,SCSCF,A:SCSCF,MTAS,A:MTAS,SCSCF,A:SCSCF,GTW,A:GTW,SCSCF,B:MTAS,SCSCF,B:SCSCF,PCSCF,B:PCSCF,SCSCF,B:SCSCF,PCSCF,B-200:PCSCF,SCSCF,B-200:SCSCF,MTAS,B-200:SCSCF,GTW,B-200"
270,0,0,"GTW,ICSCF,I:ICSCF,GTW,T:SCSCF,ASLI,I:ASLI,SCSCF,T:ASLI,SCSCF,I-500:SCSCF,ASLI,A:SCSCF,MTAS,I:MTAS,SCSCF,T:MTAS,SCSCF,I:SCSCF,MTAS,T:SCSCF,PCSCF,I:PCSCF,SCSCF,T:PCSCF,SCSCF,R:SCSCF,MTAS,R:MTAS,SCSCF,R:ICSCF,GTW,R:PCSCF,SCSCF,I-200:SCSCF,MTAS,I-200:MTAS,SCSCF,I-200:ICSCF,GTW,I-200:GTW,SCSCF,A:SCSCF,MTAS,A:MTAS,SCSCF,A:SCSCF,PCSCF,A:MTAS,SCSCF,U:SCSCF,PCSCF,U:SCSCF,GTW,U:GTW,SCSCF,U-200:SCSCF,MTAS,U-200:PCSCF,SCSCF,U-200:SCSCF,MTAS,U-200:MTAS,SCSCF,U:SCSCF,GTW,U:GTW,SCSCF,U-200:SCSCF,PCSCF,U:SCSCF,MTAS,U-200:PCSCF,SCSCF,U-200:SCSCF,MTAS,U-200:MTAS,SCSCF,U:SCSCF,GTW,U:GTW,SCSCF,U-200:SCSCF,MTAS,U-200:MTAS,SCSCF,U:SCSCF,PCSCF,U:PCSCF,SCSCF,U-200:SCSCF,MTAS,U-200:PCSCF,SCSCF,B:SCSCF,MTAS,B:MTAS,SCSCF,B:SCSCF,GTW,B:GTW,SCSCF,B-200:SCSCF,MTAS,B-200:MTAS,SCSCF,B-200:SCSCF,PCSCF,B-200"
271,0,0,"GTW,ICSCF,I:ICSCF,GTW,T:SCSCF,ASLI,I:ASLI,SCSCF,T:ASLI,SCSCF,I-500:SCSCF,ASLI,A:SCSCF,MTAS,I:MTAS,SCSCF,T:MTAS,SCSCF,I:SCSCF,MTAS,T:SCSCF,PCSCF,I:PCSCF,SCSCF,T:PCSCF,SCSCF,R:SCSCF,MTAS,R:MTAS,SCSCF,R:ICSCF,GTW,R:GTW,SCSCF,P:SCSCF,MTAS,P:MTAS,SCSCF,P:SCSCF,PCSCF,P:PCSCF,SCSCF,P-200:SCSCF,MTAS,P-200:MTAS,SCSCF,P-200:SCSCF,GTW,P-200:GTW,ICSCF,C:ICSCF,GTW,C-200:SCSCF,MTAS,C:MTAS,SCSCF,C-200:MTAS,SCSCF,C:SCSCF,MTAS,C-200:SCSCF,PCSCF,C:PCSCF,SCSCF,C-200:SCSCF,MTAS,I-487:MTAS,SCSCF,A:ICSCF,GTW,I-487:GTW,ICSCF,A:PCSCF,SCSCF,I-487:SCSCF,PCSCF,A:MTAS,SCSCF,I-487:SCSCF,MTAS,A"
272,0,0,"PCSCF,SCSCF,I:SCSCF,PCSCF,T:SCSCF,PCSCF,I-407:PCSCF,SCSCF,A:PCSCF,SCSCF,I:SCSCF,ASLI,I:ASLI,SCSCF,T:ASLI,SCSCF,I-500:SCSCF,ASLI,A:MTAS,SCSCF,I:SCSCF,MTAS,T:SCSCF,GTW,I:GTW,SCSCF,T:SCSCF,PCSCF,T:GTW,SCSCF,R:SCSCF,MTAS,R:SCSCF,PCSCF,R:PCSCF,SCSCF,P:MTAS,SCSCF,P:SCSCF,GTW,P:GTW,SCSCF,P-200:SCSCF,MTAS,P-200:SCSCF,PCSCF,P-200:GTW,SCSCF,I-200:SCSCF,MTAS,I-200:SCSCF,PCSCF,I-200:GTW,SCSCF,I-200:SCSCF,MTAS,I-200:PCSCF,SCSCF,A:SCSCF,MTAS,A:MTAS,SCSCF,A:SCSCF,GTW,A:MTAS,SCSCF,U:SCSCF,GTW,U:MTAS,SCSCF,U:GTW,SCSCF,U-200:SCSCF,MTAS,U-200:SCSCF,PCSCF,U:PCSCF,SCSCF,U-200:SCSCF,MTAS,U-200:MTAS,SCSCF,U:SCSCF,GTW,U:GTW,SCSCF,U-200:SCSCF,PCSCF,U:SCSCF,MTAS,U-200:PCSCF,SCSCF,U-200:SCSCF,MTAS,U-200:MTAS,SCSCF,U:SCSCF,GTW,U:GTW,SCSCF,U-200:SCSCF,MTAS,U-200:MTAS,SCSCF,U:SCSCF,PCSCF,U:PCSCF,SCSCF,U-200:SCSCF,MTAS,U-200:MTAS,SCSCF,U:SCSCF,GTW,U:GTW,SCSCF,U-200:SCSCF,MTAS,U-200:MTAS,SCSCF,U:SCSCF,PCSCF,U:PCSCF,SCSCF,U-200:SCSCF,MTAS,U-200:PCSCF,SCSCF,B:MTAS,SCSCF,B:SCSCF,GTW,B:GTW,SCSCF,B-200:SCSCF,MTAS,B-200:SCSCF,PCSCF,B-200"
273,0,0,"GTW,ICSCF,I:ICSCF,GTW,T:SCSCF,ASLI,I:ASLI,SCSCF,T:ASLI,SCSCF,I-500:SCSCF,ASLI,A:SCSCF,MTAS,I:MTAS,SCSCF,T:MTAS,SCSCF,I:SCSCF,MTAS,T:SCSCF,PCSCF,I:PCSCF,SCSCF,T:PCSCF,SCSCF,R:SCSCF,MTAS,R:MTAS,SCSCF,R:ICSCF,GTW,R:GTW,SCSCF,P:SCSCF,MTAS,P:MTAS,SCSCF,P:SCSCF,PCSCF,P:PCSCF,SCSCF,P-200:SCSCF,MTAS,P-200:MTAS,SCSCF,P-200:SCSCF,GTW,P-200:PCSCF,SCSCF,I-200:SCSCF,MTAS,I-200:MTAS,SCSCF,I-200:ICSCF,GTW,I-200:GTW,SCSCF,A:SCSCF,MTAS,A:MTAS,SCSCF,A:SCSCF,PCSCF,A:MTAS,SCSCF,U:SCSCF,PCSCF,U:SCSCF,GTW,U:GTW,SCSCF,U-200:SCSCF,MTAS,U-200:PCSCF,SCSCF,U-200:SCSCF,MTAS,U-200:MTAS,SCSCF,U:SCSCF,GTW,U:GTW,SCSCF,U-200:SCSCF,MTAS,U-200:MTAS,SCSCF,U:SCSCF,PCSCF,U:PCSCF,SCSCF,U-200:SCSCF,MTAS,U-200:MTAS,SCSCF,U:SCSCF,GTW,U:GTW,SCSCF,U-200:SCSCF,MTAS,U-200:MTAS,SCSCF,U:SCSCF,PCSCF,U:PCSCF,SCSCF,U-200:SCSCF,MTAS,U-200:MTAS,SCSCF,U:SCSCF,GTW,U:GTW,SCSCF,U-200:SCSCF,MTAS,U-200:MTAS,SCSCF,U:SCSCF,PCSCF,U:PCSCF,SCSCF,U-200:SCSCF,MTAS,U-200:MTAS,SCSCF,U:SCSCF,GTW,U:GTW,SCSCF,U-200:SCSCF,MTAS,U-200:MTAS,SCSCF,U:SCSCF,PCSCF,U:PCSCF,SCSCF,U-200:SCSCF,MTAS,U-200:MTAS,SCSCF,U:SCSCF,GTW,U:GTW,SCSCF,U-200:SCSCF,MTAS,U-200:MTAS,SCSCF,U:SCSCF,PCSCF,U:PCSCF,SCSCF,U-200:SCSCF,MTAS,U-200:MTAS,SCSCF,U:SCSCF,GTW,U:GTW,SCSCF,U-200:SCSCF,MTAS,U-200:MTAS,SCSCF,U:SCSCF,PCSCF,U:PCSCF,SCSCF,U-200:SCSCF,MTAS,U-200:PCSCF,SCSCF,B:SCSCF,MTAS,B:MTAS,SCSCF,B:SCSCF,GTW,B:GTW,SCSCF,B-200:SCSCF,MTAS,B-200:MTAS,SCSCF,B-200:SCSCF,PCSCF,B-200"
274,0,0,"GTW,ICSCF,I:ICSCF,GTW,T:SCSCF,ASLI,I:ASLI,SCSCF,T:ASLI,SCSCF,I-500:SCSCF,MTAS,I:SCSCF,ASLI,A:MTAS,SCSCF,T:MTAS,SCSCF,I:SCSCF,MTAS,T:MTAS,SCSCF,W:ICSCF,GTW,W:SCSCF,GTW,I:GTW,SCSCF,T:GTW,SCSCF,S:SCSCF,MTAS,S:MTAS,SCSCF,S:ICSCF,GTW,S:GTW,SCSCF,P:SCSCF,MTAS,P:MTAS,SCSCF,P:SCSCF,GTW,P:SCSCF,MTAS,P-200:GTW,SCSCF,P-200:MTAS,SCSCF,P-200:SCSCF,GTW,P-200:GTW,SCSCF,R:SCSCF,MTAS,R:MTAS,SCSCF,R:ICSCF,GTW,R:GTW,SCSCF,P:SCSCF,MTAS,P:MTAS,SCSCF,P:SCSCF,GTW,P:GTW,SCSCF,P-200:SCSCF,MTAS,P-200:MTAS,SCSCF,P-200:SCSCF,GTW,P-200:GTW,SCSCF,I-200:SCSCF,MTAS,I-200:MTAS,SCSCF,I-200:ICSCF,GTW,I-200:GTW,SCSCF,A:SCSCF,MTAS,A:MTAS,SCSCF,A:SCSCF,GTW,A:GTW,SCSCF,B:SCSCF,MTAS,B:MTAS,SCSCF,B:SCSCF,GTW,B:GTW,SCSCF,B-200:SCSCF,MTAS,B-200:MTAS,SCSCF,B-200:SCSCF,GTW,B-200"
275,0,0,"GTW,ICSCF,I:ICSCF,GTW,T:SCSCF,ASLI,I:ASLI,SCSCF,T:ASLI,SCSCF,I-500:SCSCF,ASLI,A:SCSCF,MTAS,I:MTAS,SCSCF,T:MTAS,SCSCF,I:SCSCF,PCSCF,I:SCSCF,MTAS,T:PCSCF,SCSCF,T:PCSCF,SCSCF,R:SCSCF,MTAS,R:MTAS,SCSCF,R:ICSCF,GTW,R:GTW,SCSCF,P:SCSCF,MTAS,P:MTAS,SCSCF,P:SCSCF,PCSCF,P:PCSCF,SCSCF,P-200:SCSCF,MTAS,P-200:MTAS,SCSCF,P-200:SCSCF,GTW,P-200:PCSCF,SCSCF,I-200:SCSCF,MTAS,I-200:MTAS,SCSCF,I-200:ICSCF,GTW,I-200:GTW,SCSCF,A:SCSCF,MTAS,A:MTAS,SCSCF,A:SCSCF,PCSCF,A:GTW,SCSCF,B:SCSCF,MTAS,B:MTAS,SCSCF,B:SCSCF,PCSCF,B:PCSCF,SCSCF,B-200:SCSCF,MTAS,B-200:MTAS,SCSCF,B-200:SCSCF,GTW,B-200"
276,0,0,"PCSCF,SCSCF,I:SCSCF,PCSCF,T:SCSCF,ASLI,I:ASLI,SCSCF,T:ASLI,SCSCF,I-500:SCSCF,ASLI,A:MTAS,SCSCF,I:SCSCF,MTAS,T:SCSCF,GTW,I:GTW,SCSCF,T:GTW,SCSCF,S:SCSCF,MTAS,S:SCSCF,PCSCF,S:PCSCF,SCSCF,P:MTAS,SCSCF,P:SCSCF,GTW,P:GTW,SCSCF,P-200:GTW,SCSCF,W:SCSCF,MTAS,W:SCSCF,MTAS,P-200:SCSCF,PCSCF,P-200:SCSCF,PCSCF,W:PCSCF,SCSCF,P:MTAS,SCSCF,P:SCSCF,GTW,P:GTW,SCSCF,P-200:SCSCF,MTAS,P-200:SCSCF,PCSCF,P-200:GTW,SCSCF,S:SCSCF,MTAS,S:SCSCF,PCSCF,S:PCSCF,SCSCF,P:MTAS,SCSCF,P:SCSCF,GTW,P:GTW,SCSCF,P-200:GTW,SCSCF,S:SCSCF,MTAS,P-200:SCSCF,MTAS,S:SCSCF,PCSCF,P-200:SCSCF,PCSCF,S:PCSCF,SCSCF,P:MTAS,SCSCF,P:SCSCF,GTW,P:GTW,SCSCF,P-200:SCSCF,MTAS,P-200:GTW,SCSCF,S:SCSCF,MTAS,S:SCSCF,PCSCF,P-200:SCSCF,PCSCF,S:PCSCF,SCSCF,P:MTAS,SCSCF,P:SCSCF,GTW,P:GTW,SCSCF,P-200:SCSCF,MTAS,P-200:SCSCF,PCSCF,P-200:GTW,SCSCF,R:SCSCF,MTAS,R:SCSCF,PCSCF,R:PCSCF,SCSCF,P:MTAS,SCSCF,P:SCSCF,GTW,P:GTW,SCSCF,P-200:SCSCF,MTAS,P-200:SCSCF,PCSCF,P-200:GTW,SCSCF,I-486:SCSCF,GTW,A:SCSCF,MTAS,I-486:MTAS,SCSCF,A:SCSCF,PCSCF,I-486:PCSCF,SCSCF,A"
277,0,0,"PCSCF,SCSCF,I:SCSCF,PCSCF,T:SCSCF,PCSCF,I-407:PCSCF,SCSCF,A:PCSCF,SCSCF,I:SCSCF,PCSCF,T:SCSCF,ASLI,I:ASLI,SCSCF,T:ASLI,SCSCF,I-500:SCSCF,ASLI,A:MTAS,SCSCF,I:SCSCF,MTAS,T:SCSCF,GTW,I:GTW,SCSCF,T:GTW,SCSCF,I-200:SCSCF,MTAS,I-200:SCSCF,PCSCF,I-200:PCSCF,SCSCF,A:SCSCF,MTAS,A:MTAS,SCSCF,A:SCSCF,GTW,A:GTW,SCSCF,B:MTAS,SCSCF,B:SCSCF,PCSCF,B:PCSCF,SCSCF,B-200:SCSCF,MTAS,B-200:SCSCF,GTW,B-200"
278,0,0,"GTW,ICSCF,I:ICSCF,GTW,T:SCSCF,ASLI,I:ASLI,SCSCF,T:ASLI,SCSCF,I-500:SCSCF,ASLI,A:SCSCF,MTAS,I:MTAS,SCSCF,T:MTAS,SCSCF,I:SCSCF,MTAS,T:SCSCF,PCSCF,I:PCSCF,SCSCF,T:PCSCF,SCSCF,R:SCSCF,MTAS,R:MTAS,SCSCF,R:ICSCF,GTW,R:GTW,SCSCF,P:SCSCF,MTAS,P:MTAS,SCSCF,P:SCSCF,PCSCF,P:PCSCF,SCSCF,P-200:SCSCF,MTAS,P-200:MTAS,SCSCF,P-200:SCSCF,GTW,P-200:GTW,ICSCF,C:ICSCF,GTW,C-200:SCSCF,MTAS,C:MTAS,SCSCF,C-200:MTAS,SCSCF,C:SCSCF,MTAS,C-200:SCSCF,PCSCF,C:PCSCF,SCSCF,C-200:PCSCF,SCSCF,I-487:SCSCF,MTAS,I-487:MTAS,SCSCF,A:MTAS,SCSCF,I-487:SCSCF,MTAS,A:ICSCF,GTW,I-487:SCSCF,PCSCF,A:GTW,ICSCF,A"
279,0,0,"PCSCF,SCSCF,I:SCSCF,PCSCF,T:SCSCF,ASLI,I:ASLI,SCSCF,T:ASLI,SCSCF,I-500:SCSCF,ASLI,A:MTAS,SCSCF,I:SCSCF,MTAS,T:SCSCF,GTW,I:GTW,SCSCF,T:GTW,SCSCF,R:SCSCF,MTAS,R:SCSCF,PCSCF,R:PCSCF,SCSCF,P:SCSCF,MTAS,P:SCSCF,GTW,P:MTAS,SCSCF,P:GTW,SCSCF,P-200:SCSCF,MTAS,P-200:SCSCF,PCSCF,P-200:MTAS,SCSCF,P-200:GTW,SCSCF,I-200:SCSCF,PCSCF,I-200:SCSCF,MTAS,I-200:PCSCF,SCSCF,A:SCSCF,MTAS,A:SCSCF,GTW,A:MTAS,SCSCF,A:MTAS,SCSCF,U:SCSCF,GTW,U:SCSCF,PCSCF,U:GTW,SCSCF,U-200:SCSCF,MTAS,U-200:PCSCF,SCSCF,U-200:SCSCF,MTAS,U-200:MTAS,SCSCF,U:SCSCF,GTW,U:GTW,SCSCF,U-200:SCSCF,MTAS,U-200:MTAS,SCSCF,U:SCSCF,PCSCF,U:PCSCF,SCSCF,U-200:SCSCF,MTAS,U-200:PCSCF,SCSCF,B:MTAS,SCSCF,B:SCSCF,GTW,B:GTW,SCSCF,B-200:SCSCF,MTAS,B-200:SCSCF,PCSCF,B-200"
280,0,0,"PCSCF,SCSCF,I:SCSCF,PCSCF,T:SCSCF,ASLI,I:ASLI,SCSCF,T:ASLI,SCSCF,I-500:SCSCF,ASLI,A:MTAS,SCSCF,I:SCSCF,MTAS,T:SCSCF,GTW,I:GTW,SCSCF,T:GTW,SCSCF,S:SCSCF,MTAS,S:SCSCF,PCSCF,S:PCSCF,SCSCF,P:SCSCF,MTAS,P:MTAS,SCSCF,P:SCSCF,GTW,P:GTW,SCSCF,P-200:SCSCF,MTAS,P-200:MTAS,SCSCF,P-200:SCSCF,PCSCF,P-200:GTW,SCSCF,R:SCSCF,MTAS,R:SCSCF,PCSCF,R:PCSCF,SCSCF,P:SCSCF,MTAS,P:MTAS,SCSCF,P:SCSCF,GTW,P:GTW,SCSCF,P-200:SCSCF,MTAS,P-200:MTAS,SCSCF,P-200:SCSCF,PCSCF,P-200:GTW,SCSCF,I-200:SCSCF,MTAS,I-200:SCSCF,PCSCF,I-200:GTW,SCSCF,I-200:SCSCF,MTAS,I-200:PCSCF,SCSCF,A:SCSCF,MTAS,A:MTAS,SCSCF,A:SCSCF,GTW,A:GTW,SCSCF,B:MTAS,SCSCF,B:SCSCF,PCSCF,B:PCSCF,SCSCF,B-200:SCSCF,MTAS,B-200:SCSCF,GTW,B-200"
281,0,0,"GTW,ICSCF,I:ICSCF,GTW,T:SCSCF,ASLI,I:ASLI,SCSCF,T:ASLI,SCSCF,I-500:SCSCF,ASLI,A:SCSCF,MTAS,I:MTAS,SCSCF,T:MTAS,SCSCF,I:SCSCF,MTAS,T:SCSCF,PCSCF,I:PCSCF,SCSCF,T:PCSCF,SCSCF,R:SCSCF,MTAS,R:MTAS,SCSCF,R:ICSCF,GTW,R:GTW,SCSCF,P:SCSCF,MTAS,P:MTAS,SCSCF,P:SCSCF,PCSCF,P:PCSCF,SCSCF,P-200:SCSCF,MTAS,P-200:MTAS,SCSCF,P-200:SCSCF,GTW,P-200:PCSCF,SCSCF,I-200:SCSCF,MTAS,I-200:MTAS,SCSCF,I-200:ICSCF,GTW,I-200:GTW,SCSCF,A:SCSCF,MTAS,A:MTAS,SCSCF,A:SCSCF,PCSCF,A:PCSCF,SCSCF,B:SCSCF,MTAS,B:MTAS,SCSCF,B:SCSCF,GTW,B:GTW,SCSCF,B-200:SCSCF,MTAS,B-200:SCSCF,PCSCF,B-200:MTAS,SCSCF,B-200"
282,0,0,"GTW,SCSCF,I:SCSCF,GTW,T:SCSCF,SLEVOOSP,I:SLEVOOSP,SCSCF,T:SCSCF,GTW,S:SLEVOOSP,SCSCF,S:GTW,SCSCF,P:SCSCF,SLEVOOSP,P:SCSCF,GTW,P-200:SLEVOOSP,SCSCF,P-200:SLEVOOSP,SCSCF,I-200:SCSCF,GTW,I-200:GTW,SCSCF,A:SCSCF,SLEVOOSP,A:GTW,SCSCF,B:SCSCF,SLEVOOSP,B:SLEVOOSP,SCSCF,B-200:SCSCF,GTW,B-200"
283,0,0,"PCSCF,SCSCF,I:SCSCF,PCSCF,T:SCSCF,ASLI,I:ASLI,SCSCF,T:ASLI,SCSCF,I-500:SCSCF,ASLI,A:MTAS,SCSCF,I:SCSCF,MTAS,T:SCSCF,ASLI,I:ASLI,SCSCF,T:ASLI,SCSCF,I-500:SCSCF,ASLI,A:SCSCF,MTAS,I:MTAS,SCSCF,T:MTAS,SCSCF,I:SCSCF,MTAS,T:SCSCF,PCSCF,I:PCSCF,SCSCF,T:PCSCF,SCSCF,R:SCSCF,MTAS,R:MTAS,SCSCF,R:SCSCF,MTAS,R:SCSCF,PCSCF,R:PCSCF,SCSCF,P:MTAS,SCSCF,P:SCSCF,MTAS,P:MTAS,SCSCF,P:SCSCF,PCSCF,P:PCSCF,SCSCF,P-200:SCSCF,MTAS,P-200:MTAS,SCSCF,P-200:SCSCF,MTAS,P-200:SCSCF,PCSCF,P-200:PCSCF,SCSCF,I-200:SCSCF,MTAS,I-200:MTAS,SCSCF,I-200:SCSCF,MTAS,I-200:SCSCF,PCSCF,I-200:PCSCF,SCSCF,A:MTAS,SCSCF,A:SCSCF,MTAS,A:MTAS,SCSCF,A:SCSCF,PCSCF,A:PCSCF,SCSCF,B:SCSCF,MTAS,B:MTAS,SCSCF,B:PCSCF,SCSCF,B:MTAS,SCSCF,B:SCSCF,PCSCF,B-200:SCSCF,MTAS,B-481:SCSCF,MTAS,B-200:MTAS,SCSCF,B-200:SCSCF,PCSCF,B-200"
284,0,0,"PCSCF,SCSCF,I:SCSCF,PCSCF,T:SCSCF,PCSCF,I-407:PCSCF,SCSCF,A:PCSCF,SCSCF,I:SCSCF,PCSCF,T:SCSCF,ASLI,I:ASLI,SCSCF,T:ASLI,SCSCF,I-500:SCSCF,ASLI,A:MTAS,SCSCF,I:SCSCF,MTAS,T:SCSCF,GTW,I:GTW,SCSCF,T:PCSCF,SCSCF,C:SCSCF,PCSCF,C-200:MTAS,SCSCF,C:SCSCF,MTAS,C-200:SCSCF,GTW,C:SCSCF,PCSCF,I-487:PCSCF,SCSCF,A:GTW,SCSCF,C-200:GTW,SCSCF,I-487:SCSCF,GTW,A:SCSCF,MTAS,I-487:MTAS,SCSCF,A"
285,0,0,"PCSCF,SCSCF,I:SCSCF,ASLI,I:ASLI,SCSCF,T:SCSCF,PCSCF,T:ASLI,SCSCF,I-500:SCSCF,ASLI,A:MTAS,SCSCF,I:SCSCF,MTAS,T:SCSCF,GTW,I:GTW,SCSCF,T:GTW,SCSCF,S:SCSCF,MTAS,S:SCSCF,PCSCF,S:PCSCF,SCSCF,P:SCSCF,MTAS,P:MTAS,SCSCF,P:SCSCF,GTW,P:GTW,SCSCF,P-200:SCSCF,MTAS,P-200:MTAS,SCSCF,P-200:SCSCF,PCSCF,P-200:GTW,SCSCF,R:SCSCF,MTAS,R:SCSCF,PCSCF,R:GTW,SCSCF,R:SCSCF,MTAS,R:PCSCF,SCSCF,P:SCSCF,MTAS,P:MTAS,SCSCF,P:SCSCF,GTW,P:GTW,SCSCF,P-200:SCSCF,MTAS,P-200:MTAS,SCSCF,P-200:SCSCF,PCSCF,P-200:GTW,SCSCF,I-200:SCSCF,MTAS,I-200:SCSCF,PCSCF,I-200:PCSCF,SCSCF,A:SCSCF,MTAS,A:MTAS,SCSCF,A:SCSCF,GTW,A:PCSCF,SCSCF,B:SCSCF,MTAS,B:MTAS,SCSCF,B:SCSCF,GTW,B:GTW,SCSCF,B-200:SCSCF,MTAS,B-200:MTAS,SCSCF,B-200:SCSCF,PCSCF,B-200"
286,0,0,"GTW,ICSCF,I:ICSCF,GTW,T:SCSCF,ASLI,I:ASLI,SCSCF,T:ASLI,SCSCF,I-500:SCSCF,ASLI,A:SCSCF,MTAS,I:MTAS,SCSCF,T:MTAS,SCSCF,I:SCSCF,MTAS,T:SCSCF,PCSCF,I:PCSCF,SCSCF,T:PCSCF,SCSCF,R:SCSCF,MTAS,R:MTAS,SCSCF,R:ICSCF,GTW,R:GTW,SCSCF,P:SCSCF,MTAS,P:MTAS,SCSCF,P:SCSCF,PCSCF,P:PCSCF,SCSCF,P-200:SCSCF,MTAS,P-200:MTAS,SCSCF,P-200:SCSCF,GTW,P-200:GTW,ICSCF,C:ICSCF,GTW,C-200:SCSCF,MTAS,C:MTAS,SCSCF,C-200:MTAS,SCSCF,C:SCSCF,MTAS,C-200:SCSCF,PCSCF,C:PCSCF,SCSCF,C-200:PCSCF,SCSCF,I-487:SCSCF,PCSCF,A:SCSCF,MTAS,I-487:MTAS,SCSCF,A:MTAS,SCSCF,I-487:ICSCF,GTW,I-487:GTW,ICSCF,A:SCSCF,MTAS,A"
287,0,0,"GTW,ICSCF,I:ICSCF,GTW,T:SCSCF,ASLI,I:ASLI,SCSCF,T:ASLI,SCSCF,I-500:SCSCF,ASLI,A:SCSCF,MTAS,I:MTAS,SCSCF,T:MTAS,SCSCF,I:SCSCF,MTAS,T:SCSCF,PCSCF,I:PCSCF,SCSCF,T:PCSCF,SCSCF,R:MTAS,SCSCF,R:SCSCF,MTAS,R:ICSCF,GTW,R:GTW,SCSCF,P:SCSCF,MTAS,P:MTAS,SCSCF,P:SCSCF,PCSCF,P:PCSCF,SCSCF,P-200:SCSCF,MTAS,P-200:MTAS,SCSCF,P-200:SCSCF,GTW,P-200:PCSCF,SCSCF,I-200:MTAS,SCSCF,I-200:ICSCF,GTW,I-200:SCSCF,MTAS,I-200:GTW,SCSCF,A:SCSCF,MTAS,A:MTAS,SCSCF,A:SCSCF,PCSCF,A:GTW,SCSCF,B:SCSCF,MTAS,B:MTAS,SCSCF,B:SCSCF,PCSCF,B:PCSCF,SCSCF,B-200:SCSCF,MTAS,B-200:MTAS,SCSCF,B-200:SCSCF,GTW,B-200"
288,0,0,"PCSCF,SCSCF,I:SCSCF,PCSCF,T:SCSCF,PCSCF,I-407:PCSCF,SCSCF,A:PCSCF,SCSCF,I:SCSCF,ASLI,I:SCSCF,PCSCF,T:ASLI,SCSCF,T:ASLI,SCSCF,I-500:SCSCF,ASLI,A:MTAS,SCSCF,I:SCSCF,MTAS,T:SCSCF,GTW,I:GTW,SCSCF,T:GTW,SCSCF,S:SCSCF,MTAS,S:SCSCF,PCSCF,S:PCSCF,SCSCF,P:SCSCF,MTAS,P:MTAS,SCSCF,P:SCSCF,GTW,P:GTW,SCSCF,P-200:SCSCF,MTAS,P-200:MTAS,SCSCF,P-200:SCSCF,PCSCF,P-200:PCSCF,SCSCF,C:MTAS,SCSCF,C:SCSCF,MTAS,C-200:SCSCF,GTW,C:GTW,SCSCF,C-200:GTW,SCSCF,I-487:SCSCF,GTW,A:SCSCF,MTAS,I-487:MTAS,SCSCF,A:SCSCF,PCSCF,C-200:SCSCF,PCSCF,I-487:PCSCF,SCSCF,A"
289,0,0,"GTW,ICSCF,I:ICSCF,GTW,T:SCSCF,ASLI,I:ASLI,SCSCF,T:ASLI,SCSCF,I-500:SCSCF,ASLI,A:SCSCF,MTAS,I:MTAS,SCSCF,T:MTAS,SCSCF,W:ICSCF,GTW,W:MTAS,SCSCF,I:SCSCF,MTAS,T:SCSCF,GTW,I:GTW,SCSCF,T:GTW,SCSCF,S:SCSCF,MTAS,S:MTAS,SCSCF,S:ICSCF,GTW,S:GTW,SCSCF,P:SCSCF,MTAS,P:MTAS,SCSCF,P:SCSCF,GTW,P:GTW,SCSCF,P-200:SCSCF,MTAS,P-200:MTAS,SCSCF,P-200:SCSCF,GTW,P-200:GTW,SCSCF,R:SCSCF,MTAS,R:MTAS,SCSCF,R:ICSCF,GTW,R:GTW,SCSCF,P:SCSCF,MTAS,P:MTAS,SCSCF,P:SCSCF,GTW,P:GTW,SCSCF,P-200:SCSCF,MTAS,P-200:MTAS,SCSCF,P-200:SCSCF,GTW,P-200:GTW,ICSCF,C:ICSCF,GTW,C-200:SCSCF,MTAS,C:MTAS,SCSCF,C:MTAS,SCSCF,C-200:SCSCF,MTAS,C-200:SCSCF,GTW,C:GTW,SCSCF,C-200:GTW,SCSCF,I-487:SCSCF,GTW,A:SCSCF,MTAS,I-487:MTAS,SCSCF,I-487:MTAS,SCSCF,A:SCSCF,MTAS,A:ICSCF,GTW,I-487:GTW,ICSCF,A"
290,0,0,"MTAS,ICSCF,I:ICSCF,MTAS,T:SCSCF,PCSCF,I:PCSCF,SCSCF,T:PCSCF,SCSCF,R:ICSCF,MTAS,R:PCSCF,SCSCF,I-200:ICSCF,MTAS,I-200:MTAS,SCSCF,A:SCSCF,PCSCF,A:MTAS,SCSCF,I:SCSCF,MTAS,T:SCSCF,PCSCF,I:PCSCF,SCSCF,I-200:SCSCF,MTAS,I-200:MTAS,SCSCF,A:SCSCF,PCSCF,A:MTAS,SCSCF,B:SCSCF,PCSCF,B:PCSCF,SCSCF,B-200:SCSCF,MTAS,B-200"
291,0,0,"GTW,ICSCF,I:ICSCF,GTW,T:SCSCF,ASLI,I:ASLI,SCSCF,T:ASLI,SCSCF,I-500:SCSCF,ASLI,A:SCSCF,MTAS,I:MTAS,SCSCF,T:MTAS,SCSCF,I:SCSCF,PCSCF,I:SCSCF,MTAS,T:PCSCF,SCSCF,T:PCSCF,SCSCF,R:SCSCF,MTAS,R:MTAS,SCSCF,R:ICSCF,GTW,R:GTW,SCSCF,P:SCSCF,MTAS,P:MTAS,SCSCF,P:SCSCF,PCSCF,P:PCSCF,SCSCF,P-200:SCSCF,MTAS,P-200:MTAS,SCSCF,P-200:SCSCF,GTW,P-200:PCSCF,SCSCF,I-200:SCSCF,MTAS,I-200:MTAS,SCSCF,I-200:ICSCF,GTW,I-200:GTW,SCSCF,A:SCSCF,MTAS,A:MTAS,SCSCF,A:SCSCF,PCSCF,A:PCSCF,SCSCF,B:SCSCF,MTAS,B:MTAS,SCSCF,B:SCSCF,GTW,B:GTW,SCSCF,B-200:SCSCF,MTAS,B-200:MTAS,SCSCF,B-200:SCSCF,PCSCF,B-200"
292,0,0,"PCSCF,SCSCF,I:SCSCF,PCSCF,T:SCSCF,ASLI,I:ASLI,SCSCF,T:ASLI,SCSCF,I-500:SCSCF,ASLI,A:MTAS,SCSCF,I:SCSCF,MTAS,T:SCSCF,GTW,I:GTW,SCSCF,T:GTW,SCSCF,R:SCSCF,MTAS,R:SCSCF,PCSCF,R:PCSCF,SCSCF,P:MTAS,SCSCF,P:SCSCF,GTW,P:GTW,SCSCF,R:GTW,SCSCF,P-200:SCSCF,MTAS,R:SCSCF,MTAS,P-200:SCSCF,PCSCF,P-200:GTW,SCSCF,I-200:SCSCF,MTAS,I-200:SCSCF,PCSCF,I-200:PCSCF,SCSCF,A:SCSCF,MTAS,A:MTAS,SCSCF,A:SCSCF,GTW,A:MTAS,SCSCF,U:SCSCF,GTW,U:GTW,SCSCF,U-200:SCSCF,MTAS,U-200:MTAS,SCSCF,U:SCSCF,PCSCF,U:PCSCF,SCSCF,U-200:SCSCF,MTAS,U-200:PCSCF,SCSCF,B:MTAS,SCSCF,B:SCSCF,GTW,B:GTW,SCSCF,B-200:SCSCF,MTAS,B-200:SCSCF,PCSCF,B-200"
293,0,0,"PCSCF,SCSCF,I:SCSCF,ASLI,I:SCSCF,PCSCF,T:ASLI,SCSCF,T:ASLI,SCSCF,I-500:SCSCF,ASLI,A:MTAS,SCSCF,I:SCSCF,MTAS,T:SCSCF,GTW,I:GTW,SCSCF,T:GTW,SCSCF,R:SCSCF,MTAS,R:SCSCF,PCSCF,R:PCSCF,SCSCF,P:SCSCF,MTAS,P:MTAS,SCSCF,P:SCSCF,GTW,P:GTW,SCSCF,P-200:SCSCF,MTAS,P-200:MTAS,SCSCF,P-200:SCSCF,PCSCF,P-200:PCSCF,SCSCF,C:MTAS,SCSCF,C:SCSCF,MTAS,C-200:SCSCF,GTW,C:GTW,SCSCF,C-200:GTW,SCSCF,I-487:SCSCF,GTW,A:SCSCF,PCSCF,C-200:SCSCF,MTAS,I-487:MTAS,SCSCF,A:SCSCF,PCSCF,I-487:PCSCF,SCSCF,A"
294,0,0,"PCSCF,SCSCF,I:SCSCF,PCSCF,T:SCSCF,PCSCF,I-407:PCSCF,SCSCF,A:PCSCF,SCSCF,I:SCSCF,PCSCF,T:SCSCF,ASLI,I:ASLI,SCSCF,T:ASLI,SCSCF,I-500:SCSCF,ASLI,A:MTAS,SCSCF,I:SCSCF,MTAS,T:SCSCF,ASLI,I:ASLI,SCSCF,T:ASLI,SCSCF,I-500:SCSCF,ASLI,A:SCSCF,MTAS,I:MTAS,SCSCF,T:MTAS,SCSCF,I:SCSCF,MTAS,T:SCSCF,PCSCF,I:PCSCF,SCSCF,T:PCSCF,SCSCF,R:SCSCF,MTAS,R:MTAS,SCSCF,R:SCSCF,MTAS,R:SCSCF,PCSCF,R:PCSCF,SCSCF,P:MTAS,SCSCF,P:SCSCF,MTAS,P:MTAS,SCSCF,P:SCSCF,PCSCF,P:PCSCF,SCSCF,P-200:SCSCF,MTAS,P-200:MTAS,SCSCF,P-200:SCSCF,MTAS,P-200:SCSCF,PCSCF,P-200:PCSCF,SCSCF,I-200:SCSCF,MTAS,I-200:MTAS,SCSCF,I-200:SCSCF,MTAS,I-200:SCSCF,PCSCF,I-200:PCSCF,SCSCF,A:MTAS,SCSCF,A:SCSCF,MTAS,A:MTAS,SCSCF,A:SCSCF,PCSCF,A:MTAS,SCSCF,U:SCSCF,PCSCF,U:PCSCF,SCSCF,U-200:SCSCF,PCSCF,U:SCSCF,MTAS,U-200:MTAS,SCSCF,U:PCSCF,SCSCF,U-200:SCSCF,MTAS,U-200:MTAS,SCSCF,U:SCSCF,PCSCF,U:SCSCF,MTAS,U-200:PCSCF,SCSCF,U-200:SCSCF,PCSCF,U:SCSCF,MTAS,U-200:PCSCF,SCSCF,U-200:SCSCF,MTAS,U-200:PCSCF,SCSCF,B:MTAS,SCSCF,B:SCSCF,MTAS,B:MTAS,SCSCF,B:SCSCF,PCSCF,B:PCSCF,SCSCF,B-200:SCSCF,MTAS,B-200:MTAS,SCSCF,B-200:SCSCF,MTAS,B-200:SCSCF,PCSCF,B-200"
295,0,0,"PCSCF,SCSCF,I:SCSCF,PCSCF,T:SCSCF,ASLI,I:ASLI,SCSCF,T:ASLI,SCSCF,I-500:SCSCF,ASLI,A:MTAS,SCSCF,I:SCSCF,MTAS,T:SCSCF,GTW,I:GTW,SCSCF,T:GTW,SCSCF,S:SCSCF,MTAS,S:SCSCF,PCSCF,S:PCSCF,SCSCF,P:MTAS,SCSCF,P:SCSCF,GTW,P:GTW,SCSCF,P-200:SCSCF,MTAS,P-200:SCSCF,PCSCF,P-200:GTW,SCSCF,R:SCSCF,MTAS,R:SCSCF,PCSCF,R:PCSCF,SCSCF,P:MTAS,SCSCF,P:SCSCF,GTW,P:GTW,SCSCF,P-200:SCSCF,MTAS,P-200:SCSCF,PCSCF,P-200:PCSCF,SCSCF,C:MTAS,SCSCF,C:SCSCF,MTAS,C-200:SCSCF,GTW,C:GTW,SCSCF,C-200:GTW,SCSCF,I-487:SCSCF,GTW,A:SCSCF,MTAS,I-487:MTAS,SCSCF,A:SCSCF,PCSCF,C-200:SCSCF,PCSCF,I-487:PCSCF,SCSCF,A"
296,0,0,"PCSCF,SCSCF,I:SCSCF,ASLI,I:SCSCF,PCSCF,T:ASLI,SCSCF,T:ASLI,SCSCF,I-500:SCSCF,ASLI,A:MTAS,SCSCF,I:SCSCF,MTAS,T:SCSCF,GTW,I:GTW,SCSCF,T:GTW,SCSCF,S:SCSCF,MTAS,S:SCSCF,PCSCF,S:PCSCF,SCSCF,P:SCSCF,MTAS,P:MTAS,SCSCF,P:SCSCF,GTW,P:GTW,SCSCF,P-200:GTW,SCSCF,S:SCSCF,MTAS,S:SCSCF,MTAS,P-200:MTAS,SCSCF,P-200:SCSCF,PCSCF,P-200:SCSCF,PCSCF,S:PCSCF,SCSCF,P:SCSCF,MTAS,P:MTAS,SCSCF,P:SCSCF,GTW,P:GTW,SCSCF,P-200:SCSCF,MTAS,P-200:MTAS,SCSCF,P-200:GTW,SCSCF,R:SCSCF,MTAS,R:SCSCF,PCSCF,P-200:SCSCF,PCSCF,R:PCSCF,SCSCF,P:SCSCF,MTAS,P:MTAS,SCSCF,P:SCSCF,GTW,P:GTW,SCSCF,P-200:SCSCF,MTAS,P-200:MTAS,SCSCF,P-200:SCSCF,PCSCF,P-200:GTW,SCSCF,I-200:SCSCF,MTAS,I-200:SCSCF,PCSCF,I-200:PCSCF,SCSCF,A:SCSCF,MTAS,A:MTAS,SCSCF,A:SCSCF,GTW,A:PCSCF,SCSCF,B:SCSCF,MTAS,B:MTAS,SCSCF,B:SCSCF,GTW,B:GTW,SCSCF,B-200:SCSCF,MTAS,B-200:MTAS,SCSCF,B-200:SCSCF,PCSCF,B-200"
297,0,0,"PCSCF,SCSCF,I:SCSCF,PCSCF,T:SCSCF,ASLI,I:ASLI,SCSCF,T:ASLI,SCSCF,I-500:SCSCF,ASLI,A:MTAS,SCSCF,I:SCSCF,MTAS,T:SCSCF,GTW,I:GTW,SCSCF,T:GTW,SCSCF,S:SCSCF,PCSCF,S:SCSCF,MTAS,S:PCSCF,SCSCF,P:MTAS,SCSCF,P:SCSCF,GTW,P:GTW,SCSCF,P-200:SCSCF,MTAS,P-200:SCSCF,PCSCF,P-200:GTW,SCSCF,R:SCSCF,MTAS,R:SCSCF,PCSCF,R:PCSCF,SCSCF,P:MTAS,SCSCF,P:SCSCF,GTW,P:GTW,SCSCF,P-200:SCSCF,MTAS,P-200:SCSCF,PCSCF,P-200:GTW,SCSCF,I-200:SCSCF,MTAS,I-200:SCSCF,PCSCF,I-200:PCSCF,SCSCF,A:SCSCF,MTAS,A:SCSCF,GTW,A:MTAS,SCSCF,A:PCSCF,SCSCF,B:SCSCF,MTAS,B:MTAS,SCSCF,B:SCSCF,GTW,B:GTW,SCSCF,B-200:SCSCF,MTAS,B-200:MTAS,SCSCF,B-200:SCSCF,PCSCF,B-200"
298,0,0,"GTW,ICSCF,I:ICSCF,GTW,T:SCSCF,ASLI,I:ASLI,SCSCF,T:ASLI,SCSCF,I-500:SCSCF,ASLI,A:SCSCF,MTAS,I:MTAS,SCSCF,I:SCSCF,MTAS,T:SCSCF,PCSCF,I:PCSCF,SCSCF,T:PCSCF,SCSCF,R:MTAS,SCSCF,T:SCSCF,MTAS,R:MTAS,SCSCF,R:ICSCF,GTW,R:GTW,SCSCF,P:SCSCF,MTAS,P:MTAS,SCSCF,P:SCSCF,PCSCF,P:PCSCF,SCSCF,P-200:SCSCF,MTAS,P-200:MTAS,SCSCF,P-200:SCSCF,GTW,P-200:PCSCF,SCSCF,I-200:SCSCF,MTAS,I-200:MTAS,SCSCF,I-200:ICSCF,GTW,I-200:GTW,SCSCF,A:SCSCF,MTAS,A:MTAS,SCSCF,A:SCSCF,PCSCF,A:PCSCF,SCSCF,B:SCSCF,MTAS,B:MTAS,SCSCF,B:SCSCF,GTW,B:GTW,SCSCF,B-200:SCSCF,MTAS,B-200:MTAS,SCSCF,B-200:SCSCF,PCSCF,B-200"
299,0,0,"PCSCF,SCSCF,I:SCSCF,PCSCF,T:SCSCF,ASLI,I:ASLI,SCSCF,T:ASLI,SCSCF,I-500:SCSCF,ASLI,A:MTAS,SCSCF,I:SCSCF,MTAS,T:SCSCF,GTW,I:GTW,SCSCF,T:GTW,SCSCF,S:SCSCF,MTAS,S:SCSCF,PCSCF,S:PCSCF,SCSCF,P:MTAS,SCSCF,P:SCSCF,GTW,P:GTW,SCSCF,P-200:SCSCF,MTAS,P-200:SCSCF,PCSCF,P-200:GTW,SCSCF,R:SCSCF,MTAS,R:SCSCF,PCSCF,R:PCSCF,SCSCF,P:MTAS,SCSCF,P:SCSCF,GTW,P:GTW,SCSCF,P-200:SCSCF,MTAS,P-200:SCSCF,PCSCF,P-200:GTW,SCSCF,I-200:SCSCF,MTAS,I-200:SCSCF,PCSCF,I-200:PCSCF,SCSCF,A:SCSCF,MTAS,A:MTAS,SCSCF,A:SCSCF,GTW,A:MTAS,SCSCF,U:SCSCF,GTW,U:SCSCF,PCSCF,U:GTW,SCSCF,U-200:SCSCF,MTAS,U-200:PCSCF,SCSCF,U-200:SCSCF,MTAS,U-200:MTAS,SCSCF,U:SCSCF,GTW,U:SCSCF,PCSCF,U:GTW,SCSCF,U-200:SCSCF,MTAS,U-200:PCSCF,SCSCF,U-200:SCSCF,MTAS,U-200:MTAS,SCSCF,U:SCSCF,GTW,U:GTW,SCSCF,U-200:SCSCF,MTAS,U-200:MTAS,SCSCF,U:SCSCF,PCSCF,U:PCSCF,SCSCF,U-200:SCSCF,MTAS,U-200:PCSCF,SCSCF,B:SCSCF,MTAS,B:MTAS,SCSCF,B:SCSCF,GTW,B:GTW,SCSCF,B-200:SCSCF,MTAS,B-200:MTAS,SCSCF,B-200:SCSCF,PCSCF,B-200"
300,0,0,"PCSCF,SCSCF,I:SCSCF,PCSCF,T:SCSCF,ASLI,I:ASLI,SCSCF,T:ASLI,SCSCF,I-500:SCSCF,ASLI,A:MTAS,SCSCF,I:SCSCF,MTAS,T:SCSCF,GTW,I:GTW,SCSCF,T:GTW,SCSCF,S:SCSCF,MTAS,S:SCSCF,PCSCF,S:PCSCF,SCSCF,P:SCSCF,MTAS,P:MTAS,SCSCF,P:SCSCF,GTW,P:GTW,SCSCF,P-200:GTW,SCSCF,S:SCSCF,MTAS,P-200:SCSCF,MTAS,S:MTAS,SCSCF,P-200:SCSCF,PCSCF,P-200:SCSCF,PCSCF,S:PCSCF,SCSCF,P:SCSCF,MTAS,P:MTAS,SCSCF,P:SCSCF,GTW,P:GTW,SCSCF,P-200:SCSCF,MTAS,P-200:MTAS,SCSCF,P-200:SCSCF,PCSCF,P-200:GTW,SCSCF,R:SCSCF,MTAS,R:SCSCF,PCSCF,R:PCSCF,SCSCF,P:SCSCF,MTAS,P:MTAS,SCSCF,P:SCSCF,GTW,P:GTW,SCSCF,P-200:SCSCF,MTAS,P-200:MTAS,SCSCF,P-200:SCSCF,PCSCF,P-200:GTW,SCSCF,I-200:SCSCF,MTAS,I-200:SCSCF,PCSCF,I-200:PCSCF,SCSCF,A:SCSCF,MTAS,A:MTAS,SCSCF,A:SCSCF,GTW,A:MTAS,SCSCF,U:SCSCF,GTW,U:GTW,SCSCF,U-200:SCSCF,MTAS,U-200:MTAS,SCSCF,U:SCSCF,PCSCF,U:PCSCF,SCSCF,U-200:SCSCF,MTAS,U-200:PCSCF,SCSCF,B:SCSCF,MTAS,B:MTAS,SCSCF,B:SCSCF,GTW,B:GTW,SCSCF,B-200:SCSCF,MTAS,B-200:MTAS,SCSCF,B-200:SCSCF,PCSCF,B-200"
301,0,0,"GTW,ICSCF,I:ICSCF,GTW,T:SCSCF,ASLI,I:ASLI,SCSCF,T:ASLI,SCSCF,I-500:SCSCF,MTAS,I:SCSCF,ASLI,A:MTAS,SCSCF,I:SCSCF,MTAS,T:SCSCF,PCSCF,I:PCSCF,SCSCF,T:MTAS,SCSCF,T:PCSCF,SCSCF,R:SCSCF,MTAS,R:MTAS,SCSCF,R:ICSCF,GTW,R:GTW,SCSCF,P:SCSCF,MTAS,P:MTAS,SCSCF,P:SCSCF,PCSCF,P:PCSCF,SCSCF,P-200:SCSCF,MTAS,P-200:MTAS,SCSCF,P-200:SCSCF,GTW,P-200:PCSCF,SCSCF,I-200:SCSCF,MTAS,I-200:MTAS,SCSCF,I-200:ICSCF,GTW,I-200:GTW,SCSCF,A:SCSCF,MTAS,A:MTAS,SCSCF,A:SCSCF,PCSCF,A:PCSCF,SCSCF,B:SCSCF,MTAS,B:MTAS,SCSCF,B:SCSCF,GTW,B:GTW,SCSCF,B-200:SCSCF,MTAS,B-200:MTAS,SCSCF,B-200:SCSCF,PCSCF,B-200"
302,0,0,"PCSCF,SCSCF,I:SCSCF,PCSCF,T:SCSCF,PCSCF,I-407:PCSCF,SCSCF,A:PCSCF,SCSCF,I:SCSCF,PCSCF,T:SCSCF,ASLI,I:ASLI,SCSCF,T:ASLI,SCSCF,I-500:SCSCF,ASLI,A:MTAS,SCSCF,I:SCSCF,MTAS,T:SCSCF,GTW,I:GTW,SCSCF,T:GTW,SCSCF,S:SCSCF,MTAS,S:SCSCF,PCSCF,S:PCSCF,SCSCF,P:MTAS,SCSCF,P:SCSCF,GTW,P:GTW,SCSCF,P-200:GTW,SCSCF,S:SCSCF,MTAS,P-200:SCSCF,MTAS,S:SCSCF,PCSCF,P-200:SCSCF,PCSCF,S:PCSCF,SCSCF,P:MTAS,SCSCF,P:SCSCF,GTW,P:GTW,SCSCF,P-200:SCSCF,MTAS,P-200:SCSCF,PCSCF,P-200:GTW,SCSCF,R:SCSCF,MTAS,R:SCSCF,PCSCF,R:PCSCF,SCSCF,P:MTAS,SCSCF,P:SCSCF,GTW,P:GTW,SCSCF,P-200:SCSCF,MTAS,P-200:SCSCF,PCSCF,P-200:GTW,SCSCF,S:SCSCF,MTAS,S:SCSCF,PCSCF,S:PCSCF,SCSCF,P:MTAS,SCSCF,P:SCSCF,GTW,P:GTW,SCSCF,P-200:SCSCF,MTAS,P-200:SCSCF,PCSCF,P-200:GTW,SCSCF,S:SCSCF,MTAS,S:SCSCF,PCSCF,S:PCSCF,SCSCF,P:MTAS,SCSCF,P:SCSCF,GTW,P:GTW,SCSCF,P-200:SCSCF,MTAS,P-200:SCSCF,PCSCF,P-200:GTW,SCSCF,S:SCSCF,MTAS,S:SCSCF,PCSCF,S:PCSCF,SCSCF,P:MTAS,SCSCF,P:SCSCF,GTW,P:GTW,SCSCF,P-200:SCSCF,MTAS,P-200:SCSCF,PCSCF,P-200:PCSCF,SCSCF,C:SCSCF,PCSCF,C-200:MTAS,SCSCF,C:SCSCF,MTAS,C-200:SCSCF,GTW,C:GTW,SCSCF,C-200:GTW,SCSCF,I-487:SCSCF,GTW,A:SCSCF,MTAS,I-487:MTAS,SCSCF,A:SCSCF,PCSCF,I-487:PCSCF,SCSCF,A"
303,0,0,"PCSCF,SCSCF,I:SCSCF,PCSCF,T:SCSCF,ASLI,I:ASLI,SCSCF,T:ASLI,SCSCF,I-500:SCSCF,ASLI,A:MTAS,SCSCF,I:SCSCF,MTAS,T:SCSCF,GTW,I:GTW,SCSCF,T:GTW,SCSCF,S:SCSCF,MTAS,S:SCSCF,PCSCF,S:PCSCF,SCSCF,P:SCSCF,MTAS,P:MTAS,SCSCF,P:SCSCF,GTW,P:GTW,SCSCF,S:SCSCF,MTAS,S:GTW,SCSCF,P-200:SCSCF,MTAS,P-200:MTAS,SCSCF,P-200:SCSCF,PCSCF,P-200:GTW,SCSCF,R:SCSCF,MTAS,R:SCSCF,PCSCF,R:PCSCF,SCSCF,P:SCSCF,MTAS,P:MTAS,SCSCF,P:SCSCF,GTW,P:GTW,SCSCF,P-200:SCSCF,MTAS,P-200:MTAS,SCSCF,P-200:SCSCF,PCSCF,P-200:GTW,SCSCF,I-200:SCSCF,MTAS,I-200:SCSCF,PCSCF,I-200:PCSCF,SCSCF,A:SCSCF,MTAS,A:MTAS,SCSCF,A:SCSCF,GTW,A:PCSCF,SCSCF,B:SCSCF,MTAS,B:MTAS,SCSCF,B:SCSCF,GTW,B:GTW,SCSCF,B-200:SCSCF,MTAS,B-200:MTAS,SCSCF,B-200:SCSCF,PCSCF,B-200"
304,0,0,"PCSCF,SCSCF,I:SCSCF,PCSCF,T:SCSCF,PCSCF,I-407:PCSCF,SCSCF,A:PCSCF,SCSCF,I:SCSCF,PCSCF,T:SCSCF,ASLI,I:ASLI,SCSCF,T:ASLI,SCSCF,I-500:SCSCF,ASLI,A:MTAS,SCSCF,I:SCSCF,MTAS,T:SCSCF,GTW,I:GTW,SCSCF,T:GTW,SCSCF,S:SCSCF,MTAS,S:SCSCF,PCSCF,S:PCSCF,SCSCF,P:MTAS,SCSCF,P:SCSCF,GTW,P:GTW,SCSCF,P-200:SCSCF,MTAS,P-200:SCSCF,PCSCF,P-200:GTW,SCSCF,R:SCSCF,MTAS,R:SCSCF,PCSCF,R:PCSCF,SCSCF,P:MTAS,SCSCF,P:SCSCF,GTW,P:GTW,SCSCF,P-200:SCSCF,MTAS,P-200:SCSCF,PCSCF,P-200:PCSCF,SCSCF,C:SCSCF,PCSCF,C-200:MTAS,SCSCF,C:SCSCF,MTAS,C-200:SCSCF,GTW,C:GTW,SCSCF,C-200:GTW,SCSCF,I-487:SCSCF,GTW,A:SCSCF,MTAS,I-487:MTAS,SCSCF,A:SCSCF,PCSCF,I-487:PCSCF,SCSCF,A"
305,0,0,"GTW,ICSCF,I:ICSCF,GTW,T:SCSCF,ASLI,I:ASLI,SCSCF,T:ASLI,SCSCF,I-500:SCSCF,ASLI,A:SCSCF,MTAS,I:MTAS,SCSCF,T:MTAS,SCSCF,I:SCSCF,MTAS,T:SCSCF,PCSCF,I:PCSCF,SCSCF,T:PCSCF,SCSCF,R:SCSCF,MTAS,R:MTAS,SCSCF,R:ICSCF,GTW,R:GTW,SCSCF,P:SCSCF,MTAS,P:MTAS,SCSCF,P:SCSCF,PCSCF,P:PCSCF,SCSCF,P-200:SCSCF,MTAS,P-200:MTAS,SCSCF,P-200:SCSCF,GTW,P-200:PCSCF,SCSCF,I-200:SCSCF,MTAS,I-200:MTAS,SCSCF,I-200:ICSCF,GTW,I-200:GTW,SCSCF,A:SCSCF,MTAS,A:MTAS,SCSCF,A:SCSCF,PCSCF,A:MTAS,SCSCF,U:SCSCF,PCSCF,U:MTAS,SCSCF,U:PCSCF,SCSCF,U-200:SCSCF,GTW,U:SCSCF,MTAS,U-200:GTW,SCSCF,U-200:SCSCF,MTAS,U-200:GTW,SCSCF,B:SCSCF,MTAS,B:MTAS,SCSCF,B:SCSCF,PCSCF,B:PCSCF,SCSCF,B-200:SCSCF,MTAS,B-200:MTAS,SCSCF,B-200:SCSCF,GTW,B-200"
306,0,0,"GTW,ICSCF,I:ICSCF,GTW,T:SCSCF,ASLI,I:ASLI,SCSCF,T:ASLI,SCSCF,I-500:SCSCF,ASLI,A:SCSCF,MTAS,I:MTAS,SCSCF,T:MTAS,SCSCF,I:SCSCF,MTAS,T:SCSCF,PCSCF,I:PCSCF,SCSCF,T:PCSCF,SCSCF,R:SCSCF,MTAS,R:MTAS,SCSCF,R:ICSCF,GTW,R:SCSCF,MTAS,P:MTAS,SCSCF,P:SCSCF,PCSCF,P:GTW,SCSCF,P:PCSCF,SCSCF,P-200:SCSCF,MTAS,P-200:MTAS,SCSCF,P-200:SCSCF,GTW,P-200:PCSCF,SCSCF,I-200:SCSCF,MTAS,I-200:MTAS,SCSCF,I-200:ICSCF,GTW,I-200:GTW,SCSCF,A:SCSCF,MTAS,A:MTAS,SCSCF,A:SCSCF,PCSCF,A:GTW,SCSCF,B:SCSCF,MTAS,B:MTAS,SCSCF,B:SCSCF,PCSCF,B:PCSCF,SCSCF,B-200:SCSCF,MTAS,B-200:MTAS,SCSCF,B-200:SCSCF,GTW,B-200"
307,0,0,"PCSCF,SCSCF,I:SCSCF,PCSCF,T:SCSCF,ASLI,I:ASLI,SCSCF,T:ASLI,SCSCF,I-500:SCSCF,ASLI,A:MTAS,SCSCF,I:SCSCF,MTAS,T:SCSCF,GTW,I:GTW,SCSCF,T:GTW,SCSCF,S:SCSCF,MTAS,S:SCSCF,PCSCF,S:PCSCF,SCSCF,P:MTAS,SCSCF,P:SCSCF,GTW,P:GTW,SCSCF,P-200:SCSCF,MTAS,P-200:GTW,SCSCF,R:SCSCF,MTAS,R:SCSCF,PCSCF,P-200:SCSCF,PCSCF,R:PCSCF,SCSCF,P:MTAS,SCSCF,P:SCSCF,GTW,P:GTW,SCSCF,P-200:SCSCF,MTAS,P-200:SCSCF,PCSCF,P-200:GTW,SCSCF,I-200:SCSCF,MTAS,I-200:SCSCF,PCSCF,I-200:PCSCF,SCSCF,A:SCSCF,MTAS,A:MTAS,SCSCF,A:SCSCF,GTW,A:MTAS,SCSCF,U:SCSCF,GTW,U:SCSCF,PCSCF,U:GTW,SCSCF,U-200:SCSCF,MTAS,U-200:PCSCF,SCSCF,U-200:SCSCF,MTAS,U-200:MTAS,SCSCF,U:SCSCF,GTW,U:GTW,SCSCF,U-200:SCSCF,MTAS,U-200:MTAS,SCSCF,U:SCSCF,PCSCF,U:PCSCF,SCSCF,U-200:SCSCF,MTAS,U-200:MTAS,SCSCF,U:SCSCF,GTW,U:GTW,SCSCF,U-200:SCSCF,MTAS,U-200:MTAS,SCSCF,U:SCSCF,PCSCF,U:PCSCF,SCSCF,U-200:SCSCF,MTAS,U-200:MTAS,SCSCF,U:SCSCF,GTW,U:SCSCF,PCSCF,U:GTW,SCSCF,U-200:SCSCF,MTAS,U-200:PCSCF,SCSCF,U-200:SCSCF,MTAS,U-200:GTW,SCSCF,I:SCSCF,GTW,T:MTAS,SCSCF,I:SCSCF,MTAS,T:SCSCF,PCSCF,I:PCSCF,SCSCF,I-200:SCSCF,MTAS,I-200:SCSCF,GTW,I-200:GTW,SCSCF,A:MTAS,SCSCF,A:SCSCF,PCSCF,A:PCSCF,SCSCF,B:MTAS,SCSCF,B:SCSCF,GTW,B:GTW,SCSCF,B-200:SCSCF,MTAS,B-200:SCSCF,PCSCF,B-200"
308,0,0,"GTW,ICSCF,I:ICSCF,GTW,T:SCSCF,ASLI,I:ASLI,SCSCF,T:ASLI,SCSCF,I-500:SCSCF,ASLI,A:SCSCF,MTAS,I:MTAS,SCSCF,T:MTAS,SCSCF,I:SCSCF,MTAS,T:SCSCF,PCSCF,I:PCSCF,SCSCF,T:PCSCF,SCSCF,R:SCSCF,MTAS,R:MTAS,SCSCF,R:ICSCF,GTW,R:GTW,SCSCF,P:SCSCF,MTAS,P:MTAS,SCSCF,P:SCSCF,PCSCF,P:PCSCF,SCSCF,P-200:SCSCF,MTAS,P-200:MTAS,SCSCF,P-200:SCSCF,GTW,P-200:PCSCF,SCSCF,I-200:SCSCF,MTAS,I-200:MTAS,SCSCF,I-200:ICSCF,GTW,I-200:GTW,SCSCF,A:SCSCF,MTAS,A:MTAS,SCSCF,A:SCSCF,PCSCF,A:MTAS,SCSCF,U:SCSCF,PCSCF,U:PCSCF,SCSCF,U-200:SCSCF,MTAS,U-200:MTAS,SCSCF,U:SCSCF,GTW,U:GTW,SCSCF,U-200:SCSCF,MTAS,U-200:MTAS,SCSCF,U:SCSCF,PCSCF,U:PCSCF,SCSCF,U-200:SCSCF,MTAS,U-200:MTAS,SCSCF,U:SCSCF,GTW,U:GTW,SCSCF,U-200:SCSCF,MTAS,U-200:MTAS,SCSCF,U:SCSCF,PCSCF,U:PCSCF,SCSCF,U-200:SCSCF,MTAS,U-200:MTAS,SCSCF,U:SCSCF,GTW,U:GTW,SCSCF,U-200:SCSCF,MTAS,U-200:MTAS,SCSCF,U:SCSCF,PCSCF,U:PCSCF,SCSCF,U-200:SCSCF,MTAS,U-200:MTAS,SCSCF,U:SCSCF,GTW,U:GTW,SCSCF,U-200:SCSCF,MTAS,U-200:MTAS,SCSCF,U:SCSCF,PCSCF,U:SCSCF,GTW,U:GTW,SCSCF,U-200:SCSCF,MTAS,U-200:PCSCF,SCSCF,U-200:SCSCF,MTAS,U-200:GTW,SCSCF,U-200:MTAS,SCSCF,U:SCSCF,GTW,U:SCSCF,MTAS,U-200:SCSCF,PCSCF,U:PCSCF,SCSCF,U-200:SCSCF,MTAS,U-200:GTW,SCSCF,B:SCSCF,MTAS,B:MTAS,SCSCF,B:SCSCF,PCSCF,B:PCSCF,SCSCF,B-200:SCSCF,MTAS,B-200:MTAS,SCSCF,B-200:SCSCF,GTW,B-200"
309,0,0,"PCSCF,SCSCF,I:SCSCF,PCSCF,T:SCSCF,ASLI,I:ASLI,SCSCF,T:ASLI,SCSCF,I-500:SCSCF,ASLI,A:MTAS,SCSCF,I:SCSCF,MTAS,T:SCSCF,GTW,I:GTW,SCSCF,T:GTW,SCSCF,S:SCSCF,MTAS,S:SCSCF,PCSCF,S:GTW,SCSCF,S:SCSCF,MTAS,S:PCSCF,SCSCF,P:SCSCF,MTAS,P:MTAS,SCSCF,P:SCSCF,GTW,P:GTW,SCSCF,P-200:GTW,SCSCF,R:SCSCF,MTAS,P-200:SCSCF,MTAS,R:MTAS,SCSCF,P-200:SCSCF,PCSCF,P-200:SCSCF,PCSCF,R:PCSCF,SCSCF,P:SCSCF,MTAS,P:MTAS,SCSCF,P:SCSCF,GTW,P:GTW,SCSCF,P-200:SCSCF,MTAS,P-200:MTAS,SCSCF,P-200:SCSCF,PCSCF,P-200:GTW,SCSCF,S:SCSCF,MTAS,S:SCSCF,PCSCF,S:PCSCF,SCSCF,P:SCSCF,MTAS,P:MTAS,SCSCF,P:SCSCF,GTW,P:GTW,SCSCF,P-200:SCSCF,MTAS,P-200:MTAS,SCSCF,P-200:SCSCF,PCSCF,P-200:GTW,SCSCF,U:MTAS,SCSCF,U:SCSCF,PCSCF,U:PCSCF,SCSCF,U-200:SCSCF,MTAS,U-200:SCSCF,GTW,U-200:GTW,SCSCF,I-200:SCSCF,MTAS,I-200:SCSCF,PCSCF,I-200:GTW,SCSCF,I-200:SCSCF,MTAS,I-200:PCSCF,SCSCF,A:SCSCF,MTAS,A:MTAS,SCSCF,A:SCSCF,GTW,A:PCSCF,SCSCF,B:MTAS,SCSCF,B:SCSCF,GTW,B:GTW,SCSCF,B-200:SCSCF,MTAS,B-200:SCSCF,PCSCF,B-200"
310,0,0,"PCSCF,SCSCF,I:SCSCF,PCSCF,T:SCSCF,ASLI,I:ASLI,SCSCF,T:ASLI,SCSCF,I-500:SCSCF,ASLI,A:MTAS,SCSCF,I:SCSCF,MTAS,T:SCSCF,GTW,I:GTW,SCSCF,T:GTW,SCSCF,S:SCSCF,MTAS,S:SCSCF,PCSCF,S:PCSCF,SCSCF,P:SCSCF,MTAS,P:MTAS,SCSCF,P:SCSCF,GTW,P:GTW,SCSCF,P-200:SCSCF,MTAS,P-200:MTAS,SCSCF,P-200:SCSCF,PCSCF,P-200:GTW,SCSCF,S:SCSCF,MTAS,S:SCSCF,PCSCF,S:PCSCF,SCSCF,P:SCSCF,MTAS,P:MTAS,SCSCF,P:SCSCF,GTW,P:GTW,SCSCF,P-200:SCSCF,MTAS,P-200:MTAS,SCSCF,P-200:SCSCF,PCSCF,P-200:GTW,SCSCF,S:SCSCF,MTAS,S:SCSCF,PCSCF,S:PCSCF,SCSCF,P:SCSCF,MTAS,P:MTAS,SCSCF,P:SCSCF,GTW,P:GTW,SCSCF,P-200:SCSCF,MTAS,P-200:MTAS,SCSCF,P-200:SCSCF,PCSCF,P-200:GTW,SCSCF,I-200:SCSCF,MTAS,I-200:SCSCF,PCSCF,I-200:PCSCF,SCSCF,A:SCSCF,MTAS,A:MTAS,SCSCF,A:SCSCF,GTW,A:GTW,SCSCF,B:MTAS,SCSCF,B:SCSCF,PCSCF,B:PCSCF,SCSCF,B-200:SCSCF,MTAS,B-200:SCSCF,GTW,B-200"
311,0,0,"PCSCF,SCSCF,I:SCSCF,PCSCF,T:SCSCF,PCSCF,I-407:PCSCF,SCSCF,A:PCSCF,SCSCF,I:SCSCF,PCSCF,T:SCSCF,ASLI,I:ASLI,SCSCF,T:ASLI,SCSCF,I-500:MTAS,SCSCF,I:SCSCF,MTAS,T:SCSCF,ASLI,A:SCSCF,GTW,I:GTW,SCSCF,T:GTW,SCSCF,R:SCSCF,MTAS,R:SCSCF,PCSCF,R:PCSCF,SCSCF,P:MTAS,SCSCF,P:SCSCF,GTW,P:GTW,SCSCF,P-200:SCSCF,MTAS,P-200:SCSCF,PCSCF,P-200:GTW,SCSCF,I-200:SCSCF,MTAS,I-200:SCSCF,PCSCF,I-200:PCSCF,SCSCF,A:SCSCF,MTAS,A:MTAS,SCSCF,A:SCSCF,GTW,A:PCSCF,SCSCF,B:MTAS,SCSCF,B:SCSCF,GTW,B:GTW,SCSCF,B-200:SCSCF,MTAS,B-200:SCSCF,PCSCF,B-200"
312,0,0,"PCSCF,SCSCF,I:SCSCF,PCSCF,T:SCSCF,ASLI,I:ASLI,SCSCF,T:ASLI,SCSCF,I-500:SCSCF,ASLI,A:MTAS,SCSCF,I:SCSCF,MTAS,T:SCSCF,GTW,I:GTW,SCSCF,T:GTW,SCSCF,S:SCSCF,MTAS,S:SCSCF,PCSCF,S:PCSCF,SCSCF,P:MTAS,SCSCF,P:SCSCF,GTW,P:GTW,SCSCF,P-200:SCSCF,MTAS,P-200:SCSCF,PCSCF,P-200:GTW,SCSCF,R:SCSCF,MTAS,R:SCSCF,PCSCF,R:PCSCF,SCSCF,P:MTAS,SCSCF,P:SCSCF,GTW,P:GTW,SCSCF,P-200:SCSCF,MTAS,P-200:SCSCF,PCSCF,P-200:GTW,SCSCF,I-200:SCSCF,MTAS,I-200:SCSCF,PCSCF,I-200:PCSCF,SCSCF,A:SCSCF,MTAS,A:MTAS,SCSCF,A:SCSCF,GTW,A:GTW,SCSCF,B:PCSCF,SCSCF,B:MTAS,SCSCF,B:SCSCF,PCSCF,B-200:SCSCF,MTAS,B-481:SCSCF,GTW,B-200"
313,0,0,"PCSCF,SCSCF,I:SCSCF,PCSCF,T:SCSCF,PCSCF,I-407:PCSCF,SCSCF,A:PCSCF,SCSCF,I:SCSCF,PCSCF,T:SCSCF,ASLI,I:ASLI,SCSCF,T:ASLI,SCSCF,I-500:SCSCF,ASLI,A:MTAS,SCSCF,I:SCSCF,MTAS,T:SCSCF,GTW,I:GTW,SCSCF,T:GTW,SCSCF,R:SCSCF,MTAS,R:SCSCF,PCSCF,R:PCSCF,SCSCF,P:MTAS,SCSCF,P:SCSCF,GTW,P:GTW,SCSCF,P-200:SCSCF,MTAS,P-200:SCSCF,PCSCF,P-200:GTW,SCSCF,S:SCSCF,MTAS,S:SCSCF,PCSCF,S:PCSCF,SCSCF,P:MTAS,SCSCF,P:SCSCF,GTW,P:GTW,SCSCF,P-200:SCSCF,MTAS,P-200:SCSCF,PCSCF,P-200:GTW,SCSCF,I-480:SCSCF,GTW,A:SCSCF,MTAS,I-480:MTAS,SCSCF,A:SCSCF,PCSCF,I-480:PCSCF,SCSCF,A"
314,0,0,"PCSCF,SCSCF,I:SCSCF,PCSCF,T:SCSCF,PCSCF,I-407:PCSCF,SCSCF,A:PCSCF,SCSCF,I:SCSCF,ASLI,I:ASLI,SCSCF,T:ASLI,SCSCF,I-500:SCSCF,ASLI,A:MTAS,SCSCF,I:SCSCF,MTAS,T:SCSCF,GTW,I:GTW,SCSCF,T:SCSCF,PCSCF,T:GTW,SCSCF,I-484:SCSCF,GTW,A:SCSCF,MTAS,I-484:MTAS,SCSCF,A:SCSCF,PCSCF,I-484:PCSCF,SCSCF,A"
315,0,0,"PCSCF,SCSCF,I:SCSCF,PCSCF,T:SCSCF,ASLI,I:ASLI,SCSCF,T:ASLI,SCSCF,I-500:SCSCF,ASLI,A:MTAS,SCSCF,I:SCSCF,MTAS,T:SCSCF,GTW,I:GTW,SCSCF,T:GTW,SCSCF,S:SCSCF,MTAS,S:SCSCF,PCSCF,S:PCSCF,SCSCF,P:SCSCF,MTAS,P:MTAS,SCSCF,P:SCSCF,GTW,P:GTW,SCSCF,P-200:GTW,SCSCF,R:SCSCF,MTAS,P-200:SCSCF,MTAS,R:MTAS,SCSCF,P-200:SCSCF,PCSCF,P-200:SCSCF,PCSCF,R:PCSCF,SCSCF,P:SCSCF,MTAS,P:MTAS,SCSCF,P:SCSCF,GTW,P:GTW,SCSCF,P-200:SCSCF,MTAS,P-200:MTAS,SCSCF,P-200:SCSCF,PCSCF,P-200:GTW,SCSCF,I-200:SCSCF,MTAS,I-200:SCSCF,PCSCF,I-200:PCSCF,SCSCF,A:SCSCF,MTAS,A:MTAS,SCSCF,A:SCSCF,GTW,A:GTW,SCSCF,I:SCSCF,GTW,T:MTAS,SCSCF,I:SCSCF,MTAS,T:SCSCF,PCSCF,I:PCSCF,SCSCF,I-200:SCSCF,MTAS,I-200:SCSCF,GTW,I-200:GTW,SCSCF,A:MTAS,SCSCF,A:SCSCF,PCSCF,A:PCSCF,SCSCF,B:SCSCF,MTAS,B:MTAS,SCSCF,B:SCSCF,GTW,B:GTW,SCSCF,B-200:SCSCF,MTAS,B-200:MTAS,SCSCF,B-200:SCSCF,PCSCF,B-200"
316,0,0,"PCSCF,SCSCF,I:SCSCF,PCSCF,T:SCSCF,ASLI,I:ASLI,SCSCF,T:ASLI,SCSCF,I-500:SCSCF,ASLI,A:MTAS,SCSCF,I:SCSCF,MTAS,T:SCSCF,GTW,I:GTW,SCSCF,T:GTW,SCSCF,S:SCSCF,MTAS,S:SCSCF,PCSCF,S:PCSCF,SCSCF,P:MTAS,SCSCF,P:SCSCF,GTW,P:GTW,SCSCF,P-200:SCSCF,MTAS,P-200:SCSCF,PCSCF,P-200:PCSCF,SCSCF,C:MTAS,SCSCF,C:SCSCF,MTAS,C-200:SCSCF,GTW,C:GTW,SCSCF,C-200:GTW,SCSCF,I-487:SCSCF,GTW,A:SCSCF,MTAS,I-487:MTAS,SCSCF,A:SCSCF,PCSCF,C-200:SCSCF,PCSCF,I-487:PCSCF,SCSCF,A"
317,0,0,"PCSCF,SCSCF,I:SCSCF,ASLI,I:ASLI,SCSCF,T:SCSCF,PCSCF,T:ASLI,SCSCF,I-500:SCSCF,ASLI,A:MTAS,SCSCF,I:SCSCF,MTAS,T:SCSCF,GTW,I:GTW,SCSCF,T:GTW,SCSCF,S:SCSCF,MTAS,S:SCSCF,PCSCF,S:PCSCF,SCSCF,P:SCSCF,MTAS,P:MTAS,SCSCF,P:SCSCF,GTW,P:GTW,SCSCF,P-200:GTW,SCSCF,S:SCSCF,MTAS,S:SCSCF,MTAS,P-200:MTAS,SCSCF,P-200:SCSCF,PCSCF,P-200:SCSCF,PCSCF,S:PCSCF,SCSCF,P:SCSCF,MTAS,P:MTAS,SCSCF,P:SCSCF,GTW,P:GTW,SCSCF,P-200:GTW,SCSCF,S:SCSCF,MTAS,S:SCSCF,MTAS,P-200:MTAS,SCSCF,P-200:SCSCF,PCSCF,P-200:SCSCF,PCSCF,S:PCSCF,SCSCF,P:SCSCF,MTAS,P:MTAS,SCSCF,P:SCSCF,GTW,P:GTW,SCSCF,R:SCSCF,MTAS,R:GTW,SCSCF,P-200:SCSCF,MTAS,P-200:MTAS,SCSCF,P-200:SCSCF,PCSCF,P-200:SCSCF,PCSCF,R:PCSCF,SCSCF,P:SCSCF,MTAS,P:MTAS,SCSCF,P:SCSCF,GTW,P:GTW,SCSCF,P-200:SCSCF,MTAS,P-200:MTAS,SCSCF,P-200:SCSCF,PCSCF,P-200:GTW,SCSCF,I-200:SCSCF,MTAS,I-200:SCSCF,PCSCF,I-200:PCSCF,SCSCF,A:SCSCF,MTAS,A:MTAS,SCSCF,A:SCSCF,GTW,A:GTW,SCSCF,B:MTAS,SCSCF,B:SCSCF,PCSCF,B:PCSCF,SCSCF,B-200:SCSCF,MTAS,B-200:SCSCF,GTW,B-200"
318,0,0,"PCSCF,SCSCF,I:SCSCF,ASLI,I:ASLI,SCSCF,T:ASLI,SCSCF,I-500:SCSCF,ASLI,A:MTAS,SCSCF,I:SCSCF,MTAS,T:SCSCF,PCSCF,T:SCSCF,ASLI,I:ASLI,SCSCF,T:ASLI,SCSCF,I-500:SCSCF,ASLI,A:SCSCF,MTAS,I:MTAS,SCSCF,T:MTAS,SCSCF,I:SCSCF,MTAS,T:SCSCF,PCSCF,I:PCSCF,SCSCF,T:PCSCF,SCSCF,R:SCSCF,MTAS,R:MTAS,SCSCF,R:SCSCF,MTAS,R:SCSCF,PCSCF,R:PCSCF,SCSCF,P:MTAS,SCSCF,P:SCSCF,MTAS,P:MTAS,SCSCF,P:SCSCF,PCSCF,P:PCSCF,SCSCF,P-200:SCSCF,MTAS,P-200:MTAS,SCSCF,P-200:SCSCF,MTAS,P-200:SCSCF,PCSCF,P-200:PCSCF,SCSCF,I-200:SCSCF,MTAS,I-200:MTAS,SCSCF,I-200:SCSCF,MTAS,I-200:SCSCF,PCSCF,I-200:PCSCF,SCSCF,A:MTAS,SCSCF,A:SCSCF,MTAS,A:MTAS,SCSCF,A:SCSCF,PCSCF,A:PCSCF,SCSCF,B:MTAS,SCSCF,B:SCSCF,MTAS,B:MTAS,SCSCF,B:SCSCF,PCSCF,B:PCSCF,SCSCF,B-200:SCSCF,MTAS,B-200:MTAS,SCSCF,B-200:SCSCF,MTAS,B-200:SCSCF,PCSCF,B-200"
319,0,0,"PCSCF,SCSCF,I:SCSCF,PCSCF,T:SCSCF,ASLI,I:ASLI,SCSCF,T:ASLI,SCSCF,I-500:SCSCF,ASLI,A:MTAS,SCSCF,I:SCSCF,MTAS,T:SCSCF,GTW,I:GTW,SCSCF,T:GTW,SCSCF,R:SCSCF,MTAS,R:SCSCF,PCSCF,R:GTW,SCSCF,R:SCSCF,MTAS,R:PCSCF,SCSCF,P:MTAS,SCSCF,P:SCSCF,GTW,P:GTW,SCSCF,P-200:SCSCF,MTAS,P-200:SCSCF,PCSCF,P-200:GTW,SCSCF,I-200:SCSCF,MTAS,I-200:SCSCF,PCSCF,I-200:GTW,SCSCF,I-200:SCSCF,MTAS,I-200:PCSCF,SCSCF,A:SCSCF,MTAS,A:MTAS,SCSCF,A:SCSCF,GTW,A:GTW,SCSCF,I:SCSCF,GTW,T:MTAS,SCSCF,I:SCSCF,MTAS,T:SCSCF,PCSCF,I:PCSCF,SCSCF,I-200:SCSCF,MTAS,I-200:SCSCF,GTW,I-200:GTW,SCSCF,A:MTAS,SCSCF,A:SCSCF,PCSCF,A:GTW,SCSCF,B:MTAS,SCSCF,B:SCSCF,PCSCF,B:PCSCF,SCSCF,B-200:SCSCF,MTAS,B-200:SCSCF,GTW,B-200"
320,0,0,"PCSCF,SCSCF,I:SCSCF,PCSCF,T:SCSCF,PCSCF,I-407:PCSCF,SCSCF,A:PCSCF,SCSCF,I:SCSCF,ASLI,I:SCSCF,PCSCF,T:ASLI,SCSCF,T:ASLI,SCSCF,I-500:SCSCF,ASLI,A:MTAS,SCSCF,I:SCSCF,MTAS,T:SCSCF,GTW,I:GTW,SCSCF,T:GTW,SCSCF,S:SCSCF,MTAS,S:SCSCF,PCSCF,S:PCSCF,SCSCF,P:MTAS,SCSCF,P:SCSCF,GTW,P:GTW,SCSCF,P-200:SCSCF,MTAS,P-200:SCSCF,PCSCF,P-200:PCSCF,SCSCF,C:MTAS,SCSCF,C:SCSCF,MTAS,C-200:SCSCF,GTW,C:SCSCF,PCSCF,C-200:GTW,SCSCF,C-200:GTW,SCSCF,I-487:SCSCF,GTW,A:SCSCF,MTAS,I-487:MTAS,SCSCF,A:SCSCF,PCSCF,I-487:PCSCF,SCSCF,A"
321,0,0,"PCSCF,SCSCF,I:SCSCF,PCSCF,T:SCSCF,PCSCF,I-407:PCSCF,SCSCF,A:PCSCF,SCSCF,I:SCSCF,PCSCF,T:SCSCF,ASLI,I:ASLI,SCSCF,T:ASLI,SCSCF,I-500:SCSCF,ASLI,A:MTAS,SCSCF,I:SCSCF,MTAS,T:SCSCF,GTW,I:GTW,SCSCF,T:GTW,SCSCF,R:SCSCF,MTAS,R:SCSCF,PCSCF,R:PCSCF,SCSCF,P:MTAS,SCSCF,P:SCSCF,GTW,P:GTW,SCSCF,P-200:SCSCF,MTAS,P-200:SCSCF,PCSCF,P-200:PCSCF,SCSCF,C:MTAS,SCSCF,C:SCSCF,MTAS,C-200:SCSCF,GTW,C:GTW,SCSCF,C-200:SCSCF,PCSCF,C-200:GTW,SCSCF,I-487:SCSCF,GTW,A:SCSCF,MTAS,I-487:MTAS,SCSCF,A:SCSCF,PCSCF,I-487:PCSCF,SCSCF,A"
322,0,0,"GTW,ICSCF,I:ICSCF,GTW,T:SCSCF,ASLI,I:ASLI,SCSCF,T:ASLI,SCSCF,I-500:SCSCF,ASLI,A:SCSCF,BCCAS,I:BCCAS,SCSCF,T:BCCAS,SCSCF,I:SCSCF,BCCAS,T:SCSCF,PCSCF,I:PCSCF,SCSCF,T:PCSCF,SCSCF,I-486:SCSCF,PCSCF,A:SCSCF,BCCAS,I-486:BCCAS,SCSCF,A:BCCAS,SCSCF,I-486:SCSCF,BCCAS,A:ICSCF,GTW,I-486:GTW,ICSCF,A"
323,0,0,"PCSCF,SCSCF,I:SCSCF,PCSCF,T:SCSCF,ASLI,I:ASLI,SCSCF,T:ASLI,SCSCF,I-500:SCSCF,ASLI,A:MTAS,SCSCF,I:SCSCF,MTAS,T:SCSCF,GTW,I:GTW,SCSCF,T:GTW,SCSCF,S:SCSCF,MTAS,S:SCSCF,PCSCF,S:PCSCF,SCSCF,P:MTAS,SCSCF,P:SCSCF,GTW,P:GTW,SCSCF,P-200:GTW,SCSCF,S:SCSCF,MTAS,S:SCSCF,MTAS,P-200:SCSCF,PCSCF,P-200:SCSCF,PCSCF,S:PCSCF,SCSCF,P:MTAS,SCSCF,P:SCSCF,GTW,P:GTW,SCSCF,P-200:SCSCF,MTAS,P-200:GTW,SCSCF,R:SCSCF,MTAS,R:SCSCF,PCSCF,P-200:SCSCF,PCSCF,R:PCSCF,SCSCF,P:MTAS,SCSCF,P:SCSCF,GTW,P:GTW,SCSCF,P-200:SCSCF,MTAS,P-200:SCSCF,PCSCF,P-200:PCSCF,SCSCF,C:MTAS,SCSCF,C:SCSCF,MTAS,C-200:SCSCF,GTW,C:GTW,SCSCF,C-200:GTW,SCSCF,I-487:SCSCF,GTW,A:SCSCF,MTAS,I-487:MTAS,SCSCF,A:SCSCF,PCSCF,C-200:SCSCF,PCSCF,I-487:PCSCF,SCSCF,A"
324,0,0,"PCSCF,SCSCF,I:SCSCF,PCSCF,T:SCSCF,ASLI,I:ASLI,SCSCF,T:ASLI,SCSCF,I-500:SCSCF,ASLI,A:MTAS,SCSCF,I:SCSCF,MTAS,T:SCSCF,GTW,I:GTW,SCSCF,T:GTW,SCSCF,S:SCSCF,MTAS,S:SCSCF,PCSCF,S:PCSCF,SCSCF,P:SCSCF,MTAS,P:MTAS,SCSCF,P:SCSCF,GTW,P:GTW,SCSCF,P-200:SCSCF,MTAS,P-200:MTAS,SCSCF,P-200:SCSCF,PCSCF,P-200:GTW,SCSCF,R:SCSCF,MTAS,R:SCSCF,PCSCF,R:PCSCF,SCSCF,P:SCSCF,MTAS,P:MTAS,SCSCF,P:SCSCF,GTW,P:GTW,SCSCF,P-200:SCSCF,MTAS,P-200:MTAS,SCSCF,P-200:SCSCF,PCSCF,P-200:GTW,SCSCF,I-200:SCSCF,MTAS,I-200:SCSCF,PCSCF,I-200:PCSCF,SCSCF,A:SCSCF,MTAS,A:MTAS,SCSCF,A:SCSCF,GTW,A:MTAS,SCSCF,U:SCSCF,GTW,U:SCSCF,PCSCF,U:GTW,SCSCF,U-200:SCSCF,MTAS,U-200:PCSCF,SCSCF,U-200:SCSCF,MTAS,U-200:MTAS,SCSCF,U:SCSCF,GTW,U:GTW,SCSCF,U-200:SCSCF,MTAS,U-200:MTAS,SCSCF,U:SCSCF,PCSCF,U:PCSCF,SCSCF,U-200:SCSCF,MTAS,U-200:MTAS,SCSCF,U:SCSCF,GTW,U:SCSCF,PCSCF,U:GTW,SCSCF,U-200:SCSCF,MTAS,U-200:PCSCF,SCSCF,U-200:SCSCF,MTAS,U-200:MTAS,SCSCF,U:SCSCF,GTW,U:GTW,SCSCF,U-200:SCSCF,MTAS,U-200:MTAS,SCSCF,U:SCSCF,PCSCF,U:PCSCF,SCSCF,U-200:SCSCF,MTAS,U-200:MTAS,SCSCF,U:SCSCF,GTW,U:GTW,SCSCF,U-200:SCSCF,MTAS,U-200:MTAS,SCSCF,U:SCSCF,PCSCF,U:PCSCF,SCSCF,U-200:SCSCF,MTAS,U-200:MTAS,SCSCF,U:SCSCF,GTW,U:GTW,SCSCF,U-200:SCSCF,MTAS,U-200:MTAS,SCSCF,U:SCSCF,PCSCF,U:PCSCF,SCSCF,U-200:SCSCF,MTAS,U-200:MTAS,SCSCF,U:SCSCF,GTW,U:GTW,SCSCF,U-200:SCSCF,MTAS,U-200:MTAS,SCSCF,U:SCSCF,PCSCF,U:PCSCF,SCSCF,U-200:SCSCF,MTAS,U-200:MTAS,SCSCF,U:SCSCF,GTW,U:GTW,SCSCF,U-200:SCSCF,MTAS,U-200:MTAS,SCSCF,U:SCSCF,PCSCF,U:PCSCF,SCSCF,U-200:SCSCF,MTAS,U-200:MTAS,SCSCF,U:SCSCF,GTW,U:GTW,SCSCF,U-200:SCSCF,MTAS,U-200:MTAS,SCSCF,U:SCSCF,PCSCF,U:PCSCF,SCSCF,U-200:SCSCF,MTAS,U-200:MTAS,SCSCF,U:SCSCF,GTW,U:GTW,SCSCF,U-200:SCSCF,MTAS,U-200:MTAS,SCSCF,U:SCSCF,PCSCF,U:PCSCF,SCSCF,U-200:SCSCF,MTAS,U-200:GTW,SCSCF,B:MTAS,SCSCF,B:SCSCF,PCSCF,B:PCSCF,SCSCF,B-200:SCSCF,MTAS,B-200:SCSCF,GTW,B-200"
325,0,0,"PCSCF,SCSCF,I:SCSCF,PCSCF,T:SCSCF,ASLI,I:ASLI,SCSCF,T:ASLI,SCSCF,I-500:SCSCF,ASLI,A:MTAS,SCSCF,I:SCSCF,MTAS,T:SCSCF,GTW,I:GTW,SCSCF,T:GTW,SCSCF,S:SCSCF,MTAS,S:SCSCF,PCSCF,S:PCSCF,SCSCF,P:MTAS,SCSCF,P:SCSCF,GTW,P:GTW,SCSCF,P-200:GTW,SCSCF,R:SCSCF,MTAS,R:SCSCF,MTAS,P-200:SCSCF,PCSCF,P-200:SCSCF,PCSCF,R:PCSCF,SCSCF,P:MTAS,SCSCF,P:SCSCF,GTW,P:GTW,SCSCF,P-200:SCSCF,MTAS,P-200:SCSCF,PCSCF,P-200:GTW,SCSCF,I-200:SCSCF,MTAS,I-200:SCSCF,PCSCF,I-200:PCSCF,SCSCF,A:SCSCF,MTAS,A:MTAS,SCSCF,A:SCSCF,GTW,A:MTAS,SCSCF,U:GTW,SCSCF,U-200:SCSCF,MTAS,U-200:MTAS,SCSCF,U:SCSCF,PCSCF,U:SCSCF,GTW,U:PCSCF,SCSCF,U-200:SCSCF,MTAS,U-200:MTAS,SCSCF,U:SCSCF,GTW,U:SCSCF,PCSCF,U:GTW,SCSCF,U-200:SCSCF,MTAS,U-200:PCSCF,SCSCF,U-200:SCSCF,MTAS,U-200:PCSCF,SCSCF,B:MTAS,SCSCF,B:SCSCF,GTW,B:GTW,SCSCF,B-200:SCSCF,MTAS,B-200:SCSCF,PCSCF,B-200"
326,0,0,"PCSCF,SCSCF,I:SCSCF,PCSCF,T:SCSCF,PCSCF,I-407:PCSCF,SCSCF,A:PCSCF,SCSCF,I:SCSCF,ASLI,I:SCSCF,PCSCF,T:ASLI,SCSCF,T:ASLI,SCSCF,I-500:MTAS,SCSCF,I:SCSCF,MTAS,T:SCSCF,ASLI,A:SCSCF,GTW,I:GTW,SCSCF,T:GTW,SCSCF,I-484:SCSCF,GTW,A:SCSCF,MTAS,I-484:MTAS,SCSCF,A:SCSCF,PCSCF,I-484:PCSCF,SCSCF,A"
327,0,0,"PCSCF,SCSCF,I:SCSCF,PCSCF,T:SCSCF,PCSCF,I-407:PCSCF,SCSCF,A:PCSCF,SCSCF,I:SCSCF,PCSCF,T:SCSCF,BCCAS,I:BCCAS,SCSCF,T:BCCAS,SCSCF,I-500:SCSCF,BCCAS,A:SCSCF,ASLI,I:ASLI,SCSCF,T:ASLI,SCSCF,I-500:SCSCF,ASLI,A:SCSCF,BCCAS,I:BCCAS,SCSCF,T:BCCAS,SCSCF,I:SCSCF,BCCAS,T:SCSCF,GTW,I:GTW,SCSCF,T:GTW,SCSCF,R:SCSCF,BCCAS,R:BCCAS,SCSCF,R:SCSCF,PCSCF,R:PCSCF,SCSCF,P:SCSCF,BCCAS,P:BCCAS,SCSCF,P:SCSCF,GTW,P:GTW,SCSCF,P-200:SCSCF,BCCAS,P-200:BCCAS,SCSCF,P-200:SCSCF,PCSCF,P-200:GTW,SCSCF,I-200:SCSCF,BCCAS,I-200:BCCAS,SCSCF,I-200:SCSCF,PCSCF,I-200:PCSCF,SCSCF,A:SCSCF,BCCAS,A:BCCAS,SCSCF,A:SCSCF,GTW,A:PCSCF,SCSCF,I:SCSCF,BCCAS,I:BCCAS,SCSCF,T:BCCAS,SCSCF,I-200:SCSCF,PCSCF,T:SCSCF,PCSCF,I-200:PCSCF,SCSCF,A:SCSCF,BCCAS,A:GTW,SCSCF,B:SCSCF,BCCAS,B:BCCAS,SCSCF,B:SCSCF,PCSCF,B:PCSCF,SCSCF,B-200:SCSCF,BCCAS,B-200:BCCAS,SCSCF,B-200:SCSCF,GTW,B-200"
328,0,0,"PCSCF,SCSCF,I:SCSCF,ASLI,I:ASLI,SCSCF,T:SCSCF,PCSCF,T:ASLI,SCSCF,I-500:SCSCF,ASLI,A:MTAS,SCSCF,I:SCSCF,MTAS,T:SCSCF,GTW,I:GTW,SCSCF,T:GTW,SCSCF,S:SCSCF,MTAS,S:SCSCF,PCSCF,S:PCSCF,SCSCF,P:MTAS,SCSCF,P:SCSCF,GTW,P:GTW,SCSCF,P-200:SCSCF,MTAS,P-200:SCSCF,PCSCF,P-200:GTW,SCSCF,S:SCSCF,MTAS,S:SCSCF,PCSCF,S:PCSCF,SCSCF,P:MTAS,SCSCF,P:SCSCF,GTW,P:GTW,SCSCF,P-200:SCSCF,MTAS,P-200:SCSCF,PCSCF,P-200:GTW,SCSCF,R:SCSCF,MTAS,R:SCSCF,PCSCF,R:PCSCF,SCSCF,P:MTAS,SCSCF,P:SCSCF,GTW,P:GTW,SCSCF,P-200:SCSCF,MTAS,P-200:SCSCF,PCSCF,P-200:GTW,SCSCF,I-200:SCSCF,MTAS,I-200:SCSCF,PCSCF,I-200:PCSCF,SCSCF,A:SCSCF,MTAS,A:MTAS,SCSCF,A:SCSCF,GTW,A:PCSCF,SCSCF,B:SCSCF,MTAS,B:MTAS,SCSCF,B:SCSCF,GTW,B:GTW,SCSCF,B-200:SCSCF,MTAS,B-200:MTAS,SCSCF,B-200:SCSCF,PCSCF,B-200"
329,0,0,"PCSCF,SCSCF,I:SCSCF,ASLI,I:ASLI,SCSCF,T:ASLI,SCSCF,I-500:SCSCF,ASLI,A:MTAS,SCSCF,I:SCSCF,MTAS,T:SCSCF,GTW,I:SCSCF,PCSCF,T:GTW,SCSCF,T:GTW,SCSCF,S:SCSCF,MTAS,S:SCSCF,PCSCF,S:GTW,SCSCF,S:SCSCF,MTAS,S:PCSCF,SCSCF,P:MTAS,SCSCF,P:SCSCF,GTW,P:GTW,SCSCF,P-200:SCSCF,MTAS,P-200:SCSCF,PCSCF,P-200:GTW,SCSCF,R:SCSCF,MTAS,R:SCSCF,PCSCF,R:PCSCF,SCSCF,P:MTAS,SCSCF,P:SCSCF,GTW,P:GTW,SCSCF,P-200:SCSCF,MTAS,P-200:SCSCF,PCSCF,P-200:PCSCF,SCSCF,C:MTAS,SCSCF,C:SCSCF,MTAS,C-200:SCSCF,GTW,C:SCSCF,PCSCF,C-200:GTW,SCSCF,C-200:GTW,SCSCF,I-487:SCSCF,GTW,A:SCSCF,MTAS,I-487:MTAS,SCSCF,A:SCSCF,PCSCF,I-487:PCSCF,SCSCF,A"
330,0,0,"PCSCF,SCSCF,I:SCSCF,PCSCF,T:SCSCF,ASLI,I:ASLI,SCSCF,T:ASLI,SCSCF,I-500:SCSCF,ASLI,A:MTAS,SCSCF,I:SCSCF,MTAS,T:SCSCF,GTW,I:GTW,SCSCF,T:GTW,SCSCF,R:SCSCF,MTAS,R:SCSCF,PCSCF,R:PCSCF,SCSCF,P:SCSCF,MTAS,P:MTAS,SCSCF,P:SCSCF,GTW,P:GTW,SCSCF,P-200:SCSCF,MTAS,P-200:MTAS,SCSCF,P-200:SCSCF,PCSCF,P-200:PCSCF,SCSCF,C:MTAS,SCSCF,C:SCSCF,MTAS,C-200:SCSCF,GTW,C:GTW,SCSCF,C-200:GTW,SCSCF,I-487:SCSCF,GTW,A:SCSCF,MTAS,I-487:MTAS,SCSCF,A:SCSCF,PCSCF,C-200:SCSCF,PCSCF,I-487:PCSCF,SCSCF,A"
331,0,0,"GTW,ICSCF,I:ICSCF,GTW,T:SCSCF,ASLI,I:ASLI,SCSCF,T:ASLI,SCSCF,I-500:SCSCF,ASLI,A:SCSCF,MTAS,I:MTAS,SCSCF,T:MTAS,SCSCF,I:SCSCF,MTAS,T:SCSCF,PCSCF,I:PCSCF,SCSCF,T:PCSCF,SCSCF,I-486:SCSCF,PCSCF,A:SCSCF,MTAS,I-486:MTAS,SCSCF,I-486:SCSCF,MTAS,A:ICSCF,GTW,I-486:MTAS,SCSCF,A:GTW,ICSCF,A"
332,0,0,"PCSCF,SCSCF,I:SCSCF,PCSCF,T:SCSCF,ASLI,I:ASLI,SCSCF,T:ASLI,SCSCF,I-500:SCSCF,ASLI,A:MTAS,SCSCF,I:SCSCF,MTAS,T:SCSCF,GTW,I:GTW,SCSCF,T:GTW,SCSCF,R:SCSCF,MTAS,R:SCSCF,PCSCF,R:PCSCF,SCSCF,P:SCSCF,MTAS,P:MTAS,SCSCF,P:SCSCF,GTW,P:GTW,SCSCF,P-200:SCSCF,MTAS,P-200:MTAS,SCSCF,P-200:SCSCF,PCSCF,P-200:GTW,SCSCF,I-200:SCSCF,MTAS,I-200:SCSCF,PCSCF,I-200:PCSCF,SCSCF,A:SCSCF,MTAS,A:MTAS,SCSCF,A:SCSCF,GTW,A:GTW,SCSCF,B:MTAS,SCSCF,B:SCSCF,PCSCF,B:PCSCF,SCSCF,B-200:SCSCF,MTAS,B-200:SCSCF,GTW,B-200"
333,0,0,"PCSCF,SCSCF,I:SCSCF,PCSCF,T:SCSCF,ASLI,I:ASLI,SCSCF,T:ASLI,SCSCF,I-500:SCSCF,ASLI,A:MTAS,SCSCF,I:SCSCF,MTAS,T:SCSCF,ASLI,I:ASLI,SCSCF,T:ASLI,SCSCF,I-500:SCSCF,ASLI,A:SCSCF,MTAS,I:MTAS,SCSCF,T:MTAS,SCSCF,I:SCSCF,MTAS,T:SCSCF,PCSCF,I:PCSCF,SCSCF,T:PCSCF,SCSCF,R:SCSCF,MTAS,R:MTAS,SCSCF,R:SCSCF,MTAS,R:SCSCF,PCSCF,R:PCSCF,SCSCF,P:MTAS,SCSCF,P:SCSCF,MTAS,P:MTAS,SCSCF,P:SCSCF,PCSCF,P:PCSCF,SCSCF,P-200:SCSCF,MTAS,P-200:MTAS,SCSCF,P-200:SCSCF,MTAS,P-200:SCSCF,PCSCF,P-200:PCSCF,SCSCF,I-200:SCSCF,MTAS,I-200:MTAS,SCSCF,I-200:SCSCF,MTAS,I-200:SCSCF,PCSCF,I-200:PCSCF,SCSCF,A:MTAS,SCSCF,A:SCSCF,MTAS,A:MTAS,SCSCF,A:SCSCF,PCSCF,A:MTAS,SCSCF,U:SCSCF,PCSCF,U:PCSCF,SCSCF,U-200:SCSCF,MTAS,U-200:MTAS,SCSCF,U:SCSCF,PCSCF,U:PCSCF,SCSCF,U-200:SCSCF,MTAS,U-200:MTAS,SCSCF,U:SCSCF,MTAS,U-200:MTAS,SCSCF,U:SCSCF,PCSCF,U:PCSCF,SCSCF,U-200:SCSCF,MTAS,U-200:MTAS,SCSCF,U:SCSCF,PCSCF,U:PCSCF,SCSCF,U-200:SCSCF,MTAS,U-200:MTAS,SCSCF,U:SCSCF,MTAS,U-200:MTAS,SCSCF,U:SCSCF,PCSCF,U:PCSCF,SCSCF,U-200:SCSCF,MTAS,U-200:MTAS,SCSCF,U:SCSCF,PCSCF,U:PCSCF,SCSCF,U-200:SCSCF,MTAS,U-200:MTAS,SCSCF,U:SCSCF,MTAS,U-200:MTAS,SCSCF,U:SCSCF,PCSCF,U:PCSCF,SCSCF,U-200:SCSCF,MTAS,U-200:MTAS,SCSCF,U:SCSCF,PCSCF,U:SCSCF,MTAS,U-200:PCSCF,SCSCF,U-200:SCSCF,MTAS,U-200:MTAS,SCSCF,U:SCSCF,PCSCF,U:MTAS,SCSCF,U:PCSCF,SCSCF,U-200:SCSCF,MTAS,U-200:MTAS,SCSCF,U:SCSCF,PCSCF,U:PCSCF,SCSCF,U-200:SCSCF,MTAS,U-200:MTAS,SCSCF,U:SCSCF,PCSCF,U:PCSCF,SCSCF,U-200:SCSCF,MTAS,U-200:MTAS,SCSCF,U:SCSCF,PCSCF,U:PCSCF,SCSCF,U-200:SCSCF,MTAS,U-200:MTAS,SCSCF,U:SCSCF,PCSCF,U:PCSCF,SCSCF,U-200:SCSCF,MTAS,U-200:MTAS,SCSCF,U:SCSCF,MTAS,U-200:MTAS,SCSCF,U:SCSCF,PCSCF,U:PCSCF,SCSCF,U-200:SCSCF,MTAS,U-200:MTAS,SCSCF,U:SCSCF,PCSCF,U:PCSCF,SCSCF,U-200:SCSCF,MTAS,U-200:MTAS,SCSCF,U:SCSCF,MTAS,U-200:MTAS,SCSCF,U:SCSCF,PCSCF,U:PCSCF,SCSCF,U-200:SCSCF,MTAS,U-200:MTAS,SCSCF,U:SCSCF,PCSCF,U:PCSCF,SCSCF,U-200:SCSCF,MTAS,U-200:MTAS,SCSCF,U:SCSCF,MTAS,U-200:MTAS,SCSCF,U:SCSCF,PCSCF,U:PCSCF,SCSCF,U-200:SCSCF,MTAS,U-200:MTAS,SCSCF,U:SCSCF,MTAS,U-200:MTAS,SCSCF,U:SCSCF,PCSCF,U:PCSCF,SCSCF,U-200:SCSCF,MTAS,U-200:MTAS,SCSCF,U:SCSCF,PCSCF,U:PCSCF,SCSCF,U-200:SCSCF,MTAS,U-200:MTAS,SCSCF,U:SCSCF,MTAS,U-200:MTAS,SCSCF,U:SCSCF,PCSCF,U:PCSCF,SCSCF,U-200:SCSCF,PCSCF,U:SCSCF,MTAS,U-200:PCSCF,SCSCF,U-200:SCSCF,MTAS,U-200:PCSCF,SCSCF,B:MTAS,SCSCF,B:SCSCF,MTAS,B:MTAS,SCSCF,B:SCSCF,PCSCF,B:PCSCF,SCSCF,B-200:SCSCF,MTAS,B-200:MTAS,SCSCF,B-200:SCSCF,MTAS,B-200:SCSCF,PCSCF,B-200"
334,0,0,"PCSCF,SCSCF,I:SCSCF,PCSCF,T:SCSCF,ASLI,I:ASLI,SCSCF,T:ASLI,SCSCF,I-500:SCSCF,ASLI,A:MTAS,SCSCF,I:SCSCF,MTAS,T:SCSCF,GTW,I:GTW,SCSCF,T:GTW,SCSCF,R:SCSCF,MTAS,R:SCSCF,PCSCF,R:PCSCF,SCSCF,P:MTAS,SCSCF,P:SCSCF,GTW,P:GTW,SCSCF,I-200:GTW,SCSCF,P-200:SCSCF,MTAS,I-200:SCSCF,MTAS,P-200:SCSCF,PCSCF,I-200:SCSCF,PCSCF,P-200:PCSCF,SCSCF,A:SCSCF,MTAS,A:MTAS,SCSCF,A:SCSCF,GTW,A:GTW,SCSCF,B:MTAS,SCSCF,B:SCSCF,PCSCF,B:PCSCF,SCSCF,B-200:SCSCF,MTAS,B-200:SCSCF,GTW,B-200"
335,0,0,"GTW,SCSCF,I:SCSCF,GTW,T:SCSCF,SLEVOOSP,I:SLEVOOSP,SCSCF,T:SLEVOOSP,SCSCF,I:SCSCF,SLEVOOSP,T:SCSCF,LBIMP,I:LBIMP,SCSCF,T:LBIMP,SCSCF,R:LBIMP,SCSCF,I-200:SCSCF,SLEVOOSP,R:SCSCF,SLEVOOSP,I-200:SLEVOOSP,SCSCF,S:SCSCF,GTW,S:GTW,SCSCF,P:SCSCF,SLEVOOSP,P:SLEVOOSP,SCSCF,P-200:SCSCF,GTW,P-200:SLEVOOSP,SCSCF,I-200:SCSCF,GTW,I-200:GTW,SCSCF,A:SCSCF,SLEVOOSP,A:SLEVOOSP,SCSCF,A:SCSCF,LBIMP,A:LBIMP,SCSCF,B:SCSCF,SLEVOOSP,B:SLEVOOSP,SCSCF,B-200:SCSCF,LBIMP,B-200:GTW,SCSCF,B:SCSCF,SLEVOOSP,B:SLEVOOSP,SCSCF,B-200:SCSCF,GTW,B-200"
336,0,0,"GTW,ICSCF,I:ICSCF,GTW,T:SCSCF,ASLI,I:ASLI,SCSCF,T:ASLI,SCSCF,I-500:SCSCF,ASLI,A:SCSCF,MTAS,I:MTAS,SCSCF,I:SCSCF,MTAS,T:SCSCF,PCSCF,I:PCSCF,SCSCF,T:MTAS,SCSCF,T:PCSCF,SCSCF,R:SCSCF,MTAS,R:MTAS,SCSCF,R:ICSCF,GTW,R:GTW,SCSCF,P:SCSCF,MTAS,P:MTAS,SCSCF,P:SCSCF,PCSCF,P:PCSCF,SCSCF,P-200:SCSCF,MTAS,P-200:MTAS,SCSCF,P-200:SCSCF,GTW,P-200:PCSCF,SCSCF,I-200:SCSCF,MTAS,I-200:MTAS,SCSCF,I-200:ICSCF,GTW,I-200:GTW,SCSCF,A:SCSCF,MTAS,A:MTAS,SCSCF,A:SCSCF,PCSCF,A:MTAS,SCSCF,U:SCSCF,PCSCF,U:PCSCF,SCSCF,U-200:SCSCF,MTAS,U-200:MTAS,SCSCF,U:SCSCF,GTW,U:GTW,SCSCF,U-200:SCSCF,MTAS,U-200:PCSCF,SCSCF,B:SCSCF,MTAS,B:MTAS,SCSCF,B:SCSCF,GTW,B:GTW,SCSCF,B-200:SCSCF,MTAS,B-200:MTAS,SCSCF,B-200:SCSCF,PCSCF,B-200"
337,0,0,"PCSCF,SCSCF,I:SCSCF,ASLI,I:SCSCF,PCSCF,T:ASLI,SCSCF,T:ASLI,SCSCF,I-500:SCSCF,ASLI,A:MTAS,SCSCF,I:SCSCF,MTAS,T:SCSCF,GTW,I:GTW,SCSCF,T:GTW,SCSCF,S:SCSCF,MTAS,S:SCSCF,PCSCF,S:PCSCF,SCSCF,P:MTAS,SCSCF,P:SCSCF,GTW,P:GTW,SCSCF,P-200:SCSCF,MTAS,P-200:SCSCF,PCSCF,P-200:GTW,SCSCF,R:SCSCF,MTAS,R:SCSCF,PCSCF,R:PCSCF,SCSCF,P:MTAS,SCSCF,P:SCSCF,GTW,P:GTW,SCSCF,P-200:SCSCF,MTAS,P-200:SCSCF,PCSCF,P-200:GTW,SCSCF,W:SCSCF,MTAS,W:SCSCF,PCSCF,W:GTW,SCSCF,I-486:SCSCF,GTW,A:SCSCF,MTAS,I-486:MTAS,SCSCF,A:SCSCF,PCSCF,I-486:PCSCF,SCSCF,P:PCSCF,SCSCF,A:SCSCF,PCSCF,P-481"
338,0,0,"PCSCF,SCSCF,I:SCSCF,PCSCF,T:SCSCF,PCSCF,I-407:PCSCF,SCSCF,A:PCSCF,SCSCF,I:SCSCF,PCSCF,T:SCSCF,ASLI,I:ASLI,SCSCF,T:ASLI,SCSCF,I-500:SCSCF,ASLI,A:MTAS,SCSCF,I:SCSCF,MTAS,T:SCSCF,GTW,I:GTW,SCSCF,T:GTW,SCSCF,S:SCSCF,MTAS,S:SCSCF,PCSCF,S:PCSCF,SCSCF,P:MTAS,SCSCF,P:SCSCF,GTW,P:GTW,SCSCF,P-200:GTW,SCSCF,S:SCSCF,MTAS,S:SCSCF,MTAS,P-200:SCSCF,PCSCF,P-200:SCSCF,PCSCF,S:PCSCF,SCSCF,P:MTAS,SCSCF,P:SCSCF,GTW,P:GTW,SCSCF,P-200:SCSCF,MTAS,P-200:SCSCF,PCSCF,P-200:GTW,SCSCF,I-200:SCSCF,MTAS,I-200:SCSCF,PCSCF,I-200:PCSCF,SCSCF,A:SCSCF,MTAS,A:MTAS,SCSCF,A:SCSCF,GTW,A:GTW,SCSCF,B:MTAS,SCSCF,B:SCSCF,PCSCF,B:PCSCF,SCSCF,B-200:SCSCF,MTAS,B-200:SCSCF,GTW,B-200"
339,0,0,"PCSCF,SCSCF,I:SCSCF,PCSCF,T:SCSCF,ASLI,I:ASLI,SCSCF,T:ASLI,SCSCF,I-500:SCSCF,ASLI,A:MTAS,SCSCF,I:SCSCF,MTAS,T:SCSCF,GTW,I:GTW,SCSCF,T:GTW,SCSCF,S:SCSCF,MTAS,S:SCSCF,PCSCF,S:PCSCF,SCSCF,P:MTAS,SCSCF,P:SCSCF,GTW,P:GTW,SCSCF,P-200:GTW,SCSCF,R:SCSCF,MTAS,P-200:SCSCF,MTAS,R:SCSCF,PCSCF,P-200:SCSCF,PCSCF,R:PCSCF,SCSCF,P:MTAS,SCSCF,P:SCSCF,GTW,P:GTW,SCSCF,P-200:GTW,SCSCF,S:SCSCF,MTAS,S:SCSCF,MTAS,P-200:SCSCF,PCSCF,P-200:SCSCF,PCSCF,S:PCSCF,SCSCF,P:MTAS,SCSCF,P:SCSCF,GTW,P:GTW,SCSCF,P-200:GTW,SCSCF,I-200:SCSCF,MTAS,P-200:SCSCF,MTAS,I-200:SCSCF,PCSCF,P-200:SCSCF,PCSCF,I-200:PCSCF,SCSCF,A:SCSCF,MTAS,A:MTAS,SCSCF,A:SCSCF,GTW,A:MTAS,SCSCF,U:SCSCF,GTW,U:SCSCF,PCSCF,U:GTW,SCSCF,U-200:SCSCF,MTAS,U-200:PCSCF,SCSCF,U-200:SCSCF,MTAS,U-200:MTAS,SCSCF,U:SCSCF,GTW,U:GTW,SCSCF,U-200:SCSCF,MTAS,U-200:MTAS,SCSCF,U:SCSCF,PCSCF,U:PCSCF,SCSCF,U-200:SCSCF,MTAS,U-200:GTW,SCSCF,B:MTAS,SCSCF,B:SCSCF,PCSCF,B:PCSCF,SCSCF,B-200:SCSCF,MTAS,B-200:SCSCF,GTW,B-200"
340,0,0,"MTAS,SCSCF,I:SCSCF,MTAS,T:SCSCF,PCSCF,I:PCSCF,SCSCF,T:PCSCF,SCSCF,R:SCSCF,MTAS,R:MTAS,SCSCF,P:SCSCF,PCSCF,P:PCSCF,SCSCF,P-200:SCSCF,MTAS,P-200:PCSCF,SCSCF,I-200:SCSCF,MTAS,I-200:MTAS,SCSCF,A:SCSCF,PCSCF,A:MTAS,SCSCF,U:SCSCF,PCSCF,U:PCSCF,SCSCF,U-200:SCSCF,MTAS,U-200:MTAS,SCSCF,B:SCSCF,PCSCF,B:PCSCF,SCSCF,B-200:SCSCF,MTAS,B-200"
341,0,0,"GTW,ICSCF,I:ICSCF,GTW,T:SCSCF,ASLI,I:ASLI,SCSCF,T:ASLI,SCSCF,I-500:SCSCF,ASLI,A:SCSCF,MTAS,I:MTAS,SCSCF,T:MTAS,SCSCF,I:SCSCF,MTAS,T:SCSCF,PCSCF,I:PCSCF,SCSCF,T:PCSCF,SCSCF,R:SCSCF,MTAS,R:MTAS,SCSCF,R:ICSCF,GTW,R:GTW,SCSCF,P:SCSCF,MTAS,P:MTAS,SCSCF,P:SCSCF,PCSCF,P:PCSCF,SCSCF,P-200:SCSCF,MTAS,P-200:MTAS,SCSCF,P-200:SCSCF,GTW,P-200:PCSCF,SCSCF,I-200:SCSCF,MTAS,I-200:MTAS,SCSCF,I-200:ICSCF,GTW,I-200:GTW,SCSCF,A:SCSCF,MTAS,A:MTAS,SCSCF,A:SCSCF,PCSCF,A:PCSCF,SCSCF,B:SCSCF,MTAS,B:GTW,SCSCF,B-200"
342,0,0,"GTW,ICSCF,I:ICSCF,GTW,T:SCSCF,ASLI,I:ASLI,SCSCF,T:ASLI,SCSCF,I-500:SCSCF,MTAS,I:MTAS,SCSCF,I:SCSCF,MTAS,T:MTAS,SCSCF,T:SCSCF,PCSCF,I:SCSCF,ASLI,A:PCSCF,SCSCF,T:PCSCF,SCSCF,R:SCSCF,MTAS,R:MTAS,SCSCF,R:ICSCF,GTW,R:GTW,SCSCF,P:SCSCF,MTAS,P:MTAS,SCSCF,P:SCSCF,PCSCF,P:PCSCF,SCSCF,P-200:SCSCF,MTAS,P-200:MTAS,SCSCF,P-200:SCSCF,GTW,P-200:PCSCF,SCSCF,I-200:SCSCF,MTAS,I-200:MTAS,SCSCF,I-200:ICSCF,GTW,I-200:GTW,SCSCF,A:SCSCF,MTAS,A:MTAS,SCSCF,A:SCSCF,PCSCF,A:GTW,SCSCF,B:SCSCF,MTAS,B:MTAS,SCSCF,B:SCSCF,PCSCF,B:PCSCF,SCSCF,B-200:SCSCF,MTAS,B-200:MTAS,SCSCF,B-200:SCSCF,GTW,B-200"
343,0,0,"GTW,ICSCF,I:ICSCF,GTW,T:SCSCF,ASLI,I:ASLI,SCSCF,T:ASLI,SCSCF,I-500:SCSCF,ASLI,A:SCSCF,MTAS,I:MTAS,SCSCF,T:MTAS,SCSCF,I:SCSCF,MTAS,T:SCSCF,PCSCF,I:PCSCF,SCSCF,T:PCSCF,SCSCF,R:SCSCF,MTAS,R:MTAS,SCSCF,R:ICSCF,GTW,R:GTW,SCSCF,P:SCSCF,MTAS,P:MTAS,SCSCF,P:SCSCF,PCSCF,P:PCSCF,SCSCF,P-200:SCSCF,MTAS,P-200:MTAS,SCSCF,P-200:SCSCF,GTW,P-200:PCSCF,SCSCF,I-200:SCSCF,MTAS,I-200:MTAS,SCSCF,I-200:ICSCF,GTW,I-200:GTW,SCSCF,A:SCSCF,MTAS,A:MTAS,SCSCF,A:SCSCF,PCSCF,A:MTAS,SCSCF,U:SCSCF,PCSCF,U:MTAS,SCSCF,U:SCSCF,GTW,U:PCSCF,SCSCF,U-200:SCSCF,MTAS,U-200:GTW,SCSCF,U-200:SCSCF,MTAS,U-200:MTAS,SCSCF,U:SCSCF,PCSCF,U:MTAS,SCSCF,U:SCSCF,GTW,U:PCSCF,SCSCF,U-200:SCSCF,MTAS,U-200:GTW,SCSCF,U-200:SCSCF,MTAS,U-200:GTW,SCSCF,B:SCSCF,MTAS,B:MTAS,SCSCF,B:SCSCF,PCSCF,B:PCSCF,SCSCF,B-200:SCSCF,MTAS,B-200:MTAS,SCSCF,B-200:SCSCF,GTW,B-200"
344,0,0,"PCSCF,SCSCF,I:SCSCF,PCSCF,T:SCSCF,ASLI,I:ASLI,SCSCF,T:ASLI,SCSCF,I-500:SCSCF,ASLI,A:MTAS,SCSCF,I:SCSCF,MTAS,T:SCSCF,GTW,I:GTW,SCSCF,T:GTW,SCSCF,R:SCSCF,MTAS,R:SCSCF,PCSCF,R:PCSCF,SCSCF,P:MTAS,SCSCF,P:SCSCF,GTW,P:GTW,SCSCF,P-200:SCSCF,MTAS,P-200:SCSCF,PCSCF,P-200:PCSCF,SCSCF,C:SCSCF,PCSCF,C-200:MTAS,SCSCF,C:SCSCF,MTAS,C-200:SCSCF,GTW,C:GTW,SCSCF,C-200:SCSCF,MTAS,I-487:MTAS,SCSCF,A:GTW,SCSCF,I-487:SCSCF,GTW,A:SCSCF,PCSCF,I-487:PCSCF,SCSCF,A"
345,0,0,"PCSCF,SCSCF,I:SCSCF,PCSCF,T:SCSCF,PCSCF,I-407:PCSCF,SCSCF,A:PCSCF,SCSCF,I:SCSCF,PCSCF,T:SCSCF,ASLI,I:ASLI,SCSCF,T:ASLI,SCSCF,I-500:SCSCF,ASLI,A:MTAS,SCSCF,I:SCSCF,MTAS,T:SCSCF,GTW,I:GTW,SCSCF,T:GTW,SCSCF,S:SCSCF,MTAS,S:SCSCF,PCSCF,S:PCSCF,SCSCF,P:MTAS,SCSCF,P:SCSCF,GTW,P:GTW,SCSCF,P-200:GTW,SCSCF,S:SCSCF,MTAS,P-200:SCSCF,MTAS,S:SCSCF,PCSCF,P-200:SCSCF,PCSCF,S:PCSCF,SCSCF,P:MTAS,SCSCF,P:SCSCF,GTW,P:GTW,SCSCF,P-200:SCSCF,MTAS,P-200:GTW,SCSCF,R:SCSCF,MTAS,R:SCSCF,PCSCF,P-200:SCSCF,PCSCF,R:PCSCF,SCSCF,P:MTAS,SCSCF,P:SCSCF,GTW,P:GTW,SCSCF,P-200:SCSCF,MTAS,P-200:SCSCF,PCSCF,P-200:PCSCF,SCSCF,C:SCSCF,PCSCF,C-200:MTAS,SCSCF,C:SCSCF,MTAS,C-200:SCSCF,GTW,C:GTW,SCSCF,C-200:GTW,SCSCF,I-487:SCSCF,GTW,A:SCSCF,MTAS,I-487:MTAS,SCSCF,A:SCSCF,PCSCF,I-487:PCSCF,SCSCF,A"
346,0,0,"GTW,ICSCF,I:ICSCF,GTW,T:SCSCF,ASLI,I:ASLI,SCSCF,T:ASLI,SCSCF,I-500:SCSCF,ASLI,A:SCSCF,MTAS,I:MTAS,SCSCF,T:MTAS,SCSCF,I:SCSCF,MTAS,T:SCSCF,PCSCF,I:PCSCF,SCSCF,T:PCSCF,SCSCF,R:SCSCF,MTAS,R:MTAS,SCSCF,R:ICSCF,GTW,R:GTW,SCSCF,P:SCSCF,MTAS,P:MTAS,SCSCF,P:SCSCF,PCSCF,P:PCSCF,SCSCF,P-200:SCSCF,MTAS,P-200:MTAS,SCSCF,P-200:SCSCF,GTW,P-200:GTW,ICSCF,C:ICSCF,GTW,C-200:SCSCF,MTAS,C:MTAS,SCSCF,C:SCSCF,MTAS,C-200:MTAS,SCSCF,C-200:SCSCF,PCSCF,C:PCSCF,SCSCF,C-200:PCSCF,SCSCF,I-487:SCSCF,PCSCF,A:MTAS,SCSCF,I-487:SCSCF,MTAS,A:ICSCF,GTW,I-487:SCSCF,MTAS,I-487:MTAS,SCSCF,A:GTW,ICSCF,A"
347,0,0,"GTW,ICSCF,I:ICSCF,GTW,T:SCSCF,ASLI,I:ASLI,SCSCF,T:ASLI,SCSCF,I-500:SCSCF,ASLI,A:SCSCF,MTAS,I:MTAS,SCSCF,T:MTAS,SCSCF,I:SCSCF,MTAS,T:SCSCF,PCSCF,I:PCSCF,SCSCF,T:PCSCF,SCSCF,R:SCSCF,MTAS,R:MTAS,SCSCF,R:ICSCF,GTW,R:GTW,SCSCF,P:SCSCF,MTAS,P:MTAS,SCSCF,P:SCSCF,PCSCF,P:PCSCF,SCSCF,P-200:SCSCF,MTAS,P-200:MTAS,SCSCF,P-200:SCSCF,GTW,P-200:PCSCF,SCSCF,I-200:SCSCF,MTAS,I-200:MTAS,SCSCF,I-200:ICSCF,GTW,I-200:GTW,SCSCF,A:SCSCF,MTAS,A:MTAS,SCSCF,A:SCSCF,PCSCF,A:MTAS,SCSCF,U:SCSCF,PCSCF,U:PCSCF,SCSCF,U-200:SCSCF,MTAS,U-200:MTAS,SCSCF,U:SCSCF,GTW,U:GTW,SCSCF,U-200:SCSCF,MTAS,U-200:MTAS,SCSCF,U:SCSCF,PCSCF,U:PCSCF,SCSCF,U-200:SCSCF,MTAS,U-200:MTAS,SCSCF,U:SCSCF,GTW,U:GTW,SCSCF,U-200:SCSCF,MTAS,U-200:MTAS,SCSCF,U:SCSCF,PCSCF,U:SCSCF,GTW,U:GTW,SCSCF,U-200:SCSCF,MTAS,U-200:PCSCF,SCSCF,U-200:SCSCF,MTAS,U-200:GTW,SCSCF,B:SCSCF,MTAS,B:MTAS,SCSCF,B:SCSCF,PCSCF,B:PCSCF,SCSCF,B-200:SCSCF,MTAS,B-200:MTAS,SCSCF,B-200:SCSCF,GTW,B-200"
348,0,0,"GTW,ICSCF,I:ICSCF,GTW,T:SCSCF,ASLI,I:ASLI,SCSCF,T:ASLI,SCSCF,I-500:SCSCF,ASLI,A:SCSCF,MTAS,I:MTAS,SCSCF,T:MTAS,SCSCF,I:SCSCF,MTAS,T:SCSCF,PCSCF,I:PCSCF,SCSCF,T:PCSCF,SCSCF,R:SCSCF,MTAS,R:MTAS,SCSCF,R:ICSCF,GTW,R:GTW,SCSCF,P:SCSCF,MTAS,P:MTAS,SCSCF,P:SCSCF,PCSCF,P:PCSCF,SCSCF,P-200:SCSCF,MTAS,P-200:MTAS,SCSCF,P-200:SCSCF,GTW,P-200:PCSCF,SCSCF,I-200:SCSCF,MTAS,I-200:MTAS,SCSCF,I-200:ICSCF,GTW,I-200:GTW,SCSCF,A:SCSCF,MTAS,A:MTAS,SCSCF,A:SCSCF,PCSCF,A:MTAS,SCSCF,U:SCSCF,PCSCF,U:SCSCF,GTW,U:GTW,SCSCF,U-200:SCSCF,MTAS,U-200:PCSCF,SCSCF,U-200:SCSCF,MTAS,U-200:MTAS,SCSCF,U:SCSCF,GTW,U:SCSCF,PCSCF,U:GTW,SCSCF,U-200:SCSCF,MTAS,U-200:PCSCF,SCSCF,U-200:SCSCF,MTAS,U-200:PCSCF,SCSCF,B:SCSCF,MTAS,B:GTW,SCSCF,B:MTAS,SCSCF,B:SCSCF,GTW,B:SCSCF,MTAS,B:MTAS,SCSCF,B-200:SCSCF,GTW,B-200:GTW,SCSCF,B-200:SCSCF,MTAS,B-200:MTAS,SCSCF,B-200:SCSCF,PCSCF,B-200"
349,0,0,"GTW,ICSCF,I:ICSCF,GTW,T:SCSCF,ASLI,I:ASLI,SCSCF,T:ASLI,SCSCF,I-500:SCSCF,ASLI,A:SCSCF,MTAS,I:MTAS,SCSCF,T:MTAS,SCSCF,I:SCSCF,MTAS,T:SCSCF,PCSCF,I:PCSCF,SCSCF,T:PCSCF,SCSCF,R:SCSCF,MTAS,R:ICSCF,GTW,R:GTW,SCSCF,P:MTAS,SCSCF,R:SCSCF,MTAS,P:MTAS,SCSCF,P:SCSCF,PCSCF,P:PCSCF,SCSCF,P-200:SCSCF,MTAS,P-200:MTAS,SCSCF,P-200:SCSCF,GTW,P-200:SCSCF,MTAS,I-200:PCSCF,SCSCF,I-200:MTAS,SCSCF,I-200:ICSCF,GTW,I-200:GTW,SCSCF,A:SCSCF,MTAS,A:MTAS,SCSCF,A:SCSCF,PCSCF,A:PCSCF,SCSCF,B:SCSCF,MTAS,B:MTAS,SCSCF,B:SCSCF,GTW,B:GTW,SCSCF,B-200:SCSCF,MTAS,B-200:MTAS,SCSCF,B-200:SCSCF,PCSCF,B-200"
350,0,0,"GTW,ICSCF,I:ICSCF,GTW,T:SCSCF,ASLI,I:ASLI,SCSCF,T:ASLI,SCSCF,I-500:SCSCF,ASLI,A:SCSCF,MTAS,I:MTAS,SCSCF,T:MTAS,SCSCF,I:SCSCF,MTAS,T:SCSCF,PCSCF,I:PCSCF,SCSCF,T:PCSCF,SCSCF,R:SCSCF,MTAS,R:MTAS,SCSCF,R:ICSCF,GTW,R:GTW,SCSCF,P:SCSCF,MTAS,P:MTAS,SCSCF,P:SCSCF,PCSCF,P:PCSCF,SCSCF,P-200:SCSCF,MTAS,P-200:MTAS,SCSCF,P-200:SCSCF,GTW,P-200:GTW,ICSCF,C:ICSCF,GTW,C-200:SCSCF,MTAS,C:MTAS,SCSCF,C:SCSCF,MTAS,C-200:SCSCF,PCSCF,C:PCSCF,SCSCF,C-200:MTAS,SCSCF,C-200:PCSCF,SCSCF,I-487:SCSCF,MTAS,I-487:MTAS,SCSCF,A:MTAS,SCSCF,I-487:ICSCF,GTW,I-487:GTW,ICSCF,A:SCSCF,PCSCF,A:SCSCF,MTAS,A"
351,0,0,"PCSCF,SCSCF,I:SCSCF,ASLI,I:ASLI,SCSCF,T:ASLI,SCSCF,I-500:SCSCF,ASLI,A:SCSCF,PCSCF,T:MTAS,SCSCF,I:SCSCF,MTAS,T:SCSCF,GTW,I:GTW,SCSCF,T:GTW,SCSCF,R:SCSCF,MTAS,R:SCSCF,PCSCF,R:PCSCF,SCSCF,P:SCSCF,MTAS,P:MTAS,SCSCF,P:SCSCF,GTW,P:GTW,SCSCF,P-200:SCSCF,MTAS,P-200:MTAS,SCSCF,P-200:SCSCF,PCSCF,P-200:GTW,SCSCF,I-200:SCSCF,MTAS,I-200:SCSCF,PCSCF,I-200:SCSCF,MTAS,A:MTAS,SCSCF,A:SCSCF,GTW,A:PCSCF,SCSCF,A:PCSCF,SCSCF,B:SCSCF,MTAS,B:MTAS,SCSCF,B:SCSCF,GTW,B:GTW,SCSCF,B-200:SCSCF,MTAS,B-200:MTAS,SCSCF,B-200:SCSCF,PCSCF,B-200"
352,0,0,"GTW,ICSCF,I:ICSCF,GTW,T:SCSCF,ASLI,I:ASLI,SCSCF,T:ASLI,SCSCF,I-500:SCSCF,MTAS,I:MTAS,SCSCF,T:MTAS,SCSCF,I:SCSCF,MTAS,T:SCSCF,ASLI,A:MTAS,SCSCF,W:ICSCF,GTW,W:SCSCF,GTW,I:GTW,SCSCF,T:GTW,SCSCF,S:SCSCF,MTAS,S:MTAS,SCSCF,S:ICSCF,GTW,S:GTW,SCSCF,P:SCSCF,MTAS,P:MTAS,SCSCF,P:SCSCF,GTW,P:GTW,SCSCF,P-200:SCSCF,MTAS,P-200:MTAS,SCSCF,P-200:SCSCF,GTW,P-200:GTW,SCSCF,R:SCSCF,MTAS,R:MTAS,SCSCF,R:ICSCF,GTW,R:GTW,SCSCF,P:SCSCF,MTAS,P:MTAS,SCSCF,P:SCSCF,GTW,P:GTW,SCSCF,P-200:SCSCF,MTAS,P-200:MTAS,SCSCF,P-200:SCSCF,GTW,P-200:GTW,SCSCF,I-200:SCSCF,MTAS,I-200:MTAS,SCSCF,I-200:ICSCF,GTW,I-200:GTW,SCSCF,A:SCSCF,MTAS,A:MTAS,SCSCF,A:SCSCF,GTW,A:GTW,SCSCF,B:SCSCF,MTAS,B:MTAS,SCSCF,B:SCSCF,GTW,B:GTW,SCSCF,B-200:SCSCF,MTAS,B-200:MTAS,SCSCF,B-200:SCSCF,GTW,B-200"
353,0,0,"PCSCF,SCSCF,I:SCSCF,PCSCF,T:SCSCF,ASLI,I:ASLI,SCSCF,T:ASLI,SCSCF,I-500:SCSCF,ASLI,A:MTAS,SCSCF,I:SCSCF,MTAS,T:SCSCF,GTW,I:GTW,SCSCF,T:GTW,SCSCF,R:SCSCF,MTAS,R:SCSCF,PCSCF,R:PCSCF,SCSCF,P:SCSCF,MTAS,P:MTAS,SCSCF,P:SCSCF,GTW,P:GTW,SCSCF,P-200:SCSCF,MTAS,P-200:MTAS,SCSCF,P-200:SCSCF,PCSCF,P-200:GTW,SCSCF,I-200:SCSCF,MTAS,I-200:SCSCF,PCSCF,I-200:PCSCF,SCSCF,A:SCSCF,MTAS,A:MTAS,SCSCF,A:SCSCF,GTW,A:MTAS,SCSCF,U:SCSCF,GTW,U:SCSCF,PCSCF,U:GTW,SCSCF,U-200:SCSCF,MTAS,U-200:PCSCF,SCSCF,U-200:SCSCF,MTAS,U-200:PCSCF,SCSCF,B:SCSCF,MTAS,B:MTAS,SCSCF,B:SCSCF,GTW,B:GTW,SCSCF,B-200:SCSCF,MTAS,B-200:MTAS,SCSCF,B-200:SCSCF,PCSCF,B-200"
354,0,0,"GTW,ICSCF,I:ICSCF,GTW,T:SCSCF,ASLI,I:ASLI,SCSCF,T:ASLI,SCSCF,I-500:SCSCF,ASLI,A:SCSCF,MTAS,I:MTAS,SCSCF,I-486:SCSCF,MTAS,A:ICSCF,GTW,I-486:GTW,ICSCF,A"
355,0,0,"GTW,ICSCF,I:ICSCF,GTW,T:SCSCF,ASLI,I:ASLI,SCSCF,T:ASLI,SCSCF,I-500:SCSCF,MTAS,I:SCSCF,ASLI,A:MTAS,SCSCF,T:MTAS,SCSCF,I:SCSCF,MTAS,T:SCSCF,PCSCF,I:PCSCF,SCSCF,T:PCSCF,SCSCF,R:SCSCF,MTAS,R:MTAS,SCSCF,R:ICSCF,GTW,R:GTW,SCSCF,P:SCSCF,MTAS,P:MTAS,SCSCF,P:SCSCF,PCSCF,P:PCSCF,SCSCF,P-200:SCSCF,MTAS,P-200:MTAS,SCSCF,P-200:SCSCF,GTW,P-200:PCSCF,SCSCF,I-200:SCSCF,MTAS,I-200:MTAS,SCSCF,I-200:ICSCF,GTW,I-200:SCSCF,MTAS,A:GTW,SCSCF,A:MTAS,SCSCF,A:SCSCF,PCSCF,A:GTW,SCSCF,I:SCSCF,GTW,T:SCSCF,MTAS,I:MTAS,SCSCF,I:MTAS,SCSCF,T:SCSCF,MTAS,T:SCSCF,PCSCF,I:PCSCF,SCSCF,I-200:SCSCF,MTAS,I-200:MTAS,SCSCF,I-200:SCSCF,GTW,I-200:GTW,SCSCF,A:SCSCF,MTAS,A:MTAS,SCSCF,A:SCSCF,PCSCF,A:PCSCF,SCSCF,B:SCSCF,MTAS,B:MTAS,SCSCF,B:SCSCF,GTW,B:GTW,SCSCF,B-200:SCSCF,MTAS,B-200:MTAS,SCSCF,B-200:SCSCF,PCSCF,B-200"
356,0,0,"PCSCF,SCSCF,I:SCSCF,PCSCF,T:SCSCF,PCSCF,I-407:PCSCF,SCSCF,A:PCSCF,SCSCF,I:SCSCF,ASLI,I:ASLI,SCSCF,T:SCSCF,PCSCF,T:ASLI,SCSCF,I-500:SCSCF,ASLI,A:MTAS,SCSCF,I:SCSCF,MTAS,T:SCSCF,GTW,I:GTW,SCSCF,T:GTW,SCSCF,S:SCSCF,MTAS,S:SCSCF,PCSCF,S:PCSCF,SCSCF,P:MTAS,SCSCF,P:SCSCF,GTW,P:GTW,SCSCF,P-200:SCSCF,MTAS,P-200:SCSCF,PCSCF,P-200:GTW,SCSCF,R:SCSCF,MTAS,R:SCSCF,PCSCF,R:PCSCF,SCSCF,P:MTAS,SCSCF,P:SCSCF,GTW,P:GTW,SCSCF,P-200:SCSCF,MTAS,P-200:SCSCF,PCSCF,P-200:GTW,SCSCF,W:SCSCF,MTAS,W:SCSCF,PCSCF,W:PCSCF,SCSCF,P:MTAS,SCSCF,P:SCSCF,GTW,P:GTW,SCSCF,P-200:SCSCF,MTAS,P-200:GTW,SCSCF,I-486:SCSCF,GTW,A:SCSCF,MTAS,I-486:MTAS,SCSCF,A:SCSCF,PCSCF,P-200:SCSCF,PCSCF,I-486:PCSCF,SCSCF,A"
357,0,0,"GTW,ICSCF,I:ICSCF,GTW,T:SCSCF,ASLI,I:ASLI,SCSCF,T:ASLI,SCSCF,I-500:SCSCF,ASLI,A:SCSCF,MTAS,I:MTAS,SCSCF,T:MTAS,SCSCF,I:SCSCF,MTAS,T:SCSCF,PCSCF,I:PCSCF,SCSCF,T:PCSCF,SCSCF,R:SCSCF,MTAS,R:MTAS,SCSCF,R:ICSCF,GTW,R:GTW,SCSCF,P:SCSCF,MTAS,P:MTAS,SCSCF,P:SCSCF,PCSCF,P:PCSCF,SCSCF,P-200:SCSCF,MTAS,P-200:MTAS,SCSCF,P-200:SCSCF,GTW,P-200:PCSCF,SCSCF,I-200:SCSCF,MTAS,I-200:MTAS,SCSCF,I-200:ICSCF,GTW,I-200:GTW,SCSCF,A:SCSCF,MTAS,A:MTAS,SCSCF,A:SCSCF,PCSCF,A:GTW,SCSCF,B:SCSCF,MTAS,B:MTAS,SCSCF,B:SCSCF,PCSCF,B:SCSCF,MTAS,B-200:MTAS,SCSCF,B-200:SCSCF,GTW,B-200:PCSCF,SCSCF,B-200"
358,0,0,"PCSCF,SCSCF,I:SCSCF,PCSCF,T:SCSCF,ASLI,I:ASLI,SCSCF,T:ASLI,SCSCF,I-500:SCSCF,ASLI,A:MTAS,SCSCF,I:SCSCF,MTAS,T:SCSCF,GTW,I:GTW,SCSCF,T:GTW,SCSCF,S:SCSCF,MTAS,S:SCSCF,PCSCF,S:PCSCF,SCSCF,P:SCSCF,MTAS,P:MTAS,SCSCF,P:SCSCF,GTW,P:GTW,SCSCF,P-200:GTW,SCSCF,S:SCSCF,MTAS,S:SCSCF,MTAS,P-200:MTAS,SCSCF,P-200:SCSCF,PCSCF,P-200:SCSCF,PCSCF,S:PCSCF,SCSCF,P:SCSCF,MTAS,P:MTAS,SCSCF,P:SCSCF,GTW,P:GTW,SCSCF,P-200:GTW,SCSCF,S:SCSCF,MTAS,P-200:SCSCF,MTAS,S:SCSCF,PCSCF,P-200:MTAS,SCSCF,P-200:SCSCF,PCSCF,S:PCSCF,SCSCF,P:SCSCF,MTAS,P:MTAS,SCSCF,P:SCSCF,GTW,P:GTW,SCSCF,P-200:GTW,SCSCF,R:SCSCF,MTAS,P-200:SCSCF,MTAS,R:SCSCF,PCSCF,P-200:MTAS,SCSCF,P-200:SCSCF,PCSCF,R:PCSCF,SCSCF,P:SCSCF,MTAS,P:MTAS,SCSCF,P:SCSCF,GTW,P:GTW,SCSCF,P-200:SCSCF,MTAS,P-200:MTAS,SCSCF,P-200:SCSCF,PCSCF,P-200:GTW,SCSCF,I-200:SCSCF,MTAS,I-200:SCSCF,PCSCF,I-200:PCSCF,SCSCF,A:SCSCF,MTAS,A:MTAS,SCSCF,A:SCSCF,GTW,A:GTW,SCSCF,B:MTAS,SCSCF,B:SCSCF,PCSCF,B:PCSCF,SCSCF,B-200:SCSCF,MTAS,B-200:SCSCF,GTW,B-200"
359,0,0,"PCSCF,SCSCF,I:SCSCF,PCSCF,T:SCSCF,ASLI,I:ASLI,SCSCF,T:ASLI,SCSCF,I-500:SCSCF,ASLI,A:MTAS,SCSCF,I:SCSCF,MTAS,T:SCSCF,GTW,I:GTW,SCSCF,T:GTW,SCSCF,S:SCSCF,MTAS,S:SCSCF,PCSCF,S:PCSCF,SCSCF,P:SCSCF,MTAS,P:MTAS,SCSCF,P:SCSCF,GTW,P:GTW,SCSCF,P-200:SCSCF,MTAS,P-200:MTAS,SCSCF,P-200:SCSCF,PCSCF,P-200:GTW,SCSCF,R:SCSCF,MTAS,R:SCSCF,PCSCF,R:PCSCF,SCSCF,P:SCSCF,MTAS,P:MTAS,SCSCF,P:SCSCF,GTW,P:GTW,SCSCF,P-200:SCSCF,MTAS,P-200:GTW,SCSCF,I-200:MTAS,SCSCF,P-200:SCSCF,MTAS,I-200:SCSCF,PCSCF,P-200:SCSCF,PCSCF,I-200:PCSCF,SCSCF,A:SCSCF,MTAS,A:MTAS,SCSCF,A:SCSCF,GTW,A:GTW,SCSCF,I:SCSCF,GTW,T:MTAS,SCSCF,I:SCSCF,MTAS,T:SCSCF,PCSCF,I:PCSCF,SCSCF,I-200:SCSCF,MTAS,I-200:SCSCF,GTW,I-200:GTW,SCSCF,A:MTAS,SCSCF,A:SCSCF,PCSCF,A:GTW,SCSCF,B:MTAS,SCSCF,B:SCSCF,PCSCF,B:PCSCF,SCSCF,B-200:SCSCF,MTAS,B-200:SCSCF,GTW,B-200"
360,0,0,"GTW,ICSCF,I:ICSCF,GTW,T:SCSCF,ASLI,I:ASLI,SCSCF,T:ASLI,SCSCF,I-500:SCSCF,ASLI,A:SCSCF,MTAS,I:MTAS,SCSCF,T:MTAS,SCSCF,I:SCSCF,MTAS,T:SCSCF,PCSCF,I:PCSCF,SCSCF,T:SCSCF,MTAS,R:MTAS,SCSCF,R:ICSCF,GTW,R:GTW,SCSCF,P:PCSCF,SCSCF,R:SCSCF,MTAS,P:MTAS,SCSCF,P:SCSCF,PCSCF,P:SCSCF,MTAS,P-200:MTAS,SCSCF,P-200:SCSCF,GTW,P-200:PCSCF,SCSCF,P-200:SCSCF,MTAS,I-200:MTAS,SCSCF,I-200:PCSCF,SCSCF,I-200:ICSCF,GTW,I-200:GTW,SCSCF,A:SCSCF,MTAS,A:MTAS,SCSCF,A:SCSCF,PCSCF,A:MTAS,SCSCF,U:SCSCF,PCSCF,U:SCSCF,GTW,U:GTW,SCSCF,U-200:SCSCF,MTAS,U-200:PCSCF,SCSCF,U-200:SCSCF,MTAS,U-200:MTAS,SCSCF,U:SCSCF,GTW,U:GTW,SCSCF,U-200:SCSCF,MTAS,U-200:MTAS,SCSCF,U:SCSCF,PCSCF,U:PCSCF,SCSCF,U-200:SCSCF,MTAS,U-200:PCSCF,SCSCF,B:SCSCF,MTAS,B:MTAS,SCSCF,B:SCSCF,GTW,B:GTW,SCSCF,B-200:SCSCF,MTAS,B-200:MTAS,SCSCF,B-200:SCSCF,PCSCF,B-200"
361,0,0,"MTAS,SCSCF,I:SCSCF,MTAS,T:SCSCF,GTW,I:GTW,SCSCF,T:GTW,SCSCF,R:SCSCF,MTAS,R:MTAS,SCSCF,P:SCSCF,GTW,P:GTW,SCSCF,P-200:SCSCF,MTAS,P-200:GTW,SCSCF,I-200:SCSCF,MTAS,I-200:MTAS,SCSCF,A:SCSCF,GTW,A:MTAS,SCSCF,U:SCSCF,GTW,U:GTW,SCSCF,U-200:SCSCF,MTAS,U-200:MTAS,SCSCF,B:SCSCF,GTW,B:GTW,SCSCF,B-200:SCSCF,MTAS,B-200"
362,0,0,"PCSCF,SCSCF,I:SCSCF,PCSCF,T:SCSCF,ASLI,I:ASLI,SCSCF,T:ASLI,SCSCF,I-500:SCSCF,ASLI,A:MTAS,SCSCF,I:SCSCF,MTAS,T:SCSCF,GTW,I:GTW,SCSCF,T:GTW,SCSCF,S:SCSCF,MTAS,S:SCSCF,PCSCF,S:PCSCF,SCSCF,P:SCSCF,MTAS,P:MTAS,SCSCF,P:SCSCF,GTW,P:GTW,SCSCF,P-200:GTW,SCSCF,S:SCSCF,MTAS,S:SCSCF,MTAS,P-200:MTAS,SCSCF,P-200:SCSCF,PCSCF,P-200:SCSCF,PCSCF,S:PCSCF,SCSCF,P:SCSCF,MTAS,P:MTAS,SCSCF,P:SCSCF,GTW,P:GTW,SCSCF,P-200:GTW,SCSCF,S:SCSCF,MTAS,S:SCSCF,MTAS,P-200:MTAS,SCSCF,P-200:SCSCF,PCSCF,P-200:SCSCF,PCSCF,S:PCSCF,SCSCF,P:SCSCF,MTAS,P:MTAS,SCSCF,P:SCSCF,GTW,P:GTW,SCSCF,P-200:SCSCF,MTAS,P-200:MTAS,SCSCF,P-200:SCSCF,PCSCF,P-200:GTW,SCSCF,R:SCSCF,MTAS,R:SCSCF,PCSCF,R:PCSCF,SCSCF,P:SCSCF,MTAS,P:MTAS,SCSCF,P:SCSCF,GTW,P:GTW,SCSCF,P-200:SCSCF,MTAS,P-200:MTAS,SCSCF,P-200:SCSCF,PCSCF,P-200:GTW,SCSCF,S:SCSCF,MTAS,S:SCSCF,PCSCF,S:PCSCF,SCSCF,P:SCSCF,MTAS,P:MTAS,SCSCF,P:SCSCF,GTW,P:GTW,SCSCF,P-200:SCSCF,MTAS,P-200:MTAS,SCSCF,P-200:SCSCF,PCSCF,P-200:GTW,SCSCF,S:SCSCF,MTAS,S:SCSCF,PCSCF,S:PCSCF,SCSCF,P:SCSCF,MTAS,P:MTAS,SCSCF,P:SCSCF,GTW,P:GTW,SCSCF,P-200:SCSCF,MTAS,P-200:MTAS,SCSCF,P-200:SCSCF,PCSCF,P-200:GTW,SCSCF,S:SCSCF,MTAS,S:SCSCF,PCSCF,S:PCSCF,SCSCF,P:SCSCF,MTAS,P:MTAS,SCSCF,P:SCSCF,GTW,P:GTW,SCSCF,P-200:SCSCF,MTAS,P-200:MTAS,SCSCF,P-200:SCSCF,PCSCF,P-200:GTW,SCSCF,I-200:SCSCF,MTAS,I-200:SCSCF,PCSCF,I-200:PCSCF,SCSCF,A:SCSCF,MTAS,A:MTAS,SCSCF,A:SCSCF,GTW,A:PCSCF,SCSCF,B:SCSCF,MTAS,B:MTAS,SCSCF,B:SCSCF,GTW,B:GTW,SCSCF,B-200:SCSCF,MTAS,B-200:MTAS,SCSCF,B-200:SCSCF,PCSCF,B-200"
363,0,0,"PCSCF,SCSCF,I:SCSCF,ASLI,I:ASLI,SCSCF,T:ASLI,SCSCF,I-500:SCSCF,ASLI,A:SCSCF,PCSCF,T:MTAS,SCSCF,I:SCSCF,MTAS,T:SCSCF,GTW,I:GTW,SCSCF,T:GTW,SCSCF,S:SCSCF,MTAS,S:SCSCF,PCSCF,S:PCSCF,SCSCF,P:MTAS,SCSCF,P:SCSCF,GTW,P:GTW,SCSCF,P-200:SCSCF,MTAS,P-200:SCSCF,PCSCF,P-200:PCSCF,SCSCF,C:SCSCF,PCSCF,C-200:MTAS,SCSCF,C:SCSCF,MTAS,C-200:SCSCF,GTW,C:GTW,SCSCF,C-200:GTW,SCSCF,I-487:SCSCF,GTW,A:SCSCF,MTAS,I-487:MTAS,SCSCF,A:SCSCF,PCSCF,I-487:PCSCF,SCSCF,A"
364,0,0,"PCSCF,SCSCF,I:SCSCF,PCSCF,T:SCSCF,ASLI,I:ASLI,SCSCF,T:ASLI,SCSCF,I-500:SCSCF,ASLI,A:MTAS,SCSCF,I:SCSCF,MTAS,T:SCSCF,GTW,I:GTW,SCSCF,T:GTW,SCSCF,S:SCSCF,MTAS,S:SCSCF,PCSCF,S:PCSCF,SCSCF,P:MTAS,SCSCF,P:SCSCF,GTW,P:GTW,SCSCF,P-200:SCSCF,MTAS,P-200:SCSCF,PCSCF,P-200:GTW,SCSCF,S:SCSCF,MTAS,S:SCSCF,PCSCF,S:PCSCF,SCSCF,P:MTAS,SCSCF,P:SCSCF,GTW,P:GTW,SCSCF,P-200:SCSCF,MTAS,P-200:SCSCF,PCSCF,P-200:GTW,SCSCF,S:SCSCF,MTAS,S:SCSCF,PCSCF,S:PCSCF,SCSCF,P:MTAS,SCSCF,P:SCSCF,GTW,P:GTW,SCSCF,P-200:SCSCF,MTAS,P-200:GTW,SCSCF,R:SCSCF,MTAS,R:SCSCF,PCSCF,P-200:SCSCF,PCSCF,R:PCSCF,SCSCF,P:MTAS,SCSCF,P:SCSCF,GTW,P:GTW,SCSCF,P-200:SCSCF,MTAS,P-200:SCSCF,PCSCF,P-200:PCSCF,SCSCF,C:SCSCF,PCSCF,C-200:MTAS,SCSCF,C:SCSCF,MTAS,C-200:SCSCF,GTW,C:GTW,SCSCF,C-200:GTW,SCSCF,I-487:SCSCF,GTW,A:SCSCF,MTAS,I-487:MTAS,SCSCF,A:SCSCF,PCSCF,I-487:PCSCF,SCSCF,A"
365,0,0,"PCSCF,SCSCF,I:SCSCF,PCSCF,T:SCSCF,ASLI,I:ASLI,SCSCF,T:ASLI,SCSCF,I-500:SCSCF,ASLI,A:MTAS,SCSCF,I:SCSCF,MTAS,T:SCSCF,GTW,I:GTW,SCSCF,T:GTW,SCSCF,S:SCSCF,MTAS,S:SCSCF,PCSCF,S:PCSCF,SCSCF,P:SCSCF,MTAS,P:MTAS,SCSCF,P:SCSCF,GTW,P:GTW,SCSCF,P-200:GTW,SCSCF,S:SCSCF,MTAS,P-200:SCSCF,MTAS,S:MTAS,SCSCF,P-200:SCSCF,PCSCF,P-200:SCSCF,PCSCF,S:PCSCF,SCSCF,P:SCSCF,MTAS,P:MTAS,SCSCF,P:SCSCF,GTW,P:GTW,SCSCF,P-200:SCSCF,MTAS,P-200:MTAS,SCSCF,P-200:SCSCF,PCSCF,P-200:GTW,SCSCF,R:SCSCF,MTAS,R:SCSCF,PCSCF,R:PCSCF,SCSCF,P:SCSCF,MTAS,P:MTAS,SCSCF,P:SCSCF,GTW,P:GTW,SCSCF,P-200:SCSCF,MTAS,P-200:MTAS,SCSCF,P-200:SCSCF,PCSCF,P-200:GTW,SCSCF,I-200:SCSCF,MTAS,I-200:SCSCF,PCSCF,I-200:PCSCF,SCSCF,A:SCSCF,MTAS,A:MTAS,SCSCF,A:SCSCF,GTW,A:GTW,SCSCF,I:SCSCF,GTW,T:MTAS,SCSCF,I:SCSCF,MTAS,T:SCSCF,PCSCF,I:PCSCF,SCSCF,I-200:SCSCF,MTAS,I-200:SCSCF,GTW,I-200:GTW,SCSCF,A:MTAS,SCSCF,A:SCSCF,PCSCF,A:PCSCF,SCSCF,B:SCSCF,MTAS,B:MTAS,SCSCF,B:SCSCF,GTW,B:GTW,SCSCF,B-200:SCSCF,MTAS,B-200:MTAS,SCSCF,B-200:SCSCF,PCSCF,B-200"
366,0,0,"GTW,ICSCF,I:ICSCF,GTW,T:SCSCF,ASLI,I:ASLI,SCSCF,T:ASLI,SCSCF,I-500:SCSCF,ASLI,A:SCSCF,MTAS,I:MTAS,SCSCF,T:MTAS,SCSCF,I:SCSCF,MTAS,T:SCSCF,PCSCF,I:PCSCF,SCSCF,T:PCSCF,SCSCF,R:SCSCF,MTAS,R:MTAS,SCSCF,R:ICSCF,GTW,R:GTW,SCSCF,P:SCSCF,MTAS,P:MTAS,SCSCF,P:SCSCF,PCSCF,P:PCSCF,SCSCF,P-200:SCSCF,MTAS,P-200:MTAS,SCSCF,P-200:SCSCF,GTW,P-200:PCSCF,SCSCF,I-200:SCSCF,MTAS,I-200:MTAS,SCSCF,I-200:ICSCF,GTW,I-200:GTW,SCSCF,A:SCSCF,MTAS,A:MTAS,SCSCF,A:SCSCF,PCSCF,A:GTW,SCSCF,I:SCSCF,GTW,T:SCSCF,MTAS,I:MTAS,SCSCF,T:MTAS,SCSCF,I:SCSCF,MTAS,T:SCSCF,PCSCF,I:SCSCF,MTAS,I-200:MTAS,SCSCF,I-200:PCSCF,SCSCF,I-200:SCSCF,GTW,I-200:GTW,SCSCF,A:SCSCF,MTAS,A:MTAS,SCSCF,A:SCSCF,PCSCF,A:GTW,SCSCF,B:SCSCF,MTAS,B:MTAS,SCSCF,B:SCSCF,PCSCF,B:PCSCF,SCSCF,B-200:SCSCF,MTAS,B-200:MTAS,SCSCF,B-200:SCSCF,GTW,B-200"
367,0,0,"PCSCF,SCSCF,I:SCSCF,PCSCF,T:SCSCF,ASLI,I:ASLI,SCSCF,T:ASLI,SCSCF,I-500:SCSCF,ASLI,A:MTAS,SCSCF,I:SCSCF,MTAS,T:SCSCF,GTW,I:GTW,SCSCF,T:GTW,SCSCF,S:SCSCF,MTAS,S:SCSCF,PCSCF,S:PCSCF,SCSCF,P:SCSCF,MTAS,P:MTAS,SCSCF,P:SCSCF,GTW,P:GTW,SCSCF,P-200:GTW,SCSCF,S:SCSCF,MTAS,P-200:SCSCF,MTAS,S:MTAS,SCSCF,P-200:SCSCF,PCSCF,P-200:SCSCF,PCSCF,S:PCSCF,SCSCF,P:SCSCF,MTAS,P:MTAS,SCSCF,P:SCSCF,GTW,P:GTW,SCSCF,P-200:GTW,SCSCF,S:SCSCF,MTAS,P-200:SCSCF,MTAS,S:MTAS,SCSCF,P-200:SCSCF,PCSCF,P-200:SCSCF,PCSCF,S:PCSCF,SCSCF,P:SCSCF,MTAS,P:MTAS,SCSCF,P:SCSCF,GTW,P:GTW,SCSCF,P-200:GTW,SCSCF,R:SCSCF,MTAS,P-200:SCSCF,MTAS,R:MTAS,SCSCF,P-200:SCSCF,PCSCF,P-200:SCSCF,PCSCF,R:PCSCF,SCSCF,P:SCSCF,MTAS,P:MTAS,SCSCF,P:SCSCF,GTW,P:GTW,SCSCF,P-200:SCSCF,MTAS,P-200:MTAS,SCSCF,P-200:SCSCF,PCSCF,P-200:GTW,SCSCF,I-200:SCSCF,MTAS,I-200:SCSCF,PCSCF,I-200:PCSCF,SCSCF,A:SCSCF,MTAS,A:MTAS,SCSCF,A:SCSCF,GTW,A:PCSCF,SCSCF,B:SCSCF,MTAS,B:MTAS,SCSCF,B:SCSCF,GTW,B:GTW,SCSCF,B-200:SCSCF,MTAS,B-200:MTAS,SCSCF,B-200:SCSCF,PCSCF,B-200"
368,0,0,"GTW,ICSCF,I:ICSCF,GTW,T:SCSCF,ASLI,I:ASLI,SCSCF,T:ASLI,SCSCF,I-500:SCSCF,ASLI,A:SCSCF,MTAS,I:MTAS,SCSCF,T:MTAS,SCSCF,I:SCSCF,MTAS,T:SCSCF,GTW,I:MTAS,SCSCF,W:ICSCF,GTW,W:GTW,SCSCF,T:GTW,SCSCF,I-486:SCSCF,GTW,A:SCSCF,MTAS,I-486:MTAS,SCSCF,A:MTAS,SCSCF,I-486:SCSCF,MTAS,A:ICSCF,GTW,I-486:GTW,ICSCF,A"
369,0,0,"PCSCF,SCSCF,I:SCSCF,PCSCF,T:SCSCF,ASLI,I:ASLI,SCSCF,T:ASLI,SCSCF,I-500:SCSCF,ASLI,A:MTAS,SCSCF,I:SCSCF,MTAS,T:SCSCF,GTW,I:GTW,SCSCF,T:GTW,SCSCF,S:SCSCF,MTAS,S:SCSCF,PCSCF,S:GTW,SCSCF,S:SCSCF,MTAS,S:PCSCF,SCSCF,P:SCSCF,MTAS,P:MTAS,SCSCF,P:SCSCF,GTW,P:GTW,SCSCF,P-200:GTW,SCSCF,S:SCSCF,MTAS,P-200:SCSCF,MTAS,S:MTAS,SCSCF,P-200:SCSCF,PCSCF,P-200:SCSCF,PCSCF,S:PCSCF,SCSCF,P:SCSCF,MTAS,P:MTAS,SCSCF,P:SCSCF,GTW,P:GTW,SCSCF,P-200:SCSCF,MTAS,P-200:MTAS,SCSCF,P-200:SCSCF,PCSCF,P-200:GTW,SCSCF,R:SCSCF,MTAS,R:SCSCF,PCSCF,R:PCSCF,SCSCF,P:SCSCF,MTAS,P:MTAS,SCSCF,P:SCSCF,GTW,P:GTW,SCSCF,P-200:SCSCF,MTAS,P-200:MTAS,SCSCF,P-200:SCSCF,PCSCF,P-200:PCSCF,SCSCF,C:SCSCF,PCSCF,C-200:MTAS,SCSCF,C:SCSCF,MTAS,C-200:SCSCF,GTW,C:GTW,SCSCF,C-200:GTW,SCSCF,I-487:SCSCF,GTW,A:SCSCF,MTAS,I-487:MTAS,SCSCF,A:SCSCF,PCSCF,I-487:PCSCF,SCSCF,A"
370,0,0,"GTW,ICSCF,I:ICSCF,GTW,T:SCSCF,ASLI,I:ASLI,SCSCF,T:ASLI,SCSCF,I-500:SCSCF,ASLI,A:SCSCF,MTAS,I:MTAS,SCSCF,T:MTAS,SCSCF,I:SCSCF,MTAS,T:SCSCF,PCSCF,I:PCSCF,SCSCF,T:PCSCF,SCSCF,R:SCSCF,MTAS,R:MTAS,SCSCF,R:ICSCF,GTW,R:GTW,SCSCF,P:SCSCF,MTAS,P:MTAS,SCSCF,P:SCSCF,PCSCF,P:PCSCF,SCSCF,P-200:SCSCF,MTAS,P-200:MTAS,SCSCF,P-200:SCSCF,GTW,P-200:PCSCF,SCSCF,I-200:SCSCF,MTAS,I-200:MTAS,SCSCF,I-200:ICSCF,GTW,I-200:GTW,SCSCF,A:SCSCF,MTAS,A:MTAS,SCSCF,A:SCSCF,PCSCF,A:GTW,SCSCF,I:SCSCF,GTW,T:SCSCF,MTAS,I:MTAS,SCSCF,I:MTAS,SCSCF,T:SCSCF,MTAS,T:SCSCF,PCSCF,I:PCSCF,SCSCF,I-200:SCSCF,MTAS,I-200:MTAS,SCSCF,I-200:SCSCF,GTW,I-200:GTW,SCSCF,A:SCSCF,MTAS,A:MTAS,SCSCF,A:SCSCF,PCSCF,A:PCSCF,SCSCF,I:SCSCF,PCSCF,T:SCSCF,PCSCF,I-407:PCSCF,SCSCF,A:PCSCF,SCSCF,I:SCSCF,MTAS,I:MTAS,SCSCF,T:MTAS,SCSCF,I:SCSCF,MTAS,T:SCSCF,GTW,I:GTW,SCSCF,T:SCSCF,PCSCF,T:GTW,SCSCF,I-200:SCSCF,MTAS,I-200:MTAS,SCSCF,I-200:SCSCF,PCSCF,I-200:PCSCF,SCSCF,A:SCSCF,MTAS,A:MTAS,SCSCF,A:SCSCF,GTW,A:PCSCF,SCSCF,A:SCSCF,MTAS,A:GTW,SCSCF,B:SCSCF,MTAS,B:MTAS,SCSCF,B:SCSCF,PCSCF,B:PCSCF,SCSCF,B-200:SCSCF,MTAS,B-200:MTAS,SCSCF,B-200:SCSCF,GTW,B-200"
371,0,0,"MTAS,SCSCF,I:SCSCF,MTAS,T:SCSCF,GTW,I:GTW,SCSCF,T:GTW,SCSCF,S:SCSCF,MTAS,S:MTAS,SCSCF,P:SCSCF,GTW,P:GTW,SCSCF,P-200:GTW,SCSCF,S:SCSCF,MTAS,P-200:SCSCF,MTAS,S:MTAS,SCSCF,P:SCSCF,GTW,P:GTW,SCSCF,P-200:GTW,SCSCF,S:SCSCF,MTAS,P-200:SCSCF,MTAS,S:MTAS,SCSCF,P:SCSCF,GTW,P:GTW,SCSCF,P-200:SCSCF,MTAS,P-200:GTW,SCSCF,R:SCSCF,MTAS,R:MTAS,SCSCF,P:SCSCF,GTW,P:GTW,SCSCF,P-200:SCSCF,MTAS,P-200:MTAS,SCSCF,C:SCSCF,MTAS,C-200:SCSCF,GTW,C:GTW,SCSCF,C-200:GTW,SCSCF,I-487:SCSCF,GTW,A:SCSCF,MTAS,I-487:MTAS,SCSCF,A"
372,0,0,"PCSCF,SCSCF,I:SCSCF,ASLI,I:ASLI,SCSCF,T:ASLI,SCSCF,I-500:SCSCF,ASLI,A:MTAS,SCSCF,I:SCSCF,MTAS,T:SCSCF,GTW,I:GTW,SCSCF,T:SCSCF,PCSCF,T:GTW,SCSCF,R:SCSCF,MTAS,R:SCSCF,PCSCF,R:PCSCF,SCSCF,P:MTAS,SCSCF,P:SCSCF,GTW,P:GTW,SCSCF,P-200:SCSCF,MTAS,P-200:SCSCF,PCSCF,P-200:GTW,SCSCF,I-200:SCSCF,MTAS,I-200:SCSCF,PCSCF,I-200:PCSCF,SCSCF,A:SCSCF,MTAS,A:MTAS,SCSCF,A:SCSCF,GTW,A:MTAS,SCSCF,U:SCSCF,GTW,U:GTW,SCSCF,U-200:SCSCF,MTAS,U-200:MTAS,SCSCF,U:SCSCF,PCSCF,U:PCSCF,SCSCF,U-200:SCSCF,MTAS,U-200:PCSCF,SCSCF,B:MTAS,SCSCF,B:SCSCF,GTW,B:GTW,SCSCF,B-200:SCSCF,MTAS,B-200:SCSCF,PCSCF,B-200"
373,0,0,"PCSCF,SCSCF,I:SCSCF,PCSCF,T:SCSCF,ASLI,I:ASLI,SCSCF,T:ASLI,SCSCF,I-500:SCSCF,ASLI,A:MTAS,SCSCF,I:SCSCF,MTAS,T:SCSCF,GTW,I:GTW,SCSCF,T:GTW,SCSCF,S:SCSCF,MTAS,S:SCSCF,PCSCF,S:PCSCF,SCSCF,P:MTAS,SCSCF,P:SCSCF,GTW,P:GTW,SCSCF,P-200:GTW,SCSCF,R:SCSCF,MTAS,P-200:SCSCF,MTAS,R:SCSCF,PCSCF,P-200:SCSCF,PCSCF,R:PCSCF,SCSCF,P:MTAS,SCSCF,P:SCSCF,GTW,P:GTW,SCSCF,P-200:SCSCF,MTAS,P-200:SCSCF,PCSCF,P-200:GTW,SCSCF,I-200:SCSCF,MTAS,I-200:SCSCF,PCSCF,I-200:PCSCF,SCSCF,A:SCSCF,MTAS,A:MTAS,SCSCF,A:SCSCF,GTW,A:GTW,SCSCF,B:MTAS,SCSCF,B:SCSCF,PCSCF,B:PCSCF,SCSCF,B-200:SCSCF,MTAS,B-200:SCSCF,GTW,B-200"
374,0,0,"PCSCF,SCSCF,I:SCSCF,PCSCF,T:SCSCF,PCSCF,I-407:PCSCF,SCSCF,A:PCSCF,SCSCF,I:SCSCF,ASLI,I:SCSCF,PCSCF,T:ASLI,SCSCF,T:ASLI,SCSCF,I-500:SCSCF,ASLI,A:MTAS,SCSCF,I:SCSCF,MTAS,T:SCSCF,GTW,I:GTW,SCSCF,T:GTW,SCSCF,S:SCSCF,MTAS,S:SCSCF,PCSCF,S:PCSCF,SCSCF,P:SCSCF,MTAS,P:MTAS,SCSCF,P:SCSCF,GTW,P:GTW,SCSCF,P-200:SCSCF,MTAS,P-200:MTAS,SCSCF,P-200:SCSCF,PCSCF,P-200:GTW,SCSCF,R:SCSCF,MTAS,R:SCSCF,PCSCF,R:PCSCF,SCSCF,P:SCSCF,MTAS,P:MTAS,SCSCF,P:SCSCF,GTW,P:GTW,SCSCF,P-200:SCSCF,MTAS,P-200:MTAS,SCSCF,P-200:SCSCF,PCSCF,P-200:GTW,SCSCF,I-200:SCSCF,MTAS,I-200:SCSCF,PCSCF,I-200:PCSCF,SCSCF,A:SCSCF,MTAS,A:MTAS,SCSCF,A:SCSCF,GTW,A:GTW,SCSCF,B:MTAS,SCSCF,B:SCSCF,PCSCF,B:PCSCF,SCSCF,B-200:SCSCF,MTAS,B-200:SCSCF,GTW,B-200"
375,0,0,"PCSCF,SCSCF,I:SCSCF,PCSCF,T:SCSCF,ASLI,I:ASLI,SCSCF,T:ASLI,SCSCF,I-500:SCSCF,ASLI,A:MTAS,SCSCF,I:SCSCF,MTAS,T:SCSCF,GTW,I:GTW,SCSCF,T:GTW,SCSCF,R:SCSCF,MTAS,R:SCSCF,PCSCF,R:PCSCF,SCSCF,P:MTAS,SCSCF,P:SCSCF,GTW,P:GTW,SCSCF,P-200:SCSCF,MTAS,P-200:SCSCF,PCSCF,P-200:GTW,SCSCF,I-200:SCSCF,MTAS,I-200:SCSCF,PCSCF,I-200:PCSCF,SCSCF,A:SCSCF,MTAS,A:MTAS,SCSCF,A:SCSCF,GTW,A:MTAS,SCSCF,U:SCSCF,GTW,U:SCSCF,PCSCF,U:GTW,SCSCF,U-200:SCSCF,MTAS,U-200:PCSCF,SCSCF,U-200:SCSCF,MTAS,U-200:PCSCF,SCSCF,B:MTAS,SCSCF,B:SCSCF,GTW,B:GTW,SCSCF,B-200:SCSCF,MTAS,B-200:SCSCF,PCSCF,B-200"
376,0,0,"PCSCF,SCSCF,I:SCSCF,ASLI,I:ASLI,SCSCF,T:SCSCF,PCSCF,T:ASLI,SCSCF,I-500:SCSCF,ASLI,A:MTAS,SCSCF,I:SCSCF,MTAS,T:SCSCF,ASLI,I:ASLI,SCSCF,T:ASLI,SCSCF,I-500:SCSCF,MTAS,I:SCSCF,ASLI,A:MTAS,SCSCF,T:MTAS,SCSCF,I:SCSCF,MTAS,T:SCSCF,PCSCF,I:PCSCF,SCSCF,T:PCSCF,SCSCF,R:SCSCF,MTAS,R:MTAS,SCSCF,R:SCSCF,MTAS,R:SCSCF,PCSCF,R:PCSCF,SCSCF,P:MTAS,SCSCF,P:SCSCF,MTAS,P:MTAS,SCSCF,P:SCSCF,PCSCF,P:PCSCF,SCSCF,P-200:SCSCF,MTAS,P-200:MTAS,SCSCF,P-200:SCSCF,MTAS,P-200:SCSCF,PCSCF,P-200:PCSCF,SCSCF,I-200:SCSCF,MTAS,I-200:MTAS,SCSCF,I-200:SCSCF,MTAS,I-200:SCSCF,PCSCF,I-200:PCSCF,SCSCF,A:MTAS,SCSCF,A:SCSCF,MTAS,A:MTAS,SCSCF,A:SCSCF,PCSCF,A:PCSCF,SCSCF,B:SCSCF,MTAS,B:MTAS,SCSCF,B:SCSCF,PCSCF,B:PCSCF,SCSCF,B-200:SCSCF,MTAS,B-200:MTAS,SCSCF,B-200:SCSCF,PCSCF,B-200"
377,0,0,"GTW,ICSCF,I:ICSCF,GTW,T:SCSCF,ASLI,I:ASLI,SCSCF,T:ASLI,SCSCF,I-500:SCSCF,ASLI,A:SCSCF,MTAS,I:MTAS,SCSCF,T:MTAS,SCSCF,I:SCSCF,MTAS,T:SCSCF,PCSCF,I:PCSCF,SCSCF,T:PCSCF,SCSCF,R:SCSCF,MTAS,R:MTAS,SCSCF,R:ICSCF,GTW,R:GTW,SCSCF,P:SCSCF,MTAS,P:MTAS,SCSCF,P:SCSCF,PCSCF,P:PCSCF,SCSCF,P-200:SCSCF,MTAS,P-200:MTAS,SCSCF,P-200:SCSCF,GTW,P-200:MTAS,SCSCF,C:SCSCF,MTAS,C-200:SCSCF,PCSCF,C:PCSCF,SCSCF,C-200:PCSCF,SCSCF,I-487:SCSCF,PCSCF,A:SCSCF,MTAS,I-487:MTAS,SCSCF,A:MTAS,SCSCF,W:ICSCF,GTW,W:MTAS,SCSCF,S:ICSCF,GTW,S:GTW,SCSCF,P:SCSCF,MTAS,P:MTAS,SCSCF,P-200:SCSCF,GTW,P-200:GTW,ICSCF,C:ICSCF,GTW,C-200:SCSCF,MTAS,C:MTAS,SCSCF,C-200:MTAS,SCSCF,I-487:SCSCF,MTAS,A:ICSCF,GTW,I-487:GTW,ICSCF,A"
378,0,0,"PCSCF,SCSCF,I:SCSCF,PCSCF,T:SCSCF,PCSCF,I-407:PCSCF,SCSCF,A:PCSCF,SCSCF,I:SCSCF,ASLI,I:ASLI,SCSCF,T:ASLI,SCSCF,I-500:SCSCF,ASLI,A:SCSCF,PCSCF,T:MTAS,SCSCF,I:SCSCF,MTAS,T:SCSCF,GTW,I:GTW,SCSCF,T:GTW,SCSCF,S:SCSCF,MTAS,S:SCSCF,PCSCF,S:PCSCF,SCSCF,P:SCSCF,MTAS,P:MTAS,SCSCF,P:SCSCF,GTW,P:GTW,SCSCF,P-200:SCSCF,MTAS,P-200:MTAS,SCSCF,P-200:SCSCF,PCSCF,P-200:GTW,SCSCF,R:SCSCF,MTAS,R:SCSCF,PCSCF,R:PCSCF,SCSCF,P:SCSCF,MTAS,P:MTAS,SCSCF,P:SCSCF,GTW,P:GTW,SCSCF,P-200:SCSCF,MTAS,P-200:MTAS,SCSCF,P-200:SCSCF,PCSCF,P-200:GTW,SCSCF,I-200:SCSCF,MTAS,I-200:SCSCF,PCSCF,I-200:PCSCF,SCSCF,A:SCSCF,MTAS,A:MTAS,SCSCF,A:SCSCF,GTW,A:MTAS,SCSCF,U:SCSCF,GTW,U:SCSCF,PCSCF,U:GTW,SCSCF,U-200:SCSCF,MTAS,U-200:PCSCF,SCSCF,U-200:SCSCF,MTAS,U-200:MTAS,SCSCF,U:SCSCF,GTW,U:GTW,SCSCF,U-200:SCSCF,MTAS,U-200:MTAS,SCSCF,U:SCSCF,PCSCF,U:PCSCF,SCSCF,U-200:SCSCF,MTAS,U-200:MTAS,SCSCF,U:SCSCF,GTW,U:GTW,SCSCF,U-200:SCSCF,MTAS,U-200:MTAS,SCSCF,U:SCSCF,PCSCF,U:PCSCF,SCSCF,U-200:SCSCF,MTAS,U-200:PCSCF,SCSCF,B:SCSCF,MTAS,B:MTAS,SCSCF,B:SCSCF,GTW,B:GTW,SCSCF,B-200:SCSCF,MTAS,B-200:MTAS,SCSCF,B-200:SCSCF,PCSCF,B-200"
379,0,0,"GTW,ICSCF,I:ICSCF,GTW,T:SCSCF,ASLI,I:ASLI,SCSCF,T:ASLI,SCSCF,I-500:SCSCF,ASLI,A:SCSCF,MTAS,I:MTAS,SCSCF,T:MTAS,SCSCF,I:SCSCF,MTAS,T:SCSCF,PCSCF,I:PCSCF,SCSCF,T:PCSCF,SCSCF,R:SCSCF,MTAS,R:MTAS,SCSCF,R:ICSCF,GTW,R:GTW,SCSCF,P:SCSCF,MTAS,P:MTAS,SCSCF,P:SCSCF,PCSCF,P:PCSCF,SCSCF,P-200:SCSCF,MTAS,P-200:MTAS,SCSCF,P-200:SCSCF,GTW,P-200:PCSCF,SCSCF,I-200:SCSCF,MTAS,I-200:MTAS,SCSCF,I-200:ICSCF,GTW,I-200:GTW,SCSCF,A:SCSCF,MTAS,A:MTAS,SCSCF,A:SCSCF,PCSCF,A:PCSCF,SCSCF,I:SCSCF,PCSCF,T:SCSCF,PCSCF,I-407:PCSCF,SCSCF,A:PCSCF,SCSCF,I:SCSCF,PCSCF,T:SCSCF,MTAS,I:MTAS,SCSCF,T:MTAS,SCSCF,I:SCSCF,MTAS,T:SCSCF,GTW,I:GTW,SCSCF,T:GTW,SCSCF,I-200:SCSCF,MTAS,I-200:MTAS,SCSCF,I-200:SCSCF,PCSCF,I-200:PCSCF,SCSCF,A:SCSCF,MTAS,A:MTAS,SCSCF,A:SCSCF,GTW,A:PCSCF,SCSCF,B:SCSCF,MTAS,B:MTAS,SCSCF,B-200:SCSCF,PCSCF,B-200:MTAS,SCSCF,U:SCSCF,GTW,U:GTW,SCSCF,U-200:SCSCF,MTAS,U-200:MTAS,SCSCF,B:SCSCF,GTW,B:GTW,SCSCF,B-200:SCSCF,MTAS,B-200"
380,0,0,"GTW,ICSCF,I:ICSCF,GTW,T:SCSCF,ASLI,I:ASLI,SCSCF,T:ASLI,SCSCF,I-500:SCSCF,ASLI,A:SCSCF,MTAS,I:MTAS,SCSCF,T:MTAS,SCSCF,I:SCSCF,MTAS,T:SCSCF,PCSCF,I:PCSCF,SCSCF,T:PCSCF,SCSCF,R:MTAS,SCSCF,R:ICSCF,GTW,R:GTW,SCSCF,P:SCSCF,MTAS,P:SCSCF,PCSCF,P:SCSCF,MTAS,R:MTAS,SCSCF,P:PCSCF,SCSCF,P-200:MTAS,SCSCF,P-200:SCSCF,MTAS,P-200:SCSCF,GTW,P-200:PCSCF,SCSCF,I-200:SCSCF,MTAS,I-200:MTAS,SCSCF,I-200:ICSCF,GTW,I-200:GTW,SCSCF,A:SCSCF,MTAS,A:SCSCF,PCSCF,A:MTAS,SCSCF,A:GTW,SCSCF,B:SCSCF,MTAS,B:MTAS,SCSCF,B:SCSCF,PCSCF,B:PCSCF,SCSCF,B-200:SCSCF,MTAS,B-200:MTAS,SCSCF,B-200:SCSCF,GTW,B-200"
381,0,0,"GTW,ICSCF,I:ICSCF,GTW,T:SCSCF,ASLI,I:ASLI,SCSCF,T:ASLI,SCSCF,I-500:SCSCF,BCCAS,I:SCSCF,ASLI,A:BCCAS,SCSCF,T:BCCAS,SCSCF,I:SCSCF,BCCAS,T:SCSCF,PCSCF,I:PCSCF,SCSCF,T:PCSCF,SCSCF,R:SCSCF,BCCAS,R:BCCAS,SCSCF,R:ICSCF,GTW,R:GTW,SCSCF,P:SCSCF,BCCAS,P:BCCAS,SCSCF,P:SCSCF,PCSCF,P:PCSCF,SCSCF,P-200:SCSCF,BCCAS,P-200:BCCAS,SCSCF,P-200:SCSCF,GTW,P-200:PCSCF,SCSCF,I-200:SCSCF,BCCAS,I-200:BCCAS,SCSCF,I-200:ICSCF,GTW,I-200:GTW,SCSCF,A:SCSCF,BCCAS,A:BCCAS,SCSCF,A:SCSCF,PCSCF,A:GTW,SCSCF,B:SCSCF,BCCAS,B:BCCAS,SCSCF,B:SCSCF,PCSCF,B:PCSCF,SCSCF,B-200:SCSCF,BCCAS,B-200:BCCAS,SCSCF,B-200:SCSCF,GTW,B-200"
382,0,0,"PCSCF,SCSCF,I:SCSCF,PCSCF,T:SCSCF,PCSCF,I-407:PCSCF,SCSCF,A:PCSCF,SCSCF,I:SCSCF,PCSCF,T:SCSCF,ASLI,I:ASLI,SCSCF,T:ASLI,SCSCF,I-500:SCSCF,ASLI,A:MTAS,SCSCF,I:SCSCF,MTAS,T:SCSCF,GTW,I:GTW,SCSCF,T:GTW,SCSCF,I-200:SCSCF,MTAS,I-200:SCSCF,PCSCF,I-200:PCSCF,SCSCF,A:SCSCF,MTAS,A:MTAS,SCSCF,A:SCSCF,GTW,A:MTAS,SCSCF,U:SCSCF,GTW,U:GTW,SCSCF,U-200:SCSCF,PCSCF,U:SCSCF,MTAS,U-200:PCSCF,SCSCF,U-200:SCSCF,MTAS,U-200:MTAS,SCSCF,U:SCSCF,GTW,U:GTW,SCSCF,U-200:SCSCF,MTAS,U-200:MTAS,SCSCF,U:SCSCF,PCSCF,U:PCSCF,SCSCF,U-200:SCSCF,MTAS,U-200:MTAS,SCSCF,U:SCSCF,GTW,U:GTW,SCSCF,U-200:SCSCF,PCSCF,U:SCSCF,MTAS,U-200:PCSCF,SCSCF,U-200:SCSCF,MTAS,U-200:PCSCF,SCSCF,B:MTAS,SCSCF,B:GTW,SCSCF,B-200:SCSCF,MTAS,B-200:SCSCF,GTW,B:SCSCF,PCSCF,B-200"
383,0,0,"GTW,ICSCF,I:ICSCF,GTW,T:SCSCF,ASLI,I:ASLI,SCSCF,T:ASLI,SCSCF,I-500:SCSCF,ASLI,A:SCSCF,MTAS,I:MTAS,SCSCF,T:MTAS,SCSCF,I:SCSCF,MTAS,T:SCSCF,PCSCF,I:PCSCF,SCSCF,T:PCSCF,SCSCF,R:SCSCF,MTAS,R:MTAS,SCSCF,R:ICSCF,GTW,R:GTW,SCSCF,P:SCSCF,MTAS,P:MTAS,SCSCF,P:SCSCF,PCSCF,P:PCSCF,SCSCF,P-200:SCSCF,MTAS,P-200:MTAS,SCSCF,P-200:SCSCF,GTW,P-200:PCSCF,SCSCF,I-200:SCSCF,MTAS,I-200:ICSCF,GTW,I-200:GTW,SCSCF,A:MTAS,SCSCF,I-200:SCSCF,MTAS,A:MTAS,SCSCF,A:SCSCF,PCSCF,A:PCSCF,SCSCF,B:SCSCF,MTAS,B:MTAS,SCSCF,B:SCSCF,GTW,B:GTW,SCSCF,B-200:SCSCF,MTAS,B-200:MTAS,SCSCF,B-200:SCSCF,PCSCF,B-200"
384,0,0,"GTW,ICSCF,I:ICSCF,GTW,T:SCSCF,ASLI,I:ASLI,SCSCF,T:ASLI,SCSCF,I-500:SCSCF,ASLI,A:SCSCF,MTAS,I:MTAS,SCSCF,T:MTAS,SCSCF,I:SCSCF,MTAS,T:SCSCF,PCSCF,I:PCSCF,SCSCF,T:PCSCF,SCSCF,R:SCSCF,MTAS,R:MTAS,SCSCF,R:ICSCF,GTW,R:GTW,SCSCF,P:SCSCF,MTAS,P:SCSCF,PCSCF,P:MTAS,SCSCF,P:PCSCF,SCSCF,P-200:SCSCF,MTAS,P-200:MTAS,SCSCF,P-200:SCSCF,GTW,P-200:PCSCF,SCSCF,I-200:SCSCF,MTAS,I-200:MTAS,SCSCF,I-200:ICSCF,GTW,I-200:GTW,SCSCF,A:SCSCF,MTAS,A:MTAS,SCSCF,A:SCSCF,PCSCF,A:GTW,SCSCF,B:SCSCF,MTAS,B:MTAS,SCSCF,B:SCSCF,PCSCF,B:PCSCF,SCSCF,B-200:SCSCF,MTAS,B-200:MTAS,SCSCF,B-200:SCSCF,GTW,B-200"
385,0,0,"PCSCF,SCSCF,I:SCSCF,PCSCF,T:SCSCF,ASLI,I:ASLI,SCSCF,T:ASLI,SCSCF,I-500:SCSCF,ASLI,A:MTAS,SCSCF,I:SCSCF,MTAS,T:SCSCF,GTW,I:GTW,SCSCF,T:GTW,SCSCF,W:SCSCF,MTAS,W:SCSCF,PCSCF,W:PCSCF,SCSCF,P:SCSCF,MTAS,P:MTAS,SCSCF,P:SCSCF,GTW,P:GTW,SCSCF,P-200:SCSCF,MTAS,P-200:MTAS,SCSCF,P-200:SCSCF,PCSCF,P-200:GTW,SCSCF,R:SCSCF,MTAS,R:SCSCF,PCSCF,R:GTW,SCSCF,I-200:SCSCF,MTAS,I-200:PCSCF,SCSCF,P:SCSCF,MTAS,P:MTAS,SCSCF,P:SCSCF,GTW,P:GTW,SCSCF,P-200:SCSCF,MTAS,P-200:MTAS,SCSCF,P-200:SCSCF,PCSCF,I-200:SCSCF,PCSCF,P-200:PCSCF,SCSCF,A:SCSCF,MTAS,A:MTAS,SCSCF,A:SCSCF,GTW,A:GTW,SCSCF,I:SCSCF,GTW,T:MTAS,SCSCF,I:SCSCF,MTAS,T:SCSCF,PCSCF,I:PCSCF,SCSCF,I-200:SCSCF,MTAS,I-200:SCSCF,GTW,I-200:GTW,SCSCF,A:MTAS,SCSCF,A:SCSCF,PCSCF,A:PCSCF,SCSCF,B:SCSCF,MTAS,B:MTAS,SCSCF,B:SCSCF,GTW,B:GTW,SCSCF,B-200:SCSCF,MTAS,B-200:MTAS,SCSCF,B-200:SCSCF,PCSCF,B-200"
386,0,0,"GTW,ICSCF,I:ICSCF,GTW,T:SCSCF,ASLI,I:ASLI,SCSCF,T:ASLI,SCSCF,I-500:SCSCF,ASLI,A:SCSCF,MTAS,I:MTAS,SCSCF,T:MTAS,SCSCF,I:SCSCF,MTAS,T:SCSCF,PCSCF,I:PCSCF,SCSCF,T:SCSCF,MTAS,R:MTAS,SCSCF,R:SCSCF,MTAS,P:MTAS,SCSCF,P:PCSCF,SCSCF,R:ICSCF,GTW,R:GTW,SCSCF,P:SCSCF,PCSCF,P:SCSCF,MTAS,P-200:MTAS,SCSCF,P-200:PCSCF,SCSCF,P-200:SCSCF,GTW,P-200:PCSCF,SCSCF,I-200:SCSCF,MTAS,I-200:MTAS,SCSCF,I-200:ICSCF,GTW,I-200:SCSCF,MTAS,A:GTW,SCSCF,A:MTAS,SCSCF,A:SCSCF,PCSCF,A:PCSCF,SCSCF,B:SCSCF,MTAS,B:MTAS,SCSCF,B:SCSCF,GTW,B:GTW,SCSCF,B-200:SCSCF,MTAS,B-200:MTAS,SCSCF,B-200:SCSCF,PCSCF,B-200"
387,0,0,"PCSCF,SCSCF,I:SCSCF,PCSCF,T:SCSCF,ASLI,I:ASLI,SCSCF,T:ASLI,SCSCF,I-500:SCSCF,ASLI,A:MTAS,SCSCF,I:SCSCF,MTAS,T:SCSCF,ASLI,I:ASLI,SCSCF,T:ASLI,SCSCF,I-500:SCSCF,MTAS,I:SCSCF,ASLI,A:MTAS,SCSCF,T:MTAS,SCSCF,I:SCSCF,MTAS,T:SCSCF,PCSCF,I:PCSCF,SCSCF,T:MTAS,SCSCF,R:PCSCF,SCSCF,R:SCSCF,MTAS,R:SCSCF,PCSCF,R:MTAS,SCSCF,P:PCSCF,SCSCF,P:SCSCF,MTAS,P:MTAS,SCSCF,P:SCSCF,PCSCF,P:PCSCF,SCSCF,P-200:SCSCF,MTAS,P-200:MTAS,SCSCF,P-200:SCSCF,MTAS,P-200:SCSCF,PCSCF,P-200:PCSCF,SCSCF,I-200:SCSCF,MTAS,I-200:MTAS,SCSCF,I-200:SCSCF,MTAS,I-200:SCSCF,PCSCF,I-200:PCSCF,SCSCF,A:MTAS,SCSCF,A:SCSCF,MTAS,A:MTAS,SCSCF,A:SCSCF,PCSCF,A:MTAS,SCSCF,U:SCSCF,PCSCF,U:SCSCF,MTAS,U-200:MTAS,SCSCF,U:SCSCF,PCSCF,U:PCSCF,SCSCF,U-200:SCSCF,MTAS,U-200:PCSCF,SCSCF,U-200:SCSCF,MTAS,U-200:PCSCF,SCSCF,B:MTAS,SCSCF,B:SCSCF,MTAS,B:MTAS,SCSCF,B:SCSCF,PCSCF,B:PCSCF,SCSCF,B-200:SCSCF,MTAS,B-200:MTAS,SCSCF,B-200:SCSCF,MTAS,B-200:SCSCF,PCSCF,B-200"
388,0,0,"MTAS,SCSCF,I:SCSCF,MTAS,T:SCSCF,PCSCF,I:PCSCF,SCSCF,T:PCSCF,SCSCF,R:SCSCF,MTAS,R:MTAS,SCSCF,P:SCSCF,PCSCF,P:PCSCF,SCSCF,P-200:SCSCF,MTAS,P-200:PCSCF,SCSCF,I-200:SCSCF,MTAS,I-200:MTAS,SCSCF,A:MTAS,SCSCF,I:SCSCF,PCSCF,A:SCSCF,MTAS,T:SCSCF,PCSCF,I:PCSCF,SCSCF,I-200:SCSCF,MTAS,I-200:MTAS,SCSCF,A:SCSCF,PCSCF,A:MTAS,SCSCF,B:SCSCF,PCSCF,B:PCSCF,SCSCF,B-200:SCSCF,MTAS,B-200"
389,0,0,"GTW,ICSCF,I:ICSCF,GTW,T:SCSCF,ASLI,I:ASLI,SCSCF,T:ASLI,SCSCF,I-500:SCSCF,ASLI,A:SCSCF,MTAS,I:MTAS,SCSCF,T:MTAS,SCSCF,I:SCSCF,MTAS,T:SCSCF,PCSCF,I:PCSCF,SCSCF,T:PCSCF,SCSCF,R:SCSCF,MTAS,R:MTAS,SCSCF,R:ICSCF,GTW,R:GTW,SCSCF,P:SCSCF,MTAS,P:MTAS,SCSCF,P:SCSCF,PCSCF,P:PCSCF,SCSCF,P-200:SCSCF,MTAS,P-200:MTAS,SCSCF,P-200:SCSCF,GTW,P-200:PCSCF,SCSCF,I-200:SCSCF,MTAS,I-200:MTAS,SCSCF,I-200:ICSCF,GTW,I-200:GTW,SCSCF,A:SCSCF,MTAS,A:MTAS,SCSCF,A:SCSCF,PCSCF,A:GTW,SCSCF,B:SCSCF,MTAS,B:PCSCF,SCSCF,B:MTAS,SCSCF,B:SCSCF,MTAS,B:SCSCF,PCSCF,B:MTAS,SCSCF,B-200:SCSCF,PCSCF,B-200:PCSCF,SCSCF,B-481:SCSCF,MTAS,B-481:MTAS,SCSCF,B-200:SCSCF,GTW,B-200"
390,0,0,"PCSCF,SCSCF,I:SCSCF,ASLI,I:ASLI,SCSCF,T:SCSCF,PCSCF,T:ASLI,SCSCF,I-500:SCSCF,ASLI,A:MTAS,SCSCF,I:SCSCF,MTAS,T:SCSCF,GTW,I:GTW,SCSCF,T:GTW,SCSCF,R:SCSCF,MTAS,R:SCSCF,PCSCF,R:PCSCF,SCSCF,P:MTAS,SCSCF,P:SCSCF,GTW,P:GTW,SCSCF,P-200:SCSCF,MTAS,P-200:SCSCF,PCSCF,P-200:GTW,SCSCF,I-200:SCSCF,MTAS,I-200:SCSCF,PCSCF,I-200:PCSCF,SCSCF,A:SCSCF,MTAS,A:MTAS,SCSCF,A:SCSCF,GTW,A:MTAS,SCSCF,U:SCSCF,GTW,U:SCSCF,PCSCF,U:GTW,SCSCF,U-200:SCSCF,MTAS,U-200:PCSCF,SCSCF,U-200:SCSCF,MTAS,U-200:MTAS,SCSCF,U:SCSCF,GTW,U:GTW,SCSCF,U-200:SCSCF,MTAS,U-200:MTAS,SCSCF,U:SCSCF,PCSCF,U:PCSCF,SCSCF,U-200:SCSCF,MTAS,U-200:MTAS,SCSCF,U:SCSCF,GTW,U:GTW,SCSCF,U-200:SCSCF,MTAS,U-200:MTAS,SCSCF,U:SCSCF,PCSCF,U:PCSCF,SCSCF,U-200:SCSCF,MTAS,U-200:PCSCF,SCSCF,B:MTAS,SCSCF,B:SCSCF,GTW,B:GTW,SCSCF,B-200:SCSCF,MTAS,B-200:SCSCF,PCSCF,B-200"
391,0,0,"PCSCF,SCSCF,I:SCSCF,PCSCF,T:SCSCF,PCSCF,I-407:PCSCF,SCSCF,A:PCSCF,SCSCF,I:SCSCF,ASLI,I:ASLI,SCSCF,T:ASLI,SCSCF,I-500:SCSCF,ASLI,A:SCSCF,PCSCF,T:MTAS,SCSCF,I:SCSCF,MTAS,T:SCSCF,ASLI,I:ASLI,SCSCF,T:ASLI,SCSCF,I-500:SCSCF,ASLI,A:SCSCF,MTAS,I:MTAS,SCSCF,T:MTAS,SCSCF,I:SCSCF,MTAS,T:SCSCF,PCSCF,I:PCSCF,SCSCF,T:PCSCF,SCSCF,R:SCSCF,MTAS,R:MTAS,SCSCF,R:SCSCF,MTAS,R:SCSCF,PCSCF,R:PCSCF,SCSCF,P:MTAS,SCSCF,P:SCSCF,MTAS,P:MTAS,SCSCF,P:SCSCF,PCSCF,P:PCSCF,SCSCF,R:SCSCF,MTAS,R:PCSCF,SCSCF,P-200:SCSCF,MTAS,P-200:MTAS,SCSCF,P-200:SCSCF,MTAS,P-200:SCSCF,PCSCF,P-200:PCSCF,SCSCF,I-200:SCSCF,MTAS,I-200:MTAS,SCSCF,I-200:SCSCF,MTAS,I-200:SCSCF,PCSCF,I-200:PCSCF,SCSCF,B:SCSCF,MTAS,B:PCSCF,SCSCF,I-200:SCSCF,MTAS,I-200:PCSCF,SCSCF,A:MTAS,SCSCF,A:SCSCF,MTAS,A:MTAS,SCSCF,A:SCSCF,PCSCF,A:SCSCF,PCSCF,B-408:PCSCF,SCSCF,B:MTAS,SCSCF,B:SCSCF,MTAS,B:MTAS,SCSCF,B:SCSCF,MTAS,B-481:MTAS,SCSCF,B-200:SCSCF,MTAS,B-200:SCSCF,PCSCF,B-200"
392,0,0,"PCSCF,SCSCF,I:SCSCF,PCSCF,T:SCSCF,PCSCF,I-407:PCSCF,SCSCF,A:PCSCF,SCSCF,I:SCSCF,ASLI,I:SCSCF,PCSCF,T:ASLI,SCSCF,T:ASLI,SCSCF,I-500:SCSCF,ASLI,A:MTAS,SCSCF,I:SCSCF,MTAS,T:SCSCF,GTW,I:GTW,SCSCF,T:GTW,SCSCF,S:SCSCF,MTAS,S:SCSCF,PCSCF,S:PCSCF,SCSCF,P:MTAS,SCSCF,P:SCSCF,GTW,P:GTW,SCSCF,P-200:SCSCF,MTAS,P-200:SCSCF,PCSCF,P-200:GTW,SCSCF,R:SCSCF,MTAS,R:SCSCF,PCSCF,R:PCSCF,SCSCF,P:MTAS,SCSCF,P:SCSCF,GTW,P:GTW,SCSCF,P-200:SCSCF,MTAS,P-200:SCSCF,PCSCF,P-200:GTW,SCSCF,I-200:SCSCF,MTAS,I-200:SCSCF,PCSCF,I-200:PCSCF,SCSCF,A:SCSCF,MTAS,A:MTAS,SCSCF,A:SCSCF,GTW,A:GTW,SCSCF,B:MTAS,SCSCF,B:SCSCF,PCSCF,B:PCSCF,SCSCF,B-200:SCSCF,MTAS,B-200:SCSCF,GTW,B-200"
393,0,0,"GTW,ICSCF,I:ICSCF,GTW,T:SCSCF,ASLI,I:ASLI,SCSCF,T:ASLI,SCSCF,I-500:SCSCF,ASLI,A:SCSCF,MTAS,I:MTAS,SCSCF,T:MTAS,SCSCF,I:SCSCF,MTAS,T:SCSCF,PCSCF,I:PCSCF,SCSCF,T:SCSCF,MTAS,R:PCSCF,SCSCF,R:MTAS,SCSCF,R:ICSCF,GTW,R:GTW,SCSCF,P:SCSCF,MTAS,P:MTAS,SCSCF,P:SCSCF,PCSCF,P:SCSCF,MTAS,P-200:PCSCF,SCSCF,P-200:MTAS,SCSCF,P-200:SCSCF,GTW,P-200:PCSCF,SCSCF,I-200:SCSCF,MTAS,I-200:MTAS,SCSCF,I-200:ICSCF,GTW,I-200:GTW,SCSCF,A:SCSCF,MTAS,A:MTAS,SCSCF,A:SCSCF,PCSCF,A:MTAS,SCSCF,U:SCSCF,PCSCF,U:SCSCF,GTW,U:GTW,SCSCF,U-200:SCSCF,MTAS,U-200:PCSCF,SCSCF,U-200:SCSCF,MTAS,U-200:GTW,SCSCF,B:SCSCF,MTAS,B:MTAS,SCSCF,B:SCSCF,PCSCF,B:PCSCF,SCSCF,B-200:SCSCF,MTAS,B-200:MTAS,SCSCF,B-200:SCSCF,GTW,B-200"
394,0,0,"PCSCF,SCSCF,I:SCSCF,PCSCF,T:SCSCF,ASLI,I:ASLI,SCSCF,T:ASLI,SCSCF,I-500:SCSCF,ASLI,A:MTAS,SCSCF,I:SCSCF,MTAS,T:SCSCF,GTW,I:GTW,SCSCF,T:GTW,SCSCF,I-484:SCSCF,MTAS,I-484:SCSCF,GTW,A:MTAS,SCSCF,A:SCSCF,PCSCF,I-484:PCSCF,SCSCF,A"
395,0,0,"GTW,ICSCF,I:ICSCF,GTW,T:SCSCF,ASLI,I:ASLI,SCSCF,T:ASLI,SCSCF,I-500:SCSCF,MTAS,I:SCSCF,ASLI,A:MTAS,SCSCF,T:MTAS,SCSCF,S:ICSCF,GTW,S:GTW,SCSCF,P:SCSCF,MTAS,P:MTAS,SCSCF,P-200:SCSCF,GTW,P-200:MTAS,SCSCF,I-603:SCSCF,MTAS,A:ICSCF,GTW,I-603:GTW,ICSCF,A"
396,0,0,"GTW,SCSCF,I:SCSCF,GTW,T:SCSCF,SLEVOOSP,I:SLEVOOSP,SCSCF,T:SLEVOOSP,SCSCF,I:SCSCF,SLEVOOSP,T:SCSCF,LBIMP,I:LBIMP,SCSCF,T:LBIMP,SCSCF,R:SCSCF,SLEVOOSP,R:LBIMP,SCSCF,I-200:SCSCF,SLEVOOSP,I-200:SLEVOOSP,SCSCF,S:SCSCF,GTW,S:GTW,SCSCF,P:SCSCF,SLEVOOSP,P:SLEVOOSP,SCSCF,P-200:SCSCF,GTW,P-200:SLEVOOSP,SCSCF,I-200:SCSCF,GTW,I-200:GTW,SCSCF,A:SCSCF,SLEVOOSP,A:SLEVOOSP,SCSCF,A:SCSCF,LBIMP,A:LBIMP,SCSCF,B:SCSCF,SLEVOOSP,B:SLEVOOSP,SCSCF,B-200:SCSCF,LBIMP,B-200:GTW,SCSCF,B:SCSCF,SLEVOOSP,B:SLEVOOSP,SCSCF,B-200:SCSCF,GTW,B-200"
397,0,0,"PCSCF,SCSCF,I:SCSCF,ASLI,I:ASLI,SCSCF,T:ASLI,SCSCF,I-500:SCSCF,ASLI,A:MTAS,SCSCF,I:SCSCF,MTAS,T:SCSCF,PCSCF,T:SCSCF,GTW,I:GTW,SCSCF,T:GTW,SCSCF,S:SCSCF,MTAS,S:SCSCF,PCSCF,S:PCSCF,SCSCF,P:MTAS,SCSCF,P:SCSCF,GTW,P:GTW,SCSCF,P-200:SCSCF,MTAS,P-200:SCSCF,PCSCF,P-200:GTW,SCSCF,S:SCSCF,MTAS,S:SCSCF,PCSCF,S:GTW,SCSCF,I-200:SCSCF,MTAS,I-200:SCSCF,PCSCF,I-200:PCSCF,SCSCF,P:MTAS,SCSCF,P:SCSCF,GTW,P:GTW,SCSCF,P-200:SCSCF,MTAS,P-200:PCSCF,SCSCF,A:SCSCF,MTAS,A:MTAS,SCSCF,A:SCSCF,GTW,A:SCSCF,PCSCF,P-200:GTW,SCSCF,B:MTAS,SCSCF,B:SCSCF,PCSCF,B:PCSCF,SCSCF,B-200:SCSCF,MTAS,B-200:SCSCF,GTW,B-200"
398,0,0,"PCSCF,SCSCF,I:SCSCF,PCSCF,T:SCSCF,PCSCF,I-407:PCSCF,SCSCF,A:PCSCF,SCSCF,I:SCSCF,ASLI,I:ASLI,SCSCF,T:ASLI,SCSCF,I-500:SCSCF,ASLI,A:MTAS,SCSCF,I:SCSCF,MTAS,T:SCSCF,PCSCF,T:SCSCF,GTW,I:GTW,SCSCF,T:GTW,SCSCF,S:SCSCF,MTAS,S:SCSCF,PCSCF,S:PCSCF,SCSCF,P:MTAS,SCSCF,P:SCSCF,GTW,P:GTW,SCSCF,P-200:SCSCF,MTAS,P-200:SCSCF,PCSCF,P-200:GTW,SCSCF,R:SCSCF,MTAS,R:SCSCF,PCSCF,R:PCSCF,SCSCF,P:MTAS,SCSCF,P:SCSCF,GTW,P:GTW,SCSCF,P-200:SCSCF,MTAS,P-200:SCSCF,PCSCF,P-200:GTW,SCSCF,I-200:SCSCF,MTAS,I-200:SCSCF,PCSCF,I-200:PCSCF,SCSCF,A:SCSCF,MTAS,A:MTAS,SCSCF,A:SCSCF,GTW,A:GTW,SCSCF,B:MTAS,SCSCF,B:SCSCF,PCSCF,B:PCSCF,SCSCF,B-200:SCSCF,MTAS,B-200:SCSCF,GTW,B-200"
399,0,0,"PCSCF,SCSCF,I:SCSCF,ASLI,I:ASLI,SCSCF,T:ASLI,SCSCF,I-500:SCSCF,ASLI,A:SCSCF,PCSCF,T:MTAS,SCSCF,I:SCSCF,MTAS,T:SCSCF,GTW,I:GTW,SCSCF,T:GTW,SCSCF,R:SCSCF,MTAS,R:SCSCF,PCSCF,R:PCSCF,SCSCF,P:SCSCF,MTAS,P:MTAS,SCSCF,P:SCSCF,GTW,P:GTW,SCSCF,P-200:SCSCF,MTAS,P-200:MTAS,SCSCF,P-200:SCSCF,PCSCF,P-200:GTW,SCSCF,I-200:SCSCF,MTAS,I-200:SCSCF,PCSCF,I-200:PCSCF,SCSCF,A:SCSCF,MTAS,A:MTAS,SCSCF,A:SCSCF,GTW,A:PCSCF,SCSCF,B:SCSCF,MTAS,B:MTAS,SCSCF,B:SCSCF,GTW,B:GTW,SCSCF,B-200:SCSCF,MTAS,B-200:MTAS,SCSCF,B-200:SCSCF,PCSCF,B-200"
400,0,0,"PCSCF,SCSCF,I:SCSCF,PCSCF,T:SCSCF,PCSCF,I-407:PCSCF,SCSCF,A:PCSCF,SCSCF,I:SCSCF,PCSCF,T:SCSCF,ASLI,I:ASLI,SCSCF,T:ASLI,SCSCF,I-500:SCSCF,ASLI,A:MTAS,SCSCF,I:SCSCF,MTAS,T:SCSCF,ASLI,I:ASLI,SCSCF,T:ASLI,SCSCF,I-500:SCSCF,MTAS,I:SCSCF,ASLI,A:MTAS,SCSCF,T:MTAS,SCSCF,I:SCSCF,MTAS,T:SCSCF,PCSCF,I:PCSCF,SCSCF,T:PCSCF,SCSCF,R:SCSCF,MTAS,R:MTAS,SCSCF,R:SCSCF,MTAS,R:SCSCF,PCSCF,R:PCSCF,SCSCF,P:MTAS,SCSCF,P:SCSCF,MTAS,P:MTAS,SCSCF,P:SCSCF,PCSCF,P:PCSCF,SCSCF,P-200:SCSCF,MTAS,P-200:MTAS,SCSCF,P-200:SCSCF,MTAS,P-200:SCSCF,PCSCF,P-200:PCSCF,SCSCF,I-200:SCSCF,MTAS,I-200:MTAS,SCSCF,I-200:SCSCF,MTAS,I-200:SCSCF,PCSCF,I-200:PCSCF,SCSCF,A:MTAS,SCSCF,A:SCSCF,MTAS,A:MTAS,SCSCF,A:SCSCF,PCSCF,A:PCSCF,SCSCF,B:MTAS,SCSCF,B:SCSCF,MTAS,B:MTAS,SCSCF,B:SCSCF,PCSCF,B:PCSCF,SCSCF,B-200:SCSCF,MTAS,B-200:MTAS,SCSCF,B-200:SCSCF,MTAS,B-200:SCSCF,PCSCF,B-200"
401,0,0,"PCSCF,SCSCF,I:SCSCF,PCSCF,T:SCSCF,ASLI,I:ASLI,SCSCF,T:ASLI,SCSCF,I-500:SCSCF,ASLI,A:MTAS,SCSCF,I:SCSCF,MTAS,T:SCSCF,GTW,I:GTW,SCSCF,T:GTW,SCSCF,S:SCSCF,MTAS,S:SCSCF,PCSCF,S:PCSCF,SCSCF,P:MTAS,SCSCF,P:SCSCF,GTW,P:GTW,SCSCF,P-200:SCSCF,MTAS,P-200:SCSCF,PCSCF,P-200:GTW,SCSCF,S:SCSCF,MTAS,S:SCSCF,PCSCF,S:PCSCF,SCSCF,P:MTAS,SCSCF,P:SCSCF,GTW,P:GTW,SCSCF,P-200:SCSCF,MTAS,P-200:SCSCF,PCSCF,P-200:GTW,SCSCF,R:SCSCF,MTAS,R:SCSCF,PCSCF,R:GTW,SCSCF,I-200:SCSCF,MTAS,I-200:SCSCF,PCSCF,I-200:PCSCF,SCSCF,A:SCSCF,MTAS,A:MTAS,SCSCF,A:SCSCF,GTW,A:PCSCF,SCSCF,B:MTAS,SCSCF,B:SCSCF,GTW,B:GTW,SCSCF,B-200:SCSCF,MTAS,B-200:SCSCF,PCSCF,B-200"
402,0,0,"MTAS,SCSCF,I:SCSCF,MTAS,T:SCSCF,GTW,I:GTW,SCSCF,T:GTW,SCSCF,R:SCSCF,MTAS,R:MTAS,SCSCF,P:SCSCF,GTW,P:GTW,SCSCF,P-200:SCSCF,MTAS,P-200:GTW,SCSCF,I-200:SCSCF,MTAS,I-200:MTAS,SCSCF,A:SCSCF,GTW,A:MTAS,SCSCF,B:SCSCF,GTW,B:GTW,SCSCF,B-200:SCSCF,MTAS,B-200"
403,0,0,"GTW,ICSCF,I:ICSCF,GTW,T:SCSCF,ASLI,I:ASLI,SCSCF,T:ASLI,SCSCF,I-500:SCSCF,ASLI,A:SCSCF,MTAS,I:MTAS,SCSCF,T:MTAS,SCSCF,I:SCSCF,MTAS,T:SCSCF,GTW,I:MTAS,SCSCF,W:ICSCF,GTW,W:GTW,SCSCF,T:GTW,SCSCF,S:SCSCF,MTAS,S:MTAS,SCSCF,S:ICSCF,GTW,S:GTW,SCSCF,P:SCSCF,MTAS,P:MTAS,SCSCF,P:SCSCF,GTW,P:GTW,SCSCF,P-200:SCSCF,MTAS,P-200:MTAS,SCSCF,P-200:SCSCF,GTW,P-200:GTW,SCSCF,R:SCSCF,MTAS,R:MTAS,SCSCF,R:ICSCF,GTW,R:GTW,SCSCF,P:SCSCF,MTAS,P:MTAS,SCSCF,P:SCSCF,GTW,P:GTW,SCSCF,P-200:SCSCF,MTAS,P-200:MTAS,SCSCF,P-200:SCSCF,GTW,P-200:GTW,SCSCF,I-200:SCSCF,MTAS,I-200:MTAS,SCSCF,I-200:ICSCF,GTW,I-200:GTW,SCSCF,A:SCSCF,MTAS,A:MTAS,SCSCF,A:SCSCF,GTW,A:GTW,SCSCF,B:SCSCF,MTAS,B:MTAS,SCSCF,B:SCSCF,GTW,B:GTW,SCSCF,B-200:SCSCF,MTAS,B-200:MTAS,SCSCF,B-200:SCSCF,GTW,B-200"
404,0,0,"PCSCF,SCSCF,I:SCSCF,ASLI,I:ASLI,SCSCF,T:ASLI,SCSCF,I-500:SCSCF,ASLI,A:MTAS,SCSCF,I:SCSCF,MTAS,T:SCSCF,PCSCF,T:SCSCF,ASLI,I:ASLI,SCSCF,T:ASLI,SCSCF,I-500:SCSCF,ASLI,A:SCSCF,MTAS,I:MTAS,SCSCF,T:MTAS,SCSCF,I:SCSCF,MTAS,T:SCSCF,PCSCF,I:PCSCF,SCSCF,T:PCSCF,SCSCF,R:SCSCF,MTAS,R:MTAS,SCSCF,R:SCSCF,MTAS,R:SCSCF,PCSCF,R:PCSCF,SCSCF,P:MTAS,SCSCF,P:SCSCF,MTAS,P:MTAS,SCSCF,P:SCSCF,PCSCF,P:PCSCF,SCSCF,P-200:SCSCF,MTAS,P-200:MTAS,SCSCF,P-200:SCSCF,MTAS,P-200:SCSCF,PCSCF,P-200:PCSCF,SCSCF,I-200:SCSCF,MTAS,I-200:MTAS,SCSCF,I-200:SCSCF,MTAS,I-200:SCSCF,PCSCF,I-200:PCSCF,SCSCF,A:MTAS,SCSCF,A:SCSCF,MTAS,A:MTAS,SCSCF,A:SCSCF,PCSCF,A:MTAS,SCSCF,U:SCSCF,PCSCF,U:SCSCF,MTAS,U-200:PCSCF,SCSCF,U-200:SCSCF,MTAS,U-200:MTAS,SCSCF,U:SCSCF,PCSCF,U:SCSCF,MTAS,U-200:MTAS,SCSCF,U:SCSCF,PCSCF,U:PCSCF,SCSCF,U-200:SCSCF,MTAS,U-200:PCSCF,SCSCF,U-200:SCSCF,MTAS,U-200:PCSCF,SCSCF,B:SCSCF,MTAS,B:MTAS,SCSCF,B:SCSCF,PCSCF,B:PCSCF,SCSCF,B-200:SCSCF,MTAS,B-200:MTAS,SCSCF,B-200:SCSCF,PCSCF,B-200"
405,0,0,"PCSCF,SCSCF,I:SCSCF,PCSCF,T:SCSCF,ASLI,I:ASLI,SCSCF,T:ASLI,SCSCF,I-500:SCSCF,ASLI,A:MTAS,SCSCF,I:SCSCF,MTAS,T:SCSCF,GTW,I:GTW,SCSCF,T:GTW,SCSCF,S:SCSCF,MTAS,S:SCSCF,PCSCF,S:PCSCF,SCSCF,P:MTAS,SCSCF,P:SCSCF,GTW,P:GTW,SCSCF,P-200:GTW,SCSCF,S:SCSCF,MTAS,S:SCSCF,MTAS,P-200:SCSCF,PCSCF,P-200:SCSCF,PCSCF,S:PCSCF,SCSCF,P:MTAS,SCSCF,P:SCSCF,GTW,P:GTW,SCSCF,P-200:GTW,SCSCF,I-200:SCSCF,MTAS,P-200:SCSCF,MTAS,I-200:SCSCF,PCSCF,P-200:SCSCF,PCSCF,I-200:PCSCF,SCSCF,A:SCSCF,MTAS,A:MTAS,SCSCF,A:SCSCF,GTW,A:MTAS,SCSCF,U:SCSCF,GTW,U:GTW,SCSCF,U-200:SCSCF,MTAS,U-200:MTAS,SCSCF,U:SCSCF,PCSCF,U:PCSCF,SCSCF,U-200:SCSCF,MTAS,U-200:PCSCF,SCSCF,B:MTAS,SCSCF,B:SCSCF,GTW,B:GTW,SCSCF,B-200:SCSCF,MTAS,B-200:SCSCF,PCSCF,B-200"
406,0,0,"GTW,ICSCF,I:ICSCF,GTW,T:SCSCF,ASLI,I:ASLI,SCSCF,T:ASLI,SCSCF,I-500:SCSCF,ASLI,A:SCSCF,MTAS,I:MTAS,SCSCF,T:MTAS,SCSCF,I:SCSCF,MTAS,T:SCSCF,PCSCF,I:PCSCF,SCSCF,T:PCSCF,SCSCF,R:SCSCF,MTAS,R:MTAS,SCSCF,R:ICSCF,GTW,R:GTW,SCSCF,P:SCSCF,MTAS,P:MTAS,SCSCF,P:SCSCF,PCSCF,P:PCSCF,SCSCF,P-200:SCSCF,MTAS,P-200:MTAS,SCSCF,P-200:SCSCF,GTW,P-200:PCSCF,SCSCF,I-200:SCSCF,MTAS,I-200:MTAS,SCSCF,I-200:ICSCF,GTW,I-200:GTW,SCSCF,A:SCSCF,MTAS,A:MTAS,SCSCF,A:SCSCF,PCSCF,A:MTAS,SCSCF,U:SCSCF,GTW,U:GTW,SCSCF,U-200:SCSCF,MTAS,U-200:SCSCF,PCSCF,U:PCSCF,SCSCF,U-200:SCSCF,MTAS,U-200:MTAS,SCSCF,U:SCSCF,GTW,U:GTW,SCSCF,U-200:SCSCF,MTAS,U-200:MTAS,SCSCF,U:SCSCF,PCSCF,U:PCSCF,SCSCF,U-200:SCSCF,MTAS,U-200:MTAS,SCSCF,U:SCSCF,GTW,U:GTW,SCSCF,U-200:SCSCF,MTAS,U-200:MTAS,SCSCF,U:SCSCF,PCSCF,U:PCSCF,SCSCF,U-200:SCSCF,MTAS,U-200:GTW,SCSCF,B:SCSCF,MTAS,B:MTAS,SCSCF,B:SCSCF,PCSCF,B:PCSCF,SCSCF,B-200:SCSCF,MTAS,B-200:MTAS,SCSCF,B-200:SCSCF,GTW,B-200"
407,0,0,"PCSCF,SCSCF,I:SCSCF,PCSCF,T:SCSCF,PCSCF,I-407:PCSCF,SCSCF,A:PCSCF,SCSCF,I:SCSCF,PCSCF,T:SCSCF,ASLI,I:ASLI,SCSCF,T:ASLI,SCSCF,I-500:SCSCF,ASLI,A:MTAS,SCSCF,I:SCSCF,MTAS,T:SCSCF,ASLI,I:ASLI,SCSCF,T:ASLI,SCSCF,I-500:SCSCF,ASLI,A:SCSCF,MTAS,I:MTAS,SCSCF,T:MTAS,SCSCF,I:SCSCF,MTAS,T:SCSCF,PCSCF,I:PCSCF,SCSCF,T:PCSCF,SCSCF,R:SCSCF,MTAS,R:MTAS,SCSCF,R:SCSCF,MTAS,R:SCSCF,PCSCF,R:PCSCF,SCSCF,P:MTAS,SCSCF,P:SCSCF,MTAS,P:MTAS,SCSCF,P:SCSCF,PCSCF,P:PCSCF,SCSCF,P-200:SCSCF,MTAS,P-200:MTAS,SCSCF,P-200:SCSCF,MTAS,P-200:SCSCF,PCSCF,P-200:PCSCF,SCSCF,C:MTAS,SCSCF,C:SCSCF,MTAS,C-200:SCSCF,MTAS,C:MTAS,SCSCF,C-200:MTAS,SCSCF,C:SCSCF,MTAS,C-200:SCSCF,PCSCF,C:PCSCF,SCSCF,C-200:SCSCF,PCSCF,C-200:PCSCF,SCSCF,I-487:SCSCF,PCSCF,A:SCSCF,MTAS,I-487:MTAS,SCSCF,A:MTAS,SCSCF,I-487:SCSCF,MTAS,A:SCSCF,MTAS,I-487:MTAS,SCSCF,A:SCSCF,PCSCF,I-487:PCSCF,SCSCF,A"
408,0,0,"GTW,ICSCF,I:ICSCF,GTW,T:SCSCF,ASLI,I:ASLI,SCSCF,T:ASLI,SCSCF,I-500:SCSCF,ASLI,A:SCSCF,MTAS,I:MTAS,SCSCF,T:MTAS,SCSCF,I:SCSCF,MTAS,T:SCSCF,PCSCF,I:PCSCF,SCSCF,T:PCSCF,SCSCF,R:SCSCF,MTAS,R:MTAS,SCSCF,R:ICSCF,GTW,R:GTW,SCSCF,P:SCSCF,MTAS,P:MTAS,SCSCF,P:SCSCF,PCSCF,P:PCSCF,SCSCF,P-200:SCSCF,MTAS,P-200:MTAS,SCSCF,P-200:SCSCF,GTW,P-200:SCSCF,MTAS,I-200:MTAS,SCSCF,I-200:ICSCF,GTW,I-200:PCSCF,SCSCF,I-200:GTW,SCSCF,A:SCSCF,MTAS,A:MTAS,SCSCF,A:SCSCF,PCSCF,A:PCSCF,SCSCF,B:SCSCF,MTAS,B:MTAS,SCSCF,B:SCSCF,GTW,B:GTW,SCSCF,B-200:SCSCF,MTAS,B-200:MTAS,SCSCF,B-200:SCSCF,PCSCF,B-200"
409,0,0,"PCSCF,SCSCF,I:SCSCF,PCSCF,T:SCSCF,ASLI,I:ASLI,SCSCF,T:ASLI,SCSCF,I-500:SCSCF,ASLI,A:MTAS,SCSCF,I:SCSCF,MTAS,T:SCSCF,GTW,I:GTW,SCSCF,T:GTW,SCSCF,R:SCSCF,MTAS,R:SCSCF,PCSCF,R:GTW,SCSCF,I-200:PCSCF,SCSCF,P:SCSCF,MTAS,P:MTAS,SCSCF,P:SCSCF,MTAS,I-200:SCSCF,GTW,P:SCSCF,PCSCF,I-200:GTW,SCSCF,P-200:SCSCF,MTAS,P-200:MTAS,SCSCF,P-200:SCSCF,PCSCF,P-200:PCSCF,SCSCF,A:SCSCF,MTAS,A:MTAS,SCSCF,A:SCSCF,GTW,A:MTAS,SCSCF,U:SCSCF,GTW,U:GTW,SCSCF,U-200:SCSCF,MTAS,U-200:MTAS,SCSCF,U:SCSCF,PCSCF,U:PCSCF,SCSCF,U-200:SCSCF,MTAS,U-200:MTAS,SCSCF,U:SCSCF,GTW,U:GTW,SCSCF,U-200:SCSCF,MTAS,U-200:MTAS,SCSCF,U:SCSCF,PCSCF,U:PCSCF,SCSCF,U-200:SCSCF,MTAS,U-200:PCSCF,SCSCF,B:SCSCF,MTAS,B:MTAS,SCSCF,B:SCSCF,GTW,B:GTW,SCSCF,B-200:SCSCF,MTAS,B-200:MTAS,SCSCF,B-200:SCSCF,PCSCF,B-200"
410,0,0,"PCSCF,SCSCF,I:SCSCF,ASLI,I:SCSCF,PCSCF,T:ASLI,SCSCF,T:ASLI,SCSCF,I-500:SCSCF,ASLI,A:MTAS,SCSCF,I:SCSCF,MTAS,T:SCSCF,ASLI,I:ASLI,SCSCF,T:ASLI,SCSCF,I-500:SCSCF,ASLI,A:SCSCF,MTAS,I:MTAS,SCSCF,T:MTAS,SCSCF,I-486:SCSCF,MTAS,A:SCSCF,MTAS,I-486:MTAS,SCSCF,A:SCSCF,PCSCF,S:PCSCF,SCSCF,P:SCSCF,PCSCF,P-200:PCSCF,SCSCF,C:SCSCF,PCSCF,C-200:SCSCF,PCSCF,I-487:PCSCF,SCSCF,A"
411,0,0,"PCSCF,SCSCF,I:SCSCF,PCSCF,T:SCSCF,PCSCF,I-407:PCSCF,SCSCF,A:PCSCF,SCSCF,I:SCSCF,PCSCF,T:SCSCF,ASLI,I:ASLI,SCSCF,T:ASLI,SCSCF,I-500:SCSCF,ASLI,A:MTAS,SCSCF,I:SCSCF,MTAS,T:SCSCF,GTW,I:GTW,SCSCF,T:GTW,SCSCF,S:SCSCF,MTAS,S:SCSCF,PCSCF,S:PCSCF,SCSCF,P:SCSCF,MTAS,P:MTAS,SCSCF,P:SCSCF,GTW,P:GTW,SCSCF,P-200:SCSCF,MTAS,P-200:MTAS,SCSCF,P-200:SCSCF,PCSCF,P-200:GTW,SCSCF,R:SCSCF,MTAS,R:SCSCF,PCSCF,R:PCSCF,SCSCF,P:SCSCF,MTAS,P:MTAS,SCSCF,P:SCSCF,GTW,P:GTW,SCSCF,P-200:SCSCF,MTAS,P-200:MTAS,SCSCF,P-200:SCSCF,PCSCF,P-200:GTW,SCSCF,I-200:SCSCF,MTAS,I-200:SCSCF,PCSCF,I-200:PCSCF,SCSCF,A:SCSCF,MTAS,A:MTAS,SCSCF,A:SCSCF,GTW,A:MTAS,SCSCF,U:SCSCF,GTW,U:GTW,SCSCF,U-200:SCSCF,MTAS,U-200:MTAS,SCSCF,U:SCSCF,PCSCF,U:PCSCF,SCSCF,U-200:SCSCF,MTAS,U-200:GTW,SCSCF,B:MTAS,SCSCF,B:SCSCF,PCSCF,B:PCSCF,SCSCF,B-200:SCSCF,MTAS,B-200:SCSCF,GTW,B-200"
412,0,0,"PCSCF,SCSCF,I:SCSCF,PCSCF,T:SCSCF,ASLI,I:ASLI,SCSCF,T:ASLI,SCSCF,I-500:SCSCF,ASLI,A:MTAS,SCSCF,I:SCSCF,MTAS,T:SCSCF,ASLI,I:ASLI,SCSCF,T:ASLI,SCSCF,I-500:SCSCF,ASLI,A:SCSCF,MTAS,I:MTAS,SCSCF,T:MTAS,SCSCF,I:SCSCF,MTAS,T:SCSCF,PCSCF,I:PCSCF,SCSCF,T:PCSCF,SCSCF,R:SCSCF,MTAS,R:MTAS,SCSCF,R:SCSCF,MTAS,R:SCSCF,PCSCF,R:PCSCF,SCSCF,P:MTAS,SCSCF,P:SCSCF,MTAS,P:MTAS,SCSCF,P:SCSCF,PCSCF,P:PCSCF,SCSCF,P-200:SCSCF,MTAS,P-200:MTAS,SCSCF,P-200:SCSCF,MTAS,P-200:SCSCF,PCSCF,P-200:PCSCF,SCSCF,I-200:SCSCF,MTAS,I-200:MTAS,SCSCF,I-200:SCSCF,MTAS,I-200:SCSCF,PCSCF,I-200:PCSCF,SCSCF,A:MTAS,SCSCF,A:SCSCF,MTAS,A:MTAS,SCSCF,A:SCSCF,PCSCF,A:MTAS,SCSCF,U:SCSCF,PCSCF,U:PCSCF,SCSCF,U-200:SCSCF,MTAS,U-200:MTAS,SCSCF,U:SCSCF,MTAS,U-200:MTAS,SCSCF,U:SCSCF,PCSCF,U:PCSCF,SCSCF,U-200:SCSCF,MTAS,U-200:MTAS,SCSCF,U:SCSCF,MTAS,U-200:SCSCF,PCSCF,U:PCSCF,SCSCF,U-200:SCSCF,MTAS,U-200:PCSCF,SCSCF,B:MTAS,SCSCF,B:SCSCF,MTAS,B:MTAS,SCSCF,B:SCSCF,PCSCF,B:PCSCF,SCSCF,B-200:SCSCF,MTAS,B-200:MTAS,SCSCF,B-200:SCSCF,MTAS,B-200:SCSCF,PCSCF,B-200"
413,0,0,"PCSCF,SCSCF,I:SCSCF,PCSCF,T:SCSCF,PCSCF,I-407:PCSCF,SCSCF,A:PCSCF,SCSCF,I:SCSCF,PCSCF,T:SCSCF,ASLI,I:ASLI,SCSCF,T:ASLI,SCSCF,I-500:SCSCF,ASLI,A:MTAS,SCSCF,I:SCSCF,MTAS,T:SCSCF,GTW,I:GTW,SCSCF,T:GTW,SCSCF,S:SCSCF,MTAS,S:SCSCF,PCSCF,S:PCSCF,SCSCF,P:SCSCF,MTAS,P:MTAS,SCSCF,P:SCSCF,GTW,P:GTW,SCSCF,P-200:SCSCF,MTAS,P-200:MTAS,SCSCF,P-200:GTW,SCSCF,R:SCSCF,PCSCF,P-200:SCSCF,MTAS,R:SCSCF,PCSCF,R:PCSCF,SCSCF,P:SCSCF,MTAS,P:MTAS,SCSCF,P:SCSCF,GTW,P:GTW,SCSCF,P-200:SCSCF,MTAS,P-200:MTAS,SCSCF,P-200:SCSCF,PCSCF,P-200:GTW,SCSCF,I-200:SCSCF,MTAS,I-200:SCSCF,PCSCF,I-200:PCSCF,SCSCF,A:SCSCF,MTAS,A:MTAS,SCSCF,A:SCSCF,GTW,A:PCSCF,SCSCF,B:SCSCF,MTAS,B:MTAS,SCSCF,B:SCSCF,GTW,B:GTW,SCSCF,B-200:SCSCF,MTAS,B-200:MTAS,SCSCF,B-200:SCSCF,PCSCF,B-200"
414,0,0,"PCSCF,SCSCF,I:SCSCF,ASLI,I:ASLI,SCSCF,T:ASLI,SCSCF,I-500:SCSCF,ASLI,A:MTAS,SCSCF,I:SCSCF,MTAS,T:SCSCF,GTW,I:GTW,SCSCF,T:SCSCF,PCSCF,T:GTW,SCSCF,S:SCSCF,MTAS,S:SCSCF,PCSCF,S:PCSCF,SCSCF,P:MTAS,SCSCF,P:SCSCF,GTW,P:GTW,SCSCF,P-200:SCSCF,MTAS,P-200:GTW,SCSCF,R:SCSCF,MTAS,R:SCSCF,PCSCF,P-200:SCSCF,PCSCF,R:PCSCF,SCSCF,P:MTAS,SCSCF,P:SCSCF,GTW,P:GTW,SCSCF,P-200:SCSCF,MTAS,P-200:SCSCF,PCSCF,P-200:GTW,SCSCF,I-200:SCSCF,MTAS,I-200:SCSCF,PCSCF,I-200:PCSCF,SCSCF,A:SCSCF,MTAS,A:MTAS,SCSCF,A:SCSCF,GTW,A:GTW,SCSCF,B:MTAS,SCSCF,B:SCSCF,PCSCF,B:PCSCF,SCSCF,B-200:SCSCF,MTAS,B-200:SCSCF,GTW,B-200"
415,0,0,"PCSCF,SCSCF,I:SCSCF,PCSCF,T:SCSCF,ASLI,I:ASLI,SCSCF,T:ASLI,SCSCF,I-500:SCSCF,ASLI,A:MTAS,SCSCF,I:SCSCF,MTAS,T:SCSCF,GTW,I:GTW,SCSCF,T:GTW,SCSCF,R:SCSCF,MTAS,R:SCSCF,PCSCF,R:PCSCF,SCSCF,P:MTAS,SCSCF,P:SCSCF,GTW,P:GTW,SCSCF,P-200:SCSCF,MTAS,P-200:SCSCF,PCSCF,P-200:GTW,SCSCF,I-200:SCSCF,MTAS,I-200:SCSCF,PCSCF,I-200:PCSCF,SCSCF,A:SCSCF,MTAS,A:MTAS,SCSCF,A:SCSCF,GTW,A:MTAS,SCSCF,U:SCSCF,GTW,U:GTW,SCSCF,U-200:SCSCF,MTAS,U-200:MTAS,SCSCF,U:SCSCF,PCSCF,U:PCSCF,SCSCF,U-200:SCSCF,MTAS,U-200:MTAS,SCSCF,U:SCSCF,GTW,U:GTW,SCSCF,U-200:SCSCF,MTAS,U-200:MTAS,SCSCF,U:SCSCF,PCSCF,U:PCSCF,SCSCF,U-200:SCSCF,MTAS,U-200:MTAS,SCSCF,U:SCSCF,GTW,U:GTW,SCSCF,U-200:SCSCF,MTAS,U-200:MTAS,SCSCF,U:SCSCF,PCSCF,U:PCSCF,SCSCF,U-200:SCSCF,MTAS,U-200:GTW,SCSCF,B:MTAS,SCSCF,B:SCSCF,PCSCF,B:PCSCF,SCSCF,B-200:SCSCF,MTAS,B-200:SCSCF,GTW,B-200"
416,0,0,"GTW,ICSCF,I:ICSCF,GTW,T:SCSCF,ASLI,I:ASLI,SCSCF,T:ASLI,SCSCF,I-500:SCSCF,ASLI,A:SCSCF,MTAS,I:MTAS,SCSCF,T:MTAS,SCSCF,I:SCSCF,MTAS,T:SCSCF,PCSCF,I:PCSCF,SCSCF,T:PCSCF,SCSCF,R:SCSCF,MTAS,R:MTAS,SCSCF,R:ICSCF,GTW,R:GTW,SCSCF,P:SCSCF,MTAS,P:MTAS,SCSCF,P:SCSCF,PCSCF,P:PCSCF,SCSCF,P-200:SCSCF,MTAS,P-200:MTAS,SCSCF,P-200:SCSCF,GTW,P-200:PCSCF,SCSCF,I-200:SCSCF,MTAS,I-200:MTAS,SCSCF,I-200:ICSCF,GTW,I-200:GTW,SCSCF,A:SCSCF,MTAS,A:MTAS,SCSCF,A:SCSCF,PCSCF,A:MTAS,SCSCF,U:SCSCF,PCSCF,U:PCSCF,SCSCF,U-200:SCSCF,MTAS,U-200:MTAS,SCSCF,U:SCSCF,GTW,U:GTW,SCSCF,U-200:SCSCF,MTAS,U-200:GTW,SCSCF,B:SCSCF,MTAS,B:MTAS,SCSCF,B:SCSCF,MTAS,B-200:MTAS,SCSCF,B-200:SCSCF,PCSCF,B:PCSCF,SCSCF,B-200:SCSCF,GTW,B-200"
417,0,0,"GTW,ICSCF,I:ICSCF,GTW,T:SCSCF,ASLI,I:ASLI,SCSCF,T:ASLI,SCSCF,I-500:SCSCF,ASLI,A:SCSCF,MTAS,I:MTAS,SCSCF,T:MTAS,SCSCF,I:SCSCF,MTAS,T:SCSCF,PCSCF,I:PCSCF,SCSCF,T:PCSCF,SCSCF,R:SCSCF,MTAS,R:MTAS,SCSCF,R:ICSCF,GTW,R:GTW,SCSCF,P:SCSCF,MTAS,P:MTAS,SCSCF,P:SCSCF,PCSCF,P:PCSCF,SCSCF,P-200:SCSCF,MTAS,P-200:MTAS,SCSCF,P-200:SCSCF,GTW,P-200:GTW,ICSCF,C:SCSCF,MTAS,C:ICSCF,GTW,C-200:MTAS,SCSCF,C-200:MTAS,SCSCF,C:SCSCF,MTAS,C-200:SCSCF,PCSCF,C:PCSCF,SCSCF,C-200:PCSCF,SCSCF,I-487:SCSCF,PCSCF,A:SCSCF,MTAS,I-487:MTAS,SCSCF,A:MTAS,SCSCF,I-487:SCSCF,MTAS,A:ICSCF,GTW,I-487:GTW,ICSCF,A"
418,0,0,"PCSCF,SCSCF,I:SCSCF,ASLI,I:SCSCF,PCSCF,T:ASLI,SCSCF,T:ASLI,SCSCF,I-500:SCSCF,ASLI,A:MTAS,SCSCF,I:SCSCF,MTAS,T:SCSCF,GTW,I:GTW,SCSCF,T:GTW,SCSCF,S:SCSCF,MTAS,S:SCSCF,PCSCF,S:PCSCF,SCSCF,P:SCSCF,MTAS,P:MTAS,SCSCF,P:SCSCF,GTW,P:GTW,SCSCF,P-200:GTW,SCSCF,R:SCSCF,MTAS,P-200:SCSCF,MTAS,R:MTAS,SCSCF,P-200:SCSCF,PCSCF,P-200:SCSCF,PCSCF,R:PCSCF,SCSCF,P:SCSCF,MTAS,P:MTAS,SCSCF,P:SCSCF,GTW,P:GTW,SCSCF,P-200:SCSCF,MTAS,P-200:MTAS,SCSCF,P-200:SCSCF,PCSCF,P-200:GTW,SCSCF,I-200:SCSCF,MTAS,I-200:SCSCF,PCSCF,I-200:PCSCF,SCSCF,A:SCSCF,MTAS,A:MTAS,SCSCF,A:SCSCF,GTW,A:GTW,SCSCF,B:MTAS,SCSCF,B:SCSCF,PCSCF,B:PCSCF,SCSCF,B-200:SCSCF,MTAS,B-200:SCSCF,GTW,B-200"
419,0,0,"PCSCF,SCSCF,I:SCSCF,PCSCF,T:SCSCF,ASLI,I:ASLI,SCSCF,T:ASLI,SCSCF,I-500:SCSCF,ASLI,A:MTAS,SCSCF,I:SCSCF,MTAS,T:SCSCF,GTW,I:GTW,SCSCF,T:GTW,SCSCF,S:SCSCF,MTAS,S:SCSCF,PCSCF,S:PCSCF,SCSCF,P:MTAS,SCSCF,P:SCSCF,GTW,P:GTW,SCSCF,P-200:SCSCF,MTAS,P-200:SCSCF,PCSCF,P-200:GTW,SCSCF,R:SCSCF,MTAS,R:SCSCF,PCSCF,R:PCSCF,SCSCF,P:MTAS,SCSCF,P:SCSCF,GTW,P:GTW,SCSCF,P-200:SCSCF,MTAS,P-200:SCSCF,PCSCF,P-200:PCSCF,SCSCF,C:MTAS,SCSCF,C:SCSCF,MTAS,C-200:SCSCF,GTW,C:GTW,SCSCF,C-200:GTW,SCSCF,I-487:SCSCF,PCSCF,C-200:SCSCF,GTW,A:SCSCF,MTAS,I-487:MTAS,SCSCF,A:SCSCF,PCSCF,I-487:PCSCF,SCSCF,A"
420,0,0,"PCSCF,SCSCF,I:SCSCF,ASLI,I:ASLI,SCSCF,T:ASLI,SCSCF,I-500:SCSCF,ASLI,A:MTAS,SCSCF,I:SCSCF,PCSCF,T:SCSCF,MTAS,T:SCSCF,GTW,I:GTW,SCSCF,T:GTW,SCSCF,S:SCSCF,MTAS,S:SCSCF,PCSCF,S:PCSCF,SCSCF,P:SCSCF,MTAS,P:MTAS,SCSCF,P:SCSCF,GTW,P:GTW,SCSCF,P-200:SCSCF,MTAS,P-200:MTAS,SCSCF,P-200:SCSCF,PCSCF,P-200:GTW,SCSCF,R:SCSCF,MTAS,R:SCSCF,PCSCF,R:PCSCF,SCSCF,P:SCSCF,MTAS,P:MTAS,SCSCF,P:SCSCF,GTW,P:GTW,SCSCF,P-200:SCSCF,MTAS,P-200:MTAS,SCSCF,P-200:SCSCF,PCSCF,P-200:GTW,SCSCF,I-200:SCSCF,MTAS,I-200:SCSCF,PCSCF,I-200:PCSCF,SCSCF,A:SCSCF,MTAS,A:MTAS,SCSCF,A:SCSCF,GTW,A:MTAS,SCSCF,U:SCSCF,GTW,U:GTW,SCSCF,U-200:SCSCF,MTAS,U-200:MTAS,SCSCF,U:SCSCF,PCSCF,U:PCSCF,SCSCF,U-200:SCSCF,MTAS,U-200:MTAS,SCSCF,U:SCSCF,GTW,U:SCSCF,PCSCF,U:GTW,SCSCF,U-200:SCSCF,MTAS,U-200:PCSCF,SCSCF,U-200:SCSCF,MTAS,U-200:MTAS,SCSCF,U:SCSCF,GTW,U:SCSCF,PCSCF,U:GTW,SCSCF,U-200:SCSCF,MTAS,U-200:PCSCF,SCSCF,U-200:SCSCF,MTAS,U-200:MTAS,SCSCF,U:SCSCF,GTW,U:SCSCF,PCSCF,U:GTW,SCSCF,U-200:SCSCF,MTAS,U-200:PCSCF,SCSCF,U-200:SCSCF,MTAS,U-200:MTAS,SCSCF,U:SCSCF,GTW,U:GTW,SCSCF,U-200:SCSCF,MTAS,U-200:MTAS,SCSCF,U:SCSCF,PCSCF,U:PCSCF,SCSCF,U-200:SCSCF,MTAS,U-200:MTAS,SCSCF,U:SCSCF,GTW,U:SCSCF,PCSCF,U:GTW,SCSCF,U-200:SCSCF,MTAS,U-200:PCSCF,SCSCF,U-200:SCSCF,MTAS,U-200:PCSCF,SCSCF,B:SCSCF,MTAS,B:MTAS,SCSCF,B:SCSCF,GTW,B:GTW,SCSCF,B-200:SCSCF,MTAS,B-200:MTAS,SCSCF,B-200:SCSCF,PCSCF,B-200"
421,0,0,"GTW,ICSCF,I:ICSCF,GTW,T:SCSCF,ASLI,I:ASLI,SCSCF,T:ASLI,SCSCF,I-500:SCSCF,MTAS,I:SCSCF,ASLI,A:MTAS,SCSCF,T:MTAS,SCSCF,I:SCSCF,MTAS,T:SCSCF,PCSCF,I:PCSCF,SCSCF,T:PCSCF,SCSCF,R:SCSCF,MTAS,R:MTAS,SCSCF,R:ICSCF,GTW,R:GTW,SCSCF,P:SCSCF,MTAS,P:MTAS,SCSCF,P:SCSCF,PCSCF,P:PCSCF,SCSCF,P-200:SCSCF,MTAS,P-200:MTAS,SCSCF,P-200:SCSCF,GTW,P-200:PCSCF,SCSCF,I-200:SCSCF,MTAS,I-200:MTAS,SCSCF,I-200:ICSCF,GTW,I-200:GTW,SCSCF,A:SCSCF,MTAS,A:MTAS,SCSCF,A:SCSCF,PCSCF,A:PCSCF,SCSCF,I:SCSCF,PCSCF,T:SCSCF,MTAS,I:MTAS,SCSCF,T:MTAS,SCSCF,I:SCSCF,MTAS,T:SCSCF,GTW,I:GTW,SCSCF,T:GTW,SCSCF,I-200:SCSCF,MTAS,I-200:MTAS,SCSCF,I-200:SCSCF,PCSCF,I-200:PCSCF,SCSCF,A:SCSCF,MTAS,A:MTAS,SCSCF,A:SCSCF,GTW,A:GTW,SCSCF,B:SCSCF,MTAS,B:MTAS,SCSCF,B:SCSCF,PCSCF,B:PCSCF,SCSCF,B-200:SCSCF,MTAS,B-200:MTAS,SCSCF,B-200:SCSCF,GTW,B-200"
422,0,0,"PCSCF,SCSCF,I:SCSCF,ASLI,I:ASLI,SCSCF,T:SCSCF,PCSCF,T:ASLI,SCSCF,I-500:SCSCF,ASLI,A:MTAS,SCSCF,I:SCSCF,MTAS,T:SCSCF,GTW,I:GTW,SCSCF,T:GTW,SCSCF,I-200:SCSCF,MTAS,I-200:SCSCF,PCSCF,I-200:PCSCF,SCSCF,A:SCSCF,MTAS,A:MTAS,SCSCF,A:SCSCF,GTW,A:GTW,SCSCF,I:SCSCF,GTW,T:MTAS,SCSCF,I:SCSCF,MTAS,T:SCSCF,PCSCF,I:PCSCF,SCSCF,I-200:SCSCF,MTAS,I-200:SCSCF,GTW,I-200:GTW,SCSCF,A:MTAS,SCSCF,A:SCSCF,PCSCF,A:GTW,SCSCF,B:MTAS,SCSCF,B:SCSCF,PCSCF,B:PCSCF,SCSCF,B-200:SCSCF,MTAS,B-200:SCSCF,GTW,B-200"
423,0,0,"GTW,ICSCF,I:ICSCF,GTW,T:SCSCF,ASLI,I:ASLI,SCSCF,T:ASLI,SCSCF,I-500:SCSCF,ASLI,A:SCSCF,MTAS,I:MTAS,SCSCF,T:MTAS,SCSCF,I:SCSCF,MTAS,T:SCSCF,PCSCF,I:PCSCF,SCSCF,T:PCSCF,SCSCF,R:SCSCF,MTAS,R:MTAS,SCSCF,R:ICSCF,GTW,R:GTW,SCSCF,P:SCSCF,MTAS,P:MTAS,SCSCF,P:SCSCF,PCSCF,P:PCSCF,SCSCF,P-200:SCSCF,MTAS,P-200:MTAS,SCSCF,P-200:SCSCF,GTW,P-200:PCSCF,SCSCF,I-200:SCSCF,MTAS,I-200:MTAS,SCSCF,I-200:ICSCF,GTW,I-200:GTW,SCSCF,A:SCSCF,MTAS,A:MTAS,SCSCF,A:SCSCF,PCSCF,A:MTAS,SCSCF,U:SCSCF,PCSCF,U:PCSCF,SCSCF,U-200:MTAS,SCSCF,U:SCSCF,GTW,U:SCSCF,MTAS,U-200:GTW,SCSCF,U-200:SCSCF,MTAS,U-200:PCSCF,SCSCF,B:SCSCF,MTAS,B:MTAS,SCSCF,B:SCSCF,GTW,B:GTW,SCSCF,B-200:SCSCF,MTAS,B-200:MTAS,SCSCF,B-200:SCSCF,PCSCF,B-200"
424,0,0,"GTW,ICSCF,I:ICSCF,GTW,T:SCSCF,ASLI,I:ASLI,SCSCF,T:ASLI,SCSCF,I-500:SCSCF,MTAS,I:MTAS,SCSCF,T:MTAS,SCSCF,I:SCSCF,MTAS,T:SCSCF,PCSCF,I:PCSCF,SCSCF,T:SCSCF,ASLI,A:PCSCF,SCSCF,R:SCSCF,MTAS,R:MTAS,SCSCF,R:ICSCF,GTW,R:GTW,SCSCF,P:SCSCF,MTAS,P:MTAS,SCSCF,P:SCSCF,PCSCF,P:PCSCF,SCSCF,P-200:SCSCF,MTAS,P-200:MTAS,SCSCF,P-200:SCSCF,GTW,P-200:GTW,ICSCF,C:ICSCF,GTW,C-200:SCSCF,MTAS,C:MTAS,SCSCF,C-200:MTAS,SCSCF,C:SCSCF,MTAS,C-200:SCSCF,PCSCF,C:PCSCF,SCSCF,C-200:PCSCF,SCSCF,I-487:SCSCF,MTAS,I-487:MTAS,SCSCF,A:MTAS,SCSCF,I-487:SCSCF,MTAS,A:ICSCF,GTW,I-487:SCSCF,PCSCF,A:GTW,ICSCF,A"
425,0,0,"PCSCF,SCSCF,I:SCSCF,PCSCF,T:SCSCF,PCSCF,I-407:PCSCF,SCSCF,A:PCSCF,SCSCF,I:SCSCF,ASLI,I:ASLI,SCSCF,T:SCSCF,PCSCF,T:ASLI,SCSCF,I-500:SCSCF,ASLI,A:MTAS,SCSCF,I:SCSCF,MTAS,T:SCSCF,GTW,I:GTW,SCSCF,T:GTW,SCSCF,I-504:SCSCF,GTW,A:SCSCF,MTAS,I-504:MTAS,SCSCF,A:SCSCF,PCSCF,I-504:PCSCF,SCSCF,A"
426,0,0,"PCSCF,SCSCF,I:SCSCF,ASLI,I:ASLI,SCSCF,T:SCSCF,PCSCF,T:ASLI,SCSCF,I-500:SCSCF,ASLI,A:MTAS,SCSCF,I:SCSCF,MTAS,T:SCSCF,GTW,I:GTW,SCSCF,T:GTW,SCSCF,S:SCSCF,MTAS,S:SCSCF,PCSCF,S:PCSCF,SCSCF,P:MTAS,SCSCF,P:SCSCF,GTW,P:GTW,SCSCF,P-200:GTW,SCSCF,R:SCSCF,MTAS,P-200:SCSCF,MTAS,R:SCSCF,PCSCF,P-200:SCSCF,PCSCF,R:PCSCF,SCSCF,P:MTAS,SCSCF,P:SCSCF,GTW,P:GTW,SCSCF,P-200:SCSCF,MTAS,P-200:SCSCF,PCSCF,P-200:GTW,SCSCF,I-200:SCSCF,MTAS,I-200:SCSCF,PCSCF,I-200:PCSCF,SCSCF,A:SCSCF,MTAS,A:MTAS,SCSCF,A:SCSCF,GTW,A:PCSCF,SCSCF,B:MTAS,SCSCF,B:SCSCF,GTW,B:GTW,SCSCF,B-200:SCSCF,MTAS,B-200:SCSCF,PCSCF,B-200"
427,0,0,"PCSCF,SCSCF,I:SCSCF,ASLI,I:SCSCF,PCSCF,T:ASLI,SCSCF,T:ASLI,SCSCF,I-500:SCSCF,ASLI,A:MTAS,SCSCF,I:SCSCF,MTAS,T:SCSCF,GTW,I:GTW,SCSCF,T:GTW,SCSCF,S:SCSCF,MTAS,S:SCSCF,PCSCF,S:PCSCF,SCSCF,P:MTAS,SCSCF,P:SCSCF,GTW,P:GTW,SCSCF,P-200:GTW,SCSCF,R:SCSCF,MTAS,P-200:SCSCF,MTAS,R:SCSCF,PCSCF,P-200:SCSCF,PCSCF,R:PCSCF,SCSCF,P:MTAS,SCSCF,P:SCSCF,GTW,P:GTW,SCSCF,P-200:SCSCF,MTAS,P-200:SCSCF,PCSCF,P-200:GTW,SCSCF,I-200:SCSCF,MTAS,I-200:SCSCF,PCSCF,I-200:PCSCF,SCSCF,A:SCSCF,MTAS,A:MTAS,SCSCF,A:SCSCF,GTW,A:GTW,SCSCF,B:MTAS,SCSCF,B:SCSCF,PCSCF,B:PCSCF,SCSCF,B-200:SCSCF,MTAS,B-200:SCSCF,GTW,B-200"
428,0,0,"MTAS,SCSCF,I:SCSCF,MTAS,T:SCSCF,PCSCF,I:PCSCF,SCSCF,T:PCSCF,SCSCF,R:SCSCF,MTAS,R:MTAS,SCSCF,P:SCSCF,PCSCF,P:PCSCF,SCSCF,P-200:SCSCF,MTAS,P-200:PCSCF,SCSCF,I-200:SCSCF,MTAS,I-200:MTAS,SCSCF,A:SCSCF,PCSCF,A:PCSCF,SCSCF,I-200:SCSCF,MTAS,I-200:MTAS,SCSCF,A:SCSCF,PCSCF,A:PCSCF,SCSCF,B:SCSCF,MTAS,B:MTAS,SCSCF,B-200:SCSCF,PCSCF,B-200"
429,0,0,"GTW,ICSCF,I:ICSCF,GTW,T:SCSCF,ASLI,I:ASLI,SCSCF,T:ASLI,SCSCF,I-500:SCSCF,ASLI,A:SCSCF,MTAS,I:MTAS,SCSCF,T:MTAS,SCSCF,I:SCSCF,MTAS,T:SCSCF,PCSCF,I:PCSCF,SCSCF,T:PCSCF,SCSCF,R:SCSCF,MTAS,R:MTAS,SCSCF,R:ICSCF,GTW,R:GTW,SCSCF,P:SCSCF,MTAS,P:MTAS,SCSCF,P:SCSCF,PCSCF,P:PCSCF,SCSCF,P-200:SCSCF,MTAS,P-200:MTAS,SCSCF,P-200:SCSCF,GTW,P-200:PCSCF,SCSCF,I-200:SCSCF,MTAS,I-200:MTAS,SCSCF,I-200:ICSCF,GTW,I-200:GTW,SCSCF,A:SCSCF,MTAS,A:MTAS,SCSCF,A:SCSCF,PCSCF,A:SCSCF,MTAS,B:PCSCF,SCSCF,B:MTAS,SCSCF,B:SCSCF,GTW,B:GTW,SCSCF,B-200:SCSCF,MTAS,B-200:MTAS,SCSCF,B-200:SCSCF,PCSCF,B-200"
430,0,0,"GTW,ICSCF,I:ICSCF,GTW,T:SCSCF,ASLI,I:ASLI,SCSCF,T:ASLI,SCSCF,I-500:SCSCF,ASLI,A:SCSCF,MTAS,I:MTAS,SCSCF,T:MTAS,SCSCF,I:SCSCF,MTAS,T:SCSCF,PCSCF,I:PCSCF,SCSCF,T:PCSCF,SCSCF,R:SCSCF,MTAS,R:MTAS,SCSCF,R:ICSCF,GTW,R:GTW,SCSCF,P:SCSCF,MTAS,P:MTAS,SCSCF,P:SCSCF,PCSCF,P:PCSCF,SCSCF,P-200:SCSCF,MTAS,P-200:MTAS,SCSCF,P-200:SCSCF,GTW,P-200:GTW,ICSCF,C:ICSCF,GTW,C-200:SCSCF,MTAS,C:MTAS,SCSCF,C:SCSCF,MTAS,C-200:MTAS,SCSCF,C-200:SCSCF,PCSCF,C:PCSCF,SCSCF,C-200:PCSCF,SCSCF,I-487:SCSCF,PCSCF,A:SCSCF,MTAS,I-487:MTAS,SCSCF,A:MTAS,SCSCF,I-487:SCSCF,MTAS,A:ICSCF,GTW,I-487:GTW,ICSCF,A"
431,0,0,"PCSCF,SCSCF,I:SCSCF,PCSCF,T:SCSCF,ASLI,I:ASLI,SCSCF,T:ASLI,SCSCF,I-500:SCSCF,ASLI,A:MTAS,SCSCF,I:SCSCF,MTAS,T:SCSCF,GTW,I:GTW,SCSCF,T:GTW,SCSCF,S:SCSCF,MTAS,S:SCSCF,PCSCF,S:PCSCF,SCSCF,P:MTAS,SCSCF,P:SCSCF,GTW,P:GTW,SCSCF,P-200:GTW,SCSCF,S:SCSCF,MTAS,P-200:SCSCF,MTAS,S:SCSCF,PCSCF,P-200:SCSCF,PCSCF,S:PCSCF,SCSCF,P:MTAS,SCSCF,P:SCSCF,GTW,P:GTW,SCSCF,P-200:GTW,SCSCF,R:SCSCF,MTAS,P-200:SCSCF,MTAS,R:SCSCF,PCSCF,P-200:SCSCF,PCSCF,R:PCSCF,SCSCF,P:MTAS,SCSCF,P:SCSCF,GTW,P:GTW,SCSCF,P-200:SCSCF,MTAS,P-200:SCSCF,PCSCF,P-200:GTW,SCSCF,I-200:SCSCF,MTAS,I-200:SCSCF,PCSCF,I-200:PCSCF,SCSCF,A:SCSCF,MTAS,A:MTAS,SCSCF,A:SCSCF,GTW,A:MTAS,SCSCF,U:SCSCF,GTW,U:SCSCF,PCSCF,U:GTW,SCSCF,U-200:SCSCF,MTAS,U-200:PCSCF,SCSCF,U-200:SCSCF,MTAS,U-200:MTAS,SCSCF,U:SCSCF,GTW,U:GTW,SCSCF,U-200:SCSCF,MTAS,U-200:MTAS,SCSCF,U:SCSCF,PCSCF,U:PCSCF,SCSCF,U-200:SCSCF,MTAS,U-200:PCSCF,SCSCF,B:SCSCF,MTAS,B:MTAS,SCSCF,B:SCSCF,GTW,B:GTW,SCSCF,B-200:SCSCF,MTAS,B-200:MTAS,SCSCF,B-200:SCSCF,PCSCF,B-200"
432,0,0,"GTW,ICSCF,I:ICSCF,GTW,T:SCSCF,ASLI,I:ASLI,SCSCF,T:ASLI,SCSCF,I-500:SCSCF,ASLI,A:SCSCF,MTAS,I:MTAS,SCSCF,I:SCSCF,MTAS,T:SCSCF,PCSCF,I:PCSCF,SCSCF,T:MTAS,SCSCF,T:PCSCF,SCSCF,R:SCSCF,MTAS,R:MTAS,SCSCF,R:ICSCF,GTW,R:GTW,SCSCF,P:SCSCF,MTAS,P:MTAS,SCSCF,P:SCSCF,PCSCF,P:PCSCF,SCSCF,P-200:SCSCF,MTAS,P-200:MTAS,SCSCF,P-200:SCSCF,GTW,P-200:PCSCF,SCSCF,I-200:SCSCF,MTAS,I-200:MTAS,SCSCF,I-200:ICSCF,GTW,I-200:GTW,SCSCF,A:SCSCF,MTAS,A:MTAS,SCSCF,A:SCSCF,PCSCF,A:MTAS,SCSCF,U:SCSCF,GTW,U:GTW,SCSCF,U-200:SCSCF,PCSCF,U:SCSCF,MTAS,U-200:PCSCF,SCSCF,U-200:SCSCF,MTAS,U-200:GTW,SCSCF,B:SCSCF,MTAS,B:MTAS,SCSCF,B:SCSCF,PCSCF,B:PCSCF,SCSCF,B-200:SCSCF,MTAS,B-200:MTAS,SCSCF,B-200:SCSCF,GTW,B-200"
433,0,0,"PCSCF,SCSCF,I:SCSCF,PCSCF,T:SCSCF,PCSCF,I-407:PCSCF,SCSCF,A:PCSCF,SCSCF,I:SCSCF,PCSCF,T:SCSCF,ASLI,I:ASLI,SCSCF,T:ASLI,SCSCF,I-500:SCSCF,ASLI,A:MTAS,SCSCF,I:SCSCF,MTAS,T:SCSCF,GTW,I:GTW,SCSCF,T:GTW,SCSCF,R:SCSCF,MTAS,R:SCSCF,PCSCF,R:PCSCF,SCSCF,P:MTAS,SCSCF,P:SCSCF,GTW,P:GTW,SCSCF,P-200:SCSCF,MTAS,P-200:SCSCF,PCSCF,P-200:PCSCF,SCSCF,C:MTAS,SCSCF,C:SCSCF,MTAS,C-200:SCSCF,GTW,C:GTW,SCSCF,C-200:GTW,SCSCF,I-487:SCSCF,PCSCF,C-200:SCSCF,GTW,A:SCSCF,MTAS,I-487:MTAS,SCSCF,A:SCSCF,PCSCF,I-487:PCSCF,SCSCF,A"
434,0,0,"PCSCF,SCSCF,I:SCSCF,PCSCF,T:SCSCF,PCSCF,I-407:PCSCF,SCSCF,A:PCSCF,SCSCF,I:SCSCF,PCSCF,T:SCSCF,ASLI,I:ASLI,SCSCF,T:ASLI,SCSCF,I-500:MTAS,SCSCF,I:SCSCF,MTAS,T:SCSCF,ASLI,A:SCSCF,GTW,I:GTW,SCSCF,T:GTW,SCSCF,S:SCSCF,MTAS,S:SCSCF,PCSCF,S:PCSCF,SCSCF,P:SCSCF,MTAS,P:MTAS,SCSCF,P:SCSCF,GTW,P:GTW,SCSCF,P-200:SCSCF,MTAS,P-200:MTAS,SCSCF,P-200:SCSCF,PCSCF,P-200:GTW,SCSCF,R:SCSCF,MTAS,R:SCSCF,PCSCF,R:PCSCF,SCSCF,P:SCSCF,MTAS,P:MTAS,SCSCF,P:SCSCF,GTW,P:GTW,SCSCF,P-200:SCSCF,MTAS,P-200:MTAS,SCSCF,P-200:SCSCF,PCSCF,P-200:PCSCF,SCSCF,C:SCSCF,PCSCF,C-200:MTAS,SCSCF,C:SCSCF,MTAS,C-200:SCSCF,GTW,C:GTW,SCSCF,C-200:GTW,SCSCF,I-487:SCSCF,GTW,A:SCSCF,MTAS,I-487:MTAS,SCSCF,A:SCSCF,PCSCF,I-487:PCSCF,SCSCF,A"
435,0,0,"PCSCF,SCSCF,I:SCSCF,PCSCF,T:SCSCF,PCSCF,I-407:PCSCF,SCSCF,A:PCSCF,SCSCF,I:SCSCF,PCSCF,T:SCSCF,ASLI,I:ASLI,SCSCF,T:ASLI,SCSCF,I-500:SCSCF,ASLI,A:MTAS,SCSCF,I:SCSCF,MTAS,T:SCSCF,GTW,I:GTW,SCSCF,T:GTW,SCSCF,S:SCSCF,MTAS,S:SCSCF,PCSCF,S:PCSCF,SCSCF,P:SCSCF,MTAS,P:MTAS,SCSCF,P:SCSCF,GTW,P:GTW,SCSCF,P-200:GTW,SCSCF,R:SCSCF,MTAS,P-200:SCSCF,MTAS,R:MTAS,SCSCF,P-200:SCSCF,PCSCF,P-200:SCSCF,PCSCF,R:PCSCF,SCSCF,P:SCSCF,MTAS,P:MTAS,SCSCF,P:SCSCF,GTW,P:GTW,SCSCF,P-200:SCSCF,MTAS,P-200:MTAS,SCSCF,P-200:SCSCF,PCSCF,P-200:PCSCF,SCSCF,C:SCSCF,PCSCF,C-200:MTAS,SCSCF,C:SCSCF,MTAS,C-200:SCSCF,GTW,C:GTW,SCSCF,C-200:GTW,SCSCF,I-487:SCSCF,GTW,A:SCSCF,MTAS,I-487:MTAS,SCSCF,A:SCSCF,PCSCF,I-487:PCSCF,SCSCF,A"
436,0,0,"PCSCF,SCSCF,I:SCSCF,PCSCF,T:SCSCF,ASLI,I:ASLI,SCSCF,T:ASLI,SCSCF,I-500:SCSCF,ASLI,A:MTAS,SCSCF,I:SCSCF,MTAS,T:SCSCF,ASLI,I:ASLI,SCSCF,T:ASLI,SCSCF,I-500:SCSCF,ASLI,A:SCSCF,MTAS,I:MTAS,SCSCF,T:MTAS,SCSCF,I:SCSCF,MTAS,T:SCSCF,PCSCF,I:PCSCF,SCSCF,T:PCSCF,SCSCF,R:SCSCF,MTAS,R:MTAS,SCSCF,R:SCSCF,MTAS,R:SCSCF,PCSCF,R:PCSCF,SCSCF,P:MTAS,SCSCF,P:SCSCF,MTAS,P:MTAS,SCSCF,P:SCSCF,PCSCF,P:PCSCF,SCSCF,P-200:SCSCF,MTAS,P-200:MTAS,SCSCF,P-200:SCSCF,MTAS,P-200:SCSCF,PCSCF,P-200:PCSCF,SCSCF,C:SCSCF,PCSCF,C-200:MTAS,SCSCF,C:SCSCF,MTAS,C-200:SCSCF,MTAS,C:MTAS,SCSCF,C-200:MTAS,SCSCF,C:SCSCF,MTAS,C-200:SCSCF,PCSCF,C:PCSCF,SCSCF,C-200:PCSCF,SCSCF,I-487:SCSCF,MTAS,I-487:SCSCF,PCSCF,A:MTAS,SCSCF,A:MTAS,SCSCF,I-487:SCSCF,MTAS,A:SCSCF,MTAS,I-487:MTAS,SCSCF,A:SCSCF,PCSCF,I-487:PCSCF,SCSCF,A"
437,0,1,"GTW,ICSCF,I:ICSCF,GTW,T:SCSCF,ASLI,I:ASLI,SCSCF,T:ASLI,SCSCF,I-500:SCSCF,ASLI,A:SCSCF,MTAS,I:MTAS,SCSCF,T:MTAS,SCSCF,I:SCSCF,MTAS,T:SCSCF,GTW,I:MTAS,SCSCF,W:ICSCF,GTW,W:GTW,SCSCF,T:GTW,SCSCF,S:SCSCF,MTAS,S:MTAS,SCSCF,S:ICSCF,GTW,S:GTW,SCSCF,P:SCSCF,MTAS,P:MTAS,SCSCF,P:SCSCF,GTW,P:GTW,SCSCF,P-200:SCSCF,MTAS,P-200:MTAS,SCSCF,P-200:SCSCF,GTW,P-200:GTW,SCSCF,I-480:SCSCF,GTW,A:SCSCF,MTAS,I-480:MTAS,SCSCF,A:MTAS,SCSCF,I-480:SCSCF,MTAS,A:ICSCF,GTW,I-480:GTW,ICSCF,A"
438,0,0,"PCSCF,SCSCF,I:SCSCF,PCSCF,T:SCSCF,ASLI,I:ASLI,SCSCF,T:ASLI,SCSCF,I-500:SCSCF,ASLI,A:MTAS,SCSCF,I:SCSCF,MTAS,T:SCSCF,GTW,I:GTW,SCSCF,T:GTW,SCSCF,R:SCSCF,MTAS,R:SCSCF,PCSCF,R:PCSCF,SCSCF,P:SCSCF,MTAS,P:MTAS,SCSCF,P:SCSCF,GTW,P:GTW,SCSCF,P-200:SCSCF,MTAS,P-200:MTAS,SCSCF,P-200:SCSCF,PCSCF,P-200:PCSCF,SCSCF,C:MTAS,SCSCF,C:SCSCF,MTAS,C-200:SCSCF,GTW,C:GTW,SCSCF,C-200:GTW,SCSCF,I-487:SCSCF,GTW,A:SCSCF,PCSCF,C-200:SCSCF,MTAS,I-487:MTAS,SCSCF,A:SCSCF,PCSCF,I-487:PCSCF,SCSCF,A"
439,0,0,"PCSCF,SCSCF,I:SCSCF,PCSCF,T:SCSCF,ASLI,I:ASLI,SCSCF,T:ASLI,SCSCF,I-500:SCSCF,ASLI,A:MTAS,SCSCF,I:SCSCF,MTAS,T:SCSCF,GTW,I:GTW,SCSCF,T:GTW,SCSCF,S:SCSCF,MTAS,S:SCSCF,PCSCF,S:PCSCF,SCSCF,P:MTAS,SCSCF,P:SCSCF,GTW,P:GTW,SCSCF,P-200:SCSCF,MTAS,P-200:SCSCF,PCSCF,P-200:GTW,SCSCF,R:SCSCF,MTAS,R:SCSCF,PCSCF,R:PCSCF,SCSCF,P:MTAS,SCSCF,P:SCSCF,GTW,P:GTW,SCSCF,P-200:SCSCF,MTAS,P-200:SCSCF,PCSCF,P-200:GTW,SCSCF,I-200:SCSCF,MTAS,I-200:SCSCF,PCSCF,I-200:PCSCF,SCSCF,A:SCSCF,MTAS,A:MTAS,SCSCF,A:SCSCF,GTW,A:MTAS,SCSCF,U:SCSCF,GTW,U:SCSCF,PCSCF,U:GTW,SCSCF,U-200:SCSCF,MTAS,U-200:PCSCF,SCSCF,U-200:SCSCF,MTAS,U-200:MTAS,SCSCF,U:SCSCF,GTW,U:GTW,SCSCF,U-200:SCSCF,MTAS,U-200:MTAS,SCSCF,U:SCSCF,PCSCF,U:PCSCF,SCSCF,U-200:SCSCF,MTAS,U-200:MTAS,SCSCF,U:SCSCF,GTW,U:GTW,SCSCF,U-200:SCSCF,MTAS,U-200:MTAS,SCSCF,U:SCSCF,PCSCF,U:PCSCF,SCSCF,U-200:SCSCF,MTAS,U-200:MTAS,SCSCF,U:SCSCF,GTW,U:GTW,SCSCF,U-200:SCSCF,MTAS,U-200:MTAS,SCSCF,U:SCSCF,PCSCF,U:PCSCF,SCSCF,U-200:SCSCF,MTAS,U-200:PCSCF,SCSCF,B:MTAS,SCSCF,B:SCSCF,GTW,B:GTW,SCSCF,B-200:SCSCF,MTAS,B-200:SCSCF,PCSCF,B-200"
440,0,1,"GTW,ICSCF,I:ICSCF,GTW,T:SCSCF,ASLI,I:ASLI,SCSCF,T:ASLI,SCSCF,I-500:SCSCF,ASLI,A:SCSCF,MTAS,I:MTAS,SCSCF,T:MTAS,SCSCF,W:ICSCF,GTW,W:MTAS,SCSCF,I:SCSCF,MTAS,T:SCSCF,GTW,I:GTW,SCSCF,T:GTW,SCSCF,S:SCSCF,MTAS,S:MTAS,SCSCF,S:ICSCF,GTW,S:GTW,SCSCF,P:SCSCF,MTAS,P:MTAS,SCSCF,P:SCSCF,GTW,P:GTW,SCSCF,P-200:SCSCF,MTAS,P-200:MTAS,SCSCF,P-200:SCSCF,GTW,P-200:GTW,SCSCF,R:SCSCF,MTAS,R:MTAS,SCSCF,R:ICSCF,GTW,R:GTW,SCSCF,P:SCSCF,MTAS,P:MTAS,SCSCF,P:SCSCF,GTW,P:GTW,SCSCF,P-200:SCSCF,MTAS,P-200:MTAS,SCSCF,P-200:SCSCF,GTW,P-200:GTW,ICSCF,C:ICSCF,GTW,C-200:SCSCF,MTAS,C:MTAS,SCSCF,C-200:MTAS,SCSCF,C:SCSCF,MTAS,C-200:SCSCF,GTW,C:GTW,SCSCF,C-200:GTW,SCSCF,I-487:SCSCF,GTW,A:MTAS,SCSCF,I-487:SCSCF,MTAS,I-487:MTAS,SCSCF,A:SCSCF,MTAS,A:ICSCF,GTW,I-487:GTW,ICSCF,A"
441,0,0,"PCSCF,SCSCF,I:SCSCF,PCSCF,T:SCSCF,ASLI,I:ASLI,SCSCF,T:ASLI,SCSCF,I-500:SCSCF,ASLI,A:MTAS,SCSCF,I:SCSCF,MTAS,T:SCSCF,GTW,I:GTW,SCSCF,T:GTW,SCSCF,I-200:SCSCF,MTAS,I-200:SCSCF,PCSCF,I-200:PCSCF,SCSCF,A:SCSCF,MTAS,A:MTAS,SCSCF,A:SCSCF,GTW,A:PCSCF,SCSCF,B:SCSCF,MTAS,B:MTAS,SCSCF,B:SCSCF,GTW,B:GTW,SCSCF,B-200:SCSCF,PCSCF,B-200:SCSCF,MTAS,B-200:MTAS,SCSCF,B-200"
442,0,0,"GTW,ICSCF,I:ICSCF,GTW,T:SCSCF,ASLI,I:ASLI,SCSCF,T:ASLI,SCSCF,I-500:SCSCF,ASLI,A:SCSCF,MTAS,I:MTAS,SCSCF,T:MTAS,SCSCF,I:SCSCF,MTAS,T:SCSCF,PCSCF,I:PCSCF,SCSCF,T:PCSCF,SCSCF,R:SCSCF,MTAS,R:MTAS,SCSCF,R:ICSCF,GTW,R:GTW,SCSCF,P:SCSCF,MTAS,P:MTAS,SCSCF,P:SCSCF,PCSCF,P:PCSCF,SCSCF,P-200:SCSCF,MTAS,P-200:MTAS,SCSCF,P-200:SCSCF,GTW,P-200:SCSCF,MTAS,I-200:MTAS,SCSCF,I-200:ICSCF,GTW,I-200:PCSCF,SCSCF,I-200:GTW,SCSCF,A:SCSCF,MTAS,A:MTAS,SCSCF,A:SCSCF,PCSCF,A:PCSCF,SCSCF,I:SCSCF,MTAS,I:SCSCF,PCSCF,T:MTAS,SCSCF,T:MTAS,SCSCF,I:SCSCF,MTAS,T:SCSCF,GTW,I:GTW,SCSCF,T:GTW,SCSCF,B:SCSCF,MTAS,B:MTAS,SCSCF,B:SCSCF,PCSCF,B:PCSCF,SCSCF,B-200:SCSCF,MTAS,B-200:MTAS,SCSCF,B-200:SCSCF,GTW,B-200"
443,0,0,"PCSCF,SCSCF,I:SCSCF,ASLI,I:ASLI,SCSCF,T:ASLI,SCSCF,I-500:SCSCF,ASLI,A:SCSCF,PCSCF,T:MTAS,SCSCF,I:SCSCF,MTAS,T:SCSCF,GTW,I:GTW,SCSCF,T:GTW,SCSCF,R:SCSCF,MTAS,R:SCSCF,PCSCF,R:PCSCF,SCSCF,P:SCSCF,MTAS,P:MTAS,SCSCF,P:SCSCF,GTW,P:GTW,SCSCF,P-200:SCSCF,MTAS,P-200:MTAS,SCSCF,P-200:SCSCF,PCSCF,P-200:GTW,SCSCF,S:SCSCF,MTAS,S:SCSCF,PCSCF,S:PCSCF,SCSCF,P:SCSCF,MTAS,P:MTAS,SCSCF,P:SCSCF,GTW,P:GTW,SCSCF,P-200:SCSCF,MTAS,P-200:MTAS,SCSCF,P-200:SCSCF,PCSCF,P-200:GTW,SCSCF,I-200:SCSCF,MTAS,I-200:SCSCF,PCSCF,I-200:PCSCF,SCSCF,A:SCSCF,MTAS,A:MTAS,SCSCF,A:SCSCF,GTW,A:MTAS,SCSCF,U:SCSCF,GTW,U:GTW,SCSCF,U-200:SCSCF,PCSCF,U:SCSCF,MTAS,U-200:PCSCF,SCSCF,U-200:SCSCF,MTAS,U-200:MTAS,SCSCF,U:SCSCF,GTW,U:GTW,SCSCF,U-200:SCSCF,MTAS,U-200:MTAS,SCSCF,U:SCSCF,PCSCF,U:PCSCF,SCSCF,U-200:SCSCF,MTAS,U-200:PCSCF,SCSCF,B:SCSCF,MTAS,B:MTAS,SCSCF,B:SCSCF,GTW,B:GTW,SCSCF,B-200:SCSCF,MTAS,B-200:MTAS,SCSCF,B-200:SCSCF,PCSCF,B-200"
444,0,0,"PCSCF,SCSCF,I:SCSCF,ASLI,I:ASLI,SCSCF,T:SCSCF,PCSCF,T:ASLI,SCSCF,I-500:SCSCF,ASLI,A:MTAS,SCSCF,I:SCSCF,MTAS,T:SCSCF,GTW,I:GTW,SCSCF,T:GTW,SCSCF,R:SCSCF,MTAS,R:SCSCF,PCSCF,R:PCSCF,SCSCF,P:MTAS,SCSCF,P:SCSCF,GTW,P:GTW,SCSCF,P-200:SCSCF,MTAS,P-200:SCSCF,PCSCF,P-200:GTW,SCSCF,I-200:SCSCF,MTAS,I-200:SCSCF,PCSCF,I-200:PCSCF,SCSCF,A:SCSCF,MTAS,A:MTAS,SCSCF,A:SCSCF,GTW,A:GTW,SCSCF,B:MTAS,SCSCF,B:SCSCF,PCSCF,B:PCSCF,SCSCF,B-200:SCSCF,MTAS,B-200:SCSCF,GTW,B-200"
445,0,0,"PCSCF,SCSCF,I:SCSCF,PCSCF,T:SCSCF,ASLI,I:ASLI,SCSCF,T:ASLI,SCSCF,I-500:SCSCF,ASLI,A:MTAS,SCSCF,I:SCSCF,MTAS,T:SCSCF,GTW,I:GTW,SCSCF,T:GTW,SCSCF,S:SCSCF,MTAS,S:SCSCF,PCSCF,S:PCSCF,SCSCF,P:MTAS,SCSCF,P:SCSCF,GTW,P:GTW,SCSCF,P-200:SCSCF,MTAS,P-200:SCSCF,PCSCF,P-200:GTW,SCSCF,U:MTAS,SCSCF,U:SCSCF,PCSCF,U:PCSCF,SCSCF,U-200:SCSCF,MTAS,U-200:SCSCF,GTW,U-200:GTW,SCSCF,R:SCSCF,MTAS,R:SCSCF,PCSCF,R:GTW,SCSCF,U:MTAS,SCSCF,U:SCSCF,PCSCF,U:PCSCF,SCSCF,U-200:SCSCF,MTAS,U-200:SCSCF,GTW,U-200:GTW,SCSCF,I-200:SCSCF,MTAS,I-200:SCSCF,PCSCF,I-200:PCSCF,SCSCF,A:SCSCF,MTAS,A:MTAS,SCSCF,A:SCSCF,GTW,A:GTW,SCSCF,B:MTAS,SCSCF,B:SCSCF,PCSCF,B:PCSCF,SCSCF,B-200:SCSCF,MTAS,B-200:SCSCF,GTW,B-200"
446,0,0,"PCSCF,SCSCF,I:SCSCF,ASLI,I:ASLI,SCSCF,T:ASLI,SCSCF,I-500:SCSCF,ASLI,A:MTAS,SCSCF,I:SCSCF,MTAS,T:SCSCF,GTW,I:GTW,SCSCF,T:SCSCF,PCSCF,T:GTW,SCSCF,S:SCSCF,MTAS,S:SCSCF,PCSCF,S:PCSCF,SCSCF,P:MTAS,SCSCF,P:SCSCF,GTW,P:GTW,SCSCF,P-200:SCSCF,MTAS,P-200:SCSCF,PCSCF,P-200:GTW,SCSCF,S:SCSCF,MTAS,S:SCSCF,PCSCF,S:PCSCF,SCSCF,P:MTAS,SCSCF,P:SCSCF,GTW,P:GTW,SCSCF,P-200:SCSCF,MTAS,P-200:GTW,SCSCF,I-200:SCSCF,MTAS,I-200:SCSCF,PCSCF,P-200:SCSCF,PCSCF,I-200:PCSCF,SCSCF,A:SCSCF,MTAS,A:MTAS,SCSCF,A:SCSCF,GTW,A:PCSCF,SCSCF,B:MTAS,SCSCF,B:SCSCF,GTW,B:GTW,SCSCF,B-200:SCSCF,MTAS,B-200:SCSCF,PCSCF,B-200"
447,0,0,"PCSCF,SCSCF,I:SCSCF,PCSCF,T:SCSCF,ASLI,I:ASLI,SCSCF,T:ASLI,SCSCF,I-500:SCSCF,ASLI,A:MTAS,SCSCF,I:SCSCF,MTAS,T:SCSCF,GTW,I:GTW,SCSCF,T:GTW,SCSCF,I-500:SCSCF,GTW,A:SCSCF,MTAS,I-500:MTAS,SCSCF,A:SCSCF,PCSCF,I-500:PCSCF,SCSCF,A"
448,0,0,"GTW,ICSCF,I:ICSCF,GTW,T:SCSCF,ASLI,I:ASLI,SCSCF,T:ASLI,SCSCF,I-500:SCSCF,ASLI,A:SCSCF,MTAS,I:MTAS,SCSCF,I:SCSCF,MTAS,T:SCSCF,PCSCF,I:MTAS,SCSCF,T:PCSCF,SCSCF,T:PCSCF,SCSCF,R:SCSCF,MTAS,R:MTAS,SCSCF,R:ICSCF,GTW,R:GTW,SCSCF,P:SCSCF,MTAS,P:MTAS,SCSCF,P:SCSCF,PCSCF,P:PCSCF,SCSCF,P-200:SCSCF,MTAS,P-200:MTAS,SCSCF,P-200:SCSCF,GTW,P-200:PCSCF,SCSCF,I-200:SCSCF,MTAS,I-200:MTAS,SCSCF,I-200:ICSCF,GTW,I-200:GTW,SCSCF,A:SCSCF,MTAS,A:MTAS,SCSCF,A:SCSCF,PCSCF,A:MTAS,SCSCF,U:SCSCF,PCSCF,U:SCSCF,GTW,U:GTW,SCSCF,U-200:SCSCF,MTAS,U-200:PCSCF,SCSCF,U-200:SCSCF,MTAS,U-200:GTW,SCSCF,B:SCSCF,MTAS,B:MTAS,SCSCF,B:SCSCF,PCSCF,B:PCSCF,SCSCF,B-200:SCSCF,MTAS,B-200:MTAS,SCSCF,B-200:SCSCF,GTW,B-200"
449,0,0,"GTW,ICSCF,I:ICSCF,GTW,T:SCSCF,ASLI,I:ASLI,SCSCF,T:ASLI,SCSCF,I-500:SCSCF,ASLI,A:SCSCF,MTAS,I:MTAS,SCSCF,T:MTAS,SCSCF,I:SCSCF,MTAS,T:SCSCF,PCSCF,I:PCSCF,SCSCF,T:PCSCF,SCSCF,R:SCSCF,MTAS,R:MTAS,SCSCF,R:ICSCF,GTW,R:GTW,SCSCF,P:SCSCF,MTAS,P:MTAS,SCSCF,P:SCSCF,PCSCF,P:PCSCF,SCSCF,P-200:SCSCF,MTAS,P-200:MTAS,SCSCF,P-200:SCSCF,GTW,P-200:PCSCF,SCSCF,I-200:SCSCF,MTAS,I-200:MTAS,SCSCF,I-200:ICSCF,GTW,I-200:GTW,SCSCF,A:SCSCF,MTAS,A:MTAS,SCSCF,A:SCSCF,PCSCF,A:MTAS,SCSCF,U:SCSCF,PCSCF,U:SCSCF,GTW,U:GTW,SCSCF,U-200:SCSCF,MTAS,U-200:PCSCF,SCSCF,U-200:SCSCF,MTAS,U-200:MTAS,SCSCF,U:SCSCF,GTW,U:GTW,SCSCF,U-200:SCSCF,MTAS,U-200:MTAS,SCSCF,U:SCSCF,PCSCF,U:PCSCF,SCSCF,U-200:SCSCF,MTAS,U-200:MTAS,SCSCF,U:SCSCF,GTW,U:SCSCF,PCSCF,U:GTW,SCSCF,U-200:SCSCF,MTAS,U-200:PCSCF,SCSCF,U-200:SCSCF,MTAS,U-200:MTAS,SCSCF,U:SCSCF,GTW,U:GTW,SCSCF,U-200:SCSCF,MTAS,U-200:MTAS,SCSCF,U:SCSCF,PCSCF,U:PCSCF,SCSCF,U-200:SCSCF,MTAS,U-200:MTAS,SCSCF,U:SCSCF,GTW,U:GTW,SCSCF,U-200:SCSCF,MTAS,U-200:MTAS,SCSCF,U:SCSCF,PCSCF,U:PCSCF,SCSCF,U-200:SCSCF,MTAS,U-200:PCSCF,SCSCF,B:SCSCF,MTAS,B:MTAS,SCSCF,B:SCSCF,GTW,B:GTW,SCSCF,B-200:SCSCF,MTAS,B-200:MTAS,SCSCF,B-200:SCSCF,PCSCF,B-200"
450,0,0,"PCSCF,SCSCF,I:SCSCF,PCSCF,T:SCSCF,ASLI,I:ASLI,SCSCF,T:ASLI,SCSCF,I-500:SCSCF,ASLI,A:MTAS,SCSCF,I:SCSCF,MTAS,T:SCSCF,GTW,I:GTW,SCSCF,T:GTW,SCSCF,S:SCSCF,MTAS,S:SCSCF,PCSCF,S:PCSCF,SCSCF,P:SCSCF,MTAS,P:MTAS,SCSCF,P:SCSCF,GTW,P:GTW,SCSCF,P-200:SCSCF,MTAS,P-200:MTAS,SCSCF,P-200:SCSCF,PCSCF,P-200:GTW,SCSCF,R:SCSCF,MTAS,R:SCSCF,PCSCF,R:PCSCF,SCSCF,P:SCSCF,MTAS,P:MTAS,SCSCF,P:SCSCF,GTW,P:GTW,SCSCF,P-200:SCSCF,MTAS,P-200:MTAS,SCSCF,P-200:SCSCF,PCSCF,P-200:PCSCF,SCSCF,C:MTAS,SCSCF,C:SCSCF,MTAS,C-200:SCSCF,GTW,C:SCSCF,PCSCF,C-200:GTW,SCSCF,C-200:GTW,SCSCF,I-487:SCSCF,GTW,A:SCSCF,MTAS,I-487:MTAS,SCSCF,A:SCSCF,PCSCF,I-487:PCSCF,SCSCF,A"
451,0,0,"PCSCF,SCSCF,I:SCSCF,ASLI,I:ASLI,SCSCF,T:ASLI,SCSCF,I-500:SCSCF,ASLI,A:SCSCF,PCSCF,T:MTAS,SCSCF,I:SCSCF,MTAS,T:SCSCF,GTW,I:GTW,SCSCF,T:GTW,SCSCF,I-486:SCSCF,GTW,A:SCSCF,MTAS,I-486:MTAS,SCSCF,A:SCSCF,PCSCF,I-486:PCSCF,SCSCF,A"
452,0,0,"GTW,ICSCF,I:ICSCF,GTW,T:SCSCF,ASLI,I:ASLI,SCSCF,T:ASLI,SCSCF,I-500:SCSCF,ASLI,A:SCSCF,MTAS,I:MTAS,SCSCF,T:MTAS,SCSCF,I:SCSCF,MTAS,T:SCSCF,PCSCF,I:PCSCF,SCSCF,T:PCSCF,SCSCF,R:SCSCF,MTAS,R:MTAS,SCSCF,R:ICSCF,GTW,R:GTW,SCSCF,P:SCSCF,MTAS,P:MTAS,SCSCF,P:SCSCF,PCSCF,P:PCSCF,SCSCF,P-200:SCSCF,MTAS,P-200:MTAS,SCSCF,P-200:SCSCF,GTW,P-200:PCSCF,SCSCF,I-200:SCSCF,MTAS,I-200:MTAS,SCSCF,I-200:ICSCF,GTW,I-200:GTW,SCSCF,A:SCSCF,MTAS,A:MTAS,SCSCF,A:SCSCF,PCSCF,A:PCSCF,SCSCF,I:SCSCF,PCSCF,T:SCSCF,PCSCF,I-407:PCSCF,SCSCF,A:PCSCF,SCSCF,I:SCSCF,PCSCF,T:SCSCF,MTAS,I:MTAS,SCSCF,I:SCSCF,MTAS,T:SCSCF,GTW,I:GTW,SCSCF,T:MTAS,SCSCF,T:GTW,SCSCF,I-200:SCSCF,MTAS,I-200:MTAS,SCSCF,I-200:SCSCF,PCSCF,I-200:PCSCF,SCSCF,A:SCSCF,MTAS,A:MTAS,SCSCF,A:SCSCF,GTW,A:PCSCF,SCSCF,I:SCSCF,MTAS,I:MTAS,SCSCF,T:MTAS,SCSCF,I:SCSCF,MTAS,T:SCSCF,GTW,I:GTW,SCSCF,T:SCSCF,PCSCF,T:GTW,SCSCF,I-200:SCSCF,MTAS,I-200:MTAS,SCSCF,I-200:SCSCF,PCSCF,I-200:PCSCF,SCSCF,A:SCSCF,MTAS,A:MTAS,SCSCF,A:SCSCF,GTW,A:GTW,SCSCF,B:SCSCF,MTAS,B:MTAS,SCSCF,B:SCSCF,PCSCF,B:PCSCF,SCSCF,B-200:SCSCF,MTAS,B-200:MTAS,SCSCF,B-200:SCSCF,GTW,B-200"
453,0,0,"GTW,ICSCF,I:ICSCF,GTW,T:SCSCF,ASLI,I:ASLI,SCSCF,T:ASLI,SCSCF,I-500:SCSCF,MTAS,I:SCSCF,ASLI,A:MTAS,SCSCF,T:MTAS,SCSCF,I:SCSCF,MTAS,T:SCSCF,PCSCF,I:PCSCF,SCSCF,T:PCSCF,SCSCF,R:SCSCF,MTAS,R:MTAS,SCSCF,R:ICSCF,GTW,R:GTW,SCSCF,P:SCSCF,MTAS,P:MTAS,SCSCF,P:SCSCF,PCSCF,P:PCSCF,SCSCF,P-200:SCSCF,MTAS,P-200:MTAS,SCSCF,P-200:SCSCF,GTW,P-200:PCSCF,SCSCF,I-200:SCSCF,MTAS,I-200:MTAS,SCSCF,I-200:GTW,SCSCF,A:ICSCF,GTW,I-200:SCSCF,MTAS,A:MTAS,SCSCF,A:SCSCF,PCSCF,A:PCSCF,SCSCF,B:SCSCF,MTAS,B:MTAS,SCSCF,B:SCSCF,GTW,B:GTW,SCSCF,B-200:SCSCF,MTAS,B-200:MTAS,SCSCF,B-200:SCSCF,PCSCF,B-200"
454,0,0,"PCSCF,SCSCF,I:SCSCF,PCSCF,T:SCSCF,PCSCF,I-407:PCSCF,SCSCF,A:PCSCF,SCSCF,I:SCSCF,ASLI,I:ASLI,SCSCF,T:SCSCF,PCSCF,T:ASLI,SCSCF,I-500:SCSCF,ASLI,A:MTAS,SCSCF,I:SCSCF,MTAS,T:SCSCF,GTW,I:GTW,SCSCF,T:GTW,SCSCF,S:SCSCF,MTAS,S:SCSCF,PCSCF,S:PCSCF,SCSCF,P:SCSCF,MTAS,P:MTAS,SCSCF,P:SCSCF,GTW,P:GTW,SCSCF,P-200:SCSCF,MTAS,P-200:MTAS,SCSCF,P-200:SCSCF,PCSCF,P-200:GTW,SCSCF,S:SCSCF,MTAS,S:SCSCF,PCSCF,S:PCSCF,SCSCF,P:SCSCF,MTAS,P:MTAS,SCSCF,P:SCSCF,GTW,P:GTW,SCSCF,P-200:SCSCF,MTAS,P-200:MTAS,SCSCF,P-200:SCSCF,PCSCF,P-200:GTW,SCSCF,R:SCSCF,MTAS,R:SCSCF,PCSCF,R:PCSCF,SCSCF,P:SCSCF,MTAS,P:MTAS,SCSCF,P:SCSCF,GTW,P:GTW,SCSCF,P-200:SCSCF,MTAS,P-200:MTAS,SCSCF,P-200:SCSCF,PCSCF,P-200:GTW,SCSCF,I-200:SCSCF,MTAS,I-200:SCSCF,PCSCF,I-200:PCSCF,SCSCF,A:SCSCF,MTAS,A:MTAS,SCSCF,A:SCSCF,GTW,A:MTAS,SCSCF,U:SCSCF,GTW,U:GTW,SCSCF,U-200:SCSCF,MTAS,U-200:MTAS,SCSCF,U:SCSCF,PCSCF,U:PCSCF,SCSCF,U-200:SCSCF,MTAS,U-200:PCSCF,SCSCF,B:MTAS,SCSCF,B:SCSCF,GTW,B:GTW,SCSCF,B-200:SCSCF,MTAS,B-200:SCSCF,PCSCF,B-200"
455,0,0,"PCSCF,SCSCF,I:SCSCF,PCSCF,T:SCSCF,PCSCF,I-407:PCSCF,SCSCF,A:PCSCF,SCSCF,I:SCSCF,ASLI,I:SCSCF,PCSCF,T:ASLI,SCSCF,T:ASLI,SCSCF,I-500:SCSCF,ASLI,A:MTAS,SCSCF,I:SCSCF,MTAS,T:SCSCF,GTW,I:GTW,SCSCF,T:GTW,SCSCF,S:SCSCF,MTAS,S:SCSCF,PCSCF,S:PCSCF,SCSCF,P:MTAS,SCSCF,P:SCSCF,GTW,P:GTW,SCSCF,P-200:GTW,SCSCF,S:SCSCF,MTAS,P-200:SCSCF,MTAS,S:SCSCF,PCSCF,P-200:SCSCF,PCSCF,S:PCSCF,SCSCF,P:MTAS,SCSCF,P:SCSCF,GTW,P:GTW,SCSCF,P-200:SCSCF,MTAS,P-200:SCSCF,PCSCF,P-200:GTW,SCSCF,R:SCSCF,MTAS,R:SCSCF,PCSCF,R:PCSCF,SCSCF,P:MTAS,SCSCF,P:SCSCF,GTW,P:GTW,SCSCF,P-200:SCSCF,MTAS,P-200:SCSCF,PCSCF,P-200:GTW,SCSCF,I-200:SCSCF,MTAS,I-200:SCSCF,PCSCF,I-200:PCSCF,SCSCF,A:SCSCF,MTAS,A:MTAS,SCSCF,A:SCSCF,GTW,A:GTW,SCSCF,B:MTAS,SCSCF,B:SCSCF,PCSCF,B:PCSCF,SCSCF,B-200:SCSCF,MTAS,B-200:SCSCF,GTW,B-200"
456,0,0,"GTW,ICSCF,I:ICSCF,GTW,T:SCSCF,ASLI,I:ASLI,SCSCF,T:ASLI,SCSCF,I-500:SCSCF,ASLI,A:SCSCF,MTAS,I:MTAS,SCSCF,T:MTAS,SCSCF,I:SCSCF,MTAS,T:SCSCF,PCSCF,I:PCSCF,SCSCF,T:PCSCF,SCSCF,R:SCSCF,MTAS,R:MTAS,SCSCF,R:ICSCF,GTW,R:GTW,SCSCF,P:SCSCF,MTAS,P:MTAS,SCSCF,P:SCSCF,PCSCF,P:PCSCF,SCSCF,P-200:SCSCF,MTAS,P-200:MTAS,SCSCF,P-200:SCSCF,GTW,P-200:PCSCF,SCSCF,I-200:SCSCF,MTAS,I-200:MTAS,SCSCF,I-200:ICSCF,GTW,I-200:GTW,SCSCF,A:SCSCF,MTAS,A:MTAS,SCSCF,A:SCSCF,PCSCF,A:MTAS,SCSCF,U:SCSCF,PCSCF,U:MTAS,SCSCF,U:SCSCF,GTW,U:PCSCF,SCSCF,U-200:SCSCF,MTAS,U-200:GTW,SCSCF,U-200:SCSCF,MTAS,U-200:PCSCF,SCSCF,B:SCSCF,MTAS,B:MTAS,SCSCF,B:SCSCF,GTW,B:GTW,SCSCF,B-200:SCSCF,MTAS,B-200:MTAS,SCSCF,B-200:SCSCF,PCSCF,B-200"
457,0,0,"PCSCF,SCSCF,I:SCSCF,ASLI,I:ASLI,SCSCF,T:ASLI,SCSCF,I-500:SCSCF,ASLI,A:MTAS,SCSCF,I:SCSCF,MTAS,T:SCSCF,GTW,I:GTW,SCSCF,T:SCSCF,PCSCF,T:GTW,SCSCF,R:SCSCF,MTAS,R:SCSCF,PCSCF,R:PCSCF,SCSCF,P:SCSCF,MTAS,P:MTAS,SCSCF,P:SCSCF,GTW,P:GTW,SCSCF,P-200:SCSCF,MTAS,P-200:MTAS,SCSCF,P-200:SCSCF,PCSCF,P-200:GTW,SCSCF,I-200:SCSCF,MTAS,I-200:SCSCF,PCSCF,I-200:PCSCF,SCSCF,A:SCSCF,MTAS,A:MTAS,SCSCF,A:SCSCF,GTW,A:MTAS,SCSCF,U:SCSCF,GTW,U:GTW,SCSCF,U-200:SCSCF,PCSCF,U:SCSCF,MTAS,U-200:PCSCF,SCSCF,U-200:SCSCF,MTAS,U-200:PCSCF,SCSCF,B:SCSCF,MTAS,B:MTAS,SCSCF,B:SCSCF,GTW,B:GTW,SCSCF,B-200:SCSCF,MTAS,B-200:MTAS,SCSCF,B-200:SCSCF,PCSCF,B-200"
458,0,0,"GTW,ICSCF,I:ICSCF,GTW,T:SCSCF,ASLI,I:ASLI,SCSCF,T:ASLI,SCSCF,I-500:SCSCF,ASLI,A:SCSCF,MTAS,I:MTAS,SCSCF,T:MTAS,SCSCF,I:SCSCF,MTAS,T:SCSCF,PCSCF,I:PCSCF,SCSCF,T:PCSCF,SCSCF,R:SCSCF,MTAS,R:MTAS,SCSCF,R:ICSCF,GTW,R:GTW,SCSCF,P:SCSCF,MTAS,P:MTAS,SCSCF,P:SCSCF,PCSCF,P:PCSCF,SCSCF,P-200:SCSCF,MTAS,P-200:MTAS,SCSCF,P-200:SCSCF,GTW,P-200:PCSCF,SCSCF,I-200:SCSCF,MTAS,I-200:MTAS,SCSCF,I-200:ICSCF,GTW,I-200:GTW,SCSCF,A:SCSCF,MTAS,A:MTAS,SCSCF,A:SCSCF,PCSCF,A:MTAS,SCSCF,U:SCSCF,PCSCF,U:MTAS,SCSCF,U:SCSCF,GTW,U:GTW,SCSCF,U-200:PCSCF,SCSCF,U-200:SCSCF,MTAS,U-200:MTAS,SCSCF,U:SCSCF,GTW,U:SCSCF,PCSCF,U:GTW,SCSCF,U-200:SCSCF,MTAS,U-200:PCSCF,SCSCF,U-200:SCSCF,MTAS,U-200:MTAS,SCSCF,U:SCSCF,GTW,U:SCSCF,PCSCF,U:GTW,SCSCF,U-200:SCSCF,MTAS,U-200:PCSCF,SCSCF,U-200:SCSCF,MTAS,U-200:MTAS,SCSCF,U:SCSCF,GTW,U:GTW,SCSCF,U-200:SCSCF,MTAS,U-200:MTAS,SCSCF,U:SCSCF,PCSCF,U:PCSCF,SCSCF,U-200:SCSCF,MTAS,U-200:MTAS,SCSCF,U:SCSCF,GTW,U:GTW,SCSCF,U-200:SCSCF,MTAS,U-200:MTAS,SCSCF,U:SCSCF,PCSCF,U:PCSCF,SCSCF,U-200:SCSCF,MTAS,U-200:MTAS,SCSCF,U:SCSCF,GTW,U:GTW,SCSCF,U-200:SCSCF,MTAS,U-200:MTAS,SCSCF,U:SCSCF,PCSCF,U:PCSCF,SCSCF,U-200:SCSCF,MTAS,U-200:MTAS,SCSCF,U:SCSCF,GTW,U:GTW,SCSCF,U-200:SCSCF,MTAS,U-200:MTAS,SCSCF,U:SCSCF,PCSCF,U:PCSCF,SCSCF,U-200:SCSCF,MTAS,U-200:GTW,SCSCF,B:SCSCF,MTAS,B:MTAS,SCSCF,B:SCSCF,PCSCF,B:PCSCF,SCSCF,B-200:SCSCF,MTAS,B-200:MTAS,SCSCF,B-200:SCSCF,GTW,B-200"
459,0,0,"GTW,ICSCF,I:ICSCF,GTW,T:SCSCF,ASLI,I:ASLI,SCSCF,T:ASLI,SCSCF,I-500:SCSCF,ASLI,A:SCSCF,MTAS,I:MTAS,SCSCF,T:MTAS,SCSCF,W:ICSCF,GTW,W:MTAS,SCSCF,I:SCSCF,MTAS,T:SCSCF,GTW,I:GTW,SCSCF,T:GTW,SCSCF,S:SCSCF,MTAS,S:MTAS,SCSCF,S:ICSCF,GTW,S:GTW,SCSCF,P:SCSCF,MTAS,P:MTAS,SCSCF,P:SCSCF,GTW,P:GTW,SCSCF,P-200:SCSCF,MTAS,P-200:MTAS,SCSCF,P-200:SCSCF,GTW,P-200:GTW,SCSCF,R:SCSCF,MTAS,R:ICSCF,GTW,R:GTW,SCSCF,P:SCSCF,MTAS,P:MTAS,SCSCF,P:SCSCF,GTW,P:MTAS,SCSCF,R:GTW,SCSCF,P-200:SCSCF,MTAS,P-200:SCSCF,GTW,P-200:MTAS,SCSCF,P-200:GTW,SCSCF,I-200:SCSCF,MTAS,I-200:MTAS,SCSCF,I-200:ICSCF,GTW,I-200:GTW,SCSCF,A:SCSCF,MTAS,A:MTAS,SCSCF,A:SCSCF,GTW,A:GTW,SCSCF,B:SCSCF,MTAS,B:SCSCF,GTW,B:GTW,SCSCF,B-200:MTAS,SCSCF,B:SCSCF,MTAS,B-200:MTAS,SCSCF,B-200:SCSCF,GTW,B-200"
460,0,0,"GTW,ICSCF,I:ICSCF,GTW,T:SCSCF,ASLI,I:ASLI,SCSCF,T:ASLI,SCSCF,I-500:SCSCF,ASLI,A:SCSCF,MTAS,I:MTAS,SCSCF,T:MTAS,SCSCF,I:SCSCF,MTAS,T:SCSCF,PCSCF,I:PCSCF,SCSCF,T:PCSCF,SCSCF,R:SCSCF,MTAS,R:MTAS,SCSCF,R:ICSCF,GTW,R:GTW,SCSCF,P:SCSCF,MTAS,P:MTAS,SCSCF,P:SCSCF,PCSCF,P:PCSCF,SCSCF,P-200:SCSCF,MTAS,P-200:MTAS,SCSCF,P-200:SCSCF,GTW,P-200:PCSCF,SCSCF,I-200:SCSCF,MTAS,I-200:MTAS,SCSCF,I-200:ICSCF,GTW,I-200:GTW,SCSCF,A:SCSCF,MTAS,A:MTAS,SCSCF,A:SCSCF,PCSCF,A:MTAS,SCSCF,U:SCSCF,GTW,U:GTW,SCSCF,U-200:SCSCF,MTAS,U-200:SCSCF,PCSCF,U:PCSCF,SCSCF,U-200:SCSCF,MTAS,U-200:MTAS,SCSCF,U:SCSCF,GTW,U:GTW,SCSCF,U-200:SCSCF,MTAS,U-200:MTAS,SCSCF,U:SCSCF,PCSCF,U:PCSCF,SCSCF,U-200:SCSCF,MTAS,U-200:MTAS,SCSCF,U:SCSCF,GTW,U:GTW,SCSCF,U-200:SCSCF,MTAS,U-200:MTAS,SCSCF,U:SCSCF,PCSCF,U:PCSCF,SCSCF,U-200:SCSCF,MTAS,U-200:MTAS,SCSCF,U:SCSCF,GTW,U:GTW,SCSCF,U-200:SCSCF,MTAS,U-200:MTAS,SCSCF,U:SCSCF,PCSCF,U:PCSCF,SCSCF,U-200:SCSCF,MTAS,U-200:MTAS,SCSCF,U:SCSCF,GTW,U:GTW,SCSCF,U-200:SCSCF,MTAS,U-200:MTAS,SCSCF,U:SCSCF,PCSCF,U:PCSCF,SCSCF,U-200:SCSCF,MTAS,U-200:MTAS,SCSCF,U:SCSCF,GTW,U:GTW,SCSCF,U-200:SCSCF,MTAS,U-200:MTAS,SCSCF,U:SCSCF,PCSCF,U:PCSCF,SCSCF,U-200:SCSCF,MTAS,U-200:MTAS,SCSCF,U:SCSCF,GTW,U:GTW,SCSCF,U-200:SCSCF,MTAS,U-200:MTAS,SCSCF,U:SCSCF,PCSCF,U:PCSCF,SCSCF,U-200:SCSCF,MTAS,U-200:MTAS,SCSCF,U:SCSCF,GTW,U:GTW,SCSCF,U-200:SCSCF,MTAS,U-200:MTAS,SCSCF,U:SCSCF,PCSCF,U:PCSCF,SCSCF,U-200:SCSCF,MTAS,U-200:MTAS,SCSCF,U:SCSCF,GTW,U:GTW,SCSCF,U-200:SCSCF,MTAS,U-200:MTAS,SCSCF,U:SCSCF,PCSCF,U:PCSCF,SCSCF,U-200:SCSCF,MTAS,U-200:MTAS,SCSCF,U:SCSCF,GTW,U:GTW,SCSCF,U-200:SCSCF,MTAS,U-200:MTAS,SCSCF,U:SCSCF,PCSCF,U:PCSCF,SCSCF,U-200:SCSCF,MTAS,U-200:MTAS,SCSCF,U:SCSCF,GTW,U:GTW,SCSCF,U-200:SCSCF,MTAS,U-200:MTAS,SCSCF,U:SCSCF,PCSCF,U:PCSCF,SCSCF,U-200:SCSCF,MTAS,U-200:GTW,SCSCF,B:SCSCF,MTAS,B:MTAS,SCSCF,B:SCSCF,PCSCF,B:PCSCF,SCSCF,B-200:SCSCF,MTAS,B-200:MTAS,SCSCF,B-200:SCSCF,GTW,B-200"
461,0,0,"GTW,ICSCF,I:ICSCF,GTW,T:SCSCF,ASLI,I:ASLI,SCSCF,T:ASLI,SCSCF,I-500:SCSCF,MTAS,I:MTAS,SCSCF,I:SCSCF,MTAS,T:SCSCF,PCSCF,I:PCSCF,SCSCF,T:SCSCF,ASLI,A:MTAS,SCSCF,T:PCSCF,SCSCF,R:SCSCF,MTAS,R:MTAS,SCSCF,R:ICSCF,GTW,R:GTW,SCSCF,P:SCSCF,MTAS,P:MTAS,SCSCF,P:SCSCF,PCSCF,P:PCSCF,SCSCF,P-200:SCSCF,MTAS,P-200:MTAS,SCSCF,P-200:SCSCF,GTW,P-200:GTW,ICSCF,C:ICSCF,GTW,C-200:SCSCF,MTAS,C:MTAS,SCSCF,C-200:MTAS,SCSCF,C:SCSCF,MTAS,C-200:SCSCF,PCSCF,C:PCSCF,SCSCF,C-200:PCSCF,SCSCF,I-487:SCSCF,PCSCF,A:SCSCF,MTAS,I-487:MTAS,SCSCF,A:MTAS,SCSCF,I-487:SCSCF,MTAS,A:ICSCF,GTW,I-487:GTW,ICSCF,A"
462,0,0,"GTW,ICSCF,I:ICSCF,GTW,T:SCSCF,ASLI,I:ASLI,SCSCF,T:ASLI,SCSCF,I-500:SCSCF,ASLI,A:SCSCF,MTAS,I:MTAS,SCSCF,T:MTAS,SCSCF,I:SCSCF,MTAS,T:SCSCF,PCSCF,I:PCSCF,SCSCF,T:PCSCF,SCSCF,R:SCSCF,MTAS,R:MTAS,SCSCF,R:ICSCF,GTW,R:GTW,SCSCF,P:SCSCF,MTAS,P:MTAS,SCSCF,P:SCSCF,PCSCF,P:PCSCF,SCSCF,P-200:SCSCF,MTAS,P-200:MTAS,SCSCF,P-200:SCSCF,GTW,P-200:GTW,ICSCF,C:SCSCF,MTAS,C:ICSCF,GTW,C-200:MTAS,SCSCF,C-200:MTAS,SCSCF,C:SCSCF,MTAS,C-200:SCSCF,PCSCF,C:PCSCF,SCSCF,C-200:PCSCF,SCSCF,I-487:SCSCF,PCSCF,A:SCSCF,MTAS,I-487:MTAS,SCSCF,A:MTAS,SCSCF,I-487:ICSCF,GTW,I-487:GTW,ICSCF,A:SCSCF,MTAS,A"
463,0,0,"PCSCF,SCSCF,I:SCSCF,PCSCF,T:SCSCF,ASLI,I:ASLI,SCSCF,T:ASLI,SCSCF,I-500:SCSCF,ASLI,A:MTAS,SCSCF,I:SCSCF,MTAS,T:SCSCF,GTW,I:GTW,SCSCF,T:GTW,SCSCF,I-200:SCSCF,MTAS,I-200:SCSCF,PCSCF,I-200:PCSCF,SCSCF,A:SCSCF,MTAS,A:MTAS,SCSCF,A:SCSCF,GTW,A:MTAS,SCSCF,U:SCSCF,GTW,U:SCSCF,PCSCF,U:GTW,SCSCF,U-200:SCSCF,MTAS,U-200:PCSCF,SCSCF,U-200:SCSCF,MTAS,U-200:MTAS,SCSCF,U:SCSCF,GTW,U:GTW,SCSCF,U-200:SCSCF,MTAS,U-200:MTAS,SCSCF,U:SCSCF,PCSCF,U:PCSCF,SCSCF,U-200:SCSCF,MTAS,U-200:PCSCF,SCSCF,B:MTAS,SCSCF,B:SCSCF,GTW,B:GTW,SCSCF,B-200:SCSCF,MTAS,B-200:SCSCF,PCSCF,B-200"
464,0,0,"PCSCF,SCSCF,I:SCSCF,PCSCF,T:SCSCF,ASLI,I:ASLI,SCSCF,T:ASLI,SCSCF,I-500:SCSCF,ASLI,A:MTAS,SCSCF,I:SCSCF,MTAS,T:SCSCF,GTW,I:GTW,SCSCF,T:GTW,SCSCF,I-200:SCSCF,MTAS,I-200:SCSCF,PCSCF,I-200:PCSCF,SCSCF,A:SCSCF,MTAS,A:MTAS,SCSCF,A:SCSCF,GTW,A:MTAS,SCSCF,U:SCSCF,GTW,U:GTW,SCSCF,U-200:SCSCF,MTAS,U-200:MTAS,SCSCF,U:SCSCF,PCSCF,U:PCSCF,SCSCF,U-200:SCSCF,MTAS,U-200:MTAS,SCSCF,U:SCSCF,GTW,U:GTW,SCSCF,U-200:SCSCF,MTAS,U-200:MTAS,SCSCF,U:SCSCF,PCSCF,U:PCSCF,SCSCF,U-200:SCSCF,MTAS,U-200:MTAS,SCSCF,U:SCSCF,GTW,U:GTW,SCSCF,U-200:SCSCF,MTAS,U-200:MTAS,SCSCF,U:SCSCF,PCSCF,U:PCSCF,SCSCF,U-200:SCSCF,MTAS,U-200:GTW,SCSCF,B:MTAS,SCSCF,B:SCSCF,PCSCF,B:PCSCF,SCSCF,B-200:SCSCF,MTAS,B-200:SCSCF,GTW,B-200"
465,0,0,"GTW,ICSCF,I:ICSCF,GTW,T:SCSCF,ASLI,I:ASLI,SCSCF,T:ASLI,SCSCF,I-500:SCSCF,ASLI,A:SCSCF,MTAS,I:MTAS,SCSCF,T:MTAS,SCSCF,I:SCSCF,MTAS,T:SCSCF,PCSCF,I:PCSCF,SCSCF,T:PCSCF,SCSCF,R:SCSCF,MTAS,R:MTAS,SCSCF,R:ICSCF,GTW,R:GTW,SCSCF,P:SCSCF,MTAS,P:MTAS,SCSCF,P:SCSCF,PCSCF,P:PCSCF,SCSCF,P-200:SCSCF,MTAS,P-200:MTAS,SCSCF,P-200:SCSCF,GTW,P-200:PCSCF,SCSCF,I-200:SCSCF,MTAS,I-200:MTAS,SCSCF,I-200:ICSCF,GTW,I-200:GTW,SCSCF,A:SCSCF,MTAS,A:MTAS,SCSCF,A:SCSCF,PCSCF,A:GTW,SCSCF,I:SCSCF,GTW,T:SCSCF,MTAS,I:MTAS,SCSCF,T:MTAS,SCSCF,I:SCSCF,MTAS,T:SCSCF,PCSCF,I:PCSCF,SCSCF,I-200:SCSCF,MTAS,I-200:MTAS,SCSCF,I-200:SCSCF,GTW,I-200:GTW,SCSCF,A:SCSCF,MTAS,A:MTAS,SCSCF,A:SCSCF,PCSCF,A:GTW,SCSCF,I:SCSCF,GTW,T:SCSCF,MTAS,I:MTAS,SCSCF,T:MTAS,SCSCF,I:SCSCF,MTAS,T:SCSCF,PCSCF,I:PCSCF,SCSCF,I-200:SCSCF,MTAS,I-200:MTAS,SCSCF,I-200:SCSCF,GTW,I-200:GTW,SCSCF,A:SCSCF,MTAS,A:MTAS,SCSCF,A:SCSCF,PCSCF,A:GTW,SCSCF,B:SCSCF,MTAS,B:MTAS,SCSCF,B:SCSCF,PCSCF,B:PCSCF,SCSCF,B-200:SCSCF,MTAS,B-200:MTAS,SCSCF,B-200:SCSCF,GTW,B-200"
466,0,0,"PCSCF,SCSCF,I:SCSCF,ASLI,I:ASLI,SCSCF,T:ASLI,SCSCF,I-500:SCSCF,ASLI,A:SCSCF,PCSCF,T:MTAS,SCSCF,I:SCSCF,MTAS,T:SCSCF,GTW,I:GTW,SCSCF,T:GTW,SCSCF,S:SCSCF,MTAS,S:SCSCF,PCSCF,S:PCSCF,SCSCF,P:MTAS,SCSCF,P:SCSCF,GTW,P:GTW,SCSCF,P-200:SCSCF,MTAS,P-200:SCSCF,PCSCF,P-200:GTW,SCSCF,R:SCSCF,MTAS,R:SCSCF,PCSCF,R:PCSCF,SCSCF,P:MTAS,SCSCF,P:SCSCF,GTW,P:GTW,SCSCF,P-200:SCSCF,MTAS,P-200:SCSCF,PCSCF,P-200:GTW,SCSCF,I-200:SCSCF,MTAS,I-200:SCSCF,PCSCF,I-200:PCSCF,SCSCF,A:SCSCF,MTAS,A:MTAS,SCSCF,A:SCSCF,GTW,A:MTAS,SCSCF,U:SCSCF,GTW,U:GTW,SCSCF,U-200:SCSCF,MTAS,U-200:MTAS,SCSCF,U:SCSCF,PCSCF,U:PCSCF,SCSCF,U-200:SCSCF,MTAS,U-200:MTAS,SCSCF,U:SCSCF,GTW,U:SCSCF,PCSCF,U:GTW,SCSCF,U-200:SCSCF,MTAS,U-200:PCSCF,SCSCF,U-200:SCSCF,MTAS,U-200:PCSCF,SCSCF,B:MTAS,SCSCF,B:SCSCF,GTW,B:GTW,SCSCF,B-200:SCSCF,MTAS,B-200:SCSCF,PCSCF,B-200"
467,0,0,"PCSCF,SCSCF,I:SCSCF,PCSCF,T:SCSCF,ASLI,I:ASLI,SCSCF,T:ASLI,SCSCF,I-500:SCSCF,ASLI,A:MTAS,SCSCF,I:SCSCF,MTAS,T:SCSCF,GTW,I:GTW,SCSCF,T:GTW,SCSCF,S:SCSCF,MTAS,S:SCSCF,PCSCF,S:PCSCF,SCSCF,P:MTAS,SCSCF,P:SCSCF,GTW,P:GTW,SCSCF,P-200:SCSCF,MTAS,P-200:SCSCF,PCSCF,P-200:GTW,SCSCF,R:SCSCF,MTAS,R:SCSCF,PCSCF,R:PCSCF,SCSCF,P:MTAS,SCSCF,P:SCSCF,GTW,P:GTW,SCSCF,P-200:SCSCF,MTAS,P-200:SCSCF,PCSCF,P-200:GTW,SCSCF,I-200:SCSCF,MTAS,I-200:SCSCF,PCSCF,I-200:PCSCF,SCSCF,A:SCSCF,MTAS,A:MTAS,SCSCF,A:SCSCF,GTW,A:MTAS,SCSCF,U:SCSCF,GTW,U:SCSCF,PCSCF,U:PCSCF,SCSCF,U-200:GTW,SCSCF,U-200:SCSCF,MTAS,U-200:PCSCF,SCSCF,B:MTAS,SCSCF,B:SCSCF,GTW,B:GTW,SCSCF,B-200:SCSCF,MTAS,B-200:SCSCF,PCSCF,B-200"
468,0,0,"PCSCF,SCSCF,I:SCSCF,PCSCF,T:SCSCF,PCSCF,I-407:PCSCF,SCSCF,A:PCSCF,SCSCF,I:SCSCF,PCSCF,T:SCSCF,ASLI,I:ASLI,SCSCF,T:ASLI,SCSCF,I-500:SCSCF,ASLI,A:MTAS,SCSCF,I:SCSCF,MTAS,T:SCSCF,GTW,I:GTW,SCSCF,T:GTW,SCSCF,S:SCSCF,MTAS,S:SCSCF,PCSCF,S:PCSCF,SCSCF,P:SCSCF,MTAS,P:MTAS,SCSCF,P:SCSCF,GTW,P:GTW,SCSCF,P-200:GTW,SCSCF,S:SCSCF,MTAS,S:SCSCF,MTAS,P-200:MTAS,SCSCF,P-200:SCSCF,PCSCF,P-200:SCSCF,PCSCF,S:PCSCF,SCSCF,P:SCSCF,MTAS,P:MTAS,SCSCF,P:SCSCF,GTW,P:GTW,SCSCF,P-200:GTW,SCSCF,S:SCSCF,MTAS,S:SCSCF,MTAS,P-200:MTAS,SCSCF,P-200:SCSCF,PCSCF,P-200:SCSCF,PCSCF,S:PCSCF,SCSCF,P:SCSCF,MTAS,P:MTAS,SCSCF,P:SCSCF,GTW,P:GTW,SCSCF,P-200:GTW,SCSCF,R:SCSCF,MTAS,R:SCSCF,MTAS,P-200:MTAS,SCSCF,P-200:SCSCF,PCSCF,P-200:SCSCF,PCSCF,R:PCSCF,SCSCF,P:SCSCF,MTAS,P:MTAS,SCSCF,P:SCSCF,GTW,P:GTW,SCSCF,P-200:SCSCF,MTAS,P-200:MTAS,SCSCF,P-200:SCSCF,PCSCF,P-200:PCSCF,SCSCF,C:SCSCF,PCSCF,C-200:MTAS,SCSCF,C:SCSCF,MTAS,C-200:SCSCF,GTW,C:GTW,SCSCF,C-200:GTW,SCSCF,I-487:SCSCF,GTW,A:SCSCF,MTAS,I-487:MTAS,SCSCF,A:SCSCF,PCSCF,I-487:PCSCF,SCSCF,A"
469,0,0,"GTW,ICSCF,I:ICSCF,GTW,T:SCSCF,ASLI,I:ASLI,SCSCF,T:ASLI,SCSCF,I-500:SCSCF,ASLI,A:SCSCF,MTAS,I:MTAS,SCSCF,T:MTAS,SCSCF,I:SCSCF,MTAS,T:MTAS,SCSCF,W:ICSCF,GTW,W:SCSCF,GTW,I:GTW,SCSCF,T:GTW,SCSCF,S:SCSCF,MTAS,S:MTAS,SCSCF,S:ICSCF,GTW,S:GTW,SCSCF,P:SCSCF,MTAS,P:MTAS,SCSCF,P:SCSCF,GTW,P:GTW,SCSCF,P-200:SCSCF,MTAS,P-200:MTAS,SCSCF,P-200:SCSCF,GTW,P-200:GTW,SCSCF,R:SCSCF,MTAS,R:MTAS,SCSCF,R:ICSCF,GTW,R:GTW,SCSCF,P:SCSCF,MTAS,P:MTAS,SCSCF,P:SCSCF,GTW,P:GTW,SCSCF,P-200:SCSCF,MTAS,P-200:MTAS,SCSCF,P-200:SCSCF,GTW,P-200:GTW,ICSCF,C:ICSCF,GTW,C-200:SCSCF,MTAS,C:MTAS,SCSCF,C-200:MTAS,SCSCF,I-487:SCSCF,MTAS,A:MTAS,SCSCF,C:ICSCF,GTW,I-487:SCSCF,MTAS,C-200:SCSCF,GTW,C:GTW,ICSCF,A:GTW,SCSCF,C-200:GTW,SCSCF,I-487:SCSCF,GTW,A:SCSCF,MTAS,I-487:MTAS,SCSCF,A"
470,0,0,"PCSCF,SCSCF,I:SCSCF,PCSCF,T:SCSCF,PCSCF,I-407:PCSCF,SCSCF,A:PCSCF,SCSCF,I:SCSCF,ASLI,I:SCSCF,PCSCF,T:ASLI,SCSCF,T:ASLI,SCSCF,I-500:SCSCF,ASLI,A:MTAS,SCSCF,I:SCSCF,MTAS,T:SCSCF,GTW,I:GTW,SCSCF,T:GTW,SCSCF,S:SCSCF,MTAS,S:SCSCF,PCSCF,S:PCSCF,SCSCF,P:MTAS,SCSCF,P:SCSCF,GTW,P:GTW,SCSCF,P-200:GTW,SCSCF,R:SCSCF,MTAS,R:SCSCF,MTAS,P-200:SCSCF,PCSCF,P-200:SCSCF,PCSCF,R:PCSCF,SCSCF,P:MTAS,SCSCF,P:SCSCF,GTW,P:GTW,SCSCF,P-200:SCSCF,MTAS,P-200:SCSCF,PCSCF,P-200:GTW,SCSCF,I-200:SCSCF,MTAS,I-200:SCSCF,PCSCF,I-200:PCSCF,SCSCF,A:SCSCF,MTAS,A:MTAS,SCSCF,A:SCSCF,GTW,A:GTW,SCSCF,B:SCSCF,PCSCF,B:MTAS,SCSCF,B:PCSCF,SCSCF,B-200:SCSCF,MTAS,B-200:SCSCF,GTW,B-200"
471,0,0,"PCSCF,SCSCF,I:SCSCF,PCSCF,T:SCSCF,ASLI,I:ASLI,SCSCF,T:ASLI,SCSCF,I-500:SCSCF,ASLI,A:MTAS,SCSCF,I:SCSCF,MTAS,T:SCSCF,GTW,I:GTW,SCSCF,T:GTW,SCSCF,S:SCSCF,MTAS,S:SCSCF,PCSCF,S:PCSCF,SCSCF,P:SCSCF,MTAS,P:MTAS,SCSCF,P:SCSCF,GTW,P:GTW,SCSCF,P-200:SCSCF,MTAS,P-200:MTAS,SCSCF,P-200:SCSCF,PCSCF,P-200:GTW,SCSCF,R:SCSCF,MTAS,R:SCSCF,PCSCF,R:PCSCF,SCSCF,P:SCSCF,MTAS,P:MTAS,SCSCF,P:SCSCF,GTW,P:GTW,SCSCF,P-200:SCSCF,MTAS,P-200:MTAS,SCSCF,P-200:SCSCF,PCSCF,P-200:GTW,SCSCF,W:SCSCF,MTAS,W:SCSCF,PCSCF,W:PCSCF,SCSCF,P:SCSCF,MTAS,P:MTAS,SCSCF,P:SCSCF,GTW,P:GTW,SCSCF,P-200:SCSCF,MTAS,P-200:MTAS,SCSCF,P-200:SCSCF,PCSCF,P-200:GTW,SCSCF,S:SCSCF,MTAS,S:SCSCF,PCSCF,S:PCSCF,SCSCF,P:SCSCF,MTAS,P:MTAS,SCSCF,P:SCSCF,GTW,P:GTW,SCSCF,P-200:SCSCF,MTAS,P-200:MTAS,SCSCF,P-200:GTW,SCSCF,S:SCSCF,MTAS,S:SCSCF,PCSCF,P-200:SCSCF,PCSCF,S:PCSCF,SCSCF,P:SCSCF,MTAS,P:MTAS,SCSCF,P:SCSCF,GTW,P:GTW,SCSCF,P-200:SCSCF,MTAS,P-200:MTAS,SCSCF,P-200:SCSCF,PCSCF,P-200:PCSCF,SCSCF,C:MTAS,SCSCF,C:SCSCF,MTAS,C-200:SCSCF,GTW,C:GTW,SCSCF,C-200:GTW,SCSCF,I-487:SCSCF,GTW,A:SCSCF,MTAS,I-487:MTAS,SCSCF,A:SCSCF,PCSCF,C-200:SCSCF,PCSCF,I-487:PCSCF,SCSCF,A"
472,0,0,"PCSCF,SCSCF,I:SCSCF,PCSCF,T:SCSCF,PCSCF,I-407:PCSCF,SCSCF,A:PCSCF,SCSCF,I:SCSCF,PCSCF,T:SCSCF,ASLI,I:ASLI,SCSCF,T:ASLI,SCSCF,I-500:SCSCF,ASLI,A:MTAS,SCSCF,I:SCSCF,MTAS,T:SCSCF,GTW,I:GTW,SCSCF,T:GTW,SCSCF,I-404:SCSCF,GTW,A:SCSCF,MTAS,I-404:MTAS,SCSCF,A:SCSCF,PCSCF,S:PCSCF,SCSCF,C:SCSCF,PCSCF,C-200:SCSCF,PCSCF,I-404:PCSCF,SCSCF,A"
473,0,0,"PCSCF,SCSCF,I:SCSCF,PCSCF,T:SCSCF,ASLI,I:ASLI,SCSCF,T:ASLI,SCSCF,I-500:SCSCF,ASLI,A:MTAS,SCSCF,I:SCSCF,MTAS,T:SCSCF,GTW,I:GTW,SCSCF,T:GTW,SCSCF,S:SCSCF,MTAS,S:SCSCF,PCSCF,S:PCSCF,SCSCF,P:SCSCF,MTAS,P:MTAS,SCSCF,P:SCSCF,GTW,P:GTW,SCSCF,P-200:SCSCF,MTAS,P-200:MTAS,SCSCF,P-200:SCSCF,PCSCF,P-200:GTW,SCSCF,S:GTW,SCSCF,I-200:SCSCF,MTAS,S:SCSCF,MTAS,I-200:SCSCF,PCSCF,S:SCSCF,PCSCF,I-200:PCSCF,SCSCF,P:SCSCF,MTAS,P:MTAS,SCSCF,P:SCSCF,GTW,P:GTW,SCSCF,P-200:SCSCF,MTAS,P-200:MTAS,SCSCF,P-200:SCSCF,PCSCF,P-200:PCSCF,SCSCF,A:SCSCF,MTAS,A:MTAS,SCSCF,A:SCSCF,GTW,A:MTAS,SCSCF,U:SCSCF,GTW,U:SCSCF,PCSCF,U:GTW,SCSCF,U-200:SCSCF,MTAS,U-200:PCSCF,SCSCF,U-200:SCSCF,MTAS,U-200:MTAS,SCSCF,U:SCSCF,GTW,U:GTW,SCSCF,U-200:SCSCF,MTAS,U-200:MTAS,SCSCF,U:SCSCF,PCSCF,U:PCSCF,SCSCF,U-200:SCSCF,MTAS,U-200:PCSCF,SCSCF,B:SCSCF,MTAS,B:MTAS,SCSCF,B:SCSCF,GTW,B:GTW,SCSCF,B-200:SCSCF,MTAS,B-200:MTAS,SCSCF,B-200:SCSCF,PCSCF,B-200"
474,0,0,"PCSCF,SCSCF,I:SCSCF,PCSCF,T:SCSCF,ASLI,I:ASLI,SCSCF,T:ASLI,SCSCF,I-500:SCSCF,ASLI,A:MTAS,SCSCF,I:SCSCF,MTAS,T:SCSCF,GTW,I:GTW,SCSCF,T:GTW,SCSCF,S:SCSCF,MTAS,S:SCSCF,PCSCF,S:PCSCF,SCSCF,P:MTAS,SCSCF,P:SCSCF,GTW,P:GTW,SCSCF,P-200:SCSCF,MTAS,P-200:SCSCF,PCSCF,P-200:GTW,SCSCF,R:SCSCF,MTAS,R:SCSCF,PCSCF,R:PCSCF,SCSCF,P:MTAS,SCSCF,P:SCSCF,GTW,P:GTW,SCSCF,P-200:SCSCF,MTAS,P-200:SCSCF,PCSCF,P-200:GTW,SCSCF,I-200:SCSCF,MTAS,I-200:SCSCF,PCSCF,I-200:PCSCF,SCSCF,A:SCSCF,MTAS,A:MTAS,SCSCF,A:SCSCF,GTW,A:MTAS,SCSCF,U:SCSCF,GTW,U:GTW,SCSCF,U-200:SCSCF,PCSCF,U:SCSCF,MTAS,U-200:PCSCF,SCSCF,U-200:SCSCF,MTAS,U-200:GTW,SCSCF,B:MTAS,SCSCF,B:SCSCF,PCSCF,B:PCSCF,SCSCF,B-200:SCSCF,MTAS,B-200:SCSCF,GTW,B-200"
475,0,0,"GTW,ICSCF,I:ICSCF,GTW,T:SCSCF,ASLI,I:ASLI,SCSCF,T:ASLI,SCSCF,I-500:SCSCF,ASLI,A:SCSCF,MTAS,I:MTAS,SCSCF,T:MTAS,SCSCF,I:SCSCF,MTAS,T:SCSCF,GTW,I:MTAS,SCSCF,W:ICSCF,GTW,W:GTW,SCSCF,T:GTW,SCSCF,S:SCSCF,MTAS,S:MTAS,SCSCF,S:ICSCF,GTW,S:GTW,SCSCF,P:SCSCF,MTAS,P:MTAS,SCSCF,P:SCSCF,GTW,P:GTW,SCSCF,R:SCSCF,MTAS,R:GTW,SCSCF,P-200:SCSCF,MTAS,P-200:MTAS,SCSCF,P-200:MTAS,SCSCF,R:SCSCF,GTW,P-200:ICSCF,GTW,R:GTW,SCSCF,P:SCSCF,MTAS,P:MTAS,SCSCF,P:SCSCF,GTW,P:GTW,SCSCF,P-200:SCSCF,MTAS,P-200:MTAS,SCSCF,P-200:SCSCF,GTW,P-200:GTW,SCSCF,I-200:SCSCF,MTAS,I-200:MTAS,SCSCF,I-200:ICSCF,GTW,I-200:GTW,SCSCF,A:SCSCF,MTAS,A:MTAS,SCSCF,A:SCSCF,GTW,A:GTW,SCSCF,B:SCSCF,MTAS,B:MTAS,SCSCF,B:SCSCF,GTW,B:GTW,SCSCF,B-200:SCSCF,MTAS,B-200:MTAS,SCSCF,B-200:SCSCF,GTW,B-200"
476,0,0,"PCSCF,SCSCF,I:SCSCF,PCSCF,T:SCSCF,PCSCF,I-407:PCSCF,SCSCF,A:PCSCF,SCSCF,I:SCSCF,PCSCF,T:SCSCF,ASLI,I:ASLI,SCSCF,T:ASLI,SCSCF,I-500:SCSCF,ASLI,A:MTAS,SCSCF,I:SCSCF,MTAS,T:SCSCF,GTW,I:GTW,SCSCF,T:GTW,SCSCF,S:SCSCF,MTAS,S:SCSCF,PCSCF,S:PCSCF,SCSCF,P:MTAS,SCSCF,P:SCSCF,GTW,P:GTW,SCSCF,P-200:GTW,SCSCF,S:SCSCF,MTAS,P-200:SCSCF,MTAS,S:SCSCF,PCSCF,P-200:SCSCF,PCSCF,S:PCSCF,SCSCF,P:MTAS,SCSCF,P:SCSCF,GTW,P:GTW,SCSCF,P-200:GTW,SCSCF,R:SCSCF,MTAS,R:SCSCF,MTAS,P-200:SCSCF,PCSCF,P-200:SCSCF,PCSCF,R:PCSCF,SCSCF,P:MTAS,SCSCF,P:SCSCF,GTW,P:GTW,SCSCF,P-200:SCSCF,MTAS,P-200:SCSCF,PCSCF,P-200:GTW,SCSCF,I-200:SCSCF,MTAS,I-200:SCSCF,PCSCF,I-200:PCSCF,SCSCF,A:SCSCF,MTAS,A:MTAS,SCSCF,A:SCSCF,GTW,A:MTAS,SCSCF,U:SCSCF,GTW,U:GTW,SCSCF,U-200:SCSCF,PCSCF,U:SCSCF,MTAS,U-200:PCSCF,SCSCF,U-200:SCSCF,MTAS,U-200:GTW,SCSCF,B:MTAS,SCSCF,B:SCSCF,PCSCF,B:PCSCF,SCSCF,B-200:SCSCF,MTAS,B-200:SCSCF,GTW,B-200"
477,0,0,"PCSCF,SCSCF,I:SCSCF,ASLI,I:ASLI,SCSCF,T:ASLI,SCSCF,I-500:SCSCF,ASLI,A:MTAS,SCSCF,I:SCSCF,MTAS,T:SCSCF,PCSCF,T:SCSCF,GTW,I:GTW,SCSCF,T:GTW,SCSCF,S:SCSCF,MTAS,S:SCSCF,PCSCF,S:PCSCF,SCSCF,P:MTAS,SCSCF,P:SCSCF,GTW,P:GTW,SCSCF,P-200:SCSCF,MTAS,P-200:SCSCF,PCSCF,P-200:GTW,SCSCF,R:SCSCF,MTAS,R:SCSCF,PCSCF,R:PCSCF,SCSCF,P:MTAS,SCSCF,P:SCSCF,GTW,P:GTW,SCSCF,P-200:SCSCF,MTAS,P-200:SCSCF,PCSCF,P-200:GTW,SCSCF,I-480:SCSCF,GTW,A:SCSCF,MTAS,I-480:MTAS,SCSCF,A:SCSCF,PCSCF,I-480:PCSCF,SCSCF,A"
478,0,0,"GTW,ICSCF,I:ICSCF,GTW,T:SCSCF,ASLI,I:ASLI,SCSCF,T:ASLI,SCSCF,I-500:SCSCF,ASLI,A:SCSCF,MTAS,I:MTAS,SCSCF,T:MTAS,SCSCF,I:SCSCF,MTAS,T:SCSCF,PCSCF,I:PCSCF,SCSCF,T:PCSCF,SCSCF,R:SCSCF,MTAS,R:MTAS,SCSCF,R:ICSCF,GTW,R:GTW,SCSCF,P:SCSCF,MTAS,P:MTAS,SCSCF,P:SCSCF,PCSCF,P:PCSCF,SCSCF,P-200:SCSCF,MTAS,P-200:MTAS,SCSCF,P-200:SCSCF,GTW,P-200:PCSCF,SCSCF,I-200:SCSCF,MTAS,I-200:MTAS,SCSCF,I-200:ICSCF,GTW,I-200:GTW,SCSCF,A:SCSCF,MTAS,A:MTAS,SCSCF,A:SCSCF,PCSCF,A:GTW,SCSCF,B:SCSCF,MTAS,B:MTAS,SCSCF,B:SCSCF,PCSCF,B:PCSCF,SCSCF,B-200:MTAS,SCSCF,B-200:SCSCF,MTAS,B-200:SCSCF,GTW,B-200"
479,0,0,"PCSCF,SCSCF,I:SCSCF,PCSCF,T:SCSCF,PCSCF,I-407:PCSCF,SCSCF,A:PCSCF,SCSCF,I:SCSCF,PCSCF,T:SCSCF,ASLI,I:ASLI,SCSCF,T:ASLI,SCSCF,I-500:SCSCF,ASLI,A:MTAS,SCSCF,I:SCSCF,MTAS,T:SCSCF,GTW,I:GTW,SCSCF,T:GTW,SCSCF,S:SCSCF,MTAS,S:SCSCF,PCSCF,S:PCSCF,SCSCF,P:MTAS,SCSCF,P:SCSCF,GTW,P:GTW,SCSCF,P-200:GTW,SCSCF,R:SCSCF,MTAS,R:SCSCF,MTAS,P-200:SCSCF,PCSCF,P-200:SCSCF,PCSCF,R:PCSCF,SCSCF,P:MTAS,SCSCF,P:SCSCF,GTW,P:GTW,SCSCF,P-200:SCSCF,MTAS,P-200:SCSCF,PCSCF,P-200:GTW,SCSCF,S:SCSCF,MTAS,S:SCSCF,PCSCF,S:PCSCF,SCSCF,P:MTAS,SCSCF,P:SCSCF,GTW,P:GTW,SCSCF,P-200:SCSCF,MTAS,P-200:SCSCF,PCSCF,P-200:GTW,SCSCF,U:MTAS,SCSCF,U:SCSCF,PCSCF,U:PCSCF,SCSCF,U-200:SCSCF,MTAS,U-200:SCSCF,GTW,U-200:GTW,SCSCF,I-200:SCSCF,MTAS,I-200:SCSCF,PCSCF,I-200:PCSCF,SCSCF,A:SCSCF,MTAS,A:MTAS,SCSCF,A:SCSCF,GTW,A:PCSCF,SCSCF,B:SCSCF,MTAS,B:MTAS,SCSCF,B:SCSCF,GTW,B:GTW,SCSCF,B-200:SCSCF,MTAS,B-200:MTAS,SCSCF,B-200:SCSCF,PCSCF,B-200"
480,0,0,"PCSCF,SCSCF,I:SCSCF,PCSCF,T:SCSCF,PCSCF,I-407:PCSCF,SCSCF,A:PCSCF,SCSCF,I:SCSCF,PCSCF,T:SCSCF,ASLI,I:ASLI,SCSCF,T:ASLI,SCSCF,I-500:SCSCF,ASLI,A:MTAS,SCSCF,I:SCSCF,MTAS,T:SCSCF,ASLI,I:ASLI,SCSCF,T:ASLI,SCSCF,I-500:SCSCF,ASLI,A:SCSCF,MTAS,I:MTAS,SCSCF,T:MTAS,SCSCF,I:SCSCF,MTAS,T:SCSCF,PCSCF,I:PCSCF,SCSCF,T:PCSCF,SCSCF,R:SCSCF,MTAS,R:MTAS,SCSCF,R:SCSCF,MTAS,R:SCSCF,PCSCF,R:PCSCF,SCSCF,P:MTAS,SCSCF,P:SCSCF,MTAS,P:MTAS,SCSCF,P:SCSCF,PCSCF,P:PCSCF,SCSCF,P-200:SCSCF,MTAS,P-200:MTAS,SCSCF,P-200:SCSCF,MTAS,P-200:SCSCF,PCSCF,P-200:PCSCF,SCSCF,I-200:SCSCF,MTAS,I-200:MTAS,SCSCF,I-200:SCSCF,MTAS,I-200:SCSCF,PCSCF,I-200:PCSCF,SCSCF,A:MTAS,SCSCF,A:SCSCF,MTAS,A:MTAS,SCSCF,A:SCSCF,PCSCF,A:PCSCF,SCSCF,B:SCSCF,MTAS,B:MTAS,SCSCF,B:PCSCF,SCSCF,B:SCSCF,PCSCF,B:SCSCF,PCSCF,B-200:PCSCF,SCSCF,B-200:SCSCF,MTAS,B-200:MTAS,SCSCF,B-200:SCSCF,PCSCF,B-200"
481,0,0,"PCSCF,SCSCF,I:SCSCF,PCSCF,T:SCSCF,ASLI,I:ASLI,SCSCF,T:ASLI,SCSCF,I-500:SCSCF,ASLI,A:MTAS,SCSCF,I:SCSCF,MTAS,T:SCSCF,GTW,I:GTW,SCSCF,T:GTW,SCSCF,S:SCSCF,MTAS,S:SCSCF,PCSCF,S:PCSCF,SCSCF,P:MTAS,SCSCF,P:SCSCF,GTW,P:GTW,SCSCF,P-200:SCSCF,MTAS,P-200:SCSCF,PCSCF,P-200:GTW,SCSCF,S:SCSCF,MTAS,S:SCSCF,PCSCF,S:PCSCF,SCSCF,P:MTAS,SCSCF,P:SCSCF,GTW,P:GTW,SCSCF,P-200:SCSCF,MTAS,P-200:SCSCF,PCSCF,P-200:GTW,SCSCF,R:SCSCF,MTAS,R:SCSCF,PCSCF,R:GTW,SCSCF,S:SCSCF,MTAS,S:SCSCF,PCSCF,S:PCSCF,SCSCF,P:MTAS,SCSCF,P:SCSCF,GTW,P:GTW,SCSCF,P-200:SCSCF,MTAS,P-200:SCSCF,PCSCF,P-200:GTW,SCSCF,I-200:SCSCF,MTAS,I-200:SCSCF,PCSCF,I-200:PCSCF,SCSCF,A:SCSCF,MTAS,A:MTAS,SCSCF,A:SCSCF,GTW,A:PCSCF,SCSCF,B:MTAS,SCSCF,B:SCSCF,GTW,B:GTW,SCSCF,B-200:SCSCF,MTAS,B-200:SCSCF,PCSCF,B-200"
482,0,0,"GTW,ICSCF,I:ICSCF,GTW,T:SCSCF,ASLI,I:ASLI,SCSCF,T:ASLI,SCSCF,I-500:SCSCF,ASLI,A:SCSCF,MTAS,I:MTAS,SCSCF,T:MTAS,SCSCF,I:SCSCF,MTAS,T:SCSCF,PCSCF,I:PCSCF,SCSCF,T:PCSCF,SCSCF,R:SCSCF,MTAS,R:MTAS,SCSCF,R:ICSCF,GTW,R:GTW,SCSCF,P:SCSCF,MTAS,P:MTAS,SCSCF,P:SCSCF,PCSCF,P:PCSCF,SCSCF,P-200:SCSCF,MTAS,P-200:MTAS,SCSCF,P-200:SCSCF,GTW,P-200:PCSCF,SCSCF,I-200:SCSCF,MTAS,I-200:MTAS,SCSCF,I-200:ICSCF,GTW,I-200:GTW,SCSCF,A:SCSCF,MTAS,A:MTAS,SCSCF,A:SCSCF,PCSCF,A:MTAS,SCSCF,U:SCSCF,PCSCF,U:SCSCF,GTW,U:GTW,SCSCF,U-200:SCSCF,MTAS,U-200:PCSCF,SCSCF,U-200:SCSCF,MTAS,U-200:SCSCF,MTAS,B:PCSCF,SCSCF,B:MTAS,SCSCF,B:SCSCF,GTW,B:GTW,SCSCF,B-200:SCSCF,MTAS,B-200:MTAS,SCSCF,B-200:SCSCF,PCSCF,B-200"
483,0,0,"PCSCF,SCSCF,I:SCSCF,ASLI,I:ASLI,SCSCF,T:ASLI,SCSCF,I-500:SCSCF,ASLI,A:MTAS,SCSCF,I:SCSCF,MTAS,T:SCSCF,PCSCF,T:SCSCF,ASLI,I:ASLI,SCSCF,T:ASLI,SCSCF,I-500:SCSCF,MTAS,I:MTAS,SCSCF,I:SCSCF,MTAS,T:SCSCF,PCSCF,I:SCSCF,ASLI,A:MTAS,SCSCF,T:PCSCF,SCSCF,T:PCSCF,SCSCF,R:SCSCF,MTAS,R:MTAS,SCSCF,R:SCSCF,MTAS,R:SCSCF,PCSCF,R:PCSCF,SCSCF,P:MTAS,SCSCF,P:SCSCF,MTAS,P:MTAS,SCSCF,P:SCSCF,PCSCF,P:PCSCF,SCSCF,P-200:SCSCF,MTAS,P-200:MTAS,SCSCF,P-200:SCSCF,MTAS,P-200:SCSCF,PCSCF,P-200:PCSCF,SCSCF,I-200:SCSCF,MTAS,I-200:MTAS,SCSCF,I-200:SCSCF,MTAS,I-200:SCSCF,PCSCF,I-200:PCSCF,SCSCF,A:MTAS,SCSCF,A:SCSCF,MTAS,A:MTAS,SCSCF,A:SCSCF,PCSCF,A:PCSCF,SCSCF,B:MTAS,SCSCF,B:SCSCF,MTAS,B:MTAS,SCSCF,B:SCSCF,PCSCF,B:PCSCF,SCSCF,B-200:SCSCF,MTAS,B-200:MTAS,SCSCF,B-200:SCSCF,MTAS,B-200:SCSCF,PCSCF,B-200"
484,0,0,"PCSCF,SCSCF,I:SCSCF,ASLI,I:ASLI,SCSCF,T:ASLI,SCSCF,I-500:SCSCF,ASLI,A:MTAS,SCSCF,I:SCSCF,MTAS,T:SCSCF,GTW,I:GTW,SCSCF,T:SCSCF,PCSCF,T:GTW,SCSCF,R:SCSCF,MTAS,R:SCSCF,PCSCF,R:GTW,SCSCF,R:SCSCF,MTAS,R:PCSCF,SCSCF,P:MTAS,SCSCF,P:SCSCF,GTW,P:GTW,SCSCF,P-200:SCSCF,MTAS,P-200:SCSCF,PCSCF,P-200:GTW,SCSCF,I-200:SCSCF,MTAS,I-200:SCSCF,PCSCF,I-200:PCSCF,SCSCF,A:SCSCF,MTAS,A:MTAS,SCSCF,A:SCSCF,GTW,A:MTAS,SCSCF,U:SCSCF,GTW,U:GTW,SCSCF,U-200:SCSCF,MTAS,U-200:MTAS,SCSCF,U:SCSCF,PCSCF,U:PCSCF,SCSCF,U-200:SCSCF,MTAS,U-200:MTAS,SCSCF,U:SCSCF,GTW,U:MTAS,SCSCF,U:SCSCF,PCSCF,U:GTW,SCSCF,U-200:SCSCF,MTAS,U-200:PCSCF,SCSCF,U-200:SCSCF,MTAS,U-200:PCSCF,SCSCF,B:MTAS,SCSCF,B:SCSCF,GTW,B:GTW,SCSCF,B-200:SCSCF,MTAS,B-200:SCSCF,PCSCF,B-200"
485,0,0,"PCSCF,SCSCF,I:SCSCF,PCSCF,T:SCSCF,ASLI,I:ASLI,SCSCF,T:ASLI,SCSCF,I-500:SCSCF,ASLI,A:MTAS,SCSCF,I:SCSCF,MTAS,T:SCSCF,GTW,I:GTW,SCSCF,T:GTW,SCSCF,S:SCSCF,MTAS,S:SCSCF,PCSCF,S:GTW,SCSCF,S:SCSCF,MTAS,S:PCSCF,SCSCF,P:SCSCF,MTAS,P:MTAS,SCSCF,P:SCSCF,GTW,P:GTW,SCSCF,P-200:SCSCF,MTAS,P-200:MTAS,SCSCF,P-200:SCSCF,PCSCF,P-200:GTW,SCSCF,R:SCSCF,MTAS,R:SCSCF,PCSCF,R:PCSCF,SCSCF,P:SCSCF,MTAS,P:MTAS,SCSCF,P:SCSCF,GTW,P:GTW,SCSCF,P-200:SCSCF,MTAS,P-200:MTAS,SCSCF,P-200:SCSCF,PCSCF,P-200:GTW,SCSCF,I-200:SCSCF,MTAS,I-200:GTW,SCSCF,I-200:SCSCF,MTAS,I-200:SCSCF,PCSCF,I-200:PCSCF,SCSCF,A:SCSCF,MTAS,A:MTAS,SCSCF,A:SCSCF,GTW,A:GTW,SCSCF,B:MTAS,SCSCF,B:SCSCF,PCSCF,B:PCSCF,SCSCF,B-200:SCSCF,MTAS,B-200:SCSCF,GTW,B-200"
486,0,0,"PCSCF,SCSCF,I:SCSCF,PCSCF,T:SCSCF,ASLI,I:ASLI,SCSCF,T:ASLI,SCSCF,I-500:SCSCF,ASLI,A:MTAS,SCSCF,I:SCSCF,MTAS,T:SCSCF,GTW,I:GTW,SCSCF,T:GTW,SCSCF,I-200:SCSCF,MTAS,I-200:SCSCF,PCSCF,I-200:GTW,SCSCF,I-200:SCSCF,MTAS,I-200:PCSCF,SCSCF,A:SCSCF,MTAS,A:MTAS,SCSCF,A:SCSCF,GTW,A:MTAS,SCSCF,U:SCSCF,GTW,U:GTW,SCSCF,U-200:SCSCF,MTAS,U-200:MTAS,SCSCF,U:SCSCF,PCSCF,U:PCSCF,SCSCF,U-200:SCSCF,MTAS,U-200:PCSCF,SCSCF,B:MTAS,SCSCF,B:SCSCF,GTW,B:GTW,SCSCF,B-200:SCSCF,MTAS,B-200:SCSCF,PCSCF,B-200"
487,0,0,"PCSCF,SCSCF,I:SCSCF,PCSCF,T:SCSCF,PCSCF,I-407:PCSCF,SCSCF,A:PCSCF,SCSCF,I:SCSCF,PCSCF,T:SCSCF,ASLI,I:ASLI,SCSCF,T:ASLI,SCSCF,I-500:SCSCF,ASLI,A:MTAS,SCSCF,I:SCSCF,MTAS,T:SCSCF,GTW,I:GTW,SCSCF,T:GTW,SCSCF,S:SCSCF,MTAS,S:SCSCF,PCSCF,S:PCSCF,SCSCF,P:MTAS,SCSCF,P:SCSCF,GTW,P:GTW,SCSCF,P-200:SCSCF,MTAS,P-200:SCSCF,PCSCF,P-200:GTW,SCSCF,R:SCSCF,MTAS,R:SCSCF,PCSCF,R:PCSCF,SCSCF,P:MTAS,SCSCF,P:SCSCF,GTW,P:GTW,SCSCF,P-200:SCSCF,MTAS,P-200:SCSCF,PCSCF,P-200:GTW,SCSCF,W:SCSCF,MTAS,W:SCSCF,PCSCF,W:GTW,SCSCF,I-486:SCSCF,GTW,A:SCSCF,MTAS,I-486:PCSCF,SCSCF,P:MTAS,SCSCF,A:SCSCF,PCSCF,I-486:PCSCF,SCSCF,A"
488,0,0,"PCSCF,SCSCF,I:SCSCF,ASLI,I:ASLI,SCSCF,T:ASLI,SCSCF,I-500:SCSCF,ASLI,A:SCSCF,PCSCF,T:MTAS,SCSCF,I:SCSCF,MTAS,T:SCSCF,GTW,I:GTW,SCSCF,T:GTW,SCSCF,S:SCSCF,MTAS,S:SCSCF,PCSCF,S:PCSCF,SCSCF,P:SCSCF,MTAS,P:MTAS,SCSCF,P:SCSCF,GTW,P:GTW,SCSCF,P-200:SCSCF,MTAS,P-200:MTAS,SCSCF,P-200:SCSCF,PCSCF,P-200:GTW,SCSCF,R:SCSCF,MTAS,R:SCSCF,PCSCF,R:PCSCF,SCSCF,P:SCSCF,MTAS,P:MTAS,SCSCF,P:SCSCF,GTW,P:GTW,SCSCF,P-200:SCSCF,MTAS,P-200:MTAS,SCSCF,P-200:SCSCF,PCSCF,P-200:GTW,SCSCF,S:SCSCF,MTAS,S:SCSCF,PCSCF,S:PCSCF,SCSCF,P:SCSCF,MTAS,P:MTAS,SCSCF,P:SCSCF,GTW,P:GTW,SCSCF,P-200:SCSCF,MTAS,P-200:MTAS,SCSCF,P-200:SCSCF,PCSCF,P-200:GTW,SCSCF,S:SCSCF,MTAS,S:SCSCF,PCSCF,S:PCSCF,SCSCF,P:SCSCF,MTAS,P:MTAS,SCSCF,P:SCSCF,GTW,P:GTW,SCSCF,P-200:SCSCF,MTAS,P-200:MTAS,SCSCF,P-200:SCSCF,PCSCF,P-200:GTW,SCSCF,I-200:SCSCF,MTAS,I-200:SCSCF,PCSCF,I-200:PCSCF,SCSCF,A:SCSCF,MTAS,A:MTAS,SCSCF,A:SCSCF,GTW,A:PCSCF,SCSCF,B:SCSCF,MTAS,B:MTAS,SCSCF,B:SCSCF,GTW,B:GTW,SCSCF,B-200:SCSCF,MTAS,B-200:MTAS,SCSCF,B-200:SCSCF,PCSCF,B-200"
489,0,0,"PCSCF,SCSCF,I:SCSCF,ASLI,I:ASLI,SCSCF,T:ASLI,SCSCF,I-500:SCSCF,ASLI,A:SCSCF,PCSCF,T:MTAS,SCSCF,I:SCSCF,MTAS,T:SCSCF,GTW,I:GTW,SCSCF,T:GTW,SCSCF,S:SCSCF,MTAS,S:SCSCF,PCSCF,S:PCSCF,SCSCF,P:SCSCF,MTAS,P:MTAS,SCSCF,P:SCSCF,GTW,P:GTW,SCSCF,P-200:SCSCF,MTAS,P-200:MTAS,SCSCF,P-200:SCSCF,PCSCF,P-200:GTW,SCSCF,S:SCSCF,MTAS,S:SCSCF,PCSCF,S:PCSCF,SCSCF,P:SCSCF,MTAS,P:MTAS,SCSCF,P:SCSCF,GTW,P:GTW,SCSCF,P-200:SCSCF,MTAS,P-200:MTAS,SCSCF,P-200:SCSCF,PCSCF,P-200:PCSCF,SCSCF,C:MTAS,SCSCF,C:SCSCF,MTAS,C-200:SCSCF,GTW,C:GTW,SCSCF,C-200:GTW,SCSCF,I-487:SCSCF,GTW,A:SCSCF,MTAS,I-487:MTAS,SCSCF,A:SCSCF,PCSCF,C-200:SCSCF,PCSCF,I-487:PCSCF,SCSCF,A"
490,0,0,"PCSCF,SCSCF,I:SCSCF,ASLI,I:ASLI,SCSCF,T:SCSCF,PCSCF,T:ASLI,SCSCF,I-500:SCSCF,ASLI,A:MTAS,SCSCF,I:SCSCF,MTAS,T:SCSCF,GTW,I:GTW,SCSCF,T:GTW,SCSCF,R:SCSCF,MTAS,R:SCSCF,PCSCF,R:PCSCF,SCSCF,P:SCSCF,MTAS,P:MTAS,SCSCF,P:SCSCF,GTW,P:GTW,SCSCF,P-200:SCSCF,MTAS,P-200:MTAS,SCSCF,P-200:SCSCF,PCSCF,P-200:GTW,SCSCF,I-200:SCSCF,MTAS,I-200:SCSCF,PCSCF,I-200:PCSCF,SCSCF,A:SCSCF,MTAS,A:MTAS,SCSCF,A:SCSCF,GTW,A:GTW,SCSCF,B:MTAS,SCSCF,B:SCSCF,PCSCF,B:PCSCF,SCSCF,B-200:SCSCF,MTAS,B-200:SCSCF,GTW,B-200"
491,0,0,"PCSCF,SCSCF,I:SCSCF,ASLI,I:ASLI,SCSCF,T:SCSCF,PCSCF,T:ASLI,SCSCF,I-500:SCSCF,ASLI,A:MTAS,SCSCF,I:SCSCF,MTAS,T:SCSCF,GTW,I:GTW,SCSCF,T:GTW,SCSCF,S:SCSCF,MTAS,S:SCSCF,PCSCF,S:PCSCF,SCSCF,P:SCSCF,MTAS,P:MTAS,SCSCF,P:SCSCF,GTW,P:GTW,SCSCF,P-200:GTW,SCSCF,R:SCSCF,MTAS,P-200:SCSCF,MTAS,R:MTAS,SCSCF,P-200:SCSCF,PCSCF,P-200:SCSCF,PCSCF,R:PCSCF,SCSCF,P:SCSCF,MTAS,P:MTAS,SCSCF,P:SCSCF,GTW,P:GTW,SCSCF,P-200:SCSCF,MTAS,P-200:MTAS,SCSCF,P-200:SCSCF,PCSCF,P-200:PCSCF,SCSCF,C:MTAS,SCSCF,C:SCSCF,MTAS,C-200:SCSCF,GTW,C:GTW,SCSCF,C-200:GTW,SCSCF,I-487:SCSCF,GTW,A:SCSCF,MTAS,I-487:MTAS,SCSCF,A:SCSCF,PCSCF,C-200:SCSCF,PCSCF,I-487:PCSCF,SCSCF,A"
492,0,0,"PCSCF,SCSCF,I:SCSCF,PCSCF,T:SCSCF,ASLI,I:ASLI,SCSCF,T:ASLI,SCSCF,I-500:MTAS,SCSCF,I:SCSCF,MTAS,T:SCSCF,ASLI,A:SCSCF,GTW,I:GTW,SCSCF,T:GTW,SCSCF,S:SCSCF,MTAS,S:SCSCF,PCSCF,S:PCSCF,SCSCF,P:SCSCF,MTAS,P:MTAS,SCSCF,P:SCSCF,GTW,P:GTW,SCSCF,P-200:GTW,SCSCF,S:SCSCF,MTAS,S:SCSCF,MTAS,P-200:MTAS,SCSCF,P-200:SCSCF,PCSCF,P-200:SCSCF,PCSCF,S:PCSCF,SCSCF,P:SCSCF,MTAS,P:MTAS,SCSCF,P:SCSCF,GTW,P:GTW,SCSCF,P-200:GTW,SCSCF,S:SCSCF,MTAS,S:SCSCF,MTAS,P-200:MTAS,SCSCF,P-200:SCSCF,PCSCF,P-200:SCSCF,PCSCF,S:PCSCF,SCSCF,P:SCSCF,MTAS,P:MTAS,SCSCF,P:SCSCF,GTW,P:GTW,SCSCF,P-200:SCSCF,MTAS,P-200:MTAS,SCSCF,P-200:SCSCF,PCSCF,P-200:GTW,SCSCF,R:SCSCF,MTAS,R:SCSCF,PCSCF,R:PCSCF,SCSCF,P:SCSCF,MTAS,P:MTAS,SCSCF,P:SCSCF,GTW,P:GTW,SCSCF,P-200:SCSCF,MTAS,P-200:MTAS,SCSCF,P-200:SCSCF,PCSCF,P-200:GTW,SCSCF,I-480:SCSCF,GTW,A:SCSCF,MTAS,I-480:MTAS,SCSCF,A:SCSCF,PCSCF,I-480:PCSCF,SCSCF,A"
493,0,0,"GTW,ICSCF,I:ICSCF,GTW,T:SCSCF,ASLI,I:ASLI,SCSCF,T:ASLI,SCSCF,I-500:SCSCF,ASLI,A:SCSCF,MTAS,I:MTAS,SCSCF,T:MTAS,SCSCF,W:ICSCF,GTW,W:MTAS,SCSCF,I:SCSCF,MTAS,T:SCSCF,GTW,I:GTW,SCSCF,T:GTW,SCSCF,S:SCSCF,MTAS,S:MTAS,SCSCF,S:ICSCF,GTW,S:GTW,SCSCF,P:SCSCF,MTAS,P:MTAS,SCSCF,P:SCSCF,GTW,P:GTW,SCSCF,P-200:SCSCF,MTAS,P-200:MTAS,SCSCF,P-200:SCSCF,GTW,P-200:GTW,SCSCF,S:SCSCF,MTAS,S:MTAS,SCSCF,S:ICSCF,GTW,S:GTW,SCSCF,P:SCSCF,MTAS,P:MTAS,SCSCF,P:SCSCF,GTW,P:GTW,SCSCF,P-200:SCSCF,MTAS,P-200:MTAS,SCSCF,P-200:SCSCF,GTW,P-200:GTW,ICSCF,C:ICSCF,GTW,C-200:SCSCF,MTAS,C:MTAS,SCSCF,C-200:MTAS,SCSCF,C:SCSCF,MTAS,C-200:SCSCF,GTW,C:MTAS,SCSCF,I-487:SCSCF,MTAS,A:ICSCF,GTW,I-487:GTW,ICSCF,A:GTW,SCSCF,C-200:GTW,SCSCF,I-487:SCSCF,GTW,A:SCSCF,MTAS,I-487:MTAS,SCSCF,A"
494,0,0,"PCSCF,SCSCF,I:SCSCF,PCSCF,T:SCSCF,ASLI,I:ASLI,SCSCF,T:ASLI,SCSCF,I-500:SCSCF,ASLI,A:MTAS,SCSCF,I:SCSCF,MTAS,T:SCSCF,GTW,I:GTW,SCSCF,T:GTW,SCSCF,S:SCSCF,MTAS,S:SCSCF,PCSCF,S:PCSCF,SCSCF,P:SCSCF,MTAS,P:MTAS,SCSCF,P:SCSCF,GTW,P:GTW,SCSCF,P-200:SCSCF,MTAS,P-200:MTAS,SCSCF,P-200:SCSCF,PCSCF,P-200:GTW,SCSCF,R:SCSCF,MTAS,R:SCSCF,PCSCF,R:PCSCF,SCSCF,P:SCSCF,MTAS,P:MTAS,SCSCF,P:SCSCF,GTW,P:GTW,SCSCF,P-200:SCSCF,MTAS,P-200:MTAS,SCSCF,P-200:SCSCF,PCSCF,P-200:PCSCF,SCSCF,C:MTAS,SCSCF,C:SCSCF,MTAS,C-200:SCSCF,GTW,C:GTW,SCSCF,C-200:GTW,SCSCF,I-487:SCSCF,GTW,A:SCSCF,MTAS,I-487:MTAS,SCSCF,A:SCSCF,PCSCF,C-200:SCSCF,PCSCF,I-487:PCSCF,SCSCF,A"
495,0,0,"PCSCF,SCSCF,I:SCSCF,ASLI,I:SCSCF,PCSCF,T:ASLI,SCSCF,T:ASLI,SCSCF,I-500:SCSCF,ASLI,A:MTAS,SCSCF,I:SCSCF,MTAS,T:SCSCF,GTW,I:GTW,SCSCF,T:GTW,SCSCF,R:SCSCF,MTAS,R:SCSCF,PCSCF,R:PCSCF,SCSCF,P:SCSCF,MTAS,P:MTAS,SCSCF,P:SCSCF,GTW,P:GTW,SCSCF,P-200:SCSCF,MTAS,P-200:MTAS,SCSCF,P-200:SCSCF,PCSCF,P-200:PCSCF,SCSCF,C:SCSCF,PCSCF,C-200:MTAS,SCSCF,C:SCSCF,MTAS,C-200:SCSCF,GTW,C:GTW,SCSCF,C-200:GTW,SCSCF,I-487:SCSCF,GTW,A:SCSCF,MTAS,I-487:MTAS,SCSCF,A:SCSCF,PCSCF,I-487:PCSCF,SCSCF,A"
496,0,0,"PCSCF,SCSCF,I:SCSCF,ASLI,I:ASLI,SCSCF,T:ASLI,SCSCF,I-500:SCSCF,ASLI,A:SCSCF,PCSCF,T:MTAS,SCSCF,I:SCSCF,MTAS,T:SCSCF,GTW,I:GTW,SCSCF,T:GTW,SCSCF,S:SCSCF,MTAS,S:SCSCF,PCSCF,S:PCSCF,SCSCF,P:MTAS,SCSCF,P:SCSCF,GTW,P:GTW,SCSCF,P-200:SCSCF,MTAS,P-200:SCSCF,PCSCF,P-200:GTW,SCSCF,R:SCSCF,MTAS,R:SCSCF,PCSCF,R:PCSCF,SCSCF,P:MTAS,SCSCF,P:SCSCF,GTW,P:GTW,SCSCF,P-200:SCSCF,MTAS,P-200:SCSCF,PCSCF,P-200:GTW,SCSCF,I-200:SCSCF,MTAS,I-200:SCSCF,PCSCF,I-200:PCSCF,SCSCF,A:SCSCF,MTAS,A:MTAS,SCSCF,A:SCSCF,GTW,A:GTW,SCSCF,B:MTAS,SCSCF,B:SCSCF,PCSCF,B:PCSCF,SCSCF,B-200:SCSCF,MTAS,B-200:SCSCF,GTW,B-200"
497,0,0,"GTW,ICSCF,I:ICSCF,GTW,T:SCSCF,ASLI,I:ASLI,SCSCF,T:ASLI,SCSCF,I-500:SCSCF,ASLI,A:SCSCF,MTAS,I:MTAS,SCSCF,T:MTAS,SCSCF,I:SCSCF,MTAS,T:SCSCF,PCSCF,I:PCSCF,SCSCF,T:SCSCF,MTAS,R:MTAS,SCSCF,R:PCSCF,SCSCF,R:ICSCF,GTW,R:GTW,SCSCF,P:SCSCF,MTAS,P:MTAS,SCSCF,P:SCSCF,PCSCF,P:SCSCF,MTAS,P-200:MTAS,SCSCF,P-200:PCSCF,SCSCF,P-200:SCSCF,GTW,P-200:SCSCF,MTAS,I-200:MTAS,SCSCF,I-200:PCSCF,SCSCF,I-200:ICSCF,GTW,I-200:GTW,SCSCF,A:SCSCF,MTAS,A:MTAS,SCSCF,A:SCSCF,PCSCF,A:MTAS,SCSCF,U:SCSCF,PCSCF,U:PCSCF,SCSCF,U-200:SCSCF,MTAS,U-200:MTAS,SCSCF,U:SCSCF,GTW,U:GTW,SCSCF,U-200:SCSCF,MTAS,U-200:PCSCF,SCSCF,B:SCSCF,MTAS,B:MTAS,SCSCF,B:SCSCF,GTW,B:GTW,SCSCF,B-200:SCSCF,MTAS,B-200:MTAS,SCSCF,B-200:SCSCF,PCSCF,B-200"
498,0,0,"PCSCF,SCSCF,I:SCSCF,PCSCF,T:SCSCF,ASLI,I:ASLI,SCSCF,T:ASLI,SCSCF,I-500:SCSCF,ASLI,A:MTAS,SCSCF,I:SCSCF,MTAS,T:SCSCF,GTW,I:GTW,SCSCF,T:GTW,SCSCF,S:SCSCF,MTAS,S:SCSCF,PCSCF,S:PCSCF,SCSCF,P:MTAS,SCSCF,P:SCSCF,GTW,P:GTW,SCSCF,P-200:SCSCF,MTAS,P-200:SCSCF,PCSCF,P-200:GTW,SCSCF,R:SCSCF,MTAS,R:SCSCF,PCSCF,R:PCSCF,SCSCF,P:MTAS,SCSCF,P:SCSCF,GTW,P:GTW,SCSCF,P-200:SCSCF,MTAS,P-200:SCSCF,PCSCF,P-200:GTW,SCSCF,I-200:SCSCF,MTAS,I-200:SCSCF,PCSCF,I-200:PCSCF,SCSCF,A:SCSCF,MTAS,A:MTAS,SCSCF,A:SCSCF,GTW,A:GTW,SCSCF,B:MTAS,SCSCF,B:SCSCF,PCSCF,B:PCSCF,SCSCF,B-200:SCSCF,MTAS,B-200:SCSCF,GTW,B-200"
499,0,0,"PCSCF,SCSCF,I:SCSCF,PCSCF,T:SCSCF,ASLI,I:ASLI,SCSCF,T:ASLI,SCSCF,I-500:SCSCF,ASLI,A:MTAS,SCSCF,I:SCSCF,MTAS,T:SCSCF,GTW,I:GTW,SCSCF,T:GTW,SCSCF,R:SCSCF,MTAS,R:SCSCF,PCSCF,R:PCSCF,SCSCF,P:SCSCF,MTAS,P:MTAS,SCSCF,P:SCSCF,GTW,P:GTW,SCSCF,P-200:SCSCF,MTAS,P-200:MTAS,SCSCF,P-200:SCSCF,PCSCF,P-200:GTW,SCSCF,I-200:SCSCF,MTAS,I-200:SCSCF,PCSCF,I-200:PCSCF,SCSCF,A:SCSCF,MTAS,A:MTAS,SCSCF,A:SCSCF,GTW,A:MTAS,SCSCF,U:SCSCF,GTW,U:GTW,SCSCF,U-200:SCSCF,MTAS,U-200:MTAS,SCSCF,U:SCSCF,PCSCF,U:PCSCF,SCSCF,U-200:SCSCF,MTAS,U-200:MTAS,SCSCF,U:SCSCF,GTW,U:GTW,SCSCF,U-200:SCSCF,MTAS,U-200:MTAS,SCSCF,U:SCSCF,PCSCF,U:PCSCF,SCSCF,U-200:SCSCF,MTAS,U-200:MTAS,SCSCF,U:SCSCF,GTW,U:GTW,SCSCF,U-200:SCSCF,MTAS,U-200:MTAS,SCSCF,U:SCSCF,PCSCF,U:PCSCF,SCSCF,U-200:SCSCF,MTAS,U-200:MTAS,SCSCF,U:SCSCF,GTW,U:GTW,SCSCF,U-200:SCSCF,MTAS,U-200:MTAS,SCSCF,U:SCSCF,PCSCF,U:PCSCF,SCSCF,U-200:SCSCF,MTAS,U-200:MTAS,SCSCF,U:SCSCF,GTW,U:GTW,SCSCF,U-200:SCSCF,MTAS,U-200:MTAS,SCSCF,U:SCSCF,PCSCF,U:PCSCF,SCSCF,U-200:SCSCF,MTAS,U-200:MTAS,SCSCF,U:SCSCF,GTW,U:GTW,SCSCF,U-200:SCSCF,MTAS,U-200:MTAS,SCSCF,U:SCSCF,PCSCF,U:PCSCF,SCSCF,U-200:SCSCF,MTAS,U-200:MTAS,SCSCF,U:SCSCF,GTW,U:GTW,SCSCF,U-200:SCSCF,MTAS,U-200:MTAS,SCSCF,U:SCSCF,PCSCF,U:PCSCF,SCSCF,U-200:SCSCF,MTAS,U-200:PCSCF,SCSCF,B:SCSCF,MTAS,B:MTAS,SCSCF,B:SCSCF,GTW,B:GTW,SCSCF,B-200:SCSCF,MTAS,B-200:MTAS,SCSCF,B-200:SCSCF,PCSCF,B-200"
500,0,0,"GTW,ICSCF,I:ICSCF,GTW,T:SCSCF,ASLI,I:ASLI,SCSCF,T:ASLI,SCSCF,I-500:SCSCF,ASLI,A:SCSCF,MTAS,I:MTAS,SCSCF,T:MTAS,SCSCF,I:SCSCF,MTAS,T:SCSCF,PCSCF,I:PCSCF,SCSCF,T:PCSCF,SCSCF,R:SCSCF,MTAS,R:MTAS,SCSCF,R:ICSCF,GTW,R:GTW,SCSCF,P:SCSCF,MTAS,P:MTAS,SCSCF,P:SCSCF,PCSCF,P:PCSCF,SCSCF,P-200:SCSCF,MTAS,P-200:MTAS,SCSCF,P-200:SCSCF,GTW,P-200:GTW,ICSCF,C:ICSCF,GTW,C-200:SCSCF,MTAS,C:MTAS,SCSCF,C-200:SCSCF,PCSCF,C:PCSCF,SCSCF,C-200:MTAS,SCSCF,C:SCSCF,MTAS,C-200:PCSCF,SCSCF,I-487:SCSCF,PCSCF,A:MTAS,SCSCF,I-487:SCSCF,MTAS,A:ICSCF,GTW,I-487:SCSCF,MTAS,I-487:MTAS,SCSCF,A:GTW,ICSCF,A"
501,0,0,"PCSCF,SCSCF,I:SCSCF,PCSCF,T:SCSCF,ASLI,I:ASLI,SCSCF,T:ASLI,SCSCF,I-500:SCSCF,ASLI,A:MTAS,SCSCF,I:SCSCF,MTAS,T:SCSCF,GTW,I:GTW,SCSCF,T:GTW,SCSCF,S:SCSCF,MTAS,S:SCSCF,PCSCF,S:PCSCF,SCSCF,P:SCSCF,MTAS,P:MTAS,SCSCF,P:SCSCF,GTW,P:GTW,SCSCF,P-200:GTW,SCSCF,S:SCSCF,MTAS,S:SCSCF,MTAS,P-200:MTAS,SCSCF,P-200:SCSCF,PCSCF,P-200:SCSCF,PCSCF,S:PCSCF,SCSCF,P:SCSCF,MTAS,P:MTAS,SCSCF,P:SCSCF,GTW,P:GTW,SCSCF,P-200:GTW,SCSCF,S:SCSCF,MTAS,P-200:SCSCF,MTAS,S:MTAS,SCSCF,P-200:SCSCF,PCSCF,P-200:SCSCF,PCSCF,S:PCSCF,SCSCF,P:SCSCF,MTAS,P:MTAS,SCSCF,P:SCSCF,GTW,P:GTW,SCSCF,P-200:GTW,SCSCF,R:SCSCF,MTAS,P-200:SCSCF,MTAS,R:MTAS,SCSCF,P-200:SCSCF,PCSCF,P-200:SCSCF,PCSCF,R:PCSCF,SCSCF,P:SCSCF,MTAS,P:MTAS,SCSCF,P:SCSCF,GTW,P:GTW,SCSCF,P-200:SCSCF,MTAS,P-200:MTAS,SCSCF,P-200:SCSCF,PCSCF,P-200:GTW,SCSCF,I-200:SCSCF,MTAS,I-200:SCSCF,PCSCF,I-200:PCSCF,SCSCF,A:SCSCF,MTAS,A:MTAS,SCSCF,A:SCSCF,GTW,A:PCSCF,SCSCF,B:SCSCF,MTAS,B:MTAS,SCSCF,B:SCSCF,GTW,B:GTW,SCSCF,B-200:SCSCF,MTAS,B-200:MTAS,SCSCF,B-200:SCSCF,PCSCF,B-200"
502,0,0,"GTW,ICSCF,I:ICSCF,GTW,T:SCSCF,ASLI,I:ASLI,SCSCF,T:ASLI,SCSCF,I-500:SCSCF,ASLI,A:SCSCF,MTAS,I:MTAS,SCSCF,T:MTAS,SCSCF,I:SCSCF,MTAS,T:SCSCF,PCSCF,I:PCSCF,SCSCF,T:PCSCF,SCSCF,R:SCSCF,MTAS,R:MTAS,SCSCF,R:ICSCF,GTW,R:GTW,SCSCF,P:SCSCF,MTAS,P:MTAS,SCSCF,P:SCSCF,PCSCF,P:PCSCF,SCSCF,P-200:SCSCF,MTAS,P-200:MTAS,SCSCF,P-200:SCSCF,GTW,P-200:PCSCF,SCSCF,I-200:SCSCF,MTAS,I-200:MTAS,SCSCF,I-200:ICSCF,GTW,I-200:GTW,SCSCF,A:SCSCF,MTAS,A:MTAS,SCSCF,A:SCSCF,PCSCF,A:PCSCF,SCSCF,I:SCSCF,MTAS,I:MTAS,SCSCF,T:MTAS,SCSCF,I:SCSCF,MTAS,T:SCSCF,PCSCF,T:SCSCF,GTW,I:GTW,SCSCF,T:GTW,SCSCF,I-200:SCSCF,MTAS,I-200:MTAS,SCSCF,I-200:SCSCF,PCSCF,I-200:PCSCF,SCSCF,A:SCSCF,MTAS,A:MTAS,SCSCF,A:SCSCF,GTW,A:PCSCF,SCSCF,I:SCSCF,PCSCF,T:SCSCF,MTAS,I:MTAS,SCSCF,T:MTAS,SCSCF,I:SCSCF,MTAS,T:SCSCF,GTW,I:GTW,SCSCF,T:GTW,SCSCF,I-488:SCSCF,GTW,A:SCSCF,MTAS,I-488:MTAS,SCSCF,A:MTAS,SCSCF,I-488:SCSCF,MTAS,A:SCSCF,PCSCF,I-488:PCSCF,SCSCF,A:PCSCF,SCSCF,I:SCSCF,PCSCF,T:SCSCF,PCSCF,I-407:PCSCF,SCSCF,A:PCSCF,SCSCF,I:SCSCF,MTAS,I:MTAS,SCSCF,T:MTAS,SCSCF,I:SCSCF,MTAS,T:SCSCF,GTW,I:GTW,SCSCF,T:GTW,SCSCF,I-200:SCSCF,MTAS,I-200:SCSCF,PCSCF,T:MTAS,SCSCF,I-200:SCSCF,PCSCF,I-200:PCSCF,SCSCF,A:SCSCF,MTAS,A:MTAS,SCSCF,A:SCSCF,GTW,A:GTW,SCSCF,B:SCSCF,MTAS,B:MTAS,SCSCF,B:SCSCF,PCSCF,B:PCSCF,SCSCF,B-200:SCSCF,MTAS,B-200:MTAS,SCSCF,B-200:SCSCF,GTW,B-200"
503,0,0,"GTW,ICSCF,I:ICSCF,GTW,T:SCSCF,ASLI,I:ASLI,SCSCF,T:ASLI,SCSCF,I-500:SCSCF,MTAS,I:SCSCF,ASLI,A:MTAS,SCSCF,T:MTAS,SCSCF,I:SCSCF,MTAS,T:SCSCF,PCSCF,I:PCSCF,SCSCF,T:PCSCF,SCSCF,R:SCSCF,MTAS,R:MTAS,SCSCF,R:ICSCF,GTW,R:GTW,SCSCF,P:SCSCF,MTAS,P:MTAS,SCSCF,P:SCSCF,PCSCF,P:PCSCF,SCSCF,P-200:SCSCF,MTAS,P-200:MTAS,SCSCF,P-200:SCSCF,GTW,P-200:PCSCF,SCSCF,I-200:SCSCF,MTAS,I-200:MTAS,SCSCF,I-200:ICSCF,GTW,I-200:GTW,SCSCF,A:SCSCF,MTAS,A:MTAS,SCSCF,A:SCSCF,PCSCF,A:GTW,SCSCF,I:SCSCF,GTW,T:SCSCF,MTAS,I:MTAS,SCSCF,T:MTAS,SCSCF,I:SCSCF,MTAS,T:SCSCF,PCSCF,I:PCSCF,SCSCF,I-200:SCSCF,MTAS,I-200:MTAS,SCSCF,I-200:SCSCF,GTW,I-200:GTW,SCSCF,A:SCSCF,MTAS,A:MTAS,SCSCF,A:SCSCF,PCSCF,A:PCSCF,SCSCF,B:SCSCF,MTAS,B:MTAS,SCSCF,B:SCSCF,GTW,B:GTW,SCSCF,B-200:SCSCF,MTAS,B-200:MTAS,SCSCF,B-200:SCSCF,PCSCF,B-200"
504,0,0,"PCSCF,SCSCF,I:SCSCF,PCSCF,T:SCSCF,ASLI,I:ASLI,SCSCF,T:ASLI,SCSCF,I-500:MTAS,SCSCF,I:SCSCF,MTAS,T:SCSCF,ASLI,A:SCSCF,GTW,I:GTW,SCSCF,T:GTW,SCSCF,I-480:SCSCF,GTW,A:SCSCF,MTAS,I-480:MTAS,SCSCF,A:SCSCF,PCSCF,I-480:PCSCF,SCSCF,A"
505,0,1,"PCSCF,SCSCF,I:SCSCF,PCSCF,T:SCSCF,PCSCF,I-407:PCSCF,SCSCF,A:PCSCF,SCSCF,I:SCSCF,PCSCF,T:SCSCF,ASLI,I:ASLI,SCSCF,T:ASLI,SCSCF,I-500:SCSCF,ASLI,A:MTAS,SCSCF,I:SCSCF,MTAS,T:SCSCF,ASLI,I:ASLI,SCSCF,T:ASLI,SCSCF,I-500:SCSCF,ASLI,A:SCSCF,BCCAS,I:BCCAS,SCSCF,T:BCCAS,SCSCF,I:SCSCF,BCCAS,T:SCSCF,PCSCF,I:PCSCF,SCSCF,T:PCSCF,SCSCF,R:SCSCF,BCCAS,R:BCCAS,SCSCF,R:SCSCF,MTAS,R:SCSCF,PCSCF,R:PCSCF,SCSCF,P:MTAS,SCSCF,P:SCSCF,BCCAS,P:BCCAS,SCSCF,P:SCSCF,PCSCF,P:PCSCF,SCSCF,P-200:SCSCF,BCCAS,P-200:BCCAS,SCSCF,P-200:SCSCF,MTAS,P-200:SCSCF,PCSCF,P-200:PCSCF,SCSCF,I-200:SCSCF,BCCAS,I-200:BCCAS,SCSCF,I-200:SCSCF,MTAS,I-200:SCSCF,PCSCF,I-200:PCSCF,SCSCF,A:MTAS,SCSCF,A:SCSCF,BCCAS,A:BCCAS,SCSCF,A:SCSCF,PCSCF,A:PCSCF,SCSCF,B:MTAS,SCSCF,B:SCSCF,BCCAS,B:BCCAS,SCSCF,B:SCSCF,PCSCF,B:PCSCF,SCSCF,B-200:SCSCF,BCCAS,B-200:BCCAS,SCSCF,B-200:SCSCF,MTAS,B-200:SCSCF,PCSCF,B-200"
506,0,0,"GTW,ICSCF,I:ICSCF,GTW,T:SCSCF,ASLI,I:ASLI,SCSCF,T:ASLI,SCSCF,I-500:SCSCF,ASLI,A:SCSCF,MTAS,I:MTAS,SCSCF,T:MTAS,SCSCF,I:SCSCF,MTAS,T:SCSCF,PCSCF,I:PCSCF,SCSCF,T:PCSCF,SCSCF,R:SCSCF,MTAS,R:MTAS,SCSCF,R:ICSCF,GTW,R:GTW,SCSCF,P:SCSCF,MTAS,P:MTAS,SCSCF,P:SCSCF,PCSCF,P:PCSCF,SCSCF,P-200:SCSCF,MTAS,P-200:MTAS,SCSCF,P-200:SCSCF,GTW,P-200:GTW,ICSCF,C:ICSCF,GTW,C-200:SCSCF,MTAS,C:MTAS,SCSCF,C-200:MTAS,SCSCF,C:SCSCF,MTAS,C-200:SCSCF,PCSCF,C:PCSCF,SCSCF,C-200:MTAS,SCSCF,I-487:PCSCF,SCSCF,I-487:SCSCF,PCSCF,A:SCSCF,MTAS,I-487:MTAS,SCSCF,A:SCSCF,MTAS,A:ICSCF,GTW,I-487:GTW,ICSCF,A"
507,0,0,"GTW,ICSCF,I:ICSCF,GTW,T:SCSCF,ASLI,I:ASLI,SCSCF,T:ASLI,SCSCF,I-500:SCSCF,ASLI,A:SCSCF,MTAS,I:MTAS,SCSCF,T:MTAS,SCSCF,I:SCSCF,MTAS,T:SCSCF,PCSCF,I:PCSCF,SCSCF,T:SCSCF,MTAS,R:MTAS,SCSCF,R:ICSCF,GTW,R:PCSCF,SCSCF,R:GTW,SCSCF,P:SCSCF,MTAS,P:MTAS,SCSCF,P:SCSCF,PCSCF,P:PCSCF,SCSCF,P-200:SCSCF,MTAS,P-200:MTAS,SCSCF,P-200:SCSCF,GTW,P-200:PCSCF,SCSCF,I-200:SCSCF,MTAS,I-200:MTAS,SCSCF,I-200:ICSCF,GTW,I-200:GTW,SCSCF,A:SCSCF,MTAS,A:MTAS,SCSCF,A:SCSCF,PCSCF,A:GTW,SCSCF,B:SCSCF,MTAS,B:MTAS,SCSCF,B:SCSCF,PCSCF,B:PCSCF,SCSCF,B-200:SCSCF,MTAS,B-200:MTAS,SCSCF,B-200:SCSCF,GTW,B-200"
508,0,0,"PCSCF,SCSCF,I:SCSCF,PCSCF,T:SCSCF,PCSCF,I-407:PCSCF,SCSCF,A:PCSCF,SCSCF,I:SCSCF,ASLI,I:ASLI,SCSCF,T:SCSCF,PCSCF,T:ASLI,SCSCF,I-500:SCSCF,ASLI,A:MTAS,SCSCF,I:SCSCF,MTAS,T:SCSCF,GTW,I:GTW,SCSCF,T:GTW,SCSCF,I-480:SCSCF,GTW,A:SCSCF,MTAS,I-480:MTAS,SCSCF,A:SCSCF,PCSCF,I-480:PCSCF,SCSCF,A"
509,0,0,"PCSCF,SCSCF,I:SCSCF,PCSCF,T:SCSCF,ASLI,I:ASLI,SCSCF,T:ASLI,SCSCF,I-500:SCSCF,ASLI,A:MTAS,SCSCF,I:SCSCF,MTAS,T:SCSCF,GTW,I:GTW,SCSCF,T:GTW,SCSCF,R:SCSCF,MTAS,R:SCSCF,PCSCF,R:GTW,SCSCF,I-200:SCSCF,MTAS,I-200:SCSCF,PCSCF,I-200:PCSCF,SCSCF,A:SCSCF,MTAS,A:MTAS,SCSCF,A:SCSCF,GTW,A:GTW,SCSCF,B:MTAS,SCSCF,B:SCSCF,PCSCF,B:PCSCF,SCSCF,B-200:SCSCF,MTAS,B-200:SCSCF,GTW,B-200"
510,0,0,"PCSCF,SCSCF,I:SCSCF,PCSCF,T:SCSCF,PCSCF,I-407:PCSCF,SCSCF,A:PCSCF,SCSCF,I:SCSCF,PCSCF,T:SCSCF,ASLI,I:ASLI,SCSCF,T:ASLI,SCSCF,I-500:SCSCF,ASLI,A:MTAS,SCSCF,I:SCSCF,MTAS,T:SCSCF,GTW,I:GTW,SCSCF,T:GTW,SCSCF,S:SCSCF,MTAS,S:SCSCF,PCSCF,S:PCSCF,SCSCF,P:MTAS,SCSCF,P:SCSCF,GTW,P:GTW,SCSCF,P-200:GTW,SCSCF,S:SCSCF,MTAS,S:SCSCF,MTAS,P-200:SCSCF,PCSCF,P-200:SCSCF,PCSCF,S:PCSCF,SCSCF,P:MTAS,SCSCF,P:SCSCF,GTW,P:GTW,SCSCF,P-200:SCSCF,MTAS,P-200:SCSCF,PCSCF,P-200:GTW,SCSCF,R:SCSCF,MTAS,R:SCSCF,PCSCF,R:PCSCF,SCSCF,P:MTAS,SCSCF,P:SCSCF,GTW,P:GTW,SCSCF,P-200:SCSCF,MTAS,P-200:SCSCF,PCSCF,P-200:GTW,SCSCF,S:SCSCF,MTAS,S:SCSCF,PCSCF,S:PCSCF,SCSCF,P:MTAS,SCSCF,P:SCSCF,GTW,P:GTW,SCSCF,P-200:SCSCF,MTAS,P-200:SCSCF,PCSCF,P-200:GTW,SCSCF,S:SCSCF,MTAS,S:SCSCF,PCSCF,S:PCSCF,SCSCF,P:MTAS,SCSCF,P:SCSCF,GTW,P:GTW,SCSCF,P-200:SCSCF,MTAS,P-200:SCSCF,PCSCF,P-200:GTW,SCSCF,S:SCSCF,MTAS,S:SCSCF,PCSCF,S:PCSCF,SCSCF,P:MTAS,SCSCF,P:SCSCF,GTW,P:GTW,SCSCF,P-200:SCSCF,MTAS,P-200:SCSCF,PCSCF,P-200:GTW,SCSCF,I-200:SCSCF,MTAS,I-200:SCSCF,PCSCF,I-200:PCSCF,SCSCF,A:SCSCF,MTAS,A:MTAS,SCSCF,A:SCSCF,GTW,A:PCSCF,SCSCF,B:MTAS,SCSCF,B:SCSCF,GTW,B:GTW,SCSCF,B-200:SCSCF,MTAS,B-200:SCSCF,PCSCF,B-200"
511,0,0,"PCSCF,SCSCF,I:SCSCF,PCSCF,T:SCSCF,ASLI,I:ASLI,SCSCF,T:ASLI,SCSCF,I-500:SCSCF,ASLI,A:MTAS,SCSCF,I:SCSCF,MTAS,T:SCSCF,GTW,I:GTW,SCSCF,T:GTW,SCSCF,R:SCSCF,MTAS,R:SCSCF,PCSCF,R:PCSCF,SCSCF,P:MTAS,SCSCF,P:SCSCF,GTW,P:GTW,SCSCF,P-200:SCSCF,MTAS,P-200:SCSCF,PCSCF,P-200:GTW,SCSCF,S:SCSCF,MTAS,S:SCSCF,PCSCF,S:PCSCF,SCSCF,P:MTAS,SCSCF,P:SCSCF,GTW,P:GTW,SCSCF,P-200:SCSCF,MTAS,P-200:SCSCF,PCSCF,P-200:GTW,SCSCF,S:SCSCF,MTAS,S:SCSCF,PCSCF,S:PCSCF,SCSCF,P:MTAS,SCSCF,P:SCSCF,GTW,P:GTW,SCSCF,P-200:SCSCF,MTAS,P-200:GTW,SCSCF,I-200:SCSCF,PCSCF,P-200:SCSCF,MTAS,I-200:SCSCF,PCSCF,I-200:PCSCF,SCSCF,A:SCSCF,MTAS,A:MTAS,SCSCF,A:SCSCF,GTW,A:PCSCF,SCSCF,B:MTAS,SCSCF,B:SCSCF,GTW,B:GTW,SCSCF,B-200:SCSCF,MTAS,B-200:SCSCF,PCSCF,B-200"
512,0,0,"PCSCF,SCSCF,I:SCSCF,PCSCF,T:SCSCF,ASLI,I:ASLI,SCSCF,T:ASLI,SCSCF,I-500:SCSCF,ASLI,A:MTAS,SCSCF,I:SCSCF,MTAS,T:SCSCF,GTW,I:GTW,SCSCF,T:GTW,SCSCF,S:SCSCF,MTAS,S:SCSCF,PCSCF,S:PCSCF,SCSCF,P:SCSCF,MTAS,P:MTAS,SCSCF,P:SCSCF,GTW,P:GTW,SCSCF,P-200:SCSCF,MTAS,P-200:MTAS,SCSCF,P-200:SCSCF,PCSCF,P-200:GTW,SCSCF,S:SCSCF,MTAS,S:SCSCF,PCSCF,S:PCSCF,SCSCF,P:SCSCF,MTAS,P:MTAS,SCSCF,P:SCSCF,GTW,P:GTW,SCSCF,P-200:SCSCF,MTAS,P-200:MTAS,SCSCF,P-200:SCSCF,PCSCF,P-200:GTW,SCSCF,R:SCSCF,MTAS,R:SCSCF,PCSCF,R:GTW,SCSCF,I-200:SCSCF,MTAS,I-200:SCSCF,PCSCF,I-200:PCSCF,SCSCF,A:SCSCF,MTAS,A:MTAS,SCSCF,A:SCSCF,GTW,A:GTW,SCSCF,B:MTAS,SCSCF,B:SCSCF,PCSCF,B:PCSCF,SCSCF,B-200:SCSCF,MTAS,B-200:SCSCF,GTW,B-200"
513,0,0,"GTW,ICSCF,I:ICSCF,GTW,T:SCSCF,ASLI,I:ASLI,SCSCF,T:ASLI,SCSCF,I-500:SCSCF,ASLI,A:SCSCF,MTAS,I:MTAS,SCSCF,T:MTAS,SCSCF,I:SCSCF,MTAS,T:SCSCF,PCSCF,I:PCSCF,SCSCF,T:PCSCF,SCSCF,R:SCSCF,MTAS,R:MTAS,SCSCF,R:ICSCF,GTW,R:GTW,SCSCF,P:SCSCF,MTAS,P:MTAS,SCSCF,P:SCSCF,PCSCF,P:PCSCF,SCSCF,P-200:SCSCF,MTAS,P-200:MTAS,SCSCF,P-200:SCSCF,GTW,P-200:GTW,ICSCF,C:ICSCF,GTW,C-200:SCSCF,MTAS,C:MTAS,SCSCF,C-200:MTAS,SCSCF,C:SCSCF,MTAS,C-200:SCSCF,PCSCF,C:PCSCF,SCSCF,C-200:PCSCF,SCSCF,I-487:SCSCF,PCSCF,A:SCSCF,MTAS,I-487:MTAS,SCSCF,A:ICSCF,GTW,I-487:MTAS,SCSCF,I-487:SCSCF,MTAS,A:GTW,ICSCF,A"
514,0,0,"PCSCF,SCSCF,I:SCSCF,ASLI,I:ASLI,SCSCF,T:ASLI,SCSCF,I-500:SCSCF,ASLI,A:SCSCF,PCSCF,T:MTAS,SCSCF,I:SCSCF,MTAS,T:SCSCF,ASLI,I:ASLI,SCSCF,T:ASLI,SCSCF,I-500:SCSCF,ASLI,A:SCSCF,MTAS,I:MTAS,SCSCF,T:MTAS,SCSCF,I:SCSCF,MTAS,T:SCSCF,PCSCF,I:PCSCF,SCSCF,T:PCSCF,SCSCF,R:SCSCF,MTAS,R:MTAS,SCSCF,R:SCSCF,MTAS,R:SCSCF,PCSCF,R:PCSCF,SCSCF,P:MTAS,SCSCF,P:SCSCF,MTAS,P:MTAS,SCSCF,P:SCSCF,PCSCF,P:PCSCF,SCSCF,P-200:SCSCF,MTAS,P-200:MTAS,SCSCF,P-200:SCSCF,MTAS,P-200:SCSCF,PCSCF,P-200:PCSCF,SCSCF,C:MTAS,SCSCF,C:SCSCF,MTAS,C-200:SCSCF,PCSCF,C-200:SCSCF,MTAS,C:MTAS,SCSCF,C-200:MTAS,SCSCF,C:SCSCF,MTAS,C-200:SCSCF,PCSCF,C:PCSCF,SCSCF,C-200:PCSCF,SCSCF,I-487:SCSCF,PCSCF,A:SCSCF,MTAS,I-487:MTAS,SCSCF,A:MTAS,SCSCF,I-487:SCSCF,MTAS,A:SCSCF,MTAS,I-487:MTAS,SCSCF,A:SCSCF,PCSCF,I-487:PCSCF,SCSCF,A"
515,0,0,"PCSCF,SCSCF,I:SCSCF,PCSCF,T:SCSCF,PCSCF,I-407:PCSCF,SCSCF,A:PCSCF,SCSCF,I:SCSCF,ASLI,I:SCSCF,PCSCF,T:ASLI,SCSCF,T:ASLI,SCSCF,I-500:SCSCF,ASLI,A:MTAS,SCSCF,I:SCSCF,MTAS,T:SCSCF,GTW,I:GTW,SCSCF,T:GTW,SCSCF,R:SCSCF,MTAS,R:SCSCF,PCSCF,R:PCSCF,SCSCF,P:SCSCF,MTAS,P:MTAS,SCSCF,P:SCSCF,GTW,P:GTW,SCSCF,P-200:SCSCF,MTAS,P-200:MTAS,SCSCF,P-200:SCSCF,PCSCF,P-200:GTW,SCSCF,I-200:SCSCF,MTAS,I-200:SCSCF,PCSCF,I-200:PCSCF,SCSCF,A:SCSCF,MTAS,A:MTAS,SCSCF,A:SCSCF,GTW,A:GTW,SCSCF,B:MTAS,SCSCF,B:SCSCF,PCSCF,B:PCSCF,SCSCF,B-200:SCSCF,MTAS,B-200:SCSCF,GTW,B-200"
516,0,0,"PCSCF,SCSCF,I:SCSCF,PCSCF,T:SCSCF,PCSCF,I-407:PCSCF,SCSCF,A:PCSCF,SCSCF,I:SCSCF,PCSCF,T:SCSCF,ASLI,I:ASLI,SCSCF,T:ASLI,SCSCF,I-500:SCSCF,ASLI,A:MTAS,SCSCF,I:SCSCF,MTAS,T:SCSCF,ASLI,I:ASLI,SCSCF,T:ASLI,SCSCF,I-500:SCSCF,MTAS,I:MTAS,SCSCF,T:MTAS,SCSCF,I:SCSCF,MTAS,T:SCSCF,PCSCF,I:PCSCF,SCSCF,T:SCSCF,ASLI,A:PCSCF,SCSCF,R:SCSCF,MTAS,R:MTAS,SCSCF,R:SCSCF,MTAS,R:SCSCF,PCSCF,R:PCSCF,SCSCF,P:MTAS,SCSCF,P:SCSCF,MTAS,P:MTAS,SCSCF,P:SCSCF,PCSCF,P:PCSCF,SCSCF,P-200:SCSCF,MTAS,P-200:MTAS,SCSCF,P-200:SCSCF,MTAS,P-200:SCSCF,PCSCF,P-200:PCSCF,SCSCF,I-200:SCSCF,MTAS,I-200:MTAS,SCSCF,I-200:SCSCF,MTAS,I-200:SCSCF,PCSCF,I-200:PCSCF,SCSCF,A:MTAS,SCSCF,A:SCSCF,MTAS,A:MTAS,SCSCF,A:SCSCF,PCSCF,A:PCSCF,SCSCF,B:SCSCF,MTAS,B:MTAS,SCSCF,B:SCSCF,PCSCF,B:PCSCF,SCSCF,B-200:SCSCF,MTAS,B-200:MTAS,SCSCF,B-200:SCSCF,PCSCF,B-200"
517,0,0,"PCSCF,SCSCF,I:SCSCF,ASLI,I:SCSCF,PCSCF,T:ASLI,SCSCF,T:ASLI,SCSCF,I-500:SCSCF,ASLI,A:MTAS,SCSCF,I:SCSCF,MTAS,T:SCSCF,GTW,I:GTW,SCSCF,T:GTW,SCSCF,S:SCSCF,MTAS,S:SCSCF,PCSCF,S:PCSCF,SCSCF,P:SCSCF,MTAS,P:MTAS,SCSCF,P:SCSCF,GTW,P:GTW,SCSCF,P-200:SCSCF,MTAS,P-200:MTAS,SCSCF,P-200:SCSCF,PCSCF,P-200:GTW,SCSCF,R:SCSCF,MTAS,R:SCSCF,PCSCF,R:PCSCF,SCSCF,P:SCSCF,MTAS,P:MTAS,SCSCF,P:SCSCF,GTW,P:GTW,SCSCF,P-200:SCSCF,MTAS,P-200:MTAS,SCSCF,P-200:SCSCF,PCSCF,P-200:GTW,SCSCF,S:SCSCF,MTAS,S:SCSCF,PCSCF,S:PCSCF,SCSCF,P:SCSCF,MTAS,P:MTAS,SCSCF,P:SCSCF,GTW,P:GTW,SCSCF,P-200:SCSCF,MTAS,P-200:MTAS,SCSCF,P-200:SCSCF,PCSCF,P-200:GTW,SCSCF,S:SCSCF,MTAS,S:SCSCF,PCSCF,S:PCSCF,SCSCF,P:SCSCF,MTAS,P:MTAS,SCSCF,P:SCSCF,GTW,P:GTW,SCSCF,P-200:SCSCF,MTAS,P-200:MTAS,SCSCF,P-200:SCSCF,PCSCF,P-200:PCSCF,SCSCF,C:SCSCF,PCSCF,C-200:MTAS,SCSCF,C:SCSCF,MTAS,C-200:SCSCF,GTW,C:GTW,SCSCF,C-200:GTW,SCSCF,I-487:SCSCF,GTW,A:SCSCF,MTAS,I-487:MTAS,SCSCF,A:SCSCF,PCSCF,I-487:PCSCF,SCSCF,A"
518,0,0,"GTW,ICSCF,I:ICSCF,GTW,T:SCSCF,ASLI,I:ASLI,SCSCF,T:ASLI,SCSCF,I-500:SCSCF,MTAS,I:MTAS,SCSCF,T:MTAS,SCSCF,W:ICSCF,GTW,W:MTAS,SCSCF,I:SCSCF,MTAS,T:SCSCF,ASLI,A:SCSCF,GTW,I:GTW,SCSCF,T:GTW,SCSCF,S:SCSCF,MTAS,S:MTAS,SCSCF,S:ICSCF,GTW,S:GTW,SCSCF,P:SCSCF,MTAS,P:MTAS,SCSCF,P:SCSCF,GTW,P:GTW,SCSCF,P-200:SCSCF,MTAS,P-200:MTAS,SCSCF,P-200:SCSCF,GTW,P-200:GTW,SCSCF,R:SCSCF,MTAS,R:MTAS,SCSCF,R:ICSCF,GTW,R:GTW,SCSCF,P:SCSCF,MTAS,P:MTAS,SCSCF,P:SCSCF,GTW,P:GTW,SCSCF,P-200:SCSCF,MTAS,P-200:MTAS,SCSCF,P-200:SCSCF,GTW,P-200:GTW,ICSCF,C:ICSCF,GTW,C-200:SCSCF,MTAS,C:MTAS,SCSCF,C-200:MTAS,SCSCF,C:SCSCF,MTAS,C-200:SCSCF,GTW,C:GTW,SCSCF,C-200:GTW,SCSCF,I-487:SCSCF,GTW,A:MTAS,SCSCF,I-487:SCSCF,MTAS,A:ICSCF,GTW,I-487:GTW,ICSCF,A:SCSCF,MTAS,I-487:MTAS,SCSCF,A"
519,0,0,"PCSCF,SCSCF,I:SCSCF,PCSCF,T:SCSCF,PCSCF,I-407:PCSCF,SCSCF,A:PCSCF,SCSCF,I:SCSCF,PCSCF,T:SCSCF,ASLI,I:ASLI,SCSCF,T:ASLI,SCSCF,I-500:SCSCF,ASLI,A:MTAS,SCSCF,I:SCSCF,MTAS,T:SCSCF,GTW,I:GTW,SCSCF,T:GTW,SCSCF,S:SCSCF,MTAS,S:SCSCF,PCSCF,S:PCSCF,SCSCF,P:MTAS,SCSCF,P:SCSCF,GTW,P:GTW,SCSCF,P-200:GTW,SCSCF,S:SCSCF,MTAS,P-200:SCSCF,MTAS,S:SCSCF,PCSCF,P-200:SCSCF,PCSCF,S:PCSCF,SCSCF,P:MTAS,SCSCF,P:SCSCF,GTW,P:GTW,SCSCF,P-200:SCSCF,MTAS,P-200:SCSCF,PCSCF,P-200:GTW,SCSCF,R:SCSCF,MTAS,R:SCSCF,PCSCF,R:PCSCF,SCSCF,P:MTAS,SCSCF,P:SCSCF,GTW,P:GTW,SCSCF,P-200:SCSCF,MTAS,P-200:SCSCF,PCSCF,P-200:PCSCF,SCSCF,C:SCSCF,PCSCF,C-200:MTAS,SCSCF,C:SCSCF,MTAS,C-200:SCSCF,GTW,C:GTW,SCSCF,C-200:GTW,SCSCF,I-487:SCSCF,GTW,A:SCSCF,MTAS,I-487:MTAS,SCSCF,A:SCSCF,PCSCF,I-487:PCSCF,SCSCF,A"
520,0,0,"PCSCF,SCSCF,I:SCSCF,PCSCF,T:SCSCF,PCSCF,I-407:PCSCF,SCSCF,A:PCSCF,SCSCF,I:SCSCF,ASLI,I:ASLI,SCSCF,T:SCSCF,PCSCF,T:ASLI,SCSCF,I-500:SCSCF,ASLI,A:MTAS,SCSCF,I:SCSCF,MTAS,T:SCSCF,GTW,I:GTW,SCSCF,T:GTW,SCSCF,I-200:SCSCF,MTAS,I-200:SCSCF,PCSCF,I-200:PCSCF,SCSCF,A:SCSCF,MTAS,A:MTAS,SCSCF,A:SCSCF,GTW,A:MTAS,SCSCF,U:SCSCF,GTW,U:GTW,SCSCF,U-200:SCSCF,MTAS,U-200:MTAS,SCSCF,U:SCSCF,PCSCF,U:PCSCF,SCSCF,U-200:SCSCF,MTAS,U-200:PCSCF,SCSCF,B:SCSCF,MTAS,B:MTAS,SCSCF,B:SCSCF,GTW,B:GTW,SCSCF,B-200:SCSCF,MTAS,B-200:MTAS,SCSCF,B-200:SCSCF,PCSCF,B-200"
521,0,0,"PCSCF,SCSCF,I:SCSCF,PCSCF,T:SCSCF,PCSCF,I-407:PCSCF,SCSCF,A:PCSCF,SCSCF,I:SCSCF,PCSCF,T:SCSCF,ASLI,I:ASLI,SCSCF,T:ASLI,SCSCF,I-500:SCSCF,ASLI,A:MTAS,SCSCF,I:SCSCF,MTAS,T:SCSCF,GTW,I:GTW,SCSCF,T:GTW,SCSCF,S:SCSCF,MTAS,S:SCSCF,PCSCF,S:PCSCF,SCSCF,P:SCSCF,MTAS,P:MTAS,SCSCF,P:SCSCF,GTW,P:GTW,SCSCF,P-200:GTW,SCSCF,R:SCSCF,MTAS,R:SCSCF,MTAS,P-200:MTAS,SCSCF,P-200:SCSCF,PCSCF,R:SCSCF,PCSCF,P-200:PCSCF,SCSCF,P:SCSCF,MTAS,P:MTAS,SCSCF,P:SCSCF,GTW,P:GTW,SCSCF,P-200:SCSCF,MTAS,P-200:MTAS,SCSCF,P-200:SCSCF,PCSCF,P-200:GTW,SCSCF,I-200:SCSCF,MTAS,I-200:SCSCF,PCSCF,I-200:PCSCF,SCSCF,A:SCSCF,MTAS,A:MTAS,SCSCF,A:SCSCF,GTW,A:PCSCF,SCSCF,I:SCSCF,PCSCF,T:MTAS,SCSCF,I:SCSCF,MTAS,T:SCSCF,GTW,I:GTW,SCSCF,T:GTW,SCSCF,I-200:SCSCF,MTAS,I-200:SCSCF,PCSCF,I-200:PCSCF,SCSCF,A:SCSCF,MTAS,A:MTAS,SCSCF,A:SCSCF,GTW,A:PCSCF,SCSCF,B:SCSCF,MTAS,B:MTAS,SCSCF,B:SCSCF,GTW,B:GTW,SCSCF,B-200:SCSCF,MTAS,B-200:MTAS,SCSCF,B-200:SCSCF,PCSCF,B-200"
522,0,0,"PCSCF,SCSCF,I:SCSCF,PCSCF,T:SCSCF,ASLI,I:ASLI,SCSCF,T:ASLI,SCSCF,I-500:SCSCF,ASLI,A:MTAS,SCSCF,I:SCSCF,MTAS,T:SCSCF,ASLI,I:ASLI,SCSCF,T:ASLI,SCSCF,I-500:SCSCF,ASLI,A:SCSCF,MTAS,I:MTAS,SCSCF,T:MTAS,SCSCF,I:SCSCF,MTAS,T:SCSCF,PCSCF,I:PCSCF,SCSCF,T:PCSCF,SCSCF,R:SCSCF,MTAS,R:MTAS,SCSCF,R:SCSCF,MTAS,R:SCSCF,PCSCF,R:PCSCF,SCSCF,P:MTAS,SCSCF,P:SCSCF,MTAS,P:MTAS,SCSCF,P:SCSCF,PCSCF,P:PCSCF,SCSCF,P-200:SCSCF,MTAS,P-200:MTAS,SCSCF,P-200:SCSCF,MTAS,P-200:SCSCF,PCSCF,P-200:MTAS,SCSCF,I-200:PCSCF,SCSCF,I-200:SCSCF,MTAS,I-200:SCSCF,PCSCF,I-200:PCSCF,SCSCF,A:MTAS,SCSCF,A:SCSCF,MTAS,A:MTAS,SCSCF,A:SCSCF,PCSCF,A:MTAS,SCSCF,U:SCSCF,PCSCF,U:PCSCF,SCSCF,U-200:SCSCF,MTAS,U-200:MTAS,SCSCF,U:SCSCF,MTAS,U-200:SCSCF,PCSCF,U:PCSCF,SCSCF,U-200:SCSCF,MTAS,U-200:PCSCF,SCSCF,B:MTAS,SCSCF,B:SCSCF,MTAS,B:MTAS,SCSCF,B:SCSCF,PCSCF,B:PCSCF,SCSCF,B-200:SCSCF,MTAS,B-200:MTAS,SCSCF,B-200:SCSCF,MTAS,B-200:SCSCF,PCSCF,B-200"
523,0,0,"PCSCF,SCSCF,I:SCSCF,PCSCF,T:SCSCF,PCSCF,I-407:PCSCF,SCSCF,A:PCSCF,SCSCF,I:SCSCF,PCSCF,T:SCSCF,ASLI,I:ASLI,SCSCF,T:ASLI,SCSCF,I-500:SCSCF,ASLI,A:MTAS,SCSCF,I:SCSCF,MTAS,T:SCSCF,GTW,I:GTW,SCSCF,T:GTW,SCSCF,S:SCSCF,MTAS,S:SCSCF,PCSCF,S:PCSCF,SCSCF,P:MTAS,SCSCF,P:SCSCF,GTW,P:GTW,SCSCF,P-200:GTW,SCSCF,S:SCSCF,MTAS,S:SCSCF,MTAS,P-200:SCSCF,PCSCF,P-200:SCSCF,PCSCF,S:PCSCF,SCSCF,P:MTAS,SCSCF,P:SCSCF,GTW,P:GTW,SCSCF,P-200:GTW,SCSCF,R:SCSCF,MTAS,P-200:SCSCF,MTAS,R:SCSCF,PCSCF,P-200:SCSCF,PCSCF,R:PCSCF,SCSCF,P:MTAS,SCSCF,P:SCSCF,GTW,P:GTW,SCSCF,P-200:SCSCF,MTAS,P-200:SCSCF,PCSCF,P-200:GTW,SCSCF,S:SCSCF,MTAS,S:SCSCF,PCSCF,S:PCSCF,SCSCF,P:MTAS,SCSCF,P:SCSCF,GTW,P:GTW,SCSCF,P-200:SCSCF,MTAS,P-200:SCSCF,PCSCF,P-200:GTW,SCSCF,S:SCSCF,MTAS,S:SCSCF,PCSCF,S:PCSCF,SCSCF,P:MTAS,SCSCF,P:SCSCF,GTW,P:GTW,SCSCF,P-200:SCSCF,MTAS,P-200:SCSCF,PCSCF,P-200:GTW,SCSCF,S:SCSCF,MTAS,S:SCSCF,PCSCF,S:PCSCF,SCSCF,P:MTAS,SCSCF,P:SCSCF,GTW,P:GTW,SCSCF,P-200:SCSCF,MTAS,P-200:SCSCF,PCSCF,P-200:GTW,SCSCF,I-200:SCSCF,MTAS,I-200:SCSCF,PCSCF,I-200:PCSCF,SCSCF,A:SCSCF,MTAS,A:MTAS,SCSCF,A:SCSCF,GTW,A:PCSCF,SCSCF,B:MTAS,SCSCF,B:SCSCF,GTW,B:GTW,SCSCF,B-200:SCSCF,MTAS,B-200:SCSCF,PCSCF,B-200"
524,0,0,"GTW,ICSCF,I:ICSCF,GTW,T:SCSCF,ASLI,I:ASLI,SCSCF,T:ASLI,SCSCF,I-500:SCSCF,ASLI,A:SCSCF,MTAS,I:MTAS,SCSCF,T:MTAS,SCSCF,I:SCSCF,MTAS,T:SCSCF,PCSCF,I:PCSCF,SCSCF,T:PCSCF,SCSCF,R:SCSCF,MTAS,R:MTAS,SCSCF,R:ICSCF,GTW,R:GTW,SCSCF,P:SCSCF,MTAS,P:MTAS,SCSCF,P:SCSCF,PCSCF,P:PCSCF,SCSCF,P-200:SCSCF,MTAS,P-200:MTAS,SCSCF,P-200:SCSCF,GTW,P-200:PCSCF,SCSCF,I-200:SCSCF,MTAS,I-200:MTAS,SCSCF,I-200:ICSCF,GTW,I-200:GTW,SCSCF,A:SCSCF,MTAS,A:MTAS,SCSCF,A:SCSCF,PCSCF,A:GTW,SCSCF,B:SCSCF,MTAS,B:MTAS,SCSCF,B:SCSCF,PCSCF,B:MTAS,SCSCF,B-200:SCSCF,GTW,B-200:PCSCF,SCSCF,B-200:SCSCF,MTAS,B-200"
525,0,0,"PCSCF,SCSCF,I:SCSCF,PCSCF,T:SCSCF,ASLI,I:ASLI,SCSCF,T:ASLI,SCSCF,I-500:SCSCF,ASLI,A:MTAS,SCSCF,I:SCSCF,MTAS,T:SCSCF,GTW,I:GTW,SCSCF,T:GTW,SCSCF,R:SCSCF,MTAS,R:SCSCF,PCSCF,R:PCSCF,SCSCF,P:SCSCF,MTAS,P:MTAS,SCSCF,P:SCSCF,GTW,P:GTW,SCSCF,P-200:SCSCF,MTAS,P-200:MTAS,SCSCF,P-200:SCSCF,PCSCF,P-200:GTW,SCSCF,I-200:SCSCF,MTAS,I-200:SCSCF,PCSCF,I-200:PCSCF,SCSCF,A:SCSCF,MTAS,A:MTAS,SCSCF,A:SCSCF,GTW,A:MTAS,SCSCF,U:SCSCF,GTW,U:GTW,SCSCF,U-200:SCSCF,MTAS,U-200:MTAS,SCSCF,U:SCSCF,PCSCF,U:PCSCF,SCSCF,U-200:SCSCF,MTAS,U-200:PCSCF,SCSCF,B:SCSCF,MTAS,B:MTAS,SCSCF,B:SCSCF,GTW,B:GTW,SCSCF,B-200:SCSCF,MTAS,B-200:MTAS,SCSCF,B-200:SCSCF,PCSCF,B-200"
526,0,0,"PCSCF,SCSCF,I:SCSCF,ASLI,I:SCSCF,PCSCF,T:ASLI,SCSCF,T:ASLI,SCSCF,I-500:SCSCF,ASLI,A:MTAS,SCSCF,I:SCSCF,MTAS,T:SCSCF,GTW,I:GTW,SCSCF,T:GTW,SCSCF,S:SCSCF,MTAS,S:SCSCF,PCSCF,S:PCSCF,SCSCF,P:MTAS,SCSCF,P:SCSCF,GTW,P:GTW,SCSCF,P-200:SCSCF,MTAS,P-200:SCSCF,PCSCF,P-200:GTW,SCSCF,S:SCSCF,MTAS,S:SCSCF,PCSCF,S:PCSCF,SCSCF,P:MTAS,SCSCF,P:SCSCF,GTW,P:GTW,SCSCF,P-200:SCSCF,MTAS,P-200:SCSCF,PCSCF,P-200:GTW,SCSCF,I-200:SCSCF,MTAS,I-200:SCSCF,PCSCF,I-200:PCSCF,SCSCF,A:SCSCF,MTAS,A:MTAS,SCSCF,A:SCSCF,GTW,A:MTAS,SCSCF,U:SCSCF,GTW,U:GTW,SCSCF,U-200:SCSCF,PCSCF,U:SCSCF,MTAS,U-200:PCSCF,SCSCF,U-200:SCSCF,MTAS,U-200:MTAS,SCSCF,U:SCSCF,GTW,U:GTW,SCSCF,U-200:SCSCF,MTAS,U-200:MTAS,SCSCF,U:SCSCF,PCSCF,U:PCSCF,SCSCF,U-200:SCSCF,MTAS,U-200:GTW,SCSCF,B:MTAS,SCSCF,B:SCSCF,PCSCF,B:PCSCF,SCSCF,B-200:SCSCF,MTAS,B-200:SCSCF,GTW,B-200"
527,0,0,"PCSCF,SCSCF,I:SCSCF,PCSCF,T:SCSCF,ASLI,I:ASLI,SCSCF,T:ASLI,SCSCF,I-500:SCSCF,ASLI,A:MTAS,SCSCF,I:SCSCF,MTAS,T:SCSCF,GTW,I:GTW,SCSCF,T:GTW,SCSCF,S:SCSCF,MTAS,S:SCSCF,PCSCF,S:PCSCF,SCSCF,P:SCSCF,MTAS,P:MTAS,SCSCF,P:SCSCF,GTW,P:GTW,SCSCF,P-200:SCSCF,MTAS,P-200:SCSCF,PCSCF,P-200:MTAS,SCSCF,P-200:GTW,SCSCF,R:SCSCF,MTAS,R:SCSCF,PCSCF,R:PCSCF,SCSCF,P:SCSCF,MTAS,P:MTAS,SCSCF,P:SCSCF,GTW,P:GTW,SCSCF,P-200:SCSCF,MTAS,P-200:MTAS,SCSCF,P-200:SCSCF,PCSCF,P-200:GTW,SCSCF,I-200:SCSCF,MTAS,I-200:SCSCF,PCSCF,I-200:PCSCF,SCSCF,A:SCSCF,MTAS,A:MTAS,SCSCF,A:SCSCF,GTW,A:PCSCF,SCSCF,B:SCSCF,MTAS,B:MTAS,SCSCF,B:SCSCF,GTW,B:GTW,SCSCF,B-200:SCSCF,MTAS,B-200:MTAS,SCSCF,B-200:SCSCF,PCSCF,B-200"
528,0,0,"PCSCF,SCSCF,I:SCSCF,PCSCF,T:SCSCF,ASLI,I:ASLI,SCSCF,T:ASLI,SCSCF,I-500:MTAS,SCSCF,I:SCSCF,MTAS,T:SCSCF,ASLI,A:SCSCF,GTW,I:GTW,SCSCF,T:GTW,SCSCF,R:SCSCF,MTAS,R:SCSCF,PCSCF,R:GTW,SCSCF,R:SCSCF,MTAS,R:PCSCF,SCSCF,P:MTAS,SCSCF,P:SCSCF,GTW,P:GTW,SCSCF,P-200:SCSCF,MTAS,P-200:SCSCF,PCSCF,P-200:GTW,SCSCF,I-200:SCSCF,MTAS,I-200:SCSCF,PCSCF,I-200:PCSCF,SCSCF,A:SCSCF,MTAS,A:MTAS,SCSCF,A:SCSCF,GTW,A:PCSCF,SCSCF,B:MTAS,SCSCF,B:SCSCF,GTW,B:GTW,SCSCF,B-200:SCSCF,MTAS,B-200:SCSCF,PCSCF,B-200"
529,0,0,"GTW,ICSCF,I:ICSCF,GTW,T:SCSCF,ASLI,I:ASLI,SCSCF,T:ASLI,SCSCF,I-500:SCSCF,ASLI,A:SCSCF,MTAS,I:MTAS,SCSCF,T:MTAS,SCSCF,I:SCSCF,MTAS,T:SCSCF,PCSCF,I:PCSCF,SCSCF,T:PCSCF,SCSCF,R:SCSCF,MTAS,R:MTAS,SCSCF,R:ICSCF,GTW,R:GTW,SCSCF,P:SCSCF,MTAS,P:MTAS,SCSCF,P:SCSCF,PCSCF,P:PCSCF,SCSCF,P-200:SCSCF,MTAS,P-200:MTAS,SCSCF,P-200:SCSCF,GTW,P-200:PCSCF,SCSCF,I-200:SCSCF,MTAS,I-200:MTAS,SCSCF,I-200:ICSCF,GTW,I-200:GTW,SCSCF,A:SCSCF,MTAS,A:MTAS,SCSCF,A:SCSCF,PCSCF,A:MTAS,SCSCF,U:SCSCF,PCSCF,U:SCSCF,GTW,U:GTW,SCSCF,U-200:SCSCF,MTAS,U-200:PCSCF,SCSCF,U-200:SCSCF,MTAS,U-200:MTAS,SCSCF,U:SCSCF,GTW,U:GTW,SCSCF,U-200:SCSCF,MTAS,U-200:MTAS,SCSCF,U:SCSCF,PCSCF,U:PCSCF,SCSCF,U-200:SCSCF,MTAS,U-200:MTAS,SCSCF,U:SCSCF,GTW,U:GTW,SCSCF,U-200:SCSCF,MTAS,U-200:MTAS,SCSCF,U:SCSCF,PCSCF,U:PCSCF,SCSCF,U-200:SCSCF,MTAS,U-200:PCSCF,SCSCF,B:SCSCF,MTAS,B:MTAS,SCSCF,B:SCSCF,GTW,B:GTW,SCSCF,B-200:SCSCF,MTAS,B-200:MTAS,SCSCF,B-200:SCSCF,PCSCF,B-200"
530,0,0,"PCSCF,SCSCF,I:SCSCF,PCSCF,T:SCSCF,PCSCF,I-407:PCSCF,SCSCF,A:PCSCF,SCSCF,I:SCSCF,ASLI,I:ASLI,SCSCF,T:ASLI,SCSCF,I-500:SCSCF,ASLI,A:MTAS,SCSCF,I:SCSCF,MTAS,T:SCSCF,ASLI,I:ASLI,SCSCF,T:ASLI,SCSCF,I-500:SCSCF,ASLI,A:SCSCF,MTAS,I:MTAS,SCSCF,T:MTAS,SCSCF,I:SCSCF,MTAS,T:SCSCF,PCSCF,T:SCSCF,PCSCF,I:PCSCF,SCSCF,T:PCSCF,SCSCF,R:SCSCF,MTAS,R:MTAS,SCSCF,R:SCSCF,MTAS,R:SCSCF,PCSCF,R:PCSCF,SCSCF,P:MTAS,SCSCF,P:SCSCF,MTAS,P:MTAS,SCSCF,P:SCSCF,PCSCF,P:PCSCF,SCSCF,P-200:SCSCF,MTAS,P-200:MTAS,SCSCF,P-200:SCSCF,MTAS,P-200:SCSCF,PCSCF,P-200:PCSCF,SCSCF,I-200:SCSCF,MTAS,I-200:MTAS,SCSCF,I-200:SCSCF,MTAS,I-200:SCSCF,PCSCF,I-200:PCSCF,SCSCF,I-200:SCSCF,MTAS,I-200:MTAS,SCSCF,I-200:SCSCF,MTAS,I-200:PCSCF,SCSCF,A:MTAS,SCSCF,A:SCSCF,MTAS,A:MTAS,SCSCF,A:SCSCF,PCSCF,A:SCSCF,PCSCF,I-200:PCSCF,SCSCF,A:MTAS,SCSCF,U:SCSCF,PCSCF,U:MTAS,SCSCF,U:SCSCF,MTAS,U-200:PCSCF,SCSCF,U-200:SCSCF,PCSCF,U:SCSCF,MTAS,U-200:PCSCF,SCSCF,U-200:SCSCF,MTAS,U-200:MTAS,SCSCF,U:SCSCF,PCSCF,U:MTAS,SCSCF,U:PCSCF,SCSCF,U-200:SCSCF,MTAS,U-200:MTAS,SCSCF,U:SCSCF,PCSCF,U:PCSCF,SCSCF,U-200:SCSCF,MTAS,U-200:MTAS,SCSCF,U:SCSCF,PCSCF,U:MTAS,SCSCF,U:SCSCF,MTAS,U-200:SCSCF,PCSCF,U:PCSCF,SCSCF,U-200:SCSCF,MTAS,U-200:PCSCF,SCSCF,U-200:SCSCF,MTAS,U-200:MTAS,SCSCF,U:SCSCF,MTAS,U-200:MTAS,SCSCF,U:SCSCF,PCSCF,U:PCSCF,SCSCF,U-200:SCSCF,MTAS,U-200:MTAS,SCSCF,U:SCSCF,PCSCF,U:PCSCF,SCSCF,U-200:SCSCF,MTAS,U-200:MTAS,SCSCF,U:SCSCF,MTAS,U-200:MTAS,SCSCF,U:SCSCF,PCSCF,U:PCSCF,SCSCF,U-200:SCSCF,MTAS,U-200:MTAS,SCSCF,U:SCSCF,PCSCF,U:PCSCF,SCSCF,U-200:SCSCF,MTAS,U-200:MTAS,SCSCF,U:SCSCF,MTAS,U-200:MTAS,SCSCF,U:SCSCF,PCSCF,U:PCSCF,SCSCF,U-200:SCSCF,MTAS,U-200:MTAS,SCSCF,U:SCSCF,PCSCF,U:PCSCF,SCSCF,U-200:SCSCF,MTAS,U-200:PCSCF,SCSCF,B:SCSCF,MTAS,B:MTAS,SCSCF,B:PCSCF,SCSCF,B:MTAS,SCSCF,B:SCSCF,PCSCF,B:SCSCF,PCSCF,B-200:PCSCF,SCSCF,B-200:SCSCF,MTAS,B-200:MTAS,SCSCF,B-200:SCSCF,PCSCF,B-200"
531,0,0,"GTW,ICSCF,I:ICSCF,GTW,T:SCSCF,ASLI,I:ASLI,SCSCF,T:ASLI,SCSCF,I-500:SCSCF,ASLI,A:SCSCF,MTAS,I:MTAS,SCSCF,T:MTAS,SCSCF,I:SCSCF,MTAS,T:SCSCF,PCSCF,I:PCSCF,SCSCF,T:PCSCF,SCSCF,R:SCSCF,MTAS,R:MTAS,SCSCF,R:ICSCF,GTW,R:GTW,SCSCF,P:SCSCF,MTAS,P:MTAS,SCSCF,P:SCSCF,PCSCF,P:PCSCF,SCSCF,P-200:SCSCF,MTAS,P-200:MTAS,SCSCF,P-200:SCSCF,GTW,P-200:PCSCF,SCSCF,I-200:SCSCF,MTAS,I-200:MTAS,SCSCF,I-200:ICSCF,GTW,I-200:GTW,SCSCF,A:SCSCF,MTAS,A:MTAS,SCSCF,A:SCSCF,PCSCF,A:MTAS,SCSCF,U:SCSCF,PCSCF,U:PCSCF,SCSCF,U-200:SCSCF,MTAS,U-200:MTAS,SCSCF,U:SCSCF,GTW,U:GTW,SCSCF,U-200:SCSCF,MTAS,U-200:GTW,SCSCF,B:SCSCF,MTAS,B:MTAS,SCSCF,B:SCSCF,PCSCF,B:PCSCF,SCSCF,B-200:SCSCF,MTAS,B-200:MTAS,SCSCF,B-200:SCSCF,GTW,B-200"
532,0,0,"GTW,ICSCF,I:ICSCF,GTW,T:SCSCF,ASLI,I:ASLI,SCSCF,T:ASLI,SCSCF,I-500:SCSCF,MTAS,I:SCSCF,ASLI,A:MTAS,SCSCF,T:MTAS,SCSCF,I:SCSCF,MTAS,T:SCSCF,PCSCF,I:PCSCF,SCSCF,T:PCSCF,SCSCF,R:SCSCF,MTAS,R:MTAS,SCSCF,R:ICSCF,GTW,R:GTW,SCSCF,P:SCSCF,MTAS,P:MTAS,SCSCF,P:SCSCF,PCSCF,P:PCSCF,SCSCF,P-200:SCSCF,MTAS,P-200:MTAS,SCSCF,P-200:SCSCF,GTW,P-200:PCSCF,SCSCF,I-200:SCSCF,MTAS,I-200:MTAS,SCSCF,I-200:ICSCF,GTW,I-200:GTW,SCSCF,A:SCSCF,MTAS,A:MTAS,SCSCF,A:SCSCF,PCSCF,A:MTAS,SCSCF,U:SCSCF,PCSCF,U:SCSCF,GTW,U:GTW,SCSCF,U-200:SCSCF,MTAS,U-200:PCSCF,SCSCF,U-200:SCSCF,MTAS,U-200:GTW,SCSCF,B:SCSCF,MTAS,B:MTAS,SCSCF,B:SCSCF,PCSCF,B:PCSCF,SCSCF,B-200:SCSCF,MTAS,B-200:MTAS,SCSCF,B-200:SCSCF,GTW,B-200"
533,0,0,"PCSCF,SCSCF,I:SCSCF,PCSCF,T:SCSCF,PCSCF,I-407:PCSCF,SCSCF,A:PCSCF,SCSCF,I:SCSCF,PCSCF,T:SCSCF,ASLI,I:ASLI,SCSCF,T:ASLI,SCSCF,I-500:SCSCF,ASLI,A:MTAS,SCSCF,I:SCSCF,MTAS,T:SCSCF,GTW,I:GTW,SCSCF,T:GTW,SCSCF,S:SCSCF,MTAS,S:SCSCF,PCSCF,S:PCSCF,SCSCF,P:SCSCF,MTAS,P:MTAS,SCSCF,P:SCSCF,GTW,P:GTW,SCSCF,P-200:SCSCF,MTAS,P-200:MTAS,SCSCF,P-200:SCSCF,PCSCF,P-200:GTW,SCSCF,R:SCSCF,MTAS,R:SCSCF,PCSCF,R:PCSCF,SCSCF,P:SCSCF,MTAS,P:MTAS,SCSCF,P:SCSCF,GTW,P:GTW,SCSCF,P-200:SCSCF,MTAS,P-200:MTAS,SCSCF,P-200:SCSCF,PCSCF,P-200:GTW,SCSCF,I-486:SCSCF,GTW,A:SCSCF,MTAS,I-486:MTAS,SCSCF,A:SCSCF,PCSCF,I-486:PCSCF,SCSCF,A"
534,0,0,"MTAS,ICSCF,I:ICSCF,MTAS,T:SCSCF,ASLI,I:ASLI,SCSCF,T:ASLI,SCSCF,I-500:SCSCF,ASLI,A:SCSCF,ASLI,I:ASLI,SCSCF,T:ASLI,SCSCF,I-500:SCSCF,ASLI,A:SCSCF,MTAS,I:MTAS,SCSCF,T:MTAS,SCSCF,I:SCSCF,MTAS,T:SCSCF,PCSCF,I:PCSCF,SCSCF,T:SCSCF,PCSCF,I:PCSCF,SCSCF,R:SCSCF,MTAS,R:MTAS,SCSCF,R:ICSCF,MTAS,R:MTAS,SCSCF,P:SCSCF,MTAS,P:MTAS,SCSCF,P:PCSCF,SCSCF,T:SCSCF,PCSCF,P:PCSCF,SCSCF,P-200:SCSCF,MTAS,P-200:MTAS,SCSCF,P-200:SCSCF,MTAS,P-200:PCSCF,SCSCF,I-408:SCSCF,PCSCF,A:PCSCF,SCSCF,I-200:SCSCF,MTAS,I-200:MTAS,SCSCF,I-200:ICSCF,MTAS,I-200:MTAS,SCSCF,A:SCSCF,MTAS,A:MTAS,SCSCF,A:SCSCF,PCSCF,A:PCSCF,SCSCF,B:SCSCF,MTAS,B:MTAS,SCSCF,B:SCSCF,MTAS,B:MTAS,SCSCF,B-200:SCSCF,MTAS,B-200:MTAS,SCSCF,B-200:SCSCF,PCSCF,B-200"
535,0,0,"PCSCF,SCSCF,I:SCSCF,PCSCF,T:SCSCF,PCSCF,I-407:PCSCF,SCSCF,A:PCSCF,SCSCF,I:SCSCF,PCSCF,T:SCSCF,ASLI,I:ASLI,SCSCF,T:ASLI,SCSCF,I-500:SCSCF,ASLI,A:MTAS,SCSCF,I:SCSCF,MTAS,T:SCSCF,GTW,I:GTW,SCSCF,T:GTW,SCSCF,R:SCSCF,MTAS,R:SCSCF,PCSCF,R:PCSCF,SCSCF,P:SCSCF,MTAS,P:MTAS,SCSCF,P:SCSCF,GTW,P:GTW,SCSCF,P-200:SCSCF,MTAS,P-200:MTAS,SCSCF,P-200:SCSCF,PCSCF,P-200:GTW,SCSCF,I-200:SCSCF,MTAS,I-200:SCSCF,PCSCF,I-200:PCSCF,SCSCF,A:SCSCF,MTAS,A:MTAS,SCSCF,A:SCSCF,GTW,A:GTW,SCSCF,B:MTAS,SCSCF,B:SCSCF,PCSCF,B:PCSCF,SCSCF,B-200:SCSCF,MTAS,B-200:SCSCF,GTW,B-200"
536,0,0,"PCSCF,SCSCF,I:SCSCF,PCSCF,T:SCSCF,PCSCF,I-407:PCSCF,SCSCF,A:PCSCF,SCSCF,I:SCSCF,PCSCF,T:SCSCF,ASLI,I:ASLI,SCSCF,T:ASLI,SCSCF,I-500:SCSCF,ASLI,A:MTAS,SCSCF,I:SCSCF,MTAS,T:SCSCF,GTW,I:GTW,SCSCF,T:GTW,SCSCF,S:SCSCF,MTAS,S:SCSCF,PCSCF,S:PCSCF,SCSCF,P:SCSCF,MTAS,P:MTAS,SCSCF,P:SCSCF,GTW,P:GTW,SCSCF,P-200:SCSCF,MTAS,P-200:MTAS,SCSCF,P-200:SCSCF,PCSCF,P-200:GTW,SCSCF,S:SCSCF,MTAS,S:SCSCF,PCSCF,S:PCSCF,SCSCF,P:SCSCF,MTAS,P:MTAS,SCSCF,P:SCSCF,GTW,P:GTW,SCSCF,P-200:SCSCF,MTAS,P-200:MTAS,SCSCF,P-200:SCSCF,PCSCF,P-200:GTW,SCSCF,R:SCSCF,MTAS,R:SCSCF,PCSCF,R:PCSCF,SCSCF,P:SCSCF,MTAS,P:MTAS,SCSCF,P:SCSCF,GTW,P:GTW,SCSCF,P-200:SCSCF,MTAS,P-200:MTAS,SCSCF,P-200:SCSCF,PCSCF,P-200:GTW,SCSCF,I-200:SCSCF,MTAS,I-200:SCSCF,PCSCF,I-200:PCSCF,SCSCF,A:SCSCF,MTAS,A:MTAS,SCSCF,A:SCSCF,GTW,A:MTAS,SCSCF,U:SCSCF,GTW,U:GTW,SCSCF,U-200:SCSCF,PCSCF,U:SCSCF,MTAS,U-200:PCSCF,SCSCF,U-200:SCSCF,MTAS,U-200:PCSCF,SCSCF,B:SCSCF,MTAS,B:MTAS,SCSCF,B:SCSCF,GTW,B:GTW,SCSCF,B-200:SCSCF,MTAS,B-200:MTAS,SCSCF,B-200:SCSCF,PCSCF,B-200"
537,0,0,"PCSCF,SCSCF,I:SCSCF,ASLI,I:ASLI,SCSCF,T:ASLI,SCSCF,I-500:SCSCF,ASLI,A:SCSCF,PCSCF,T:MTAS,SCSCF,I:SCSCF,MTAS,T:SCSCF,GTW,I:GTW,SCSCF,T:GTW,SCSCF,S:SCSCF,MTAS,S:SCSCF,PCSCF,S:PCSCF,SCSCF,P:MTAS,SCSCF,P:SCSCF,GTW,P:GTW,SCSCF,P-200:GTW,SCSCF,I-200:SCSCF,MTAS,P-200:SCSCF,MTAS,I-200:SCSCF,PCSCF,P-200:SCSCF,PCSCF,I-200:PCSCF,SCSCF,A:SCSCF,MTAS,A:MTAS,SCSCF,A:SCSCF,GTW,A:PCSCF,SCSCF,B:MTAS,SCSCF,B:SCSCF,GTW,B:GTW,SCSCF,B-200:SCSCF,MTAS,B-200:SCSCF,PCSCF,B-200"
538,0,0,"GTW,ICSCF,I:ICSCF,GTW,T:SCSCF,ASLI,I:ASLI,SCSCF,T:ASLI,SCSCF,I-500:SCSCF,ASLI,A:SCSCF,MTAS,I:MTAS,SCSCF,T:MTAS,SCSCF,W:ICSCF,GTW,W:MTAS,SCSCF,I:SCSCF,MTAS,T:SCSCF,GTW,I:GTW,SCSCF,T:GTW,SCSCF,S:SCSCF,MTAS,S:MTAS,SCSCF,S:ICSCF,GTW,S:GTW,SCSCF,P:SCSCF,MTAS,P:MTAS,SCSCF,P:SCSCF,GTW,P:GTW,SCSCF,P-200:SCSCF,MTAS,P-200:MTAS,SCSCF,P-200:SCSCF,GTW,P-200:GTW,SCSCF,R:SCSCF,MTAS,R:MTAS,SCSCF,R:ICSCF,GTW,R:GTW,SCSCF,P:SCSCF,MTAS,P:MTAS,SCSCF,P:SCSCF,GTW,P:GTW,SCSCF,P-200:SCSCF,MTAS,P-200:MTAS,SCSCF,P-200:SCSCF,GTW,P-200:GTW,SCSCF,I-200:SCSCF,MTAS,I-200:MTAS,SCSCF,I-200:ICSCF,GTW,I-200:GTW,SCSCF,A:SCSCF,MTAS,A:MTAS,SCSCF,A:SCSCF,GTW,A:MTAS,SCSCF,U:SCSCF,GTW,U:GTW,SCSCF,U-200:SCSCF,MTAS,U-200:MTAS,SCSCF,U:SCSCF,GTW,U:GTW,SCSCF,U-200:SCSCF,MTAS,U-200:MTAS,SCSCF,U:SCSCF,GTW,U:GTW,SCSCF,U-200:SCSCF,GTW,U:SCSCF,MTAS,U-200:GTW,SCSCF,U-200:SCSCF,MTAS,U-200:MTAS,SCSCF,U:SCSCF,GTW,U:SCSCF,GTW,U:GTW,SCSCF,U-200:SCSCF,MTAS,U-200:GTW,SCSCF,U-200:SCSCF,MTAS,U-200:MTAS,SCSCF,U:SCSCF,GTW,U:GTW,SCSCF,U-200:SCSCF,MTAS,U-200:MTAS,SCSCF,U:SCSCF,MTAS,U-200:SCSCF,GTW,U:GTW,SCSCF,U-200:GTW,SCSCF,B:SCSCF,MTAS,B:MTAS,SCSCF,B:SCSCF,GTW,B:GTW,SCSCF,B-200:SCSCF,MTAS,B-200:MTAS,SCSCF,B-200:SCSCF,GTW,B-200"
539,0,0,"PCSCF,SCSCF,I:SCSCF,ASLI,I:ASLI,SCSCF,T:ASLI,SCSCF,I-500:MTAS,SCSCF,I:SCSCF,MTAS,T:SCSCF,ASLI,A:SCSCF,GTW,I:GTW,SCSCF,T:SCSCF,PCSCF,T:GTW,SCSCF,R:SCSCF,MTAS,R:SCSCF,PCSCF,R:PCSCF,SCSCF,P:SCSCF,MTAS,P:MTAS,SCSCF,P:SCSCF,GTW,P:GTW,SCSCF,P-200:SCSCF,MTAS,P-200:MTAS,SCSCF,P-200:SCSCF,PCSCF,P-200:GTW,SCSCF,I-200:SCSCF,MTAS,I-200:SCSCF,PCSCF,I-200:PCSCF,SCSCF,A:SCSCF,MTAS,A:MTAS,SCSCF,A:SCSCF,GTW,A:GTW,SCSCF,B:MTAS,SCSCF,B:SCSCF,PCSCF,B:PCSCF,SCSCF,B-200:SCSCF,MTAS,B-200:SCSCF,GTW,B-200"
540,0,0,"PCSCF,SCSCF,I:SCSCF,PCSCF,T:SCSCF,ASLI,I:ASLI,SCSCF,T:ASLI,SCSCF,I-500:SCSCF,ASLI,A:MTAS,SCSCF,I:SCSCF,MTAS,T:SCSCF,GTW,I:GTW,SCSCF,T:GTW,SCSCF,R:SCSCF,MTAS,R:SCSCF,PCSCF,R:PCSCF,SCSCF,P:MTAS,SCSCF,P:SCSCF,GTW,P:GTW,SCSCF,P-200:SCSCF,MTAS,P-200:SCSCF,PCSCF,P-200:GTW,SCSCF,I-200:SCSCF,MTAS,I-200:SCSCF,PCSCF,I-200:PCSCF,SCSCF,A:SCSCF,MTAS,A:MTAS,SCSCF,A:SCSCF,GTW,A:MTAS,SCSCF,U:SCSCF,GTW,U:GTW,SCSCF,U-200:SCSCF,PCSCF,U:SCSCF,MTAS,U-200:PCSCF,SCSCF,U-200:SCSCF,MTAS,U-200:PCSCF,SCSCF,B:SCSCF,MTAS,B:MTAS,SCSCF,B:SCSCF,GTW,B:GTW,SCSCF,B-200:SCSCF,MTAS,B-200:MTAS,SCSCF,B-200:SCSCF,PCSCF,B-200"
541,0,0,"PCSCF,SCSCF,I:SCSCF,ASLI,I:ASLI,SCSCF,T:ASLI,SCSCF,I-500:SCSCF,PCSCF,T:SCSCF,ASLI,A:MTAS,SCSCF,I:SCSCF,MTAS,T:SCSCF,GTW,I:GTW,SCSCF,T:GTW,SCSCF,S:SCSCF,MTAS,S:SCSCF,PCSCF,S:PCSCF,SCSCF,P:SCSCF,MTAS,P:MTAS,SCSCF,P:SCSCF,GTW,P:GTW,SCSCF,P-200:SCSCF,MTAS,P-200:MTAS,SCSCF,P-200:SCSCF,PCSCF,P-200:GTW,SCSCF,R:SCSCF,MTAS,R:SCSCF,PCSCF,R:PCSCF,SCSCF,P:SCSCF,MTAS,P:MTAS,SCSCF,P:SCSCF,GTW,P:GTW,SCSCF,P-200:SCSCF,MTAS,P-200:MTAS,SCSCF,P-200:SCSCF,PCSCF,P-200:GTW,SCSCF,I-200:SCSCF,MTAS,I-200:SCSCF,PCSCF,I-200:PCSCF,SCSCF,A:SCSCF,MTAS,A:MTAS,SCSCF,A:SCSCF,GTW,A:PCSCF,SCSCF,B:SCSCF,MTAS,B:MTAS,SCSCF,B:SCSCF,GTW,B:GTW,SCSCF,B-200:SCSCF,MTAS,B-200:MTAS,SCSCF,B-200:SCSCF,PCSCF,B-200"
542,0,0,"PCSCF,SCSCF,I:SCSCF,PCSCF,T:SCSCF,ASLI,I:ASLI,SCSCF,T:ASLI,SCSCF,I-500:SCSCF,ASLI,A:MTAS,SCSCF,I:SCSCF,MTAS,T:SCSCF,GTW,I:GTW,SCSCF,T:GTW,SCSCF,S:SCSCF,MTAS,S:SCSCF,PCSCF,S:PCSCF,SCSCF,P:SCSCF,MTAS,P:MTAS,SCSCF,P:SCSCF,GTW,P:GTW,SCSCF,P-200:SCSCF,MTAS,P-200:MTAS,SCSCF,P-200:SCSCF,PCSCF,P-200:GTW,SCSCF,S:SCSCF,MTAS,S:SCSCF,PCSCF,S:PCSCF,SCSCF,P:SCSCF,MTAS,P:MTAS,SCSCF,P:SCSCF,GTW,P:GTW,SCSCF,P-200:SCSCF,MTAS,P-200:MTAS,SCSCF,P-200:SCSCF,PCSCF,P-200:GTW,SCSCF,I-200:SCSCF,MTAS,I-200:SCSCF,PCSCF,I-200:PCSCF,SCSCF,A:SCSCF,MTAS,A:MTAS,SCSCF,A:SCSCF,GTW,A:GTW,SCSCF,I:SCSCF,GTW,T:MTAS,SCSCF,I:SCSCF,MTAS,T:SCSCF,PCSCF,I:PCSCF,SCSCF,I-200:SCSCF,MTAS,I-200:SCSCF,GTW,I-200:GTW,SCSCF,A:MTAS,SCSCF,A:SCSCF,PCSCF,A:PCSCF,SCSCF,B:SCSCF,MTAS,B:MTAS,SCSCF,B:SCSCF,GTW,B:GTW,SCSCF,B-200:SCSCF,MTAS,B-200:MTAS,SCSCF,B-200:SCSCF,PCSCF,B-200"
543,0,0,"PCSCF,SCSCF,I:SCSCF,ASLI,I:ASLI,SCSCF,T:ASLI,SCSCF,I-500:SCSCF,ASLI,A:SCSCF,PCSCF,T:MTAS,SCSCF,I:SCSCF,MTAS,T:SCSCF,GTW,I:GTW,SCSCF,T:GTW,SCSCF,S:SCSCF,MTAS,S:SCSCF,PCSCF,S:PCSCF,SCSCF,P:SCSCF,MTAS,P:MTAS,SCSCF,P:SCSCF,GTW,P:GTW,SCSCF,P-200:GTW,SCSCF,R:SCSCF,MTAS,P-200:SCSCF,MTAS,R:MTAS,SCSCF,P-200:SCSCF,PCSCF,P-200:SCSCF,PCSCF,R:PCSCF,SCSCF,P:SCSCF,MTAS,P:MTAS,SCSCF,P:SCSCF,GTW,P:GTW,SCSCF,P-200:SCSCF,MTAS,P-200:MTAS,SCSCF,P-200:SCSCF,PCSCF,P-200:GTW,SCSCF,I-200:SCSCF,MTAS,I-200:SCSCF,PCSCF,I-200:PCSCF,SCSCF,A:SCSCF,MTAS,A:MTAS,SCSCF,A:SCSCF,GTW,A:PCSCF,SCSCF,B:SCSCF,MTAS,B:MTAS,SCSCF,B:SCSCF,GTW,B:GTW,SCSCF,B-200:SCSCF,MTAS,B-200:MTAS,SCSCF,B-200:SCSCF,PCSCF,B-200"
544,0,0,"GTW,ICSCF,I:ICSCF,GTW,T:SCSCF,ASLI,I:ASLI,SCSCF,T:ASLI,SCSCF,I-500:SCSCF,ASLI,A:SCSCF,MTAS,I:MTAS,SCSCF,T:MTAS,SCSCF,I:SCSCF,MTAS,T:SCSCF,PCSCF,I:PCSCF,SCSCF,T:PCSCF,SCSCF,R:SCSCF,MTAS,R:MTAS,SCSCF,R:ICSCF,GTW,R:GTW,SCSCF,P:SCSCF,MTAS,P:MTAS,SCSCF,P:SCSCF,PCSCF,P:PCSCF,SCSCF,P-200:SCSCF,MTAS,P-200:MTAS,SCSCF,P-200:SCSCF,GTW,P-200:GTW,ICSCF,C:ICSCF,GTW,C-200:SCSCF,MTAS,C:MTAS,SCSCF,C-200:MTAS,SCSCF,C:SCSCF,PCSCF,C:PCSCF,SCSCF,C-200:SCSCF,MTAS,C-200:PCSCF,SCSCF,I-487:SCSCF,MTAS,I-487:MTAS,SCSCF,A:MTAS,SCSCF,I-487:SCSCF,MTAS,A:ICSCF,GTW,I-487:GTW,ICSCF,A:SCSCF,PCSCF,A"
545,0,0,"PCSCF,SCSCF,I:SCSCF,PCSCF,T:SCSCF,ASLI,I:ASLI,SCSCF,T:ASLI,SCSCF,I-500:SCSCF,ASLI,A:MTAS,SCSCF,I:SCSCF,MTAS,T:SCSCF,GTW,I:GTW,SCSCF,T:GTW,SCSCF,S:SCSCF,MTAS,S:SCSCF,PCSCF,S:PCSCF,SCSCF,P:MTAS,SCSCF,P:SCSCF,GTW,P:GTW,SCSCF,P-200:GTW,SCSCF,S:SCSCF,MTAS,P-200:SCSCF,MTAS,S:SCSCF,PCSCF,P-200:SCSCF,PCSCF,S:PCSCF,SCSCF,P:MTAS,SCSCF,P:SCSCF,GTW,P:GTW,SCSCF,P-200:SCSCF,MTAS,P-200:SCSCF,PCSCF,P-200:GTW,SCSCF,R:SCSCF,MTAS,R:SCSCF,PCSCF,R:PCSCF,SCSCF,P:MTAS,SCSCF,P:SCSCF,GTW,P:GTW,SCSCF,P-200:SCSCF,MTAS,P-200:SCSCF,PCSCF,P-200:GTW,SCSCF,I-200:SCSCF,MTAS,I-200:SCSCF,PCSCF,I-200:PCSCF,SCSCF,A:SCSCF,MTAS,A:MTAS,SCSCF,A:SCSCF,GTW,A:MTAS,SCSCF,U:SCSCF,GTW,U:GTW,SCSCF,U-200:SCSCF,MTAS,U-200:MTAS,SCSCF,U:SCSCF,PCSCF,U:PCSCF,SCSCF,U-200:SCSCF,MTAS,U-200:PCSCF,SCSCF,B:MTAS,SCSCF,B:SCSCF,GTW,B:GTW,SCSCF,B-200:SCSCF,MTAS,B-200:SCSCF,PCSCF,B-200"
546,0,0,"GTW,ICSCF,I:ICSCF,GTW,T:SCSCF,ASLI,I:ASLI,SCSCF,T:ASLI,SCSCF,I-500:SCSCF,MTAS,I:MTAS,SCSCF,T:MTAS,SCSCF,I:SCSCF,MTAS,T:SCSCF,PCSCF,I:PCSCF,SCSCF,T:SCSCF,ASLI,A:PCSCF,SCSCF,R:SCSCF,MTAS,R:MTAS,SCSCF,R:ICSCF,GTW,R:GTW,SCSCF,P:SCSCF,MTAS,P:MTAS,SCSCF,P:SCSCF,PCSCF,P:PCSCF,SCSCF,P-200:SCSCF,MTAS,P-200:MTAS,SCSCF,P-200:SCSCF,GTW,P-200:PCSCF,SCSCF,I-200:SCSCF,MTAS,I-200:MTAS,SCSCF,I-200:ICSCF,GTW,I-200:GTW,SCSCF,A:SCSCF,MTAS,A:MTAS,SCSCF,A:SCSCF,PCSCF,A:GTW,SCSCF,I:SCSCF,GTW,T:SCSCF,MTAS,I:MTAS,SCSCF,T:MTAS,SCSCF,I:SCSCF,MTAS,T:SCSCF,PCSCF,I:PCSCF,SCSCF,I-200:SCSCF,MTAS,I-200:MTAS,SCSCF,I-200:SCSCF,GTW,I-200:GTW,SCSCF,A:SCSCF,MTAS,A:MTAS,SCSCF,A:SCSCF,PCSCF,A:GTW,SCSCF,B:SCSCF,MTAS,B:MTAS,SCSCF,B:SCSCF,PCSCF,B:PCSCF,SCSCF,B-200:SCSCF,MTAS,B-200:MTAS,SCSCF,B-200:SCSCF,GTW,B-200"
547,0,0,"PCSCF,SCSCF,I:SCSCF,PCSCF,T:SCSCF,ASLI,I:ASLI,SCSCF,T:ASLI,SCSCF,I-500:SCSCF,ASLI,A:MTAS,SCSCF,I:SCSCF,MTAS,T:SCSCF,ASLI,I:ASLI,SCSCF,T:ASLI,SCSCF,I-500:SCSCF,MTAS,I:MTAS,SCSCF,T:SCSCF,ASLI,A:MTAS,SCSCF,I-486:SCSCF,MTAS,A:SCSCF,MTAS,I-486:MTAS,SCSCF,A:SCSCF,PCSCF,S:PCSCF,SCSCF,P:SCSCF,MTAS,P:MTAS,SCSCF,P-200:SCSCF,PCSCF,P-200:PCSCF,SCSCF,C:SCSCF,PCSCF,C-200:SCSCF,PCSCF,I-487:PCSCF,SCSCF,A"
548,0,0,"PCSCF,SCSCF,I:SCSCF,PCSCF,T:SCSCF,ASLI,I:ASLI,SCSCF,T:ASLI,SCSCF,I-500:SCSCF,ASLI,A:MTAS,SCSCF,I:SCSCF,MTAS,T:SCSCF,GTW,I:GTW,SCSCF,T:GTW,SCSCF,S:SCSCF,MTAS,S:SCSCF,PCSCF,S:PCSCF,SCSCF,P:MTAS,SCSCF,P:SCSCF,GTW,P:GTW,SCSCF,P-200:GTW,SCSCF,S:SCSCF,MTAS,P-200:SCSCF,MTAS,S:SCSCF,PCSCF,P-200:SCSCF,PCSCF,S:PCSCF,SCSCF,P:MTAS,SCSCF,P:SCSCF,GTW,P:GTW,SCSCF,R:GTW,SCSCF,P-200:SCSCF,MTAS,R:SCSCF,MTAS,P-200:SCSCF,PCSCF,P-200:SCSCF,PCSCF,R:PCSCF,SCSCF,P:MTAS,SCSCF,P:SCSCF,GTW,P:GTW,SCSCF,P-200:SCSCF,MTAS,P-200:SCSCF,PCSCF,P-200:GTW,SCSCF,I-200:SCSCF,MTAS,I-200:SCSCF,PCSCF,I-200:PCSCF,SCSCF,A:SCSCF,MTAS,A:MTAS,SCSCF,A:SCSCF,GTW,A:PCSCF,SCSCF,B:MTAS,SCSCF,B:SCSCF,GTW,B:GTW,SCSCF,B-200:SCSCF,MTAS,B-200:SCSCF,PCSCF,B-200"
549,0,0,"PCSCF,SCSCF,I:SCSCF,ASLI,I:ASLI,SCSCF,T:SCSCF,PCSCF,T:ASLI,SCSCF,I-500:SCSCF,ASLI,A:MTAS,SCSCF,I:SCSCF,MTAS,T:SCSCF,GTW,I:GTW,SCSCF,T:GTW,SCSCF,S:SCSCF,MTAS,S:SCSCF,PCSCF,S:PCSCF,SCSCF,P:MTAS,SCSCF,P:SCSCF,GTW,P:GTW,SCSCF,P-200:GTW,SCSCF,S:SCSCF,MTAS,S:SCSCF,MTAS,P-200:SCSCF,PCSCF,P-200:SCSCF,PCSCF,S:PCSCF,SCSCF,P:MTAS,SCSCF,P:SCSCF,GTW,P:GTW,SCSCF,P-200:SCSCF,MTAS,P-200:SCSCF,PCSCF,P-200:GTW,SCSCF,R:SCSCF,MTAS,R:SCSCF,PCSCF,R:PCSCF,SCSCF,P:MTAS,SCSCF,P:SCSCF,GTW,P:GTW,SCSCF,P-200:SCSCF,MTAS,P-200:SCSCF,PCSCF,P-200:GTW,SCSCF,I-200:SCSCF,MTAS,I-200:SCSCF,PCSCF,I-200:PCSCF,SCSCF,A:SCSCF,MTAS,A:MTAS,SCSCF,A:SCSCF,GTW,A:GTW,SCSCF,B:MTAS,SCSCF,B:SCSCF,PCSCF,B:PCSCF,SCSCF,B-200:SCSCF,MTAS,B-200:SCSCF,GTW,B-200"
550,0,0,"GTW,ICSCF,I:ICSCF,GTW,T:SCSCF,ASLI,I:ASLI,SCSCF,T:ASLI,SCSCF,I-500:SCSCF,ASLI,A:SCSCF,MTAS,I:MTAS,SCSCF,T:MTAS,SCSCF,I:SCSCF,MTAS,T:MTAS,SCSCF,W:ICSCF,GTW,W:SCSCF,GTW,I:GTW,SCSCF,T:GTW,SCSCF,S:SCSCF,MTAS,S:MTAS,SCSCF,S:ICSCF,GTW,S:GTW,SCSCF,P:SCSCF,MTAS,P:MTAS,SCSCF,P:SCSCF,GTW,P:GTW,SCSCF,P-200:SCSCF,MTAS,P-200:GTW,SCSCF,S:SCSCF,GTW,P-200:MTAS,SCSCF,P-200:SCSCF,MTAS,S:MTAS,SCSCF,S:ICSCF,GTW,S:GTW,SCSCF,P:SCSCF,MTAS,P:MTAS,SCSCF,P:SCSCF,GTW,P:GTW,SCSCF,P-200:GTW,SCSCF,S:SCSCF,MTAS,P-200:SCSCF,GTW,P-200:MTAS,SCSCF,P-200:SCSCF,MTAS,S:MTAS,SCSCF,S:ICSCF,GTW,S:GTW,SCSCF,P:SCSCF,MTAS,P:MTAS,SCSCF,P:SCSCF,GTW,P:GTW,SCSCF,P-200:SCSCF,MTAS,P-200:MTAS,SCSCF,P-200:SCSCF,GTW,P-200:GTW,SCSCF,R:SCSCF,MTAS,R:MTAS,SCSCF,R:ICSCF,GTW,R:GTW,SCSCF,P:SCSCF,MTAS,P:MTAS,SCSCF,P:SCSCF,GTW,P:GTW,SCSCF,P-200:SCSCF,MTAS,P-200:MTAS,SCSCF,P-200:SCSCF,GTW,P-200:GTW,SCSCF,I-200:SCSCF,MTAS,I-200:MTAS,SCSCF,I-200:ICSCF,GTW,I-200:GTW,SCSCF,A:SCSCF,MTAS,A:MTAS,SCSCF,A:SCSCF,GTW,A:GTW,SCSCF,B:SCSCF,MTAS,B:MTAS,SCSCF,B:SCSCF,GTW,B:GTW,SCSCF,B-200:SCSCF,MTAS,B-200:SCSCF,GTW,B-200:MTAS,SCSCF,B-200"
551,0,0,"PCSCF,SCSCF,I:SCSCF,ASLI,I:ASLI,SCSCF,T:ASLI,SCSCF,I-500:SCSCF,ASLI,A:SCSCF,PCSCF,T:MTAS,SCSCF,I:SCSCF,MTAS,T:SCSCF,GTW,I:GTW,SCSCF,T:GTW,SCSCF,S:SCSCF,MTAS,S:SCSCF,PCSCF,S:PCSCF,SCSCF,P:SCSCF,MTAS,P:MTAS,SCSCF,P:SCSCF,GTW,P:GTW,SCSCF,P-200:SCSCF,MTAS,P-200:MTAS,SCSCF,P-200:SCSCF,PCSCF,P-200:GTW,SCSCF,I-200:SCSCF,MTAS,I-200:SCSCF,PCSCF,I-200:PCSCF,SCSCF,A:SCSCF,MTAS,A:MTAS,SCSCF,A:SCSCF,GTW,A:PCSCF,SCSCF,B:SCSCF,MTAS,B:MTAS,SCSCF,B:SCSCF,GTW,B:GTW,SCSCF,B-200:SCSCF,MTAS,B-200:MTAS,SCSCF,B-200:SCSCF,PCSCF,B-200"
552,0,1,"GTW,ICSCF,I:ICSCF,GTW,T:SCSCF,ASLI,I:ASLI,SCSCF,T:ASLI,SCSCF,I-500:SCSCF,ASLI,A:SCSCF,MTAS,I:MTAS,SCSCF,T:MTAS,SCSCF,S:ICSCF,GTW,S:GTW,SCSCF,P:SCSCF,MTAS,P:MTAS,SCSCF,P-200:SCSCF,GTW,P-200:GTW,ICSCF,C:ICSCF,GTW,C-200:SCSCF,MTAS,C:MTAS,SCSCF,C-200:MTAS,SCSCF,I-603:SCSCF,MTAS,A:ICSCF,GTW,I-603:GTW,ICSCF,A"
553,0,0,"PCSCF,SCSCF,I:SCSCF,PCSCF,T:SCSCF,PCSCF,I-407:PCSCF,SCSCF,A:PCSCF,SCSCF,I:SCSCF,ASLI,I:SCSCF,PCSCF,T:ASLI,SCSCF,T:ASLI,SCSCF,I-500:SCSCF,ASLI,A:MTAS,SCSCF,I:SCSCF,MTAS,T:SCSCF,GTW,I:GTW,SCSCF,T:GTW,SCSCF,I-200:SCSCF,MTAS,I-200:SCSCF,PCSCF,I-200:PCSCF,SCSCF,A:SCSCF,MTAS,A:MTAS,SCSCF,A:SCSCF,GTW,A:GTW,SCSCF,B:MTAS,SCSCF,B:SCSCF,PCSCF,B:PCSCF,SCSCF,B-200:SCSCF,MTAS,B-200:SCSCF,GTW,B-200"
554,0,0,"PCSCF,SCSCF,I:SCSCF,PCSCF,T:SCSCF,PCSCF,I-407:PCSCF,SCSCF,A:PCSCF,SCSCF,I:SCSCF,ASLI,I:ASLI,SCSCF,T:SCSCF,PCSCF,T:ASLI,SCSCF,I-500:SCSCF,ASLI,A:MTAS,SCSCF,I:SCSCF,MTAS,T:SCSCF,GTW,I:GTW,SCSCF,T:GTW,SCSCF,S:SCSCF,MTAS,S:SCSCF,PCSCF,S:PCSCF,SCSCF,P:MTAS,SCSCF,P:SCSCF,GTW,P:GTW,SCSCF,P-200:SCSCF,MTAS,P-200:SCSCF,PCSCF,P-200:GTW,SCSCF,R:SCSCF,MTAS,R:SCSCF,PCSCF,R:PCSCF,SCSCF,P:MTAS,SCSCF,P:SCSCF,GTW,P:GTW,SCSCF,P-200:SCSCF,MTAS,P-200:SCSCF,PCSCF,P-200:GTW,SCSCF,I-200:SCSCF,MTAS,I-200:SCSCF,PCSCF,I-200:PCSCF,SCSCF,A:SCSCF,MTAS,A:MTAS,SCSCF,A:SCSCF,GTW,A:GTW,SCSCF,I:SCSCF,GTW,T:MTAS,SCSCF,I:SCSCF,MTAS,T:SCSCF,PCSCF,I:PCSCF,SCSCF,I-200:SCSCF,MTAS,I-200:SCSCF,GTW,I-200:GTW,SCSCF,A:MTAS,SCSCF,A:SCSCF,PCSCF,A:MTAS,SCSCF,U:SCSCF,GTW,U:GTW,SCSCF,U-200:SCSCF,MTAS,U-200:SCSCF,PCSCF,U:PCSCF,SCSCF,U-200:SCSCF,MTAS,U-200:PCSCF,SCSCF,B:MTAS,SCSCF,B:SCSCF,GTW,B:GTW,SCSCF,B-200:SCSCF,MTAS,B-200:SCSCF,PCSCF,B-200"
555,0,0,"GTW,ICSCF,I:ICSCF,GTW,T:SCSCF,ASLI,I:ASLI,SCSCF,T:ASLI,SCSCF,I-500:SCSCF,ASLI,A:SCSCF,MTAS,I:MTAS,SCSCF,T:MTAS,SCSCF,I:SCSCF,MTAS,T:SCSCF,PCSCF,I:PCSCF,SCSCF,T:PCSCF,SCSCF,R:SCSCF,MTAS,R:MTAS,SCSCF,R:ICSCF,GTW,R:GTW,SCSCF,P:SCSCF,MTAS,P:MTAS,SCSCF,P:SCSCF,PCSCF,P:PCSCF,SCSCF,P-200:SCSCF,MTAS,P-200:SCSCF,GTW,P-200:MTAS,SCSCF,P-200:PCSCF,SCSCF,I-200:SCSCF,MTAS,I-200:MTAS,SCSCF,I-200:ICSCF,GTW,I-200:GTW,SCSCF,A:SCSCF,MTAS,A:MTAS,SCSCF,A:SCSCF,PCSCF,A:MTAS,SCSCF,U:SCSCF,PCSCF,U:PCSCF,SCSCF,U-200:SCSCF,MTAS,U-200:MTAS,SCSCF,U:SCSCF,GTW,U:GTW,SCSCF,U-200:SCSCF,MTAS,U-200:MTAS,SCSCF,U:SCSCF,PCSCF,U:PCSCF,SCSCF,U-200:SCSCF,MTAS,U-200:MTAS,SCSCF,U:SCSCF,GTW,U:GTW,SCSCF,U-200:SCSCF,MTAS,U-200:PCSCF,SCSCF,B:SCSCF,MTAS,B:MTAS,SCSCF,B:SCSCF,GTW,B:GTW,SCSCF,B-200:SCSCF,MTAS,B-200:MTAS,SCSCF,B-200:SCSCF,PCSCF,B-200"
556,0,0,"GTW,ICSCF,I:ICSCF,GTW,T:SCSCF,ASLI,I:ASLI,SCSCF,T:ASLI,SCSCF,I-500:SCSCF,ASLI,A:SCSCF,MTAS,I:MTAS,SCSCF,I:MTAS,SCSCF,T:SCSCF,MTAS,T:SCSCF,PCSCF,I:PCSCF,SCSCF,T:PCSCF,SCSCF,R:SCSCF,MTAS,R:MTAS,SCSCF,R:ICSCF,GTW,R:GTW,SCSCF,P:SCSCF,MTAS,P:MTAS,SCSCF,P:SCSCF,PCSCF,P:PCSCF,SCSCF,P-200:SCSCF,MTAS,P-200:MTAS,SCSCF,P-200:SCSCF,GTW,P-200:GTW,ICSCF,C:ICSCF,GTW,C-200:SCSCF,MTAS,C:MTAS,SCSCF,C-200:MTAS,SCSCF,C:SCSCF,MTAS,C-200:SCSCF,PCSCF,C:PCSCF,SCSCF,C-200:PCSCF,SCSCF,I-487:SCSCF,PCSCF,A:SCSCF,MTAS,I-487:MTAS,SCSCF,A:MTAS,SCSCF,I-487:SCSCF,MTAS,A:ICSCF,GTW,I-487:GTW,ICSCF,A"
557,0,0,"PCSCF,SCSCF,I:SCSCF,PCSCF,T:SCSCF,ASLI,I:ASLI,SCSCF,T:ASLI,SCSCF,I-500:SCSCF,ASLI,A:MTAS,SCSCF,I:SCSCF,MTAS,T:SCSCF,GTW,I:GTW,SCSCF,T:GTW,SCSCF,S:SCSCF,MTAS,S:SCSCF,PCSCF,S:PCSCF,SCSCF,P:MTAS,SCSCF,P:SCSCF,GTW,P:GTW,SCSCF,P-200:SCSCF,MTAS,P-200:SCSCF,PCSCF,P-200:GTW,SCSCF,R:SCSCF,MTAS,R:GTW,SCSCF,I-200:SCSCF,MTAS,I-200:SCSCF,PCSCF,R:PCSCF,SCSCF,P:SCSCF,PCSCF,I-200:MTAS,SCSCF,P:SCSCF,GTW,P:GTW,SCSCF,P-200:SCSCF,MTAS,P-200:PCSCF,SCSCF,A:SCSCF,MTAS,A:MTAS,SCSCF,A:SCSCF,GTW,A:SCSCF,PCSCF,P-200:GTW,SCSCF,B:MTAS,SCSCF,B:SCSCF,PCSCF,B:PCSCF,SCSCF,B-200:SCSCF,MTAS,B-200:SCSCF,GTW,B-200"
558,0,0,"PCSCF,SCSCF,I:SCSCF,PCSCF,T:SCSCF,ASLI,I:ASLI,SCSCF,T:ASLI,SCSCF,I-500:SCSCF,ASLI,A:MTAS,SCSCF,I:SCSCF,MTAS,T:SCSCF,GTW,I:GTW,SCSCF,T:GTW,SCSCF,I-504:SCSCF,GTW,A:SCSCF,MTAS,I-504:MTAS,SCSCF,A:SCSCF,PCSCF,I-504:PCSCF,SCSCF,A"
559,0,0,"GTW,ICSCF,I:ICSCF,GTW,T:SCSCF,ASLI,I:ASLI,SCSCF,T:ASLI,SCSCF,I-500:SCSCF,ASLI,A:SCSCF,MTAS,I:MTAS,SCSCF,T:MTAS,SCSCF,W:ICSCF,GTW,W:MTAS,SCSCF,I:SCSCF,MTAS,T:SCSCF,GTW,I:GTW,SCSCF,T:GTW,SCSCF,S:SCSCF,MTAS,S:MTAS,SCSCF,S:ICSCF,GTW,S:GTW,SCSCF,P:SCSCF,MTAS,P:MTAS,SCSCF,P:SCSCF,GTW,P:GTW,SCSCF,P-200:SCSCF,MTAS,P-200:MTAS,SCSCF,P-200:SCSCF,GTW,P-200:GTW,SCSCF,R:SCSCF,MTAS,R:MTAS,SCSCF,R:ICSCF,GTW,R:GTW,SCSCF,P:SCSCF,MTAS,P:MTAS,SCSCF,P:SCSCF,GTW,P:GTW,SCSCF,P-200:SCSCF,MTAS,P-200:MTAS,SCSCF,P-200:SCSCF,GTW,P-200:GTW,ICSCF,C:ICSCF,GTW,C-200:SCSCF,MTAS,C:MTAS,SCSCF,C-200:MTAS,SCSCF,I-487:SCSCF,MTAS,A:ICSCF,GTW,I-487:MTAS,SCSCF,C:GTW,ICSCF,A:SCSCF,MTAS,C-200:SCSCF,GTW,C:GTW,SCSCF,C-200:GTW,SCSCF,I-487:SCSCF,GTW,A:SCSCF,MTAS,I-487:MTAS,SCSCF,A"
560,0,0,"PCSCF,SCSCF,I:SCSCF,ASLI,I:ASLI,SCSCF,T:ASLI,SCSCF,I-500:SCSCF,ASLI,A:MTAS,SCSCF,I:SCSCF,MTAS,T:SCSCF,GTW,I:GTW,SCSCF,T:SCSCF,PCSCF,T:GTW,SCSCF,R:SCSCF,MTAS,R:SCSCF,PCSCF,R:PCSCF,SCSCF,P:MTAS,SCSCF,P:SCSCF,GTW,P:GTW,SCSCF,P-200:SCSCF,MTAS,P-200:SCSCF,PCSCF,P-200:GTW,SCSCF,I-200:SCSCF,MTAS,I-200:SCSCF,PCSCF,I-200:PCSCF,SCSCF,A:SCSCF,MTAS,A:MTAS,SCSCF,A:SCSCF,GTW,A:GTW,SCSCF,I:SCSCF,GTW,T:MTAS,SCSCF,I:SCSCF,MTAS,T:SCSCF,PCSCF,I:PCSCF,SCSCF,I-200:SCSCF,MTAS,I-200:SCSCF,GTW,I-200:GTW,SCSCF,A:MTAS,SCSCF,A:SCSCF,PCSCF,A:PCSCF,SCSCF,B:MTAS,SCSCF,B:SCSCF,GTW,B:GTW,SCSCF,B-200:SCSCF,MTAS,B-200:SCSCF,PCSCF,B-200"
561,0,0,"PCSCF,SCSCF,I:SCSCF,PCSCF,T:SCSCF,ASLI,I:ASLI,SCSCF,T:ASLI,SCSCF,I-500:SCSCF,ASLI,A:MTAS,SCSCF,I:SCSCF,MTAS,T:SCSCF,GTW,I:GTW,SCSCF,T:GTW,SCSCF,S:SCSCF,MTAS,S:SCSCF,PCSCF,S:PCSCF,SCSCF,P:SCSCF,MTAS,P:MTAS,SCSCF,P:SCSCF,GTW,P:GTW,SCSCF,P-200:GTW,SCSCF,R:SCSCF,MTAS,P-200:MTAS,SCSCF,P-200:SCSCF,MTAS,R:SCSCF,PCSCF,P-200:SCSCF,PCSCF,R:PCSCF,SCSCF,P:SCSCF,MTAS,P:MTAS,SCSCF,P:SCSCF,GTW,P:GTW,SCSCF,P-200:SCSCF,MTAS,P-200:MTAS,SCSCF,P-200:SCSCF,PCSCF,P-200:PCSCF,SCSCF,C:SCSCF,PCSCF,C-200:MTAS,SCSCF,C:SCSCF,MTAS,C-200:SCSCF,GTW,C:GTW,SCSCF,C-200:GTW,SCSCF,I-487:SCSCF,GTW,A:SCSCF,MTAS,I-487:MTAS,SCSCF,A:SCSCF,PCSCF,I-487:PCSCF,SCSCF,A"
562,0,0,"PCSCF,SCSCF,I:SCSCF,PCSCF,T:SCSCF,PCSCF,I-407:PCSCF,SCSCF,A:PCSCF,SCSCF,I:SCSCF,PCSCF,T:SCSCF,ASLI,I:ASLI,SCSCF,T:ASLI,SCSCF,I-500:SCSCF,ASLI,A:MTAS,SCSCF,I:SCSCF,MTAS,T:SCSCF,GTW,I:GTW,SCSCF,T:GTW,SCSCF,I-200:SCSCF,MTAS,I-200:SCSCF,PCSCF,I-200:PCSCF,SCSCF,A:SCSCF,MTAS,A:MTAS,SCSCF,A:SCSCF,GTW,A:MTAS,SCSCF,U:SCSCF,GTW,U:SCSCF,PCSCF,U:GTW,SCSCF,U-200:SCSCF,MTAS,U-200:PCSCF,SCSCF,U-200:SCSCF,MTAS,U-200:GTW,SCSCF,B:MTAS,SCSCF,B:SCSCF,PCSCF,B:PCSCF,SCSCF,B-200:SCSCF,MTAS,B-200:SCSCF,GTW,B-200"
563,0,0,"PCSCF,SCSCF,I:SCSCF,PCSCF,T:SCSCF,ASLI,I:ASLI,SCSCF,T:ASLI,SCSCF,I-500:SCSCF,ASLI,A:MTAS,SCSCF,I:SCSCF,MTAS,T:SCSCF,GTW,I:GTW,SCSCF,T:GTW,SCSCF,S:SCSCF,MTAS,S:SCSCF,PCSCF,S:PCSCF,SCSCF,P:MTAS,SCSCF,P:SCSCF,GTW,P:GTW,SCSCF,P-200:GTW,SCSCF,S:SCSCF,MTAS,S:SCSCF,MTAS,P-200:SCSCF,PCSCF,P-200:SCSCF,PCSCF,S:PCSCF,SCSCF,P:MTAS,SCSCF,P:SCSCF,GTW,P:GTW,SCSCF,P-200:SCSCF,MTAS,P-200:SCSCF,PCSCF,P-200:GTW,SCSCF,R:SCSCF,MTAS,R:SCSCF,PCSCF,R:PCSCF,SCSCF,P:MTAS,SCSCF,P:SCSCF,GTW,P:GTW,SCSCF,P-200:SCSCF,MTAS,P-200:SCSCF,PCSCF,P-200:PCSCF,SCSCF,C:SCSCF,PCSCF,C-200:MTAS,SCSCF,C:SCSCF,MTAS,C-200:SCSCF,GTW,C:GTW,SCSCF,C-200:GTW,SCSCF,I-487:SCSCF,GTW,A:SCSCF,MTAS,I-487:MTAS,SCSCF,A:SCSCF,PCSCF,I-487:PCSCF,SCSCF,A"
564,0,0,"GTW,SCSCF,I:SCSCF,GTW,T:SCSCF,SLEVOOSP,I:SLEVOOSP,SCSCF,T:SLEVOOSP,SCSCF,S:SCSCF,GTW,S:GTW,SCSCF,P:SCSCF,SLEVOOSP,P:SLEVOOSP,SCSCF,P-200:SCSCF,GTW,P-200:SLEVOOSP,SCSCF,I-200:SCSCF,GTW,I-200:GTW,SCSCF,A:SCSCF,SLEVOOSP,A:GTW,SCSCF,I:SCSCF,GTW,T:SCSCF,SLEVOOSP,I:SLEVOOSP,SCSCF,T:SLEVOOSP,SCSCF,B:SLEVOOSP,SCSCF,I-488:SCSCF,GTW,B:SCSCF,SLEVOOSP,A:SCSCF,GTW,I-488"
565,0,0,"GTW,ICSCF,I:ICSCF,GTW,T:SCSCF,ASLI,I:ASLI,SCSCF,T:ASLI,SCSCF,I-500:SCSCF,ASLI,A:SCSCF,MTAS,I:MTAS,SCSCF,T:MTAS,SCSCF,I:SCSCF,MTAS,T:SCSCF,PCSCF,I:PCSCF,SCSCF,T:PCSCF,SCSCF,R:SCSCF,MTAS,R:MTAS,SCSCF,R:SCSCF,MTAS,P:ICSCF,GTW,R:GTW,SCSCF,P:MTAS,SCSCF,P:SCSCF,PCSCF,P:PCSCF,SCSCF,P-200:SCSCF,MTAS,P-200:MTAS,SCSCF,P-200:SCSCF,GTW,P-200:PCSCF,SCSCF,I-200:SCSCF,MTAS,I-200:MTAS,SCSCF,I-200:ICSCF,GTW,I-200:GTW,SCSCF,A:SCSCF,MTAS,A:MTAS,SCSCF,A:SCSCF,PCSCF,A:GTW,SCSCF,B:SCSCF,MTAS,B:MTAS,SCSCF,B:SCSCF,PCSCF,B:PCSCF,SCSCF,B-200:SCSCF,MTAS,B-200:MTAS,SCSCF,B-200:SCSCF,GTW,B-200"
566,0,0,"PCSCF,SCSCF,I:SCSCF,PCSCF,T:SCSCF,PCSCF,I-407:PCSCF,SCSCF,A:PCSCF,SCSCF,I:SCSCF,PCSCF,T:SCSCF,ASLI,I:ASLI,SCSCF,T:ASLI,SCSCF,I-500:SCSCF,ASLI,A:MTAS,SCSCF,I:SCSCF,MTAS,T:SCSCF,GTW,I:GTW,SCSCF,T:GTW,SCSCF,S:SCSCF,MTAS,S:SCSCF,PCSCF,S:PCSCF,SCSCF,P:MTAS,SCSCF,P:SCSCF,GTW,P:GTW,SCSCF,P-200:SCSCF,MTAS,P-200:SCSCF,PCSCF,P-200:GTW,SCSCF,I-200:SCSCF,MTAS,I-200:SCSCF,PCSCF,I-200:PCSCF,SCSCF,A:SCSCF,MTAS,A:MTAS,SCSCF,A:SCSCF,GTW,A:GTW,SCSCF,B:MTAS,SCSCF,B:SCSCF,PCSCF,B:PCSCF,SCSCF,B-200:SCSCF,MTAS,B-200:SCSCF,GTW,B-200"
567,0,0,"PCSCF,SCSCF,I:SCSCF,PCSCF,T:SCSCF,ASLI,I:ASLI,SCSCF,T:ASLI,SCSCF,I-500:SCSCF,ASLI,A:MTAS,SCSCF,I:SCSCF,MTAS,T:SCSCF,GTW,I:GTW,SCSCF,T:GTW,SCSCF,R:SCSCF,MTAS,R:SCSCF,PCSCF,R:PCSCF,SCSCF,P:MTAS,SCSCF,P:SCSCF,GTW,P:GTW,SCSCF,P-200:SCSCF,MTAS,P-200:SCSCF,PCSCF,P-200:GTW,SCSCF,I-200:SCSCF,MTAS,I-200:SCSCF,PCSCF,I-200:PCSCF,SCSCF,A:SCSCF,MTAS,A:MTAS,SCSCF,A:SCSCF,GTW,A:MTAS,SCSCF,U:SCSCF,GTW,U:GTW,SCSCF,U-200:SCSCF,MTAS,U-200:MTAS,SCSCF,U:SCSCF,PCSCF,U:PCSCF,SCSCF,U-200:SCSCF,MTAS,U-200:MTAS,SCSCF,U:SCSCF,GTW,U:GTW,SCSCF,U-200:SCSCF,MTAS,U-200:MTAS,SCSCF,U:SCSCF,PCSCF,U:PCSCF,SCSCF,U-200:SCSCF,MTAS,U-200:PCSCF,SCSCF,B:SCSCF,MTAS,B:MTAS,SCSCF,B:SCSCF,GTW,B:GTW,SCSCF,B-200:SCSCF,MTAS,B-200:MTAS,SCSCF,B-200:SCSCF,PCSCF,B-200"
568,0,0,"PCSCF,SCSCF,I:SCSCF,PCSCF,T:SCSCF,PCSCF,I-407:PCSCF,SCSCF,A:PCSCF,SCSCF,I:SCSCF,PCSCF,T:SCSCF,ASLI,I:ASLI,SCSCF,T:ASLI,SCSCF,I-500:SCSCF,ASLI,A:MTAS,SCSCF,I:SCSCF,MTAS,T:SCSCF,GTW,I:GTW,SCSCF,T:GTW,SCSCF,S:SCSCF,MTAS,S:SCSCF,PCSCF,S:PCSCF,SCSCF,P:SCSCF,MTAS,P:MTAS,SCSCF,P:SCSCF,GTW,P:GTW,SCSCF,P-200:GTW,SCSCF,W:SCSCF,MTAS,P-200:SCSCF,MTAS,W:MTAS,SCSCF,P-200:SCSCF,PCSCF,P-200:SCSCF,PCSCF,W:PCSCF,SCSCF,P:SCSCF,MTAS,P:MTAS,SCSCF,P:SCSCF,GTW,P:GTW,SCSCF,P-200:GTW,SCSCF,S:SCSCF,MTAS,P-200:SCSCF,MTAS,S:MTAS,SCSCF,P-200:SCSCF,PCSCF,P-200:SCSCF,PCSCF,S:PCSCF,SCSCF,P:SCSCF,MTAS,P:MTAS,SCSCF,P:SCSCF,GTW,P:GTW,SCSCF,P-200:SCSCF,MTAS,P-200:SCSCF,PCSCF,P-200:MTAS,SCSCF,P-200:GTW,SCSCF,I-200:SCSCF,MTAS,I-200:SCSCF,PCSCF,I-200:PCSCF,SCSCF,A:SCSCF,MTAS,A:MTAS,SCSCF,A:SCSCF,GTW,A:GTW,SCSCF,I:SCSCF,GTW,T:MTAS,SCSCF,I:SCSCF,MTAS,T:SCSCF,PCSCF,I:PCSCF,SCSCF,I-200:SCSCF,MTAS,I-200:SCSCF,GTW,I-200:GTW,SCSCF,A:MTAS,SCSCF,A:SCSCF,PCSCF,A:MTAS,SCSCF,U:SCSCF,PCSCF,U:MTAS,SCSCF,U:SCSCF,GTW,U:GTW,SCSCF,U-200:SCSCF,MTAS,U-200:PCSCF,SCSCF,U-200:SCSCF,MTAS,U-200:GTW,SCSCF,B:MTAS,SCSCF,B:SCSCF,PCSCF,B:PCSCF,SCSCF,B-200:SCSCF,MTAS,B-200:SCSCF,GTW,B-200"
569,0,0,"PCSCF,SCSCF,I:SCSCF,PCSCF,T:SCSCF,PCSCF,I-407:PCSCF,SCSCF,A:PCSCF,SCSCF,I:SCSCF,PCSCF,T:SCSCF,ASLI,I:ASLI,SCSCF,T:ASLI,SCSCF,I-500:SCSCF,ASLI,A:MTAS,SCSCF,I:SCSCF,MTAS,T:SCSCF,GTW,I:GTW,SCSCF,T:GTW,SCSCF,S:SCSCF,MTAS,S:SCSCF,PCSCF,S:PCSCF,SCSCF,P:MTAS,SCSCF,P:SCSCF,GTW,P:GTW,SCSCF,P-200:GTW,SCSCF,S:SCSCF,MTAS,S:SCSCF,MTAS,P-200:SCSCF,PCSCF,P-200:SCSCF,PCSCF,S:PCSCF,SCSCF,P:SCSCF,GTW,P:MTAS,SCSCF,P:GTW,SCSCF,P-200:SCSCF,MTAS,P-200:SCSCF,PCSCF,P-200:GTW,SCSCF,R:SCSCF,MTAS,R:SCSCF,PCSCF,R:PCSCF,SCSCF,P:MTAS,SCSCF,P:SCSCF,GTW,P:GTW,SCSCF,P-200:SCSCF,MTAS,P-200:SCSCF,PCSCF,P-200:GTW,SCSCF,I-200:SCSCF,MTAS,I-200:SCSCF,PCSCF,I-200:PCSCF,SCSCF,A:SCSCF,MTAS,A:MTAS,SCSCF,A:SCSCF,GTW,A:GTW,SCSCF,B:MTAS,SCSCF,B:SCSCF,PCSCF,B:PCSCF,SCSCF,B-200:SCSCF,MTAS,B-200:SCSCF,GTW,B-200"
570,0,0,"GTW,ICSCF,I:ICSCF,GTW,T:SCSCF,ASLI,I:ASLI,SCSCF,T:ASLI,SCSCF,I-500:SCSCF,ASLI,A:SCSCF,MTAS,I:MTAS,SCSCF,T:MTAS,SCSCF,I:SCSCF,MTAS,T:MTAS,SCSCF,W:ICSCF,GTW,W:SCSCF,GTW,I:GTW,SCSCF,T:GTW,SCSCF,S:SCSCF,MTAS,S:MTAS,SCSCF,S:ICSCF,GTW,S:GTW,SCSCF,P:SCSCF,MTAS,P:MTAS,SCSCF,P:SCSCF,GTW,P:GTW,SCSCF,P-200:SCSCF,MTAS,P-200:MTAS,SCSCF,P-200:SCSCF,GTW,P-200:GTW,SCSCF,R:SCSCF,MTAS,R:MTAS,SCSCF,R:ICSCF,GTW,R:GTW,SCSCF,P:SCSCF,MTAS,P:MTAS,SCSCF,P:SCSCF,GTW,P:GTW,SCSCF,P-200:SCSCF,MTAS,P-200:MTAS,SCSCF,P-200:SCSCF,GTW,P-200:GTW,SCSCF,I-200:SCSCF,MTAS,I-200:MTAS,SCSCF,I-200:ICSCF,GTW,I-200:GTW,SCSCF,A:SCSCF,MTAS,A:MTAS,SCSCF,A:SCSCF,GTW,A:MTAS,SCSCF,U:SCSCF,GTW,U:SCSCF,GTW,U:GTW,SCSCF,U-200:SCSCF,MTAS,U-200:GTW,SCSCF,U-200:SCSCF,MTAS,U-200:GTW,SCSCF,B:SCSCF,MTAS,B:MTAS,SCSCF,B:SCSCF,GTW,B:GTW,SCSCF,B-200:SCSCF,MTAS,B-200:MTAS,SCSCF,B-200:SCSCF,GTW,B-200"
571,0,0,"GTW,ICSCF,I:ICSCF,GTW,T:SCSCF,ASLI,I:ASLI,SCSCF,T:ASLI,SCSCF,I-500:SCSCF,ASLI,A:SCSCF,MTAS,I:MTAS,SCSCF,T:MTAS,SCSCF,I:SCSCF,MTAS,T:SCSCF,PCSCF,I:PCSCF,SCSCF,T:PCSCF,SCSCF,R:SCSCF,MTAS,R:MTAS,SCSCF,R:ICSCF,GTW,R:GTW,SCSCF,P:SCSCF,MTAS,P:MTAS,SCSCF,P:SCSCF,PCSCF,P:SCSCF,MTAS,P-200:MTAS,SCSCF,P-200:SCSCF,GTW,P-200:PCSCF,SCSCF,P-200:PCSCF,SCSCF,I-200:SCSCF,MTAS,I-200:MTAS,SCSCF,I-200:ICSCF,GTW,I-200:GTW,SCSCF,A:SCSCF,MTAS,A:MTAS,SCSCF,A:SCSCF,PCSCF,A:GTW,SCSCF,B:SCSCF,MTAS,B:MTAS,SCSCF,B:SCSCF,PCSCF,B:PCSCF,SCSCF,B-200:SCSCF,MTAS,B-200:MTAS,SCSCF,B-200:SCSCF,GTW,B-200"
572,0,0,"PCSCF,SCSCF,I:SCSCF,PCSCF,T:SCSCF,PCSCF,I-407:PCSCF,SCSCF,A:PCSCF,SCSCF,I:SCSCF,ASLI,I:ASLI,SCSCF,T:ASLI,SCSCF,I-500:SCSCF,ASLI,A:SCSCF,PCSCF,T:MTAS,SCSCF,I:SCSCF,MTAS,T:SCSCF,GTW,I:GTW,SCSCF,T:GTW,SCSCF,S:SCSCF,MTAS,S:SCSCF,PCSCF,S:PCSCF,SCSCF,P:MTAS,SCSCF,P:SCSCF,GTW,P:GTW,SCSCF,P-200:SCSCF,MTAS,P-200:SCSCF,PCSCF,P-200:GTW,SCSCF,R:SCSCF,MTAS,R:SCSCF,PCSCF,R:PCSCF,SCSCF,P:MTAS,SCSCF,P:SCSCF,GTW,P:GTW,SCSCF,P-200:SCSCF,MTAS,P-200:SCSCF,PCSCF,P-200:GTW,SCSCF,S:SCSCF,MTAS,S:SCSCF,PCSCF,S:PCSCF,SCSCF,P:MTAS,SCSCF,P:SCSCF,GTW,P:GTW,SCSCF,P-200:SCSCF,MTAS,P-200:SCSCF,PCSCF,P-200:GTW,SCSCF,S:SCSCF,MTAS,S:SCSCF,PCSCF,S:PCSCF,SCSCF,P:MTAS,SCSCF,P:SCSCF,GTW,P:GTW,SCSCF,P-200:SCSCF,MTAS,P-200:SCSCF,PCSCF,P-200:GTW,SCSCF,I-200:SCSCF,MTAS,I-200:SCSCF,PCSCF,I-200:PCSCF,SCSCF,A:SCSCF,MTAS,A:MTAS,SCSCF,A:SCSCF,GTW,A:PCSCF,SCSCF,B:MTAS,SCSCF,B:SCSCF,GTW,B:GTW,SCSCF,B-200:SCSCF,MTAS,B-200:SCSCF,PCSCF,B-200"
573,0,0,"PCSCF,SCSCF,I:SCSCF,PCSCF,T:SCSCF,ASLI,I:ASLI,SCSCF,T:ASLI,SCSCF,I-500:SCSCF,ASLI,A:MTAS,SCSCF,I:SCSCF,MTAS,T:GTW,SCSCF,T:SCSCF,GTW,I:GTW,SCSCF,R:SCSCF,MTAS,R:SCSCF,PCSCF,R:PCSCF,SCSCF,P:SCSCF,MTAS,P:MTAS,SCSCF,P:SCSCF,GTW,P:GTW,SCSCF,P-200:SCSCF,MTAS,P-200:MTAS,SCSCF,P-200:SCSCF,PCSCF,P-200:GTW,SCSCF,I-200:SCSCF,MTAS,I-200:SCSCF,PCSCF,I-200:PCSCF,SCSCF,A:SCSCF,MTAS,A:MTAS,SCSCF,A:SCSCF,GTW,A:PCSCF,SCSCF,B:MTAS,SCSCF,B:SCSCF,GTW,B:GTW,SCSCF,B-200:SCSCF,MTAS,B-200:SCSCF,PCSCF,B-200"
574,0,0,"PCSCF,SCSCF,I:SCSCF,PCSCF,T:SCSCF,ASLI,I:ASLI,SCSCF,T:ASLI,SCSCF,I-500:SCSCF,ASLI,A:MTAS,SCSCF,I:SCSCF,MTAS,T:SCSCF,GTW,I:GTW,SCSCF,T:GTW,SCSCF,S:SCSCF,MTAS,S:SCSCF,PCSCF,S:PCSCF,SCSCF,P:MTAS,SCSCF,P:SCSCF,GTW,P:GTW,SCSCF,P-200:SCSCF,MTAS,P-200:GTW,SCSCF,R:SCSCF,MTAS,R:SCSCF,PCSCF,P-200:SCSCF,PCSCF,R:PCSCF,SCSCF,P:MTAS,SCSCF,P:SCSCF,GTW,P:GTW,SCSCF,P-200:SCSCF,MTAS,P-200:SCSCF,PCSCF,P-200:GTW,SCSCF,I-200:SCSCF,MTAS,I-200:SCSCF,PCSCF,I-200:PCSCF,SCSCF,A:SCSCF,MTAS,A:MTAS,SCSCF,A:SCSCF,GTW,A:PCSCF,SCSCF,B:MTAS,SCSCF,B:SCSCF,GTW,B:GTW,SCSCF,B-200:SCSCF,MTAS,B-200:SCSCF,PCSCF,B-200"
575,0,0,"PCSCF,SCSCF,I:SCSCF,PCSCF,T:SCSCF,ASLI,I:ASLI,SCSCF,T:ASLI,SCSCF,I-500:SCSCF,ASLI,A:MTAS,SCSCF,I:SCSCF,MTAS,T:SCSCF,ASLI,I:ASLI,SCSCF,T:ASLI,SCSCF,I-500:SCSCF,MTAS,I:SCSCF,ASLI,A:MTAS,SCSCF,T:MTAS,SCSCF,I:SCSCF,MTAS,T:SCSCF,PCSCF,I:PCSCF,SCSCF,T:PCSCF,SCSCF,R:SCSCF,MTAS,R:MTAS,SCSCF,R:SCSCF,MTAS,R:SCSCF,PCSCF,R:PCSCF,SCSCF,P:MTAS,SCSCF,P:SCSCF,MTAS,P:MTAS,SCSCF,P:SCSCF,PCSCF,P:PCSCF,SCSCF,P-200:SCSCF,MTAS,P-200:MTAS,SCSCF,P-200:SCSCF,MTAS,P-200:SCSCF,PCSCF,P-200:PCSCF,SCSCF,I-200:SCSCF,MTAS,I-200:MTAS,SCSCF,I-200:SCSCF,MTAS,I-200:SCSCF,PCSCF,I-200:PCSCF,SCSCF,A:MTAS,SCSCF,A:SCSCF,MTAS,A:MTAS,SCSCF,A:SCSCF,PCSCF,A:MTAS,SCSCF,U:SCSCF,PCSCF,U:PCSCF,SCSCF,U-200:SCSCF,MTAS,U-200:SCSCF,PCSCF,U:MTAS,SCSCF,U:PCSCF,SCSCF,U-200:SCSCF,MTAS,U-200:PCSCF,SCSCF,B:SCSCF,MTAS,B:MTAS,SCSCF,B:SCSCF,MTAS,B:MTAS,SCSCF,B-200:MTAS,SCSCF,B:SCSCF,MTAS,B-200:SCSCF,MTAS,B-481:SCSCF,PCSCF,B-200:MTAS,SCSCF,B-200:SCSCF,PCSCF,B-200"
576,0,0,"PCSCF,SCSCF,I:SCSCF,ASLI,I:ASLI,SCSCF,T:ASLI,SCSCF,I-500:SCSCF,ASLI,A:MTAS,SCSCF,I:SCSCF,PCSCF,T:SCSCF,MTAS,T:SCSCF,ASLI,I:ASLI,SCSCF,T:ASLI,SCSCF,I-500:SCSCF,ASLI,A:SCSCF,MTAS,I:MTAS,SCSCF,T:MTAS,SCSCF,I:SCSCF,MTAS,T:SCSCF,PCSCF,I:PCSCF,SCSCF,T:PCSCF,SCSCF,R:SCSCF,MTAS,R:MTAS,SCSCF,R:SCSCF,MTAS,R:SCSCF,PCSCF,R:PCSCF,SCSCF,P:MTAS,SCSCF,P:SCSCF,MTAS,P:MTAS,SCSCF,P:SCSCF,PCSCF,P:PCSCF,SCSCF,P-200:SCSCF,MTAS,P-200:MTAS,SCSCF,P-200:SCSCF,MTAS,P-200:SCSCF,PCSCF,P-200:PCSCF,SCSCF,I-200:SCSCF,MTAS,I-200:MTAS,SCSCF,I-200:SCSCF,MTAS,I-200:SCSCF,PCSCF,I-200:PCSCF,SCSCF,A:MTAS,SCSCF,A:SCSCF,MTAS,A:MTAS,SCSCF,A:SCSCF,PCSCF,A:PCSCF,SCSCF,B:MTAS,SCSCF,B:SCSCF,MTAS,B:MTAS,SCSCF,B:SCSCF,PCSCF,B:PCSCF,SCSCF,B-200:SCSCF,MTAS,B-200:MTAS,SCSCF,B-200:SCSCF,MTAS,B-200:SCSCF,PCSCF,B-200"
577,0,0,"PCSCF,SCSCF,I:SCSCF,PCSCF,T:SCSCF,ASLI,I:ASLI,SCSCF,T:ASLI,SCSCF,I-500:SCSCF,ASLI,A:MTAS,SCSCF,I:SCSCF,MTAS,T:SCSCF,GTW,I:GTW,SCSCF,T:GTW,SCSCF,S:SCSCF,MTAS,S:SCSCF,PCSCF,S:PCSCF,SCSCF,P:SCSCF,MTAS,P:MTAS,SCSCF,P:SCSCF,GTW,P:GTW,SCSCF,S:SCSCF,MTAS,S:GTW,SCSCF,P-200:SCSCF,MTAS,P-200:MTAS,SCSCF,P-200:SCSCF,PCSCF,P-200:SCSCF,PCSCF,S:PCSCF,SCSCF,P:SCSCF,MTAS,P:MTAS,SCSCF,P:SCSCF,GTW,P:GTW,SCSCF,S:SCSCF,MTAS,S:GTW,SCSCF,P-200:SCSCF,MTAS,P-200:MTAS,SCSCF,P-200:SCSCF,PCSCF,P-200:SCSCF,PCSCF,S:PCSCF,SCSCF,P:SCSCF,MTAS,P:MTAS,SCSCF,P:SCSCF,GTW,P:GTW,SCSCF,P-200:SCSCF,MTAS,P-200:MTAS,SCSCF,P-200:SCSCF,PCSCF,P-200:GTW,SCSCF,S:SCSCF,MTAS,S:SCSCF,PCSCF,S:PCSCF,SCSCF,P:SCSCF,MTAS,P:MTAS,SCSCF,P:SCSCF,GTW,P:GTW,SCSCF,P-200:SCSCF,MTAS,P-200:MTAS,SCSCF,P-200:SCSCF,PCSCF,P-200:GTW,SCSCF,R:SCSCF,MTAS,R:SCSCF,PCSCF,R:PCSCF,SCSCF,P:SCSCF,MTAS,P:MTAS,SCSCF,P:SCSCF,GTW,P:GTW,SCSCF,P-200:SCSCF,MTAS,P-200:MTAS,SCSCF,P-200:SCSCF,PCSCF,P-200:PCSCF,SCSCF,C:SCSCF,PCSCF,C-200:MTAS,SCSCF,C:SCSCF,MTAS,C-200:SCSCF,GTW,C:GTW,SCSCF,C-200:GTW,SCSCF,I-487:SCSCF,GTW,A:SCSCF,MTAS,I-487:MTAS,SCSCF,A:SCSCF,PCSCF,I-487:PCSCF,SCSCF,A"
578,0,0,"PCSCF,SCSCF,I:SCSCF,PCSCF,T:SCSCF,ASLI,I:ASLI,SCSCF,T:ASLI,SCSCF,I-500:SCSCF,ASLI,A:MTAS,SCSCF,I:SCSCF,MTAS,T:SCSCF,GTW,I:GTW,SCSCF,T:GTW,SCSCF,R:SCSCF,MTAS,R:SCSCF,PCSCF,R:PCSCF,SCSCF,P:SCSCF,MTAS,P:MTAS,SCSCF,P:SCSCF,GTW,P:GTW,SCSCF,P-200:SCSCF,MTAS,P-200:MTAS,SCSCF,P-200:SCSCF,PCSCF,P-200:GTW,SCSCF,S:SCSCF,MTAS,S:SCSCF,PCSCF,S:PCSCF,SCSCF,P:SCSCF,MTAS,P:MTAS,SCSCF,P:SCSCF,GTW,P:GTW,SCSCF,P-200:SCSCF,MTAS,P-200:MTAS,SCSCF,P-200:SCSCF,PCSCF,P-200:GTW,SCSCF,S:SCSCF,MTAS,S:SCSCF,PCSCF,S:PCSCF,SCSCF,P:SCSCF,MTAS,P:MTAS,SCSCF,P:SCSCF,GTW,P:GTW,SCSCF,P-200:SCSCF,MTAS,P-200:MTAS,SCSCF,P-200:SCSCF,PCSCF,P-200:GTW,SCSCF,I-200:SCSCF,MTAS,I-200:SCSCF,PCSCF,I-200:PCSCF,SCSCF,A:SCSCF,MTAS,A:MTAS,SCSCF,A:SCSCF,GTW,A:MTAS,SCSCF,U:SCSCF,GTW,U:SCSCF,PCSCF,U:GTW,SCSCF,U-200:SCSCF,MTAS,U-200:PCSCF,SCSCF,U-200:SCSCF,MTAS,U-200:PCSCF,SCSCF,B:SCSCF,MTAS,B:MTAS,SCSCF,B:SCSCF,GTW,B:GTW,SCSCF,B-200:SCSCF,MTAS,B-200:MTAS,SCSCF,B-200:SCSCF,PCSCF,B-200"
579,0,0,"PCSCF,SCSCF,I:SCSCF,PCSCF,T:SCSCF,PCSCF,I-407:PCSCF,SCSCF,A:PCSCF,SCSCF,I:SCSCF,ASLI,I:SCSCF,PCSCF,T:ASLI,SCSCF,T:ASLI,SCSCF,I-500:SCSCF,ASLI,A:MTAS,SCSCF,I:SCSCF,MTAS,T:SCSCF,GTW,I:GTW,SCSCF,T:GTW,SCSCF,S:SCSCF,MTAS,S:SCSCF,PCSCF,S:PCSCF,SCSCF,P:MTAS,SCSCF,P:SCSCF,GTW,P:GTW,SCSCF,P-200:SCSCF,MTAS,P-200:SCSCF,PCSCF,P-200:GTW,SCSCF,R:SCSCF,MTAS,R:SCSCF,PCSCF,R:SCSCF,GTW,P:GTW,SCSCF,P-200:PCSCF,SCSCF,P:MTAS,SCSCF,P:SCSCF,MTAS,P-200:SCSCF,PCSCF,P-200:GTW,SCSCF,I-200:SCSCF,MTAS,I-200:SCSCF,PCSCF,I-200:PCSCF,SCSCF,A:SCSCF,MTAS,A:MTAS,SCSCF,A:SCSCF,GTW,A:PCSCF,SCSCF,B:MTAS,SCSCF,B:SCSCF,GTW,B:GTW,SCSCF,B-200:SCSCF,MTAS,B-200:SCSCF,PCSCF,B-200"
580,0,0,"PCSCF,SCSCF,I:SCSCF,ASLI,I:ASLI,SCSCF,T:ASLI,SCSCF,I-500:SCSCF,ASLI,A:SCSCF,PCSCF,T:MTAS,SCSCF,I:SCSCF,MTAS,T:SCSCF,GTW,I:GTW,SCSCF,T:GTW,SCSCF,R:SCSCF,MTAS,R:SCSCF,PCSCF,R:PCSCF,SCSCF,P:SCSCF,MTAS,P:MTAS,SCSCF,P:SCSCF,GTW,P:GTW,SCSCF,P-200:SCSCF,MTAS,P-200:MTAS,SCSCF,P-200:SCSCF,PCSCF,P-200:GTW,SCSCF,I-200:SCSCF,MTAS,I-200:SCSCF,PCSCF,I-200:PCSCF,SCSCF,A:SCSCF,MTAS,A:MTAS,SCSCF,A:SCSCF,GTW,A:MTAS,SCSCF,U:SCSCF,GTW,U:GTW,SCSCF,U-200:SCSCF,MTAS,U-200:MTAS,SCSCF,U:SCSCF,PCSCF,U:PCSCF,SCSCF,U-200:SCSCF,MTAS,U-200:GTW,SCSCF,B:MTAS,SCSCF,B:SCSCF,PCSCF,B:PCSCF,SCSCF,B-200:SCSCF,MTAS,B-200:SCSCF,GTW,B-200"
581,0,0,"MTAS,SCSCF,I:SCSCF,MTAS,T:SCSCF,PCSCF,I:PCSCF,SCSCF,T:PCSCF,SCSCF,R:SCSCF,MTAS,R:MTAS,SCSCF,P:SCSCF,PCSCF,P:PCSCF,SCSCF,P-200:SCSCF,MTAS,P-200:MTAS,SCSCF,C:SCSCF,MTAS,C-200:SCSCF,PCSCF,C:PCSCF,SCSCF,C-200:PCSCF,SCSCF,I-487:SCSCF,MTAS,I-487:MTAS,SCSCF,A:SCSCF,PCSCF,A"
582,0,0,"GTW,ICSCF,I:ICSCF,GTW,T:SCSCF,ASLI,I:ASLI,SCSCF,T:ASLI,SCSCF,I-500:SCSCF,ASLI,A:SCSCF,MTAS,I:MTAS,SCSCF,T:MTAS,SCSCF,I:SCSCF,MTAS,T:SCSCF,PCSCF,I:PCSCF,SCSCF,T:PCSCF,SCSCF,R:SCSCF,MTAS,R:MTAS,SCSCF,R:ICSCF,GTW,R:GTW,SCSCF,P:SCSCF,MTAS,P:MTAS,SCSCF,P:SCSCF,PCSCF,P:GTW,SCSCF,P:PCSCF,SCSCF,R:SCSCF,MTAS,R:PCSCF,SCSCF,P-200:SCSCF,MTAS,P-200:MTAS,SCSCF,P-200:SCSCF,GTW,P-200:GTW,ICSCF,C:ICSCF,GTW,C-200:SCSCF,MTAS,C:MTAS,SCSCF,C-200:MTAS,SCSCF,C:SCSCF,MTAS,C-200:SCSCF,PCSCF,C:PCSCF,SCSCF,C-200:PCSCF,SCSCF,I-487:SCSCF,PCSCF,A:SCSCF,MTAS,I-487:MTAS,SCSCF,A:MTAS,SCSCF,I-487:SCSCF,MTAS,A:ICSCF,GTW,I-487:GTW,ICSCF,A"
583,0,0,"PCSCF,SCSCF,I:SCSCF,PCSCF,T:SCSCF,PCSCF,I-407:PCSCF,SCSCF,A:PCSCF,SCSCF,I:SCSCF,PCSCF,T:SCSCF,ASLI,I:ASLI,SCSCF,T:ASLI,SCSCF,I-500:SCSCF,ASLI,A:MTAS,SCSCF,I:SCSCF,MTAS,T:SCSCF,ASLI,I:ASLI,SCSCF,T:ASLI,SCSCF,I-500:SCSCF,ASLI,A:SCSCF,MTAS,I:MTAS,SCSCF,T:MTAS,SCSCF,I:SCSCF,MTAS,T:SCSCF,PCSCF,I:PCSCF,SCSCF,T:PCSCF,SCSCF,R:SCSCF,MTAS,R:MTAS,SCSCF,R:SCSCF,MTAS,R:SCSCF,PCSCF,R:PCSCF,SCSCF,P:MTAS,SCSCF,P:SCSCF,MTAS,P:MTAS,SCSCF,P:SCSCF,PCSCF,P:PCSCF,SCSCF,P-200:SCSCF,MTAS,P-200:MTAS,SCSCF,P-200:SCSCF,MTAS,P-200:SCSCF,PCSCF,P-200:PCSCF,SCSCF,I-200:SCSCF,MTAS,I-200:MTAS,SCSCF,I-200:SCSCF,MTAS,I-200:SCSCF,PCSCF,I-200:PCSCF,SCSCF,A:MTAS,SCSCF,A:SCSCF,MTAS,A:MTAS,SCSCF,A:SCSCF,PCSCF,A:MTAS,SCSCF,U:SCSCF,PCSCF,U:PCSCF,SCSCF,U-200:SCSCF,MTAS,U-200:MTAS,SCSCF,U:SCSCF,PCSCF,U:MTAS,SCSCF,U:PCSCF,SCSCF,U-200:SCSCF,MTAS,U-200:PCSCF,SCSCF,B:MTAS,SCSCF,B:SCSCF,MTAS,B:MTAS,SCSCF,B:SCSCF,PCSCF,B:PCSCF,SCSCF,B-200:SCSCF,MTAS,B-200:MTAS,SCSCF,B-200:SCSCF,MTAS,B-200:SCSCF,PCSCF,B-200"
584,0,0,"PCSCF,SCSCF,I:SCSCF,ASLI,I:SCSCF,PCSCF,T:ASLI,SCSCF,T:ASLI,SCSCF,I-500:SCSCF,ASLI,A:MTAS,SCSCF,I:SCSCF,MTAS,T:SCSCF,GTW,I:GTW,SCSCF,T:GTW,SCSCF,S:SCSCF,MTAS,S:SCSCF,PCSCF,S:PCSCF,SCSCF,P:MTAS,SCSCF,P:SCSCF,GTW,P:GTW,SCSCF,P-200:GTW,SCSCF,S:SCSCF,MTAS,P-200:SCSCF,MTAS,S:SCSCF,PCSCF,P-200:SCSCF,PCSCF,S:PCSCF,SCSCF,P:MTAS,SCSCF,P:SCSCF,GTW,P:GTW,SCSCF,P-200:SCSCF,MTAS,P-200:SCSCF,PCSCF,P-200:GTW,SCSCF,R:SCSCF,MTAS,R:SCSCF,PCSCF,R:PCSCF,SCSCF,P:MTAS,SCSCF,P:SCSCF,GTW,P:GTW,SCSCF,P-200:SCSCF,MTAS,P-200:SCSCF,PCSCF,P-200:GTW,SCSCF,I-200:SCSCF,MTAS,I-200:SCSCF,PCSCF,I-200:PCSCF,SCSCF,A:SCSCF,MTAS,A:MTAS,SCSCF,A:SCSCF,GTW,A:PCSCF,SCSCF,B:SCSCF,MTAS,B:MTAS,SCSCF,B:SCSCF,GTW,B:GTW,SCSCF,B-200:SCSCF,MTAS,B-200:MTAS,SCSCF,B-200:SCSCF,PCSCF,B-200"
585,0,0,"GTW,SCSCF,I:SCSCF,GTW,T:SCSCF,SLEVOOSP,I:SLEVOOSP,SCSCF,T:SLEVOOSP,SCSCF,S:SCSCF,GTW,S:GTW,SCSCF,P:SCSCF,SLEVOOSP,P:SLEVOOSP,SCSCF,P-200:SCSCF,GTW,P-200:SLEVOOSP,SCSCF,I-200:SCSCF,GTW,I-200:GTW,SCSCF,A:SCSCF,SLEVOOSP,A:SCSCF,SLEVOOSP,B:GTW,SCSCF,B:SLEVOOSP,SCSCF,B-200:SCSCF,GTW,B-200"
586,0,0,"PCSCF,SCSCF,I:SCSCF,PCSCF,T:SCSCF,ASLI,I:ASLI,SCSCF,T:ASLI,SCSCF,I-500:SCSCF,ASLI,A:MTAS,SCSCF,I:SCSCF,MTAS,T:SCSCF,GTW,I:GTW,SCSCF,T:GTW,SCSCF,R:SCSCF,MTAS,R:SCSCF,PCSCF,R:PCSCF,SCSCF,P:MTAS,SCSCF,P:SCSCF,GTW,P:GTW,SCSCF,P-200:SCSCF,MTAS,P-200:SCSCF,PCSCF,P-200:GTW,SCSCF,I-200:SCSCF,MTAS,I-200:SCSCF,PCSCF,I-200:PCSCF,SCSCF,A:SCSCF,MTAS,A:MTAS,SCSCF,A:SCSCF,GTW,A:MTAS,SCSCF,U:SCSCF,GTW,U:GTW,SCSCF,U-200:SCSCF,MTAS,U-200:MTAS,SCSCF,U:SCSCF,PCSCF,U:PCSCF,SCSCF,U-200:SCSCF,MTAS,U-200:MTAS,SCSCF,U:SCSCF,GTW,U:GTW,SCSCF,U-200:SCSCF,MTAS,U-200:MTAS,SCSCF,U:SCSCF,PCSCF,U:PCSCF,SCSCF,U-200:SCSCF,MTAS,U-200:MTAS,SCSCF,U:SCSCF,GTW,U:GTW,SCSCF,U-200:SCSCF,MTAS,U-200:MTAS,SCSCF,U:SCSCF,PCSCF,U:PCSCF,SCSCF,U-200:SCSCF,MTAS,U-200:PCSCF,SCSCF,B:SCSCF,MTAS,B:MTAS,SCSCF,B:SCSCF,GTW,B:GTW,SCSCF,B-200:SCSCF,MTAS,B-200:MTAS,SCSCF,B-200:SCSCF,PCSCF,B-200"
587,0,0,"GTW,ICSCF,I:ICSCF,GTW,T:SCSCF,ASLI,I:ASLI,SCSCF,T:ASLI,SCSCF,I-500:SCSCF,MTAS,I:SCSCF,ASLI,A:MTAS,SCSCF,I:SCSCF,MTAS,T:SCSCF,PCSCF,I:MTAS,SCSCF,T:PCSCF,SCSCF,T:PCSCF,SCSCF,R:SCSCF,MTAS,R:MTAS,SCSCF,R:ICSCF,GTW,R:GTW,SCSCF,P:SCSCF,MTAS,P:MTAS,SCSCF,P:SCSCF,PCSCF,P:PCSCF,SCSCF,P-200:SCSCF,MTAS,P-200:MTAS,SCSCF,P-200:SCSCF,GTW,P-200:GTW,ICSCF,C:ICSCF,GTW,C-200:SCSCF,MTAS,C:MTAS,SCSCF,C-200:MTAS,SCSCF,C:SCSCF,MTAS,C-200:SCSCF,PCSCF,C:PCSCF,SCSCF,C-200:PCSCF,SCSCF,I-487:SCSCF,PCSCF,A:SCSCF,MTAS,I-487:MTAS,SCSCF,A:MTAS,SCSCF,I-487:SCSCF,MTAS,A:ICSCF,GTW,I-487:GTW,ICSCF,A"
588,0,0,"PCSCF,SCSCF,I:SCSCF,PCSCF,T:SCSCF,PCSCF,I-407:PCSCF,SCSCF,A:PCSCF,SCSCF,I:SCSCF,PCSCF,T:SCSCF,ASLI,I:ASLI,SCSCF,T:ASLI,SCSCF,I-500:SCSCF,ASLI,A:MTAS,SCSCF,I:SCSCF,MTAS,T:SCSCF,GTW,I:GTW,SCSCF,T:SCSCF,MTAS,S:GTW,SCSCF,S:SCSCF,PCSCF,S:PCSCF,SCSCF,P:MTAS,SCSCF,P:SCSCF,GTW,P:GTW,SCSCF,P-200:GTW,SCSCF,S:SCSCF,MTAS,P-200:SCSCF,MTAS,S:SCSCF,PCSCF,P-200:SCSCF,PCSCF,S:PCSCF,SCSCF,P:MTAS,SCSCF,P:SCSCF,GTW,P:GTW,SCSCF,P-200:SCSCF,MTAS,P-200:SCSCF,PCSCF,P-200:GTW,SCSCF,R:SCSCF,MTAS,R:SCSCF,PCSCF,R:PCSCF,SCSCF,P:MTAS,SCSCF,P:GTW,SCSCF,P-200:SCSCF,MTAS,P-200:SCSCF,PCSCF,P-200:SCSCF,GTW,P:GTW,SCSCF,I-200:SCSCF,MTAS,I-200:SCSCF,PCSCF,I-200:PCSCF,SCSCF,A:SCSCF,MTAS,A:MTAS,SCSCF,A:SCSCF,GTW,A:GTW,SCSCF,B:MTAS,SCSCF,B:SCSCF,PCSCF,B:PCSCF,SCSCF,B-200:SCSCF,MTAS,B-200:SCSCF,GTW,B-200"
589,0,0,"PCSCF,SCSCF,I:SCSCF,ASLI,I:ASLI,SCSCF,T:ASLI,SCSCF,I-500:SCSCF,ASLI,A:SCSCF,PCSCF,T:MTAS,SCSCF,I:SCSCF,MTAS,T:SCSCF,GTW,I:GTW,SCSCF,T:GTW,SCSCF,S:SCSCF,MTAS,S:SCSCF,PCSCF,S:PCSCF,SCSCF,P:SCSCF,MTAS,P:MTAS,SCSCF,P:SCSCF,GTW,P:GTW,SCSCF,P-200:SCSCF,MTAS,P-200:MTAS,SCSCF,P-200:SCSCF,PCSCF,P-200:GTW,SCSCF,R:SCSCF,MTAS,R:SCSCF,PCSCF,R:PCSCF,SCSCF,P:SCSCF,MTAS,P:MTAS,SCSCF,P:SCSCF,GTW,P:GTW,SCSCF,P-200:SCSCF,MTAS,P-200:MTAS,SCSCF,P-200:SCSCF,PCSCF,P-200:GTW,SCSCF,I-200:SCSCF,MTAS,I-200:SCSCF,PCSCF,I-200:PCSCF,SCSCF,A:SCSCF,MTAS,A:MTAS,SCSCF,A:SCSCF,GTW,A:MTAS,SCSCF,U:SCSCF,GTW,U:SCSCF,PCSCF,U:PCSCF,SCSCF,U-200:SCSCF,MTAS,U-200:GTW,SCSCF,U-200:SCSCF,MTAS,U-200:PCSCF,SCSCF,B:SCSCF,MTAS,B:MTAS,SCSCF,B:SCSCF,GTW,B:GTW,SCSCF,B-200:SCSCF,MTAS,B-200:MTAS,SCSCF,B-200:SCSCF,PCSCF,B-200"
590,0,0,"GTW,ICSCF,I:ICSCF,GTW,T:SCSCF,ASLI,I:ASLI,SCSCF,T:ASLI,SCSCF,I-500:SCSCF,MTAS,I:MTAS,SCSCF,T:MTAS,SCSCF,I:SCSCF,MTAS,T:SCSCF,PCSCF,I:SCSCF,ASLI,A:PCSCF,SCSCF,T:PCSCF,SCSCF,R:SCSCF,MTAS,R:MTAS,SCSCF,R:ICSCF,GTW,R:GTW,SCSCF,P:SCSCF,MTAS,P:MTAS,SCSCF,P:SCSCF,PCSCF,P:PCSCF,SCSCF,P-200:SCSCF,MTAS,P-200:MTAS,SCSCF,P-200:SCSCF,GTW,P-200:PCSCF,SCSCF,I-200:SCSCF,MTAS,I-200:MTAS,SCSCF,I-200:ICSCF,GTW,I-200:GTW,SCSCF,A:SCSCF,MTAS,A:MTAS,SCSCF,A:SCSCF,PCSCF,A:GTW,SCSCF,I:SCSCF,GTW,T:SCSCF,MTAS,I:MTAS,SCSCF,T:MTAS,SCSCF,I:SCSCF,MTAS,T:SCSCF,PCSCF,I:PCSCF,SCSCF,I-200:SCSCF,MTAS,I-200:MTAS,SCSCF,I-200:SCSCF,GTW,I-200:GTW,SCSCF,A:SCSCF,MTAS,A:MTAS,SCSCF,A:SCSCF,PCSCF,A:GTW,SCSCF,B:SCSCF,MTAS,B:MTAS,SCSCF,B:SCSCF,PCSCF,B:PCSCF,SCSCF,B-200:SCSCF,MTAS,B-200:MTAS,SCSCF,B-200:SCSCF,GTW,B-200"
591,0,0,"PCSCF,SCSCF,I:SCSCF,ASLI,I:ASLI,SCSCF,T:SCSCF,PCSCF,T:ASLI,SCSCF,I-500:SCSCF,ASLI,A:MTAS,SCSCF,I:SCSCF,MTAS,T:SCSCF,GTW,I:GTW,SCSCF,T:GTW,SCSCF,S:SCSCF,MTAS,S:SCSCF,PCSCF,S:PCSCF,SCSCF,P:SCSCF,MTAS,P:MTAS,SCSCF,P:SCSCF,GTW,P:GTW,SCSCF,P-200:SCSCF,MTAS,P-200:MTAS,SCSCF,P-200:SCSCF,PCSCF,P-200:GTW,SCSCF,R:SCSCF,MTAS,R:SCSCF,PCSCF,R:PCSCF,SCSCF,P:SCSCF,MTAS,P:MTAS,SCSCF,P:SCSCF,GTW,P:GTW,SCSCF,P-200:SCSCF,MTAS,P-200:MTAS,SCSCF,P-200:SCSCF,PCSCF,P-200:GTW,SCSCF,I-200:SCSCF,MTAS,I-200:SCSCF,PCSCF,I-200:PCSCF,SCSCF,A:SCSCF,MTAS,A:MTAS,SCSCF,A:SCSCF,GTW,A:GTW,SCSCF,B:MTAS,SCSCF,B:SCSCF,PCSCF,B:PCSCF,SCSCF,B-200:SCSCF,MTAS,B-200:SCSCF,GTW,B-200"
592,0,0,"PCSCF,SCSCF,I:SCSCF,PCSCF,T:SCSCF,ASLI,I:ASLI,SCSCF,T:ASLI,SCSCF,I-500:MTAS,SCSCF,I:SCSCF,MTAS,T:SCSCF,ASLI,A:SCSCF,GTW,I:GTW,SCSCF,T:GTW,SCSCF,R:SCSCF,MTAS,R:SCSCF,PCSCF,R:PCSCF,SCSCF,P:MTAS,SCSCF,P:SCSCF,GTW,P:GTW,SCSCF,P-200:SCSCF,MTAS,P-200:SCSCF,PCSCF,P-200:GTW,SCSCF,I-200:SCSCF,MTAS,I-200:SCSCF,PCSCF,I-200:PCSCF,SCSCF,A:SCSCF,MTAS,A:MTAS,SCSCF,A:SCSCF,GTW,A:MTAS,SCSCF,U:SCSCF,GTW,U:GTW,SCSCF,U-200:SCSCF,MTAS,U-200:MTAS,SCSCF,U:SCSCF,PCSCF,U:PCSCF,SCSCF,U-200:SCSCF,MTAS,U-200:PCSCF,SCSCF,B:MTAS,SCSCF,B:SCSCF,GTW,B:GTW,SCSCF,B-200:SCSCF,MTAS,B-200:SCSCF,PCSCF,B-200"
593,0,0,"GTW,ICSCF,I:ICSCF,GTW,T:SCSCF,ASLI,I:ASLI,SCSCF,T:ASLI,SCSCF,I-500:SCSCF,ASLI,A:SCSCF,MTAS,I:MTAS,SCSCF,T:MTAS,SCSCF,I:SCSCF,MTAS,T:SCSCF,PCSCF,I:PCSCF,SCSCF,T:PCSCF,SCSCF,R:SCSCF,MTAS,R:MTAS,SCSCF,R:ICSCF,GTW,R:GTW,SCSCF,P:SCSCF,MTAS,P:MTAS,SCSCF,P:SCSCF,PCSCF,P:PCSCF,SCSCF,P-200:SCSCF,MTAS,P-200:MTAS,SCSCF,P-200:SCSCF,GTW,P-200:PCSCF,SCSCF,I-200:SCSCF,MTAS,I-200:MTAS,SCSCF,I-200:ICSCF,GTW,I-200:GTW,SCSCF,A:SCSCF,MTAS,A:MTAS,SCSCF,A:SCSCF,PCSCF,A:MTAS,SCSCF,U:SCSCF,PCSCF,U:SCSCF,GTW,U:GTW,SCSCF,U-200:SCSCF,MTAS,U-200:PCSCF,SCSCF,U-200:SCSCF,MTAS,U-200:MTAS,SCSCF,U:SCSCF,GTW,U:GTW,SCSCF,U-200:SCSCF,MTAS,U-200:MTAS,SCSCF,U:SCSCF,PCSCF,U:PCSCF,SCSCF,U-200:SCSCF,MTAS,U-200:MTAS,SCSCF,U:SCSCF,GTW,U:GTW,SCSCF,U-200:SCSCF,MTAS,U-200:MTAS,SCSCF,U:SCSCF,PCSCF,U:PCSCF,SCSCF,U-200:SCSCF,MTAS,U-200:MTAS,SCSCF,U:SCSCF,GTW,U:GTW,SCSCF,U-200:SCSCF,MTAS,U-200:MTAS,SCSCF,U:SCSCF,PCSCF,U:PCSCF,SCSCF,U-200:SCSCF,MTAS,U-200:PCSCF,SCSCF,B:SCSCF,MTAS,B:MTAS,SCSCF,B:SCSCF,GTW,B:GTW,SCSCF,B-200:SCSCF,MTAS,B-200:MTAS,SCSCF,B-200:SCSCF,PCSCF,B-200"
594,0,0,"GTW,ICSCF,I:ICSCF,GTW,T:SCSCF,ASLI,I:ASLI,SCSCF,T:ASLI,SCSCF,I-500:SCSCF,ASLI,A:SCSCF,MTAS,I:MTAS,SCSCF,T:MTAS,SCSCF,I:SCSCF,MTAS,T:MTAS,SCSCF,W:ICSCF,GTW,W:SCSCF,GTW,I:GTW,SCSCF,T:GTW,SCSCF,S:SCSCF,MTAS,S:MTAS,SCSCF,S:ICSCF,GTW,S:GTW,SCSCF,P:SCSCF,MTAS,P:MTAS,SCSCF,P:SCSCF,GTW,P:GTW,SCSCF,P-200:GTW,SCSCF,S:SCSCF,MTAS,P-200:SCSCF,MTAS,S:MTAS,SCSCF,P-200:MTAS,SCSCF,S:SCSCF,GTW,P-200:ICSCF,GTW,S:GTW,SCSCF,P:SCSCF,MTAS,P:MTAS,SCSCF,P:SCSCF,GTW,P:GTW,SCSCF,P-200:SCSCF,MTAS,P-200:MTAS,SCSCF,P-200:SCSCF,GTW,P-200:GTW,SCSCF,I-200:SCSCF,MTAS,I-200:MTAS,SCSCF,I-200:ICSCF,GTW,I-200:GTW,SCSCF,A:SCSCF,MTAS,A:MTAS,SCSCF,A:SCSCF,GTW,A:GTW,SCSCF,I:SCSCF,GTW,T:SCSCF,MTAS,I:MTAS,SCSCF,I:MTAS,SCSCF,T:SCSCF,MTAS,T:SCSCF,GTW,I:GTW,SCSCF,T:GTW,SCSCF,I-200:SCSCF,MTAS,I-200:MTAS,SCSCF,I-200:SCSCF,GTW,I-200:GTW,SCSCF,A:SCSCF,MTAS,A:MTAS,SCSCF,A:SCSCF,GTW,A:GTW,SCSCF,B:SCSCF,MTAS,B:MTAS,SCSCF,B:SCSCF,GTW,B:GTW,SCSCF,B-200:SCSCF,MTAS,B-200:MTAS,SCSCF,B-200:SCSCF,GTW,B-200"
595,0,0,"PCSCF,SCSCF,I:SCSCF,PCSCF,T:SCSCF,ASLI,I:ASLI,SCSCF,T:ASLI,SCSCF,I-500:SCSCF,ASLI,A:MTAS,SCSCF,I:SCSCF,MTAS,T:SCSCF,GTW,I:GTW,SCSCF,T:GTW,SCSCF,S:SCSCF,MTAS,S:SCSCF,PCSCF,S:PCSCF,SCSCF,P:SCSCF,MTAS,P:MTAS,SCSCF,P:SCSCF,GTW,P:GTW,SCSCF,P-200:SCSCF,MTAS,P-200:MTAS,SCSCF,P-200:SCSCF,PCSCF,P-200:PCSCF,SCSCF,C:MTAS,SCSCF,C:SCSCF,MTAS,C-200:SCSCF,GTW,C:GTW,SCSCF,C-200:GTW,SCSCF,I-487:SCSCF,GTW,A:SCSCF,MTAS,I-487:MTAS,SCSCF,A:SCSCF,PCSCF,C-200:SCSCF,PCSCF,I-487:PCSCF,SCSCF,A"
596,0,0,"PCSCF,SCSCF,I:SCSCF,PCSCF,T:SCSCF,ASLI,I:ASLI,SCSCF,T:ASLI,SCSCF,I-500:SCSCF,ASLI,A:MTAS,SCSCF,I:SCSCF,MTAS,T:SCSCF,GTW,I:GTW,SCSCF,T:GTW,SCSCF,R:SCSCF,MTAS,R:SCSCF,PCSCF,R:PCSCF,SCSCF,C:MTAS,SCSCF,C:SCSCF,MTAS,C-200:SCSCF,GTW,C:GTW,SCSCF,C-200:GTW,SCSCF,I-487:SCSCF,GTW,A:SCSCF,MTAS,I-487:MTAS,SCSCF,A:SCSCF,PCSCF,C-200:SCSCF,PCSCF,I-487:PCSCF,SCSCF,A"
597,0,0,"PCSCF,SCSCF,I:SCSCF,PCSCF,T:SCSCF,PCSCF,I-407:PCSCF,SCSCF,A:PCSCF,SCSCF,I:SCSCF,PCSCF,T:SCSCF,ASLI,I:ASLI,SCSCF,T:ASLI,SCSCF,I-500:SCSCF,ASLI,A:MTAS,SCSCF,I:SCSCF,MTAS,T:SCSCF,GTW,I:GTW,SCSCF,T:GTW,SCSCF,S:SCSCF,MTAS,S:SCSCF,PCSCF,S:PCSCF,SCSCF,P:MTAS,SCSCF,P:SCSCF,GTW,P:GTW,SCSCF,P-200:SCSCF,MTAS,P-200:SCSCF,PCSCF,P-200:GTW,SCSCF,I-486:SCSCF,GTW,A:SCSCF,MTAS,I-486:MTAS,SCSCF,A:SCSCF,PCSCF,I-486:PCSCF,SCSCF,A"
598,0,0,"GTW,ICSCF,I:ICSCF,GTW,T:SCSCF,ASLI,I:ASLI,SCSCF,T:ASLI,SCSCF,I-500:SCSCF,ASLI,A:SCSCF,MTAS,I:MTAS,SCSCF,T:MTAS,SCSCF,I:SCSCF,MTAS,T:SCSCF,GTW,I:MTAS,SCSCF,W:GTW,SCSCF,T:ICSCF,GTW,W:GTW,SCSCF,S:SCSCF,MTAS,S:MTAS,SCSCF,S:ICSCF,GTW,S:GTW,SCSCF,P:SCSCF,MTAS,P:MTAS,SCSCF,P:SCSCF,GTW,P:GTW,SCSCF,P-200:SCSCF,MTAS,P-200:MTAS,SCSCF,P-200:SCSCF,GTW,P-200:GTW,SCSCF,R:SCSCF,MTAS,R:MTAS,SCSCF,R:ICSCF,GTW,R:GTW,SCSCF,P:SCSCF,MTAS,P:MTAS,SCSCF,P:SCSCF,GTW,P:GTW,SCSCF,P-200:SCSCF,MTAS,P-200:MTAS,SCSCF,P-200:SCSCF,GTW,P-200:GTW,SCSCF,I-200:SCSCF,MTAS,I-200:MTAS,SCSCF,I-200:ICSCF,GTW,I-200:GTW,SCSCF,A:SCSCF,MTAS,A:MTAS,SCSCF,A:SCSCF,GTW,A:GTW,SCSCF,B:SCSCF,MTAS,B:MTAS,SCSCF,B:SCSCF,GTW,B:GTW,SCSCF,B-200:SCSCF,MTAS,B-200:MTAS,SCSCF,B-200:SCSCF,GTW,B-200"
599,0,0,"GTW,ICSCF,I:ICSCF,GTW,T:SCSCF,ASLI,I:ASLI,SCSCF,T:ASLI,SCSCF,I-500:SCSCF,ASLI,A:SCSCF,MTAS,I:MTAS,SCSCF,I:SCSCF,MTAS,T:SCSCF,PCSCF,I:MTAS,SCSCF,T:PCSCF,SCSCF,T:SCSCF,MTAS,R:MTAS,SCSCF,R:PCSCF,SCSCF,R:ICSCF,GTW,R:GTW,SCSCF,P:SCSCF,MTAS,P:MTAS,SCSCF,P:SCSCF,PCSCF,P:PCSCF,SCSCF,P-200:SCSCF,MTAS,P-200:MTAS,SCSCF,P-200:SCSCF,GTW,P-200:PCSCF,SCSCF,I-200:SCSCF,MTAS,I-200:MTAS,SCSCF,I-200:ICSCF,GTW,I-200:GTW,SCSCF,A:SCSCF,MTAS,A:MTAS,SCSCF,A:SCSCF,PCSCF,A:PCSCF,SCSCF,B:SCSCF,MTAS,B:MTAS,SCSCF,B:SCSCF,GTW,B:GTW,SCSCF,B-200:SCSCF,MTAS,B-200:MTAS,SCSCF,B-200:SCSCF,PCSCF,B-200"
600,0,0,"PCSCF,SCSCF,I:SCSCF,PCSCF,T:SCSCF,ASLI,I:ASLI,SCSCF,T:ASLI,SCSCF,I-500:SCSCF,ASLI,A:MTAS,SCSCF,I:SCSCF,MTAS,T:SCSCF,GTW,I:GTW,SCSCF,T:GTW,SCSCF,S:SCSCF,MTAS,S:SCSCF,PCSCF,S:PCSCF,SCSCF,P:SCSCF,MTAS,P:MTAS,SCSCF,P:SCSCF,GTW,P:GTW,SCSCF,P-200:SCSCF,MTAS,P-200:MTAS,SCSCF,P-200:SCSCF,PCSCF,P-200:GTW,SCSCF,I-200:SCSCF,MTAS,I-200:SCSCF,PCSCF,I-200:PCSCF,SCSCF,A:SCSCF,MTAS,A:MTAS,SCSCF,A:SCSCF,GTW,A:PCSCF,SCSCF,B:SCSCF,MTAS,B:MTAS,SCSCF,B:SCSCF,GTW,B:GTW,SCSCF,B-200:SCSCF,MTAS,B-200:MTAS,SCSCF,B-200:SCSCF,PCSCF,B-200"
601,0,0,"PCSCF,SCSCF,I:SCSCF,ASLI,I:ASLI,SCSCF,T:ASLI,SCSCF,I-500:SCSCF,ASLI,A:MTAS,SCSCF,I:SCSCF,MTAS,T:SCSCF,PCSCF,T:SCSCF,ASLI,I:ASLI,SCSCF,T:ASLI,SCSCF,I-500:SCSCF,ASLI,A:SCSCF,MTAS,I:MTAS,SCSCF,T:MTAS,SCSCF,I:SCSCF,MTAS,T:SCSCF,PCSCF,I:PCSCF,SCSCF,T:PCSCF,SCSCF,R:SCSCF,MTAS,R:MTAS,SCSCF,R:SCSCF,MTAS,R:SCSCF,PCSCF,R:PCSCF,SCSCF,P:MTAS,SCSCF,P:SCSCF,MTAS,P:MTAS,SCSCF,P:SCSCF,PCSCF,P:PCSCF,SCSCF,P-200:SCSCF,MTAS,P-200:MTAS,SCSCF,P-200:SCSCF,MTAS,P-200:SCSCF,PCSCF,P-200:PCSCF,SCSCF,I-200:SCSCF,MTAS,I-200:MTAS,SCSCF,I-200:SCSCF,MTAS,I-200:SCSCF,PCSCF,I-200:PCSCF,SCSCF,A:MTAS,SCSCF,A:SCSCF,MTAS,A:MTAS,SCSCF,A:SCSCF,PCSCF,A:MTAS,SCSCF,U:SCSCF,PCSCF,U:PCSCF,SCSCF,U-200:SCSCF,MTAS,U-200:MTAS,SCSCF,U:SCSCF,MTAS,U-200:SCSCF,PCSCF,U:PCSCF,SCSCF,U-200:SCSCF,MTAS,U-200:PCSCF,SCSCF,B:SCSCF,MTAS,B:MTAS,SCSCF,B:SCSCF,PCSCF,B:PCSCF,SCSCF,B-200:SCSCF,MTAS,B-200:MTAS,SCSCF,B-200:SCSCF,PCSCF,B-200"
602,0,0,"GTW,ICSCF,I:ICSCF,GTW,T:SCSCF,ASLI,I:ASLI,SCSCF,T:ASLI,SCSCF,I-500:SCSCF,ASLI,A:SCSCF,MTAS,I:MTAS,SCSCF,T:MTAS,SCSCF,I:SCSCF,MTAS,T:SCSCF,PCSCF,I:PCSCF,SCSCF,T:PCSCF,SCSCF,R:SCSCF,MTAS,R:MTAS,SCSCF,R:ICSCF,GTW,R:GTW,SCSCF,P:SCSCF,MTAS,P:MTAS,SCSCF,P:SCSCF,PCSCF,P:PCSCF,SCSCF,P-200:MTAS,SCSCF,P-200:SCSCF,MTAS,P-200:SCSCF,GTW,P-200:PCSCF,SCSCF,I-200:SCSCF,MTAS,I-200:MTAS,SCSCF,I-200:ICSCF,GTW,I-200:GTW,SCSCF,A:SCSCF,MTAS,A:MTAS,SCSCF,A:SCSCF,PCSCF,A:GTW,SCSCF,B:SCSCF,MTAS,B:MTAS,SCSCF,B:SCSCF,PCSCF,B:PCSCF,SCSCF,B-200:SCSCF,MTAS,B-200:MTAS,SCSCF,B-200:SCSCF,GTW,B-200"
603,0,0,"GTW,ICSCF,I:ICSCF,GTW,T:SCSCF,ASLI,I:ASLI,SCSCF,T:ASLI,SCSCF,I-500:SCSCF,ASLI,A:SCSCF,MTAS,I:MTAS,SCSCF,T:MTAS,SCSCF,W:ICSCF,GTW,W:MTAS,SCSCF,I:SCSCF,MTAS,T:SCSCF,GTW,I:GTW,SCSCF,T:GTW,SCSCF,I-486:SCSCF,GTW,A:SCSCF,MTAS,I-486:MTAS,SCSCF,A:MTAS,SCSCF,I-486:SCSCF,MTAS,A:ICSCF,GTW,I-486:GTW,ICSCF,A"
604,0,0,"PCSCF,SCSCF,I:SCSCF,PCSCF,T:SCSCF,ASLI,I:ASLI,SCSCF,T:ASLI,SCSCF,I-500:SCSCF,ASLI,A:MTAS,SCSCF,I:SCSCF,MTAS,T:SCSCF,GTW,I:GTW,SCSCF,T:GTW,SCSCF,S:SCSCF,MTAS,S:SCSCF,PCSCF,S:PCSCF,SCSCF,P:SCSCF,MTAS,P:MTAS,SCSCF,P:SCSCF,GTW,P:GTW,SCSCF,P-200:SCSCF,MTAS,P-200:MTAS,SCSCF,P-200:SCSCF,PCSCF,P-200:GTW,SCSCF,S:SCSCF,MTAS,S:SCSCF,PCSCF,S:PCSCF,SCSCF,P:SCSCF,MTAS,P:MTAS,SCSCF,P:SCSCF,GTW,P:GTW,SCSCF,P-200:SCSCF,MTAS,P-200:MTAS,SCSCF,P-200:GTW,SCSCF,R:SCSCF,MTAS,R:SCSCF,PCSCF,P-200:SCSCF,PCSCF,R:PCSCF,SCSCF,P:SCSCF,MTAS,P:MTAS,SCSCF,P:SCSCF,GTW,P:GTW,SCSCF,P-200:SCSCF,MTAS,P-200:MTAS,SCSCF,P-200:SCSCF,PCSCF,P-200:PCSCF,SCSCF,C:SCSCF,PCSCF,C-200:MTAS,SCSCF,C:SCSCF,MTAS,C-200:SCSCF,GTW,C:GTW,SCSCF,C-200:GTW,SCSCF,I-487:SCSCF,GTW,A:SCSCF,MTAS,I-487:MTAS,SCSCF,A:SCSCF,PCSCF,I-487:PCSCF,SCSCF,A"
605,0,0,"PCSCF,SCSCF,I:SCSCF,PCSCF,T:SCSCF,PCSCF,I-407:PCSCF,SCSCF,A:PCSCF,SCSCF,I:SCSCF,ASLI,I:ASLI,SCSCF,T:ASLI,SCSCF,I-500:SCSCF,ASLI,A:MTAS,SCSCF,I:SCSCF,MTAS,T:SCSCF,GTW,I:GTW,SCSCF,T:SCSCF,PCSCF,T:GTW,SCSCF,I-486:SCSCF,GTW,A:SCSCF,MTAS,I-486:MTAS,SCSCF,A:SCSCF,PCSCF,I-486:PCSCF,SCSCF,A"
606,0,0,"GTW,ICSCF,I:ICSCF,GTW,T:SCSCF,ASLI,I:ASLI,SCSCF,T:ASLI,SCSCF,I-500:SCSCF,ASLI,A:SCSCF,MTAS,I:MTAS,SCSCF,T:MTAS,SCSCF,I:SCSCF,MTAS,T:SCSCF,PCSCF,I:PCSCF,SCSCF,T:PCSCF,SCSCF,R:SCSCF,MTAS,R:MTAS,SCSCF,R:ICSCF,GTW,R:GTW,SCSCF,P:SCSCF,MTAS,P:MTAS,SCSCF,P:SCSCF,PCSCF,P:PCSCF,SCSCF,P-200:SCSCF,MTAS,P-200:MTAS,SCSCF,P-200:SCSCF,GTW,P-200:MTAS,SCSCF,C:SCSCF,MTAS,C-200:SCSCF,PCSCF,C:PCSCF,SCSCF,C-200:PCSCF,SCSCF,I-487:SCSCF,PCSCF,A:SCSCF,MTAS,I-487:MTAS,SCSCF,A:MTAS,SCSCF,W:ICSCF,GTW,W:MTAS,SCSCF,S:ICSCF,GTW,S:GTW,SCSCF,P:SCSCF,MTAS,P:MTAS,SCSCF,P-200:SCSCF,GTW,P-200:MTAS,SCSCF,S:ICSCF,GTW,S:GTW,SCSCF,P:SCSCF,MTAS,P:MTAS,SCSCF,P-200:SCSCF,GTW,P-200:MTAS,SCSCF,S:ICSCF,GTW,S:GTW,SCSCF,P:SCSCF,MTAS,P:MTAS,SCSCF,P-200:SCSCF,GTW,P-200:MTAS,SCSCF,R:ICSCF,GTW,R:GTW,SCSCF,P:SCSCF,MTAS,P:MTAS,SCSCF,P-200:SCSCF,GTW,P-200:MTAS,SCSCF,I-200:ICSCF,GTW,I-200:GTW,SCSCF,A:SCSCF,MTAS,A:MTAS,SCSCF,B:SCSCF,GTW,B:GTW,SCSCF,B-200:SCSCF,MTAS,B-200"
607,0,0,"PCSCF,SCSCF,I:SCSCF,ASLI,I:ASLI,SCSCF,T:ASLI,SCSCF,I-500:SCSCF,ASLI,A:SCSCF,PCSCF,T:MTAS,SCSCF,I:SCSCF,MTAS,T:SCSCF,GTW,I:GTW,SCSCF,T:GTW,SCSCF,I-200:SCSCF,MTAS,I-200:SCSCF,PCSCF,I-200:PCSCF,SCSCF,A:SCSCF,MTAS,A:MTAS,SCSCF,A:SCSCF,GTW,A:PCSCF,SCSCF,B:MTAS,SCSCF,B:SCSCF,GTW,B:GTW,SCSCF,B-200:SCSCF,MTAS,B-200:SCSCF,PCSCF,B-200"
608,0,0,"PCSCF,SCSCF,I:SCSCF,PCSCF,T:SCSCF,ASLI,I:ASLI,SCSCF,T:ASLI,SCSCF,I-500:SCSCF,ASLI,A:MTAS,SCSCF,I:SCSCF,MTAS,T:SCSCF,GTW,I:GTW,SCSCF,T:GTW,SCSCF,R:SCSCF,MTAS,R:SCSCF,PCSCF,R:PCSCF,SCSCF,P:MTAS,SCSCF,P:SCSCF,GTW,P:GTW,SCSCF,P-200:SCSCF,MTAS,P-200:SCSCF,PCSCF,P-200:GTW,SCSCF,I-200:SCSCF,MTAS,I-200:SCSCF,PCSCF,I-200:PCSCF,SCSCF,A:SCSCF,MTAS,A:MTAS,SCSCF,A:SCSCF,GTW,A:MTAS,SCSCF,U:SCSCF,GTW,U:GTW,SCSCF,U-200:SCSCF,MTAS,U-200:SCSCF,PCSCF,U:PCSCF,SCSCF,U-200:SCSCF,MTAS,U-200:GTW,SCSCF,B:MTAS,SCSCF,B:SCSCF,PCSCF,B:PCSCF,SCSCF,B-200:SCSCF,MTAS,B-200:SCSCF,GTW,B-200"
609,0,0,"PCSCF,SCSCF,I:SCSCF,PCSCF,T:SCSCF,ASLI,I:ASLI,SCSCF,T:ASLI,SCSCF,I-500:MTAS,SCSCF,I:SCSCF,MTAS,T:SCSCF,ASLI,A:SCSCF,GTW,I:GTW,SCSCF,T:GTW,SCSCF,R:SCSCF,MTAS,R:SCSCF,PCSCF,R:PCSCF,SCSCF,P:MTAS,SCSCF,P:SCSCF,GTW,P:GTW,SCSCF,P-200:SCSCF,MTAS,P-200:SCSCF,PCSCF,P-200:GTW,SCSCF,I-200:SCSCF,MTAS,I-200:SCSCF,PCSCF,I-200:PCSCF,SCSCF,A:SCSCF,MTAS,A:MTAS,SCSCF,A:SCSCF,GTW,A:PCSCF,SCSCF,B:MTAS,SCSCF,B:SCSCF,GTW,B:GTW,SCSCF,B-200:SCSCF,MTAS,B-200:SCSCF,PCSCF,B-200"
610,0,0,"PCSCF,SCSCF,I:SCSCF,ASLI,I:ASLI,SCSCF,T:ASLI,SCSCF,I-500:SCSCF,ASLI,A:SCSCF,PCSCF,T:MTAS,SCSCF,I:SCSCF,MTAS,T:SCSCF,GTW,I:GTW,SCSCF,T:GTW,SCSCF,S:SCSCF,MTAS,S:SCSCF,PCSCF,S:PCSCF,SCSCF,P:SCSCF,MTAS,P:MTAS,SCSCF,P:SCSCF,GTW,P:GTW,SCSCF,P-200:GTW,SCSCF,S:SCSCF,MTAS,S:SCSCF,MTAS,P-200:MTAS,SCSCF,P-200:SCSCF,PCSCF,P-200:SCSCF,PCSCF,S:PCSCF,SCSCF,P:SCSCF,MTAS,P:MTAS,SCSCF,P:SCSCF,GTW,P:GTW,SCSCF,P-200:SCSCF,MTAS,P-200:MTAS,SCSCF,P-200:SCSCF,PCSCF,P-200:GTW,SCSCF,R:SCSCF,MTAS,R:SCSCF,PCSCF,R:PCSCF,SCSCF,P:SCSCF,MTAS,P:MTAS,SCSCF,P:SCSCF,GTW,P:GTW,SCSCF,P-200:SCSCF,MTAS,P-200:MTAS,SCSCF,P-200:SCSCF,PCSCF,P-200:GTW,SCSCF,I-200:SCSCF,MTAS,I-200:SCSCF,PCSCF,I-200:PCSCF,SCSCF,A:SCSCF,MTAS,A:MTAS,SCSCF,A:SCSCF,GTW,A:GTW,SCSCF,B:MTAS,SCSCF,B:SCSCF,PCSCF,B:PCSCF,SCSCF,B-200:SCSCF,MTAS,B-200:SCSCF,GTW,B-200"
611,0,0,"PCSCF,SCSCF,I:SCSCF,ASLI,I:SCSCF,PCSCF,T:ASLI,SCSCF,T:ASLI,SCSCF,I-500:SCSCF,ASLI,A:MTAS,SCSCF,I:SCSCF,MTAS,T:SCSCF,GTW,I:GTW,SCSCF,T:PCSCF,SCSCF,C:SCSCF,PCSCF,C-200:MTAS,SCSCF,C:SCSCF,MTAS,C-200:SCSCF,GTW,C:GTW,SCSCF,C-200:GTW,SCSCF,I-487:SCSCF,GTW,A:SCSCF,MTAS,I-487:MTAS,SCSCF,A:SCSCF,PCSCF,I-487:PCSCF,SCSCF,A"
612,0,0,"PCSCF,SCSCF,I:SCSCF,PCSCF,T:SCSCF,ASLI,I:ASLI,SCSCF,T:ASLI,SCSCF,I-500:MTAS,SCSCF,I:SCSCF,ASLI,A:SCSCF,MTAS,T:SCSCF,GTW,I:GTW,SCSCF,T:GTW,SCSCF,R:SCSCF,MTAS,R:SCSCF,PCSCF,R:PCSCF,SCSCF,P:MTAS,SCSCF,P:SCSCF,GTW,P:GTW,SCSCF,P-200:GTW,SCSCF,I-200:SCSCF,MTAS,I-200:SCSCF,MTAS,P-200:SCSCF,PCSCF,I-200:SCSCF,PCSCF,P-200:PCSCF,SCSCF,A:SCSCF,MTAS,A:MTAS,SCSCF,A:SCSCF,GTW,A:MTAS,SCSCF,U:SCSCF,GTW,U:GTW,SCSCF,U-200:SCSCF,MTAS,U-200:SCSCF,PCSCF,U:PCSCF,SCSCF,U-200:SCSCF,MTAS,U-200:MTAS,SCSCF,U:SCSCF,GTW,U:GTW,SCSCF,U-200:SCSCF,MTAS,U-200:MTAS,SCSCF,U:SCSCF,PCSCF,U:PCSCF,SCSCF,U-200:SCSCF,MTAS,U-200:GTW,SCSCF,B:MTAS,SCSCF,B:SCSCF,PCSCF,B:PCSCF,SCSCF,B-200:SCSCF,MTAS,B-200:SCSCF,GTW,B-200"
613,0,0,"GTW,ICSCF,I:ICSCF,GTW,T:SCSCF,ASLI,I:ASLI,SCSCF,T:ASLI,SCSCF,I-500:SCSCF,ASLI,A:SCSCF,MTAS,I:MTAS,SCSCF,T:MTAS,SCSCF,I:SCSCF,MTAS,T:SCSCF,PCSCF,I:PCSCF,SCSCF,T:PCSCF,SCSCF,R:SCSCF,MTAS,R:MTAS,SCSCF,R:ICSCF,GTW,R:GTW,SCSCF,P:SCSCF,MTAS,P:MTAS,SCSCF,P:SCSCF,PCSCF,P:PCSCF,SCSCF,P-200:SCSCF,MTAS,P-200:MTAS,SCSCF,P-200:SCSCF,GTW,P-200:PCSCF,SCSCF,I-200:SCSCF,MTAS,I-200:MTAS,SCSCF,I-200:ICSCF,GTW,I-200:GTW,SCSCF,A:SCSCF,MTAS,A:MTAS,SCSCF,A:SCSCF,PCSCF,A:MTAS,SCSCF,U:SCSCF,PCSCF,U:PCSCF,SCSCF,U-200:SCSCF,MTAS,U-200:MTAS,SCSCF,U:SCSCF,GTW,U:GTW,SCSCF,U-200:SCSCF,MTAS,U-200:MTAS,SCSCF,U:SCSCF,PCSCF,U:PCSCF,SCSCF,U-200:SCSCF,MTAS,U-200:MTAS,SCSCF,U:SCSCF,GTW,U:GTW,SCSCF,U-200:SCSCF,MTAS,U-200:MTAS,SCSCF,U:SCSCF,PCSCF,U:PCSCF,SCSCF,U-200:SCSCF,MTAS,U-200:MTAS,SCSCF,U:SCSCF,GTW,U:GTW,SCSCF,U-200:SCSCF,MTAS,U-200:GTW,SCSCF,B:SCSCF,MTAS,B:MTAS,SCSCF,B:SCSCF,PCSCF,B:PCSCF,SCSCF,B-200:SCSCF,MTAS,B-200:MTAS,SCSCF,B-200:SCSCF,GTW,B-200"
614,0,0,"GTW,ICSCF,I:ICSCF,GTW,T:SCSCF,ASLI,I:ASLI,SCSCF,T:ASLI,SCSCF,I-500:SCSCF,ASLI,A:SCSCF,MTAS,I:MTAS,SCSCF,T:MTAS,SCSCF,I:SCSCF,MTAS,T:SCSCF,PCSCF,I:PCSCF,SCSCF,T:PCSCF,SCSCF,R:SCSCF,MTAS,R:MTAS,SCSCF,R:ICSCF,GTW,R:GTW,SCSCF,P:SCSCF,MTAS,P:MTAS,SCSCF,P:SCSCF,PCSCF,P:PCSCF,SCSCF,P-200:SCSCF,MTAS,P-200:MTAS,SCSCF,P-200:SCSCF,GTW,P-200:PCSCF,SCSCF,I-200:SCSCF,MTAS,I-200:MTAS,SCSCF,I-200:ICSCF,GTW,I-200:GTW,SCSCF,A:SCSCF,MTAS,A:MTAS,SCSCF,A:SCSCF,PCSCF,A:GTW,SCSCF,B:SCSCF,MTAS,B:MTAS,SCSCF,B:SCSCF,PCSCF,B:PCSCF,SCSCF,B:PCSCF,SCSCF,B-200:SCSCF,MTAS,B-200:SCSCF,PCSCF,B-481:MTAS,SCSCF,B-200:SCSCF,GTW,B-200"
615,0,0,"PCSCF,SCSCF,I:SCSCF,ASLI,I:ASLI,SCSCF,T:SCSCF,PCSCF,T:ASLI,SCSCF,I-500:SCSCF,ASLI,A:MTAS,SCSCF,I:SCSCF,MTAS,T:SCSCF,GTW,I:GTW,SCSCF,T:GTW,SCSCF,S:SCSCF,MTAS,S:SCSCF,PCSCF,S:PCSCF,SCSCF,P:MTAS,SCSCF,P:SCSCF,GTW,P:GTW,SCSCF,P-200:SCSCF,MTAS,P-200:SCSCF,PCSCF,P-200:GTW,SCSCF,I-200:SCSCF,MTAS,I-200:SCSCF,PCSCF,I-200:PCSCF,SCSCF,A:SCSCF,MTAS,A:MTAS,SCSCF,A:SCSCF,GTW,A:PCSCF,SCSCF,B:SCSCF,MTAS,B:MTAS,SCSCF,B:SCSCF,GTW,B:GTW,SCSCF,B-200:SCSCF,MTAS,B-200:MTAS,SCSCF,B-200:SCSCF,PCSCF,B-200"
616,0,0,"PCSCF,SCSCF,I:SCSCF,PCSCF,T:SCSCF,ASLI,I:ASLI,SCSCF,T:ASLI,SCSCF,I-500:SCSCF,ASLI,A:MTAS,SCSCF,I:SCSCF,MTAS,T:SCSCF,GTW,I:GTW,SCSCF,T:GTW,SCSCF,S:SCSCF,MTAS,S:SCSCF,PCSCF,S:PCSCF,SCSCF,P:SCSCF,MTAS,P:MTAS,SCSCF,P:SCSCF,GTW,P:GTW,SCSCF,P-200:GTW,SCSCF,R:SCSCF,MTAS,R:SCSCF,MTAS,P-200:MTAS,SCSCF,P-200:SCSCF,PCSCF,P-200:SCSCF,PCSCF,R:PCSCF,SCSCF,P:SCSCF,MTAS,P:MTAS,SCSCF,P:SCSCF,GTW,P:GTW,SCSCF,P-200:SCSCF,MTAS,P-200:MTAS,SCSCF,P-200:SCSCF,PCSCF,P-200:GTW,SCSCF,I-200:SCSCF,MTAS,I-200:SCSCF,PCSCF,I-200:PCSCF,SCSCF,A:SCSCF,MTAS,A:MTAS,SCSCF,A:SCSCF,GTW,A:PCSCF,SCSCF,B:SCSCF,MTAS,B:MTAS,SCSCF,B:SCSCF,GTW,B:GTW,SCSCF,B-200:SCSCF,MTAS,B-200:MTAS,SCSCF,B-200:SCSCF,PCSCF,B-200"
617,0,0,"GTW,ICSCF,I:ICSCF,GTW,T:SCSCF,ASLI,I:ASLI,SCSCF,T:ASLI,SCSCF,I-500:SCSCF,MTAS,I:MTAS,SCSCF,T:MTAS,SCSCF,I:SCSCF,MTAS,T:SCSCF,ASLI,A:SCSCF,PCSCF,I:PCSCF,SCSCF,T:PCSCF,SCSCF,R:SCSCF,MTAS,R:MTAS,SCSCF,R:ICSCF,GTW,R:GTW,SCSCF,P:SCSCF,MTAS,P:MTAS,SCSCF,P:SCSCF,PCSCF,P:PCSCF,SCSCF,P-200:SCSCF,MTAS,P-200:MTAS,SCSCF,P-200:SCSCF,GTW,P-200:PCSCF,SCSCF,I-200:SCSCF,MTAS,I-200:MTAS,SCSCF,I-200:ICSCF,GTW,I-200:GTW,SCSCF,A:SCSCF,MTAS,A:MTAS,SCSCF,A:SCSCF,PCSCF,A:GTW,SCSCF,B:SCSCF,MTAS,B:MTAS,SCSCF,B:SCSCF,PCSCF,B:PCSCF,SCSCF,B-200:SCSCF,MTAS,B-200:MTAS,SCSCF,B-200:SCSCF,GTW,B-200"
618,0,0,"PCSCF,SCSCF,I:SCSCF,PCSCF,T:SCSCF,PCSCF,I-407:PCSCF,SCSCF,A:PCSCF,SCSCF,I:SCSCF,PCSCF,T:SCSCF,ASLI,I:ASLI,SCSCF,T:ASLI,SCSCF,I-500:SCSCF,ASLI,A:MTAS,SCSCF,I:SCSCF,MTAS,T:SCSCF,GTW,I:GTW,SCSCF,T:PCSCF,SCSCF,C:SCSCF,PCSCF,C-200:MTAS,SCSCF,C:SCSCF,MTAS,C-200:SCSCF,GTW,C:GTW,SCSCF,C-200:GTW,SCSCF,I-487:SCSCF,GTW,A:SCSCF,MTAS,I-487:MTAS,SCSCF,A:SCSCF,PCSCF,I-487:PCSCF,SCSCF,A"
619,0,0,"PCSCF,SCSCF,I:SCSCF,ASLI,I:ASLI,SCSCF,T:ASLI,SCSCF,I-500:SCSCF,ASLI,A:MTAS,SCSCF,I:SCSCF,MTAS,T:SCSCF,PCSCF,T:SCSCF,ASLI,I:ASLI,SCSCF,T:ASLI,SCSCF,I-500:SCSCF,ASLI,A:SCSCF,MTAS,I:MTAS,SCSCF,T:MTAS,SCSCF,I-486:SCSCF,MTAS,A:SCSCF,MTAS,I-486:MTAS,SCSCF,A:SCSCF,PCSCF,S:PCSCF,SCSCF,P:SCSCF,PCSCF,P-200:PCSCF,SCSCF,C:SCSCF,PCSCF,C-200:SCSCF,PCSCF,I-487:PCSCF,SCSCF,A"
620,0,0,"GTW,ICSCF,I:ICSCF,GTW,T:SCSCF,ASLI,I:ASLI,SCSCF,T:ASLI,SCSCF,I-500:SCSCF,ASLI,A:SCSCF,MTAS,I:MTAS,SCSCF,T:MTAS,SCSCF,I:SCSCF,MTAS,T:SCSCF,PCSCF,I:PCSCF,SCSCF,T:PCSCF,SCSCF,R:SCSCF,MTAS,R:MTAS,SCSCF,R:ICSCF,GTW,R:GTW,SCSCF,P:SCSCF,MTAS,P:MTAS,SCSCF,P:SCSCF,PCSCF,P:PCSCF,SCSCF,P-200:SCSCF,MTAS,P-200:MTAS,SCSCF,P-200:SCSCF,GTW,P-200:PCSCF,SCSCF,I-200:SCSCF,MTAS,I-200:MTAS,SCSCF,I-200:ICSCF,GTW,I-200:GTW,SCSCF,A:SCSCF,MTAS,A:MTAS,SCSCF,A:SCSCF,PCSCF,A:MTAS,SCSCF,U:SCSCF,GTW,U:GTW,SCSCF,U-200:SCSCF,PCSCF,U:SCSCF,MTAS,U-200:PCSCF,SCSCF,U-200:SCSCF,MTAS,U-200:MTAS,SCSCF,U:SCSCF,GTW,U:GTW,SCSCF,U-200:SCSCF,MTAS,U-200:MTAS,SCSCF,U:SCSCF,PCSCF,U:PCSCF,SCSCF,U-200:SCSCF,MTAS,U-200:MTAS,SCSCF,U:SCSCF,GTW,U:GTW,SCSCF,U-200:SCSCF,PCSCF,U:PCSCF,SCSCF,U-200:SCSCF,MTAS,U-200:MTAS,SCSCF,U:SCSCF,MTAS,U-200:MTAS,SCSCF,U:SCSCF,GTW,U:GTW,SCSCF,U-200:SCSCF,MTAS,U-200:SCSCF,PCSCF,U:PCSCF,SCSCF,U-200:SCSCF,MTAS,U-200:MTAS,SCSCF,U:SCSCF,GTW,U:SCSCF,PCSCF,U:GTW,SCSCF,U-200:SCSCF,MTAS,U-200:PCSCF,SCSCF,U-200:SCSCF,MTAS,U-200:PCSCF,SCSCF,B:SCSCF,MTAS,B:MTAS,SCSCF,B:SCSCF,GTW,B:GTW,SCSCF,B-200:SCSCF,MTAS,B-200:MTAS,SCSCF,B-200:SCSCF,PCSCF,B-200"
621,0,0,"PCSCF,SCSCF,I:SCSCF,PCSCF,T:SCSCF,PCSCF,I-407:PCSCF,SCSCF,A:PCSCF,SCSCF,I:SCSCF,PCSCF,T:SCSCF,ASLI,I:ASLI,SCSCF,T:ASLI,SCSCF,I-500:SCSCF,ASLI,A:MTAS,SCSCF,I:SCSCF,MTAS,T:SCSCF,GTW,I:GTW,SCSCF,T:GTW,SCSCF,S:SCSCF,MTAS,S:SCSCF,PCSCF,S:PCSCF,SCSCF,P:MTAS,SCSCF,P:SCSCF,GTW,P:GTW,SCSCF,P-200:SCSCF,MTAS,P-200:SCSCF,PCSCF,P-200:GTW,SCSCF,S:SCSCF,MTAS,S:SCSCF,PCSCF,S:PCSCF,SCSCF,P:MTAS,SCSCF,P:SCSCF,GTW,P:GTW,SCSCF,P-200:SCSCF,MTAS,P-200:SCSCF,PCSCF,P-200:GTW,SCSCF,I-480:SCSCF,GTW,A:SCSCF,MTAS,I-480:MTAS,SCSCF,A:SCSCF,PCSCF,I-480:PCSCF,SCSCF,A"
622,0,0,"GTW,ICSCF,I:ICSCF,GTW,T:SCSCF,ASLI,I:ASLI,SCSCF,T:ASLI,SCSCF,I-500:SCSCF,MTAS,I:SCSCF,ASLI,A:MTAS,SCSCF,T:MTAS,SCSCF,I:SCSCF,MTAS,T:SCSCF,PCSCF,I:PCSCF,SCSCF,T:PCSCF,SCSCF,R:SCSCF,MTAS,R:MTAS,SCSCF,R:ICSCF,GTW,R:GTW,SCSCF,P:SCSCF,MTAS,P:MTAS,SCSCF,P:SCSCF,PCSCF,P:SCSCF,MTAS,P-200:PCSCF,SCSCF,P-200:MTAS,SCSCF,P-200:SCSCF,GTW,P-200:PCSCF,SCSCF,I-200:SCSCF,MTAS,I-200:MTAS,SCSCF,I-200:ICSCF,GTW,I-200:GTW,SCSCF,A:SCSCF,MTAS,A:MTAS,SCSCF,A:SCSCF,PCSCF,A:PCSCF,SCSCF,B:SCSCF,MTAS,B:MTAS,SCSCF,B:SCSCF,GTW,B:GTW,SCSCF,B-200:SCSCF,MTAS,B-200:MTAS,SCSCF,B-200:SCSCF,PCSCF,B-200"
623,0,0,"MTAS,SCSCF,I:SCSCF,MTAS,T:SCSCF,PCSCF,I:PCSCF,SCSCF,T:PCSCF,SCSCF,R:SCSCF,MTAS,R:MTAS,SCSCF,P:SCSCF,PCSCF,P:PCSCF,SCSCF,P-200:SCSCF,MTAS,P-200:PCSCF,SCSCF,I-200:SCSCF,MTAS,I-200:MTAS,SCSCF,A:SCSCF,PCSCF,A:PCSCF,SCSCF,B:SCSCF,MTAS,B:MTAS,SCSCF,B-200:SCSCF,PCSCF,B-200"
624,0,0,"GTW,ICSCF,I:ICSCF,GTW,T:SCSCF,ASLI,I:ASLI,SCSCF,T:ASLI,SCSCF,I-500:SCSCF,ASLI,A:SCSCF,MTAS,I:MTAS,SCSCF,T:MTAS,SCSCF,I:SCSCF,MTAS,T:SCSCF,PCSCF,I:PCSCF,SCSCF,T:PCSCF,SCSCF,R:SCSCF,MTAS,R:PCSCF,SCSCF,I-488:SCSCF,PCSCF,A:SCSCF,MTAS,I-488:MTAS,SCSCF,A:MTAS,SCSCF,R:MTAS,SCSCF,I-488:ICSCF,GTW,R:SCSCF,MTAS,A:ICSCF,GTW,I-488:GTW,SCSCF,P:GTW,ICSCF,A:SCSCF,GTW,P-481:GTW,ICSCF,C:ICSCF,GTW,C-200"
625,0,0,"PCSCF,SCSCF,I:SCSCF,PCSCF,T:SCSCF,BCCAS,I:BCCAS,SCSCF,T:BCCAS,SCSCF,I-500:SCSCF,BCCAS,A:SCSCF,ASLI,I:ASLI,SCSCF,T:ASLI,SCSCF,I-500:SCSCF,ASLI,A:SCSCF,BCCAS,I:BCCAS,SCSCF,T:BCCAS,SCSCF,I:SCSCF,BCCAS,T:SCSCF,GTW,I:GTW,SCSCF,T:GTW,SCSCF,S:SCSCF,BCCAS,S:BCCAS,SCSCF,S:SCSCF,PCSCF,S:PCSCF,SCSCF,P:SCSCF,BCCAS,P:BCCAS,SCSCF,P:SCSCF,GTW,P:GTW,SCSCF,P-200:GTW,SCSCF,R:SCSCF,BCCAS,R:SCSCF,BCCAS,P-200:BCCAS,SCSCF,P-200:BCCAS,SCSCF,R:SCSCF,PCSCF,P-200:SCSCF,PCSCF,R:PCSCF,SCSCF,P:SCSCF,BCCAS,P:BCCAS,SCSCF,P:SCSCF,GTW,P:GTW,SCSCF,P-200:SCSCF,BCCAS,P-200:BCCAS,SCSCF,P-200:SCSCF,PCSCF,P-200:GTW,SCSCF,I-200:SCSCF,BCCAS,I-200:BCCAS,SCSCF,I-200:SCSCF,PCSCF,I-200:PCSCF,SCSCF,A:SCSCF,BCCAS,A:BCCAS,SCSCF,A:SCSCF,GTW,A:PCSCF,SCSCF,B:SCSCF,BCCAS,B:BCCAS,SCSCF,B:SCSCF,GTW,B:GTW,SCSCF,B-200:SCSCF,BCCAS,B-200:BCCAS,SCSCF,B-200:SCSCF,PCSCF,B-200"
626,0,0,"GTW,ICSCF,I:ICSCF,GTW,T:SCSCF,ASLI,I:ASLI,SCSCF,T:ASLI,SCSCF,I-500:SCSCF,ASLI,A:SCSCF,MTAS,I:MTAS,SCSCF,T:MTAS,SCSCF,I:SCSCF,MTAS,T:SCSCF,PCSCF,I:PCSCF,SCSCF,T:PCSCF,SCSCF,R:SCSCF,MTAS,R:MTAS,SCSCF,R:ICSCF,GTW,R:GTW,SCSCF,P:SCSCF,MTAS,P:MTAS,SCSCF,P:SCSCF,PCSCF,P:PCSCF,SCSCF,P-200:SCSCF,MTAS,P-200:MTAS,SCSCF,P-200:SCSCF,GTW,P-200:PCSCF,SCSCF,I-200:SCSCF,MTAS,I-200:MTAS,SCSCF,I-200:ICSCF,GTW,I-200:GTW,SCSCF,A:SCSCF,MTAS,A:MTAS,SCSCF,A:SCSCF,PCSCF,A:MTAS,SCSCF,U:SCSCF,PCSCF,U:SCSCF,GTW,U:GTW,SCSCF,U-200:SCSCF,MTAS,U-200:PCSCF,SCSCF,U-200:SCSCF,MTAS,U-200:MTAS,SCSCF,U:SCSCF,GTW,U:GTW,SCSCF,U-200:SCSCF,MTAS,U-200:MTAS,SCSCF,U:SCSCF,PCSCF,U:PCSCF,SCSCF,U-200:SCSCF,MTAS,U-200:MTAS,SCSCF,U:SCSCF,GTW,U:GTW,SCSCF,U-200:SCSCF,MTAS,U-200:MTAS,SCSCF,U:SCSCF,PCSCF,U:PCSCF,SCSCF,U-200:SCSCF,MTAS,U-200:PCSCF,SCSCF,B:SCSCF,MTAS,B:MTAS,SCSCF,B:SCSCF,GTW,B:GTW,SCSCF,B:SCSCF,MTAS,B:MTAS,SCSCF,B-200:GTW,SCSCF,B-200:SCSCF,GTW,B-200:SCSCF,MTAS,B-200:MTAS,SCSCF,B-200:SCSCF,PCSCF,B-200"
627,0,0,"PCSCF,SCSCF,I:SCSCF,PCSCF,T:SCSCF,PCSCF,I-407:PCSCF,SCSCF,A:PCSCF,SCSCF,I:SCSCF,PCSCF,T:SCSCF,ASLI,I:ASLI,SCSCF,T:ASLI,SCSCF,I-500:SCSCF,ASLI,A:MTAS,SCSCF,I:SCSCF,MTAS,T:SCSCF,GTW,I:GTW,SCSCF,T:GTW,SCSCF,S:SCSCF,MTAS,S:SCSCF,PCSCF,S:PCSCF,SCSCF,P:SCSCF,MTAS,P:MTAS,SCSCF,P:SCSCF,GTW,P:GTW,SCSCF,P-200:SCSCF,MTAS,P-200:MTAS,SCSCF,P-200:SCSCF,PCSCF,P-200:GTW,SCSCF,R:SCSCF,MTAS,R:SCSCF,PCSCF,R:GTW,SCSCF,I-480:SCSCF,GTW,A:SCSCF,MTAS,I-480:MTAS,SCSCF,A:PCSCF,SCSCF,P:SCSCF,MTAS,P:SCSCF,PCSCF,I-480:PCSCF,SCSCF,A:SCSCF,MTAS,P:MTAS,SCSCF,P-481:SCSCF,PCSCF,P-481"
628,0,0,"PCSCF,SCSCF,I:SCSCF,PCSCF,T:SCSCF,PCSCF,I-407:PCSCF,SCSCF,A:PCSCF,SCSCF,I:SCSCF,PCSCF,T:SCSCF,ASLI,I:ASLI,SCSCF,T:ASLI,SCSCF,I-500:SCSCF,ASLI,A:MTAS,SCSCF,I:SCSCF,MTAS,T:SCSCF,GTW,I:GTW,SCSCF,T:GTW,SCSCF,R:SCSCF,MTAS,R:SCSCF,PCSCF,R:PCSCF,SCSCF,P:MTAS,SCSCF,P:SCSCF,GTW,P:GTW,SCSCF,P-200:SCSCF,MTAS,P-200:SCSCF,PCSCF,P-200:GTW,SCSCF,I-200:SCSCF,MTAS,I-200:SCSCF,PCSCF,I-200:PCSCF,SCSCF,A:SCSCF,MTAS,A:MTAS,SCSCF,A:SCSCF,GTW,A:MTAS,SCSCF,U:SCSCF,GTW,U:GTW,SCSCF,U-200:SCSCF,MTAS,U-200:SCSCF,PCSCF,U:PCSCF,SCSCF,U-200:SCSCF,MTAS,U-200:MTAS,SCSCF,U:SCSCF,GTW,U:GTW,SCSCF,U-200:SCSCF,MTAS,U-200:MTAS,SCSCF,U:SCSCF,PCSCF,U:PCSCF,SCSCF,U-200:SCSCF,MTAS,U-200:PCSCF,SCSCF,B:MTAS,SCSCF,B:SCSCF,GTW,B:GTW,SCSCF,B-200:SCSCF,MTAS,B-200:SCSCF,PCSCF,B-200"
629,0,0,"PCSCF,SCSCF,I:SCSCF,PCSCF,T:SCSCF,ASLI,I:ASLI,SCSCF,T:ASLI,SCSCF,I-500:SCSCF,ASLI,A:MTAS,SCSCF,I:SCSCF,MTAS,T:SCSCF,GTW,I:GTW,SCSCF,T:GTW,SCSCF,S:SCSCF,MTAS,S:SCSCF,PCSCF,S:PCSCF,SCSCF,P:MTAS,SCSCF,P:SCSCF,GTW,P:GTW,SCSCF,P-200:GTW,SCSCF,S:SCSCF,MTAS,P-200:SCSCF,PCSCF,P-200:SCSCF,MTAS,S:SCSCF,PCSCF,S:PCSCF,SCSCF,P:MTAS,SCSCF,P:SCSCF,GTW,P:GTW,SCSCF,P-200:SCSCF,MTAS,P-200:SCSCF,PCSCF,P-200:GTW,SCSCF,I-200:SCSCF,MTAS,I-200:SCSCF,PCSCF,I-200:PCSCF,SCSCF,A:SCSCF,MTAS,A:MTAS,SCSCF,A:SCSCF,GTW,T:SCSCF,GTW,A:GTW,SCSCF,I:MTAS,SCSCF,I:SCSCF,MTAS,T:SCSCF,PCSCF,I:PCSCF,SCSCF,I-200:SCSCF,MTAS,I-200:SCSCF,GTW,I-200:GTW,SCSCF,A:MTAS,SCSCF,A:SCSCF,PCSCF,A:PCSCF,SCSCF,B:MTAS,SCSCF,B:SCSCF,GTW,B:GTW,SCSCF,B-200:SCSCF,MTAS,B-200:SCSCF,PCSCF,B-200"
630,0,0,"PCSCF,SCSCF,I:SCSCF,PCSCF,T:SCSCF,PCSCF,I-407:PCSCF,SCSCF,A:PCSCF,SCSCF,I:SCSCF,PCSCF,T:SCSCF,ASLI,I:ASLI,SCSCF,T:ASLI,SCSCF,I-500:SCSCF,ASLI,A:MTAS,SCSCF,I:SCSCF,MTAS,T:SCSCF,GTW,I:GTW,SCSCF,T:GTW,SCSCF,R:SCSCF,MTAS,R:SCSCF,PCSCF,R:GTW,SCSCF,R:SCSCF,MTAS,R:SCSCF,PCSCF,R:GTW,SCSCF,I-200:SCSCF,MTAS,I-200:SCSCF,PCSCF,I-200:PCSCF,SCSCF,A:SCSCF,MTAS,A:MTAS,SCSCF,A:SCSCF,GTW,A:MTAS,SCSCF,U:SCSCF,GTW,U:GTW,SCSCF,U-200:SCSCF,MTAS,U-200:SCSCF,PCSCF,U:PCSCF,SCSCF,U-200:SCSCF,MTAS,U-200:MTAS,SCSCF,U:SCSCF,GTW,U:SCSCF,PCSCF,U:GTW,SCSCF,U-200:SCSCF,MTAS,U-200:PCSCF,SCSCF,U-200:SCSCF,MTAS,U-200:GTW,SCSCF,B:MTAS,SCSCF,B:SCSCF,PCSCF,B:PCSCF,SCSCF,B-200:SCSCF,MTAS,B-200:SCSCF,GTW,B-200"
631,0,0,"PCSCF,SCSCF,I:SCSCF,ASLI,I:ASLI,SCSCF,T:SCSCF,PCSCF,T:ASLI,SCSCF,I-500:SCSCF,ASLI,A:MTAS,SCSCF,I:SCSCF,MTAS,T:SCSCF,GTW,I:GTW,SCSCF,T:GTW,SCSCF,S:SCSCF,MTAS,S:SCSCF,PCSCF,S:PCSCF,SCSCF,P:SCSCF,MTAS,P:MTAS,SCSCF,P:SCSCF,GTW,P:GTW,SCSCF,P-200:SCSCF,MTAS,P-200:MTAS,SCSCF,P-200:SCSCF,PCSCF,P-200:GTW,SCSCF,R:SCSCF,MTAS,R:SCSCF,PCSCF,R:PCSCF,SCSCF,P:SCSCF,MTAS,P:MTAS,SCSCF,P:SCSCF,GTW,P:GTW,SCSCF,P-200:SCSCF,MTAS,P-200:MTAS,SCSCF,P-200:SCSCF,PCSCF,P-200:PCSCF,SCSCF,C:MTAS,SCSCF,C:SCSCF,MTAS,C-200:SCSCF,GTW,C:GTW,SCSCF,C-200:GTW,SCSCF,I-487:SCSCF,GTW,A:SCSCF,MTAS,I-487:MTAS,SCSCF,A:SCSCF,PCSCF,C-200:SCSCF,PCSCF,I-487:PCSCF,SCSCF,A"
632,0,0,"GTW,ICSCF,I:ICSCF,GTW,T:SCSCF,ASLI,I:ASLI,SCSCF,T:ASLI,SCSCF,I-500:SCSCF,ASLI,A:SCSCF,MTAS,I:MTAS,SCSCF,T:MTAS,SCSCF,I:SCSCF,MTAS,T:SCSCF,PCSCF,I:PCSCF,SCSCF,T:PCSCF,SCSCF,R:SCSCF,MTAS,R:MTAS,SCSCF,R:ICSCF,GTW,R:GTW,SCSCF,P:SCSCF,MTAS,P:MTAS,SCSCF,P:SCSCF,PCSCF,P:PCSCF,SCSCF,P-200:SCSCF,MTAS,P-200:MTAS,SCSCF,P-200:SCSCF,GTW,P-200:PCSCF,SCSCF,I-200:SCSCF,MTAS,I-200:MTAS,SCSCF,I-200:ICSCF,GTW,I-200:GTW,SCSCF,A:SCSCF,MTAS,A:MTAS,SCSCF,A:SCSCF,PCSCF,A:MTAS,SCSCF,U:SCSCF,PCSCF,U:MTAS,SCSCF,U:PCSCF,SCSCF,U-200:SCSCF,GTW,U:SCSCF,MTAS,U-200:GTW,SCSCF,U-200:SCSCF,MTAS,U-200:PCSCF,SCSCF,B:SCSCF,MTAS,B:MTAS,SCSCF,B:SCSCF,GTW,B:GTW,SCSCF,B-200:SCSCF,MTAS,B-200:MTAS,SCSCF,B-200:SCSCF,PCSCF,B-200"
633,0,0,"GTW,ICSCF,I:ICSCF,GTW,T:SCSCF,ASLI,I:ASLI,SCSCF,T:ASLI,SCSCF,I-500:SCSCF,ASLI,A:SCSCF,MTAS,I:MTAS,SCSCF,T:MTAS,SCSCF,I:SCSCF,MTAS,T:SCSCF,PCSCF,I:PCSCF,SCSCF,T:PCSCF,SCSCF,R:SCSCF,MTAS,R:MTAS,SCSCF,R:ICSCF,GTW,R:PCSCF,SCSCF,I-200:SCSCF,MTAS,I-200:MTAS,SCSCF,I-200:ICSCF,GTW,I-200:GTW,SCSCF,A:SCSCF,MTAS,A:MTAS,SCSCF,A:SCSCF,PCSCF,A:GTW,SCSCF,I:SCSCF,GTW,T:SCSCF,MTAS,I:MTAS,SCSCF,T:MTAS,SCSCF,I:SCSCF,MTAS,T:SCSCF,PCSCF,I:PCSCF,SCSCF,I-200:SCSCF,MTAS,I-200:MTAS,SCSCF,I-200:SCSCF,GTW,I-200:GTW,SCSCF,A:SCSCF,MTAS,A:MTAS,SCSCF,A:SCSCF,PCSCF,A:PCSCF,SCSCF,B:SCSCF,MTAS,B:MTAS,SCSCF,B:SCSCF,GTW,B:GTW,SCSCF,B-200:SCSCF,MTAS,B-200:MTAS,SCSCF,B-200:SCSCF,PCSCF,B-200"
634,0,0,"GTW,ICSCF,I:ICSCF,GTW,T:SCSCF,ASLI,I:ASLI,SCSCF,T:ASLI,SCSCF,I-500:SCSCF,ASLI,A:SCSCF,MTAS,I:MTAS,SCSCF,T:MTAS,SCSCF,I:SCSCF,MTAS,T:SCSCF,PCSCF,I:PCSCF,SCSCF,T:SCSCF,PCSCF,I:PCSCF,SCSCF,R:SCSCF,MTAS,R:MTAS,SCSCF,R:ICSCF,GTW,R:GTW,SCSCF,P:SCSCF,MTAS,P:MTAS,SCSCF,P:PCSCF,SCSCF,T:SCSCF,PCSCF,P:PCSCF,SCSCF,P-200:SCSCF,MTAS,P-200:MTAS,SCSCF,P-200:SCSCF,GTW,P-200:PCSCF,SCSCF,I-408:SCSCF,PCSCF,A:PCSCF,SCSCF,B:SCSCF,MTAS,B:MTAS,SCSCF,B-481:SCSCF,PCSCF,B-481:GTW,ICSCF,C:ICSCF,GTW,C-200:SCSCF,MTAS,C:MTAS,SCSCF,C-200:MTAS,SCSCF,C:SCSCF,MTAS,C-200:SCSCF,PCSCF,C:PCSCF,SCSCF,C-481:MTAS,SCSCF,I-487:SCSCF,MTAS,A:ICSCF,GTW,I-487:GTW,ICSCF,A"
635,0,0,"PCSCF,SCSCF,I:SCSCF,ASLI,I:ASLI,SCSCF,T:SCSCF,PCSCF,T:ASLI,SCSCF,I-500:SCSCF,ASLI,A:MTAS,SCSCF,I:SCSCF,MTAS,T:SCSCF,GTW,I:GTW,SCSCF,T:GTW,SCSCF,R:SCSCF,MTAS,R:SCSCF,PCSCF,R:PCSCF,SCSCF,C:SCSCF,PCSCF,C-200:MTAS,SCSCF,C:SCSCF,MTAS,C-200:SCSCF,GTW,C:GTW,SCSCF,C-200:GTW,SCSCF,I-487:SCSCF,GTW,A:SCSCF,MTAS,I-487:MTAS,SCSCF,A:SCSCF,PCSCF,I-487:PCSCF,SCSCF,A"
636,0,0,"GTW,ICSCF,I:ICSCF,GTW,T:SCSCF,ASLI,I:ASLI,SCSCF,T:ASLI,SCSCF,I-500:SCSCF,ASLI,A:SCSCF,MTAS,I:MTAS,SCSCF,T:MTAS,SCSCF,W:ICSCF,GTW,W:MTAS,SCSCF,I:SCSCF,MTAS,T:SCSCF,GTW,I:GTW,SCSCF,T:GTW,SCSCF,R:SCSCF,MTAS,R:MTAS,SCSCF,R:ICSCF,GTW,R:GTW,SCSCF,P:SCSCF,MTAS,P:MTAS,SCSCF,P:SCSCF,GTW,P:GTW,SCSCF,P-200:SCSCF,MTAS,P-200:MTAS,SCSCF,P-200:SCSCF,GTW,P-200:GTW,SCSCF,I-200:SCSCF,MTAS,I-200:MTAS,SCSCF,I-200:ICSCF,GTW,I-200:GTW,SCSCF,A:SCSCF,MTAS,A:MTAS,SCSCF,A:SCSCF,GTW,A:GTW,SCSCF,B:SCSCF,MTAS,B:MTAS,SCSCF,B:SCSCF,GTW,B:GTW,SCSCF,B-200:SCSCF,MTAS,B-200:MTAS,SCSCF,B-200:SCSCF,GTW,B-200"
637,0,0,"PCSCF,SCSCF,I:SCSCF,PCSCF,T:SCSCF,PCSCF,I-407:PCSCF,SCSCF,A:PCSCF,SCSCF,I:SCSCF,PCSCF,T:SCSCF,ASLI,I:ASLI,SCSCF,T:ASLI,SCSCF,I-500:SCSCF,ASLI,A:MTAS,SCSCF,I:SCSCF,MTAS,T:SCSCF,ASLI,I:ASLI,SCSCF,T:ASLI,SCSCF,I-500:SCSCF,ASLI,A:SCSCF,MTAS,I:MTAS,SCSCF,T:MTAS,SCSCF,I:SCSCF,MTAS,T:SCSCF,PCSCF,I:PCSCF,SCSCF,T:PCSCF,SCSCF,R:SCSCF,MTAS,R:MTAS,SCSCF,R:SCSCF,MTAS,R:SCSCF,PCSCF,R:PCSCF,SCSCF,P:MTAS,SCSCF,P:SCSCF,MTAS,P:MTAS,SCSCF,P:SCSCF,PCSCF,P:PCSCF,SCSCF,P-200:SCSCF,MTAS,P-200:MTAS,SCSCF,P-200:SCSCF,MTAS,P-200:SCSCF,PCSCF,P-200:PCSCF,SCSCF,I-200:SCSCF,MTAS,I-200:MTAS,SCSCF,I-200:SCSCF,MTAS,I-200:SCSCF,PCSCF,I-200:PCSCF,SCSCF,A:MTAS,SCSCF,A:SCSCF,MTAS,A:MTAS,SCSCF,A:SCSCF,PCSCF,A:MTAS,SCSCF,U:SCSCF,PCSCF,U:PCSCF,SCSCF,U-200:SCSCF,MTAS,U-200:PCSCF,SCSCF,U-200:SCSCF,MTAS,U-200:PCSCF,SCSCF,B:MTAS,SCSCF,B:SCSCF,MTAS,B:MTAS,SCSCF,B:SCSCF,PCSCF,B:PCSCF,SCSCF,B-200:SCSCF,MTAS,B-200:MTAS,SCSCF,B-200:SCSCF,MTAS,B-200:SCSCF,PCSCF,B-200"
638,0,0,"GTW,ICSCF,I:ICSCF,GTW,T:SCSCF,ASLI,I:ASLI,SCSCF,T:ASLI,SCSCF,I-500:SCSCF,ASLI,A:SCSCF,MTAS,I:MTAS,SCSCF,T:MTAS,SCSCF,I:SCSCF,MTAS,T:SCSCF,PCSCF,I:PCSCF,SCSCF,T:PCSCF,SCSCF,R:SCSCF,MTAS,R:MTAS,SCSCF,R:ICSCF,GTW,R:GTW,SCSCF,P:SCSCF,MTAS,P:MTAS,SCSCF,P:SCSCF,PCSCF,P:PCSCF,SCSCF,P-200:SCSCF,MTAS,P-200:MTAS,SCSCF,P-200:SCSCF,GTW,P-200:PCSCF,SCSCF,I-200:SCSCF,MTAS,I-200:MTAS,SCSCF,I-200:ICSCF,GTW,I-200:GTW,SCSCF,A:SCSCF,MTAS,A:MTAS,SCSCF,A:SCSCF,PCSCF,A:MTAS,SCSCF,U:SCSCF,PCSCF,U:MTAS,SCSCF,U:SCSCF,GTW,U:PCSCF,SCSCF,U-200:SCSCF,MTAS,U-200:GTW,SCSCF,U-200:SCSCF,MTAS,U-200:MTAS,SCSCF,U:SCSCF,PCSCF,U:SCSCF,GTW,U:GTW,SCSCF,U-200:SCSCF,MTAS,U-200:PCSCF,SCSCF,U-200:SCSCF,MTAS,U-200:MTAS,SCSCF,U:SCSCF,GTW,U:GTW,SCSCF,U-200:SCSCF,MTAS,U-200:MTAS,SCSCF,U:SCSCF,PCSCF,U:PCSCF,SCSCF,U-200:SCSCF,MTAS,U-200:PCSCF,SCSCF,B:SCSCF,MTAS,B:MTAS,SCSCF,B:SCSCF,GTW,B:GTW,SCSCF,B-200:SCSCF,MTAS,B-200:MTAS,SCSCF,B-200:SCSCF,PCSCF,B-200"
639,0,0,"GTW,ICSCF,I:ICSCF,GTW,T:SCSCF,ASLI,I:ASLI,SCSCF,T:ASLI,SCSCF,I-500:SCSCF,ASLI,A:SCSCF,MTAS,I:MTAS,SCSCF,T:MTAS,SCSCF,I:SCSCF,MTAS,T:SCSCF,PCSCF,I:PCSCF,SCSCF,T:PCSCF,SCSCF,R:SCSCF,MTAS,R:MTAS,SCSCF,R:ICSCF,GTW,R:GTW,SCSCF,P:SCSCF,MTAS,P:MTAS,SCSCF,P:SCSCF,PCSCF,P:PCSCF,SCSCF,P-200:SCSCF,MTAS,P-200:MTAS,SCSCF,P-200:SCSCF,GTW,P-200:PCSCF,SCSCF,I-200:SCSCF,MTAS,I-200:MTAS,SCSCF,I-200:ICSCF,GTW,I-200:GTW,SCSCF,A:SCSCF,MTAS,A:MTAS,SCSCF,A:SCSCF,PCSCF,A:PCSCF,SCSCF,B:SCSCF,MTAS,B:MTAS,SCSCF,B:GTW,SCSCF,B:SCSCF,GTW,B:SCSCF,MTAS,B:MTAS,SCSCF,B-200:SCSCF,GTW,B-200:GTW,SCSCF,B-200:SCSCF,MTAS,B-200:MTAS,SCSCF,B-200:SCSCF,PCSCF,B-200"
640,0,0,"GTW,ICSCF,I:ICSCF,GTW,T:SCSCF,ASLI,I:ASLI,SCSCF,T:ASLI,SCSCF,I-500:SCSCF,MTAS,I:MTAS,SCSCF,T:MTAS,SCSCF,I:SCSCF,MTAS,T:SCSCF,PCSCF,I:SCSCF,ASLI,A:PCSCF,SCSCF,T:PCSCF,SCSCF,R:SCSCF,MTAS,R:MTAS,SCSCF,R:ICSCF,GTW,R:GTW,SCSCF,P:SCSCF,MTAS,P:MTAS,SCSCF,P:SCSCF,PCSCF,P:PCSCF,SCSCF,P-200:SCSCF,MTAS,P-200:MTAS,SCSCF,P-200:SCSCF,GTW,P-200:GTW,ICSCF,C:ICSCF,GTW,C-200:SCSCF,MTAS,C:MTAS,SCSCF,C-200:MTAS,SCSCF,C:SCSCF,MTAS,C-200:SCSCF,PCSCF,C:PCSCF,SCSCF,C-200:PCSCF,SCSCF,I-487:SCSCF,PCSCF,A:SCSCF,MTAS,I-487:MTAS,SCSCF,A:MTAS,SCSCF,I-487:ICSCF,GTW,I-487:GTW,ICSCF,A:SCSCF,MTAS,A"
641,0,0,"GTW,ICSCF,I:ICSCF,GTW,T:SCSCF,ASLI,I:ASLI,SCSCF,T:ASLI,SCSCF,I-500:SCSCF,ASLI,A:SCSCF,MTAS,I:MTAS,SCSCF,T:MTAS,SCSCF,I:SCSCF,MTAS,T:SCSCF,PCSCF,I:PCSCF,SCSCF,T:PCSCF,SCSCF,R:SCSCF,MTAS,R:MTAS,SCSCF,R:ICSCF,GTW,R:GTW,SCSCF,P:SCSCF,MTAS,P:MTAS,SCSCF,P:SCSCF,PCSCF,P:PCSCF,SCSCF,P-200:SCSCF,MTAS,P-200:MTAS,SCSCF,P-200:SCSCF,GTW,P-200:PCSCF,SCSCF,I-200:SCSCF,MTAS,I-200:MTAS,SCSCF,I-200:ICSCF,GTW,I-200:GTW,SCSCF,A:SCSCF,MTAS,A:MTAS,SCSCF,A:SCSCF,PCSCF,A:MTAS,SCSCF,U:SCSCF,GTW,U:GTW,SCSCF,U-200:SCSCF,MTAS,U-200:SCSCF,PCSCF,U:PCSCF,SCSCF,U-200:SCSCF,MTAS,U-200:MTAS,SCSCF,U:SCSCF,GTW,U:GTW,SCSCF,U-200:SCSCF,MTAS,U-200:MTAS,SCSCF,U:SCSCF,PCSCF,U:PCSCF,SCSCF,U-200:SCSCF,MTAS,U-200:MTAS,SCSCF,U:SCSCF,GTW,U:GTW,SCSCF,U-200:SCSCF,MTAS,U-200:MTAS,SCSCF,U:SCSCF,PCSCF,U:PCSCF,SCSCF,U-200:SCSCF,MTAS,U-200:MTAS,SCSCF,U:SCSCF,GTW,U:GTW,SCSCF,U-200:SCSCF,MTAS,U-200:MTAS,SCSCF,U:SCSCF,PCSCF,U:PCSCF,SCSCF,U-200:SCSCF,MTAS,U-200:MTAS,SCSCF,U:SCSCF,GTW,U:GTW,SCSCF,U-200:SCSCF,MTAS,U-200:MTAS,SCSCF,U:SCSCF,PCSCF,U:PCSCF,SCSCF,U-200:SCSCF,MTAS,U-200:PCSCF,SCSCF,B:SCSCF,MTAS,B:MTAS,SCSCF,B:SCSCF,GTW,B:GTW,SCSCF,B-200:SCSCF,MTAS,B-200:MTAS,SCSCF,B-200:SCSCF,PCSCF,B-200"
642,0,0,"PCSCF,SCSCF,I:SCSCF,ASLI,I:ASLI,SCSCF,T:ASLI,SCSCF,I-500:SCSCF,ASLI,A:SCSCF,PCSCF,T:MTAS,SCSCF,I:SCSCF,MTAS,T:SCSCF,GTW,I:GTW,SCSCF,T:GTW,SCSCF,S:SCSCF,MTAS,S:SCSCF,PCSCF,S:PCSCF,SCSCF,P:MTAS,SCSCF,P:SCSCF,GTW,P:GTW,SCSCF,S:SCSCF,MTAS,S:GTW,SCSCF,P-200:SCSCF,MTAS,P-200:SCSCF,PCSCF,P-200:SCSCF,PCSCF,S:PCSCF,SCSCF,P:MTAS,SCSCF,P:SCSCF,GTW,P:GTW,SCSCF,P-200:SCSCF,MTAS,P-200:SCSCF,PCSCF,P-200:PCSCF,SCSCF,C:MTAS,SCSCF,C:SCSCF,MTAS,C-200:SCSCF,GTW,C:SCSCF,PCSCF,C-200:GTW,SCSCF,C-200:GTW,SCSCF,I-487:SCSCF,GTW,A:SCSCF,MTAS,I-487:MTAS,SCSCF,A:SCSCF,PCSCF,I-487:PCSCF,SCSCF,A"
643,0,0,"PCSCF,SCSCF,I:SCSCF,PCSCF,T:SCSCF,ASLI,I:ASLI,SCSCF,T:ASLI,SCSCF,I-500:SCSCF,ASLI,A:MTAS,SCSCF,I:SCSCF,MTAS,T:SCSCF,GTW,I:GTW,SCSCF,T:GTW,SCSCF,S:SCSCF,MTAS,S:GTW,SCSCF,S:SCSCF,MTAS,S:SCSCF,PCSCF,S:PCSCF,SCSCF,P:MTAS,SCSCF,P:SCSCF,GTW,P:GTW,SCSCF,P-200:SCSCF,MTAS,P-200:GTW,SCSCF,R:SCSCF,MTAS,R:SCSCF,PCSCF,P-200:SCSCF,PCSCF,R:GTW,SCSCF,R:SCSCF,MTAS,R:PCSCF,SCSCF,P:MTAS,SCSCF,P:SCSCF,GTW,P:GTW,SCSCF,P-200:SCSCF,MTAS,P-200:SCSCF,PCSCF,P-200:GTW,SCSCF,I-486:SCSCF,GTW,A:SCSCF,MTAS,I-486:MTAS,SCSCF,A:SCSCF,PCSCF,I-486:PCSCF,SCSCF,A"
644,0,0,"PCSCF,SCSCF,I:SCSCF,PCSCF,T:SCSCF,ASLI,I:ASLI,SCSCF,T:ASLI,SCSCF,I-500:MTAS,SCSCF,I:SCSCF,MTAS,T:SCSCF,ASLI,A:SCSCF,GTW,I:GTW,SCSCF,T:GTW,SCSCF,I-404:SCSCF,GTW,A:SCSCF,MTAS,I-404:MTAS,SCSCF,A:SCSCF,PCSCF,S:PCSCF,SCSCF,P:SCSCF,PCSCF,P-200:SCSCF,PCSCF,I-404:PCSCF,SCSCF,A"
645,0,0,"GTW,ICSCF,I:ICSCF,GTW,T:SCSCF,ASLI,I:ASLI,SCSCF,T:ASLI,SCSCF,I-500:SCSCF,MTAS,I:MTAS,SCSCF,I:SCSCF,MTAS,T:SCSCF,PCSCF,I:MTAS,SCSCF,T:SCSCF,ASLI,A:PCSCF,SCSCF,T:PCSCF,SCSCF,R:SCSCF,MTAS,R:MTAS,SCSCF,R:ICSCF,GTW,R:GTW,SCSCF,P:SCSCF,MTAS,P:MTAS,SCSCF,P:SCSCF,PCSCF,P:PCSCF,SCSCF,P-200:SCSCF,MTAS,P-200:MTAS,SCSCF,P-200:SCSCF,GTW,P-200:PCSCF,SCSCF,I-200:SCSCF,MTAS,I-200:MTAS,SCSCF,I-200:ICSCF,GTW,I-200:GTW,SCSCF,A:SCSCF,MTAS,A:MTAS,SCSCF,A:SCSCF,PCSCF,A:MTAS,SCSCF,U:SCSCF,PCSCF,U:MTAS,SCSCF,U:SCSCF,GTW,U:PCSCF,SCSCF,U-200:SCSCF,MTAS,U-200:GTW,SCSCF,U-200:SCSCF,MTAS,U-200:MTAS,SCSCF,U:SCSCF,PCSCF,U:MTAS,SCSCF,U:SCSCF,GTW,U:PCSCF,SCSCF,U-200:SCSCF,MTAS,U-200:GTW,SCSCF,U-200:SCSCF,MTAS,U-200:MTAS,SCSCF,U:SCSCF,PCSCF,U:SCSCF,GTW,U:GTW,SCSCF,U-200:SCSCF,MTAS,U-200:PCSCF,SCSCF,U-200:SCSCF,MTAS,U-200:PCSCF,SCSCF,B:SCSCF,MTAS,B:MTAS,SCSCF,B:SCSCF,GTW,B:GTW,SCSCF,B-200:SCSCF,MTAS,B-200:MTAS,SCSCF,B-200:SCSCF,PCSCF,B-200"
646,0,0,"PCSCF,SCSCF,I:SCSCF,PCSCF,T:SCSCF,PCSCF,I-407:PCSCF,SCSCF,A:PCSCF,SCSCF,I:SCSCF,ASLI,I:ASLI,SCSCF,T:ASLI,SCSCF,I-500:SCSCF,ASLI,A:SCSCF,PCSCF,T:MTAS,SCSCF,I:SCSCF,MTAS,T:SCSCF,GTW,I:GTW,SCSCF,T:GTW,SCSCF,R:SCSCF,MTAS,R:SCSCF,PCSCF,R:PCSCF,SCSCF,P:SCSCF,MTAS,P:MTAS,SCSCF,P:SCSCF,GTW,P:GTW,SCSCF,P-200:SCSCF,MTAS,P-200:MTAS,SCSCF,P-200:SCSCF,PCSCF,P-200:GTW,SCSCF,I-200:SCSCF,MTAS,I-200:SCSCF,PCSCF,I-200:PCSCF,SCSCF,A:SCSCF,MTAS,A:MTAS,SCSCF,A:SCSCF,GTW,A:GTW,SCSCF,I:SCSCF,GTW,T:MTAS,SCSCF,I:SCSCF,MTAS,T:SCSCF,PCSCF,I:PCSCF,SCSCF,I-200:SCSCF,MTAS,I-200:SCSCF,GTW,I-200:GTW,SCSCF,A:MTAS,SCSCF,A:SCSCF,PCSCF,A:GTW,SCSCF,B:MTAS,SCSCF,B:SCSCF,PCSCF,B:PCSCF,SCSCF,B-200:SCSCF,MTAS,B-200:SCSCF,GTW,B-200"
647,0,0,"GTW,ICSCF,I:ICSCF,GTW,T:SCSCF,ASLI,I:ASLI,SCSCF,T:ASLI,SCSCF,I-500:SCSCF,MTAS,I:MTAS,SCSCF,T:MTAS,SCSCF,W:ICSCF,GTW,W:MTAS,SCSCF,I:SCSCF,ASLI,A:SCSCF,MTAS,T:SCSCF,GTW,I:GTW,SCSCF,T:GTW,SCSCF,S:SCSCF,MTAS,S:MTAS,SCSCF,S:ICSCF,GTW,S:GTW,SCSCF,P:SCSCF,MTAS,P:MTAS,SCSCF,P:SCSCF,GTW,P:GTW,SCSCF,P-200:SCSCF,MTAS,P-200:MTAS,SCSCF,P-200:GTW,SCSCF,S:SCSCF,GTW,P-200:SCSCF,MTAS,S:MTAS,SCSCF,S:ICSCF,GTW,S:GTW,SCSCF,P:SCSCF,MTAS,P:MTAS,SCSCF,P:SCSCF,GTW,P:GTW,SCSCF,P-200:GTW,SCSCF,S:SCSCF,MTAS,S:SCSCF,MTAS,P-200:MTAS,SCSCF,P-200:SCSCF,GTW,P-200:MTAS,SCSCF,S:ICSCF,GTW,S:GTW,SCSCF,P:SCSCF,MTAS,P:MTAS,SCSCF,P:SCSCF,GTW,P:GTW,SCSCF,P-200:SCSCF,MTAS,P-200:MTAS,SCSCF,P-200:SCSCF,GTW,P-200:GTW,SCSCF,R:SCSCF,MTAS,R:MTAS,SCSCF,R:ICSCF,GTW,R:GTW,SCSCF,P:SCSCF,MTAS,P:MTAS,SCSCF,P:SCSCF,GTW,P:GTW,SCSCF,P-200:SCSCF,MTAS,P-200:MTAS,SCSCF,P-200:SCSCF,GTW,P-200:GTW,SCSCF,I-200:SCSCF,MTAS,I-200:MTAS,SCSCF,I-200:ICSCF,GTW,I-200:GTW,SCSCF,A:SCSCF,MTAS,A:MTAS,SCSCF,A:SCSCF,GTW,A:GTW,SCSCF,B:SCSCF,MTAS,B:MTAS,SCSCF,B:SCSCF,GTW,B:GTW,SCSCF,B-200:SCSCF,MTAS,B-200:MTAS,SCSCF,B-200:SCSCF,GTW,B-200"
648,0,0,"PCSCF,SCSCF,I:SCSCF,PCSCF,T:SCSCF,PCSCF,I-407:PCSCF,SCSCF,A:PCSCF,SCSCF,I:SCSCF,ASLI,I:ASLI,SCSCF,T:SCSCF,PCSCF,T:ASLI,SCSCF,I-500:SCSCF,ASLI,A:MTAS,SCSCF,I:SCSCF,MTAS,T:SCSCF,GTW,I:GTW,SCSCF,T:GTW,SCSCF,S:SCSCF,MTAS,S:SCSCF,PCSCF,S:PCSCF,SCSCF,P:MTAS,SCSCF,P:SCSCF,GTW,P:GTW,SCSCF,P-200:SCSCF,MTAS,P-200:SCSCF,PCSCF,P-200:GTW,SCSCF,R:SCSCF,MTAS,R:SCSCF,PCSCF,R:PCSCF,SCSCF,P:MTAS,SCSCF,P:SCSCF,GTW,P:GTW,SCSCF,P-200:SCSCF,MTAS,P-200:SCSCF,PCSCF,P-200:GTW,SCSCF,I-200:SCSCF,MTAS,I-200:SCSCF,PCSCF,I-200:PCSCF,SCSCF,A:SCSCF,MTAS,A:MTAS,SCSCF,A:SCSCF,GTW,A:MTAS,SCSCF,U:SCSCF,GTW,U:SCSCF,PCSCF,U:GTW,SCSCF,U-200:SCSCF,MTAS,U-200:PCSCF,SCSCF,U-200:SCSCF,MTAS,U-200:MTAS,SCSCF,U:SCSCF,GTW,U:SCSCF,PCSCF,U:GTW,SCSCF,U-200:SCSCF,MTAS,U-200:PCSCF,SCSCF,U-200:SCSCF,MTAS,U-200:MTAS,SCSCF,U:SCSCF,GTW,U:SCSCF,PCSCF,U:GTW,SCSCF,U-200:SCSCF,MTAS,U-200:PCSCF,SCSCF,U-200:SCSCF,MTAS,U-200:MTAS,SCSCF,U:SCSCF,GTW,U:GTW,SCSCF,U-200:SCSCF,MTAS,U-200:MTAS,SCSCF,U:SCSCF,PCSCF,U:PCSCF,SCSCF,U-200:SCSCF,MTAS,U-200:MTAS,SCSCF,U:SCSCF,GTW,U:GTW,SCSCF,U-200:SCSCF,MTAS,U-200:MTAS,SCSCF,U:SCSCF,PCSCF,U:PCSCF,SCSCF,U-200:SCSCF,MTAS,U-200:PCSCF,SCSCF,B:MTAS,SCSCF,B:SCSCF,GTW,B:GTW,SCSCF,B-200:SCSCF,MTAS,B-200:SCSCF,PCSCF,B-200"
649,0,0,"PCSCF,SCSCF,I:SCSCF,PCSCF,T:SCSCF,ASLI,I:ASLI,SCSCF,T:ASLI,SCSCF,I-500:SCSCF,ASLI,A:MTAS,SCSCF,I:SCSCF,MTAS,T:SCSCF,GTW,I:GTW,SCSCF,T:GTW,SCSCF,S:SCSCF,MTAS,S:SCSCF,PCSCF,S:PCSCF,SCSCF,P:SCSCF,MTAS,P:MTAS,SCSCF,P:SCSCF,GTW,P:GTW,SCSCF,P-200:GTW,SCSCF,S:SCSCF,MTAS,P-200:SCSCF,MTAS,S:MTAS,SCSCF,P-200:SCSCF,PCSCF,P-200:SCSCF,PCSCF,S:PCSCF,SCSCF,P:SCSCF,MTAS,P:MTAS,SCSCF,P:SCSCF,GTW,P:GTW,SCSCF,P-200:SCSCF,MTAS,P-200:MTAS,SCSCF,P-200:SCSCF,PCSCF,P-200:GTW,SCSCF,R:SCSCF,MTAS,R:SCSCF,PCSCF,R:PCSCF,SCSCF,P:SCSCF,MTAS,P:MTAS,SCSCF,P:SCSCF,GTW,P:GTW,SCSCF,P-200:SCSCF,MTAS,P-200:MTAS,SCSCF,P-200:SCSCF,PCSCF,P-200:GTW,SCSCF,I-200:SCSCF,MTAS,I-200:SCSCF,PCSCF,I-200:PCSCF,SCSCF,A:SCSCF,MTAS,A:MTAS,SCSCF,A:SCSCF,GTW,A:GTW,SCSCF,B:MTAS,SCSCF,B:SCSCF,PCSCF,B:PCSCF,SCSCF,B-200:SCSCF,MTAS,B-200:SCSCF,GTW,B-200"
650,0,0,"GTW,ICSCF,I:ICSCF,GTW,T:SCSCF,ASLI,I:ASLI,SCSCF,T:ASLI,SCSCF,I-500:SCSCF,ASLI,A:SCSCF,MTAS,I:MTAS,SCSCF,T:MTAS,SCSCF,I:SCSCF,MTAS,T:SCSCF,PCSCF,I:PCSCF,SCSCF,T:SCSCF,PCSCF,I:PCSCF,SCSCF,T:PCSCF,SCSCF,I-480:SCSCF,PCSCF,A:PCSCF,SCSCF,I-200:SCSCF,MTAS,I-200:MTAS,SCSCF,I-200:ICSCF,GTW,I-200:GTW,SCSCF,A:SCSCF,MTAS,A:MTAS,SCSCF,A:SCSCF,PCSCF,A:PCSCF,SCSCF,I-200:SCSCF,MTAS,I-200:MTAS,SCSCF,A:SCSCF,PCSCF,A:GTW,SCSCF,I:SCSCF,GTW,T:SCSCF,MTAS,I:MTAS,SCSCF,T:MTAS,SCSCF,I:SCSCF,MTAS,T:SCSCF,PCSCF,I:PCSCF,SCSCF,I-200:SCSCF,MTAS,I-200:MTAS,SCSCF,I-200:SCSCF,GTW,I-200:GTW,SCSCF,A:SCSCF,MTAS,A:MTAS,SCSCF,A:SCSCF,PCSCF,A:GTW,SCSCF,B:SCSCF,MTAS,B:MTAS,SCSCF,B:SCSCF,PCSCF,B:PCSCF,SCSCF,B-200:SCSCF,MTAS,B-200:MTAS,SCSCF,B-200:SCSCF,GTW,B-200"
651,0,0,"PCSCF,SCSCF,I:SCSCF,PCSCF,T:SCSCF,ASLI,I:ASLI,SCSCF,T:ASLI,SCSCF,I-500:SCSCF,ASLI,A:MTAS,SCSCF,I:SCSCF,MTAS,T:SCSCF,GTW,I:GTW,SCSCF,T:GTW,SCSCF,S:SCSCF,MTAS,S:SCSCF,PCSCF,S:PCSCF,SCSCF,P:MTAS,SCSCF,P:SCSCF,GTW,P:GTW,SCSCF,P-200:GTW,SCSCF,R:SCSCF,MTAS,P-200:SCSCF,MTAS,R:SCSCF,PCSCF,P-200:SCSCF,PCSCF,R:PCSCF,SCSCF,P:MTAS,SCSCF,P:SCSCF,GTW,P:GTW,SCSCF,P-200:SCSCF,MTAS,P-200:SCSCF,PCSCF,P-200:PCSCF,SCSCF,C:SCSCF,PCSCF,C-200:MTAS,SCSCF,C:SCSCF,MTAS,C-200:SCSCF,GTW,C:GTW,SCSCF,C-200:GTW,SCSCF,I-487:SCSCF,GTW,A:SCSCF,MTAS,I-487:MTAS,SCSCF,A:SCSCF,PCSCF,I-487:PCSCF,SCSCF,A"
652,0,0,"GTW,ICSCF,I:ICSCF,GTW,T:SCSCF,ASLI,I:ASLI,SCSCF,T:ASLI,SCSCF,I-500:SCSCF,MTAS,I:SCSCF,ASLI,A:MTAS,SCSCF,T:MTAS,SCSCF,I:SCSCF,MTAS,T:SCSCF,PCSCF,I:PCSCF,SCSCF,T:PCSCF,SCSCF,R:SCSCF,MTAS,R:MTAS,SCSCF,R:ICSCF,GTW,R:GTW,SCSCF,P:SCSCF,MTAS,P:MTAS,SCSCF,P:SCSCF,PCSCF,P:PCSCF,SCSCF,P-200:SCSCF,MTAS,P-200:MTAS,SCSCF,P-200:SCSCF,GTW,P-200:PCSCF,SCSCF,I-200:SCSCF,MTAS,I-200:MTAS,SCSCF,I-200:ICSCF,GTW,I-200:GTW,SCSCF,A:SCSCF,MTAS,A:MTAS,SCSCF,A:SCSCF,PCSCF,A:MTAS,SCSCF,U:SCSCF,PCSCF,U:PCSCF,SCSCF,U-200:SCSCF,MTAS,U-200:MTAS,SCSCF,U:SCSCF,GTW,U:GTW,SCSCF,U-200:SCSCF,MTAS,U-200:MTAS,SCSCF,U:SCSCF,PCSCF,U:PCSCF,SCSCF,U-200:SCSCF,MTAS,U-200:MTAS,SCSCF,U:SCSCF,GTW,U:GTW,SCSCF,U-200:SCSCF,MTAS,U-200:PCSCF,SCSCF,B:SCSCF,MTAS,B:MTAS,SCSCF,B:SCSCF,GTW,B:GTW,SCSCF,B-200:SCSCF,MTAS,B-200:MTAS,SCSCF,B-200:SCSCF,PCSCF,B-200"
653,0,0,"PCSCF,SCSCF,I:SCSCF,ASLI,I:SCSCF,PCSCF,T:ASLI,SCSCF,T:ASLI,SCSCF,I-500:SCSCF,ASLI,A:MTAS,SCSCF,I:SCSCF,MTAS,T:SCSCF,GTW,I:GTW,SCSCF,T:GTW,SCSCF,R:SCSCF,MTAS,R:SCSCF,PCSCF,R:PCSCF,SCSCF,P:MTAS,SCSCF,P:SCSCF,GTW,P:GTW,SCSCF,P-200:SCSCF,MTAS,P-200:SCSCF,PCSCF,P-200:PCSCF,SCSCF,C:MTAS,SCSCF,C:SCSCF,MTAS,C-200:SCSCF,GTW,C:GTW,SCSCF,C-200:GTW,SCSCF,I-487:SCSCF,GTW,A:SCSCF,MTAS,I-487:SCSCF,PCSCF,C-200:MTAS,SCSCF,A:SCSCF,PCSCF,I-487:PCSCF,SCSCF,A"
654,0,0,"PCSCF,SCSCF,I:SCSCF,PCSCF,T:SCSCF,PCSCF,I-407:PCSCF,SCSCF,A:PCSCF,SCSCF,I:SCSCF,PCSCF,T:SCSCF,ASLI,I:ASLI,SCSCF,T:ASLI,SCSCF,I-500:SCSCF,ASLI,A:MTAS,SCSCF,I:SCSCF,MTAS,T:SCSCF,GTW,I:GTW,SCSCF,T:GTW,SCSCF,S:SCSCF,MTAS,S:SCSCF,PCSCF,S:PCSCF,SCSCF,P:SCSCF,MTAS,P:MTAS,SCSCF,P:SCSCF,GTW,P:GTW,SCSCF,P-200:GTW,SCSCF,S:SCSCF,MTAS,P-200:SCSCF,MTAS,S:MTAS,SCSCF,P-200:SCSCF,PCSCF,P-200:SCSCF,PCSCF,S:PCSCF,SCSCF,P:SCSCF,MTAS,P:MTAS,SCSCF,P:SCSCF,GTW,P:GTW,SCSCF,P-200:SCSCF,MTAS,P-200:MTAS,SCSCF,P-200:SCSCF,PCSCF,P-200:GTW,SCSCF,R:SCSCF,MTAS,R:SCSCF,PCSCF,R:PCSCF,SCSCF,P:SCSCF,MTAS,P:MTAS,SCSCF,P:SCSCF,GTW,P:GTW,SCSCF,P-200:SCSCF,MTAS,P-200:MTAS,SCSCF,P-200:SCSCF,PCSCF,P-200:GTW,SCSCF,I-200:SCSCF,MTAS,I-200:SCSCF,PCSCF,I-200:PCSCF,SCSCF,A:SCSCF,MTAS,A:MTAS,SCSCF,A:SCSCF,GTW,A:GTW,SCSCF,B:MTAS,SCSCF,B:SCSCF,PCSCF,B:PCSCF,SCSCF,B-200:SCSCF,MTAS,B-200:SCSCF,GTW,B-200"
655,0,0,"MTAS,SCSCF,I:SCSCF,MTAS,T:SCSCF,GTW,I:GTW,SCSCF,T:MTAS,SCSCF,C:SCSCF,MTAS,C-200:SCSCF,GTW,C:GTW,SCSCF,C-200:GTW,SCSCF,I-487:SCSCF,GTW,A:SCSCF,MTAS,I-487:MTAS,SCSCF,A"
656,0,0,"PCSCF,SCSCF,I:SCSCF,PCSCF,T:SCSCF,ASLI,I:ASLI,SCSCF,T:ASLI,SCSCF,I-500:SCSCF,ASLI,A:MTAS,SCSCF,I:SCSCF,MTAS,T:SCSCF,GTW,I:GTW,SCSCF,T:GTW,SCSCF,S:SCSCF,MTAS,S:SCSCF,PCSCF,S:PCSCF,SCSCF,P:SCSCF,MTAS,P:MTAS,SCSCF,P:SCSCF,GTW,P:GTW,SCSCF,P-200:SCSCF,MTAS,P-200:MTAS,SCSCF,P-200:SCSCF,PCSCF,P-200:GTW,SCSCF,S:SCSCF,MTAS,S:SCSCF,PCSCF,S:PCSCF,SCSCF,P:SCSCF,MTAS,P:MTAS,SCSCF,P:SCSCF,GTW,P:GTW,SCSCF,P-200:SCSCF,MTAS,P-200:MTAS,SCSCF,P-200:SCSCF,PCSCF,P-200:GTW,SCSCF,R:SCSCF,MTAS,R:SCSCF,PCSCF,R:PCSCF,SCSCF,P:SCSCF,MTAS,P:MTAS,SCSCF,P:SCSCF,GTW,P:GTW,SCSCF,P-200:SCSCF,MTAS,P-200:MTAS,SCSCF,P-200:SCSCF,PCSCF,P-200:PCSCF,SCSCF,C:MTAS,SCSCF,C:SCSCF,MTAS,C-200:SCSCF,GTW,C:GTW,SCSCF,C-200:GTW,SCSCF,I-487:SCSCF,GTW,A:SCSCF,MTAS,I-487:MTAS,SCSCF,A:SCSCF,PCSCF,C-200:SCSCF,PCSCF,I-487:PCSCF,SCSCF,A"
657,0,0,"PCSCF,SCSCF,I:SCSCF,PCSCF,T:SCSCF,ASLI,I:ASLI,SCSCF,T:ASLI,SCSCF,I-500:SCSCF,ASLI,A:MTAS,SCSCF,I:SCSCF,MTAS,T:SCSCF,GTW,I:GTW,SCSCF,T:GTW,SCSCF,R:SCSCF,MTAS,R:SCSCF,PCSCF,R:PCSCF,SCSCF,P:SCSCF,MTAS,P:MTAS,SCSCF,P:SCSCF,GTW,P:GTW,SCSCF,P-200:SCSCF,MTAS,P-200:MTAS,SCSCF,P-200:SCSCF,PCSCF,P-200:GTW,SCSCF,I-200:SCSCF,MTAS,I-200:SCSCF,PCSCF,I-200:GTW,SCSCF,I-200:SCSCF,MTAS,I-200:PCSCF,SCSCF,A:SCSCF,MTAS,A:MTAS,SCSCF,A:SCSCF,GTW,A:GTW,SCSCF,B:MTAS,SCSCF,B:PCSCF,SCSCF,B:SCSCF,PCSCF,B:SCSCF,MTAS,B:MTAS,SCSCF,B-200:PCSCF,SCSCF,B-481:SCSCF,MTAS,B-481:SCSCF,GTW,B-200:SCSCF,PCSCF,B-200"
658,0,0,"PCSCF,SCSCF,I:SCSCF,ASLI,I:SCSCF,PCSCF,T:ASLI,SCSCF,T:ASLI,SCSCF,I-500:SCSCF,ASLI,A:MTAS,SCSCF,I:SCSCF,MTAS,T:SCSCF,GTW,I:GTW,SCSCF,T:GTW,SCSCF,I-200:SCSCF,MTAS,I-200:SCSCF,PCSCF,I-200:PCSCF,SCSCF,A:SCSCF,MTAS,A:MTAS,SCSCF,A:SCSCF,GTW,A:GTW,SCSCF,I:SCSCF,GTW,T:MTAS,SCSCF,I:SCSCF,MTAS,T:SCSCF,PCSCF,I:PCSCF,SCSCF,I-200:SCSCF,MTAS,I-200:SCSCF,GTW,I-200:GTW,SCSCF,A:MTAS,SCSCF,A:SCSCF,PCSCF,A:PCSCF,SCSCF,B:MTAS,SCSCF,B:SCSCF,GTW,B:GTW,SCSCF,B-200:SCSCF,MTAS,B-200:SCSCF,PCSCF,B-200"
659,0,0,"GTW,ICSCF,I:ICSCF,GTW,T:SCSCF,ASLI,I:ASLI,SCSCF,T:ASLI,SCSCF,I-500:SCSCF,ASLI,A:SCSCF,MTAS,I:MTAS,SCSCF,T:MTAS,SCSCF,I:SCSCF,MTAS,T:SCSCF,GTW,I:GTW,SCSCF,T:MTAS,SCSCF,W:ICSCF,GTW,W:GTW,SCSCF,S:SCSCF,MTAS,S:MTAS,SCSCF,S:ICSCF,GTW,S:GTW,SCSCF,P:SCSCF,MTAS,P:MTAS,SCSCF,P:SCSCF,GTW,P:GTW,SCSCF,P-200:GTW,SCSCF,S:SCSCF,MTAS,P-200:SCSCF,MTAS,S:MTAS,SCSCF,P-200:MTAS,SCSCF,S:SCSCF,GTW,P-200:ICSCF,GTW,S:GTW,SCSCF,P:SCSCF,MTAS,P:MTAS,SCSCF,P:SCSCF,GTW,P:GTW,SCSCF,P-200:GTW,SCSCF,S:SCSCF,MTAS,P-200:SCSCF,MTAS,S:MTAS,SCSCF,P-200:MTAS,SCSCF,S:SCSCF,GTW,P-200:ICSCF,GTW,S:GTW,SCSCF,P:SCSCF,MTAS,P:MTAS,SCSCF,P:SCSCF,GTW,P:GTW,SCSCF,P-200:SCSCF,MTAS,P-200:MTAS,SCSCF,P-200:SCSCF,GTW,P-200:GTW,SCSCF,R:SCSCF,MTAS,R:MTAS,SCSCF,R:ICSCF,GTW,R:GTW,SCSCF,P:SCSCF,MTAS,P:MTAS,SCSCF,P:SCSCF,GTW,P:GTW,SCSCF,P-200:SCSCF,MTAS,P-200:MTAS,SCSCF,P-200:SCSCF,GTW,P-200:GTW,SCSCF,I-200:SCSCF,MTAS,I-200:MTAS,SCSCF,I-200:ICSCF,GTW,I-200:GTW,SCSCF,A:SCSCF,MTAS,A:MTAS,SCSCF,A:SCSCF,GTW,A:GTW,SCSCF,B:SCSCF,MTAS,B:MTAS,SCSCF,B:SCSCF,GTW,B:GTW,SCSCF,B-200:SCSCF,MTAS,B-200:MTAS,SCSCF,B-200:SCSCF,GTW,B-200"
660,0,0,"GTW,ICSCF,I:ICSCF,GTW,T:SCSCF,ASLI,I:ASLI,SCSCF,T:ASLI,SCSCF,I-500:SCSCF,ASLI,A:SCSCF,MTAS,I:MTAS,SCSCF,T:MTAS,SCSCF,I:SCSCF,MTAS,T:SCSCF,PCSCF,I:PCSCF,SCSCF,T:PCSCF,SCSCF,R:SCSCF,MTAS,R:MTAS,SCSCF,R:ICSCF,GTW,R:GTW,SCSCF,P:SCSCF,MTAS,P:MTAS,SCSCF,P:SCSCF,PCSCF,P:PCSCF,SCSCF,P-200:SCSCF,MTAS,P-200:MTAS,SCSCF,P-200:SCSCF,GTW,P-200:PCSCF,SCSCF,I-200:SCSCF,MTAS,I-200:MTAS,SCSCF,I-200:ICSCF,GTW,I-200:GTW,SCSCF,A:SCSCF,MTAS,A:MTAS,SCSCF,A:SCSCF,PCSCF,A:MTAS,SCSCF,U:SCSCF,PCSCF,U:PCSCF,SCSCF,U-200:SCSCF,MTAS,U-200:MTAS,SCSCF,U:SCSCF,GTW,U:GTW,SCSCF,U-200:SCSCF,MTAS,U-200:MTAS,SCSCF,U:SCSCF,PCSCF,U:SCSCF,GTW,U:GTW,SCSCF,U-200:SCSCF,MTAS,U-200:PCSCF,SCSCF,U-200:SCSCF,MTAS,U-200:MTAS,SCSCF,U:SCSCF,GTW,U:GTW,SCSCF,U-200:SCSCF,PCSCF,U:SCSCF,MTAS,U-200:PCSCF,SCSCF,U-200:SCSCF,MTAS,U-200:GTW,SCSCF,B:SCSCF,MTAS,B:PCSCF,SCSCF,B:SCSCF,MTAS,B:MTAS,SCSCF,B-200:MTAS,SCSCF,B:SCSCF,MTAS,B-481:MTAS,SCSCF,B-200:SCSCF,GTW,B-200:SCSCF,PCSCF,B-200"
661,0,1,"PCSCF,SCSCF,I:SCSCF,BCCAS,I:SCSCF,PCSCF,T:BCCAS,SCSCF,T:BCCAS,SCSCF,I-500:SCSCF,BCCAS,A:SCSCF,ASLI,I:ASLI,SCSCF,T:ASLI,SCSCF,I-500:SCSCF,ASLI,A:SCSCF,BCCAS,I:BCCAS,SCSCF,T:BCCAS,SCSCF,I:SCSCF,BCCAS,T:SCSCF,ASLI,I:ASLI,SCSCF,T:ASLI,SCSCF,I-500:SCSCF,ASLI,A:SCSCF,MTAS,I:MTAS,SCSCF,T:MTAS,SCSCF,I:SCSCF,MTAS,T:SCSCF,PCSCF,I:PCSCF,SCSCF,T:PCSCF,SCSCF,R:SCSCF,MTAS,R:MTAS,SCSCF,R:SCSCF,BCCAS,R:BCCAS,SCSCF,R:SCSCF,PCSCF,R:PCSCF,SCSCF,P:SCSCF,BCCAS,P:BCCAS,SCSCF,P:SCSCF,MTAS,P:MTAS,SCSCF,P:SCSCF,PCSCF,P:PCSCF,SCSCF,P-200:SCSCF,MTAS,P-200:MTAS,SCSCF,P-200:SCSCF,BCCAS,P-200:BCCAS,SCSCF,P-200:SCSCF,PCSCF,P-200:PCSCF,SCSCF,I-200:SCSCF,MTAS,I-200:MTAS,SCSCF,I-200:SCSCF,BCCAS,I-200:BCCAS,SCSCF,I-200:SCSCF,PCSCF,I-200:PCSCF,SCSCF,A:SCSCF,BCCAS,A:BCCAS,SCSCF,A:SCSCF,MTAS,A:MTAS,SCSCF,A:SCSCF,PCSCF,A:PCSCF,SCSCF,B:SCSCF,MTAS,B:MTAS,SCSCF,B:SCSCF,BCCAS,B:BCCAS,SCSCF,B:SCSCF,PCSCF,B:PCSCF,SCSCF,B-200:SCSCF,BCCAS,B-200:BCCAS,SCSCF,B-200:SCSCF,MTAS,B-200:MTAS,SCSCF,B-200:SCSCF,PCSCF,B-200"
662,0,0,"PCSCF,SCSCF,I:SCSCF,ASLI,I:SCSCF,PCSCF,T:ASLI,SCSCF,T:ASLI,SCSCF,I-500:SCSCF,ASLI,A:MTAS,SCSCF,I:SCSCF,MTAS,T:SCSCF,GTW,I:GTW,SCSCF,T:GTW,SCSCF,S:SCSCF,MTAS,S:SCSCF,PCSCF,S:PCSCF,SCSCF,P:SCSCF,MTAS,P:MTAS,SCSCF,P:SCSCF,GTW,P:GTW,SCSCF,P-200:SCSCF,MTAS,P-200:MTAS,SCSCF,P-200:SCSCF,PCSCF,P-200:GTW,SCSCF,R:SCSCF,MTAS,R:SCSCF,PCSCF,R:PCSCF,SCSCF,P:SCSCF,MTAS,P:MTAS,SCSCF,P:SCSCF,GTW,P:GTW,SCSCF,P-200:SCSCF,MTAS,P-200:MTAS,SCSCF,P-200:SCSCF,PCSCF,P-200:GTW,SCSCF,I-480:SCSCF,GTW,A:SCSCF,MTAS,I-480:MTAS,SCSCF,A:SCSCF,PCSCF,I-480:PCSCF,SCSCF,A"
663,0,0,"PCSCF,SCSCF,I:SCSCF,ASLI,I:ASLI,SCSCF,T:SCSCF,PCSCF,T:ASLI,SCSCF,I-500:SCSCF,ASLI,A:MTAS,SCSCF,I:SCSCF,MTAS,T:SCSCF,GTW,I:GTW,SCSCF,T:GTW,SCSCF,S:SCSCF,MTAS,S:SCSCF,PCSCF,S:PCSCF,SCSCF,P:SCSCF,MTAS,P:MTAS,SCSCF,P:SCSCF,GTW,P:GTW,SCSCF,P-200:SCSCF,MTAS,P-200:MTAS,SCSCF,P-200:SCSCF,PCSCF,P-200:GTW,SCSCF,R:SCSCF,MTAS,R:SCSCF,PCSCF,R:PCSCF,SCSCF,P:SCSCF,MTAS,P:MTAS,SCSCF,P:SCSCF,GTW,P:GTW,SCSCF,P-200:GTW,SCSCF,I-200:SCSCF,MTAS,P-200:SCSCF,MTAS,I-200:MTAS,SCSCF,P-200:SCSCF,PCSCF,P-200:SCSCF,PCSCF,I-200:PCSCF,SCSCF,A:SCSCF,MTAS,A:MTAS,SCSCF,A:SCSCF,GTW,A:GTW,SCSCF,B:MTAS,SCSCF,B:SCSCF,PCSCF,B:PCSCF,SCSCF,B-200:SCSCF,MTAS,B-200:SCSCF,GTW,B-200"
664,0,0,"GTW,ICSCF,I:ICSCF,GTW,T:SCSCF,ASLI,I:ASLI,SCSCF,T:ASLI,SCSCF,I-500:SCSCF,MTAS,I:MTAS,SCSCF,T:MTAS,SCSCF,I:SCSCF,MTAS,T:SCSCF,PCSCF,I:SCSCF,ASLI,A:PCSCF,SCSCF,T:PCSCF,SCSCF,R:SCSCF,MTAS,R:MTAS,SCSCF,R:ICSCF,GTW,R:GTW,SCSCF,P:SCSCF,MTAS,P:MTAS,SCSCF,P:SCSCF,PCSCF,P:PCSCF,SCSCF,P-200:SCSCF,MTAS,P-200:MTAS,SCSCF,P-200:SCSCF,GTW,P-200:PCSCF,SCSCF,I-200:SCSCF,MTAS,I-200:MTAS,SCSCF,I-200:ICSCF,GTW,I-200:GTW,SCSCF,A:SCSCF,MTAS,A:MTAS,SCSCF,A:SCSCF,PCSCF,A:MTAS,SCSCF,U:SCSCF,PCSCF,U:SCSCF,GTW,U:GTW,SCSCF,U-200:SCSCF,MTAS,U-200:PCSCF,SCSCF,U-200:SCSCF,MTAS,U-200:PCSCF,SCSCF,B:SCSCF,MTAS,B:MTAS,SCSCF,B:SCSCF,GTW,B:GTW,SCSCF,B-200:SCSCF,MTAS,B-200:MTAS,SCSCF,B-200:SCSCF,PCSCF,B-200"
665,0,0,"PCSCF,SCSCF,I:SCSCF,ASLI,I:ASLI,SCSCF,T:ASLI,SCSCF,I-500:SCSCF,ASLI,A:SCSCF,PCSCF,T:MTAS,SCSCF,I:SCSCF,MTAS,T:SCSCF,GTW,I:GTW,SCSCF,T:GTW,SCSCF,I-200:SCSCF,MTAS,I-200:SCSCF,PCSCF,I-200:PCSCF,SCSCF,A:SCSCF,MTAS,A:MTAS,SCSCF,A:SCSCF,GTW,A:MTAS,SCSCF,U:SCSCF,GTW,U:SCSCF,PCSCF,U:GTW,SCSCF,U-200:SCSCF,MTAS,U-200:PCSCF,SCSCF,U-200:SCSCF,MTAS,U-200:PCSCF,SCSCF,B:SCSCF,MTAS,B:MTAS,SCSCF,B:SCSCF,GTW,B:GTW,SCSCF,B-200:SCSCF,MTAS,B-200:MTAS,SCSCF,B-200:SCSCF,PCSCF,B-200"
666,0,0,"PCSCF,SCSCF,I:SCSCF,ASLI,I:ASLI,SCSCF,T:ASLI,SCSCF,I-500:SCSCF,ASLI,A:MTAS,SCSCF,I:SCSCF,MTAS,T:SCSCF,PCSCF,T:SCSCF,GTW,I:GTW,SCSCF,T:GTW,SCSCF,R:SCSCF,MTAS,R:SCSCF,PCSCF,R:PCSCF,SCSCF,P:MTAS,SCSCF,P:SCSCF,GTW,P:GTW,SCSCF,P-200:SCSCF,MTAS,P-200:SCSCF,PCSCF,P-200:PCSCF,SCSCF,C:SCSCF,PCSCF,C-200:MTAS,SCSCF,C:SCSCF,MTAS,C-200:SCSCF,GTW,C:GTW,SCSCF,C-200:GTW,SCSCF,I-487:SCSCF,GTW,A:SCSCF,MTAS,I-487:MTAS,SCSCF,A:SCSCF,PCSCF,I-487:PCSCF,SCSCF,A"
667,0,0,"GTW,ICSCF,I:ICSCF,GTW,T:SCSCF,ASLI,I:ASLI,SCSCF,T:ASLI,SCSCF,I-500:SCSCF,ASLI,A:SCSCF,MTAS,I:MTAS,SCSCF,T:MTAS,SCSCF,I:SCSCF,MTAS,T:SCSCF,PCSCF,I:PCSCF,SCSCF,T:PCSCF,SCSCF,R:SCSCF,MTAS,R:MTAS,SCSCF,R:ICSCF,GTW,R:GTW,SCSCF,P:SCSCF,MTAS,P:SCSCF,PCSCF,P:MTAS,SCSCF,P:PCSCF,SCSCF,P-200:SCSCF,MTAS,P-200:MTAS,SCSCF,P-200:SCSCF,GTW,P-200:GTW,ICSCF,C:ICSCF,GTW,C-200:SCSCF,MTAS,C:MTAS,SCSCF,C-200:MTAS,SCSCF,C:SCSCF,MTAS,C-200:SCSCF,PCSCF,C:PCSCF,SCSCF,C-200:PCSCF,SCSCF,I-487:SCSCF,PCSCF,A:SCSCF,MTAS,I-487:MTAS,SCSCF,A:MTAS,SCSCF,I-487:SCSCF,MTAS,A:ICSCF,GTW,I-487:GTW,ICSCF,A"
668,0,0,"PCSCF,SCSCF,I:SCSCF,PCSCF,T:SCSCF,ASLI,I:ASLI,SCSCF,T:ASLI,SCSCF,I-500:SCSCF,ASLI,A:MTAS,SCSCF,I:SCSCF,MTAS,T:SCSCF,GTW,I:GTW,SCSCF,T:GTW,SCSCF,R:SCSCF,MTAS,R:SCSCF,PCSCF,R:PCSCF,SCSCF,P:MTAS,SCSCF,P:SCSCF,GTW,P:GTW,SCSCF,P-200:SCSCF,MTAS,P-200:SCSCF,PCSCF,P-200:GTW,SCSCF,I-200:SCSCF,MTAS,I-200:SCSCF,PCSCF,I-200:PCSCF,SCSCF,A:SCSCF,MTAS,A:MTAS,SCSCF,A:SCSCF,GTW,A:MTAS,SCSCF,U:SCSCF,GTW,U:GTW,SCSCF,U-200:SCSCF,MTAS,U-200:MTAS,SCSCF,U:SCSCF,PCSCF,U:PCSCF,SCSCF,U-200:SCSCF,MTAS,U-200:MTAS,SCSCF,U:SCSCF,GTW,U:GTW,SCSCF,U-200:SCSCF,MTAS,U-200:MTAS,SCSCF,U:SCSCF,PCSCF,U:PCSCF,SCSCF,U-200:SCSCF,MTAS,U-200:MTAS,SCSCF,U:SCSCF,GTW,U:SCSCF,PCSCF,U:GTW,SCSCF,U-200:SCSCF,MTAS,U-200:PCSCF,SCSCF,U-200:SCSCF,MTAS,U-200:MTAS,SCSCF,U:SCSCF,GTW,U:GTW,SCSCF,U-200:SCSCF,MTAS,U-200:MTAS,SCSCF,U:SCSCF,PCSCF,U:PCSCF,SCSCF,U-200:SCSCF,MTAS,U-200:PCSCF,SCSCF,B:MTAS,SCSCF,B:SCSCF,GTW,B:GTW,SCSCF,B-200:SCSCF,MTAS,B-200:SCSCF,PCSCF,B-200"
669,0,0,"GTW,ICSCF,I:ICSCF,GTW,T:SCSCF,ASLI,I:ASLI,SCSCF,T:ASLI,SCSCF,I-500:SCSCF,ASLI,A:SCSCF,MTAS,I:MTAS,SCSCF,T:MTAS,SCSCF,I:SCSCF,MTAS,T:SCSCF,PCSCF,I:PCSCF,SCSCF,T:PCSCF,SCSCF,R:SCSCF,MTAS,R:MTAS,SCSCF,R:ICSCF,GTW,R:GTW,SCSCF,P:MTAS,SCSCF,P:SCSCF,MTAS,P:SCSCF,PCSCF,P:PCSCF,SCSCF,P-200:SCSCF,MTAS,P-200:MTAS,SCSCF,P-200:SCSCF,GTW,P-200:GTW,ICSCF,C:ICSCF,GTW,C-200:SCSCF,MTAS,C:MTAS,SCSCF,C-200:MTAS,SCSCF,C:SCSCF,MTAS,C-200:SCSCF,PCSCF,C:PCSCF,SCSCF,C-200:PCSCF,SCSCF,I-487:SCSCF,PCSCF,A:SCSCF,MTAS,I-487:MTAS,SCSCF,A:MTAS,SCSCF,I-487:SCSCF,MTAS,A:ICSCF,GTW,I-487:GTW,ICSCF,A"
670,0,0,"PCSCF,SCSCF,I:SCSCF,PCSCF,T:SCSCF,ASLI,I:ASLI,SCSCF,T:ASLI,SCSCF,I-500:SCSCF,ASLI,A:MTAS,SCSCF,I:SCSCF,MTAS,T:SCSCF,GTW,I:GTW,SCSCF,T:GTW,SCSCF,S:SCSCF,MTAS,S:SCSCF,PCSCF,S:PCSCF,SCSCF,P:MTAS,SCSCF,P:SCSCF,GTW,P:GTW,SCSCF,P-200:SCSCF,MTAS,P-200:SCSCF,PCSCF,P-200:GTW,SCSCF,S:GTW,SCSCF,I-200:SCSCF,MTAS,I-200:SCSCF,PCSCF,I-200:PCSCF,SCSCF,A:SCSCF,MTAS,A:MTAS,SCSCF,A:SCSCF,GTW,A:PCSCF,SCSCF,B:MTAS,SCSCF,B:SCSCF,GTW,B:GTW,SCSCF,B-200:SCSCF,MTAS,B-200:SCSCF,PCSCF,B-200"
671,0,0,"GTW,ICSCF,I:ICSCF,GTW,T:SCSCF,ASLI,I:ASLI,SCSCF,T:ASLI,SCSCF,I-500:SCSCF,ASLI,A:SCSCF,MTAS,I:MTAS,SCSCF,T:MTAS,SCSCF,I:SCSCF,MTAS,T:SCSCF,PCSCF,I:PCSCF,SCSCF,T:PCSCF,SCSCF,R:SCSCF,MTAS,R:MTAS,SCSCF,R:ICSCF,GTW,R:GTW,SCSCF,P:SCSCF,MTAS,P:MTAS,SCSCF,P:SCSCF,PCSCF,P:PCSCF,SCSCF,P-200:SCSCF,MTAS,P-200:MTAS,SCSCF,P-200:SCSCF,GTW,P-200:PCSCF,SCSCF,I-200:SCSCF,MTAS,I-200:MTAS,SCSCF,I-200:ICSCF,GTW,I-200:GTW,SCSCF,A:SCSCF,MTAS,A:MTAS,SCSCF,A:SCSCF,PCSCF,A:MTAS,SCSCF,U:SCSCF,PCSCF,U:PCSCF,SCSCF,U-200:SCSCF,MTAS,U-200:MTAS,SCSCF,U:SCSCF,GTW,U:GTW,SCSCF,U-200:SCSCF,MTAS,U-200:MTAS,SCSCF,U:SCSCF,PCSCF,U:SCSCF,GTW,U:GTW,SCSCF,U-200:SCSCF,MTAS,U-200:PCSCF,SCSCF,U-200:SCSCF,MTAS,U-200:MTAS,SCSCF,U:SCSCF,GTW,U:GTW,SCSCF,U-200:SCSCF,MTAS,U-200:MTAS,SCSCF,U:SCSCF,PCSCF,U:PCSCF,SCSCF,U-200:SCSCF,MTAS,U-200:GTW,SCSCF,B:SCSCF,MTAS,B:MTAS,SCSCF,B:SCSCF,PCSCF,B:PCSCF,SCSCF,B-200:SCSCF,MTAS,B-200:MTAS,SCSCF,B-200:SCSCF,GTW,B-200"
672,0,0,"PCSCF,SCSCF,I:SCSCF,PCSCF,T:SCSCF,ASLI,I:ASLI,SCSCF,T:ASLI,SCSCF,I-500:SCSCF,ASLI,A:MTAS,SCSCF,I:SCSCF,MTAS,T:SCSCF,GTW,I:GTW,SCSCF,T:GTW,SCSCF,R:SCSCF,MTAS,R:SCSCF,PCSCF,R:PCSCF,SCSCF,P:MTAS,SCSCF,P:SCSCF,GTW,P:GTW,SCSCF,P-200:SCSCF,MTAS,P-200:SCSCF,PCSCF,P-200:GTW,SCSCF,I-200:SCSCF,MTAS,I-200:SCSCF,PCSCF,I-200:PCSCF,SCSCF,A:SCSCF,MTAS,A:MTAS,SCSCF,A:SCSCF,GTW,A:MTAS,SCSCF,U:SCSCF,GTW,U:GTW,SCSCF,U-200:SCSCF,MTAS,U-200:MTAS,SCSCF,U:SCSCF,PCSCF,U:PCSCF,SCSCF,U-200:SCSCF,MTAS,U-200:MTAS,SCSCF,U:SCSCF,GTW,U:SCSCF,PCSCF,U:GTW,SCSCF,U-200:SCSCF,MTAS,U-200:PCSCF,SCSCF,U-200:SCSCF,MTAS,U-200:PCSCF,SCSCF,B:GTW,SCSCF,B:MTAS,SCSCF,B:SCSCF,GTW,B:GTW,SCSCF,B-200:SCSCF,MTAS,B-200:SCSCF,GTW,B-200:SCSCF,PCSCF,B-200"
673,0,0,"PCSCF,SCSCF,I:SCSCF,PCSCF,T:SCSCF,ASLI,I:ASLI,SCSCF,T:ASLI,SCSCF,I-500:SCSCF,ASLI,A:MTAS,SCSCF,I:SCSCF,MTAS,T:SCSCF,GTW,I:GTW,SCSCF,T:GTW,SCSCF,S:SCSCF,MTAS,S:SCSCF,PCSCF,S:PCSCF,SCSCF,P:SCSCF,MTAS,P:MTAS,SCSCF,P:SCSCF,GTW,P:GTW,SCSCF,P-200:SCSCF,MTAS,P-200:MTAS,SCSCF,P-200:SCSCF,PCSCF,P-200:GTW,SCSCF,R:SCSCF,MTAS,R:SCSCF,PCSCF,R:PCSCF,SCSCF,P:SCSCF,MTAS,P:MTAS,SCSCF,P:SCSCF,GTW,P:GTW,SCSCF,P-200:SCSCF,MTAS,P-200:MTAS,SCSCF,P-200:SCSCF,PCSCF,P-200:GTW,SCSCF,I-480:SCSCF,GTW,A:SCSCF,MTAS,I-480:MTAS,SCSCF,A:SCSCF,PCSCF,I-480:PCSCF,SCSCF,A"
674,0,0,"PCSCF,SCSCF,I:SCSCF,PCSCF,T:SCSCF,PCSCF,I-407:PCSCF,SCSCF,A:PCSCF,SCSCF,I:SCSCF,ASLI,I:ASLI,SCSCF,T:ASLI,SCSCF,I-500:SCSCF,ASLI,A:SCSCF,PCSCF,T:MTAS,SCSCF,I:SCSCF,MTAS,T:SCSCF,GTW,I:GTW,SCSCF,T:GTW,SCSCF,R:SCSCF,MTAS,R:SCSCF,PCSCF,R:PCSCF,SCSCF,P:MTAS,SCSCF,P:SCSCF,GTW,P:GTW,SCSCF,P-200:SCSCF,MTAS,P-200:SCSCF,PCSCF,P-200:PCSCF,SCSCF,C:MTAS,SCSCF,C:SCSCF,MTAS,C-200:SCSCF,GTW,C:SCSCF,PCSCF,C-200:GTW,SCSCF,C-200:GTW,SCSCF,I-487:SCSCF,GTW,A:SCSCF,MTAS,I-487:MTAS,SCSCF,A:SCSCF,PCSCF,I-487:PCSCF,SCSCF,A"
675,0,0,"PCSCF,SCSCF,I:SCSCF,PCSCF,T:SCSCF,PCSCF,I-407:PCSCF,SCSCF,A:PCSCF,SCSCF,I:SCSCF,ASLI,I:SCSCF,PCSCF,T:ASLI,SCSCF,T:ASLI,SCSCF,I-500:SCSCF,ASLI,A:MTAS,SCSCF,I:SCSCF,MTAS,T:SCSCF,ASLI,I:ASLI,SCSCF,T:ASLI,SCSCF,I-500:SCSCF,ASLI,A:SCSCF,MTAS,I:MTAS,SCSCF,I:SCSCF,MTAS,T:SCSCF,PCSCF,I:PCSCF,SCSCF,T:MTAS,SCSCF,T:PCSCF,SCSCF,R:SCSCF,MTAS,R:MTAS,SCSCF,R:SCSCF,MTAS,R:SCSCF,PCSCF,R:PCSCF,SCSCF,P:MTAS,SCSCF,P:SCSCF,MTAS,P:MTAS,SCSCF,P:SCSCF,PCSCF,P:PCSCF,SCSCF,P-200:SCSCF,MTAS,P-200:MTAS,SCSCF,P-200:SCSCF,MTAS,P-200:SCSCF,PCSCF,P-200:PCSCF,SCSCF,C:MTAS,SCSCF,C:SCSCF,MTAS,C-200:SCSCF,MTAS,C:MTAS,SCSCF,C-200:MTAS,SCSCF,C:SCSCF,MTAS,C-200:SCSCF,PCSCF,C:SCSCF,PCSCF,C-200:PCSCF,SCSCF,C-200:PCSCF,SCSCF,I-487:SCSCF,PCSCF,A:SCSCF,MTAS,I-487:MTAS,SCSCF,A:MTAS,SCSCF,I-487:SCSCF,MTAS,A:SCSCF,MTAS,I-487:MTAS,SCSCF,A:SCSCF,PCSCF,I-487:PCSCF,SCSCF,A"
676,0,0,"PCSCF,SCSCF,I:SCSCF,PCSCF,T:SCSCF,ASLI,I:ASLI,SCSCF,T:ASLI,SCSCF,I-500:SCSCF,ASLI,A:MTAS,SCSCF,I:SCSCF,MTAS,T:SCSCF,GTW,I:GTW,SCSCF,T:GTW,SCSCF,S:SCSCF,MTAS,S:SCSCF,PCSCF,S:PCSCF,SCSCF,P:SCSCF,MTAS,P:MTAS,SCSCF,P:SCSCF,GTW,P:GTW,SCSCF,P-200:SCSCF,MTAS,P-200:MTAS,SCSCF,P-200:SCSCF,PCSCF,P-200:GTW,SCSCF,R:SCSCF,MTAS,R:SCSCF,PCSCF,R:PCSCF,SCSCF,P:SCSCF,MTAS,P:MTAS,SCSCF,P:SCSCF,GTW,P:GTW,SCSCF,P-200:SCSCF,MTAS,P-200:MTAS,SCSCF,P-200:SCSCF,PCSCF,P-200:PCSCF,SCSCF,C:SCSCF,PCSCF,C-200:MTAS,SCSCF,C:SCSCF,MTAS,C-200:SCSCF,GTW,C:GTW,SCSCF,C-200:SCSCF,MTAS,I-487:MTAS,SCSCF,A:GTW,SCSCF,I-487:SCSCF,GTW,A:SCSCF,PCSCF,I-487:PCSCF,SCSCF,A"
677,0,0,"PCSCF,SCSCF,I:SCSCF,ASLI,I:ASLI,SCSCF,T:ASLI,SCSCF,I-500:SCSCF,ASLI,A:SCSCF,PCSCF,T:MTAS,SCSCF,I:SCSCF,MTAS,T:SCSCF,ASLI,I:ASLI,SCSCF,T:ASLI,SCSCF,I-500:SCSCF,ASLI,A:SCSCF,MTAS,I:MTAS,SCSCF,T:MTAS,SCSCF,I-486:SCSCF,MTAS,A:SCSCF,MTAS,I-486:MTAS,SCSCF,A:SCSCF,PCSCF,S:SCSCF,MTAS,P:PCSCF,SCSCF,P:MTAS,SCSCF,P-200:SCSCF,PCSCF,P-200:PCSCF,SCSCF,C:SCSCF,PCSCF,C-200:SCSCF,PCSCF,I-487:PCSCF,SCSCF,A"
678,0,0,"PCSCF,SCSCF,I:SCSCF,PCSCF,T:SCSCF,ASLI,I:ASLI,SCSCF,T:ASLI,SCSCF,I-500:MTAS,SCSCF,I:SCSCF,MTAS,T:SCSCF,ASLI,A:SCSCF,GTW,I:GTW,SCSCF,T:GTW,SCSCF,S:SCSCF,MTAS,S:SCSCF,PCSCF,S:PCSCF,SCSCF,P:SCSCF,MTAS,P:MTAS,SCSCF,P:SCSCF,GTW,P:GTW,SCSCF,P-200:SCSCF,MTAS,P-200:MTAS,SCSCF,P-200:SCSCF,PCSCF,P-200:GTW,SCSCF,R:SCSCF,MTAS,R:SCSCF,PCSCF,R:PCSCF,SCSCF,P:SCSCF,MTAS,P:MTAS,SCSCF,P:SCSCF,GTW,P:GTW,SCSCF,P-200:SCSCF,MTAS,P-200:MTAS,SCSCF,P-200:SCSCF,PCSCF,P-200:GTW,SCSCF,S:SCSCF,MTAS,S:SCSCF,PCSCF,S:PCSCF,SCSCF,P:SCSCF,MTAS,P:MTAS,SCSCF,P:SCSCF,GTW,P:GTW,SCSCF,P-200:SCSCF,MTAS,P-200:MTAS,SCSCF,P-200:SCSCF,PCSCF,P-200:GTW,SCSCF,U:MTAS,SCSCF,U:SCSCF,PCSCF,U:PCSCF,SCSCF,U-200:SCSCF,MTAS,U-200:SCSCF,GTW,U-200:GTW,SCSCF,I-200:SCSCF,MTAS,I-200:SCSCF,PCSCF,I-200:PCSCF,SCSCF,A:SCSCF,MTAS,A:MTAS,SCSCF,A:SCSCF,GTW,A:PCSCF,SCSCF,B:SCSCF,MTAS,B:MTAS,SCSCF,B:SCSCF,GTW,B:GTW,SCSCF,B-200:SCSCF,MTAS,B-200:MTAS,SCSCF,B-200:SCSCF,PCSCF,B-200"
679,0,0,"PCSCF,SCSCF,I:SCSCF,PCSCF,T:SCSCF,ASLI,I:ASLI,SCSCF,T:ASLI,SCSCF,I-500:SCSCF,ASLI,A:MTAS,SCSCF,I:SCSCF,MTAS,T:SCSCF,GTW,I:GTW,SCSCF,T:GTW,SCSCF,S:SCSCF,MTAS,S:SCSCF,PCSCF,S:PCSCF,SCSCF,P:SCSCF,MTAS,P:MTAS,SCSCF,P:SCSCF,GTW,P:GTW,SCSCF,P-200:GTW,SCSCF,S:SCSCF,MTAS,S:SCSCF,MTAS,P-200:MTAS,SCSCF,P-200:SCSCF,PCSCF,P-200:SCSCF,PCSCF,S:PCSCF,SCSCF,P:SCSCF,MTAS,P:MTAS,SCSCF,P:SCSCF,GTW,P:GTW,SCSCF,P-200:SCSCF,MTAS,P-200:MTAS,SCSCF,P-200:SCSCF,PCSCF,P-200:GTW,SCSCF,R:SCSCF,MTAS,R:SCSCF,PCSCF,R:PCSCF,SCSCF,P:SCSCF,MTAS,P:MTAS,SCSCF,P:SCSCF,GTW,P:GTW,SCSCF,P-200:SCSCF,MTAS,P-200:MTAS,SCSCF,P-200:SCSCF,PCSCF,P-200:PCSCF,SCSCF,C:SCSCF,PCSCF,C-200:MTAS,SCSCF,C:SCSCF,MTAS,C-200:SCSCF,GTW,C:GTW,SCSCF,C-200:GTW,SCSCF,I-487:SCSCF,GTW,A:SCSCF,MTAS,I-487:MTAS,SCSCF,A:SCSCF,PCSCF,I-487:PCSCF,SCSCF,A"
680,0,0,"PCSCF,SCSCF,I:SCSCF,PCSCF,T:SCSCF,ASLI,I:ASLI,SCSCF,T:ASLI,SCSCF,I-500:SCSCF,ASLI,A:MTAS,SCSCF,I:SCSCF,MTAS,T:SCSCF,GTW,I:GTW,SCSCF,T:GTW,SCSCF,I-200:SCSCF,MTAS,I-200:SCSCF,PCSCF,I-200:SCSCF,MTAS,A:PCSCF,SCSCF,A:MTAS,SCSCF,A:SCSCF,GTW,A:GTW,SCSCF,B:MTAS,SCSCF,B:SCSCF,PCSCF,B:PCSCF,SCSCF,B-200:SCSCF,MTAS,B-200:SCSCF,GTW,B-200"
681,0,0,"GTW,ICSCF,I:ICSCF,GTW,T:SCSCF,ASLI,I:ASLI,SCSCF,T:ASLI,SCSCF,I-500:SCSCF,ASLI,A:SCSCF,MTAS,I:MTAS,SCSCF,T:MTAS,SCSCF,I:SCSCF,MTAS,T:SCSCF,PCSCF,I:PCSCF,SCSCF,T:PCSCF,SCSCF,R:SCSCF,MTAS,R:MTAS,SCSCF,R:SCSCF,MTAS,P:MTAS,SCSCF,P:ICSCF,GTW,R:GTW,SCSCF,P:SCSCF,PCSCF,P:PCSCF,SCSCF,P-200:SCSCF,MTAS,P-200:MTAS,SCSCF,P-200:SCSCF,GTW,P-200:GTW,ICSCF,C:ICSCF,GTW,C-200:SCSCF,MTAS,C:MTAS,SCSCF,C-200:MTAS,SCSCF,C:SCSCF,MTAS,C-200:SCSCF,PCSCF,C:PCSCF,SCSCF,C-200:PCSCF,SCSCF,I-487:SCSCF,PCSCF,A:SCSCF,MTAS,I-487:MTAS,SCSCF,A:MTAS,SCSCF,I-487:SCSCF,MTAS,A:ICSCF,GTW,I-487:GTW,ICSCF,A"
682,0,0,"PCSCF,SCSCF,I:SCSCF,PCSCF,T:SCSCF,ASLI,I:ASLI,SCSCF,T:ASLI,SCSCF,I-500:SCSCF,ASLI,A:MTAS,SCSCF,I:SCSCF,MTAS,T:SCSCF,GTW,I:GTW,SCSCF,T:GTW,SCSCF,R:SCSCF,MTAS,R:SCSCF,PCSCF,R:PCSCF,SCSCF,P:SCSCF,MTAS,P:MTAS,SCSCF,P:SCSCF,GTW,P:GTW,SCSCF,P-200:SCSCF,MTAS,P-200:MTAS,SCSCF,P-200:SCSCF,PCSCF,P-200:PCSCF,SCSCF,C:SCSCF,PCSCF,C-200:SCSCF,GTW,C:MTAS,SCSCF,C:SCSCF,MTAS,C-200:GTW,SCSCF,C-200:GTW,SCSCF,I-487:SCSCF,GTW,A:SCSCF,MTAS,I-487:MTAS,SCSCF,A:SCSCF,PCSCF,I-487:PCSCF,SCSCF,A"
683,0,0,"GTW,ICSCF,I:ICSCF,GTW,T:SCSCF,ASLI,I:ASLI,SCSCF,T:ASLI,SCSCF,I-500:SCSCF,ASLI,A:SCSCF,MTAS,I:MTAS,SCSCF,T:MTAS,SCSCF,I:SCSCF,MTAS,T:SCSCF,PCSCF,I:PCSCF,SCSCF,T:PCSCF,SCSCF,R:SCSCF,MTAS,R:MTAS,SCSCF,R:ICSCF,GTW,R:GTW,SCSCF,P:SCSCF,MTAS,P:MTAS,SCSCF,P:SCSCF,PCSCF,P:PCSCF,SCSCF,P-200:SCSCF,MTAS,P-200:MTAS,SCSCF,P-200:SCSCF,GTW,P-200:SCSCF,MTAS,I-200:ICSCF,GTW,I-200:PCSCF,SCSCF,I-200:MTAS,SCSCF,I-200:GTW,SCSCF,A:SCSCF,MTAS,A:MTAS,SCSCF,A:SCSCF,PCSCF,A:GTW,SCSCF,B:SCSCF,MTAS,B:MTAS,SCSCF,B:SCSCF,PCSCF,B:PCSCF,SCSCF,B-200:SCSCF,MTAS,B-200:MTAS,SCSCF,B-200:SCSCF,GTW,B-200"
684,0,0,"GTW,ICSCF,I:ICSCF,GTW,T:SCSCF,ASLI,I:ASLI,SCSCF,T:ASLI,SCSCF,I-500:SCSCF,MTAS,I:MTAS,SCSCF,T:MTAS,SCSCF,I:SCSCF,ASLI,A:SCSCF,MTAS,T:MTAS,SCSCF,W:ICSCF,GTW,W:SCSCF,GTW,I:GTW,SCSCF,T:GTW,SCSCF,S:SCSCF,MTAS,S:MTAS,SCSCF,S:ICSCF,GTW,S:GTW,SCSCF,P:SCSCF,MTAS,P:MTAS,SCSCF,P:SCSCF,GTW,P:GTW,SCSCF,P-200:SCSCF,MTAS,P-200:MTAS,SCSCF,P-200:SCSCF,GTW,P-200:GTW,SCSCF,R:SCSCF,MTAS,R:MTAS,SCSCF,R:ICSCF,GTW,R:GTW,SCSCF,P:SCSCF,MTAS,P:MTAS,SCSCF,P:SCSCF,GTW,P:GTW,SCSCF,P-200:SCSCF,MTAS,P-200:MTAS,SCSCF,P-200:SCSCF,GTW,P-200:GTW,ICSCF,C:ICSCF,GTW,C-200:SCSCF,MTAS,C:MTAS,SCSCF,C-200:MTAS,SCSCF,C:SCSCF,MTAS,C-200:SCSCF,GTW,C:GTW,SCSCF,C-200:GTW,SCSCF,I-487:SCSCF,GTW,A:SCSCF,MTAS,I-487:MTAS,SCSCF,A:MTAS,SCSCF,I-487:SCSCF,MTAS,A:ICSCF,GTW,I-487:GTW,ICSCF,A"
685,0,0,"GTW,ICSCF,I:ICSCF,GTW,T:SCSCF,ASLI,I:ASLI,SCSCF,T:ASLI,SCSCF,I-500:SCSCF,ASLI,A:SCSCF,MTAS,I:MTAS,SCSCF,T:MTAS,SCSCF,I:SCSCF,MTAS,T:SCSCF,PCSCF,I:PCSCF,SCSCF,T:MTAS,SCSCF,R:ICSCF,GTW,R:PCSCF,SCSCF,R:SCSCF,MTAS,R:GTW,SCSCF,P:SCSCF,MTAS,P:MTAS,SCSCF,P:SCSCF,PCSCF,P:PCSCF,SCSCF,P-200:SCSCF,MTAS,P-200:MTAS,SCSCF,P-200:SCSCF,GTW,P-200:GTW,ICSCF,C:ICSCF,GTW,C-200:SCSCF,MTAS,C:MTAS,SCSCF,C-200:MTAS,SCSCF,C:SCSCF,MTAS,C-200:SCSCF,PCSCF,C:PCSCF,SCSCF,C-200:PCSCF,SCSCF,I-487:SCSCF,PCSCF,A:SCSCF,MTAS,I-487:MTAS,SCSCF,A:MTAS,SCSCF,I-487:SCSCF,MTAS,A:ICSCF,GTW,I-487:GTW,ICSCF,A"
686,0,0,"PCSCF,SCSCF,I:SCSCF,PCSCF,T:SCSCF,PCSCF,I-407:PCSCF,SCSCF,A:PCSCF,SCSCF,I:SCSCF,ASLI,I:ASLI,SCSCF,T:ASLI,SCSCF,I-500:SCSCF,ASLI,A:SCSCF,PCSCF,T:MTAS,SCSCF,I:SCSCF,MTAS,T:SCSCF,GTW,I:GTW,SCSCF,T:GTW,SCSCF,S:SCSCF,MTAS,S:SCSCF,PCSCF,S:PCSCF,SCSCF,P:MTAS,SCSCF,P:SCSCF,GTW,P:GTW,SCSCF,P-200:SCSCF,MTAS,P-200:SCSCF,PCSCF,P-200:PCSCF,SCSCF,C:SCSCF,PCSCF,C-200:MTAS,SCSCF,C:SCSCF,MTAS,C-200:SCSCF,GTW,C:GTW,SCSCF,C-200:GTW,SCSCF,I-487:SCSCF,GTW,A:SCSCF,MTAS,I-487:MTAS,SCSCF,A:SCSCF,PCSCF,I-487:PCSCF,SCSCF,A"
687,0,0,"PCSCF,SCSCF,I:SCSCF,PCSCF,T:SCSCF,PCSCF,I-407:PCSCF,SCSCF,A:PCSCF,SCSCF,I:SCSCF,PCSCF,T:SCSCF,ASLI,I:ASLI,SCSCF,T:ASLI,SCSCF,I-500:SCSCF,ASLI,A:MTAS,SCSCF,I:SCSCF,MTAS,T:SCSCF,GTW,I:GTW,SCSCF,T:GTW,SCSCF,S:SCSCF,MTAS,S:SCSCF,PCSCF,S:PCSCF,SCSCF,P:MTAS,SCSCF,P:SCSCF,GTW,P:GTW,SCSCF,P-200:SCSCF,MTAS,P-200:SCSCF,PCSCF,P-200:GTW,SCSCF,R:SCSCF,MTAS,R:SCSCF,PCSCF,R:PCSCF,SCSCF,P:MTAS,SCSCF,P:SCSCF,GTW,P:GTW,SCSCF,P-200:SCSCF,MTAS,P-200:SCSCF,PCSCF,P-200:GTW,SCSCF,I-480:SCSCF,GTW,A:SCSCF,MTAS,I-480:MTAS,SCSCF,A:SCSCF,PCSCF,I-480:PCSCF,SCSCF,A"
688,0,0,"PCSCF,SCSCF,I:SCSCF,PCSCF,T:SCSCF,PCSCF,I-407:PCSCF,SCSCF,A:PCSCF,SCSCF,I:SCSCF,PCSCF,T:SCSCF,ASLI,I:ASLI,SCSCF,T:ASLI,SCSCF,I-500:SCSCF,ASLI,A:MTAS,SCSCF,I:SCSCF,MTAS,T:SCSCF,GTW,I:GTW,SCSCF,T:GTW,SCSCF,R:SCSCF,MTAS,R:SCSCF,PCSCF,R:PCSCF,SCSCF,P:MTAS,SCSCF,P:SCSCF,GTW,P:GTW,SCSCF,P-200:SCSCF,MTAS,P-200:SCSCF,PCSCF,P-200:PCSCF,SCSCF,C:MTAS,SCSCF,C:SCSCF,MTAS,C-200:SCSCF,GTW,C:GTW,SCSCF,C-200:GTW,SCSCF,I-487:SCSCF,GTW,A:SCSCF,MTAS,I-487:MTAS,SCSCF,A:SCSCF,PCSCF,C-200:SCSCF,PCSCF,I-487:PCSCF,SCSCF,A"
689,0,0,"GTW,ICSCF,I:ICSCF,GTW,T:SCSCF,ASLI,I:ASLI,SCSCF,T:ASLI,SCSCF,I-500:SCSCF,ASLI,A:SCSCF,MTAS,I:MTAS,SCSCF,T:MTAS,SCSCF,I:SCSCF,MTAS,T:SCSCF,PCSCF,I:PCSCF,SCSCF,T:PCSCF,SCSCF,R:SCSCF,MTAS,R:MTAS,SCSCF,R:ICSCF,GTW,R:GTW,SCSCF,P:SCSCF,MTAS,P:MTAS,SCSCF,P:SCSCF,PCSCF,P:PCSCF,SCSCF,P-200:SCSCF,MTAS,P-200:MTAS,SCSCF,P-200:SCSCF,GTW,P-200:PCSCF,SCSCF,I-200:SCSCF,MTAS,I-200:MTAS,SCSCF,I-200:ICSCF,GTW,I-200:GTW,SCSCF,A:SCSCF,MTAS,A:MTAS,SCSCF,A:SCSCF,PCSCF,A:PCSCF,SCSCF,I:SCSCF,MTAS,I:MTAS,SCSCF,T:MTAS,SCSCF,I:SCSCF,MTAS,T:SCSCF,GTW,I:GTW,SCSCF,T:GTW,SCSCF,I-200:SCSCF,MTAS,I-200:MTAS,SCSCF,I-200:SCSCF,PCSCF,T:SCSCF,PCSCF,I-200:PCSCF,SCSCF,A:SCSCF,MTAS,A:MTAS,SCSCF,A:SCSCF,GTW,A:GTW,SCSCF,B:SCSCF,MTAS,B:MTAS,SCSCF,B:SCSCF,PCSCF,B:PCSCF,SCSCF,B-200:SCSCF,MTAS,B-200:MTAS,SCSCF,B-200:SCSCF,GTW,B-200"
690,0,0,"GTW,ICSCF,I:ICSCF,GTW,T:SCSCF,ASLI,I:ASLI,SCSCF,T:ASLI,SCSCF,I-500:SCSCF,MTAS,I:MTAS,SCSCF,T:MTAS,SCSCF,I:SCSCF,MTAS,T:SCSCF,PCSCF,I:SCSCF,ASLI,A:PCSCF,SCSCF,T:PCSCF,SCSCF,I-486:SCSCF,PCSCF,A:SCSCF,MTAS,I-486:MTAS,SCSCF,A:MTAS,SCSCF,I-486:SCSCF,MTAS,A:ICSCF,GTW,I-486:GTW,ICSCF,A"
691,0,0,"PCSCF,SCSCF,I:SCSCF,ASLI,I:ASLI,SCSCF,T:ASLI,SCSCF,I-500:SCSCF,ASLI,A:SCSCF,PCSCF,T:MTAS,SCSCF,I:SCSCF,MTAS,T:SCSCF,ASLI,I:ASLI,SCSCF,T:ASLI,SCSCF,I-500:SCSCF,ASLI,A:SCSCF,MTAS,I:MTAS,SCSCF,T:MTAS,SCSCF,I:SCSCF,MTAS,T:SCSCF,PCSCF,I:PCSCF,SCSCF,T:SCSCF,PCSCF,I:PCSCF,SCSCF,T:PCSCF,SCSCF,R:SCSCF,MTAS,R:MTAS,SCSCF,R:SCSCF,MTAS,R:SCSCF,PCSCF,R:PCSCF,SCSCF,P:MTAS,SCSCF,P:SCSCF,MTAS,P:MTAS,SCSCF,P:SCSCF,PCSCF,P:PCSCF,SCSCF,P-200:SCSCF,MTAS,P-200:MTAS,SCSCF,P-200:SCSCF,MTAS,P-200:SCSCF,PCSCF,P-200:PCSCF,SCSCF,I-408:SCSCF,PCSCF,A:PCSCF,SCSCF,I-200:SCSCF,MTAS,I-200:MTAS,SCSCF,I-200:SCSCF,MTAS,I-200:SCSCF,PCSCF,I-200:PCSCF,SCSCF,A:MTAS,SCSCF,A:SCSCF,MTAS,A:MTAS,SCSCF,A:SCSCF,PCSCF,A:MTAS,SCSCF,U:SCSCF,PCSCF,U:MTAS,SCSCF,U:PCSCF,SCSCF,U-200:SCSCF,MTAS,U-200:PCSCF,SCSCF,U-200:SCSCF,MTAS,U-200:PCSCF,SCSCF,B:SCSCF,MTAS,B:MTAS,SCSCF,B:SCSCF,PCSCF,B:PCSCF,SCSCF,B-200:SCSCF,MTAS,B-200:MTAS,SCSCF,B-200:SCSCF,PCSCF,B-200"
692,0,0,"PCSCF,SCSCF,I:SCSCF,PCSCF,T:SCSCF,ASLI,I:ASLI,SCSCF,T:ASLI,SCSCF,I-500:SCSCF,ASLI,A:MTAS,SCSCF,I:SCSCF,MTAS,T:SCSCF,GTW,I:GTW,SCSCF,T:GTW,SCSCF,S:SCSCF,MTAS,S:SCSCF,PCSCF,S:PCSCF,SCSCF,P:MTAS,SCSCF,P:SCSCF,GTW,P:GTW,SCSCF,P-200:SCSCF,MTAS,P-200:SCSCF,PCSCF,P-200:GTW,SCSCF,S:SCSCF,MTAS,S:SCSCF,PCSCF,S:PCSCF,SCSCF,P:MTAS,SCSCF,P:SCSCF,GTW,P:GTW,SCSCF,P-200:SCSCF,MTAS,P-200:SCSCF,PCSCF,P-200:GTW,SCSCF,S:SCSCF,MTAS,S:SCSCF,PCSCF,S:PCSCF,SCSCF,P:MTAS,SCSCF,P:SCSCF,GTW,P:GTW,SCSCF,P-200:SCSCF,MTAS,P-200:SCSCF,PCSCF,P-200:GTW,SCSCF,S:SCSCF,MTAS,S:SCSCF,PCSCF,S:PCSCF,SCSCF,P:MTAS,SCSCF,P:SCSCF,GTW,P:GTW,SCSCF,P-200:SCSCF,MTAS,P-200:SCSCF,PCSCF,P-200:GTW,SCSCF,S:SCSCF,MTAS,S:SCSCF,PCSCF,S:PCSCF,SCSCF,P:MTAS,SCSCF,P:SCSCF,GTW,P:GTW,SCSCF,P-200:SCSCF,MTAS,P-200:SCSCF,PCSCF,P-200:GTW,SCSCF,I-200:SCSCF,MTAS,I-200:SCSCF,PCSCF,I-200:PCSCF,SCSCF,A:SCSCF,MTAS,A:MTAS,SCSCF,A:SCSCF,GTW,A:PCSCF,SCSCF,B:SCSCF,MTAS,B:MTAS,SCSCF,B:SCSCF,GTW,B:GTW,SCSCF,B-200:SCSCF,MTAS,B-200:MTAS,SCSCF,B-200:SCSCF,PCSCF,B-200"
693,0,0,"GTW,ICSCF,I:ICSCF,GTW,T:SCSCF,ASLI,I:ASLI,SCSCF,T:ASLI,SCSCF,I-500:SCSCF,ASLI,A:SCSCF,MTAS,I:MTAS,SCSCF,T:MTAS,SCSCF,I:SCSCF,MTAS,T:SCSCF,PCSCF,I:PCSCF,SCSCF,T:PCSCF,SCSCF,R:SCSCF,MTAS,R:MTAS,SCSCF,R:ICSCF,GTW,R:GTW,SCSCF,P:SCSCF,MTAS,P:MTAS,SCSCF,P:SCSCF,PCSCF,P:PCSCF,SCSCF,P-200:SCSCF,MTAS,P-200:MTAS,SCSCF,P-200:SCSCF,GTW,P-200:PCSCF,SCSCF,I-200:SCSCF,MTAS,I-200:MTAS,SCSCF,I-200:ICSCF,GTW,I-200:GTW,SCSCF,A:SCSCF,MTAS,A:MTAS,SCSCF,A:SCSCF,PCSCF,A:GTW,SCSCF,B:SCSCF,MTAS,B:SCSCF,PCSCF,B:SCSCF,MTAS,B:MTAS,SCSCF,B:PCSCF,SCSCF,B:MTAS,SCSCF,B-200:SCSCF,PCSCF,B-200:PCSCF,SCSCF,B-200:SCSCF,MTAS,B-200:MTAS,SCSCF,B-200:SCSCF,GTW,B-200"
694,0,0,"PCSCF,SCSCF,I:SCSCF,ASLI,I:SCSCF,PCSCF,T:ASLI,SCSCF,T:ASLI,SCSCF,I-500:SCSCF,ASLI,A:MTAS,SCSCF,I:SCSCF,MTAS,T:SCSCF,GTW,I:GTW,SCSCF,T:GTW,SCSCF,R:SCSCF,MTAS,R:SCSCF,PCSCF,R:PCSCF,SCSCF,P:MTAS,SCSCF,P:SCSCF,GTW,P:GTW,SCSCF,P-200:SCSCF,MTAS,P-200:SCSCF,PCSCF,P-200:GTW,SCSCF,I-200:SCSCF,MTAS,I-200:SCSCF,PCSCF,I-200:PCSCF,SCSCF,A:SCSCF,MTAS,A:MTAS,SCSCF,A:SCSCF,GTW,A:PCSCF,SCSCF,B:MTAS,SCSCF,B:SCSCF,GTW,B:GTW,SCSCF,B-200:SCSCF,MTAS,B-200:SCSCF,PCSCF,B-200"
695,0,0,"PCSCF,SCSCF,I:SCSCF,PCSCF,T:SCSCF,PCSCF,I-407:PCSCF,SCSCF,A:PCSCF,SCSCF,I:SCSCF,ASLI,I:ASLI,SCSCF,T:ASLI,SCSCF,I-500:SCSCF,ASLI,A:SCSCF,PCSCF,T:MTAS,SCSCF,I:SCSCF,MTAS,T:SCSCF,GTW,I:GTW,SCSCF,T:GTW,SCSCF,S:SCSCF,MTAS,S:SCSCF,PCSCF,S:PCSCF,SCSCF,P:MTAS,SCSCF,P:SCSCF,GTW,P:GTW,SCSCF,P-200:GTW,SCSCF,R:SCSCF,MTAS,P-200:SCSCF,MTAS,R:SCSCF,PCSCF,P-200:SCSCF,PCSCF,R:PCSCF,SCSCF,P:MTAS,SCSCF,P:SCSCF,GTW,P:GTW,SCSCF,P-200:SCSCF,MTAS,P-200:SCSCF,PCSCF,P-200:GTW,SCSCF,I-200:SCSCF,MTAS,I-200:SCSCF,PCSCF,I-200:PCSCF,SCSCF,A:SCSCF,MTAS,A:MTAS,SCSCF,A:SCSCF,GTW,A:MTAS,SCSCF,U:SCSCF,GTW,U:GTW,SCSCF,U-200:SCSCF,PCSCF,U:SCSCF,MTAS,U-200:PCSCF,SCSCF,U-200:SCSCF,MTAS,U-200:PCSCF,SCSCF,B:MTAS,SCSCF,B:SCSCF,GTW,B:GTW,SCSCF,B-200:SCSCF,MTAS,B-200:SCSCF,PCSCF,B-200"
696,0,0,"GTW,ICSCF,I:ICSCF,GTW,T:SCSCF,ASLI,I:ASLI,SCSCF,T:ASLI,SCSCF,I-500:SCSCF,ASLI,A:SCSCF,MTAS,I:MTAS,SCSCF,T:MTAS,SCSCF,W:ICSCF,GTW,W:MTAS,SCSCF,I:SCSCF,MTAS,T:SCSCF,GTW,I:GTW,SCSCF,T:GTW,ICSCF,C:ICSCF,GTW,C-200:SCSCF,MTAS,C:MTAS,SCSCF,C:SCSCF,MTAS,C-200:SCSCF,GTW,C:MTAS,SCSCF,C-200:MTAS,SCSCF,I-487:SCSCF,MTAS,A:ICSCF,GTW,I-487:GTW,SCSCF,C-200:GTW,SCSCF,I-487:SCSCF,GTW,A:SCSCF,MTAS,I-487:MTAS,SCSCF,A:GTW,ICSCF,A"
697,0,0,"PCSCF,SCSCF,I:SCSCF,ASLI,I:SCSCF,PCSCF,T:ASLI,SCSCF,T:ASLI,SCSCF,I-500:SCSCF,ASLI,A:MTAS,SCSCF,I:SCSCF,MTAS,T:SCSCF,GTW,I:GTW,SCSCF,T:GTW,SCSCF,S:SCSCF,MTAS,S:SCSCF,PCSCF,S:PCSCF,SCSCF,P:MTAS,SCSCF,P:SCSCF,GTW,P:GTW,SCSCF,P-200:SCSCF,MTAS,P-200:SCSCF,PCSCF,P-200:GTW,SCSCF,S:SCSCF,MTAS,S:SCSCF,PCSCF,S:PCSCF,SCSCF,P:MTAS,SCSCF,P:SCSCF,GTW,P:GTW,SCSCF,P-200:SCSCF,MTAS,P-200:SCSCF,PCSCF,P-200:PCSCF,SCSCF,C:SCSCF,PCSCF,C-200:MTAS,SCSCF,C:SCSCF,MTAS,C-200:SCSCF,GTW,C:GTW,SCSCF,C-200:GTW,SCSCF,I-487:SCSCF,GTW,A:SCSCF,MTAS,I-487:MTAS,SCSCF,A:SCSCF,PCSCF,I-487:PCSCF,SCSCF,A"
698,0,0,"PCSCF,SCSCF,I:SCSCF,PCSCF,T:SCSCF,PCSCF,I-407:PCSCF,SCSCF,A:PCSCF,SCSCF,I:SCSCF,ASLI,I:SCSCF,PCSCF,T:ASLI,SCSCF,T:ASLI,SCSCF,I-500:SCSCF,ASLI,A:MTAS,SCSCF,I:SCSCF,MTAS,T:SCSCF,GTW,I:GTW,SCSCF,T:GTW,SCSCF,S:SCSCF,MTAS,S:SCSCF,PCSCF,S:PCSCF,SCSCF,P:SCSCF,MTAS,P:MTAS,SCSCF,P:SCSCF,GTW,P:GTW,SCSCF,P-200:GTW,SCSCF,R:SCSCF,MTAS,R:SCSCF,MTAS,P-200:MTAS,SCSCF,P-200:SCSCF,PCSCF,P-200:SCSCF,PCSCF,R:PCSCF,SCSCF,P:SCSCF,MTAS,P:MTAS,SCSCF,P:SCSCF,GTW,P:GTW,SCSCF,P-200:SCSCF,MTAS,P-200:MTAS,SCSCF,P-200:SCSCF,PCSCF,P-200:GTW,SCSCF,I-200:SCSCF,MTAS,I-200:SCSCF,PCSCF,I-200:PCSCF,SCSCF,A:SCSCF,MTAS,A:MTAS,SCSCF,A:SCSCF,GTW,A:PCSCF,SCSCF,I:SCSCF,PCSCF,T:MTAS,SCSCF,I:SCSCF,MTAS,T:SCSCF,GTW,I:GTW,SCSCF,T:GTW,SCSCF,I-200:SCSCF,MTAS,I-200:SCSCF,PCSCF,I-200:PCSCF,SCSCF,A:SCSCF,MTAS,A:MTAS,SCSCF,A:SCSCF,GTW,A:PCSCF,SCSCF,B:SCSCF,MTAS,B:MTAS,SCSCF,B:SCSCF,GTW,B:GTW,SCSCF,B-200:SCSCF,MTAS,B-200:MTAS,SCSCF,B-200:SCSCF,PCSCF,B-200"
699,0,0,"GTW,ICSCF,I:ICSCF,GTW,T:SCSCF,ASLI,I:ASLI,SCSCF,T:ASLI,SCSCF,I-500:SCSCF,ASLI,A:SCSCF,MTAS,I:MTAS,SCSCF,T:MTAS,SCSCF,I:SCSCF,MTAS,T:SCSCF,PCSCF,I:PCSCF,SCSCF,T:PCSCF,SCSCF,R:SCSCF,MTAS,R:MTAS,SCSCF,R:ICSCF,GTW,R:GTW,SCSCF,P:SCSCF,MTAS,P:MTAS,SCSCF,P:SCSCF,PCSCF,P:PCSCF,SCSCF,P-200:SCSCF,MTAS,P-200:MTAS,SCSCF,P-200:SCSCF,GTW,P-200:GTW,ICSCF,C:ICSCF,GTW,C-200:SCSCF,MTAS,C:MTAS,SCSCF,C-200:MTAS,SCSCF,C:SCSCF,MTAS,C-200:SCSCF,PCSCF,C:PCSCF,SCSCF,C-200:PCSCF,SCSCF,I-487:SCSCF,MTAS,I-487:MTAS,SCSCF,A:MTAS,SCSCF,I-487:SCSCF,PCSCF,A:SCSCF,MTAS,A:ICSCF,GTW,I-487:GTW,ICSCF,A"
700,1,1,"ICSCF,SCSCF,I:SCSCF,ICSCF,T:SCSCF,ASLI,I:ASLI,SCSCF,T:ASLI,SCSCF,I-500:SCSCF,ASLI,A:SCSCF,MTAS,I:MTAS,SCSCF,T:MTAS,SCSCF,I:SCSCF,MTAS,T:SCSCF,PCSCF,I:PCSCF,SCSCF,T:SCSCF,MTAS,R:PCSCF,SCSCF,R:MTAS,SCSCF,R:SCSCF,ICSCF,R:SCSCF,MTAS,P:SCSCF,SCSCF,P:SCSCF,PCSCF,P:MTAS,SCSCF,P:PCSCF,SCSCF,P-200:SCSCF,MTAS,P-200:SCSCF,SCSCF,P-200:MTAS,SCSCF,P-200"
701,1,1,"PCSCF,SCSCF,I:SCSCF,PCSCF,T:SCSCF,PCSCF,I-407:PCSCF,SCSCF,A:PCSCF,SCSCF,I:SCSCF,PCSCF,T:SCSCF,ASLI,I:ASLI,SCSCF,T:ASLI,SCSCF,I-500:SCSCF,ASLI,A:SCSCF,MTAS,I:MTAS,SCSCF,T:MTAS,SCSCF,I:SCSCF,MTAS,T:SCSCF,ASLI,I:ASLI,SCSCF,T:ASLI,SCSCF,I-500:SCSCF,ASLI,A:SCSCF,MTAS,I:MTAS,SCSCF,T:MTAS,SCSCF,I:SCSCF,MTAS,T:SCSCF,PCSCF,I:PCSCF,SCSCF,T"
702,1,1,"MTAS,SCSCF,I:MTAS,SCSCF,A:GTW,ICSCF,I:ICSCF,GTW,T:SCSCF,ASLI,I:ASLI,SCSCF,T:ASLI,SCSCF,I-500:SCSCF,ASLI,A:SCSCF,MTAS,I:MTAS,SCSCF,T:MTAS,SCSCF,I:SCSCF,MTAS,T:SCSCF,MTAS,I-480:MTAS,SCSCF,A:MTAS,SCSCF,S:ICSCF,GTW,S:GTW,SCSCF,P:SCSCF,MTAS,P:SCSCF,GTW,P-200:MTAS,SCSCF,P-200:MTAS,SCSCF,I-480:SCSCF,MTAS,A:ICSCF,GTW,I-480:GTW,ICSCF,A"
703,1,1,"PCSCF,SCSCF,I:SCSCF,PCSCF,T:SCSCF,ASLI,I:ASLI,SCSCF,T:SCSCF,ASLI,A:ASLI,SCSCF,I-500:SCSCF,MTAS,I:MTAS,SCSCF,I:MTAS,SCSCF,T:SCSCF,MTAS,T:SCSCF,GTW,I:GTW,SCSCF,T"
704,1,1,"GTW,ICSCF,I:ICSCF,GTW,T:SCSCF,ASLI,I:ASLI,SCSCF,T:ASLI,SCSCF,I-500:SCSCF,ASLI,A:SCSCF,MTAS,I:MTAS,SCSCF,T:MTAS,SCSCF,I:SCSCF,MTAS,T:SCSCF,PCSCF,I:PCSCF,SCSCF,T:PCSCF,SCSCF,R:MTAS,SCSCF,R:SCSCF,MTAS,R:GTW,SCSCF,P:ICSCF,GTW,R:SCSCF,MTAS,P:MTAS,SCSCF,P:SCSCF,PCSCF,P:SCSCF,MTAS,P-200:PCSCF,SCSCF,P-200:MTAS,SCSCF,P-200:SCSCF,GTW,P-200"
705,1,1,"GTW,ICSCF,I:ICSCF,GTW,T:SCSCF,ASLI,I:ASLI,SCSCF,T:ASLI,SCSCF,I-500:SCSCF,ASLI,A:SCSCF,MTAS,I:MTAS,SCSCF,T:MTAS,SCSCF,I:SCSCF,MTAS,T:PCSCF,SCSCF,T:SCSCF,PCSCF,I:PCSCF,SCSCF,R:MTAS,SCSCF,R:SCSCF,MTAS,R:ICSCF,GTW,R:GTW,SCSCF,P:SCSCF,MTAS,P:MTAS,SCSCF,P:SCSCF,PCSCF,P:PCSCF,SCSCF,P-200:MTAS,SCSCF,P-200:SCSCF,MTAS,P-200:SCSCF,GTW,P-200"
706,1,1,"GTW,ICSCF,I:ICSCF,GTW,T:SCSCF,ASLI,I:ASLI,SCSCF,T:ASLI,SCSCF,I-500:SCSCF,MTAS,I:MTAS,SCSCF,T:MTAS,SCSCF,I:SCSCF,MTAS,T:SCSCF,PCSCF,I:PCSCF,SCSCF,T:SCSCF,ASLI,A:PCSCF,SCSCF,R:MTAS,SCSCF,R:ICSCF,GTW,R:SCSCF,MTAS,R:GTW,SCSCF,P:SCSCF,MTAS,P:MTAS,SCSCF,P:SCSCF,PCSCF,P:PCSCF,SCSCF,P-200:MTAS,SCSCF,P-200:SCSCF,GTW,P-200:SCSCF,MTAS,P-200"
707,1,1,"IBCF,ICSCF,I:ICSCF,IBCF,T:ICSCF,SCSCF,I:SCSCF,ICSCF,T:SCSCF,ICSCF,R:ICSCF,IBCF,R"
708,1,0,"MTAS,SCSCF,I:MTAS,SCSCF,A:GTW,ICSCF,I:ICSCF,GTW,T:SCSCF,ASLI,I:ASLI,SCSCF,T:ASLI,SCSCF,I-500:SCSCF,ASLI,A:SCSCF,MTAS,I:MTAS,SCSCF,T:GTW,ICSCF,C:ICSCF,GTW,C-200:SCSCF,MTAS,C:MTAS,SCSCF,I-487:MTAS,SCSCF,C-200:SCSCF,MTAS,A:ICSCF,GTW,I-487:GTW,ICSCF,A"
709,1,1,"PCSCF,SCSCF,I:SCSCF,ASLI,I:SCSCF,PCSCF,T:ASLI,SCSCF,T:ASLI,SCSCF,I-500:SCSCF,ASLI,A:MTAS,SCSCF,I:SCSCF,MTAS,T:SCSCF,ASLI,I:ASLI,SCSCF,T:ASLI,SCSCF,I-500:SCSCF,ASLI,A:SCSCF,MTAS,I:MTAS,SCSCF,T:MTAS,SCSCF,I:SCSCF,MTAS,T:SCSCF,PCSCF,I:PCSCF,SCSCF,T:SCSCF,MTAS,R:PCSCF,SCSCF,R:MTAS,SCSCF,R:SCSCF,MTAS,R:SCSCF,PCSCF,R:PCSCF,SCSCF,P:MTAS,SCSCF,P:SCSCF,MTAS,P:MTAS,SCSCF,P:SCSCF,PCSCF,P:PCSCF,SCSCF,P-200:SCSCF,MTAS,P-200:MTAS,SCSCF,P-200:SCSCF,MTAS,P-200:SCSCF,PCSCF,P-200"
710,1,1,"MTAS,SCSCF,I:MTAS,SCSCF,A:GTW,ICSCF,I:SCSCF,ASLI,I:ASLI,SCSCF,T:ASLI,SCSCF,I-500:SCSCF,ASLI,A:SCSCF,MTAS,I:MTAS,SCSCF,T:MTAS,SCSCF,I:SCSCF,MTAS,T:SCSCF,MTAS,I-480:MTAS,SCSCF,A:MTAS,SCSCF,S:ICSCF,GTW,S:GTW,SCSCF,P:SCSCF,MTAS,P:MTAS,SCSCF,P-200:SCSCF,GTW,P-200:MTAS,SCSCF,I-480:ICSCF,GTW,I-480:SCSCF,MTAS,A:GTW,ICSCF,A"
711,1,1,"ICSCF,SCSCF,I:SCSCF,ICSCF,T:SCSCF,ASLI,I:ASLI,SCSCF,T:ASLI,SCSCF,I-500:SCSCF,ASLI,A:SCSCF,MTAS,I:MTAS,SCSCF,T:MTAS,SCSCF,I:SCSCF,MTAS,T:SCSCF,PCSCF,I:PCSCF,SCSCF,T:PCSCF,SCSCF,R:SCSCF,MTAS,R:MTAS,SCSCF,R:SCSCF,ICSCF,R:SCSCF,MTAS,P:SCSCF,SCSCF,P:MTAS,SCSCF,P:SCSCF,PCSCF,P:PCSCF,SCSCF,P-200:SCSCF,MTAS,P-200:MTAS,SCSCF,P-200:SCSCF,SCSCF,P-200"
712,1,1,"ICSCF,SCSCF,I:SCSCF,ICSCF,T:SCSCF,BCCAS,I:BCCAS,SCSCF,T:BCCAS,SCSCF,I:SCSCF,BCCAS,T:SCSCF,ASLI,I:SCSCF,ASLI,A:ASLI,SCSCF,T:ASLI,SCSCF,I-500:SCSCF,GTW,I:GTW,SCSCF,T"
713,1,1,"PCSCF,SCSCF,I:SCSCF,PCSCF,T:SCSCF,PCSCF,I-407:PCSCF,SCSCF,A:PCSCF,SCSCF,I:SCSCF,PCSCF,T:SCSCF,ASLI,I:ASLI,SCSCF,T:ASLI,SCSCF,I-500:SCSCF,ASLI,A:MTAS,SCSCF,I:SCSCF,MTAS,T:SCSCF,ASLI,I:ASLI,SCSCF,T:ASLI,SCSCF,I-500:SCSCF,BCCAS,I:BCCAS,SCSCF,T:BCCAS,SCSCF,I:SCSCF,BCCAS,T:SCSCF,ASLI,A:SCSCF,IBCF,I:IBCF,SCSCF,T:IBCF,SCSCF,Q:SCSCF,BCCAS,Q:BCCAS,SCSCF,Q:SCSCF,MTAS,Q:SCSCF,PCSCF,Q:PCSCF,SCSCF,P:SCSCF,MTAS,P:MTAS,SCSCF,P:SCSCF,BCCAS,P:BCCAS,SCSCF,P:SCSCF,IBCF,P:IBCF,SCSCF,P-200:SCSCF,BCCAS,P-200:BCCAS,SCSCF,P-200:SCSCF,MTAS,P-200:MTAS,SCSCF,P-200:SCSCF,PCSCF,P-200"
714,1,1,"GTW,ICSCF,I:ICSCF,GTW,T:SCSCF,ASLI,I:ASLI,SCSCF,T:ASLI,SCSCF,I-500:SCSCF,ASLI,A:SCSCF,MTAS,I:MTAS,SCSCF,T:MTAS,SCSCF,I:SCSCF,MTAS,T:PCSCF,SCSCF,T:SCSCF,PCSCF,I:PCSCF,SCSCF,R:SCSCF,MTAS,R:MTAS,SCSCF,R:ICSCF,GTW,R:GTW,SCSCF,P:SCSCF,MTAS,P:MTAS,SCSCF,P:SCSCF,PCSCF,P:SCSCF,MTAS,P-200:PCSCF,SCSCF,P-200:MTAS,SCSCF,P-200:SCSCF,GTW,P-200"
715,1,1,"PCSCF,SCSCF,I:SCSCF,PCSCF,T:SCSCF,ASLI,I:ASLI,SCSCF,T:ASLI,SCSCF,I-500:SCSCF,ASLI,A:MTAS,SCSCF,I:SCSCF,MTAS,T:SCSCF,GTW,I:GTW,SCSCF,T:GTW,SCSCF,R:SCSCF,MTAS,R:SCSCF,PCSCF,R:PCSCF,SCSCF,P:SCSCF,MTAS,P:MTAS,SCSCF,P:SCSCF,MTAS,P:SCSCF,GTW,P:GTW,SCSCF,P-200:SCSCF,MTAS,P-200:MTAS,SCSCF,P-200:SCSCF,PCSCF,P-200"
716,1,1,"GTW,ICSCF,I:ICSCF,GTW,T:SCSCF,ASLI,I:ASLI,SCSCF,T:ASLI,SCSCF,I-500:SCSCF,ASLI,A:SCSCF,MTAS,I:MTAS,SCSCF,T:MTAS,SCSCF,I:SCSCF,MTAS,T:SCSCF,PCSCF,I:PCSCF,SCSCF,T:PCSCF,SCSCF,R:MTAS,SCSCF,R:SCSCF,MTAS,R:ICSCF,GTW,R:GTW,SCSCF,P:SCSCF,MTAS,P:MTAS,SCSCF,P:SCSCF,PCSCF,P:PCSCF,SCSCF,P-200:SCSCF,MTAS,P-200:MTAS,SCSCF,P-200:SCSCF,GTW,P-200"
717,1,0,"MTAS,SCSCF,I:SCSCF,MTAS,T:SCSCF,PCSCF,I:PCSCF,SCSCF,T:SCSCF,MTAS,R:PCSCF,SCSCF,R:MTAS,SCSCF,P:SCSCF,PCSCF,P:PCSCF,SCSCF,P-200:SCSCF,MTAS,P-200"
718,1,1,"SCSCF,ICSCF,I:ICSCF,SCSCF,T:SCSCF,ASLI,I:ASLI,SCSCF,T:ASLI,SCSCF,I-500:SCSCF,ASLI,A:SCSCF,MTAS,I:MTAS,SCSCF,I:MTAS,SCSCF,T:SCSCF,MTAS,T:SCSCF,PCSCF,I:PCSCF,SCSCF,T:PCSCF,SCSCF,R:SCSCF,MTAS,R:MTAS,SCSCF,R:ICSCF,SCSCF,R:SCSCF,SCSCF,P:SCSCF,MTAS,P:MTAS,SCSCF,P:SCSCF,PCSCF,P:SCSCF,MTAS,P-200:PCSCF,SCSCF,P-200:MTAS,SCSCF,P-200:SCSCF,SCSCF,P-200"
719,1,1,"GTW,ICSCF,I:ICSCF,GTW,T:SCSCF,ASLI,I:ASLI,SCSCF,T:ASLI,SCSCF,I-500:SCSCF,MTAS,I:MTAS,SCSCF,T:MTAS,SCSCF,I:SCSCF,MTAS,T:SCSCF,ASLI,A:SCSCF,PCSCF,I:PCSCF,SCSCF,T:PCSCF,SCSCF,R:SCSCF,MTAS,R:MTAS,SCSCF,R:ICSCF,GTW,R:GTW,SCSCF,P:SCSCF,MTAS,P:MTAS,SCSCF,P:SCSCF,PCSCF,P:PCSCF,SCSCF,P-200:SCSCF,MTAS,P-200:MTAS,SCSCF,P-200:SCSCF,GTW,P-200"
720,1,1,"ICSCF,SCSCF,I:SCSCF,ICSCF,T:SCSCF,BCCAS,I:BCCAS,SCSCF,T:BCCAS,SCSCF,I:SCSCF,BCCAS,T:SCSCF,ASLI,I:ASLI,SCSCF,T:ASLI,SCSCF,I-500:SCSCF,ASLI,A:SCSCF,ASLI,I:ASLI,SCSCF,T:ASLI,SCSCF,I-500:SCSCF,ASLI,A:SCSCF,MTAS,I:MTAS,SCSCF,T:SCSCF,PCSCF,I:SCSCF,MTAS,T:PCSCF,SCSCF,T:PCSCF,SCSCF,R:SCSCF,MTAS,R:MTAS,SCSCF,R:SCSCF,BCCAS,R:SCSCF,ICSCF,R:BCCAS,SCSCF,R:IBCF,SCSCF,P:SCSCF,BCCAS,P:BCCAS,SCSCF,P:SCSCF,MTAS,P:SCSCF,PCSCF,P:SCSCF,MTAS,P-200:PCSCF,SCSCF,P-200:MTAS,SCSCF,P-200:SCSCF,BCCAS,P-200:BCCAS,SCSCF,P-200:SCSCF,IBCF,P-200"
721,1,1,"IBCF,ICSCF,I:ICSCF,SCSCF,I:SCSCF,ICSCF,T:SCSCF,ICSCF,S:ICSCF,IBCF,S:SCSCF,ICSCF,S:ICSCF,IBCF,S:SCSCF,ICSCF,R:ICSCF,IBCF,R:SCSCF,ICSCF,S"
722,1,1,"PCSCF,SCSCF,I:SCSCF,PCSCF,T:SCSCF,ASLI,I:ASLI,SCSCF,T:ASLI,SCSCF,I-500:SCSCF,ASLI,A:MTAS,SCSCF,I:SCSCF,MTAS,T:SCSCF,ASLI,I:ASLI,SCSCF,T:ASLI,SCSCF,I-500:SCSCF,ASLI,A:SCSCF,MTAS,I:MTAS,SCSCF,T:MTAS,SCSCF,I:SCSCF,MTAS,T:SCSCF,PCSCF,I:PCSCF,SCSCF,T:PCSCF,SCSCF,R:SCSCF,MTAS,R:MTAS,SCSCF,R:SCSCF,MTAS,R:SCSCF,PCSCF,R:PCSCF,SCSCF,P:MTAS,SCSCF,P:SCSCF,MTAS,P:SCSCF,PCSCF,P:PCSCF,SCSCF,P-200:SCSCF,MTAS,P-200:MTAS,SCSCF,P-200:SCSCF,MTAS,P-200:SCSCF,PCSCF,P-200"
723,1,1,"ICSCF,SCSCF,I:SCSCF,ICSCF,T:SCSCF,ASLI,I:ASLI,SCSCF,T:ASLI,SCSCF,I-500:SCSCF,ASLI,A:SCSCF,BCCAS,I:BCCAS,SCSCF,T"
724,1,1,"PCSCF,SCSCF,I:SCSCF,PCSCF,T:SCSCF,PCSCF,I-407:PCSCF,SCSCF,A:PCSCF,SCSCF,I:SCSCF,ASLI,I:SCSCF,PCSCF,T:ASLI,SCSCF,T:ASLI,SCSCF,I-500:SCSCF,ASLI,A:SCSCF,MTAS,I:MTAS,SCSCF,T:MTAS,SCSCF,I:SCSCF,MTAS,T:SCSCF,GTW,I:GTW,SCSCF,T"
725,1,1,"MTAS,SCSCF,I:MTAS,SCSCF,A:GTW,ICSCF,I:ICSCF,GTW,T:SCSCF,ASLI,I:ASLI,SCSCF,T:ASLI,SCSCF,I-500:SCSCF,ASLI,A:SCSCF,MTAS,I:MTAS,SCSCF,T:MTAS,SCSCF,S:ICSCF,GTW,S:SCSCF,MTAS,P:GTW,SCSCF,P:SCSCF,MTAS,P:MTAS,SCSCF,P-200:SCSCF,GTW,P-200:MTAS,SCSCF,I-480:SCSCF,MTAS,A:ICSCF,GTW,I-480:GTW,ICSCF,A:GTW,ICSCF,I:ICSCF,GTW,T:SCSCF,ASLI,I:ASLI,SCSCF,T:ASLI,SCSCF,I-500:SCSCF,ASLI,A:SCSCF,MTAS,I:MTAS,SCSCF,T:MTAS,SCSCF,I:SCSCF,MTAS,T:SCSCF,MTAS,I-480:MTAS,SCSCF,A:MTAS,SCSCF,S:ICSCF,GTW,S:GTW,SCSCF,P:SCSCF,MTAS,P:MTAS,SCSCF,P-200:SCSCF,GTW,P-200:MTAS,SCSCF,P-200:GTW,ICSCF,C:ICSCF,GTW,C-200:SCSCF,MTAS,C:MTAS,SCSCF,C-200:MTAS,SCSCF,I-487:SCSCF,MTAS,A:ICSCF,GTW,I-487:GTW,ICSCF,A"
726,1,1,"PCSCF,SCSCF,I:SCSCF,PCSCF,T:SCSCF,ASLI,I:ASLI,SCSCF,T:ASLI,SCSCF,I-500:SCSCF,ASLI,A:SCSCF,MTAS,I:MTAS,SCSCF,T:MTAS,SCSCF,I:SCSCF,MTAS,T:SCSCF,GTW,I:GTW,SCSCF,T:GTW,SCSCF,R:SCSCF,MTAS,R:MTAS,SCSCF,R:SCSCF,PCSCF,R:SCSCF,MTAS,P:PCSCF,SCSCF,P:MTAS,SCSCF,P:SCSCF,GTW,P:GTW,SCSCF,P-200:SCSCF,MTAS,P-200:MTAS,SCSCF,P-200:SCSCF,PCSCF,P-200"
727,1,1,"GTW,ICSCF,I:ICSCF,GTW,T:SCSCF,ASLI,I:ASLI,SCSCF,T:ASLI,SCSCF,I-500:SCSCF,ASLI,A:SCSCF,BCCAS,I:BCCAS,SCSCF,T:BCCAS,SCSCF,I:SCSCF,BCCAS,T:SCSCF,IBCF,I:IBCF,SCSCF,T:IBCF,SCSCF,Q:SCSCF,BCCAS,Q:ICSCF,GTW,Q:BCCAS,SCSCF,Q:SCSCF,BCCAS,P:GTW,SCSCF,P:BCCAS,SCSCF,P:SCSCF,IBCF,P:SCSCF,BCCAS,P-200:IBCF,SCSCF,P-200:BCCAS,SCSCF,P-200:SCSCF,GTW,P-200"
728,1,1,"PCSCF,SCSCF,I:SCSCF,PCSCF,T:SCSCF,ASLI,I:ASLI,SCSCF,T:ASLI,SCSCF,I-500:SCSCF,ASLI,A"
729,1,1,"ICSCF,SCSCF,I:SCSCF,ICSCF,T:SCSCF,ASLI,I:ASLI,SCSCF,T:ASLI,SCSCF,I-500:SCSCF,ASLI,A:SCSCF,MTAS,I:MTAS,SCSCF,I:SCSCF,MTAS,T:SCSCF,PCSCF,I:PCSCF,SCSCF,T:MTAS,SCSCF,T:PCSCF,SCSCF,R:SCSCF,MTAS,R:MTAS,SCSCF,R:SCSCF,ICSCF,R:SCSCF,MTAS,P:MTAS,SCSCF,P:SCSCF,PCSCF,P:PCSCF,SCSCF,P-200:SCSCF,MTAS,P-200:MTAS,SCSCF,P-200:SCSCF,SCSCF,P-200"
730,1,1,"PCSCF,SCSCF,I:SCSCF,PCSCF,T:SCSCF,ASLI,I:ASLI,SCSCF,T:ASLI,SCSCF,I-500:SCSCF,ASLI,A:SCSCF,MTAS,I:MTAS,SCSCF,T:MTAS,SCSCF,I:SCSCF,MTAS,T:SCSCF,ASLI,I:ASLI,SCSCF,T:ASLI,SCSCF,I-500:SCSCF,ASLI,A:SCSCF,MTAS,I:MTAS,SCSCF,T:MTAS,SCSCF,W:SCSCF,MTAS,W:MTAS,SCSCF,W:SCSCF,PCSCF,W:MTAS,SCSCF,I:SCSCF,MTAS,T:SCSCF,GTW,I:GTW,SCSCF,T"
731,1,1,"PCSCF,SCSCF,I:SCSCF,ASLI,I:ASLI,SCSCF,T:ASLI,SCSCF,I-500:SCSCF,ASLI,A:SCSCF,PCSCF,T:MTAS,SCSCF,I:SCSCF,MTAS,T:SCSCF,ASLI,I:ASLI,SCSCF,T:ASLI,SCSCF,I-500:SCSCF,ASLI,A:SCSCF,BCCAS,I:BCCAS,SCSCF,T:BCCAS,SCSCF,I:SCSCF,BCCAS,T:SCSCF,BCCAS,I-480:BCCAS,SCSCF,A"
732,1,1,"SCSCF,IBCF,I:IBCF,SCSCF,T"
733,1,0,"MTAS,SCSCF,I:MTAS,SCSCF,A:PCSCF,SCSCF,I:SCSCF,PCSCF,T:SCSCF,ASLI,I:ASLI,SCSCF,T:ASLI,SCSCF,I-500:SCSCF,ASLI,A:MTAS,SCSCF,I:SCSCF,MTAS,T:SCSCF,GTW,I:GTW,SCSCF,T:SCSCF,MTAS,I-200:GTW,SCSCF,I-200:SCSCF,PCSCF,I-200:PCSCF,SCSCF,A:SCSCF,MTAS,A:MTAS,SCSCF,A:SCSCF,GTW,A:PCSCF,SCSCF,B:MTAS,SCSCF,B:SCSCF,GTW,B:SCSCF,MTAS,B-200:GTW,SCSCF,B-200:SCSCF,PCSCF,B-200"
734,1,1,"PCSCF,SCSCF,I:SCSCF,ASLI,I:ASLI,SCSCF,T:SCSCF,ASLI,A:ASLI,SCSCF,I-500:SCSCF,PCSCF,T:MTAS,SCSCF,I:SCSCF,MTAS,T:SCSCF,GTW,I:GTW,SCSCF,T"
735,1,1,"SCSCF,BCCAS,I:BCCAS,SCSCF,T:BCCAS,SCSCF,I:SCSCF,BCCAS,T:SCSCF,BCCAS,R:BCCAS,SCSCF,R:SCSCF,BCCAS,P:BCCAS,SCSCF,P:SCSCF,BCCAS,P-481:SCSCF,BCCAS,I-600:BCCAS,SCSCF,A:BCCAS,SCSCF,P-481"
736,1,1,"GTW,ICSCF,I:ICSCF,GTW,T:SCSCF,ASLI,I:ASLI,SCSCF,T:SCSCF,ASLI,A:ASLI,SCSCF,I-500:SCSCF,BCCAS,I:BCCAS,SCSCF,T:BCCAS,SCSCF,I:SCSCF,BCCAS,T:SCSCF,BCCAS,I-480:BCCAS,SCSCF,A"
737,1,1,"GTW,ICSCF,I:SCSCF,ASLI,I:ASLI,SCSCF,T:ASLI,SCSCF,I-500:SCSCF,ASLI,A:SCSCF,BCCAS,I:BCCAS,SCSCF,T:BCCAS,SCSCF,I:SCSCF,BCCAS,T:SCSCF,IBCF,I:IBCF,SCSCF,T:IBCF,SCSCF,W:SCSCF,BCCAS,W:BCCAS,SCSCF,W:ICSCF,GTW,W:GTW,SCSCF,P:SCSCF,BCCAS,P:BCCAS,SCSCF,P:SCSCF,IBCF,P:IBCF,SCSCF,P-200:SCSCF,BCCAS,P-200:BCCAS,SCSCF,P-200:SCSCF,GTW,P-200"
738,1,1,"MTAS,SCSCF,I:MTAS,SCSCF,A:GTW,ICSCF,I:ICSCF,GTW,T:SCSCF,ASLI,I:ASLI,SCSCF,T:ASLI,SCSCF,I-500:SCSCF,ASLI,A:SCSCF,MTAS,I:MTAS,SCSCF,T:MTAS,SCSCF,I:SCSCF,MTAS,T:SCSCF,MTAS,I-480:MTAS,SCSCF,A:MTAS,SCSCF,S:ICSCF,GTW,S:GTW,SCSCF,P:SCSCF,MTAS,P:MTAS,SCSCF,P-200:SCSCF,GTW,P-200:MTAS,SCSCF,P-200:ICSCF,GTW,C-200:GTW,ICSCF,C:SCSCF,MTAS,C:MTAS,SCSCF,C-200:SCSCF,MTAS,A:MTAS,SCSCF,I-487:ICSCF,GTW,I-487:GTW,ICSCF,A"
739,1,1,"PCSCF,SCSCF,I:SCSCF,ASLI,I:ASLI,SCSCF,T:SCSCF,ASLI,A:SCSCF,PCSCF,T:ASLI,SCSCF,I-500:MTAS,SCSCF,I:SCSCF,MTAS,T:SCSCF,GTW,I:GTW,SCSCF,T"
740,1,1,"MTAS,SCSCF,I:MTAS,SCSCF,A:GTW,ICSCF,I:ICSCF,GTW,T:SCSCF,ASLI,I:ASLI,SCSCF,T:ASLI,SCSCF,I-500:SCSCF,ASLI,A:SCSCF,MTAS,I:MTAS,SCSCF,T:MTAS,SCSCF,I:SCSCF,MTAS,T:SCSCF,MTAS,I-480:MTAS,SCSCF,A:MTAS,SCSCF,S:ICSCF,GTW,S:GTW,SCSCF,P:SCSCF,MTAS,P:MTAS,SCSCF,P-200:SCSCF,GTW,P-200:SCSCF,MTAS,A:MTAS,SCSCF,I-480:ICSCF,GTW,I-480:GTW,ICSCF,A:GTW,ICSCF,I:ICSCF,GTW,T:SCSCF,ASLI,I:ASLI,SCSCF,T:ASLI,SCSCF,I-500:SCSCF,ASLI,A:SCSCF,MTAS,I:MTAS,SCSCF,T:MTAS,SCSCF,I:SCSCF,MTAS,T:SCSCF,MTAS,I-480:MTAS,SCSCF,A:MTAS,SCSCF,S:ICSCF,GTW,S:GTW,SCSCF,P:SCSCF,MTAS,P:MTAS,SCSCF,P-200:SCSCF,GTW,P-200:MTAS,SCSCF,I-480:SCSCF,MTAS,A:ICSCF,GTW,I-480:GTW,ICSCF,A"
741,1,1,"PCSCF,SCSCF,I:SCSCF,ASLI,I:ASLI,SCSCF,T:ASLI,SCSCF,I-500:SCSCF,ASLI,A:SCSCF,PCSCF,T:MTAS,SCSCF,I:SCSCF,MTAS,T"
742,1,1,"GTW,ICSCF,I:ICSCF,GTW,T:SCSCF,ASLI,I:ASLI,SCSCF,T:ASLI,SCSCF,I-500:SCSCF,ASLI,A:SCSCF,BCCAS,I:BCCAS,SCSCF,T:BCCAS,SCSCF,I:SCSCF,BCCAS,T:SCSCF,PCSCF,I:PCSCF,SCSCF,T:PCSCF,SCSCF,R:SCSCF,BCCAS,R:BCCAS,SCSCF,R:ICSCF,GTW,R:GTW,SCSCF,P:SCSCF,BCCAS,P:SCSCF,PCSCF,P:BCCAS,SCSCF,P:PCSCF,SCSCF,P-200:SCSCF,BCCAS,P-200:BCCAS,SCSCF,P-200:SCSCF,GTW,P-200"
743,1,1,"SCSCF,BCCAS,I:IBCF,ICSCF,I:ICSCF,IBCF,T:ICSCF,SCSCF,I:SCSCF,ICSCF,T:SCSCF,ICSCF,S:ICSCF,IBCF,S:IBCF,SCSCF,P:SCSCF,IBCF,P-200:SCSCF,ICSCF,R:ICSCF,IBCF,R:IBCF,SCSCF,P:SCSCF,IBCF,P-200:SCSCF,ICSCF,I-200:ICSCF,IBCF,I-200:IBCF,SCSCF,A"
744,1,1,"GTW,ICSCF,I:ICSCF,GTW,T:SCSCF,ASLI,I:ASLI,SCSCF,T:ASLI,SCSCF,I-500:SCSCF,ASLI,A:SCSCF,MTAS,I:MTAS,SCSCF,T:MTAS,SCSCF,I:SCSCF,MTAS,T:SCSCF,PCSCF,I:PCSCF,SCSCF,T:SCSCF,MTAS,R:PCSCF,SCSCF,R:MTAS,SCSCF,R:GTW,SCSCF,P:ICSCF,GTW,R:SCSCF,MTAS,P:MTAS,SCSCF,P:SCSCF,PCSCF,P:PCSCF,SCSCF,P-200:SCSCF,MTAS,P-200:MTAS,SCSCF,P-200:SCSCF,GTW,P-200"
745,1,1,"MTAS,SCSCF,I:MTAS,SCSCF,A:GTW,ICSCF,I:ICSCF,GTW,T:SCSCF,ASLI,I:ASLI,SCSCF,T:ASLI,SCSCF,I-500:SCSCF,ASLI,A:SCSCF,MTAS,I:MTAS,SCSCF,T:MTAS,SCSCF,I:SCSCF,MTAS,T:SCSCF,MTAS,I-480:MTAS,SCSCF,A:MTAS,SCSCF,S:ICSCF,GTW,S:GTW,SCSCF,P:SCSCF,MTAS,P:MTAS,SCSCF,P-200:SCSCF,GTW,P-200:MTAS,SCSCF,I-480:SCSCF,MTAS,A:ICSCF,GTW,I-480:GTW,ICSCF,A"
746,1,1,"MTAS,SCSCF,I:MTAS,SCSCF,A:GTW,ICSCF,I:ICSCF,GTW,T:SCSCF,ASLI,I:ASLI,SCSCF,T:ASLI,SCSCF,I-500:SCSCF,ASLI,A:SCSCF,MTAS,I:MTAS,SCSCF,T:MTAS,SCSCF,I:SCSCF,MTAS,T:MTAS,SCSCF,A:SCSCF,MTAS,I-480:MTAS,SCSCF,S:ICSCF,GTW,S:SCSCF,MTAS,P:GTW,SCSCF,P:MTAS,SCSCF,P-200:SCSCF,GTW,P-200:MTAS,SCSCF,I-480:SCSCF,MTAS,A:ICSCF,GTW,I-480:GTW,ICSCF,A:GTW,ICSCF,I:ICSCF,GTW,T:SCSCF,ASLI,I:ASLI,SCSCF,T:ASLI,SCSCF,I-500:SCSCF,ASLI,A:SCSCF,MTAS,I:MTAS,SCSCF,T:MTAS,SCSCF,I:SCSCF,MTAS,T:MTAS,SCSCF,A:SCSCF,MTAS,I-480:MTAS,SCSCF,S:ICSCF,GTW,S:GTW,SCSCF,P:SCSCF,MTAS,P:MTAS,SCSCF,P-200:SCSCF,GTW,P-200:MTAS,SCSCF,I-480:SCSCF,MTAS,A:ICSCF,GTW,I-480:GTW,ICSCF,A"
747,1,1,"GTW,ICSCF,I:ICSCF,GTW,T:SCSCF,ASLI,I:ASLI,SCSCF,T:ASLI,SCSCF,I-500:SCSCF,ASLI,A:SCSCF,MTAS,I:MTAS,SCSCF,T:MTAS,SCSCF,W:ICSCF,GTW,W:MTAS,SCSCF,I:SCSCF,MTAS,T:SCSCF,ASLI,I:ASLI,SCSCF,T:ASLI,SCSCF,I-500:SCSCF,ASLI,A:SCSCF,BCCAS,I:BCCAS,SCSCF,T:BCCAS,SCSCF,I:SCSCF,BCCAS,T:SCSCF,BCCAS,I-480:BCCAS,SCSCF,A"
748,1,1,"GTW,ICSCF,I:ICSCF,GTW,T:SCSCF,ASLI,I:ASLI,SCSCF,T:SCSCF,ASLI,A:ASLI,SCSCF,I-500:MTAS,SCSCF,I:SCSCF,MTAS,T:SCSCF,PCSCF,I:PCSCF,SCSCF,T:SCSCF,MTAS,R:PCSCF,SCSCF,R:MTAS,SCSCF,P:SCSCF,PCSCF,P:SCSCF,MTAS,P-200:PCSCF,SCSCF,P-200:SCSCF,GTW,P-200"
749,1,1,"MTAS,SCSCF,I:MTAS,SCSCF,A:GTW,ICSCF,I:SCSCF,ASLI,I:ASLI,SCSCF,T:SCSCF,ASLI,A:ASLI,SCSCF,I-500:SCSCF,MTAS,I:MTAS,SCSCF,T:MTAS,SCSCF,I:SCSCF,MTAS,T:SCSCF,MTAS,I-480:MTAS,SCSCF,A:MTAS,SCSCF,S:ICSCF,GTW,S:GTW,SCSCF,P:SCSCF,MTAS,P:MTAS,SCSCF,P-200:SCSCF,GTW,P-200:MTAS,SCSCF,I-480:SCSCF,MTAS,A:ICSCF,GTW,I-480:GTW,ICSCF,A:GTW,ICSCF,I:ICSCF,GTW,T:SCSCF,ASLI,I:ASLI,SCSCF,T:ASLI,SCSCF,I-500:SCSCF,ASLI,A:SCSCF,MTAS,I:MTAS,SCSCF,T:MTAS,SCSCF,I:SCSCF,MTAS,T:SCSCF,MTAS,I-480:MTAS,SCSCF,A:MTAS,SCSCF,S:ICSCF,GTW,S:GTW,SCSCF,P:SCSCF,MTAS,P:MTAS,SCSCF,P-200:SCSCF,GTW,P-200:MTAS,SCSCF,I-480:SCSCF,MTAS,A:ICSCF,GTW,I-480:GTW,ICSCF,A:GTW,ICSCF,I:SCSCF,ASLI,I:ASLI,SCSCF,T:ASLI,SCSCF,I-500:SCSCF,ASLI,A:SCSCF,MTAS,I:MTAS,SCSCF,T:MTAS,SCSCF,I:SCSCF,MTAS,T:SCSCF,MTAS,I-480:MTAS,SCSCF,A:MTAS,SCSCF,S:ICSCF,GTW,S:GTW,SCSCF,P:SCSCF,MTAS,P:MTAS,SCSCF,P-200:SCSCF,GTW,P-200:MTAS,SCSCF,I-480:SCSCF,MTAS,A:ICSCF,GTW,I-480:GTW,ICSCF,A:GTW,ICSCF,I:ICSCF,GTW,T:SCSCF,ASLI,I:ASLI,SCSCF,T:ASLI,SCSCF,I-500:SCSCF,ASLI,A:SCSCF,MTAS,I:MTAS,SCSCF,T:MTAS,SCSCF,I:SCSCF,MTAS,T:SCSCF,MTAS,I-480:MTAS,SCSCF,A:MTAS,SCSCF,S:ICSCF,GTW,S:GTW,SCSCF,P:SCSCF,MTAS,P:MTAS,SCSCF,P-200:SCSCF,GTW,P-200:MTAS,SCSCF,P-200:MTAS,SCSCF,I-480:ICSCF,GTW,I-480:SCSCF,MTAS,A:GTW,ICSCF,A:GTW,ICSCF,I:ICSCF,GTW,T:SCSCF,ASLI,I:ASLI,SCSCF,T:ASLI,SCSCF,I-500:SCSCF,MTAS,I:MTAS,SCSCF,T:SCSCF,ASLI,A:MTAS,SCSCF,S:ICSCF,GTW,S:GTW,SCSCF,P:SCSCF,MTAS,P:MTAS,SCSCF,P-200:SCSCF,GTW,P-200:MTAS,SCSCF,I-480:SCSCF,MTAS,A:ICSCF,GTW,I-480:GTW,ICSCF,A:GTW,ICSCF,I:ICSCF,GTW,T:SCSCF,ASLI,I:ASLI,SCSCF,T:ASLI,SCSCF,I-500:SCSCF,ASLI,A:SCSCF,MTAS,I:MTAS,SCSCF,T:MTAS,SCSCF,I:SCSCF,MTAS,T:SCSCF,MTAS,I-480:MTAS,SCSCF,A:MTAS,SCSCF,S:ICSCF,GTW,S:GTW,SCSCF,P:SCSCF,MTAS,P:MTAS,SCSCF,P-200:SCSCF,GTW,P-200:MTAS,SCSCF,I-480:ICSCF,GTW,I-480:SCSCF,MTAS,A:GTW,ICSCF,A"
750,1,1,"PCSCF,SCSCF,I:SCSCF,PCSCF,T:SCSCF,ASLI,I:ASLI,SCSCF,T:ASLI,SCSCF,I-500:SCSCF,ASLI,A:MTAS,SCSCF,I:SCSCF,MTAS,T:SCSCF,ASLI,I:ASLI,SCSCF,T:ASLI,SCSCF,I-500:SCSCF,ASLI,A:SCSCF,MTAS,I:MTAS,SCSCF,T:SCSCF,PCSCF,I:PCSCF,SCSCF,T:PCSCF,SCSCF,R:SCSCF,MTAS,R:MTAS,SCSCF,R:SCSCF,MTAS,R:SCSCF,PCSCF,R:PCSCF,SCSCF,P:MTAS,SCSCF,P:SCSCF,MTAS,P:SCSCF,PCSCF,P:PCSCF,SCSCF,P-200:SCSCF,MTAS,P-200:MTAS,SCSCF,P-200:SCSCF,MTAS,P-200:SCSCF,PCSCF,P-200"
751,1,1,"PCSCF,SCSCF,I:SCSCF,PCSCF,T:SCSCF,PCSCF,I-407:PCSCF,SCSCF,A:PCSCF,SCSCF,I:SCSCF,PCSCF,T:SCSCF,ASLI,I:ASLI,SCSCF,T:SCSCF,ASLI,A:ASLI,SCSCF,I-500:MTAS,SCSCF,I:SCSCF,MTAS,T:SCSCF,ASLI,I:ASLI,SCSCF,T:ASLI,SCSCF,I-500:SCSCF,ASLI,A:SCSCF,MTAS,I:MTAS,SCSCF,T:SCSCF,PCSCF,I:PCSCF,SCSCF,T:PCSCF,SCSCF,R:SCSCF,MTAS,R:MTAS,SCSCF,R:SCSCF,MTAS,R:SCSCF,PCSCF,R:PCSCF,SCSCF,P:MTAS,SCSCF,P:SCSCF,MTAS,P:SCSCF,PCSCF,P:SCSCF,MTAS,P-200:PCSCF,SCSCF,P-200:MTAS,SCSCF,P-200:SCSCF,MTAS,P-200:SCSCF,PCSCF,P-200"
752,1,1,"ICSCF,SCSCF,I:SCSCF,ICSCF,T:SCSCF,BCCAS,I:BCCAS,SCSCF,T:BCCAS,SCSCF,I:SCSCF,BCCAS,T:SCSCF,ASLI,I:ASLI,SCSCF,T:ASLI,SCSCF,I-500:SCSCF,ASLI,A:SCSCF,GTW,I:GTW,SCSCF,T:GTW,SCSCF,S:SCSCF,BCCAS,S:BCCAS,SCSCF,S:SCSCF,ICSCF,S:IBCF,SCSCF,P:SCSCF,BCCAS,P:BCCAS,SCSCF,P:SCSCF,GTW,P:GTW,SCSCF,P-200:SCSCF,BCCAS,P-200:BCCAS,SCSCF,P-200:SCSCF,IBCF,P-200:GTW,SCSCF,R:SCSCF,BCCAS,R:BCCAS,SCSCF,R:SCSCF,ICSCF,R:IBCF,SCSCF,P:SCSCF,BCCAS,P:BCCAS,SCSCF,P:SCSCF,GTW,P:SCSCF,BCCAS,P-200:GTW,SCSCF,P-200:BCCAS,SCSCF,P-200:SCSCF,IBCF,P-200:GTW,SCSCF,I-480:SCSCF,GTW,A:SCSCF,BCCAS,I-480:BCCAS,SCSCF,A:BCCAS,SCSCF,I-480:SCSCF,BCCAS,A"
753,1,1,"BCCAS,SCSCF,I:SCSCF,BCCAS,T:SCSCF,ASLI,I:ASLI,SCSCF,T:ASLI,SCSCF,I-500:SCSCF,GTW,I:GTW,SCSCF,T:SCSCF,ASLI,A:GTW,SCSCF,R:SCSCF,BCCAS,R:BCCAS,SCSCF,P:SCSCF,GTW,P:GTW,SCSCF,P-200:SCSCF,BCCAS,P-200"
754,1,1,"MTAS,SCSCF,I:MTAS,SCSCF,A:GTW,ICSCF,I:ICSCF,GTW,T:SCSCF,ASLI,I:ASLI,SCSCF,T:ASLI,SCSCF,I-500:SCSCF,ASLI,A:SCSCF,MTAS,I:MTAS,SCSCF,T:MTAS,SCSCF,I:SCSCF,MTAS,T:SCSCF,MTAS,I-480:MTAS,SCSCF,A:MTAS,SCSCF,S:ICSCF,GTW,S:GTW,SCSCF,P:SCSCF,MTAS,P:MTAS,SCSCF,P-200:SCSCF,GTW,P-200:GTW,ICSCF,C:SCSCF,MTAS,C:ICSCF,GTW,C-200:MTAS,SCSCF,C-200:MTAS,SCSCF,I-487:SCSCF,MTAS,A:ICSCF,GTW,I-487:GTW,ICSCF,A:GTW,ICSCF,I:ICSCF,GTW,T:SCSCF,ASLI,I:ASLI,SCSCF,T:ASLI,SCSCF,I-500:SCSCF,ASLI,A:SCSCF,MTAS,I:MTAS,SCSCF,T:MTAS,SCSCF,I:SCSCF,MTAS,T:SCSCF,MTAS,I-480:MTAS,SCSCF,A:MTAS,SCSCF,S:ICSCF,GTW,S:GTW,SCSCF,P:SCSCF,MTAS,P:MTAS,SCSCF,P-200:SCSCF,GTW,P-200:GTW,ICSCF,C:ICSCF,GTW,C-200:SCSCF,MTAS,C:MTAS,SCSCF,C-200:MTAS,SCSCF,I-487:SCSCF,MTAS,A:ICSCF,GTW,I-487:GTW,ICSCF,A"
755,1,1,"MTAS,SCSCF,I:MTAS,SCSCF,A:GTW,ICSCF,I:ICSCF,GTW,T:SCSCF,ASLI,I:ASLI,SCSCF,T:ASLI,SCSCF,I-500:SCSCF,ASLI,A:SCSCF,MTAS,I:MTAS,SCSCF,T:MTAS,SCSCF,I:SCSCF,MTAS,T:SCSCF,MTAS,I-480:MTAS,SCSCF,A:MTAS,SCSCF,S:ICSCF,GTW,S:GTW,SCSCF,P:SCSCF,MTAS,P:MTAS,SCSCF,P-200:SCSCF,GTW,P-200:MTAS,SCSCF,I-480:SCSCF,MTAS,A:GTW,ICSCF,A:ICSCF,GTW,I-480:GTW,ICSCF,I:ICSCF,GTW,T:SCSCF,ASLI,I:ASLI,SCSCF,T:ASLI,SCSCF,I-500:SCSCF,ASLI,A:SCSCF,MTAS,I:MTAS,SCSCF,T:MTAS,SCSCF,I:SCSCF,MTAS,T:SCSCF,MTAS,I-480:MTAS,SCSCF,A:MTAS,SCSCF,S:ICSCF,GTW,S:GTW,SCSCF,P:SCSCF,MTAS,P:MTAS,SCSCF,P-200:SCSCF,GTW,P-200:MTAS,SCSCF,I-480:SCSCF,MTAS,A:ICSCF,GTW,I-480:GTW,ICSCF,A"
756,1,1,"IBCF,ICSCF,I:ICSCF,IBCF,T:SCSCF,BCCAS,I:BCCAS,SCSCF,T:BCCAS,SCSCF,I:SCSCF,BCCAS,T:SCSCF,BCCAS,I-500"
757,1,1,"ICSCF,SCSCF,I:SCSCF,BCCAS,I:BCCAS,SCSCF,T:SCSCF,ICSCF,T"
758,1,1,"MTAS,SCSCF,I:MTAS,SCSCF,A:GTW,ICSCF,I:ICSCF,GTW,T:SCSCF,ASLI,I:ASLI,SCSCF,T:ASLI,SCSCF,I-500:SCSCF,MTAS,I:MTAS,SCSCF,T:SCSCF,ASLI,A:GTW,ICSCF,C:ICSCF,GTW,C-200:SCSCF,MTAS,C:MTAS,SCSCF,I-487:SCSCF,MTAS,A:MTAS,SCSCF,C-200:ICSCF,GTW,I-487:GTW,ICSCF,A"
759,1,1,"MTAS,SCSCF,I:MTAS,SCSCF,A:GTW,ICSCF,I:ICSCF,GTW,T:SCSCF,ASLI,I:ASLI,SCSCF,T:ASLI,SCSCF,I-500:SCSCF,ASLI,A:SCSCF,MTAS,I:MTAS,SCSCF,T:MTAS,SCSCF,I:SCSCF,MTAS,T:SCSCF,MTAS,I-480:MTAS,SCSCF,A:MTAS,SCSCF,S:ICSCF,GTW,S:GTW,SCSCF,P:SCSCF,MTAS,P:MTAS,SCSCF,P-200:SCSCF,GTW,P-200:MTAS,SCSCF,P-200:MTAS,SCSCF,I-480:SCSCF,MTAS,A:ICSCF,GTW,I-480:GTW,ICSCF,A:GTW,ICSCF,I:ICSCF,GTW,T:SCSCF,ASLI,I:ASLI,SCSCF,T:ASLI,SCSCF,I-500:SCSCF,ASLI,A:SCSCF,MTAS,I:MTAS,SCSCF,T:MTAS,SCSCF,S:ICSCF,GTW,S:GTW,SCSCF,P:SCSCF,MTAS,P:MTAS,SCSCF,P-200:SCSCF,GTW,P-200:SCSCF,MTAS,A:ICSCF,GTW,I-480:MTAS,SCSCF,I-480:GTW,ICSCF,A:GTW,ICSCF,I:ICSCF,GTW,T:SCSCF,ASLI,I:ASLI,SCSCF,T:ASLI,SCSCF,I-500:SCSCF,MTAS,I:SCSCF,ASLI,A:MTAS,SCSCF,T:MTAS,SCSCF,I:SCSCF,MTAS,T:SCSCF,MTAS,I-480:MTAS,SCSCF,A:MTAS,SCSCF,S:ICSCF,GTW,S:GTW,SCSCF,P:SCSCF,MTAS,P:MTAS,SCSCF,P-200:SCSCF,GTW,P-200:MTAS,SCSCF,P-200:MTAS,SCSCF,I-480:SCSCF,MTAS,A:ICSCF,GTW,I-480:GTW,ICSCF,A"
760,1,1,"PCSCF,SCSCF,I:SCSCF,PCSCF,T:SCSCF,PCSCF,I-407:PCSCF,SCSCF,A:PCSCF,SCSCF,I:SCSCF,PCSCF,T:SCSCF,ASLI,I:ASLI,SCSCF,T:SCSCF,ASLI,A:ASLI,SCSCF,I-500:SCSCF,MTAS,I:MTAS,SCSCF,I:SCSCF,MTAS,T:MTAS,SCSCF,T:SCSCF,GTW,I:GTW,SCSCF,T"
761,1,1,"ICSCF,SCSCF,I:SCSCF,ASLI,I:SCSCF,ICSCF,T:ASLI,SCSCF,T:ASLI,SCSCF,I-500:SCSCF,ASLI,A:SCSCF,MTAS,I:MTAS,SCSCF,T:MTAS,SCSCF,I:SCSCF,MTAS,T:SCSCF,PCSCF,I:PCSCF,SCSCF,T:PCSCF,SCSCF,R:MTAS,SCSCF,R:SCSCF,MTAS,R:SCSCF,ICSCF,R:GTW,SCSCF,P:SCSCF,MTAS,P:MTAS,SCSCF,P:SCSCF,PCSCF,P:SCSCF,MTAS,P-200:PCSCF,SCSCF,P-200:MTAS,SCSCF,P-200:SCSCF,GTW,P-200"
762,1,1,"ICSCF,SCSCF,I:SCSCF,ICSCF,T:SCSCF,BCCAS,I:BCCAS,SCSCF,T:BCCAS,SCSCF,I:SCSCF,BCCAS,T:SCSCF,ASLI,I:ASLI,SCSCF,T:ASLI,SCSCF,I-500:SCSCF,ASLI,A:ICSCF,SCSCF,I:SCSCF,ICSCF,T"
763,1,1,"PCSCF,SCSCF,I:SCSCF,PCSCF,T:SCSCF,PCSCF,I-407:PCSCF,SCSCF,A:PCSCF,SCSCF,I:SCSCF,PCSCF,T:SCSCF,ASLI,I:ASLI,SCSCF,T:ASLI,SCSCF,I-500:SCSCF,ASLI,A:SCSCF,MTAS,I:MTAS,SCSCF,T:SCSCF,GTW,I:GTW,SCSCF,T"
764,1,1,"PCSCF,SCSCF,I:SCSCF,PCSCF,T:SCSCF,PCSCF,I-407:PCSCF,SCSCF,A:PCSCF,SCSCF,I:SCSCF,ASLI,I:ASLI,SCSCF,T:ASLI,SCSCF,I-500:SCSCF,ASLI,A:SCSCF,PCSCF,T:MTAS,SCSCF,I:SCSCF,ASLI,I:ASLI,SCSCF,T:ASLI,SCSCF,I-500:SCSCF,ASLI,A:SCSCF,MTAS,I:MTAS,SCSCF,T:SCSCF,PCSCF,I:PCSCF,SCSCF,T"
765,1,1,"IBCF,ICSCF,I:ICSCF,IBCF,T:SCSCF,BCCAS,I:BCCAS,SCSCF,T:BCCAS,SCSCF,I:SCSCF,BCCAS,T"
766,1,1,"PCSCF,SCSCF,I:SCSCF,PCSCF,T:SCSCF,PCSCF,I-407:PCSCF,SCSCF,A:PCSCF,SCSCF,I:SCSCF,PCSCF,T:SCSCF,ASLI,I:ASLI,SCSCF,T:SCSCF,ASLI,A:ASLI,SCSCF,I-500:SCSCF,MTAS,I:MTAS,SCSCF,T:MTAS,SCSCF,I:SCSCF,MTAS,T:SCSCF,ASLI,I:ASLI,SCSCF,T:ASLI,SCSCF,I-500:SCSCF,ASLI,A:SCSCF,MTAS,I:MTAS,SCSCF,T:MTAS,SCSCF,I:SCSCF,MTAS,T:SCSCF,PCSCF,I:PCSCF,SCSCF,T:PCSCF,SCSCF,R:SCSCF,MTAS,R:MTAS,SCSCF,R:SCSCF,MTAS,R:MTAS,SCSCF,R:SCSCF,PCSCF,R:PCSCF,SCSCF,P:SCSCF,MTAS,P:MTAS,SCSCF,P:SCSCF,MTAS,P:MTAS,SCSCF,P:SCSCF,PCSCF,P:PCSCF,SCSCF,P-200:SCSCF,MTAS,P-200:MTAS,SCSCF,P-200:SCSCF,MTAS,P-200:MTAS,SCSCF,P-200:SCSCF,PCSCF,P-200"
767,1,1,"ICSCF,SCSCF,I:SCSCF,ICSCF,T:SCSCF,ASLI,I:ASLI,SCSCF,T:ASLI,SCSCF,I-500:SCSCF,ASLI,A:SCSCF,MTAS,I:MTAS,SCSCF,T:SCSCF,PCSCF,I:PCSCF,SCSCF,T:PCSCF,SCSCF,R:SCSCF,MTAS,R:SCSCF,ICSCF,R:MTAS,SCSCF,R:SCSCF,SCSCF,P:SCSCF,MTAS,P:SCSCF,PCSCF,P:PCSCF,SCSCF,P-200:SCSCF,MTAS,P-200:MTAS,SCSCF,P-200:SCSCF,SCSCF,P-200"
768,1,1,"BCCAS,SCSCF,I:BCCAS,SCSCF,A"
769,1,1,"SCSCF,MTAS,I:MTAS,SCSCF,T"
770,1,1,"MTAS,SCSCF,I:MTAS,SCSCF,A:GTW,ICSCF,I:ICSCF,GTW,T:SCSCF,ASLI,I:ASLI,SCSCF,T:ASLI,SCSCF,I-500:SCSCF,ASLI,A:SCSCF,MTAS,I:MTAS,SCSCF,T:MTAS,SCSCF,I:SCSCF,MTAS,T:SCSCF,MTAS,I-480:MTAS,SCSCF,A:MTAS,SCSCF,S:ICSCF,GTW,S:GTW,SCSCF,P:SCSCF,MTAS,P:MTAS,SCSCF,P-200:SCSCF,GTW,P-200:MTAS,SCSCF,I-480:SCSCF,MTAS,A:ICSCF,GTW,I-480:GTW,ICSCF,A:GTW,ICSCF,I:ICSCF,GTW,T:SCSCF,ASLI,I:ASLI,SCSCF,T:ASLI,SCSCF,I-500:SCSCF,ASLI,A:SCSCF,MTAS,I:MTAS,SCSCF,T:MTAS,SCSCF,I:SCSCF,MTAS,T:SCSCF,MTAS,I-480:MTAS,SCSCF,A:MTAS,SCSCF,S:ICSCF,GTW,S:GTW,SCSCF,P:SCSCF,MTAS,P:MTAS,SCSCF,P-200:SCSCF,GTW,P-200:MTAS,SCSCF,I-480:ICSCF,GTW,I-480:SCSCF,MTAS,A:GTW,ICSCF,A:GTW,ICSCF,I:ICSCF,GTW,T:SCSCF,ASLI,I:ASLI,SCSCF,T:ASLI,SCSCF,I-500:SCSCF,ASLI,A:SCSCF,MTAS,I:MTAS,SCSCF,T:MTAS,SCSCF,I:SCSCF,MTAS,T:SCSCF,MTAS,I-480:MTAS,SCSCF,A:MTAS,SCSCF,S:ICSCF,GTW,S:GTW,SCSCF,P:SCSCF,MTAS,P:MTAS,SCSCF,P-200:SCSCF,GTW,P-200:MTAS,SCSCF,I-480:SCSCF,MTAS,A:ICSCF,GTW,I-480:GTW,ICSCF,A:GTW,ICSCF,I:ICSCF,GTW,T:SCSCF,ASLI,I:ASLI,SCSCF,T:ASLI,SCSCF,I-500:SCSCF,ASLI,A:SCSCF,MTAS,I:MTAS,SCSCF,T:MTAS,SCSCF,I:SCSCF,MTAS,T:SCSCF,MTAS,I-480:MTAS,SCSCF,A:MTAS,SCSCF,S:ICSCF,GTW,S:GTW,SCSCF,P:SCSCF,MTAS,P:MTAS,SCSCF,P-200:SCSCF,GTW,P-200:MTAS,SCSCF,I-480:ICSCF,GTW,I-480:SCSCF,MTAS,A:GTW,ICSCF,A"
771,1,1,"GTW,ICSCF,I:ICSCF,GTW,T:SCSCF,ASLI,I:ASLI,SCSCF,T:ASLI,SCSCF,I-500:SCSCF,ASLI,A:SCSCF,BCCAS,I:BCCAS,SCSCF,T:BCCAS,SCSCF,I:SCSCF,BCCAS,T:SCSCF,IBCF,I:IBCF,SCSCF,T:IBCF,SCSCF,I-200:SCSCF,BCCAS,I-200:BCCAS,SCSCF,I-200:SCSCF,BCCAS,A:SCSCF,IBCF,A"
772,1,1,"IBCF,ICSCF,I:ICSCF,IBCF,T:SCSCF,BCCAS,I:BCCAS,SCSCF,T:BCCAS,SCSCF,I:SCSCF,BCCAS,T:SCSCF,ASLI,I:ASLI,SCSCF,T:ASLI,SCSCF,I-500:SCSCF,ASLI,A:ICSCF,SCSCF,I:SCSCF,ICSCF,T:SCSCF,ICSCF,R:SCSCF,BCCAS,R:BCCAS,SCSCF,R:ICSCF,IBCF,R:IBCF,SCSCF,P:SCSCF,BCCAS,P:BCCAS,SCSCF,P:SCSCF,SCSCF,P:SCSCF,BCCAS,P-200:SCSCF,SCSCF,P-200:BCCAS,SCSCF,P-200:SCSCF,IBCF,P-200"
773,1,1,"PCSCF,SCSCF,I:SCSCF,PCSCF,T:SCSCF,ASLI,I:ASLI,SCSCF,T:ASLI,SCSCF,I-500:SCSCF,ASLI,A:SCSCF,GTW,I:GTW,SCSCF,T"
774,1,1,"PCSCF,SCSCF,I:SCSCF,PCSCF,T:SCSCF,ASLI,I:ASLI,SCSCF,T:ASLI,SCSCF,I-500:SCSCF,MTAS,I:MTAS,SCSCF,I:SCSCF,MTAS,T:MTAS,SCSCF,T:SCSCF,ASLI,A:SCSCF,GTW,I:GTW,SCSCF,T"
775,1,1,"IBCF,ICSCF,I:ICSCF,IBCF,T:ICSCF,SCSCF,I:SCSCF,ICSCF,T:SCSCF,ICSCF,S:ICSCF,IBCF,S:SCSCF,ICSCF,S:ICSCF,IBCF,S"
776,1,1,"PCSCF,SCSCF,I:SCSCF,PCSCF,T:SCSCF,ASLI,I:ASLI,SCSCF,T:ASLI,SCSCF,I-500:SCSCF,ASLI,A:MTAS,SCSCF,I:SCSCF,MTAS,T:SCSCF,ASLI,I:ASLI,SCSCF,T:ASLI,SCSCF,I-500:SCSCF,ASLI,A:SCSCF,MTAS,I:MTAS,SCSCF,T:MTAS,SCSCF,I:SCSCF,MTAS,T:SCSCF,PCSCF,I:PCSCF,SCSCF,T:PCSCF,SCSCF,R:SCSCF,MTAS,R:MTAS,SCSCF,R:SCSCF,MTAS,R:SCSCF,PCSCF,R:PCSCF,SCSCF,P:MTAS,SCSCF,P:SCSCF,MTAS,P:MTAS,SCSCF,P:SCSCF,PCSCF,P:PCSCF,SCSCF,P-200:MTAS,SCSCF,P-200:SCSCF,MTAS,P-200:SCSCF,PCSCF,P-200"
777,1,1,"IBCF,ICSCF,I:ICSCF,SCSCF,I:SCSCF,ICSCF,T:SCSCF,ICSCF,R:ICSCF,IBCF,R"
778,1,1,"GTW,ICSCF,I:SCSCF,ASLI,I:ASLI,SCSCF,T:ASLI,SCSCF,I-500:SCSCF,MTAS,I:MTAS,SCSCF,T:MTAS,SCSCF,I:SCSCF,MTAS,T:SCSCF,PCSCF,I:PCSCF,SCSCF,T:SCSCF,ASLI,A:PCSCF,SCSCF,R:SCSCF,MTAS,R:MTAS,SCSCF,R:ICSCF,GTW,R:GTW,SCSCF,P:SCSCF,MTAS,P:MTAS,SCSCF,P:SCSCF,PCSCF,P:PCSCF,SCSCF,P-200:SCSCF,MTAS,P-200:MTAS,SCSCF,P-200:SCSCF,GTW,P-200"
779,1,1,"ICSCF,SCSCF,I:SCSCF,ICSCF,T:SCSCF,BCCAS,I:BCCAS,SCSCF,T:BCCAS,SCSCF,I:SCSCF,BCCAS,T:SCSCF,ASLI,I:ASLI,SCSCF,T:ASLI,SCSCF,I-500:SCSCF,ASLI,A:SCSCF,ASLI,I:ASLI,SCSCF,T:ASLI,SCSCF,I-500:SCSCF,ASLI,A:SCSCF,MTAS,I:MTAS,SCSCF,T:MTAS,SCSCF,I:SCSCF,MTAS,T:SCSCF,PCSCF,I:PCSCF,SCSCF,T:PCSCF,SCSCF,R:SCSCF,MTAS,R:MTAS,SCSCF,R:SCSCF,BCCAS,R:BCCAS,SCSCF,R:SCSCF,ICSCF,R:IBCF,SCSCF,P:SCSCF,BCCAS,P:BCCAS,SCSCF,P:SCSCF,MTAS,P:MTAS,SCSCF,P:SCSCF,PCSCF,P:PCSCF,SCSCF,P-200:SCSCF,MTAS,P-200:MTAS,SCSCF,P-200:SCSCF,BCCAS,P-200:BCCAS,SCSCF,P-200:SCSCF,IBCF,P-200"
780,1,1,"SCSCF,BCCAS,I:BCCAS,SCSCF,T:BCCAS,SCSCF,I:SCSCF,BCCAS,T"
781,1,1,"PCSCF,SCSCF,I:SCSCF,PCSCF,T:SCSCF,ASLI,I:ASLI,SCSCF,T:ASLI,SCSCF,I-500:SCSCF,ASLI,A:MTAS,SCSCF,I:SCSCF,MTAS,T:SCSCF,GTW,I:GTW,SCSCF,T:GTW,SCSCF,R:SCSCF,MTAS,R:SCSCF,PCSCF,R:GTW,SCSCF,R:SCSCF,MTAS,R:PCSCF,SCSCF,P:SCSCF,MTAS,P:MTAS,SCSCF,P:SCSCF,GTW,P:GTW,SCSCF,P-200:SCSCF,MTAS,P-200:MTAS,SCSCF,P-200:SCSCF,PCSCF,P-200"
782,1,1,"MTAS,SCSCF,I:MTAS,SCSCF,A:GTW,ICSCF,I:ICSCF,GTW,T:SCSCF,ASLI,I:ASLI,SCSCF,T:ASLI,SCSCF,I-500:SCSCF,ASLI,A:SCSCF,MTAS,I:MTAS,SCSCF,T:MTAS,SCSCF,I:MTAS,SCSCF,A:SCSCF,MTAS,T:SCSCF,MTAS,I-480:MTAS,SCSCF,S:ICSCF,GTW,S:SCSCF,MTAS,P:GTW,SCSCF,P:MTAS,SCSCF,P-200:SCSCF,GTW,P-200:MTAS,SCSCF,I-480:ICSCF,GTW,I-480:SCSCF,MTAS,A:GTW,ICSCF,A:GTW,ICSCF,I:ICSCF,GTW,T:SCSCF,ASLI,I:ASLI,SCSCF,T:ASLI,SCSCF,I-500:SCSCF,ASLI,A:SCSCF,MTAS,I:MTAS,SCSCF,T:MTAS,SCSCF,I:SCSCF,MTAS,T:SCSCF,MTAS,I-480:MTAS,SCSCF,A:MTAS,SCSCF,S:ICSCF,GTW,S:GTW,SCSCF,P:SCSCF,MTAS,P:MTAS,SCSCF,P-200:SCSCF,GTW,P-200:MTAS,SCSCF,I-480:ICSCF,GTW,I-480:SCSCF,MTAS,A:GTW,ICSCF,A:GTW,ICSCF,I:ICSCF,GTW,T:SCSCF,ASLI,I:ASLI,SCSCF,T:ASLI,SCSCF,I-500:SCSCF,ASLI,A:SCSCF,MTAS,I:MTAS,SCSCF,T:MTAS,SCSCF,I:SCSCF,MTAS,T:MTAS,SCSCF,A:SCSCF,MTAS,I-480:MTAS,SCSCF,S:ICSCF,GTW,S:GTW,SCSCF,P:SCSCF,MTAS,P:MTAS,SCSCF,P-200:SCSCF,GTW,P-200:ICSCF,GTW,C-200:SCSCF,MTAS,C:GTW,ICSCF,C:MTAS,SCSCF,C-200:MTAS,SCSCF,I-487:SCSCF,MTAS,A:ICSCF,GTW,I-487:GTW,ICSCF,A"
783,1,1,"PCSCF,SCSCF,I:SCSCF,PCSCF,T:SCSCF,ASLI,I:ASLI,SCSCF,T:SCSCF,ASLI,A:ASLI,SCSCF,I-500:MTAS,SCSCF,I:SCSCF,MTAS,T:SCSCF,ASLI,I:ASLI,SCSCF,T:ASLI,SCSCF,I-500:SCSCF,ASLI,A:SCSCF,MTAS,I:MTAS,SCSCF,T:MTAS,SCSCF,I:SCSCF,MTAS,T:SCSCF,PCSCF,I:PCSCF,SCSCF,T:SCSCF,MTAS,R:PCSCF,SCSCF,R:MTAS,SCSCF,R:SCSCF,MTAS,R:SCSCF,PCSCF,R:PCSCF,SCSCF,P:MTAS,SCSCF,P:SCSCF,MTAS,P:MTAS,SCSCF,P:SCSCF,PCSCF,P:PCSCF,SCSCF,P-200:SCSCF,MTAS,P-200:MTAS,SCSCF,P-200:SCSCF,MTAS,P-200:SCSCF,PCSCF,P-200"
784,1,1,"IBCF,ICSCF,I:ICSCF,IBCF,T:ICSCF,SCSCF,I:SCSCF,ICSCF,T:SCSCF,ICSCF,S:ICSCF,IBCF,S:SCSCF,ICSCF,R:ICSCF,IBCF,R:ICSCF,SCSCF,C:SCSCF,ICSCF,I-487:SCSCF,ICSCF,C-200:ICSCF,SCSCF,A"
785,1,0,"MTAS,SCSCF,I:MTAS,SCSCF,A:PCSCF,SCSCF,I:SCSCF,PCSCF,T:SCSCF,ASLI,I:ASLI,SCSCF,T:SCSCF,ASLI,A:ASLI,SCSCF,I-500:MTAS,SCSCF,I:SCSCF,MTAS,T:SCSCF,GTW,I:GTW,SCSCF,T:GTW,SCSCF,S:SCSCF,MTAS,S:SCSCF,PCSCF,S:PCSCF,SCSCF,P:MTAS,SCSCF,P:SCSCF,GTW,P:GTW,SCSCF,P-200:GTW,SCSCF,S:SCSCF,MTAS,P-200:SCSCF,MTAS,S:SCSCF,PCSCF,P-200:SCSCF,PCSCF,S:PCSCF,SCSCF,P:MTAS,SCSCF,P:SCSCF,GTW,P:SCSCF,MTAS,P-200:GTW,SCSCF,P-200:SCSCF,PCSCF,P-200:SCSCF,MTAS,R:GTW,SCSCF,R:SCSCF,PCSCF,R:PCSCF,SCSCF,P:MTAS,SCSCF,P:SCSCF,GTW,P:SCSCF,MTAS,P-200:GTW,SCSCF,P-200:SCSCF,PCSCF,P-200:GTW,SCSCF,I-200:SCSCF,MTAS,I-200:SCSCF,PCSCF,I-200:PCSCF,SCSCF,A:SCSCF,MTAS,A:MTAS,SCSCF,A:SCSCF,GTW,A:GTW,SCSCF,B:MTAS,SCSCF,B:SCSCF,PCSCF,B:PCSCF,SCSCF,B-200:SCSCF,MTAS,B-200:SCSCF,GTW,B-200:PCSCF,SCSCF,I:SCSCF,PCSCF,T:SCSCF,ASLI,I:ASLI,SCSCF,T:ASLI,SCSCF,I-500:SCSCF,ASLI,A:MTAS,SCSCF,I:SCSCF,MTAS,T:SCSCF,GTW,I:GTW,SCSCF,T:GTW,SCSCF,S:SCSCF,MTAS,S:SCSCF,PCSCF,S:PCSCF,SCSCF,P:MTAS,SCSCF,P:SCSCF,GTW,P:GTW,SCSCF,P-200:GTW,SCSCF,S:SCSCF,MTAS,P-200:SCSCF,MTAS,S:SCSCF,PCSCF,P-200:SCSCF,PCSCF,S:PCSCF,SCSCF,P:MTAS,SCSCF,P:SCSCF,GTW,P:SCSCF,MTAS,P-200:GTW,SCSCF,P-200:SCSCF,PCSCF,P-200:SCSCF,MTAS,R:GTW,SCSCF,R:SCSCF,PCSCF,R:PCSCF,SCSCF,P:MTAS,SCSCF,P:SCSCF,GTW,P:GTW,SCSCF,P-200:SCSCF,MTAS,P-200:SCSCF,PCSCF,P-200:GTW,SCSCF,I-200:SCSCF,MTAS,I-200:SCSCF,PCSCF,I-200:PCSCF,SCSCF,A:SCSCF,MTAS,A:MTAS,SCSCF,A:SCSCF,GTW,A"
786,1,1,"ICSCF,SCSCF,I:SCSCF,ICSCF,T:SCSCF,BCCAS,I:BCCAS,SCSCF,T:BCCAS,SCSCF,I:SCSCF,ASLI,I:ASLI,SCSCF,T:ASLI,SCSCF,I-500:SCSCF,ASLI,A:SCSCF,GTW,I:GTW,SCSCF,T"
787,1,1,"ICSCF,SCSCF,I:SCSCF,ICSCF,T:SCSCF,ASLI,I:ASLI,SCSCF,T:ASLI,SCSCF,I-500:SCSCF,ASLI,A:SCSCF,BCCAS,I:BCCAS,SCSCF,T:BCCAS,SCSCF,I:SCSCF,BCCAS,T:SCSCF,IBCF,I:IBCF,SCSCF,T:IBCF,SCSCF,R:SCSCF,BCCAS,R:BCCAS,SCSCF,R:SCSCF,ICSCF,R:SCSCF,SCSCF,P:SCSCF,BCCAS,P:BCCAS,SCSCF,P:SCSCF,IBCF,P:IBCF,SCSCF,I-480:SCSCF,IBCF,A:IBCF,SCSCF,P-481:SCSCF,BCCAS,P-481:BCCAS,SCSCF,P-481:SCSCF,BCCAS,I-480:SCSCF,SCSCF,P-481:BCCAS,SCSCF,A"
788,1,1,"GTW,ICSCF,I:ICSCF,GTW,T:SCSCF,ASLI,I:ASLI,SCSCF,T:ASLI,SCSCF,I-500:SCSCF,MTAS,I:MTAS,SCSCF,T:SCSCF,PCSCF,I:SCSCF,MTAS,T:PCSCF,SCSCF,T:SCSCF,ASLI,A:PCSCF,SCSCF,R:SCSCF,MTAS,R:MTAS,SCSCF,R:ICSCF,GTW,R:GTW,SCSCF,P:SCSCF,MTAS,P:SCSCF,PCSCF,P:PCSCF,SCSCF,P-200:SCSCF,MTAS,P-200:MTAS,SCSCF,P-200:SCSCF,GTW,P-200"
789,1,1,"PCSCF,SCSCF,I:SCSCF,PCSCF,T:SCSCF,PCSCF,I-407:PCSCF,SCSCF,A:PCSCF,SCSCF,I:SCSCF,PCSCF,T:SCSCF,ASLI,I:ASLI,SCSCF,T:SCSCF,ASLI,A:ASLI,SCSCF,I-500:SCSCF,MTAS,I:MTAS,SCSCF,T:MTAS,SCSCF,I:SCSCF,MTAS,T:SCSCF,GTW,I:GTW,SCSCF,T"
790,1,1,"SCSCF,ICSCF,I:ICSCF,SCSCF,I:SCSCF,ICSCF,T:SCSCF,ICSCF,R:SCSCF,ICSCF,I-408:ICSCF,SCSCF,A"
791,1,1,"ICSCF,SCSCF,I:SCSCF,ICSCF,T:SCSCF,ASLI,I:ASLI,SCSCF,T:ASLI,SCSCF,I-500:SCSCF,ASLI,A:SCSCF,MTAS,I:MTAS,SCSCF,I:SCSCF,PCSCF,I:SCSCF,MTAS,T:MTAS,SCSCF,T:PCSCF,SCSCF,T:SCSCF,MTAS,R:PCSCF,SCSCF,R:MTAS,SCSCF,R:SCSCF,ICSCF,R:SCSCF,SCSCF,P:SCSCF,MTAS,P:MTAS,SCSCF,P:SCSCF,PCSCF,P:SCSCF,MTAS,P-200:PCSCF,SCSCF,P-200:MTAS,SCSCF,P-200:SCSCF,SCSCF,P-200"
792,1,1,"GTW,ICSCF,I:ICSCF,GTW,T:SCSCF,ASLI,I:ASLI,SCSCF,T:ASLI,SCSCF,I-500:SCSCF,ASLI,A:SCSCF,BCCAS,I:BCCAS,SCSCF,T:ICSCF,GTW,W:BCCAS,SCSCF,W:BCCAS,SCSCF,I:SCSCF,BCCAS,T:SCSCF,GTW,I:GTW,SCSCF,T"
793,1,1,"IBCF,ICSCF,I:ICSCF,SCSCF,I:SCSCF,ICSCF,T"
794,1,1,"GTW,ICSCF,I:ICSCF,GTW,T:SCSCF,ASLI,I:ASLI,SCSCF,T:ASLI,SCSCF,I-500:SCSCF,MTAS,I:MTAS,SCSCF,I:SCSCF,PCSCF,I:SCSCF,MTAS,T:PCSCF,SCSCF,T:SCSCF,ASLI,A:MTAS,SCSCF,T:PCSCF,SCSCF,R:SCSCF,MTAS,R:MTAS,SCSCF,R:ICSCF,GTW,R:GTW,SCSCF,P:SCSCF,MTAS,P:SCSCF,PCSCF,P:MTAS,SCSCF,P:PCSCF,SCSCF,P-200:SCSCF,MTAS,P-200:MTAS,SCSCF,P-200:SCSCF,GTW,P-200"
795,1,1,"PCSCF,SCSCF,I:SCSCF,PCSCF,T:SCSCF,ASLI,I:ASLI,SCSCF,T:ASLI,SCSCF,I-500:SCSCF,ASLI,A:MTAS,SCSCF,I:SCSCF,MTAS,T:SCSCF,GTW,I:GTW,SCSCF,T:GTW,SCSCF,S:SCSCF,MTAS,S:SCSCF,PCSCF,S:PCSCF,SCSCF,P:SCSCF,MTAS,P:MTAS,SCSCF,P:SCSCF,GTW,P:GTW,SCSCF,P-200:GTW,SCSCF,S:SCSCF,MTAS,P-200:SCSCF,MTAS,S:MTAS,SCSCF,P-200:SCSCF,PCSCF,P-200:SCSCF,PCSCF,S:PCSCF,SCSCF,P:SCSCF,MTAS,P:MTAS,SCSCF,P:SCSCF,GTW,P:GTW,SCSCF,P-200:GTW,SCSCF,R:SCSCF,MTAS,R:SCSCF,MTAS,P-200:MTAS,SCSCF,P-200:SCSCF,PCSCF,P-200:SCSCF,PCSCF,R:PCSCF,SCSCF,P:SCSCF,MTAS,P:MTAS,SCSCF,P:SCSCF,GTW,P:GTW,SCSCF,P-200:SCSCF,MTAS,P-200:MTAS,SCSCF,P-200:SCSCF,PCSCF,P-200"
796,1,1,"ICSCF,SCSCF,I:SCSCF,ICSCF,T:SCSCF,BCCAS,I:BCCAS,SCSCF,T:BCCAS,SCSCF,I:SCSCF,BCCAS,T:SCSCF,ASLI,I:ASLI,SCSCF,T:ASLI,SCSCF,I-500:SCSCF,ASLI,A:SCSCF,ASLI,I:ASLI,SCSCF,T:ASLI,SCSCF,I-500:SCSCF,ASLI,A:SCSCF,BCCAS,I:BCCAS,SCSCF,T:BCCAS,SCSCF,I:SCSCF,BCCAS,I-480:BCCAS,SCSCF,A"
797,1,1,"PCSCF,SCSCF,I:SCSCF,PCSCF,T:SCSCF,PCSCF,I-407:PCSCF,SCSCF,A:PCSCF,SCSCF,I:SCSCF,ASLI,I:SCSCF,PCSCF,T:ASLI,SCSCF,T:SCSCF,ASLI,A:ASLI,SCSCF,I-500:MTAS,SCSCF,I:SCSCF,MTAS,T:SCSCF,ASLI,I:ASLI,SCSCF,T:ASLI,SCSCF,I-500:SCSCF,ASLI,A:SCSCF,MTAS,I:MTAS,SCSCF,T:MTAS,SCSCF,I:SCSCF,MTAS,T:SCSCF,PCSCF,I:PCSCF,SCSCF,T:PCSCF,SCSCF,R:SCSCF,MTAS,R:MTAS,SCSCF,R:SCSCF,MTAS,R:SCSCF,PCSCF,R:PCSCF,SCSCF,P:MTAS,SCSCF,P:SCSCF,MTAS,P:MTAS,SCSCF,P:SCSCF,PCSCF,P:PCSCF,SCSCF,P-200:SCSCF,MTAS,P-200:MTAS,SCSCF,P-200:SCSCF,MTAS,P-200:SCSCF,PCSCF,P-200"
798,1,1,"GTW,ICSCF,I:ICSCF,GTW,T:SCSCF,ASLI,I:ASLI,SCSCF,T:ASLI,SCSCF,I-500:SCSCF,MTAS,I:SCSCF,ASLI,A:MTAS,SCSCF,T:MTAS,SCSCF,I:SCSCF,MTAS,T:SCSCF,PCSCF,I:PCSCF,SCSCF,T:PCSCF,SCSCF,R:SCSCF,MTAS,R:MTAS,SCSCF,R:ICSCF,GTW,R:GTW,SCSCF,P:SCSCF,MTAS,P:MTAS,SCSCF,P:SCSCF,PCSCF,P:SCSCF,MTAS,P-200:PCSCF,SCSCF,P-200:MTAS,SCSCF,P-200:SCSCF,GTW,P-200"
799,1,1,"PCSCF,SCSCF,I:SCSCF,PCSCF,T:SCSCF,PCSCF,I-407:PCSCF,SCSCF,A:PCSCF,SCSCF,I:SCSCF,PCSCF,T:SCSCF,ASLI,I:ASLI,SCSCF,T:ASLI,SCSCF,I-500:SCSCF,ASLI,A:SCSCF,ASLI,I:ASLI,SCSCF,T:ASLI,SCSCF,I-500:SCSCF,ASLI,A:SCSCF,MTAS,I:MTAS,SCSCF,T:MTAS,SCSCF,I:SCSCF,MTAS,T:SCSCF,PCSCF,I:PCSCF,SCSCF,T:PCSCF,SCSCF,R:SCSCF,MTAS,R:MTAS,SCSCF,R:SCSCF,MTAS,R:SCSCF,PCSCF,R:PCSCF,SCSCF,P:SCSCF,MTAS,P:MTAS,SCSCF,P:SCSCF,PCSCF,P:PCSCF,SCSCF,P-200:SCSCF,MTAS,P-200:MTAS,SCSCF,P-200:SCSCF,MTAS,P-200:SCSCF,PCSCF,P-200"
800,1,1,"PCSCF,SCSCF,I:SCSCF,PCSCF,T:SCSCF,ASLI,I:ASLI,SCSCF,T:ASLI,SCSCF,I-500:SCSCF,ASLI,A:MTAS,SCSCF,I:SCSCF,MTAS,T:SCSCF,ASLI,I:ASLI,SCSCF,T:SCSCF,ASLI,A:ASLI,SCSCF,I-500:SCSCF,MTAS,I:MTAS,SCSCF,T:MTAS,SCSCF,I:SCSCF,MTAS,T:SCSCF,PCSCF,I:PCSCF,SCSCF,T:PCSCF,SCSCF,R:SCSCF,MTAS,R:MTAS,SCSCF,R:SCSCF,MTAS,R:SCSCF,PCSCF,R:PCSCF,SCSCF,P:MTAS,SCSCF,P:SCSCF,MTAS,P:MTAS,SCSCF,P:SCSCF,PCSCF,P:PCSCF,SCSCF,P-200:SCSCF,MTAS,P-200:MTAS,SCSCF,P-200:SCSCF,MTAS,P-200:SCSCF,PCSCF,P-200"
801,1,1,"ICSCF,SCSCF,I:SCSCF,ICSCF,T:SCSCF,BCCAS,I:BCCAS,SCSCF,T:BCCAS,SCSCF,I:SCSCF,ASLI,I:ASLI,SCSCF,T:SCSCF,BCCAS,T:ASLI,SCSCF,I-500:SCSCF,ASLI,A:SCSCF,GTW,I:GTW,SCSCF,T"
802,1,1,"MTAS,SCSCF,I:SCSCF,MTAS,T:SCSCF,GTW,I:GTW,SCSCF,T"
803,1,1,"ICSCF,SCSCF,I:SCSCF,ICSCF,T:SCSCF,ASLI,I:ASLI,SCSCF,T:ASLI,SCSCF,I-500:SCSCF,ASLI,A:SCSCF,BCCAS,I:BCCAS,SCSCF,T:BCCAS,SCSCF,I:SCSCF,BCCAS,T:SCSCF,PCSCF,I:PCSCF,SCSCF,T:PCSCF,SCSCF,R:SCSCF,BCCAS,R:BCCAS,SCSCF,R:SCSCF,ICSCF,R:SCSCF,SCSCF,P:SCSCF,BCCAS,P:BCCAS,SCSCF,P:SCSCF,PCSCF,P:SCSCF,BCCAS,P-200:PCSCF,SCSCF,P-200:BCCAS,SCSCF,P-200:SCSCF,SCSCF,P-200"
804,1,1,"ICSCF,SCSCF,I:SCSCF,ICSCF,T"
805,1,1,"PCSCF,SCSCF,I:SCSCF,ASLI,I:SCSCF,PCSCF,T:ASLI,SCSCF,T:ASLI,SCSCF,I-500:SCSCF,ASLI,A:MTAS,SCSCF,I:SCSCF,MTAS,T:SCSCF,ASLI,I:ASLI,SCSCF,T:ASLI,SCSCF,I-500:SCSCF,ASLI,A:SCSCF,MTAS,I:MTAS,SCSCF,I:SCSCF,MTAS,T:MTAS,SCSCF,T:SCSCF,PCSCF,I:PCSCF,SCSCF,T:PCSCF,SCSCF,R:SCSCF,MTAS,R:MTAS,SCSCF,R:SCSCF,MTAS,R:SCSCF,PCSCF,R:PCSCF,SCSCF,P:MTAS,SCSCF,P:SCSCF,MTAS,P:MTAS,SCSCF,P:SCSCF,PCSCF,P:PCSCF,SCSCF,P-200:SCSCF,MTAS,P-200:MTAS,SCSCF,P-200:SCSCF,MTAS,P-200:SCSCF,PCSCF,P-200"
806,1,1,"PCSCF,SCSCF,I:SCSCF,PCSCF,T:SCSCF,ASLI,I:ASLI,SCSCF,T:ASLI,SCSCF,I-500:SCSCF,ASLI,A:SCSCF,ASLI,I:ASLI,SCSCF,T:ASLI,SCSCF,I-500:SCSCF,ASLI,A:SCSCF,MTAS,I:MTAS,SCSCF,T:MTAS,SCSCF,I:SCSCF,MTAS,T:SCSCF,PCSCF,I:PCSCF,SCSCF,T:PCSCF,SCSCF,R:SCSCF,MTAS,R:MTAS,SCSCF,R:SCSCF,MTAS,R:SCSCF,PCSCF,R:PCSCF,SCSCF,P:SCSCF,MTAS,P:MTAS,SCSCF,P:SCSCF,PCSCF,P:SCSCF,MTAS,P-200:PCSCF,SCSCF,P-200:MTAS,SCSCF,P-200:SCSCF,MTAS,P-200:SCSCF,PCSCF,P-200"
807,1,1,"PCSCF,SCSCF,I:SCSCF,PCSCF,T:SCSCF,ASLI,I:ASLI,SCSCF,T:SCSCF,ASLI,A:ASLI,SCSCF,I-500:MTAS,SCSCF,I:SCSCF,MTAS,T:SCSCF,GTW,I:GTW,SCSCF,T:GTW,SCSCF,R:SCSCF,MTAS,R:SCSCF,PCSCF,R:PCSCF,SCSCF,P:MTAS,SCSCF,P:SCSCF,MTAS,P:SCSCF,GTW,P:GTW,SCSCF,P-200:SCSCF,MTAS,P-200:MTAS,SCSCF,P-200:SCSCF,PCSCF,P-200"
808,1,1,"GTW,ICSCF,I:ICSCF,GTW,T:SCSCF,ASLI,I:ASLI,SCSCF,T:ASLI,SCSCF,I-500:SCSCF,ASLI,A:SCSCF,MTAS,I:MTAS,SCSCF,T:MTAS,SCSCF,W:MTAS,SCSCF,I:SCSCF,MTAS,T:ICSCF,GTW,W:SCSCF,GTW,I:GTW,SCSCF,T"
809,1,1,"PCSCF,SCSCF,I:SCSCF,PCSCF,T:SCSCF,PCSCF,I-407:PCSCF,SCSCF,A:PCSCF,SCSCF,I:SCSCF,PCSCF,T:SCSCF,BCCAS,I:BCCAS,SCSCF,T:BCCAS,SCSCF,I-500:SCSCF,BCCAS,A:SCSCF,ASLI,I:ASLI,SCSCF,T:SCSCF,ASLI,A:ASLI,SCSCF,I-500:SCSCF,BCCAS,I:BCCAS,SCSCF,T:BCCAS,SCSCF,I:SCSCF,BCCAS,T:SCSCF,GTW,I:GTW,SCSCF,T"
810,1,1,"SCSCF,ICSCF,I:ICSCF,SCSCF,I:SCSCF,ICSCF,T:SCSCF,ICSCF,R:ICSCF,SCSCF,R"
811,1,1,"PCSCF,SCSCF,I:SCSCF,PCSCF,T:SCSCF,ASLI,I:ASLI,SCSCF,T:SCSCF,ASLI,A:ASLI,SCSCF,I-500:MTAS,SCSCF,I:SCSCF,MTAS,T:SCSCF,GTW,I:GTW,SCSCF,T:SCSCF,MTAS,R:GTW,SCSCF,R:SCSCF,PCSCF,R:PCSCF,SCSCF,P:MTAS,SCSCF,P:SCSCF,GTW,P:GTW,SCSCF,P-200:SCSCF,MTAS,P-200:SCSCF,PCSCF,P-200"
812,1,1,"GTW,ICSCF,I:ICSCF,GTW,T:SCSCF,ASLI,I:ASLI,SCSCF,T:ASLI,SCSCF,I-500:SCSCF,ASLI,A:SCSCF,MTAS,I:MTAS,SCSCF,T:MTAS,SCSCF,I:SCSCF,MTAS,T:SCSCF,PCSCF,I:PCSCF,SCSCF,T:PCSCF,SCSCF,R:SCSCF,MTAS,R:MTAS,SCSCF,R:GTW,SCSCF,P:ICSCF,GTW,R:SCSCF,MTAS,P:MTAS,SCSCF,P:SCSCF,PCSCF,P:PCSCF,SCSCF,P-200:SCSCF,MTAS,P-200:MTAS,SCSCF,P-200:SCSCF,GTW,P-200"
813,1,1,"MTAS,SCSCF,I:MTAS,SCSCF,A:GTW,ICSCF,I:ICSCF,GTW,T:SCSCF,ASLI,I:ASLI,SCSCF,T:ASLI,SCSCF,I-500:SCSCF,ASLI,A:SCSCF,MTAS,I:MTAS,SCSCF,T:MTAS,SCSCF,I:MTAS,SCSCF,A:SCSCF,MTAS,T:SCSCF,MTAS,I-480:MTAS,SCSCF,S:ICSCF,GTW,S:GTW,SCSCF,P:SCSCF,MTAS,P:MTAS,SCSCF,P-200:SCSCF,GTW,P-200:MTAS,SCSCF,I-480:SCSCF,MTAS,A:ICSCF,GTW,I-480:GTW,ICSCF,A"
814,1,1,"MTAS,SCSCF,I:MTAS,SCSCF,A:GTW,ICSCF,I:ICSCF,GTW,T:SCSCF,ASLI,I:ASLI,SCSCF,T:ASLI,SCSCF,I-500:SCSCF,ASLI,A:SCSCF,MTAS,I:MTAS,SCSCF,T:MTAS,SCSCF,I:SCSCF,MTAS,T:SCSCF,MTAS,I-480:MTAS,SCSCF,A:MTAS,SCSCF,S:ICSCF,GTW,S:GTW,SCSCF,P:GTW,ICSCF,C:SCSCF,MTAS,P:ICSCF,GTW,C-200:SCSCF,MTAS,C:MTAS,SCSCF,C-200:MTAS,SCSCF,P-200:MTAS,SCSCF,I-487:SCSCF,MTAS,A:ICSCF,GTW,I-487:SCSCF,GTW,P-200:GTW,ICSCF,A"
815,1,1,"PCSCF,SCSCF,I:SCSCF,PCSCF,T:SCSCF,PCSCF,I-407:PCSCF,SCSCF,A:PCSCF,SCSCF,I:SCSCF,ASLI,I:ASLI,SCSCF,T:ASLI,SCSCF,I-500:SCSCF,ASLI,A:SCSCF,PCSCF,T:MTAS,SCSCF,I:SCSCF,MTAS,T:GTW,SCSCF,T:SCSCF,GTW,I"
816,1,0,"SCSCF,ICSCF,I:SCSCF,ASLI,I:ASLI,SCSCF,T:ASLI,SCSCF,I-500:SCSCF,ASLI,A:SCSCF,MTAS,I:MTAS,SCSCF,T:MTAS,SCSCF,I:SCSCF,MTAS,T:SCSCF,PCSCF,I:PCSCF,SCSCF,T:SCSCF,PCSCF,I:PCSCF,SCSCF,T:PCSCF,SCSCF,R:SCSCF,MTAS,R:MTAS,SCSCF,R:PCSCF,SCSCF,R:SCSCF,MTAS,R:MTAS,SCSCF,R:PCSCF,SCSCF,R:SCSCF,MTAS,R:MTAS,SCSCF,R:PCSCF,SCSCF,R:SCSCF,MTAS,R:MTAS,SCSCF,R:PCSCF,SCSCF,R:SCSCF,MTAS,R:PCSCF,SCSCF,I-408:SCSCF,PCSCF,A:MTAS,SCSCF,R:PCSCF,SCSCF,R:SCSCF,MTAS,R:MTAS,SCSCF,R:SCSCF,MTAS,R:PCSCF,SCSCF,R:PCSCF,SCSCF,I-500:SCSCF,PCSCF,A:SCSCF,MTAS,I-408:MTAS,SCSCF,A:MTAS,SCSCF,S:MTAS,SCSCF,R:MTAS,SCSCF,I-500:SCSCF,MTAS,A"
817,1,1,"PCSCF,SCSCF,I:SCSCF,ASLI,I:ASLI,SCSCF,T:ASLI,SCSCF,I-500:SCSCF,ASLI,A:SCSCF,PCSCF,T:MTAS,SCSCF,I:SCSCF,MTAS,T:SCSCF,GTW,I:GTW,SCSCF,T:GTW,SCSCF,R:SCSCF,MTAS,R:SCSCF,PCSCF,R:PCSCF,SCSCF,P:MTAS,SCSCF,P:SCSCF,GTW,P:GTW,SCSCF,P-200:SCSCF,MTAS,P-200:SCSCF,PCSCF,P-200"
818,1,1,"MTAS,SCSCF,I:MTAS,SCSCF,A:GTW,ICSCF,I:ICSCF,GTW,T:SCSCF,ASLI,I:ASLI,SCSCF,T:SCSCF,ASLI,A:ASLI,SCSCF,I-500:SCSCF,MTAS,I:MTAS,SCSCF,T:MTAS,SCSCF,I:SCSCF,MTAS,T:SCSCF,MTAS,I-480:MTAS,SCSCF,A:MTAS,SCSCF,S:ICSCF,GTW,S:SCSCF,MTAS,P:GTW,SCSCF,P:SCSCF,MTAS,P:MTAS,SCSCF,P-200:SCSCF,GTW,P-200:MTAS,SCSCF,P-200:MTAS,SCSCF,I-480:SCSCF,MTAS,A:ICSCF,GTW,I-480:GTW,ICSCF,A:GTW,ICSCF,I:ICSCF,GTW,T:SCSCF,ASLI,I:ASLI,SCSCF,T:ASLI,SCSCF,I-500:SCSCF,ASLI,A:SCSCF,MTAS,I:MTAS,SCSCF,T:MTAS,SCSCF,I:SCSCF,MTAS,T:SCSCF,MTAS,I-480:MTAS,SCSCF,A:MTAS,SCSCF,S:ICSCF,GTW,S:GTW,SCSCF,P:SCSCF,MTAS,P:MTAS,SCSCF,P-200:SCSCF,GTW,P-200:MTAS,SCSCF,I-480:SCSCF,MTAS,A:ICSCF,GTW,I-480:GTW,ICSCF,A:GTW,ICSCF,I:ICSCF,GTW,T:SCSCF,ASLI,I:ASLI,SCSCF,T:ASLI,SCSCF,I-500:SCSCF,ASLI,A:SCSCF,MTAS,I:MTAS,SCSCF,T:MTAS,SCSCF,I:SCSCF,MTAS,T:MTAS,SCSCF,A:SCSCF,MTAS,I-480:MTAS,SCSCF,S:ICSCF,GTW,S:GTW,SCSCF,P:SCSCF,MTAS,P:MTAS,SCSCF,P-200:SCSCF,GTW,P-200:MTAS,SCSCF,I-480:SCSCF,MTAS,A:ICSCF,GTW,I-480:GTW,ICSCF,A:GTW,ICSCF,I:ICSCF,GTW,T:SCSCF,ASLI,I:ASLI,SCSCF,T:ASLI,SCSCF,I-500:SCSCF,ASLI,A:SCSCF,MTAS,I:MTAS,SCSCF,T:MTAS,SCSCF,S:ICSCF,GTW,S:GTW,SCSCF,P:SCSCF,MTAS,P:MTAS,SCSCF,P-200:SCSCF,GTW,P-200:GTW,ICSCF,C:MTAS,SCSCF,C-200:ICSCF,GTW,C-200:SCSCF,MTAS,C:MTAS,SCSCF,I-487:SCSCF,MTAS,A:ICSCF,GTW,I-487:GTW,ICSCF,A"
819,1,1,"MTAS,SCSCF,I:MTAS,SCSCF,A:GTW,ICSCF,I:ICSCF,GTW,T:SCSCF,ASLI,I:ASLI,SCSCF,T:ASLI,SCSCF,I-500:SCSCF,ASLI,A:SCSCF,MTAS,I:MTAS,SCSCF,T:MTAS,SCSCF,I:SCSCF,MTAS,T:SCSCF,MTAS,I-480:MTAS,SCSCF,A:MTAS,SCSCF,S:ICSCF,GTW,S:GTW,SCSCF,P:SCSCF,MTAS,P:MTAS,SCSCF,P-200:SCSCF,GTW,P-200:GTW,ICSCF,C:ICSCF,GTW,C-200:SCSCF,MTAS,C:MTAS,SCSCF,C-200:MTAS,SCSCF,I-487:ICSCF,GTW,I-487:SCSCF,MTAS,A:GTW,ICSCF,A"
820,1,1,"MTAS,SCSCF,I:MTAS,SCSCF,A:GTW,ICSCF,I:ICSCF,GTW,T:SCSCF,ASLI,I:ASLI,SCSCF,T:ASLI,SCSCF,I-500:SCSCF,ASLI,A:SCSCF,MTAS,I:MTAS,SCSCF,T:MTAS,SCSCF,S:ICSCF,GTW,S:GTW,SCSCF,P:SCSCF,MTAS,P:MTAS,SCSCF,P-200:SCSCF,GTW,P-200:MTAS,SCSCF,I-480:SCSCF,MTAS,A:ICSCF,GTW,I-480:GTW,ICSCF,A:GTW,ICSCF,I:ICSCF,GTW,T:SCSCF,ASLI,I:ASLI,SCSCF,T:ASLI,SCSCF,I-500:SCSCF,ASLI,A:SCSCF,MTAS,I:MTAS,SCSCF,T:MTAS,SCSCF,S:ICSCF,GTW,S:GTW,SCSCF,P:SCSCF,MTAS,P:MTAS,SCSCF,P-200:SCSCF,GTW,P-200:MTAS,SCSCF,I-480:ICSCF,GTW,I-480:SCSCF,MTAS,A:GTW,ICSCF,A"
821,1,1,"PCSCF,SCSCF,I:SCSCF,ASLI,I:ASLI,SCSCF,T:ASLI,SCSCF,I-500:SCSCF,ASLI,A:MTAS,SCSCF,I:SCSCF,MTAS,T:SCSCF,PCSCF,T:SCSCF,ASLI,I:ASLI,SCSCF,T:ASLI,SCSCF,I-500:SCSCF,ASLI,A:SCSCF,MTAS,I:MTAS,SCSCF,T:MTAS,SCSCF,I:SCSCF,MTAS,T:SCSCF,PCSCF,I:PCSCF,SCSCF,T:PCSCF,SCSCF,R:SCSCF,MTAS,R:MTAS,SCSCF,R:SCSCF,MTAS,R:SCSCF,PCSCF,R:MTAS,SCSCF,P:PCSCF,SCSCF,P:SCSCF,MTAS,P:MTAS,SCSCF,P:SCSCF,PCSCF,P:PCSCF,SCSCF,P-200:SCSCF,MTAS,P-200:MTAS,SCSCF,P-200:SCSCF,MTAS,P-200:SCSCF,PCSCF,P-200"
822,1,1,"PCSCF,SCSCF,I:SCSCF,PCSCF,T:SCSCF,ASLI,I:ASLI,SCSCF,T:ASLI,SCSCF,I-500:SCSCF,ASLI,A:SCSCF,MTAS,I:MTAS,SCSCF,T:SCSCF,GTW,I:GTW,SCSCF,T"
823,1,1,"PCSCF,SCSCF,I:SCSCF,PCSCF,T:SCSCF,PCSCF,I-407:PCSCF,SCSCF,A:PCSCF,SCSCF,I:SCSCF,PCSCF,T:SCSCF,ASLI,I:ASLI,SCSCF,T:ASLI,SCSCF,I-500:SCSCF,ASLI,A:SCSCF,MTAS,I:MTAS,SCSCF,T:MTAS,SCSCF,I:SCSCF,MTAS,T:SCSCF,GTW,I:GTW,SCSCF,T:SCSCF,MTAS,R:GTW,SCSCF,R:MTAS,SCSCF,R:PCSCF,SCSCF,P:SCSCF,MTAS,P:MTAS,SCSCF,P:SCSCF,GTW,P:GTW,SCSCF,P-200:SCSCF,MTAS,P-200:MTAS,SCSCF,P-200:SCSCF,PCSCF,P-200"
824,1,1,"ICSCF,SCSCF,I:SCSCF,ICSCF,T:SCSCF,BCCAS,I:BCCAS,SCSCF,T:BCCAS,SCSCF,I:SCSCF,BCCAS,T:SCSCF,ASLI,I:ASLI,SCSCF,T:ASLI,SCSCF,I-500:SCSCF,ASLI,A:ICSCF,SCSCF,I:SCSCF,ICSCF,T:SCSCF,BCCAS,I:BCCAS,SCSCF,T:BCCAS,SCSCF,I:SCSCF,BCCAS,T:SCSCF,BCCAS,I-480:BCCAS,SCSCF,A"
825,1,1,"PCSCF,SCSCF,I:SCSCF,PCSCF,T:SCSCF,PCSCF,I-407:PCSCF,SCSCF,A:PCSCF,SCSCF,I:SCSCF,PCSCF,T:SCSCF,ASLI,I:ASLI,SCSCF,T:ASLI,SCSCF,I-500:SCSCF,ASLI,A:SCSCF,MTAS,I:MTAS,SCSCF,I:SCSCF,MTAS,T:MTAS,SCSCF,T:SCSCF,ASLI,I:ASLI,SCSCF,T:ASLI,SCSCF,I-500:SCSCF,ASLI,A:SCSCF,MTAS,I:MTAS,SCSCF,T:SCSCF,PCSCF,I:PCSCF,SCSCF,T:PCSCF,SCSCF,R:SCSCF,MTAS,R:MTAS,SCSCF,R:SCSCF,MTAS,R:SCSCF,PCSCF,R:PCSCF,SCSCF,P:SCSCF,MTAS,P:MTAS,SCSCF,P:SCSCF,MTAS,P:MTAS,SCSCF,P:SCSCF,PCSCF,P:PCSCF,SCSCF,P-200:SCSCF,MTAS,P-200:MTAS,SCSCF,P-200:SCSCF,MTAS,P-200:MTAS,SCSCF,P-200:SCSCF,PCSCF,P-200"
826,1,1,"IBCF,ICSCF,I:ICSCF,IBCF,T:SCSCF,BCCAS,I:BCCAS,SCSCF,T"
827,1,1,"GTW,ICSCF,I:ICSCF,GTW,T:SCSCF,ASLI,I:ASLI,SCSCF,T:ASLI,SCSCF,I-500:SCSCF,BCCAS,I:BCCAS,SCSCF,T:BCCAS,SCSCF,I:SCSCF,BCCAS,T:SCSCF,BCCAS,I-480:BCCAS,SCSCF,A:SCSCF,ASLI,A"
828,1,0,"GTW,ICSCF,I:ICSCF,GTW,T:SCSCF,ASLI,I:ASLI,SCSCF,T:ASLI,SCSCF,I-500:SCSCF,MTAS,I:MTAS,SCSCF,T:MTAS,SCSCF,I-486:SCSCF,MTAS,A:GTW,ICSCF,A:SCSCF,ASLI,A"
829,1,1,"PCSCF,SCSCF,I:SCSCF,PCSCF,T:SCSCF,PCSCF,I-407:PCSCF,SCSCF,A:PCSCF,SCSCF,I:SCSCF,PCSCF,T:SCSCF,ASLI,I:ASLI,SCSCF,T:ASLI,SCSCF,I-500:SCSCF,ASLI,A:SCSCF,GTW,I:GTW,SCSCF,T"
830,1,1,"PCSCF,SCSCF,I:SCSCF,ASLI,I:ASLI,SCSCF,T:SCSCF,PCSCF,T:ASLI,SCSCF,I-500:SCSCF,ASLI,A:MTAS,SCSCF,I:SCSCF,MTAS,T:SCSCF,ASLI,I:ASLI,SCSCF,T:ASLI,SCSCF,I-500:SCSCF,ASLI,A:SCSCF,MTAS,I:MTAS,SCSCF,T:MTAS,SCSCF,I:SCSCF,MTAS,T:SCSCF,PCSCF,I:PCSCF,SCSCF,T:PCSCF,SCSCF,R:MTAS,SCSCF,R:SCSCF,MTAS,R:SCSCF,PCSCF,R:PCSCF,SCSCF,P:MTAS,SCSCF,P:SCSCF,MTAS,P:MTAS,SCSCF,P:SCSCF,PCSCF,P:PCSCF,SCSCF,P-200:SCSCF,MTAS,P-200:MTAS,SCSCF,P-200:SCSCF,MTAS,P-200:SCSCF,PCSCF,P-200"
831,1,1,"PCSCF,SCSCF,I:SCSCF,PCSCF,T:SCSCF,ASLI,I:ASLI,SCSCF,T:SCSCF,ASLI,A:ASLI,SCSCF,I-500:MTAS,SCSCF,I:SCSCF,MTAS,T:SCSCF,ASLI,I:ASLI,SCSCF,T:ASLI,SCSCF,I-500:SCSCF,MTAS,I:MTAS,SCSCF,T:SCSCF,ASLI,A:MTAS,SCSCF,I:SCSCF,MTAS,T:SCSCF,PCSCF,I:PCSCF,SCSCF,T:PCSCF,SCSCF,R:SCSCF,MTAS,R:MTAS,SCSCF,R:SCSCF,MTAS,R:SCSCF,PCSCF,R:PCSCF,SCSCF,P:MTAS,SCSCF,P:SCSCF,MTAS,P:MTAS,SCSCF,P:SCSCF,PCSCF,P:SCSCF,MTAS,P-200:PCSCF,SCSCF,P-200:MTAS,SCSCF,P-200:SCSCF,MTAS,P-200:SCSCF,PCSCF,P-200"
832,1,1,"MTAS,SCSCF,I:MTAS,SCSCF,A:GTW,ICSCF,I:ICSCF,GTW,T:SCSCF,ASLI,I:ASLI,SCSCF,T:ASLI,SCSCF,I-500:SCSCF,ASLI,A:SCSCF,MTAS,I:MTAS,SCSCF,T:MTAS,SCSCF,S:ICSCF,GTW,S:SCSCF,MTAS,P:GTW,SCSCF,P:SCSCF,MTAS,P:MTAS,SCSCF,P-200:SCSCF,GTW,P-200:GTW,ICSCF,C:SCSCF,MTAS,C:ICSCF,GTW,C-200:MTAS,SCSCF,C-200:MTAS,SCSCF,I-487:SCSCF,MTAS,A:ICSCF,GTW,I-487:GTW,ICSCF,A"
833,1,1,"MTAS,SCSCF,I:MTAS,SCSCF,A:GTW,ICSCF,I:ICSCF,GTW,T:SCSCF,ASLI,I:ASLI,SCSCF,T:ASLI,SCSCF,I-500:SCSCF,ASLI,A:SCSCF,MTAS,I:MTAS,SCSCF,T:MTAS,SCSCF,I:SCSCF,MTAS,T:MTAS,SCSCF,A:SCSCF,MTAS,I-480:MTAS,SCSCF,S:ICSCF,GTW,S:GTW,SCSCF,P:SCSCF,MTAS,P:MTAS,SCSCF,P-200:SCSCF,GTW,P-200:MTAS,SCSCF,I-480:SCSCF,MTAS,A:ICSCF,GTW,I-480:GTW,ICSCF,A:GTW,ICSCF,I:ICSCF,GTW,T:SCSCF,ASLI,I:ASLI,SCSCF,T:ASLI,SCSCF,I-500:SCSCF,ASLI,A:SCSCF,MTAS,I:MTAS,SCSCF,T:MTAS,SCSCF,I:SCSCF,MTAS,T:SCSCF,MTAS,I-480:MTAS,SCSCF,A:MTAS,SCSCF,S:ICSCF,GTW,S:GTW,SCSCF,P:SCSCF,MTAS,P:MTAS,SCSCF,P-200:SCSCF,GTW,P-200:SCSCF,MTAS,C:MTAS,SCSCF,C-200:GTW,ICSCF,C:ICSCF,GTW,C-200:MTAS,SCSCF,I-487:SCSCF,MTAS,A:ICSCF,GTW,I-487:GTW,ICSCF,A"
834,1,1,"SCSCF,ICSCF,I:ICSCF,SCSCF,T:SCSCF,ASLI,I:ASLI,SCSCF,T:ASLI,SCSCF,I-500:SCSCF,ASLI,A:SCSCF,MTAS,I:MTAS,SCSCF,T:SCSCF,PCSCF,I:PCSCF,SCSCF,T"
835,1,1,"ICSCF,SCSCF,I:SCSCF,ICSCF,T:SCSCF,BCCAS,I:BCCAS,SCSCF,T:BCCAS,SCSCF,I:SCSCF,ASLI,I:ASLI,SCSCF,T:SCSCF,BCCAS,T:ASLI,SCSCF,I-500:SCSCF,ASLI,A"
836,1,1,"SCSCF,ICSCF,I:ICSCF,SCSCF,T:SCSCF,ASLI,I:ASLI,SCSCF,T:ASLI,SCSCF,I-500:SCSCF,ASLI,A:SCSCF,MTAS,I:MTAS,SCSCF,I:SCSCF,MTAS,T:SCSCF,PCSCF,I:MTAS,SCSCF,T:PCSCF,SCSCF,T:PCSCF,SCSCF,R:MTAS,SCSCF,R:SCSCF,MTAS,R:ICSCF,SCSCF,R:SCSCF,SCSCF,P:SCSCF,MTAS,P:MTAS,SCSCF,P:SCSCF,PCSCF,P:PCSCF,SCSCF,P-200:SCSCF,MTAS,P-200:MTAS,SCSCF,P-200:SCSCF,SCSCF,P-200"
837,1,1,"MTAS,SCSCF,I:MTAS,SCSCF,A:GTW,ICSCF,I:ICSCF,GTW,T:SCSCF,ASLI,I:ASLI,SCSCF,T:ASLI,SCSCF,I-500:SCSCF,ASLI,A:SCSCF,MTAS,I:MTAS,SCSCF,T:MTAS,SCSCF,I:SCSCF,MTAS,T:SCSCF,MTAS,I-480:MTAS,SCSCF,A:MTAS,SCSCF,S:ICSCF,GTW,S:GTW,SCSCF,P:SCSCF,MTAS,P:MTAS,SCSCF,P-200:SCSCF,GTW,P-200:MTAS,SCSCF,P-200:SCSCF,MTAS,A:MTAS,SCSCF,I-480:ICSCF,GTW,I-480:GTW,ICSCF,A:GTW,ICSCF,I:ICSCF,GTW,T:SCSCF,ASLI,I:ASLI,SCSCF,T:ASLI,SCSCF,I-500:SCSCF,ASLI,A:SCSCF,MTAS,I:MTAS,SCSCF,T:MTAS,SCSCF,I:SCSCF,MTAS,T:SCSCF,MTAS,I-480:MTAS,SCSCF,A:MTAS,SCSCF,S:ICSCF,GTW,S:GTW,SCSCF,P:SCSCF,MTAS,P:MTAS,SCSCF,P-200:SCSCF,GTW,P-200:MTAS,SCSCF,I-480:SCSCF,MTAS,A:ICSCF,GTW,I-480:GTW,ICSCF,A:GTW,ICSCF,I:ICSCF,GTW,T:SCSCF,ASLI,I:ASLI,SCSCF,T:ASLI,SCSCF,I-500:SCSCF,ASLI,A:SCSCF,MTAS,I:MTAS,SCSCF,T:MTAS,SCSCF,I:SCSCF,MTAS,T:SCSCF,MTAS,I-480:MTAS,SCSCF,A:MTAS,SCSCF,S:ICSCF,GTW,S:GTW,SCSCF,P:SCSCF,MTAS,P:MTAS,SCSCF,P-200:SCSCF,GTW,P-200:MTAS,SCSCF,I-480:SCSCF,MTAS,A:ICSCF,GTW,I-480:GTW,ICSCF,A:GTW,ICSCF,I:ICSCF,GTW,T:SCSCF,ASLI,I:ASLI,SCSCF,T:SCSCF,ASLI,A:ASLI,SCSCF,I-500:SCSCF,MTAS,I:MTAS,SCSCF,T:MTAS,SCSCF,I:SCSCF,MTAS,T:SCSCF,MTAS,I-480:MTAS,SCSCF,A:MTAS,SCSCF,S:ICSCF,GTW,S:GTW,SCSCF,P:SCSCF,MTAS,P:SCSCF,GTW,P-200:MTAS,SCSCF,P-200:MTAS,SCSCF,I-480:SCSCF,MTAS,A:ICSCF,GTW,I-480:GTW,ICSCF,A:GTW,ICSCF,I:ICSCF,GTW,T:SCSCF,ASLI,I:ASLI,SCSCF,T:ASLI,SCSCF,I-500:SCSCF,ASLI,A:SCSCF,MTAS,I:MTAS,SCSCF,T:MTAS,SCSCF,I:SCSCF,MTAS,T:SCSCF,MTAS,I-480:MTAS,SCSCF,A:MTAS,SCSCF,S:ICSCF,GTW,S:SCSCF,MTAS,P:GTW,SCSCF,P:SCSCF,MTAS,P:MTAS,SCSCF,P-200:SCSCF,GTW,P-200:GTW,ICSCF,C:SCSCF,MTAS,C:ICSCF,GTW,C-200:MTAS,SCSCF,C-200:MTAS,SCSCF,I-487:ICSCF,GTW,I-487:SCSCF,MTAS,A:GTW,ICSCF,A"
838,1,1,"IBCF,ICSCF,I:ICSCF,IBCF,T:SCSCF,BCCAS,I:BCCAS,SCSCF,T:BCCAS,SCSCF,I:SCSCF,BCCAS,T:SCSCF,ASLI,I:ASLI,SCSCF,T:ASLI,SCSCF,I-500:SCSCF,ASLI,A:SCSCF,ASLI,I:ASLI,SCSCF,T:ASLI,SCSCF,I-500:SCSCF,ASLI,A:SCSCF,BCCAS,I:BCCAS,SCSCF,T:BCCAS,SCSCF,I:SCSCF,BCCAS,T:SCSCF,IBCF,I:IBCF,SCSCF,T:IBCF,SCSCF,Q:SCSCF,BCCAS,Q:BCCAS,SCSCF,Q:SCSCF,BCCAS,Q:BCCAS,SCSCF,Q:ICSCF,IBCF,Q:SCSCF,BCCAS,P:IBCF,SCSCF,P:BCCAS,SCSCF,P:SCSCF,BCCAS,P:BCCAS,SCSCF,P:SCSCF,IBCF,P:IBCF,SCSCF,P-200:SCSCF,BCCAS,P-200:BCCAS,SCSCF,P-200:SCSCF,BCCAS,P-200:BCCAS,SCSCF,P-200:SCSCF,IBCF,P-200"
839,1,1,"SCSCF,ICSCF,I:ICSCF,SCSCF,T:ICSCF,SCSCF,I:SCSCF,ICSCF,T:SCSCF,ICSCF,W:ICSCF,SCSCF,W"
840,1,1,"PCSCF,SCSCF,I:SCSCF,ASLI,I:ASLI,SCSCF,T:ASLI,SCSCF,I-500:SCSCF,ASLI,A:MTAS,SCSCF,I:SCSCF,MTAS,T:SCSCF,PCSCF,T:SCSCF,ASLI,I:ASLI,SCSCF,T:ASLI,SCSCF,I-500:SCSCF,ASLI,A:SCSCF,BCCAS,I:BCCAS,SCSCF,T:BCCAS,SCSCF,I:SCSCF,BCCAS,T:SCSCF,BCCAS,I-480:BCCAS,SCSCF,A"
841,1,1,"GTW,ICSCF,I:ICSCF,GTW,T:SCSCF,ASLI,I:ASLI,SCSCF,T:ASLI,SCSCF,I-500:SCSCF,MTAS,I:MTAS,SCSCF,I:SCSCF,MTAS,T:SCSCF,PCSCF,I:PCSCF,SCSCF,T:SCSCF,ASLI,A:MTAS,SCSCF,T:PCSCF,SCSCF,R:SCSCF,MTAS,R:MTAS,SCSCF,R:ICSCF,GTW,R:GTW,SCSCF,P:SCSCF,MTAS,P:MTAS,SCSCF,P:SCSCF,PCSCF,P:PCSCF,SCSCF,P-200:SCSCF,MTAS,P-200:MTAS,SCSCF,P-200:SCSCF,GTW,P-200"
842,1,1,"PCSCF,SCSCF,I:SCSCF,PCSCF,T:SCSCF,ASLI,I:ASLI,SCSCF,T:SCSCF,ASLI,A:ASLI,SCSCF,I-500:MTAS,SCSCF,I:SCSCF,MTAS,T:SCSCF,GTW,I:GTW,SCSCF,T:SCSCF,MTAS,R:GTW,SCSCF,R:SCSCF,PCSCF,R:PCSCF,SCSCF,P:SCSCF,GTW,P:MTAS,SCSCF,P:GTW,SCSCF,P-200:SCSCF,MTAS,P-200:SCSCF,PCSCF,P-200"
843,1,1,"MTAS,SCSCF,I:MTAS,SCSCF,A:GTW,ICSCF,I:ICSCF,GTW,T:SCSCF,ASLI,I:ASLI,SCSCF,T:ASLI,SCSCF,I-500:SCSCF,ASLI,A:SCSCF,MTAS,I:MTAS,SCSCF,T:MTAS,SCSCF,I:SCSCF,MTAS,T:SCSCF,MTAS,I-480:MTAS,SCSCF,A:MTAS,SCSCF,S:ICSCF,GTW,S:GTW,SCSCF,P:SCSCF,MTAS,P:MTAS,SCSCF,P-200:SCSCF,GTW,P-200:MTAS,SCSCF,I-480:SCSCF,MTAS,A:ICSCF,GTW,I-480:GTW,ICSCF,A:GTW,ICSCF,I:ICSCF,GTW,T:SCSCF,ASLI,I:ASLI,SCSCF,T:SCSCF,ASLI,A:ASLI,SCSCF,I-500:SCSCF,MTAS,I:MTAS,SCSCF,T:MTAS,SCSCF,I:SCSCF,MTAS,T:SCSCF,MTAS,I-480:MTAS,SCSCF,A:MTAS,SCSCF,S:ICSCF,GTW,S:GTW,SCSCF,P:SCSCF,MTAS,P:MTAS,SCSCF,P-200:SCSCF,GTW,P-200:MTAS,SCSCF,I-480:SCSCF,MTAS,A:ICSCF,GTW,I-480:GTW,ICSCF,A:GTW,ICSCF,I:ICSCF,GTW,T:SCSCF,ASLI,I:ASLI,SCSCF,T:ASLI,SCSCF,I-500:SCSCF,ASLI,A:SCSCF,MTAS,I:MTAS,SCSCF,T:MTAS,SCSCF,I:SCSCF,MTAS,T:SCSCF,MTAS,I-480:MTAS,SCSCF,A:MTAS,SCSCF,S:ICSCF,GTW,S:GTW,SCSCF,P:SCSCF,MTAS,P:MTAS,SCSCF,P-200:SCSCF,GTW,P-200:MTAS,SCSCF,I-480:SCSCF,MTAS,A:ICSCF,GTW,I-480:GTW,ICSCF,A:GTW,ICSCF,I:ICSCF,GTW,T:SCSCF,ASLI,I:ASLI,SCSCF,T:ASLI,SCSCF,I-500:SCSCF,ASLI,A:SCSCF,MTAS,I:MTAS,SCSCF,T:MTAS,SCSCF,I:SCSCF,MTAS,T:MTAS,SCSCF,A:SCSCF,MTAS,I-480:MTAS,SCSCF,S:ICSCF,GTW,S:GTW,SCSCF,P:SCSCF,MTAS,P:MTAS,SCSCF,P-200:SCSCF,GTW,P-200:MTAS,SCSCF,P-200:MTAS,SCSCF,I-480:ICSCF,GTW,I-480:SCSCF,MTAS,A:GTW,ICSCF,A"
844,1,1,"PCSCF,SCSCF,I:SCSCF,ASLI,I:ASLI,SCSCF,T:SCSCF,PCSCF,T:SCSCF,ASLI,A:ASLI,SCSCF,I-500:SCSCF,MTAS,I:MTAS,SCSCF,T:ICSCF,SCSCF,I:SCSCF,ICSCF,T:SCSCF,ICSCF,R:SCSCF,MTAS,R:MTAS,SCSCF,R:SCSCF,PCSCF,R:PCSCF,SCSCF,P:SCSCF,MTAS,P:SCSCF,SCSCF,P:SCSCF,MTAS,P-200:SCSCF,SCSCF,P-200:MTAS,SCSCF,P-200:SCSCF,PCSCF,P-200"
845,1,1,"PCSCF,SCSCF,I:SCSCF,PCSCF,T:SCSCF,ASLI,I:ASLI,SCSCF,T:ASLI,SCSCF,I-500:SCSCF,ASLI,A:MTAS,SCSCF,I:SCSCF,MTAS,T:SCSCF,GTW,I:GTW,SCSCF,T:GTW,SCSCF,R:SCSCF,MTAS,R:SCSCF,PCSCF,R:PCSCF,SCSCF,P:MTAS,SCSCF,P:SCSCF,MTAS,P:SCSCF,GTW,P:GTW,SCSCF,P-200:SCSCF,MTAS,P-200:MTAS,SCSCF,P-200:SCSCF,PCSCF,P-200"
846,1,1,"GTW,ICSCF,I:ICSCF,GTW,T:SCSCF,ASLI,I:ASLI,SCSCF,T:ASLI,SCSCF,I-500:SCSCF,ASLI,A:SCSCF,MTAS,I:MTAS,SCSCF,I:SCSCF,MTAS,T:SCSCF,PCSCF,I:PCSCF,SCSCF,T:MTAS,SCSCF,T:PCSCF,SCSCF,R:SCSCF,MTAS,R:MTAS,SCSCF,R:ICSCF,GTW,R:GTW,SCSCF,P:SCSCF,MTAS,P:MTAS,SCSCF,P:SCSCF,PCSCF,P:PCSCF,SCSCF,P-200:SCSCF,MTAS,P-200:MTAS,SCSCF,P-200:SCSCF,GTW,P-200"
847,1,1,"PCSCF,SCSCF,I:SCSCF,ASLI,I:ASLI,SCSCF,T:ASLI,SCSCF,I-500:SCSCF,ASLI,A:SCSCF,MTAS,I:MTAS,SCSCF,T:SCSCF,PCSCF,T:MTAS,SCSCF,I:SCSCF,MTAS,T:SCSCF,GTW,I:GTW,SCSCF,T"
848,1,1,"GTW,ICSCF,I:ICSCF,GTW,T:SCSCF,ASLI,I:ASLI,SCSCF,T:ASLI,SCSCF,I-500:SCSCF,BCCAS,I:SCSCF,ASLI,A:BCCAS,SCSCF,T:BCCAS,SCSCF,I:SCSCF,BCCAS,I-480:BCCAS,SCSCF,A"
849,1,1,"SCSCF,ICSCF,I:ICSCF,SCSCF,T:SCSCF,ASLI,I:ASLI,SCSCF,T:SCSCF,ASLI,A:ASLI,SCSCF,I-500:MTAS,SCSCF,I:SCSCF,MTAS,T:SCSCF,PCSCF,I:PCSCF,SCSCF,T:PCSCF,SCSCF,R:SCSCF,MTAS,R:ICSCF,SCSCF,R:SCSCF,SCSCF,P:MTAS,SCSCF,P:SCSCF,PCSCF,P:SCSCF,MTAS,P-200:PCSCF,SCSCF,P-200:SCSCF,SCSCF,P-200"
850,1,1,"PCSCF,SCSCF,I:SCSCF,ASLI,I:ASLI,SCSCF,T:SCSCF,PCSCF,T:SCSCF,ASLI,A:ASLI,SCSCF,I-500:MTAS,SCSCF,I:SCSCF,MTAS,T:SCSCF,GTW,I:GTW,SCSCF,T"
851,1,0,"MTAS,SCSCF,I:MTAS,SCSCF,A:GTW,ICSCF,I:ICSCF,GTW,T:SCSCF,ASLI,I:ASLI,SCSCF,T:ASLI,SCSCF,I-500:SCSCF,ASLI,A:SCSCF,MTAS,I:MTAS,SCSCF,T:MTAS,SCSCF,I:SCSCF,MTAS,T:SCSCF,MTAS,I-480:MTAS,SCSCF,A:MTAS,SCSCF,S:ICSCF,GTW,S:GTW,SCSCF,P:SCSCF,MTAS,P:MTAS,SCSCF,P-200:SCSCF,GTW,P-200:MTAS,SCSCF,I-480:SCSCF,MTAS,A:ICSCF,GTW,I-480:GTW,ICSCF,A:GTW,ICSCF,I:ICSCF,GTW,T:SCSCF,ASLI,I:ASLI,SCSCF,T:ASLI,SCSCF,I-500:SCSCF,ASLI,A:SCSCF,MTAS,I:MTAS,SCSCF,T:GTW,ICSCF,C:ICSCF,GTW,C-200:SCSCF,MTAS,C:MTAS,SCSCF,I-487:MTAS,SCSCF,C-200:SCSCF,MTAS,A:ICSCF,GTW,I-487:GTW,ICSCF,A"
852,1,1,"GTW,ICSCF,I:ICSCF,GTW,T:SCSCF,ASLI,I:ASLI,SCSCF,T:ASLI,SCSCF,I-500:SCSCF,ASLI,A:SCSCF,MTAS,I:MTAS,SCSCF,T:MTAS,SCSCF,I:SCSCF,PCSCF,I:PCSCF,SCSCF,T:PCSCF,SCSCF,R:SCSCF,MTAS,R:MTAS,SCSCF,R:ICSCF,GTW,R:GTW,SCSCF,P:SCSCF,MTAS,P:MTAS,SCSCF,P:SCSCF,PCSCF,P:PCSCF,SCSCF,P-200:SCSCF,MTAS,P-200:MTAS,SCSCF,P-200:SCSCF,GTW,P-200"
853,1,1,"SCSCF,ICSCF,I:ICSCF,SCSCF,T:ICSCF,SCSCF,I:SCSCF,ICSCF,T:SCSCF,ICSCF,R:ICSCF,SCSCF,R"
854,1,1,"ICSCF,SCSCF,I:SCSCF,ICSCF,T:SCSCF,BCCAS,I:BCCAS,SCSCF,T:BCCAS,SCSCF,I:SCSCF,BCCAS,T:SCSCF,ASLI,I:ASLI,SCSCF,T:ASLI,SCSCF,I-500:SCSCF,ASLI,A:ICSCF,SCSCF,I:SCSCF,ICSCF,T:SCSCF,ICSCF,R:SCSCF,BCCAS,R:BCCAS,SCSCF,R:SCSCF,ICSCF,R:IBCF,SCSCF,P:SCSCF,BCCAS,P:BCCAS,SCSCF,P:SCSCF,SCSCF,P:SCSCF,SCSCF,P-200:SCSCF,BCCAS,P-200:BCCAS,SCSCF,P-200:SCSCF,IBCF,P-200"
855,1,0,"MTAS,SCSCF,I:MTAS,SCSCF,A:GTW,ICSCF,I:ICSCF,GTW,T:SCSCF,ASLI,I:ASLI,SCSCF,T:ASLI,SCSCF,I-500:SCSCF,ASLI,A:SCSCF,MTAS,I:MTAS,SCSCF,T:MTAS,SCSCF,I:SCSCF,MTAS,T:MTAS,SCSCF,A:SCSCF,MTAS,I-480:MTAS,SCSCF,S:ICSCF,GTW,S:SCSCF,MTAS,P:GTW,SCSCF,P:MTAS,SCSCF,P-200:SCSCF,GTW,P-200:MTAS,SCSCF,P-200:SCSCF,MTAS,A:MTAS,SCSCF,I-480:ICSCF,GTW,I-480:GTW,ICSCF,A:GTW,ICSCF,I:ICSCF,GTW,T:SCSCF,ASLI,I:ASLI,SCSCF,T:ASLI,SCSCF,I-500:SCSCF,MTAS,I:MTAS,SCSCF,T:SCSCF,ASLI,A:MTAS,SCSCF,I:SCSCF,MTAS,T:MTAS,SCSCF,A:SCSCF,MTAS,I-480:MTAS,SCSCF,S:ICSCF,GTW,S:GTW,SCSCF,P:SCSCF,MTAS,P:MTAS,SCSCF,P-200:SCSCF,GTW,P-200:MTAS,SCSCF,I-480:SCSCF,MTAS,A:ICSCF,GTW,I-480:GTW,ICSCF,A:GTW,ICSCF,I:ICSCF,GTW,T:SCSCF,ASLI,I:ASLI,SCSCF,T:ASLI,SCSCF,I-500:SCSCF,ASLI,A:SCSCF,MTAS,I:MTAS,SCSCF,T:MTAS,SCSCF,I:MTAS,SCSCF,A:SCSCF,MTAS,T:SCSCF,MTAS,I-480:MTAS,SCSCF,S:ICSCF,GTW,S:GTW,SCSCF,P:SCSCF,MTAS,P:MTAS,SCSCF,P-200:SCSCF,GTW,P-200:MTAS,SCSCF,I-480:SCSCF,MTAS,A:ICSCF,GTW,I-480:GTW,ICSCF,A:GTW,ICSCF,I:ICSCF,GTW,T:SCSCF,ASLI,I:ASLI,SCSCF,T:ASLI,SCSCF,I-500:SCSCF,ASLI,A:SCSCF,MTAS,I:MTAS,SCSCF,T:MTAS,SCSCF,I:SCSCF,MTAS,T:SCSCF,MTAS,I-480:MTAS,SCSCF,A:MTAS,SCSCF,S:ICSCF,GTW,S:GTW,SCSCF,P:SCSCF,MTAS,P:MTAS,SCSCF,P-200:SCSCF,GTW,P-200:MTAS,SCSCF,I-480:SCSCF,MTAS,A:ICSCF,GTW,I-480:GTW,ICSCF,A:GTW,ICSCF,I:ICSCF,GTW,T:SCSCF,ASLI,I:ASLI,SCSCF,T:ASLI,SCSCF,I-500:SCSCF,ASLI,A:SCSCF,MTAS,I:MTAS,SCSCF,T:MTAS,SCSCF,I:SCSCF,MTAS,T:SCSCF,MTAS,I-480:MTAS,SCSCF,A:MTAS,SCSCF,S:ICSCF,GTW,S:GTW,SCSCF,P:SCSCF,MTAS,P:MTAS,SCSCF,P-200:SCSCF,GTW,P-200:SCSCF,MTAS,C:GTW,ICSCF,C:ICSCF,GTW,C-200:MTAS,SCSCF,C-200:SCSCF,MTAS,A:MTAS,SCSCF,I-487:ICSCF,GTW,I-487:GTW,ICSCF,A:GTW,ICSCF,I:ICSCF,GTW,T:SCSCF,ASLI,I:ASLI,SCSCF,T:ASLI,SCSCF,I-500:SCSCF,ASLI,A:SCSCF,MTAS,I:MTAS,SCSCF,T:MTAS,SCSCF,I:SCSCF,MTAS,T:MTAS,SCSCF,A:SCSCF,MTAS,I-480:MTAS,SCSCF,S:ICSCF,GTW,S:GTW,SCSCF,P:SCSCF,MTAS,P:MTAS,SCSCF,P-200:SCSCF,GTW,P-200:SCSCF,MTAS,A:MTAS,SCSCF,I-480:ICSCF,GTW,I-480:GTW,ICSCF,A:GTW,ICSCF,I:ICSCF,GTW,T:SCSCF,ASLI,I:ASLI,SCSCF,T:ASLI,SCSCF,I-500:SCSCF,ASLI,A:SCSCF,MTAS,I:MTAS,SCSCF,T:MTAS,SCSCF,S:ICSCF,GTW,S:SCSCF,MTAS,P:GTW,SCSCF,P:SCSCF,MTAS,P:MTAS,SCSCF,P-200:SCSCF,GTW,P-200:MTAS,SCSCF,I-480:SCSCF,MTAS,A:ICSCF,GTW,I-480:GTW,ICSCF,A:GTW,ICSCF,I:ICSCF,GTW,T:SCSCF,ASLI,I:ASLI,SCSCF,T:ASLI,SCSCF,I-500:SCSCF,ASLI,A:SCSCF,MTAS,I:MTAS,SCSCF,T:MTAS,SCSCF,S:ICSCF,GTW,S:SCSCF,MTAS,P:GTW,SCSCF,P:SCSCF,MTAS,P:MTAS,SCSCF,P-200:SCSCF,GTW,P-200:MTAS,SCSCF,I:MTAS,SCSCF,A:MTAS,SCSCF,I-480:SCSCF,MTAS,A:ICSCF,GTW,I-480:GTW,ICSCF,A"
856,1,1,"PCSCF,SCSCF,I:SCSCF,PCSCF,T:SCSCF,ASLI,I:ASLI,SCSCF,T:ASLI,SCSCF,I-500:SCSCF,ASLI,A:SCSCF,MTAS,I:MTAS,SCSCF,T:MTAS,SCSCF,I:SCSCF,MTAS,T:SCSCF,ASLI,I:ASLI,SCSCF,T:ASLI,SCSCF,I-500:SCSCF,ASLI,A:SCSCF,MTAS,I:MTAS,SCSCF,T:MTAS,SCSCF,I:SCSCF,MTAS,T:SCSCF,PCSCF,I:PCSCF,SCSCF,T:PCSCF,SCSCF,R:SCSCF,MTAS,R:MTAS,SCSCF,R:SCSCF,MTAS,R:MTAS,SCSCF,R:SCSCF,PCSCF,R:PCSCF,SCSCF,P:SCSCF,MTAS,P:MTAS,SCSCF,P:SCSCF,MTAS,P:SCSCF,PCSCF,P:MTAS,SCSCF,P:SCSCF,MTAS,P-200:PCSCF,SCSCF,P-200:MTAS,SCSCF,P-200:SCSCF,MTAS,P-200:MTAS,SCSCF,P-200:SCSCF,PCSCF,P-200"
857,1,1,"IBCF,ICSCF,I:ICSCF,IBCF,T:SCSCF,BCCAS,I:BCCAS,SCSCF,T:BCCAS,SCSCF,I:SCSCF,ASLI,I:ASLI,SCSCF,T:ASLI,SCSCF,I-500:SCSCF,BCCAS,T:SCSCF,ASLI,A:SCSCF,GTW,I:GTW,SCSCF,T"
858,1,1,"ICSCF,SCSCF,I:SCSCF,ICSCF,T:SCSCF,BCCAS,I:BCCAS,SCSCF,T:BCCAS,SCSCF,I:SCSCF,BCCAS,T:SCSCF,ASLI,I:ASLI,SCSCF,T:ASLI,SCSCF,I-500:SCSCF,ASLI,A:SCSCF,ASLI,I:ASLI,SCSCF,T:ASLI,SCSCF,I-500:SCSCF,ASLI,A:MTAS,SCSCF,I:SCSCF,MTAS,T:SCSCF,PCSCF,I:PCSCF,SCSCF,T:PCSCF,SCSCF,R:SCSCF,MTAS,R:SCSCF,BCCAS,R:SCSCF,ICSCF,R:BCCAS,SCSCF,R:IBCF,SCSCF,P:SCSCF,BCCAS,P:BCCAS,SCSCF,P:MTAS,SCSCF,P:SCSCF,PCSCF,P:SCSCF,MTAS,P-200:PCSCF,SCSCF,P-200:SCSCF,BCCAS,P-200:BCCAS,SCSCF,P-200:SCSCF,IBCF,P-200"
859,1,1,"IBCF,ICSCF,I:ICSCF,IBCF,T:ICSCF,SCSCF,I:SCSCF,ICSCF,T:SCSCF,ICSCF,R:ICSCF,IBCF,R:SCSCF,ICSCF,I-480:ICSCF,SCSCF,A"
860,1,1,"GTW,ICSCF,I:ICSCF,GTW,T:SCSCF,ASLI,I:ASLI,SCSCF,T:SCSCF,ASLI,A:ASLI,SCSCF,I-500:SCSCF,MTAS,I:MTAS,SCSCF,T:MTAS,SCSCF,W:ICSCF,GTW,W:MTAS,SCSCF,I:SCSCF,MTAS,T:SCSCF,GTW,I:GTW,SCSCF,T"
861,1,1,"PCSCF,SCSCF,I:SCSCF,PCSCF,T:SCSCF,PCSCF,I-407:PCSCF,SCSCF,A:PCSCF,SCSCF,I:SCSCF,PCSCF,T:SCSCF,ASLI,I:ASLI,SCSCF,T:ASLI,SCSCF,I-500:MTAS,SCSCF,I:SCSCF,MTAS,T:SCSCF,ASLI,A:SCSCF,GTW,I:GTW,SCSCF,T"
862,1,1,"GTW,ICSCF,I:ICSCF,GTW,T:SCSCF,ASLI,I:ASLI,SCSCF,T:ASLI,SCSCF,I-500:SCSCF,MTAS,I:MTAS,SCSCF,T:MTAS,SCSCF,I:SCSCF,MTAS,T:SCSCF,PCSCF,I:SCSCF,ASLI,A:PCSCF,SCSCF,T:PCSCF,SCSCF,R:SCSCF,MTAS,R:MTAS,SCSCF,R:ICSCF,GTW,R:GTW,SCSCF,P:MTAS,SCSCF,P:SCSCF,MTAS,P:SCSCF,PCSCF,P:PCSCF,SCSCF,P-200:SCSCF,MTAS,P-200:MTAS,SCSCF,P-200:SCSCF,GTW,P-200"
863,1,1,"PCSCF,SCSCF,I:SCSCF,PCSCF,T:SCSCF,PCSCF,I-407:PCSCF,SCSCF,A:PCSCF,SCSCF,I:SCSCF,PCSCF,T:SCSCF,ASLI,I:ASLI,SCSCF,T:ASLI,SCSCF,I-500:SCSCF,ASLI,A:SCSCF,MTAS,I:MTAS,SCSCF,T:MTAS,SCSCF,I:SCSCF,MTAS,T:SCSCF,GTW,I:GTW,SCSCF,T:SCSCF,MTAS,R:GTW,SCSCF,R:MTAS,SCSCF,R:SCSCF,PCSCF,R:PCSCF,SCSCF,P:SCSCF,MTAS,P:MTAS,SCSCF,P:GTW,SCSCF,P-200:SCSCF,MTAS,P-200:SCSCF,GTW,P:MTAS,SCSCF,P-200:SCSCF,PCSCF,P-200"
864,1,1,"GTW,ICSCF,I:ICSCF,GTW,T:SCSCF,ASLI,I:ASLI,SCSCF,T:ASLI,SCSCF,I-500:SCSCF,ASLI,A:SCSCF,MTAS,I:MTAS,SCSCF,I:SCSCF,MTAS,T:MTAS,SCSCF,T:SCSCF,PCSCF,I:PCSCF,SCSCF,T:PCSCF,SCSCF,R:SCSCF,MTAS,R:MTAS,SCSCF,R:ICSCF,GTW,R:GTW,SCSCF,P:SCSCF,MTAS,P:MTAS,SCSCF,P:SCSCF,PCSCF,P:PCSCF,SCSCF,P-200:SCSCF,MTAS,P-200:MTAS,SCSCF,P-200:SCSCF,GTW,P-200"
865,1,1,"MTAS,SCSCF,I:MTAS,SCSCF,A:GTW,ICSCF,I:ICSCF,GTW,T:SCSCF,ASLI,I:ASLI,SCSCF,T:ASLI,SCSCF,I-500:SCSCF,ASLI,A:SCSCF,MTAS,I:MTAS,SCSCF,T:MTAS,SCSCF,I:SCSCF,MTAS,T:SCSCF,MTAS,I-480:MTAS,SCSCF,A:MTAS,SCSCF,S:ICSCF,GTW,S:GTW,SCSCF,P:SCSCF,MTAS,P:MTAS,SCSCF,P-200:SCSCF,GTW,P-200:MTAS,SCSCF,P-200:MTAS,SCSCF,I-480:ICSCF,GTW,I-480:SCSCF,MTAS,A:GTW,ICSCF,A"
866,1,1,"IBCF,ICSCF,I:ICSCF,IBCF,T:ICSCF,SCSCF,I:SCSCF,ICSCF,I-482:ICSCF,SCSCF,A"
867,1,1,"ICSCF,SCSCF,I:SCSCF,ICSCF,T:SCSCF,ICSCF,W:ICSCF,SCSCF,W"
868,1,1,"ICSCF,SCSCF,I:SCSCF,ICSCF,T:SCSCF,BCCAS,I:BCCAS,SCSCF,T:BCCAS,SCSCF,I:SCSCF,BCCAS,T:SCSCF,ASLI,I:ASLI,SCSCF,T:ASLI,SCSCF,I-500:SCSCF,ASLI,A:SCSCF,GTW,I:GTW,SCSCF,T:GTW,SCSCF,S:SCSCF,BCCAS,S:BCCAS,SCSCF,S:GTW,SCSCF,S:SCSCF,BCCAS,S:BCCAS,SCSCF,S:GTW,SCSCF,S:SCSCF,BCCAS,S:BCCAS,SCSCF,S:GTW,SCSCF,S:SCSCF,BCCAS,S:BCCAS,SCSCF,S:GTW,SCSCF,S:SCSCF,BCCAS,S:BCCAS,SCSCF,S:GTW,SCSCF,S:SCSCF,BCCAS,S:GTW,SCSCF,S:SCSCF,BCCAS,S:GTW,SCSCF,I-500:SCSCF,GTW,A:SCSCF,BCCAS,I-500"
869,1,1,"ICSCF,SCSCF,I:ICSCF,SCSCF,A"
870,1,1,"SCSCF,IBCF,I:IBCF,SCSCF,T:IBCF,SCSCF,R:SCSCF,IBCF,P:IBCF,SCSCF,R:SCSCF,IBCF,P:IBCF,SCSCF,P-481:IBCF,SCSCF,P-200"
871,1,1,"GTW,ICSCF,I:ICSCF,GTW,T:SCSCF,ASLI,I:ASLI,SCSCF,T:ASLI,SCSCF,I-500:SCSCF,ASLI,A:SCSCF,MTAS,I:MTAS,SCSCF,T:MTAS,SCSCF,I:SCSCF,MTAS,T:SCSCF,PCSCF,I:PCSCF,SCSCF,T"
872,1,1,"ICSCF,SCSCF,I:SCSCF,ICSCF,T:SCSCF,ASLI,I:ASLI,SCSCF,T:ASLI,SCSCF,I-500:SCSCF,ASLI,A:SCSCF,MTAS,I:MTAS,SCSCF,T:MTAS,SCSCF,I:SCSCF,MTAS,T:SCSCF,PCSCF,I:PCSCF,SCSCF,T:SCSCF,MTAS,R:PCSCF,SCSCF,R:MTAS,SCSCF,R:SCSCF,ICSCF,R:SCSCF,SCSCF,P:SCSCF,MTAS,P:MTAS,SCSCF,P:SCSCF,PCSCF,P:SCSCF,MTAS,P-200:PCSCF,SCSCF,P-200:MTAS,SCSCF,P-200:SCSCF,SCSCF,P-200"
873,1,1,"ICSCF,SCSCF,I:SCSCF,ICSCF,T:SCSCF,ASLI,I:ASLI,SCSCF,T:ASLI,SCSCF,I-500:SCSCF,ASLI,A:SCSCF,MTAS,I:MTAS,SCSCF,I:SCSCF,MTAS,T:SCSCF,PCSCF,I:MTAS,SCSCF,T:PCSCF,SCSCF,T:PCSCF,SCSCF,R:MTAS,SCSCF,R:SCSCF,MTAS,R:SCSCF,ICSCF,R:SCSCF,SCSCF,P:SCSCF,MTAS,P:MTAS,SCSCF,P:SCSCF,PCSCF,P:PCSCF,SCSCF,P-200:MTAS,SCSCF,P-200:SCSCF,MTAS,P-200:SCSCF,SCSCF,P-200"
874,1,1,"ICSCF,SCSCF,I:SCSCF,ICSCF,T:SCSCF,ASLI,I:ASLI,SCSCF,T:ASLI,SCSCF,I-500:SCSCF,MTAS,I:MTAS,SCSCF,T:MTAS,SCSCF,I:SCSCF,MTAS,T:SCSCF,PCSCF,I:SCSCF,ASLI,A:PCSCF,SCSCF,T:PCSCF,SCSCF,R:SCSCF,MTAS,R:MTAS,SCSCF,R:SCSCF,ICSCF,R:SCSCF,SCSCF,P:SCSCF,MTAS,P:MTAS,SCSCF,P:SCSCF,PCSCF,P:SCSCF,MTAS,P-200:PCSCF,SCSCF,P-200:MTAS,SCSCF,P-200:SCSCF,SCSCF,P-200"
875,1,1,"PCSCF,SCSCF,I:SCSCF,PCSCF,T:SCSCF,ASLI,I:ASLI,SCSCF,T:SCSCF,ASLI,A:ASLI,SCSCF,I-500"
876,1,1,"MTAS,SCSCF,I:MTAS,SCSCF,A:GTW,ICSCF,I:ICSCF,GTW,T:SCSCF,ASLI,I:ASLI,SCSCF,T:SCSCF,ASLI,A:ASLI,SCSCF,I-500:SCSCF,MTAS,I:MTAS,SCSCF,T:MTAS,SCSCF,I:SCSCF,MTAS,T:SCSCF,MTAS,I-480:MTAS,SCSCF,A:MTAS,SCSCF,S:ICSCF,GTW,S:SCSCF,MTAS,P:GTW,SCSCF,P:SCSCF,MTAS,P:MTAS,SCSCF,P-200:SCSCF,GTW,P-200:MTAS,SCSCF,I-480:SCSCF,MTAS,A:ICSCF,GTW,I-480:GTW,ICSCF,A"
877,1,1,"IBCF,ICSCF,I:ICSCF,IBCF,T:ICSCF,SCSCF,I:SCSCF,ICSCF,T:SCSCF,ICSCF,S:ICSCF,IBCF,S:SCSCF,ICSCF,S:ICSCF,IBCF,S:SCSCF,ICSCF,R:ICSCF,IBCF,R:SCSCF,ICSCF,I-480:ICSCF,SCSCF,A"
878,1,1,"PCSCF,SCSCF,I:SCSCF,PCSCF,T:SCSCF,PCSCF,I-407:PCSCF,SCSCF,A:PCSCF,SCSCF,I:SCSCF,PCSCF,T:SCSCF,ASLI,I:ASLI,SCSCF,T:ASLI,SCSCF,I-500:SCSCF,ASLI,A:SCSCF,MTAS,I:MTAS,SCSCF,I:SCSCF,MTAS,T:SCSCF,GTW,I:MTAS,SCSCF,T:GTW,SCSCF,T"
879,1,1,"GTW,ICSCF,I:ICSCF,GTW,T:SCSCF,ASLI,I:ASLI,SCSCF,T:ASLI,SCSCF,I-500:SCSCF,BCCAS,I:BCCAS,SCSCF,T:BCCAS,SCSCF,I:SCSCF,BCCAS,T:SCSCF,PCSCF,I:SCSCF,ASLI,A:PCSCF,SCSCF,T:PCSCF,SCSCF,R:SCSCF,BCCAS,R:BCCAS,SCSCF,R:ICSCF,GTW,R:GTW,SCSCF,P:SCSCF,BCCAS,P:BCCAS,SCSCF,P:SCSCF,PCSCF,P:PCSCF,SCSCF,P-200:SCSCF,BCCAS,P-200:BCCAS,SCSCF,P-200:SCSCF,GTW,P-200"
880,1,1,"PCSCF,SCSCF,I:SCSCF,PCSCF,T:SCSCF,ASLI,I:ASLI,SCSCF,T:ASLI,SCSCF,I-500:SCSCF,ASLI,A:MTAS,SCSCF,I:SCSCF,MTAS,T:SCSCF,ASLI,I:ASLI,SCSCF,T:ASLI,SCSCF,I-500:SCSCF,MTAS,I:MTAS,SCSCF,I:SCSCF,MTAS,T:SCSCF,PCSCF,I:PCSCF,SCSCF,T:SCSCF,ASLI,A:MTAS,SCSCF,T:PCSCF,SCSCF,R:SCSCF,MTAS,R:MTAS,SCSCF,R:SCSCF,MTAS,R:SCSCF,PCSCF,R:PCSCF,SCSCF,P:MTAS,SCSCF,P:SCSCF,MTAS,P:MTAS,SCSCF,P:SCSCF,PCSCF,P:PCSCF,SCSCF,P-200:SCSCF,MTAS,P-200:MTAS,SCSCF,P-200:SCSCF,MTAS,P-200:SCSCF,PCSCF,P-200"
881,1,1,"ICSCF,SCSCF,I:SCSCF,ICSCF,T:SCSCF,BCCAS,I:BCCAS,SCSCF,T:BCCAS,SCSCF,I:SCSCF,BCCAS,T:SCSCF,ASLI,I:ASLI,SCSCF,T:SCSCF,ASLI,A:ASLI,SCSCF,I-500:SCSCF,GTW,I:GTW,SCSCF,T:GTW,SCSCF,S:SCSCF,BCCAS,S:BCCAS,SCSCF,S:SCSCF,ICSCF,S:IBCF,SCSCF,P:SCSCF,BCCAS,P:BCCAS,SCSCF,P:SCSCF,GTW,P:GTW,SCSCF,P-200:GTW,SCSCF,R:SCSCF,BCCAS,P-200:SCSCF,BCCAS,R:BCCAS,SCSCF,P-200:SCSCF,IBCF,P-200:BCCAS,SCSCF,R:SCSCF,ICSCF,R:IBCF,SCSCF,P:SCSCF,BCCAS,P:BCCAS,SCSCF,P:SCSCF,GTW,P:SCSCF,BCCAS,P-200:GTW,SCSCF,P-200:BCCAS,SCSCF,P-200:SCSCF,IBCF,P-200:GTW,SCSCF,S:SCSCF,BCCAS,S:BCCAS,SCSCF,S:GTW,SCSCF,S:SCSCF,BCCAS,S:BCCAS,SCSCF,S:GTW,SCSCF,S:SCSCF,BCCAS,S:BCCAS,SCSCF,S:GTW,SCSCF,S:SCSCF,BCCAS,S:SCSCF,GTW,A:GTW,SCSCF,I-500:SCSCF,BCCAS,I-500:BCCAS,SCSCF,I-500:SCSCF,BCCAS,A:BCCAS,SCSCF,A"
882,1,1,"SCSCF,ICSCF,I:ICSCF,SCSCF,T:SCSCF,ASLI,I:ASLI,SCSCF,T:ASLI,SCSCF,I-500:SCSCF,ASLI,A:SCSCF,MTAS,I:MTAS,SCSCF,T:SCSCF,PCSCF,I:PCSCF,SCSCF,T:PCSCF,SCSCF,R:SCSCF,MTAS,R:MTAS,SCSCF,R:ICSCF,SCSCF,R:SCSCF,SCSCF,P:SCSCF,MTAS,P:SCSCF,PCSCF,P:SCSCF,MTAS,P-200:PCSCF,SCSCF,P-200:MTAS,SCSCF,P-200:SCSCF,SCSCF,P-200"
883,1,1,"ICSCF,SCSCF,I:SCSCF,ICSCF,T:SCSCF,ASLI,I:ASLI,SCSCF,T:ASLI,SCSCF,I-500:SCSCF,ASLI,A:SCSCF,MTAS,I:MTAS,SCSCF,T:MTAS,SCSCF,W:MTAS,SCSCF,I:SCSCF,ICSCF,W:SCSCF,MTAS,T:SCSCF,GTW,I:GTW,SCSCF,T"
884,1,1,"ICSCF,SCSCF,I:SCSCF,ICSCF,T:SCSCF,ASLI,I:ASLI,SCSCF,T:ASLI,SCSCF,I-500:SCSCF,ASLI,A:SCSCF,BCCAS,I:BCCAS,SCSCF,T:BCCAS,SCSCF,I:SCSCF,BCCAS,I-480:BCCAS,SCSCF,A"
885,1,1,"PCSCF,SCSCF,I:SCSCF,ASLI,I:SCSCF,PCSCF,T:ASLI,SCSCF,T:ASLI,SCSCF,I-500:SCSCF,ASLI,A:MTAS,SCSCF,I:SCSCF,MTAS,T:SCSCF,GTW,I:GTW,SCSCF,T"
886,1,1,"ICSCF,SCSCF,I:SCSCF,ICSCF,T:SCSCF,ASLI,I:ASLI,SCSCF,T:ASLI,SCSCF,I-500:SCSCF,ASLI,A:SCSCF,MTAS,I:MTAS,SCSCF,T:MTAS,SCSCF,I:SCSCF,MTAS,T:SCSCF,PCSCF,I:PCSCF,SCSCF,T:PCSCF,SCSCF,R:SCSCF,MTAS,R:MTAS,SCSCF,R:SCSCF,ICSCF,R:GTW,SCSCF,P:SCSCF,MTAS,P:MTAS,SCSCF,P:SCSCF,PCSCF,P:SCSCF,MTAS,P-200:PCSCF,SCSCF,P-200:MTAS,SCSCF,P-200:SCSCF,GTW,P-200"
887,1,1,"MTAS,SCSCF,I:MTAS,SCSCF,A:GTW,ICSCF,I:ICSCF,GTW,T:SCSCF,ASLI,I:ASLI,SCSCF,T:ASLI,SCSCF,I-500:SCSCF,ASLI,A:SCSCF,MTAS,I:MTAS,SCSCF,T:MTAS,SCSCF,S:ICSCF,GTW,S:GTW,SCSCF,P:SCSCF,MTAS,P:MTAS,SCSCF,P-200:SCSCF,GTW,P-200:MTAS,SCSCF,I-480:ICSCF,GTW,I-480:SCSCF,MTAS,A:GTW,ICSCF,A:GTW,ICSCF,I:ICSCF,GTW,T:SCSCF,ASLI,I:ASLI,SCSCF,T:ASLI,SCSCF,I-500:SCSCF,ASLI,A:SCSCF,MTAS,I:MTAS,SCSCF,T:MTAS,SCSCF,I:SCSCF,MTAS,T:SCSCF,MTAS,I-480:MTAS,SCSCF,A:MTAS,SCSCF,S:ICSCF,GTW,S:GTW,SCSCF,P:SCSCF,MTAS,P:MTAS,SCSCF,P-200:SCSCF,GTW,P-200:ICSCF,GTW,C-200:SCSCF,MTAS,C:GTW,ICSCF,C:MTAS,SCSCF,C-200:SCSCF,MTAS,A:ICSCF,GTW,I-487:MTAS,SCSCF,I-487:GTW,ICSCF,A"
888,1,1,"MTAS,SCSCF,I:MTAS,SCSCF,A:GTW,ICSCF,I:ICSCF,GTW,T:SCSCF,ASLI,I:ASLI,SCSCF,T:ASLI,SCSCF,I-500:SCSCF,ASLI,A:SCSCF,MTAS,I:MTAS,SCSCF,T:MTAS,SCSCF,I:SCSCF,MTAS,T:SCSCF,MTAS,I-480:MTAS,SCSCF,A:MTAS,SCSCF,S:ICSCF,GTW,S:GTW,SCSCF,P:SCSCF,MTAS,P:MTAS,SCSCF,P-200:SCSCF,GTW,P-200:SCSCF,MTAS,C:GTW,ICSCF,C:ICSCF,GTW,C-200:MTAS,SCSCF,C-200:MTAS,SCSCF,I-487:SCSCF,MTAS,A:ICSCF,GTW,I-487:GTW,ICSCF,A"
889,1,1,"SCSCF,ICSCF,I:ICSCF,SCSCF,T:SCSCF,ASLI,I:ASLI,SCSCF,T:ASLI,SCSCF,I-500:SCSCF,ASLI,A:SCSCF,MTAS,I:MTAS,SCSCF,T:MTAS,SCSCF,I:SCSCF,MTAS,T:SCSCF,PCSCF,I:PCSCF,SCSCF,T:PCSCF,SCSCF,R:SCSCF,MTAS,R:MTAS,SCSCF,R:ICSCF,SCSCF,R:SCSCF,MTAS,P:SCSCF,SCSCF,P:MTAS,SCSCF,P:SCSCF,PCSCF,P:PCSCF,SCSCF,P-200:SCSCF,MTAS,P-200:MTAS,SCSCF,P-200:SCSCF,SCSCF,P-200"
890,1,1,"PCSCF,SCSCF,I:SCSCF,PCSCF,T:SCSCF,ASLI,I:ASLI,SCSCF,T:ASLI,SCSCF,I-500:SCSCF,ASLI,A:MTAS,SCSCF,I:SCSCF,MTAS,T:SCSCF,GTW,I:GTW,SCSCF,T"
891,1,1,"GTW,ICSCF,I:ICSCF,GTW,T:SCSCF,ASLI,I:ASLI,SCSCF,T:ASLI,SCSCF,I-500:SCSCF,ASLI,A:SCSCF,MTAS,I:MTAS,SCSCF,T:MTAS,SCSCF,I:SCSCF,MTAS,T:SCSCF,PCSCF,I:PCSCF,SCSCF,T:PCSCF,SCSCF,R:SCSCF,MTAS,R:MTAS,SCSCF,R:ICSCF,GTW,R:GTW,SCSCF,P:MTAS,SCSCF,P:SCSCF,MTAS,P:SCSCF,PCSCF,P:PCSCF,SCSCF,P-200:SCSCF,MTAS,P-200:MTAS,SCSCF,P-200:SCSCF,GTW,P-200"
892,1,1,"MTAS,SCSCF,I:MTAS,SCSCF,A:GTW,ICSCF,I:ICSCF,GTW,T:SCSCF,ASLI,I:ASLI,SCSCF,T:ASLI,SCSCF,I-500:SCSCF,ASLI,A:SCSCF,MTAS,I:MTAS,SCSCF,T:MTAS,SCSCF,I:SCSCF,MTAS,T:MTAS,SCSCF,A:SCSCF,MTAS,I-480:MTAS,SCSCF,S:ICSCF,GTW,S:GTW,SCSCF,P:SCSCF,MTAS,P:MTAS,SCSCF,P-200:SCSCF,GTW,P-200:MTAS,SCSCF,I-480:SCSCF,MTAS,A:ICSCF,GTW,I-480:GTW,ICSCF,A:GTW,ICSCF,I:ICSCF,GTW,T:SCSCF,ASLI,I:ASLI,SCSCF,T:ASLI,SCSCF,I-500:SCSCF,MTAS,I:MTAS,SCSCF,T:SCSCF,ASLI,A:MTAS,SCSCF,S:ICSCF,GTW,S:GTW,SCSCF,P:SCSCF,MTAS,P:MTAS,SCSCF,P-200:SCSCF,GTW,P-200:MTAS,SCSCF,I-480:SCSCF,MTAS,A:ICSCF,GTW,I-480:GTW,ICSCF,A"
893,1,1,"MTAS,SCSCF,I:MTAS,SCSCF,A:GTW,ICSCF,I:ICSCF,GTW,T:SCSCF,ASLI,I:ASLI,SCSCF,T:ASLI,SCSCF,I-500:SCSCF,ASLI,A:SCSCF,MTAS,I:MTAS,SCSCF,T:MTAS,SCSCF,I:SCSCF,MTAS,T:SCSCF,MTAS,I-480:MTAS,SCSCF,A:MTAS,SCSCF,S:ICSCF,GTW,S:GTW,SCSCF,P:SCSCF,MTAS,P:MTAS,SCSCF,P-200:SCSCF,GTW,P-200:MTAS,SCSCF,I-480:SCSCF,MTAS,A:ICSCF,GTW,I-480:GTW,ICSCF,A:GTW,ICSCF,I:ICSCF,GTW,T:SCSCF,ASLI,I:ASLI,SCSCF,T:ASLI,SCSCF,I-500:SCSCF,ASLI,A:SCSCF,MTAS,I:MTAS,SCSCF,T:MTAS,SCSCF,I:SCSCF,MTAS,T:MTAS,SCSCF,A:SCSCF,MTAS,I-480:MTAS,SCSCF,S:ICSCF,GTW,S:GTW,SCSCF,P:SCSCF,MTAS,P:MTAS,SCSCF,P-200:SCSCF,GTW,P-200:GTW,ICSCF,C:MTAS,SCSCF,C-200:SCSCF,MTAS,C:ICSCF,GTW,C-200:MTAS,SCSCF,I-487:SCSCF,MTAS,A:ICSCF,GTW,I-487:GTW,ICSCF,A"
894,1,1,"ICSCF,SCSCF,I:SCSCF,ICSCF,T:SCSCF,ASLI,I:ASLI,SCSCF,T:SCSCF,ASLI,A:ASLI,SCSCF,I-500:SCSCF,BCCAS,I:BCCAS,SCSCF,T:BCCAS,SCSCF,I:SCSCF,BCCAS,I-480:BCCAS,SCSCF,A"
895,1,1,"PCSCF,SCSCF,I:SCSCF,ASLI,I:ASLI,SCSCF,T:ASLI,SCSCF,I-500:SCSCF,ASLI,A:SCSCF,MTAS,I:MTAS,SCSCF,T:MTAS,SCSCF,I:SCSCF,MTAS,T:SCSCF,PCSCF,T:SCSCF,ASLI,I:ASLI,SCSCF,T:ASLI,SCSCF,I-500:SCSCF,ASLI,A:SCSCF,MTAS,I:MTAS,SCSCF,T:MTAS,SCSCF,W:SCSCF,MTAS,W:MTAS,SCSCF,W:MTAS,SCSCF,I:SCSCF,MTAS,T:SCSCF,GTW,I:GTW,SCSCF,T:SCSCF,PCSCF,W"
896,1,1,"GTW,ICSCF,I:ICSCF,GTW,T:SCSCF,ASLI,I:ASLI,SCSCF,T:SCSCF,ASLI,A:ASLI,SCSCF,I-500:SCSCF,MTAS,I:MTAS,SCSCF,T:MTAS,SCSCF,I:SCSCF,MTAS,T:SCSCF,PCSCF,I:PCSCF,SCSCF,T:PCSCF,SCSCF,R:SCSCF,MTAS,R:MTAS,SCSCF,R:ICSCF,GTW,R:SCSCF,MTAS,P:GTW,SCSCF,P:MTAS,SCSCF,P:SCSCF,PCSCF,P:PCSCF,SCSCF,P-200:SCSCF,MTAS,P-200:MTAS,SCSCF,P-200:SCSCF,GTW,P-200"
897,1,1,"PCSCF,SCSCF,I:SCSCF,ASLI,I:SCSCF,PCSCF,T:ASLI,SCSCF,T:SCSCF,ASLI,A:ASLI,SCSCF,I-500:MTAS,SCSCF,I:SCSCF,GTW,I:GTW,SCSCF,T"
898,1,1,"MTAS,SCSCF,I:MTAS,SCSCF,A:GTW,ICSCF,I:ICSCF,GTW,T:SCSCF,ASLI,I:ASLI,SCSCF,T:ASLI,SCSCF,I-500:SCSCF,ASLI,A:SCSCF,MTAS,I:MTAS,SCSCF,T:MTAS,SCSCF,S:ICSCF,GTW,S:GTW,SCSCF,P:SCSCF,MTAS,P:MTAS,SCSCF,P-200:SCSCF,GTW,P-200:MTAS,SCSCF,I-480:SCSCF,MTAS,A:ICSCF,GTW,I-480:GTW,ICSCF,A:GTW,ICSCF,I:SCSCF,ASLI,I:ASLI,SCSCF,T:ASLI,SCSCF,I-500:SCSCF,ASLI,A:SCSCF,MTAS,I:MTAS,SCSCF,T:MTAS,SCSCF,S:ICSCF,GTW,S:GTW,SCSCF,P:SCSCF,MTAS,P:MTAS,SCSCF,P-200:SCSCF,GTW,P-200:MTAS,SCSCF,P-200:MTAS,SCSCF,I-480:SCSCF,MTAS,A:ICSCF,GTW,I-480:GTW,ICSCF,A:GTW,ICSCF,I:ICSCF,GTW,T:SCSCF,ASLI,I:ASLI,SCSCF,T:ASLI,SCSCF,I-500:SCSCF,ASLI,A:SCSCF,MTAS,I:MTAS,SCSCF,T:MTAS,SCSCF,I:SCSCF,MTAS,T:SCSCF,MTAS,I-480:MTAS,SCSCF,A:MTAS,SCSCF,S:ICSCF,GTW,S:GTW,SCSCF,P:SCSCF,MTAS,P:MTAS,SCSCF,P-200:SCSCF,GTW,P-200:MTAS,SCSCF,I-480:SCSCF,MTAS,A:ICSCF,GTW,I-480:GTW,ICSCF,A:GTW,ICSCF,I:ICSCF,GTW,T:SCSCF,ASLI,I:ASLI,SCSCF,T:ASLI,SCSCF,I-500:SCSCF,ASLI,A:SCSCF,MTAS,I:MTAS,SCSCF,T:MTAS,SCSCF,S:ICSCF,GTW,S:GTW,SCSCF,P:SCSCF,MTAS,P:MTAS,SCSCF,P-200:SCSCF,GTW,P-200:MTAS,SCSCF,I-480:ICSCF,GTW,I-480:SCSCF,MTAS,A:GTW,ICSCF,A:GTW,ICSCF,I:ICSCF,GTW,T:SCSCF,ASLI,I:ASLI,SCSCF,T:ASLI,SCSCF,I-500:SCSCF,ASLI,A:SCSCF,MTAS,I:MTAS,SCSCF,T:MTAS,SCSCF,I:SCSCF,MTAS,T:SCSCF,MTAS,I-480:MTAS,SCSCF,A:MTAS,SCSCF,S:ICSCF,GTW,S:GTW,SCSCF,P:SCSCF,MTAS,P:MTAS,SCSCF,P-200:SCSCF,GTW,P-200:MTAS,SCSCF,P-200:MTAS,SCSCF,I-480:SCSCF,MTAS,A:ICSCF,GTW,I-480:GTW,ICSCF,A:GTW,ICSCF,I:ICSCF,GTW,T:SCSCF,ASLI,I:ASLI,SCSCF,T:ASLI,SCSCF,I-500:SCSCF,ASLI,A:SCSCF,MTAS,I:MTAS,SCSCF,T:MTAS,SCSCF,I:SCSCF,MTAS,T:SCSCF,MTAS,I-480:MTAS,SCSCF,A:MTAS,SCSCF,S:ICSCF,GTW,S:GTW,SCSCF,P:SCSCF,MTAS,P:MTAS,SCSCF,P-200:SCSCF,GTW,P-200:MTAS,SCSCF,I-480:SCSCF,MTAS,A:ICSCF,GTW,I-480:GTW,ICSCF,A"
899,1,1,"SCSCF,ICSCF,I:ICSCF,SCSCF,T:SCSCF,ASLI,I:ASLI,SCSCF,T:ASLI,SCSCF,I-500:SCSCF,ASLI,A:SCSCF,MTAS,I:MTAS,SCSCF,T:MTAS,SCSCF,I:SCSCF,PCSCF,I:SCSCF,MTAS,T:PCSCF,SCSCF,T:PCSCF,SCSCF,R:SCSCF,MTAS,R:MTAS,SCSCF,R:ICSCF,SCSCF,R:SCSCF,SCSCF,P:SCSCF,MTAS,P:MTAS,SCSCF,P:SCSCF,PCSCF,P:SCSCF,MTAS,P-200:PCSCF,SCSCF,P-200:MTAS,SCSCF,P-200:SCSCF,SCSCF,P-200"
900,1,1,"PCSCF,SCSCF,I:SCSCF,PCSCF,T:SCSCF,ASLI,I:ASLI,SCSCF,T:ASLI,SCSCF,I-500:SCSCF,ASLI,A:SCSCF,MTAS,I:MTAS,SCSCF,T:MTAS,SCSCF,I:SCSCF,MTAS,T:SCSCF,GTW,I:GTW,SCSCF,T:SCSCF,MTAS,R:GTW,SCSCF,R:MTAS,SCSCF,R:SCSCF,PCSCF,R:PCSCF,SCSCF,P:SCSCF,MTAS,P:MTAS,SCSCF,P:SCSCF,GTW,P:SCSCF,MTAS,P-200:GTW,SCSCF,P-200:MTAS,SCSCF,P-200:SCSCF,PCSCF,P-200"
901,1,1,"MTAS,SCSCF,I:MTAS,SCSCF,A:GTW,ICSCF,I:ICSCF,GTW,T:SCSCF,ASLI,I:ASLI,SCSCF,T:ASLI,SCSCF,I-500:SCSCF,ASLI,A:SCSCF,MTAS,I:MTAS,SCSCF,T:MTAS,SCSCF,S:ICSCF,GTW,S:GTW,SCSCF,P:SCSCF,MTAS,P:MTAS,SCSCF,P-200:SCSCF,GTW,P-200:MTAS,SCSCF,I-480:SCSCF,MTAS,A:ICSCF,GTW,I-480:GTW,ICSCF,A"
902,1,1,"PCSCF,SCSCF,I:SCSCF,PCSCF,T:SCSCF,PCSCF,I-407:PCSCF,SCSCF,A:PCSCF,SCSCF,I:SCSCF,ASLI,I:ASLI,SCSCF,T:ASLI,SCSCF,I-500:SCSCF,ASLI,A:SCSCF,PCSCF,T:SCSCF,MTAS,I:MTAS,SCSCF,T:MTAS,SCSCF,I:SCSCF,MTAS,T:SCSCF,GTW,I:GTW,SCSCF,T"
903,1,1,"GTW,ICSCF,I:ICSCF,GTW,T:SCSCF,ASLI,I:ASLI,SCSCF,T:ASLI,SCSCF,I-500:SCSCF,ASLI,A:SCSCF,MTAS,I:MTAS,SCSCF,T:SCSCF,PCSCF,I:PCSCF,SCSCF,T:PCSCF,SCSCF,R:SCSCF,MTAS,R:MTAS,SCSCF,R:ICSCF,GTW,R:GTW,SCSCF,P:SCSCF,MTAS,P:SCSCF,PCSCF,P:SCSCF,MTAS,P-200:PCSCF,SCSCF,P-200:MTAS,SCSCF,P-200:SCSCF,GTW,P-200"
904,1,0,"MTAS,SCSCF,I:MTAS,SCSCF,A:PCSCF,SCSCF,I:SCSCF,PCSCF,T:SCSCF,ASLI,I:ASLI,SCSCF,T:ASLI,SCSCF,I-500:SCSCF,ASLI,A:SCSCF,MTAS,I:MTAS,SCSCF,T:MTAS,SCSCF,I:SCSCF,MTAS,T:SCSCF,MTAS,I-404:MTAS,SCSCF,A:MTAS,SCSCF,S:SCSCF,PCSCF,S:PCSCF,SCSCF,P:SCSCF,MTAS,P:MTAS,SCSCF,P-200:SCSCF,PCSCF,P-200:MTAS,SCSCF,I-404:SCSCF,MTAS,A:SCSCF,PCSCF,I-404:PCSCF,SCSCF,A:PCSCF,SCSCF,I:SCSCF,PCSCF,T:SCSCF,PCSCF,I-407:PCSCF,SCSCF,A:PCSCF,SCSCF,I:SCSCF,PCSCF,T:SCSCF,ASLI,I:ASLI,SCSCF,T:ASLI,SCSCF,I-500:SCSCF,ASLI,A:SCSCF,MTAS,I:MTAS,SCSCF,T:MTAS,SCSCF,I:SCSCF,MTAS,T:SCSCF,MTAS,I-404:MTAS,SCSCF,A:MTAS,SCSCF,S:SCSCF,PCSCF,S:SCSCF,MTAS,P:PCSCF,SCSCF,P:MTAS,SCSCF,P-200:SCSCF,PCSCF,P-200:MTAS,SCSCF,I-404:SCSCF,PCSCF,I-404:SCSCF,MTAS,A:PCSCF,SCSCF,A:PCSCF,SCSCF,I:SCSCF,PCSCF,T:SCSCF,ASLI,I:ASLI,SCSCF,T:ASLI,SCSCF,I-500:SCSCF,ASLI,A:SCSCF,MTAS,I:MTAS,SCSCF,T:MTAS,SCSCF,I:SCSCF,MTAS,T:SCSCF,MTAS,I-404:MTAS,SCSCF,A:MTAS,SCSCF,S:SCSCF,PCSCF,S:PCSCF,SCSCF,P:SCSCF,MTAS,P:MTAS,SCSCF,P-200:SCSCF,PCSCF,P-200:PCSCF,SCSCF,I:SCSCF,PCSCF,T:SCSCF,ASLI,I:ASLI,SCSCF,T:ASLI,SCSCF,I-500:SCSCF,ASLI,A:SCSCF,MTAS,I:MTAS,SCSCF,T:MTAS,SCSCF,I:SCSCF,MTAS,T:SCSCF,MTAS,I-404:MTAS,SCSCF,A:MTAS,SCSCF,S:SCSCF,PCSCF,S:PCSCF,SCSCF,P:SCSCF,MTAS,P:MTAS,SCSCF,P-200:SCSCF,PCSCF,P-200:MTAS,SCSCF,I-404:SCSCF,MTAS,A:SCSCF,PCSCF,I-404:PCSCF,SCSCF,A:MTAS,SCSCF,I-404:SCSCF,MTAS,A:SCSCF,PCSCF,I-404:PCSCF,SCSCF,A"
905,1,1,"MTAS,SCSCF,I:MTAS,SCSCF,A:GTW,ICSCF,I:ICSCF,GTW,T:SCSCF,ASLI,I:ASLI,SCSCF,T:ASLI,SCSCF,I-500:SCSCF,ASLI,A:SCSCF,MTAS,I:MTAS,SCSCF,T:MTAS,SCSCF,I:SCSCF,MTAS,T:SCSCF,MTAS,I-480:MTAS,SCSCF,A:MTAS,SCSCF,S:ICSCF,GTW,S:GTW,SCSCF,P:SCSCF,MTAS,P:MTAS,SCSCF,P-200:SCSCF,GTW,P-200:MTAS,SCSCF,I-480:SCSCF,MTAS,A:ICSCF,GTW,I-480:GTW,ICSCF,A:GTW,ICSCF,I:ICSCF,GTW,T:SCSCF,ASLI,I:ASLI,SCSCF,T:ASLI,SCSCF,I-500:SCSCF,ASLI,A:SCSCF,MTAS,I:MTAS,SCSCF,T:MTAS,SCSCF,I:SCSCF,MTAS,T:SCSCF,MTAS,I-480:MTAS,SCSCF,A:MTAS,SCSCF,S:ICSCF,GTW,S:SCSCF,MTAS,P:GTW,SCSCF,P:SCSCF,MTAS,P:MTAS,SCSCF,P-200:SCSCF,GTW,P-200:MTAS,SCSCF,I-480:SCSCF,MTAS,A:ICSCF,GTW,I-480:GTW,ICSCF,A"
906,1,1,"GTW,ICSCF,I:ICSCF,GTW,T:SCSCF,ASLI,I:ASLI,SCSCF,T:SCSCF,ASLI,A:ASLI,SCSCF,I-500:SCSCF,BCCAS,I:BCCAS,SCSCF,T:BCCAS,SCSCF,I:SCSCF,BCCAS,T:SCSCF,IBCF,I:IBCF,SCSCF,T:IBCF,SCSCF,W:SCSCF,BCCAS,W:BCCAS,SCSCF,W:ICSCF,GTW,W:GTW,SCSCF,P:SCSCF,BCCAS,P:BCCAS,SCSCF,P:SCSCF,IBCF,P:IBCF,SCSCF,P-200:SCSCF,BCCAS,P-200:BCCAS,SCSCF,P-200:SCSCF,GTW,P-200"
907,1,1,"PCSCF,SCSCF,I:SCSCF,PCSCF,T:SCSCF,PCSCF,I-407:PCSCF,SCSCF,A:PCSCF,SCSCF,I:SCSCF,ASLI,I:ASLI,SCSCF,T:ASLI,SCSCF,I-500:SCSCF,MTAS,I:MTAS,SCSCF,T:MTAS,SCSCF,I:SCSCF,MTAS,T:SCSCF,PCSCF,T:SCSCF,ASLI,A:SCSCF,GTW,I:GTW,SCSCF,T"
908,1,1,"ICSCF,SCSCF,I:SCSCF,ICSCF,T:SCSCF,ASLI,I:ASLI,SCSCF,T:ASLI,SCSCF,I-500:SCSCF,ASLI,A:MTAS,SCSCF,I:SCSCF,MTAS,T:SCSCF,PCSCF,I:PCSCF,SCSCF,T:SCSCF,MTAS,R:PCSCF,SCSCF,R:SCSCF,ICSCF,R:SCSCF,SCSCF,P:MTAS,SCSCF,P:SCSCF,PCSCF,P:PCSCF,SCSCF,P-200:SCSCF,MTAS,P-200:SCSCF,SCSCF,P-200"
909,1,1,"PCSCF,SCSCF,I:SCSCF,PCSCF,T:SCSCF,ASLI,I:ASLI,SCSCF,T:ASLI,SCSCF,I-500:SCSCF,ASLI,A:SCSCF,MTAS,I:MTAS,SCSCF,T:MTAS,SCSCF,I:SCSCF,MTAS,T:SCSCF,ASLI,I:ASLI,SCSCF,T:ASLI,SCSCF,I-500:SCSCF,ASLI,A:SCSCF,MTAS,I:MTAS,SCSCF,T:MTAS,SCSCF,I:SCSCF,MTAS,T:SCSCF,PCSCF,I:PCSCF,SCSCF,T:PCSCF,SCSCF,R:SCSCF,MTAS,R:MTAS,SCSCF,R:SCSCF,MTAS,R:MTAS,SCSCF,R:SCSCF,PCSCF,R:PCSCF,SCSCF,P:SCSCF,MTAS,P:MTAS,SCSCF,P:SCSCF,MTAS,P:MTAS,SCSCF,P:SCSCF,PCSCF,P:SCSCF,MTAS,P-200:PCSCF,SCSCF,P-200:MTAS,SCSCF,P-200:SCSCF,MTAS,P-200:MTAS,SCSCF,P-200:SCSCF,PCSCF,P-200"
910,1,1,"SCSCF,ICSCF,I:ICSCF,SCSCF,T:SCSCF,ASLI,I:ASLI,SCSCF,T:SCSCF,ASLI,A:ASLI,SCSCF,I-500:SCSCF,MTAS,I:MTAS,SCSCF,T:MTAS,SCSCF,I:SCSCF,MTAS,T:SCSCF,PCSCF,I:PCSCF,SCSCF,T:PCSCF,SCSCF,R:SCSCF,MTAS,R:MTAS,SCSCF,R:ICSCF,SCSCF,R:SCSCF,MTAS,P:SCSCF,SCSCF,P:MTAS,SCSCF,P:SCSCF,PCSCF,P:PCSCF,SCSCF,P-200:SCSCF,MTAS,P-200:MTAS,SCSCF,P-200:SCSCF,SCSCF,P-200"
911,1,0,"MTAS,SCSCF,I:MTAS,SCSCF,A:PCSCF,SCSCF,I:SCSCF,PCSCF,T:SCSCF,ASLI,I:ASLI,SCSCF,T:ASLI,SCSCF,I-500:SCSCF,ASLI,A:MTAS,SCSCF,I:SCSCF,MTAS,T:SCSCF,MTAS,I-404:MTAS,SCSCF,A:PCSCF,SCSCF,C:SCSCF,PCSCF,C-200:SCSCF,PCSCF,I-404:PCSCF,SCSCF,A"
912,1,1,"PCSCF,SCSCF,I:SCSCF,PCSCF,T:SCSCF,PCSCF,I-407:PCSCF,SCSCF,A:PCSCF,SCSCF,I:SCSCF,PCSCF,T:SCSCF,ASLI,I:ASLI,SCSCF,T:ASLI,SCSCF,I-500:SCSCF,ASLI,A:MTAS,SCSCF,I:SCSCF,MTAS,T:SCSCF,ASLI,I:ASLI,SCSCF,T:ASLI,SCSCF,I-500:SCSCF,ASLI,A:SCSCF,MTAS,I:MTAS,SCSCF,I:SCSCF,MTAS,T:SCSCF,PCSCF,I:MTAS,SCSCF,T:PCSCF,SCSCF,T:PCSCF,SCSCF,R:SCSCF,MTAS,R:MTAS,SCSCF,R:SCSCF,MTAS,R:SCSCF,PCSCF,R:PCSCF,SCSCF,P:MTAS,SCSCF,P:SCSCF,MTAS,P:MTAS,SCSCF,P:SCSCF,PCSCF,P:PCSCF,SCSCF,P-200:SCSCF,MTAS,P-200:MTAS,SCSCF,P-200:SCSCF,MTAS,P-200:SCSCF,PCSCF,P-200"
913,1,1,"GTW,ICSCF,I:ICSCF,GTW,T:SCSCF,ASLI,I:ASLI,SCSCF,T:ASLI,SCSCF,I-500:SCSCF,ASLI,A:SCSCF,MTAS,I:MTAS,SCSCF,T:MTAS,SCSCF,W:ICSCF,GTW,W:SCSCF,GTW,I:GTW,SCSCF,T"
914,1,1,"PCSCF,SCSCF,I:SCSCF,PCSCF,T:SCSCF,ASLI,I:ASLI,SCSCF,T:ASLI,SCSCF,I-500:SCSCF,ASLI,A:SCSCF,MTAS,I:MTAS,SCSCF,T:MTAS,SCSCF,I:SCSCF,MTAS,T:SCSCF,ASLI,I:ASLI,SCSCF,T:ASLI,SCSCF,I-500:SCSCF,ASLI,A:SCSCF,MTAS,I:MTAS,SCSCF,T:MTAS,SCSCF,I:SCSCF,MTAS,T:SCSCF,PCSCF,I:PCSCF,SCSCF,T:SCSCF,MTAS,R:PCSCF,SCSCF,R:MTAS,SCSCF,R:SCSCF,MTAS,R:MTAS,SCSCF,R:SCSCF,PCSCF,R:PCSCF,SCSCF,P:SCSCF,MTAS,P:MTAS,SCSCF,P:SCSCF,MTAS,P:MTAS,SCSCF,P:SCSCF,PCSCF,P:PCSCF,SCSCF,P-200:SCSCF,MTAS,P-200:MTAS,SCSCF,P-200:SCSCF,MTAS,P-200:MTAS,SCSCF,P-200:SCSCF,PCSCF,P-200"
915,1,1,"MTAS,SCSCF,I:MTAS,SCSCF,A:GTW,ICSCF,I:ICSCF,GTW,T:SCSCF,ASLI,I:ASLI,SCSCF,T:ASLI,SCSCF,I-500:SCSCF,ASLI,A:SCSCF,MTAS,I:MTAS,SCSCF,T:MTAS,SCSCF,I:SCSCF,MTAS,T:SCSCF,MTAS,I-480:MTAS,SCSCF,A:MTAS,SCSCF,S:ICSCF,GTW,S:GTW,SCSCF,P:SCSCF,MTAS,P:MTAS,SCSCF,P-200:SCSCF,GTW,P-200:MTAS,SCSCF,P-200:MTAS,SCSCF,I-480:SCSCF,MTAS,A:ICSCF,GTW,I-480:GTW,ICSCF,A:GTW,ICSCF,I:ICSCF,GTW,T:SCSCF,ASLI,I:ASLI,SCSCF,T:ASLI,SCSCF,I-500:SCSCF,MTAS,I:MTAS,SCSCF,T:SCSCF,ASLI,A:MTAS,SCSCF,I:SCSCF,MTAS,T:SCSCF,MTAS,I-480:MTAS,SCSCF,A:MTAS,SCSCF,S:ICSCF,GTW,S:GTW,SCSCF,P:SCSCF,MTAS,P:MTAS,SCSCF,P-200:SCSCF,GTW,P-200:MTAS,SCSCF,I-480:SCSCF,MTAS,A:ICSCF,GTW,I-480:GTW,ICSCF,A"
916,1,1,"PCSCF,SCSCF,I:SCSCF,PCSCF,T:SCSCF,ASLI,I:ASLI,SCSCF,T:SCSCF,ASLI,A:ASLI,SCSCF,I-500:MTAS,SCSCF,I:SCSCF,MTAS,T:SCSCF,ASLI,I:ASLI,SCSCF,T:ASLI,SCSCF,I-500:SCSCF,ASLI,A:SCSCF,MTAS,I:MTAS,SCSCF,I:MTAS,SCSCF,T:SCSCF,PCSCF,I:SCSCF,MTAS,T:PCSCF,SCSCF,T:PCSCF,SCSCF,R:SCSCF,MTAS,R:MTAS,SCSCF,R:SCSCF,MTAS,R:SCSCF,PCSCF,R:PCSCF,SCSCF,P:MTAS,SCSCF,P:SCSCF,MTAS,P:MTAS,SCSCF,P:SCSCF,PCSCF,P:PCSCF,SCSCF,P-200:SCSCF,MTAS,P-200:MTAS,SCSCF,P-200:SCSCF,MTAS,P-200:SCSCF,PCSCF,P-200"
917,1,1,"MTAS,SCSCF,I:MTAS,SCSCF,A:GTW,ICSCF,I:ICSCF,GTW,T:SCSCF,ASLI,I:ASLI,SCSCF,T:ASLI,SCSCF,I-500:SCSCF,ASLI,A:SCSCF,MTAS,I:MTAS,SCSCF,T:MTAS,SCSCF,I:SCSCF,MTAS,T:SCSCF,MTAS,I-480:MTAS,SCSCF,A:MTAS,SCSCF,S:ICSCF,GTW,S:GTW,SCSCF,P:SCSCF,MTAS,P:MTAS,SCSCF,P-200:SCSCF,GTW,P-200:MTAS,SCSCF,I-480:SCSCF,MTAS,A:ICSCF,GTW,I-480:GTW,ICSCF,A:GTW,ICSCF,I:ICSCF,GTW,T:SCSCF,ASLI,I:ASLI,SCSCF,T:ASLI,SCSCF,I-500:SCSCF,ASLI,A:SCSCF,MTAS,I:MTAS,SCSCF,T:MTAS,SCSCF,I:SCSCF,MTAS,T:SCSCF,MTAS,I-480:MTAS,SCSCF,A:MTAS,SCSCF,S:ICSCF,GTW,S:MTAS,SCSCF,I-480:SCSCF,MTAS,A:ICSCF,GTW,I-480:GTW,ICSCF,A"
918,1,1,"PCSCF,SCSCF,I:SCSCF,PCSCF,T:SCSCF,ASLI,I:ASLI,SCSCF,T:ASLI,SCSCF,I-500:SCSCF,ASLI,A:SCSCF,MTAS,I:MTAS,SCSCF,I:SCSCF,MTAS,T:SCSCF,GTW,I:MTAS,SCSCF,T:GTW,SCSCF,T"
919,1,1,"ICSCF,SCSCF,I:SCSCF,ICSCF,T:SCSCF,BCCAS,I:BCCAS,SCSCF,T:BCCAS,SCSCF,I:SCSCF,BCCAS,T:SCSCF,ASLI,I:ASLI,SCSCF,T:ASLI,SCSCF,I-500:SCSCF,ASLI,A"
920,1,1,"MTAS,SCSCF,I:MTAS,SCSCF,A:GTW,ICSCF,I:ICSCF,GTW,T:SCSCF,ASLI,I:ASLI,SCSCF,T:ASLI,SCSCF,I-500:SCSCF,MTAS,I:MTAS,SCSCF,T:SCSCF,ASLI,A:MTAS,SCSCF,I:SCSCF,MTAS,T:SCSCF,MTAS,I-480:MTAS,SCSCF,A:MTAS,SCSCF,S:ICSCF,GTW,S:GTW,SCSCF,P:SCSCF,MTAS,P:MTAS,SCSCF,P-200:SCSCF,GTW,P-200:MTAS,SCSCF,P-200:MTAS,SCSCF,I-480:ICSCF,GTW,I-480:SCSCF,MTAS,A:GTW,ICSCF,A:GTW,ICSCF,I:ICSCF,GTW,T:SCSCF,ASLI,I:ASLI,SCSCF,T:ASLI,SCSCF,I-500:SCSCF,ASLI,A:SCSCF,MTAS,I:MTAS,SCSCF,T:MTAS,SCSCF,I:SCSCF,MTAS,T:SCSCF,MTAS,I-480:MTAS,SCSCF,A:MTAS,SCSCF,S:ICSCF,GTW,S:GTW,SCSCF,P:SCSCF,MTAS,P:MTAS,SCSCF,P-200:SCSCF,GTW,P-200:MTAS,SCSCF,I-480:SCSCF,MTAS,A:ICSCF,GTW,I-480:GTW,ICSCF,A"
921,1,1,"PCSCF,SCSCF,I:SCSCF,PCSCF,T:SCSCF,PCSCF,I-407:PCSCF,SCSCF,A:PCSCF,SCSCF,I:SCSCF,ASLI,I:ASLI,SCSCF,T:ASLI,SCSCF,I-500:SCSCF,ASLI,A:MTAS,SCSCF,I:SCSCF,MTAS,T:SCSCF,PCSCF,T:SCSCF,GTW,I:GTW,SCSCF,T"
922,1,1,"GTW,ICSCF,I:ICSCF,GTW,T:SCSCF,ASLI,I:ASLI,SCSCF,T:ASLI,SCSCF,I-500:SCSCF,MTAS,I:MTAS,SCSCF,T:MTAS,SCSCF,I:SCSCF,MTAS,T:SCSCF,PCSCF,I:SCSCF,ASLI,A:PCSCF,SCSCF,T:PCSCF,SCSCF,R:SCSCF,MTAS,R:MTAS,SCSCF,R:ICSCF,GTW,R:GTW,SCSCF,P:SCSCF,MTAS,P:MTAS,SCSCF,P:SCSCF,PCSCF,P:PCSCF,SCSCF,P-200:SCSCF,MTAS,P-200:MTAS,SCSCF,P-200:SCSCF,GTW,P-200"
923,1,1,"PCSCF,SCSCF,I:SCSCF,ASLI,I:SCSCF,PCSCF,T:ASLI,SCSCF,T:ASLI,SCSCF,I-500:SCSCF,ASLI,A:MTAS,SCSCF,I:SCSCF,MTAS,T:SCSCF,GTW,I:GTW,SCSCF,T:SCSCF,MTAS,R:GTW,SCSCF,R:SCSCF,PCSCF,R:PCSCF,SCSCF,P:SCSCF,MTAS,P:MTAS,SCSCF,P:SCSCF,GTW,P:SCSCF,MTAS,P-200:GTW,SCSCF,P-200:MTAS,SCSCF,P-200:SCSCF,PCSCF,P-200"
924,1,1,"GTW,ICSCF,I:ICSCF,GTW,T:SCSCF,ASLI,I:ASLI,SCSCF,T:SCSCF,ASLI,A:ASLI,SCSCF,I-500:ICSCF,GTW,W:MTAS,SCSCF,I:SCSCF,MTAS,T:SCSCF,GTW,I:GTW,SCSCF,T"
925,1,1,"MTAS,SCSCF,I:MTAS,SCSCF,A:GTW,ICSCF,I:ICSCF,GTW,T:SCSCF,ASLI,I:ASLI,SCSCF,T:ASLI,SCSCF,I-500:SCSCF,ASLI,A:SCSCF,MTAS,I:MTAS,SCSCF,T:MTAS,SCSCF,S:ICSCF,GTW,S:SCSCF,MTAS,P:GTW,SCSCF,P:SCSCF,MTAS,P:MTAS,SCSCF,P-200:SCSCF,GTW,P-200:MTAS,SCSCF,P-200:MTAS,SCSCF,I-480:SCSCF,MTAS,A:ICSCF,GTW,I-480:GTW,ICSCF,A:GTW,ICSCF,I:ICSCF,GTW,T:SCSCF,ASLI,I:ASLI,SCSCF,T:ASLI,SCSCF,I-500:SCSCF,MTAS,I:SCSCF,ASLI,A:MTAS,SCSCF,T:MTAS,SCSCF,I:SCSCF,MTAS,T:MTAS,SCSCF,A:SCSCF,MTAS,I-480:MTAS,SCSCF,S:ICSCF,GTW,S:GTW,SCSCF,P:SCSCF,MTAS,P:MTAS,SCSCF,P-200:SCSCF,GTW,P-200:MTAS,SCSCF,P-200:MTAS,SCSCF,I-480:SCSCF,MTAS,A:ICSCF,GTW,I-480:GTW,ICSCF,A:GTW,ICSCF,I:ICSCF,GTW,T:SCSCF,ASLI,I:ASLI,SCSCF,T:ASLI,SCSCF,I-500:SCSCF,ASLI,A:SCSCF,MTAS,I:MTAS,SCSCF,T:MTAS,SCSCF,I:SCSCF,MTAS,T:SCSCF,MTAS,I-480:MTAS,SCSCF,A:MTAS,SCSCF,S:ICSCF,GTW,S:GTW,SCSCF,P:SCSCF,MTAS,P:MTAS,SCSCF,P-200:SCSCF,GTW,P-200:MTAS,SCSCF,P-200:MTAS,SCSCF,I-480:SCSCF,MTAS,A:ICSCF,GTW,I-480:GTW,ICSCF,A:GTW,ICSCF,I:ICSCF,GTW,T:SCSCF,ASLI,I:ASLI,SCSCF,T:ASLI,SCSCF,I-500:SCSCF,MTAS,I:MTAS,SCSCF,T:SCSCF,ASLI,A:MTAS,SCSCF,I:SCSCF,MTAS,T:SCSCF,MTAS,I-480:MTAS,SCSCF,A:MTAS,SCSCF,S:ICSCF,GTW,S:GTW,SCSCF,P:SCSCF,MTAS,P:MTAS,SCSCF,P-200:SCSCF,GTW,P-200:MTAS,SCSCF,I-480:SCSCF,MTAS,A:ICSCF,GTW,I-480:GTW,ICSCF,A"
926,1,1,"GTW,ICSCF,I:ICSCF,GTW,T:SCSCF,ASLI,I:ASLI,SCSCF,T:ASLI,SCSCF,I-500:SCSCF,BCCAS,I:BCCAS,SCSCF,T:BCCAS,SCSCF,I:SCSCF,BCCAS,T:SCSCF,ASLI,A:SCSCF,IBCF,I:IBCF,SCSCF,T:IBCF,SCSCF,I-200:SCSCF,BCCAS,I-200:BCCAS,SCSCF,I-200:GTW,SCSCF,A:SCSCF,BCCAS,A:SCSCF,IBCF,A:BCCAS,SCSCF,A"
927,1,1,"MTAS,SCSCF,I:MTAS,SCSCF,A:GTW,ICSCF,I:ICSCF,GTW,T:SCSCF,ASLI,I:ASLI,SCSCF,T:ASLI,SCSCF,I-500:SCSCF,ASLI,A:SCSCF,MTAS,I:MTAS,SCSCF,T:MTAS,SCSCF,I:SCSCF,MTAS,T:SCSCF,MTAS,I-480:MTAS,SCSCF,A:MTAS,SCSCF,S:ICSCF,GTW,S:GTW,SCSCF,P:SCSCF,MTAS,P:MTAS,SCSCF,P-200:SCSCF,GTW,P-200:MTAS,SCSCF,P-200:MTAS,SCSCF,I-480:SCSCF,MTAS,A:ICSCF,GTW,I-480:GTW,ICSCF,A:GTW,ICSCF,I:ICSCF,GTW,T:SCSCF,ASLI,I:ASLI,SCSCF,T:ASLI,SCSCF,I-500:SCSCF,MTAS,I:MTAS,SCSCF,T:SCSCF,ASLI,A:MTAS,SCSCF,I:SCSCF,MTAS,T:SCSCF,MTAS,I-480:MTAS,SCSCF,A:MTAS,SCSCF,S:ICSCF,GTW,S:GTW,SCSCF,P:SCSCF,MTAS,P:MTAS,SCSCF,P-200:SCSCF,GTW,P-200:ICSCF,GTW,C-200:SCSCF,MTAS,C:GTW,ICSCF,C:MTAS,SCSCF,C-200:MTAS,SCSCF,I-487:SCSCF,MTAS,A:ICSCF,GTW,I-487:GTW,ICSCF,A"
928,1,1,"MTAS,SCSCF,I:MTAS,SCSCF,A:GTW,ICSCF,I:ICSCF,GTW,T:SCSCF,ASLI,I:ASLI,SCSCF,T:ASLI,SCSCF,I-500:SCSCF,ASLI,A:SCSCF,MTAS,I:MTAS,SCSCF,T:MTAS,SCSCF,I:SCSCF,MTAS,T:MTAS,SCSCF,A:SCSCF,MTAS,I-480:MTAS,SCSCF,S:ICSCF,GTW,S:SCSCF,MTAS,P:GTW,SCSCF,P:SCSCF,MTAS,P:MTAS,SCSCF,P-200:SCSCF,GTW,P-200:MTAS,SCSCF,I-480:SCSCF,MTAS,A:ICSCF,GTW,I-480:GTW,ICSCF,A:GTW,ICSCF,I:ICSCF,GTW,T:SCSCF,ASLI,I:ASLI,SCSCF,T:ASLI,SCSCF,I-500:SCSCF,ASLI,A:SCSCF,MTAS,I:MTAS,SCSCF,T:MTAS,SCSCF,I:SCSCF,MTAS,T:SCSCF,MTAS,I-480:MTAS,SCSCF,A:MTAS,SCSCF,S:ICSCF,GTW,S:GTW,SCSCF,P:SCSCF,MTAS,P:MTAS,SCSCF,P-200:SCSCF,GTW,P-200:MTAS,SCSCF,P-200:MTAS,SCSCF,I-480:SCSCF,MTAS,A:ICSCF,GTW,I-480:GTW,ICSCF,A:GTW,ICSCF,I:ICSCF,GTW,T:SCSCF,ASLI,I:ASLI,SCSCF,T:ASLI,SCSCF,I-500:SCSCF,ASLI,A:SCSCF,MTAS,I:MTAS,SCSCF,T:MTAS,SCSCF,I:SCSCF,MTAS,T:SCSCF,MTAS,I-480:MTAS,SCSCF,A:MTAS,SCSCF,S:ICSCF,GTW,S:SCSCF,MTAS,P:GTW,SCSCF,P:MTAS,SCSCF,P-200:SCSCF,GTW,P-200:MTAS,SCSCF,I-480:SCSCF,MTAS,A:ICSCF,GTW,I-480:GTW,ICSCF,A:GTW,ICSCF,I:ICSCF,GTW,T:SCSCF,ASLI,I:ASLI,SCSCF,T:ASLI,SCSCF,I-500:SCSCF,ASLI,A:SCSCF,MTAS,I:MTAS,SCSCF,T:MTAS,SCSCF,I:SCSCF,MTAS,T:MTAS,SCSCF,A:SCSCF,MTAS,I-480:MTAS,SCSCF,S:ICSCF,GTW,S:GTW,SCSCF,P:SCSCF,MTAS,P:MTAS,SCSCF,P-200:SCSCF,GTW,P-200:MTAS,SCSCF,I-480:SCSCF,MTAS,A:ICSCF,GTW,I-480:GTW,ICSCF,A:GTW,ICSCF,I:ICSCF,GTW,T:SCSCF,ASLI,I:ASLI,SCSCF,T:ASLI,SCSCF,I-500:SCSCF,ASLI,A:SCSCF,MTAS,I:MTAS,SCSCF,T:MTAS,SCSCF,I:SCSCF,MTAS,T:SCSCF,MTAS,I-480:MTAS,SCSCF,A:MTAS,SCSCF,S:ICSCF,GTW,S:GTW,SCSCF,P:SCSCF,MTAS,P:MTAS,SCSCF,P-200:SCSCF,GTW,P-200:MTAS,SCSCF,P-200:MTAS,SCSCF,I-480:SCSCF,MTAS,A:ICSCF,GTW,I-480:GTW,ICSCF,A:GTW,ICSCF,I:ICSCF,GTW,T:SCSCF,ASLI,I:ASLI,SCSCF,T:ASLI,SCSCF,I-500:SCSCF,ASLI,A:SCSCF,MTAS,I:MTAS,SCSCF,T:MTAS,SCSCF,I:SCSCF,MTAS,T:SCSCF,MTAS,I-480:MTAS,SCSCF,A:MTAS,SCSCF,S:ICSCF,GTW,S:SCSCF,MTAS,P:GTW,SCSCF,P:SCSCF,MTAS,P:MTAS,SCSCF,P-200:SCSCF,GTW,P-200:MTAS,SCSCF,I-480:SCSCF,MTAS,A:ICSCF,GTW,I-480:GTW,ICSCF,A:GTW,ICSCF,I:ICSCF,GTW,T:SCSCF,ASLI,I:ASLI,SCSCF,T:ASLI,SCSCF,I-500:SCSCF,ASLI,A:SCSCF,MTAS,I:MTAS,SCSCF,T:MTAS,SCSCF,S:ICSCF,GTW,S:GTW,SCSCF,P:SCSCF,MTAS,P:MTAS,SCSCF,P-200:SCSCF,GTW,P-200:MTAS,SCSCF,I-480:SCSCF,MTAS,A:ICSCF,GTW,I-480:GTW,ICSCF,A"
929,1,0,"PCSCF,SCSCF,I:SCSCF,PCSCF,T:SCSCF,PCSCF,I-407:PCSCF,SCSCF,A:PCSCF,SCSCF,I:SCSCF,ASLI,I:ASLI,SCSCF,T:ASLI,SCSCF,I-500:SCSCF,ASLI,A:MTAS,SCSCF,I:SCSCF,MTAS,T:SCSCF,GTW,I:GTW,SCSCF,T:GTW,SCSCF,S:SCSCF,MTAS,S:GTW,SCSCF,S:SCSCF,MTAS,S:GTW,SCSCF,S:SCSCF,MTAS,S:SCSCF,PCSCF,S:GTW,SCSCF,S:SCSCF,MTAS,S:SCSCF,PCSCF,S:GTW,SCSCF,S:SCSCF,MTAS,S:SCSCF,PCSCF,S:GTW,SCSCF,S:SCSCF,MTAS,S:GTW,SCSCF,I-500:SCSCF,MTAS,I-500:SCSCF,GTW,A:MTAS,SCSCF,A"
930,1,1,"GTW,ICSCF,I:ICSCF,GTW,T:ICSCF,SCSCF,I:SCSCF,ICSCF,T:SCSCF,ICSCF,W:ICSCF,GTW,W"
931,1,1,"MTAS,SCSCF,I:MTAS,SCSCF,A:GTW,ICSCF,I:ICSCF,GTW,T:SCSCF,ASLI,I:ASLI,SCSCF,T:ASLI,SCSCF,I-500:SCSCF,MTAS,I:SCSCF,ASLI,A:MTAS,SCSCF,T:MTAS,SCSCF,S:ICSCF,GTW,S:SCSCF,MTAS,P:GTW,SCSCF,P:SCSCF,MTAS,P:MTAS,SCSCF,P-200:SCSCF,GTW,P-200:MTAS,SCSCF,I-480:SCSCF,MTAS,A:ICSCF,GTW,I-480:GTW,ICSCF,A"
932,1,1,"PCSCF,SCSCF,I:SCSCF,PCSCF,T:PCSCF,SCSCF,A:SCSCF,PCSCF,I-407:PCSCF,SCSCF,I:SCSCF,PCSCF,T:SCSCF,ASLI,I:ASLI,SCSCF,T:ASLI,SCSCF,I-500:SCSCF,ASLI,A:SCSCF,MTAS,I:MTAS,SCSCF,I:MTAS,SCSCF,T:SCSCF,MTAS,T:SCSCF,GTW,I:GTW,SCSCF,T"
933,1,1,"ICSCF,SCSCF,I:SCSCF,ICSCF,T:SCSCF,BCCAS,I:BCCAS,SCSCF,T:BCCAS,SCSCF,I:SCSCF,ASLI,I:ASLI,SCSCF,T:ASLI,SCSCF,I-500:SCSCF,ASLI,A:SCSCF,GTW,I:GTW,SCSCF,T:GTW,SCSCF,S:SCSCF,BCCAS,S:BCCAS,SCSCF,S:SCSCF,ICSCF,S:IBCF,SCSCF,P:SCSCF,BCCAS,P:BCCAS,SCSCF,P:SCSCF,GTW,P:GTW,SCSCF,P-200:GTW,SCSCF,S:SCSCF,BCCAS,S:SCSCF,BCCAS,P-200:BCCAS,SCSCF,S:SCSCF,ICSCF,S:SCSCF,IBCF,P-200:BCCAS,SCSCF,P-200:IBCF,SCSCF,P:SCSCF,BCCAS,P:BCCAS,SCSCF,P:SCSCF,GTW,P:GTW,SCSCF,P-200:SCSCF,BCCAS,P-200:BCCAS,SCSCF,P-200:SCSCF,IBCF,P-200"
934,1,1,"SCSCF,ICSCF,I:ICSCF,SCSCF,T:SCSCF,ASLI,I:ASLI,SCSCF,T:ASLI,SCSCF,I-500:SCSCF,ASLI,A:SCSCF,MTAS,I:MTAS,SCSCF,T:MTAS,SCSCF,I:SCSCF,MTAS,T:SCSCF,PCSCF,I:PCSCF,SCSCF,T:PCSCF,SCSCF,R:SCSCF,MTAS,R:MTAS,SCSCF,R:ICSCF,SCSCF,R:SCSCF,SCSCF,P:SCSCF,MTAS,P:MTAS,SCSCF,P:SCSCF,PCSCF,P:SCSCF,MTAS,P-200:PCSCF,SCSCF,P-200:MTAS,SCSCF,P-200:SCSCF,SCSCF,P-200"
935,1,1,"PCSCF,SCSCF,I:SCSCF,PCSCF,T:SCSCF,PCSCF,I-407:PCSCF,SCSCF,A:PCSCF,SCSCF,I:SCSCF,ASLI,I:SCSCF,PCSCF,T:ASLI,SCSCF,T:ASLI,SCSCF,I-500:SCSCF,ASLI,A:SCSCF,MTAS,I:MTAS,SCSCF,T:SCSCF,GTW,I:GTW,SCSCF,T"
936,1,1,"MTAS,SCSCF,I:MTAS,SCSCF,A:GTW,ICSCF,I:ICSCF,GTW,T:SCSCF,ASLI,I:ASLI,SCSCF,T:ASLI,SCSCF,I-500:SCSCF,ASLI,A:SCSCF,MTAS,I:MTAS,SCSCF,T:MTAS,SCSCF,S:ICSCF,GTW,S:GTW,SCSCF,P:SCSCF,MTAS,P:MTAS,SCSCF,P-200:SCSCF,GTW,P-200:MTAS,SCSCF,P-200:MTAS,SCSCF,I-480:SCSCF,MTAS,A:ICSCF,GTW,I-480:GTW,ICSCF,A:GTW,ICSCF,I:ICSCF,GTW,T:SCSCF,ASLI,I:ASLI,SCSCF,T:ASLI,SCSCF,I-500:SCSCF,ASLI,A:SCSCF,MTAS,I:MTAS,SCSCF,T:MTAS,SCSCF,I:SCSCF,MTAS,T:SCSCF,MTAS,I-480:MTAS,SCSCF,A:MTAS,SCSCF,S:ICSCF,GTW,S:GTW,SCSCF,P:SCSCF,MTAS,P:MTAS,SCSCF,P-200:SCSCF,GTW,P-200:MTAS,SCSCF,I-480:SCSCF,MTAS,A:ICSCF,GTW,I-480:GTW,ICSCF,A:GTW,ICSCF,I:ICSCF,GTW,T:SCSCF,ASLI,I:ASLI,SCSCF,T:ASLI,SCSCF,I-500:SCSCF,ASLI,A:SCSCF,MTAS,I:MTAS,SCSCF,T:MTAS,SCSCF,I:MTAS,SCSCF,A:SCSCF,MTAS,T:SCSCF,MTAS,I-480:MTAS,SCSCF,S:ICSCF,GTW,S:SCSCF,MTAS,P:GTW,SCSCF,P:SCSCF,MTAS,P:MTAS,SCSCF,P-200:SCSCF,GTW,P-200:MTAS,SCSCF,P-200:MTAS,SCSCF,I-480:SCSCF,MTAS,A:ICSCF,GTW,I-480:GTW,ICSCF,A:GTW,ICSCF,I:ICSCF,GTW,T:SCSCF,ASLI,I:ASLI,SCSCF,T:ASLI,SCSCF,I-500:SCSCF,ASLI,A:SCSCF,MTAS,I:MTAS,SCSCF,T:MTAS,SCSCF,I:SCSCF,MTAS,T:SCSCF,MTAS,I-480:MTAS,SCSCF,A:MTAS,SCSCF,S:ICSCF,GTW,S:GTW,SCSCF,P:SCSCF,MTAS,P:MTAS,SCSCF,P-200:SCSCF,GTW,P-200:MTAS,SCSCF,I-480:SCSCF,MTAS,A:ICSCF,GTW,I-480:GTW,ICSCF,A"
937,1,1,"MTAS,SCSCF,I:MTAS,SCSCF,A:GTW,ICSCF,I:ICSCF,GTW,T:SCSCF,ASLI,I:ASLI,SCSCF,T:ASLI,SCSCF,I-500:SCSCF,MTAS,I:MTAS,SCSCF,T:SCSCF,ASLI,A:MTAS,SCSCF,I:SCSCF,MTAS,T:SCSCF,MTAS,I-480:MTAS,SCSCF,A:MTAS,SCSCF,S:ICSCF,GTW,S:GTW,SCSCF,P:SCSCF,MTAS,P:MTAS,SCSCF,P-200:SCSCF,GTW,P-200:MTAS,SCSCF,P-200:MTAS,SCSCF,I-480:SCSCF,MTAS,A:ICSCF,GTW,I-480:GTW,ICSCF,A:GTW,ICSCF,I:ICSCF,GTW,T:SCSCF,ASLI,I:ASLI,SCSCF,T:ASLI,SCSCF,I-500:SCSCF,ASLI,A:SCSCF,MTAS,I:MTAS,SCSCF,T:MTAS,SCSCF,I:SCSCF,MTAS,T:SCSCF,MTAS,I-480:MTAS,SCSCF,A:MTAS,SCSCF,S:ICSCF,GTW,S:GTW,SCSCF,P:SCSCF,MTAS,P:MTAS,SCSCF,P-200:SCSCF,GTW,P-200:GTW,ICSCF,C:ICSCF,GTW,C-200:SCSCF,MTAS,C:MTAS,SCSCF,C-200:ICSCF,GTW,I-487:MTAS,SCSCF,I-487:SCSCF,MTAS,A:GTW,ICSCF,A:GTW,ICSCF,I:ICSCF,GTW,T:SCSCF,ASLI,I:ASLI,SCSCF,T:ASLI,SCSCF,I-500:SCSCF,ASLI,A:SCSCF,MTAS,I:MTAS,SCSCF,T:MTAS,SCSCF,I:SCSCF,MTAS,T:MTAS,SCSCF,A:SCSCF,MTAS,I-480:ICSCF,GTW,S:MTAS,SCSCF,S:SCSCF,MTAS,P:GTW,SCSCF,P:SCSCF,MTAS,P:MTAS,SCSCF,P-200:SCSCF,GTW,P-200:MTAS,SCSCF,I-480:ICSCF,GTW,I-480:SCSCF,MTAS,A:GTW,ICSCF,A:GTW,ICSCF,I:ICSCF,GTW,T:SCSCF,ASLI,I:ASLI,SCSCF,T:ASLI,SCSCF,I-500:SCSCF,ASLI,A:SCSCF,MTAS,I:MTAS,SCSCF,T:MTAS,SCSCF,I:SCSCF,MTAS,T:SCSCF,MTAS,I-480:MTAS,SCSCF,A:MTAS,SCSCF,S:ICSCF,GTW,S:GTW,SCSCF,P:SCSCF,MTAS,P:MTAS,SCSCF,P-200:SCSCF,GTW,P-200:GTW,ICSCF,C:ICSCF,GTW,C-200:SCSCF,MTAS,C:MTAS,SCSCF,C-200:MTAS,SCSCF,I-487:SCSCF,MTAS,A:ICSCF,GTW,I-487:GTW,ICSCF,A"
938,1,1,"MTAS,SCSCF,I:MTAS,SCSCF,A:GTW,ICSCF,I:ICSCF,GTW,T:SCSCF,ASLI,I:ASLI,SCSCF,T:ASLI,SCSCF,I-500:SCSCF,ASLI,A:SCSCF,MTAS,I:MTAS,SCSCF,T:MTAS,SCSCF,I:SCSCF,MTAS,T:SCSCF,MTAS,I-480:MTAS,SCSCF,A:MTAS,SCSCF,S:ICSCF,GTW,S:SCSCF,MTAS,P:GTW,SCSCF,P:SCSCF,MTAS,P:MTAS,SCSCF,P-200:SCSCF,GTW,P-200:GTW,ICSCF,C:ICSCF,GTW,C-200:SCSCF,MTAS,C:MTAS,SCSCF,C-200:MTAS,SCSCF,I-487:SCSCF,MTAS,A:ICSCF,GTW,I-487:GTW,ICSCF,A"
939,1,1,"MTAS,SCSCF,I:MTAS,SCSCF,A:GTW,ICSCF,I:ICSCF,GTW,T:SCSCF,ASLI,I:ASLI,SCSCF,T:ASLI,SCSCF,I-500:SCSCF,ASLI,A:SCSCF,MTAS,I:MTAS,SCSCF,T:MTAS,SCSCF,I:SCSCF,MTAS,T:MTAS,SCSCF,A:SCSCF,MTAS,I-480:ICSCF,GTW,S:MTAS,SCSCF,S:GTW,SCSCF,P:SCSCF,MTAS,P:MTAS,SCSCF,P-200:SCSCF,GTW,P-200:ICSCF,GTW,C-200:SCSCF,MTAS,C:GTW,ICSCF,C:MTAS,SCSCF,C-200:MTAS,SCSCF,I-487:ICSCF,GTW,I-487:SCSCF,MTAS,A:GTW,ICSCF,A"
940,1,1,"PCSCF,SCSCF,I:SCSCF,PCSCF,T:SCSCF,ASLI,I:ASLI,SCSCF,T:ASLI,SCSCF,I-500:SCSCF,ASLI,A:MTAS,SCSCF,I:SCSCF,MTAS,T:SCSCF,GTW,I:GTW,SCSCF,T:SCSCF,MTAS,R:GTW,SCSCF,R:SCSCF,PCSCF,R:PCSCF,SCSCF,P:SCSCF,MTAS,P:MTAS,SCSCF,P:SCSCF,GTW,P:GTW,SCSCF,P-200:SCSCF,MTAS,P-200:MTAS,SCSCF,P-200:SCSCF,PCSCF,P-200:MTAS,SCSCF,P-200"
941,1,1,"SCSCF,ICSCF,I:ICSCF,SCSCF,T:SCSCF,ASLI,I:ASLI,SCSCF,T:ASLI,SCSCF,I-500:SCSCF,ASLI,A:SCSCF,BCCAS,I:BCCAS,SCSCF,T:BCCAS,SCSCF,I:SCSCF,BCCAS,I-480:BCCAS,SCSCF,A"
942,1,1,"ICSCF,SCSCF,I:SCSCF,ICSCF,T:SCSCF,ASLI,I:ASLI,SCSCF,T:ASLI,SCSCF,I-500:SCSCF,ASLI,A:SCSCF,MTAS,I:MTAS,SCSCF,T:SCSCF,PCSCF,I:PCSCF,SCSCF,T:PCSCF,SCSCF,R:SCSCF,MTAS,R:MTAS,SCSCF,R:SCSCF,ICSCF,R:GTW,SCSCF,P:SCSCF,MTAS,P:SCSCF,PCSCF,P:PCSCF,SCSCF,P-200:SCSCF,MTAS,P-200:MTAS,SCSCF,P-200:SCSCF,GTW,P-200"
943,1,1,"ICSCF,SCSCF,I:SCSCF,ICSCF,T:SCSCF,ASLI,I:ASLI,SCSCF,T:ASLI,SCSCF,I-500:SCSCF,ASLI,A:SCSCF,MTAS,I:MTAS,SCSCF,T:MTAS,SCSCF,I:SCSCF,MTAS,T:SCSCF,PCSCF,I:PCSCF,SCSCF,T:PCSCF,SCSCF,R:SCSCF,MTAS,R:MTAS,SCSCF,R:SCSCF,ICSCF,R:SCSCF,SCSCF,P:SCSCF,MTAS,P:SCSCF,PCSCF,P:MTAS,SCSCF,P:PCSCF,SCSCF,P-200:SCSCF,MTAS,P-200:MTAS,SCSCF,P-200:SCSCF,SCSCF,P-200"
944,1,1,"SCSCF,PCSCF,I:SCSCF,PCSCF,P"
945,1,1,"PCSCF,SCSCF,I:SCSCF,ASLI,I:SCSCF,PCSCF,T:ASLI,SCSCF,T:ASLI,SCSCF,I-500:SCSCF,ASLI,A"
946,1,1,"PCSCF,SCSCF,I:SCSCF,PCSCF,T:SCSCF,ASLI,I:ASLI,SCSCF,T:ASLI,SCSCF,I-500:SCSCF,ASLI,A:MTAS,SCSCF,I:SCSCF,MTAS,T:ICSCF,SCSCF,I:SCSCF,ICSCF,T:SCSCF,ICSCF,R:SCSCF,MTAS,R:SCSCF,PCSCF,R:PCSCF,SCSCF,P:MTAS,SCSCF,P:SCSCF,SCSCF,P:SCSCF,SCSCF,P-200:SCSCF,MTAS,P-200:SCSCF,PCSCF,P-200"
947,1,1,"PCSCF,SCSCF,I:SCSCF,PCSCF,T:SCSCF,PCSCF,I-407:PCSCF,SCSCF,A:PCSCF,SCSCF,I:SCSCF,PCSCF,T:SCSCF,ASLI,I:ASLI,SCSCF,T:SCSCF,ASLI,A:ASLI,SCSCF,I-500:MTAS,SCSCF,I:SCSCF,MTAS,T:SCSCF,ASLI,I:ASLI,SCSCF,T:ASLI,SCSCF,I-500:SCSCF,ASLI,A:MTAS,SCSCF,I:SCSCF,MTAS,T:SCSCF,PCSCF,I:PCSCF,SCSCF,T:PCSCF,SCSCF,R:SCSCF,MTAS,R:SCSCF,PCSCF,R:PCSCF,SCSCF,P:MTAS,SCSCF,P:SCSCF,PCSCF,P:SCSCF,MTAS,P-200:PCSCF,SCSCF,P-200:SCSCF,MTAS,P-200:SCSCF,PCSCF,P-200"
948,1,1,"SCSCF,ICSCF,I:ICSCF,SCSCF,T:SCSCF,ASLI,I:ASLI,SCSCF,T:ASLI,SCSCF,I-500:SCSCF,MTAS,I:MTAS,SCSCF,T:SCSCF,ASLI,A:SCSCF,PCSCF,I:PCSCF,SCSCF,T:PCSCF,SCSCF,R:SCSCF,MTAS,R:MTAS,SCSCF,R:ICSCF,SCSCF,R:SCSCF,SCSCF,P:SCSCF,MTAS,P:SCSCF,PCSCF,P:PCSCF,SCSCF,P-200:SCSCF,MTAS,P-200:MTAS,SCSCF,P-200:SCSCF,SCSCF,P-200"
949,1,1,"IBCF,ICSCF,I:ICSCF,IBCF,T:ICSCF,SCSCF,I:SCSCF,ICSCF,T:SCSCF,BCCAS,I:BCCAS,SCSCF,T:BCCAS,SCSCF,W:SCSCF,ICSCF,W:ICSCF,IBCF,W"
950,1,1,"IBCF,ICSCF,I:ICSCF,IBCF,T:SCSCF,BCCAS,I:BCCAS,SCSCF,T:BCCAS,SCSCF,I:SCSCF,ASLI,I:ASLI,SCSCF,T:ASLI,SCSCF,I-500:SCSCF,ASLI,A:SCSCF,BCCAS,T:SCSCF,GTW,I:GTW,SCSCF,T"
951,1,0,"MTAS,SCSCF,I:MTAS,SCSCF,A:PCSCF,SCSCF,I:SCSCF,PCSCF,T:SCSCF,ASLI,I:ASLI,SCSCF,T:ASLI,SCSCF,I-500:SCSCF,ASLI,A:MTAS,SCSCF,I:SCSCF,MTAS,I-404:MTAS,SCSCF,A:SCSCF,PCSCF,S:PCSCF,SCSCF,P:SCSCF,PCSCF,P-200:PCSCF,SCSCF,C:SCSCF,PCSCF,C-200:SCSCF,PCSCF,I-404:PCSCF,SCSCF,A:PCSCF,SCSCF,I:SCSCF,PCSCF,T:SCSCF,PCSCF,I-407:PCSCF,SCSCF,A:PCSCF,SCSCF,I:SCSCF,PCSCF,T:SCSCF,ASLI,I:ASLI,SCSCF,T:ASLI,SCSCF,I-500:SCSCF,ASLI,A:MTAS,SCSCF,I:SCSCF,MTAS,T:SCSCF,MTAS,I-404:MTAS,SCSCF,A:SCSCF,PCSCF,S:PCSCF,SCSCF,P:SCSCF,PCSCF,P-200:PCSCF,SCSCF,C:SCSCF,PCSCF,C-200:SCSCF,PCSCF,I-404:PCSCF,SCSCF,A"
952,1,1,"GTW,ICSCF,I:ICSCF,GTW,T:SCSCF,ASLI,I:ASLI,SCSCF,T:ASLI,SCSCF,I-500:SCSCF,ASLI,A:SCSCF,MTAS,I:MTAS,SCSCF,T:MTAS,SCSCF,I:SCSCF,MTAS,T:SCSCF,MTAS,I-480:MTAS,SCSCF,A:MTAS,SCSCF,S:ICSCF,GTW,S:GTW,SCSCF,P:SCSCF,MTAS,P:MTAS,SCSCF,P-200:SCSCF,GTW,P-200:MTAS,SCSCF,I-480:SCSCF,MTAS,A:GTW,ICSCF,A"
953,1,1,"ICSCF,SCSCF,I:SCSCF,ICSCF,T:SCSCF,BCCAS,I:BCCAS,SCSCF,T:BCCAS,SCSCF,I:SCSCF,ASLI,I:ASLI,SCSCF,T:ASLI,SCSCF,I-500:SCSCF,ASLI,A:SCSCF,ASLI,I:ASLI,SCSCF,T:ASLI,SCSCF,I-500:SCSCF,ASLI,A:SCSCF,BCCAS,I:BCCAS,SCSCF,T:BCCAS,SCSCF,I:SCSCF,BCCAS,T:SCSCF,BCCAS,I-480:BCCAS,SCSCF,A"
954,1,1,"GTW,ICSCF,I:ICSCF,GTW,T:SCSCF,ASLI,I:ASLI,SCSCF,T:ASLI,SCSCF,I-500:SCSCF,ASLI,A:SCSCF,MTAS,I:MTAS,SCSCF,I:MTAS,SCSCF,T:SCSCF,MTAS,T:SCSCF,PCSCF,I:PCSCF,SCSCF,T:SCSCF,MTAS,R:MTAS,SCSCF,R:GTW,SCSCF,P:SCSCF,MTAS,P:MTAS,SCSCF,P:SCSCF,PCSCF,P:SCSCF,MTAS,P-200:MTAS,SCSCF,P-200:SCSCF,GTW,P-200:PCSCF,SCSCF,P-200"
955,1,1,"MTAS,SCSCF,I:MTAS,SCSCF,A:MTAS,SCSCF,I:MTAS,SCSCF,A"
956,1,1,"ICSCF,SCSCF,I:SCSCF,ICSCF,T:SCSCF,ASLI,I:ASLI,SCSCF,T:SCSCF,ASLI,A:ASLI,SCSCF,I-500:SCSCF,MTAS,I:MTAS,SCSCF,T:SCSCF,PCSCF,I:SCSCF,MTAS,T:PCSCF,SCSCF,T:PCSCF,SCSCF,R:SCSCF,MTAS,R:MTAS,SCSCF,R:SCSCF,ICSCF,R:SCSCF,SCSCF,P:SCSCF,MTAS,P:SCSCF,PCSCF,P:PCSCF,SCSCF,P-200:SCSCF,MTAS,P-200:MTAS,SCSCF,P-200:SCSCF,SCSCF,P-200"
957,1,1,"PCSCF,SCSCF,I:SCSCF,ASLI,I:ASLI,SCSCF,T:ASLI,SCSCF,I-500:SCSCF,ASLI,A:SCSCF,MTAS,I:MTAS,SCSCF,T:MTAS,SCSCF,I:SCSCF,MTAS,T:SCSCF,PCSCF,T:SCSCF,ASLI,I:ASLI,SCSCF,T:ASLI,SCSCF,I-500:SCSCF,ASLI,A:SCSCF,MTAS,I:MTAS,SCSCF,T:SCSCF,PCSCF,I:PCSCF,SCSCF,T:PCSCF,SCSCF,R:SCSCF,MTAS,R:MTAS,SCSCF,R:SCSCF,MTAS,R:MTAS,SCSCF,R:SCSCF,PCSCF,R:PCSCF,SCSCF,P:SCSCF,MTAS,P:MTAS,SCSCF,P:SCSCF,MTAS,P:SCSCF,PCSCF,P:PCSCF,SCSCF,P-200:SCSCF,MTAS,P-200:MTAS,SCSCF,P-200:SCSCF,MTAS,P-200:MTAS,SCSCF,P-200:SCSCF,PCSCF,P-200"
958,1,1,"ICSCF,SCSCF,I:SCSCF,ASLI,I:ASLI,SCSCF,T:ASLI,SCSCF,I-500:SCSCF,MTAS,I:SCSCF,ASLI,A:MTAS,SCSCF,T:SCSCF,ICSCF,T:MTAS,SCSCF,I:SCSCF,MTAS,T:SCSCF,PCSCF,I:PCSCF,SCSCF,T:PCSCF,SCSCF,R:SCSCF,MTAS,R:MTAS,SCSCF,R:SCSCF,ICSCF,R:SCSCF,MTAS,P:MTAS,SCSCF,P:SCSCF,PCSCF,P:PCSCF,SCSCF,P-200:SCSCF,MTAS,P-200:MTAS,SCSCF,P-200:SCSCF,SCSCF,P-200"
959,1,0,"MTAS,SCSCF,I:MTAS,SCSCF,A:GTW,ICSCF,I:ICSCF,GTW,T:SCSCF,ASLI,I:ASLI,SCSCF,T:ASLI,SCSCF,I-500:SCSCF,ASLI,A:SCSCF,MTAS,I:MTAS,SCSCF,T:MTAS,SCSCF,I:SCSCF,MTAS,T:SCSCF,MTAS,I-480:MTAS,SCSCF,A:MTAS,SCSCF,S:ICSCF,GTW,S:SCSCF,MTAS,P:GTW,SCSCF,P:SCSCF,MTAS,P:MTAS,SCSCF,P-200:SCSCF,GTW,P-200:MTAS,SCSCF,I-480:SCSCF,MTAS,A:ICSCF,GTW,I-480:GTW,ICSCF,A:GTW,ICSCF,I:ICSCF,GTW,T:SCSCF,ASLI,I:ASLI,SCSCF,T:SCSCF,ASLI,A:ASLI,SCSCF,I-500:SCSCF,MTAS,I:MTAS,SCSCF,T:MTAS,SCSCF,S:ICSCF,GTW,S:SCSCF,MTAS,P:GTW,SCSCF,P:SCSCF,MTAS,P:MTAS,SCSCF,P-200:SCSCF,GTW,P-200:MTAS,SCSCF,P-200:MTAS,SCSCF,I-480:SCSCF,MTAS,A:ICSCF,GTW,I-480:GTW,ICSCF,A:GTW,ICSCF,I:ICSCF,GTW,T:SCSCF,ASLI,I:ASLI,SCSCF,T:ASLI,SCSCF,I-500:SCSCF,ASLI,A:SCSCF,MTAS,I:MTAS,SCSCF,T:MTAS,SCSCF,I:SCSCF,MTAS,T:SCSCF,MTAS,I-480:MTAS,SCSCF,A:MTAS,SCSCF,S:ICSCF,GTW,S:GTW,SCSCF,P:SCSCF,MTAS,P:MTAS,SCSCF,P-200:SCSCF,GTW,P-200:MTAS,SCSCF,P-200:MTAS,SCSCF,I-480:SCSCF,MTAS,A:ICSCF,GTW,I-480:GTW,ICSCF,A:GTW,ICSCF,I:ICSCF,GTW,T:SCSCF,ASLI,I:ASLI,SCSCF,T:ASLI,SCSCF,I-500:SCSCF,MTAS,I:MTAS,SCSCF,T:SCSCF,ASLI,A:MTAS,SCSCF,I:SCSCF,MTAS,T:SCSCF,MTAS,I-480:MTAS,SCSCF,A:MTAS,SCSCF,S:ICSCF,GTW,S:SCSCF,MTAS,P:GTW,SCSCF,P:SCSCF,MTAS,P:MTAS,SCSCF,P-200:SCSCF,GTW,P-200:MTAS,SCSCF,I-480:SCSCF,MTAS,A:ICSCF,GTW,I-480:GTW,ICSCF,A:GTW,ICSCF,I:ICSCF,GTW,T:SCSCF,ASLI,I:ASLI,SCSCF,T:ASLI,SCSCF,I-500:SCSCF,ASLI,A:SCSCF,MTAS,I:MTAS,SCSCF,T:MTAS,SCSCF,I:SCSCF,MTAS,T:SCSCF,MTAS,I-480:MTAS,SCSCF,A:MTAS,SCSCF,S:ICSCF,GTW,S:GTW,SCSCF,P:SCSCF,MTAS,P:MTAS,SCSCF,P-200:SCSCF,GTW,P-200:MTAS,SCSCF,I-480:SCSCF,MTAS,A:ICSCF,GTW,I-480:GTW,ICSCF,A:GTW,ICSCF,I:ICSCF,GTW,T:SCSCF,ASLI,I:ASLI,SCSCF,T:ASLI,SCSCF,I-500:SCSCF,ASLI,A:SCSCF,MTAS,I:MTAS,SCSCF,T:MTAS,SCSCF,S:ICSCF,GTW,S:GTW,SCSCF,P:SCSCF,MTAS,P:MTAS,SCSCF,P-200:SCSCF,GTW,P-200:MTAS,SCSCF,I-480:SCSCF,MTAS,A:ICSCF,GTW,I-480:GTW,ICSCF,A:MTAS,SCSCF,I:MTAS,SCSCF,A"
960,1,1,"MTAS,SCSCF,I:MTAS,SCSCF,A:GTW,ICSCF,I:SCSCF,ASLI,I:ASLI,SCSCF,T:ASLI,SCSCF,I-500:SCSCF,ASLI,A:SCSCF,MTAS,I:MTAS,SCSCF,T:MTAS,SCSCF,I:SCSCF,MTAS,T:SCSCF,MTAS,I-480:MTAS,SCSCF,A:MTAS,SCSCF,S:ICSCF,GTW,S:GTW,SCSCF,P:SCSCF,MTAS,P:MTAS,SCSCF,P-200:SCSCF,GTW,P-200:GTW,ICSCF,C:ICSCF,GTW,C-200:SCSCF,MTAS,C:MTAS,SCSCF,C-200:MTAS,SCSCF,I-487:ICSCF,GTW,I-487:SCSCF,MTAS,A:GTW,ICSCF,A"
961,1,1,"PCSCF,SCSCF,I:SCSCF,PCSCF,T:SCSCF,PCSCF,I-407:PCSCF,SCSCF,A:PCSCF,SCSCF,I:SCSCF,PCSCF,T:SCSCF,ASLI,I:ASLI,SCSCF,T:ASLI,SCSCF,I-500:SCSCF,MTAS,I:MTAS,SCSCF,T:MTAS,SCSCF,I:SCSCF,MTAS,T:SCSCF,ASLI,A:SCSCF,GTW,I:GTW,SCSCF,T"
962,1,1,"MTAS,SCSCF,I:MTAS,SCSCF,A:GTW,ICSCF,I:ICSCF,GTW,T:SCSCF,ASLI,I:ASLI,SCSCF,T:ASLI,SCSCF,I-500:SCSCF,ASLI,A:SCSCF,MTAS,I:MTAS,SCSCF,T:MTAS,SCSCF,I:SCSCF,MTAS,T:SCSCF,MTAS,I-480:MTAS,SCSCF,A:MTAS,SCSCF,S:ICSCF,GTW,S:SCSCF,MTAS,P:GTW,SCSCF,P:SCSCF,MTAS,P:MTAS,SCSCF,P-200:SCSCF,GTW,P-200:GTW,ICSCF,C:ICSCF,GTW,C-200:SCSCF,MTAS,C:MTAS,SCSCF,C-200:MTAS,SCSCF,I-487:ICSCF,GTW,I-487:SCSCF,MTAS,A:GTW,ICSCF,A"
963,1,1,"PCSCF,SCSCF,I:SCSCF,PCSCF,T:SCSCF,ASLI,I:ASLI,SCSCF,T:ASLI,SCSCF,I-500:SCSCF,ASLI,A:MTAS,SCSCF,I:SCSCF,MTAS,T:SCSCF,GTW,I:GTW,SCSCF,T:GTW,SCSCF,S:SCSCF,MTAS,S:SCSCF,PCSCF,S:PCSCF,SCSCF,P:MTAS,SCSCF,P:SCSCF,GTW,P:GTW,SCSCF,P-200:SCSCF,MTAS,P-200:SCSCF,PCSCF,P-200:GTW,SCSCF,R:SCSCF,MTAS,R:SCSCF,PCSCF,R:PCSCF,SCSCF,P:MTAS,SCSCF,P:SCSCF,GTW,P:GTW,SCSCF,P-200:SCSCF,MTAS,P-200:SCSCF,PCSCF,P-200:SCSCF,GTW,A:GTW,SCSCF,I-480:SCSCF,MTAS,I-480:MTAS,SCSCF,A"
964,1,1,"MTAS,SCSCF,I:MTAS,SCSCF,A:SCSCF,ASLI,I:ASLI,SCSCF,T:ASLI,SCSCF,I-500"
965,1,0,"MTAS,SCSCF,I:MTAS,SCSCF,A:GTW,ICSCF,I:SCSCF,ASLI,I:ASLI,SCSCF,T:ASLI,SCSCF,I-500:SCSCF,MTAS,I:MTAS,SCSCF,T:SCSCF,ASLI,A:MTAS,SCSCF,S:ICSCF,GTW,S:GTW,SCSCF,P:SCSCF,MTAS,P:MTAS,SCSCF,P-200:SCSCF,GTW,P-200:MTAS,SCSCF,P-200:SCSCF,MTAS,C:ICSCF,GTW,C-200:GTW,ICSCF,C:MTAS,SCSCF,C-200:MTAS,SCSCF,I-487:SCSCF,MTAS,A:ICSCF,GTW,I-487:GTW,ICSCF,A"
966,1,1,"MTAS,SCSCF,I:MTAS,SCSCF,A:GTW,ICSCF,I:ICSCF,GTW,T:SCSCF,ASLI,I:ASLI,SCSCF,T:ASLI,SCSCF,I-500:SCSCF,ASLI,A:SCSCF,MTAS,I:MTAS,SCSCF,T:MTAS,SCSCF,I:SCSCF,MTAS,T:MTAS,SCSCF,A:SCSCF,MTAS,I-480:MTAS,SCSCF,S:ICSCF,GTW,S:GTW,SCSCF,P:SCSCF,MTAS,P:MTAS,SCSCF,P-200:SCSCF,GTW,P-200:MTAS,SCSCF,I-480:ICSCF,GTW,I-480:SCSCF,MTAS,A:GTW,ICSCF,A:GTW,ICSCF,I:ICSCF,GTW,T:SCSCF,ASLI,I:ASLI,SCSCF,T:ASLI,SCSCF,I-500:SCSCF,ASLI,A:SCSCF,MTAS,I:MTAS,SCSCF,T:MTAS,SCSCF,I:SCSCF,MTAS,T:SCSCF,MTAS,I-480:MTAS,SCSCF,A:MTAS,SCSCF,S:ICSCF,GTW,S:GTW,SCSCF,P:SCSCF,MTAS,P:MTAS,SCSCF,P-200:SCSCF,GTW,P-200:MTAS,SCSCF,P-200:SCSCF,MTAS,A:MTAS,SCSCF,I-480:ICSCF,GTW,I-480:GTW,ICSCF,A"
967,1,1,"MTAS,SCSCF,I:MTAS,SCSCF,A:GTW,ICSCF,I:ICSCF,GTW,T:SCSCF,ASLI,I:ASLI,SCSCF,T:ASLI,SCSCF,I-500:SCSCF,MTAS,I:SCSCF,ASLI,A:MTAS,SCSCF,T:MTAS,SCSCF,I:SCSCF,MTAS,T:SCSCF,MTAS,I-480:MTAS,SCSCF,A:MTAS,SCSCF,S:ICSCF,GTW,S:GTW,SCSCF,P:SCSCF,MTAS,P:MTAS,SCSCF,P-200:SCSCF,GTW,P-200:ICSCF,GTW,C-200:GTW,ICSCF,C:SCSCF,MTAS,C:MTAS,SCSCF,C-200:MTAS,SCSCF,I-487:SCSCF,MTAS,A:ICSCF,GTW,I-487:GTW,ICSCF,A"
968,1,1,"IBCF,ICSCF,I:ICSCF,IBCF,T:ICSCF,SCSCF,I:SCSCF,ICSCF,T:SCSCF,ICSCF,R:ICSCF,IBCF,R:IBCF,SCSCF,P:SCSCF,IBCF,P-200"
969,1,1,"ICSCF,SCSCF,I:SCSCF,ICSCF,T:SCSCF,BCCAS,I:BCCAS,SCSCF,T:BCCAS,SCSCF,I:SCSCF,ASLI,I:ASLI,SCSCF,T:SCSCF,BCCAS,T:SCSCF,ASLI,A:ASLI,SCSCF,I-500:SCSCF,GTW,I:GTW,SCSCF,T"
970,1,1,"PCSCF,SCSCF,I:SCSCF,PCSCF,T:SCSCF,ASLI,I:ASLI,SCSCF,T:ASLI,SCSCF,I-500:SCSCF,ASLI,A:MTAS,SCSCF,I:SCSCF,MTAS,T:SCSCF,GTW,I:GTW,SCSCF,T:GTW,SCSCF,R:SCSCF,MTAS,R:SCSCF,PCSCF,R:PCSCF,SCSCF,P:SCSCF,MTAS,P:MTAS,SCSCF,P:SCSCF,GTW,P:GTW,SCSCF,P-200:SCSCF,MTAS,P-200:MTAS,SCSCF,P-200:SCSCF,PCSCF,P-200"
971,1,1,"BCCAS,SCSCF,I:SCSCF,BCCAS,T:SCSCF,BCCAS,S:BCCAS,SCSCF,P:SCSCF,BCCAS,P-200"
972,1,1,"ICSCF,SCSCF,I:SCSCF,ICSCF,T:SCSCF,BCCAS,I:BCCAS,SCSCF,T:BCCAS,SCSCF,I:SCSCF,BCCAS,T:SCSCF,ASLI,I:ASLI,SCSCF,T:SCSCF,ASLI,A:ASLI,SCSCF,I-500:SCSCF,GTW,I:GTW,SCSCF,T"
973,1,1,"MTAS,SCSCF,I:MTAS,SCSCF,A:GTW,ICSCF,I:SCSCF,ASLI,I:ASLI,SCSCF,T:ASLI,SCSCF,I-500:SCSCF,ASLI,A:SCSCF,MTAS,I:MTAS,SCSCF,T:MTAS,SCSCF,I:SCSCF,MTAS,T:SCSCF,MTAS,I-480:MTAS,SCSCF,A:MTAS,SCSCF,S:ICSCF,GTW,S:GTW,SCSCF,P:SCSCF,MTAS,P:MTAS,SCSCF,P-200:SCSCF,GTW,P-200:MTAS,SCSCF,I-480:SCSCF,MTAS,A:ICSCF,GTW,I-480:GTW,ICSCF,A:GTW,ICSCF,I:ICSCF,GTW,T:SCSCF,ASLI,I:ASLI,SCSCF,T:ASLI,SCSCF,I-500:SCSCF,ASLI,A:SCSCF,MTAS,I:MTAS,SCSCF,T:MTAS,SCSCF,I:SCSCF,MTAS,T:MTAS,SCSCF,A:SCSCF,MTAS,I-480:MTAS,SCSCF,S:ICSCF,GTW,S:GTW,SCSCF,P:SCSCF,MTAS,P:MTAS,SCSCF,P-200:SCSCF,GTW,P-200:GTW,ICSCF,C:SCSCF,MTAS,C:ICSCF,GTW,C-200:MTAS,SCSCF,C-200:MTAS,SCSCF,I-487:SCSCF,MTAS,A:ICSCF,GTW,I-487:GTW,ICSCF,A"
974,1,0,"MTAS,SCSCF,I:MTAS,SCSCF,P:MTAS,SCSCF,A:SCSCF,PCSCF,A"
975,1,0,"MTAS,SCSCF,I:MTAS,SCSCF,A:GTW,ICSCF,I:ICSCF,GTW,T:SCSCF,ASLI,I:ASLI,SCSCF,T:ASLI,SCSCF,I-500:SCSCF,ASLI,A:SCSCF,MTAS,I:MTAS,SCSCF,T:MTAS,SCSCF,I:SCSCF,MTAS,T:SCSCF,MTAS,I-480:MTAS,SCSCF,A:MTAS,SCSCF,S:ICSCF,GTW,S:GTW,SCSCF,P:SCSCF,MTAS,P:MTAS,SCSCF,P-200:SCSCF,GTW,P-200:SCSCF,MTAS,A:MTAS,SCSCF,I-480:ICSCF,GTW,I-480:GTW,ICSCF,A:GTW,ICSCF,I:ICSCF,GTW,T:SCSCF,ASLI,I:ASLI,SCSCF,T:ASLI,SCSCF,I-500:SCSCF,ASLI,A:SCSCF,MTAS,I:MTAS,SCSCF,T:MTAS,SCSCF,I:SCSCF,MTAS,T:SCSCF,MTAS,I-480:MTAS,SCSCF,A:MTAS,SCSCF,S:ICSCF,GTW,S:GTW,SCSCF,P:SCSCF,MTAS,P:MTAS,SCSCF,P-200:SCSCF,GTW,P-200:MTAS,SCSCF,P-200:MTAS,SCSCF,I-480:SCSCF,MTAS,A:ICSCF,GTW,I-480:GTW,ICSCF,A:GTW,ICSCF,I:ICSCF,GTW,T:SCSCF,ASLI,I:ASLI,SCSCF,T:ASLI,SCSCF,I-500:SCSCF,ASLI,A:SCSCF,MTAS,I:MTAS,SCSCF,T:MTAS,SCSCF,I:SCSCF,MTAS,T:SCSCF,MTAS,I-480:MTAS,SCSCF,A:MTAS,SCSCF,S:ICSCF,GTW,S:GTW,SCSCF,P:SCSCF,MTAS,P:MTAS,SCSCF,P-200:SCSCF,GTW,P-200:MTAS,SCSCF,P-200:GTW,ICSCF,C:ICSCF,GTW,C-200:SCSCF,MTAS,C:MTAS,SCSCF,C-200:MTAS,SCSCF,I-487:GTW,ICSCF,A:SCSCF,MTAS,A:ICSCF,GTW,I-487"
976,1,1,"PCSCF,SCSCF,I:SCSCF,PCSCF,T:SCSCF,ASLI,I:ASLI,SCSCF,T:ASLI,SCSCF,I-500:SCSCF,ASLI,A:MTAS,SCSCF,I:SCSCF,MTAS,T:SCSCF,ASLI,I:ASLI,SCSCF,T:ASLI,SCSCF,I-500:SCSCF,MTAS,I:MTAS,SCSCF,T:MTAS,SCSCF,I:SCSCF,MTAS,T:SCSCF,PCSCF,I:PCSCF,SCSCF,T:SCSCF,ASLI,A:PCSCF,SCSCF,R:SCSCF,MTAS,R:MTAS,SCSCF,R:SCSCF,MTAS,R:SCSCF,PCSCF,R:PCSCF,SCSCF,P:MTAS,SCSCF,P:SCSCF,MTAS,P:MTAS,SCSCF,P:SCSCF,PCSCF,P:PCSCF,SCSCF,P-200:SCSCF,MTAS,P-200:MTAS,SCSCF,P-200:SCSCF,MTAS,P-200:SCSCF,PCSCF,P-200"
977,1,1,"ICSCF,SCSCF,I:SCSCF,ICSCF,T:SCSCF,BCCAS,I:BCCAS,SCSCF,T:BCCAS,SCSCF,I:SCSCF,BCCAS,T:SCSCF,ASLI,I:ASLI,SCSCF,T:ASLI,SCSCF,I-500:SCSCF,ASLI,A:SCSCF,GTW,I:GTW,SCSCF,T:GTW,SCSCF,I-503:SCSCF,GTW,A:SCSCF,GTW,I:GTW,SCSCF,T"
978,1,1,"PCSCF,SCSCF,I:SCSCF,PCSCF,T:SCSCF,ASLI,I:ASLI,SCSCF,T:ASLI,SCSCF,I-500:SCSCF,ASLI,A:MTAS,SCSCF,I:SCSCF,MTAS,T:SCSCF,ASLI,I:ASLI,SCSCF,T:ASLI,SCSCF,I-500:SCSCF,ASLI,A:SCSCF,MTAS,I:MTAS,SCSCF,T:MTAS,SCSCF,I:SCSCF,MTAS,T:SCSCF,PCSCF,I:PCSCF,SCSCF,T:PCSCF,SCSCF,R:SCSCF,MTAS,R:MTAS,SCSCF,R:SCSCF,MTAS,R:SCSCF,PCSCF,R:PCSCF,SCSCF,P:MTAS,SCSCF,P:SCSCF,MTAS,P:SCSCF,PCSCF,P:MTAS,SCSCF,P:PCSCF,SCSCF,P-200:SCSCF,MTAS,P-200:MTAS,SCSCF,P-200:SCSCF,MTAS,P-200:SCSCF,PCSCF,P-200"
979,1,1,"GTW,ICSCF,I:ICSCF,GTW,T:SCSCF,ASLI,I:ASLI,SCSCF,T:ASLI,SCSCF,I-500:SCSCF,ASLI,A:SCSCF,MTAS,I:MTAS,SCSCF,T:MTAS,SCSCF,I:SCSCF,MTAS,T:SCSCF,PCSCF,I:PCSCF,SCSCF,T:PCSCF,SCSCF,R:MTAS,SCSCF,R:SCSCF,MTAS,R:ICSCF,GTW,R:GTW,SCSCF,P:MTAS,SCSCF,P:SCSCF,MTAS,P:SCSCF,PCSCF,P:SCSCF,MTAS,P-200:PCSCF,SCSCF,P-200:MTAS,SCSCF,P-200:SCSCF,GTW,P-200"
980,1,1,"PCSCF,SCSCF,I:SCSCF,ASLI,I:SCSCF,PCSCF,T:ASLI,SCSCF,T:SCSCF,ASLI,A:ASLI,SCSCF,I-500:SCSCF,MTAS,I:MTAS,SCSCF,T:MTAS,SCSCF,I:SCSCF,MTAS,T:SCSCF,GTW,I:GTW,SCSCF,T"
981,1,1,"PCSCF,SCSCF,I:SCSCF,PCSCF,T:SCSCF,ASLI,I:ASLI,SCSCF,T:SCSCF,ASLI,A:ASLI,SCSCF,I-500:MTAS,SCSCF,I:SCSCF,MTAS,T:SCSCF,GTW,I:GTW,SCSCF,T:SCSCF,MTAS,S:GTW,SCSCF,S:SCSCF,PCSCF,S:PCSCF,SCSCF,P:MTAS,SCSCF,P:SCSCF,GTW,P:GTW,SCSCF,P-200:GTW,SCSCF,R:SCSCF,MTAS,R:SCSCF,MTAS,P-200:SCSCF,PCSCF,P-200:SCSCF,PCSCF,R:PCSCF,SCSCF,P:MTAS,SCSCF,P:SCSCF,GTW,P:GTW,SCSCF,P-200:SCSCF,MTAS,P-200:SCSCF,PCSCF,P-200"
982,1,1,"PCSCF,SCSCF,I:SCSCF,PCSCF,T:SCSCF,ASLI,I:ASLI,SCSCF,T:ASLI,SCSCF,I-500:SCSCF,ASLI,A:MTAS,SCSCF,I:SCSCF,MTAS,T:SCSCF,ASLI,I:ASLI,SCSCF,T:ASLI,SCSCF,I-500:SCSCF,ASLI,A:MTAS,SCSCF,I:SCSCF,MTAS,T:SCSCF,PCSCF,I:PCSCF,SCSCF,T"
983,1,1,"IBCF,ICSCF,I"
984,1,1,"PCSCF,SCSCF,I:SCSCF,PCSCF,T:SCSCF,ASLI,I:ASLI,SCSCF,T:ASLI,SCSCF,I-500:SCSCF,ASLI,A:SCSCF,MTAS,I:MTAS,SCSCF,T:MTAS,SCSCF,I:SCSCF,MTAS,T:SCSCF,GTW,I:GTW,SCSCF,T:SCSCF,MTAS,R:GTW,SCSCF,R:MTAS,SCSCF,R:SCSCF,PCSCF,R:PCSCF,SCSCF,P:MTAS,SCSCF,P:SCSCF,MTAS,P:SCSCF,GTW,P:GTW,SCSCF,P-200:SCSCF,MTAS,P-200:MTAS,SCSCF,P-200:SCSCF,PCSCF,P-200"
985,1,1,"ICSCF,SCSCF,I:SCSCF,ICSCF,T:SCSCF,ASLI,I:ASLI,SCSCF,T:ASLI,SCSCF,I-500:SCSCF,ASLI,A:SCSCF,BCCAS,I:BCCAS,SCSCF,T:BCCAS,SCSCF,I:SCSCF,BCCAS,T:SCSCF,IBCF,I:IBCF,SCSCF,T:IBCF,SCSCF,R:SCSCF,BCCAS,R:BCCAS,SCSCF,R:SCSCF,ICSCF,R:SCSCF,BCCAS,P:BCCAS,SCSCF,P:SCSCF,IBCF,P:IBCF,SCSCF,P-200:SCSCF,BCCAS,P-200:BCCAS,SCSCF,P-200:SCSCF,SCSCF,P-200"
986,1,1,"PCSCF,SCSCF,I:SCSCF,ASLI,I:ASLI,SCSCF,T:SCSCF,PCSCF,T:ASLI,SCSCF,I-500:SCSCF,ASLI,A:MTAS,SCSCF,I:SCSCF,MTAS,T:SCSCF,ASLI,I:ASLI,SCSCF,T:ASLI,SCSCF,I-500:SCSCF,ASLI,A:SCSCF,MTAS,I:MTAS,SCSCF,T:MTAS,SCSCF,I:SCSCF,MTAS,T:SCSCF,PCSCF,I:PCSCF,SCSCF,T:PCSCF,SCSCF,R:SCSCF,MTAS,R:MTAS,SCSCF,R:SCSCF,MTAS,R:SCSCF,PCSCF,R:PCSCF,SCSCF,P:MTAS,SCSCF,P:SCSCF,MTAS,P:MTAS,SCSCF,P:SCSCF,PCSCF,P:PCSCF,SCSCF,P-200:SCSCF,MTAS,P-200:MTAS,SCSCF,P-200:SCSCF,MTAS,P-200:SCSCF,PCSCF,P-200"
987,1,1,"BCCAS,SCSCF,I:SCSCF,BCCAS,T:SCSCF,BCCAS,R:BCCAS,SCSCF,P:SCSCF,BCCAS,P-200"
988,1,1,"MTAS,SCSCF,I:MTAS,SCSCF,A:GTW,ICSCF,I:ICSCF,GTW,T:SCSCF,ASLI,I:ASLI,SCSCF,T:ASLI,SCSCF,I-500:SCSCF,ASLI,A:SCSCF,MTAS,I:MTAS,SCSCF,T:MTAS,SCSCF,I:SCSCF,MTAS,T:MTAS,SCSCF,A:SCSCF,MTAS,I-480:MTAS,SCSCF,S:ICSCF,GTW,S:GTW,SCSCF,P:SCSCF,MTAS,P:MTAS,SCSCF,P-200:SCSCF,GTW,P-200:GTW,ICSCF,C:SCSCF,MTAS,C:ICSCF,GTW,C-200:MTAS,SCSCF,C-200:MTAS,SCSCF,I-487:ICSCF,GTW,I-487:SCSCF,MTAS,A:GTW,ICSCF,A"
989,1,1,"PCSCF,SCSCF,I:SCSCF,PCSCF,T:SCSCF,ASLI,I:ASLI,SCSCF,T:ASLI,SCSCF,I-500:SCSCF,ASLI,A:SCSCF,MTAS,I:MTAS,SCSCF,I:MTAS,SCSCF,T:SCSCF,GTW,I:GTW,SCSCF,T"
990,1,1,"PCSCF,SCSCF,I:SCSCF,ASLI,I:ASLI,SCSCF,T:ASLI,SCSCF,I-500:SCSCF,ASLI,A:SCSCF,PCSCF,T:MTAS,SCSCF,I:SCSCF,MTAS,T:SCSCF,GTW,I:GTW,SCSCF,T"
991,1,1,"IBCF,ICSCF,I:ICSCF,IBCF,T:ICSCF,SCSCF,I:SCSCF,ICSCF,T:SCSCF,ICSCF,S:ICSCF,IBCF,S:SCSCF,ICSCF,S:ICSCF,IBCF,S:ICSCF,IBCF,R:SCSCF,ICSCF,R"
992,1,1,"GTW,ICSCF,I:SCSCF,ASLI,I:ASLI,SCSCF,T:ASLI,SCSCF,I-500:SCSCF,ASLI,A:SCSCF,MTAS,I:MTAS,SCSCF,I:SCSCF,MTAS,T:SCSCF,PCSCF,I:PCSCF,SCSCF,T:MTAS,SCSCF,T:PCSCF,SCSCF,R:SCSCF,MTAS,R:MTAS,SCSCF,R:ICSCF,GTW,R:GTW,SCSCF,P:SCSCF,MTAS,P:MTAS,SCSCF,P:SCSCF,PCSCF,P:SCSCF,MTAS,P-200:PCSCF,SCSCF,P-200:MTAS,SCSCF,P-200:SCSCF,GTW,P-200"
993,1,1,"PCSCF,SCSCF,I:SCSCF,ASLI,I:ASLI,SCSCF,T:ASLI,SCSCF,I-500:SCSCF,ASLI,A:SCSCF,PCSCF,T:SCSCF,MTAS,I:MTAS,SCSCF,T:MTAS,SCSCF,I:SCSCF,MTAS,T:SCSCF,GTW,I:GTW,SCSCF,T"
994,1,1,"PCSCF,SCSCF,I:SCSCF,ASLI,I:ASLI,SCSCF,T:ASLI,SCSCF,I-500:SCSCF,ASLI,A:SCSCF,PCSCF,T:MTAS,SCSCF,I:SCSCF,GTW,I:GTW,SCSCF,T"
995,1,1,"GTW,ICSCF,I:ICSCF,GTW,T:SCSCF,ASLI,I:ASLI,SCSCF,T:SCSCF,ASLI,A:ASLI,SCSCF,I-500:SCSCF,MTAS,I:MTAS,SCSCF,T:MTAS,SCSCF,W:ICSCF,GTW,W:SCSCF,GTW,I:GTW,SCSCF,T"
996,1,1,"SCSCF,BCCAS,I:BCCAS,SCSCF,T:BCCAS,SCSCF,I:SCSCF,BCCAS,T:SCSCF,IBCF,I:IBCF,SCSCF,T:IBCF,SCSCF,R:SCSCF,BCCAS,R:BCCAS,SCSCF,R:SCSCF,BCCAS,P:BCCAS,SCSCF,P:SCSCF,IBCF,P:IBCF,SCSCF,I-600:IBCF,SCSCF,P-481:SCSCF,IBCF,A:SCSCF,BCCAS,P-481:BCCAS,SCSCF,P-481:SCSCF,BCCAS,I-600:BCCAS,SCSCF,A"
997,1,1,"PCSCF,SCSCF,I:SCSCF,PCSCF,T:SCSCF,ASLI,I:ASLI,SCSCF,T:ASLI,SCSCF,I-500:SCSCF,ASLI,A:SCSCF,ASLI,I:ASLI,SCSCF,T:ASLI,SCSCF,I-500:SCSCF,ASLI,A:SCSCF,MTAS,I:MTAS,SCSCF,T:MTAS,SCSCF,I:SCSCF,MTAS,T:SCSCF,PCSCF,I:PCSCF,SCSCF,T:PCSCF,SCSCF,R:SCSCF,MTAS,R:MTAS,SCSCF,R:SCSCF,MTAS,R:SCSCF,PCSCF,R:PCSCF,SCSCF,P:SCSCF,MTAS,P:MTAS,SCSCF,P:SCSCF,PCSCF,P:PCSCF,SCSCF,P-200:SCSCF,MTAS,P-200:MTAS,SCSCF,P-200:SCSCF,MTAS,P-200:SCSCF,PCSCF,P-200"
998,1,1,"IBCF,ICSCF,I:ICSCF,IBCF,T:SCSCF,BCCAS,I:BCCAS,SCSCF,T:BCCAS,SCSCF,I:SCSCF,BCCAS,T:SCSCF,ASLI,I:ASLI,SCSCF,T:ASLI,SCSCF,I-500:SCSCF,ASLI,A:SCSCF,GTW,I:GTW,SCSCF,T"
999,1,1,"PCSCF,SCSCF,I:SCSCF,PCSCF,T:SCSCF,PCSCF,I-407:PCSCF,SCSCF,A:PCSCF,SCSCF,I:SCSCF,PCSCF,T:SCSCF,BCCAS,I:BCCAS,SCSCF,T:BCCAS,SCSCF,I-500:SCSCF,ASLI,I:ASLI,SCSCF,T:SCSCF,ASLI,A:ASLI,SCSCF,I-500:SCSCF,BCCAS,A:SCSCF,BCCAS,I:BCCAS,SCSCF,T:BCCAS,SCSCF,I:SCSCF,GTW,I:GTW,SCSCF,T"
