idx,test_csv_row,true_label,pred_label,max_softmax,Replaced Signalling Description
0,0,0,1,0.38009444,"GTW,ICSCF,I:ICSCF,GTW,T:SCSCF,ASLI,I:ASLI,SCSCF,T:ASLI,SCSCF,I-500:SCSCF,ASLI,A:SCSCF,MTAS,I:MTAS,SCSCF,T:MTAS,SCSCF,I:SCSCF,MTAS,T:SCSCF,MTAS,I-480:MTAS,SCSCF,A:MTAS,SCSCF,W:ICSCF,GTW,W:MTAS,SCSCF,I:SCSCF,MTAS,T:SCSCF,GTW,I:GTW,SCSCF,T:GTW,SCSCF,S:SCSCF,MTAS,S:MTAS,SCSCF,S:ICSCF,GTW,S:GTW,SCSCF,P:SCSCF,MTAS,P:MTAS,SCSCF,P:SCSCF,GTW,P:GTW,SCSCF,P-200:SCSCF,MTAS,P-200:MTAS,SCSCF,P-200:SCSCF,GTW,P-200:GTW,ICSCF,C:ICSCF,GTW,C-200:SCSCF,MTAS,C:MTAS,SCSCF,C-200:MTAS,SCSCF,I-487:MTAS,SCSCF,C:SCSCF,MTAS,A:ICSCF,GTW,I-487:SCSCF,MTAS,C-200:SCSCF,GTW,C:GTW,SCSCF,C-200:GTW,ICSCF,A:GTW,SCSCF,I-487:SCSCF,GTW,A:SCSCF,MTAS,I-487:MTAS,SCSCF,A"
1,1,0,1,0.2410701,"PCSCF,SCSCF,I:SCSCF,ASLI,I:ASLI,SCSCF,T:ASLI,SCSCF,I-500:SCSCF,ASLI,A:SCSCF,PCSCF,T:MTAS,SCSCF,I:SCSCF,MTAS,T:SCSCF,GTW,I:GTW,SCSCF,T:GTW,SCSCF,S:SCSCF,MTAS,S:SCSCF,PCSCF,S:PCSCF,SCSCF,P:MTAS,SCSCF,P:SCSCF,GTW,P:GTW,SCSCF,P-200:GTW,SCSCF,S:SCSCF,MTAS,P-200:SCSCF,MTAS,S:SCSCF,PCSCF,S:SCSCF,PCSCF,P-200:PCSCF,SCSCF,P:MTAS,SCSCF,P:SCSCF,GTW,P:GTW,SCSCF,P-200:SCSCF,MTAS,P-200:SCSCF,PCSCF,P-200:PCSCF,SCSCF,C:SCSCF,PCSCF,C-200:MTAS,SCSCF,C:SCSCF,MTAS,C-200:SCSCF,GTW,C:GTW,SCSCF,C-200:GTW,SCSCF,I-487:SCSCF,GTW,A:SCSCF,MTAS,I-487:MTAS,SCSCF,A:SCSCF,PCSCF,I-487:PCSCF,SCSCF,A"
2,2,0,1,0.39304957,"GTW,ICSCF,I:ICSCF,GTW,T:SCSCF,ASLI,I:ASLI,SCSCF,T:ASLI,SCSCF,I-500:SCSCF,MTAS,I:MTAS,SCSCF,T:MTAS,SCSCF,I:SCSCF,MTAS,T:SCSCF,PCSCF,I:PCSCF,SCSCF,T:SCSCF,ASLI,A:PCSCF,SCSCF,R:SCSCF,MTAS,R:MTAS,SCSCF,R:ICSCF,GTW,R:GTW,SCSCF,P:SCSCF,MTAS,P:MTAS,SCSCF,P:SCSCF,PCSCF,P:PCSCF,SCSCF,P-200:SCSCF,MTAS,P-200:MTAS,SCSCF,P-200:SCSCF,GTW,P-200:PCSCF,SCSCF,I-200:SCSCF,MTAS,I-200:MTAS,SCSCF,I-200:ICSCF,GTW,I-200:GTW,SCSCF,A:SCSCF,MTAS,A:MTAS,SCSCF,A:SCSCF,PCSCF,A:MTAS,SCSCF,U:SCSCF,PCSCF,U:PCSCF,SCSCF,U-200:SCSCF,MTAS,U-200:MTAS,SCSCF,U:SCSCF,GTW,U:GTW,SCSCF,U-200:SCSCF,MTAS,U-200:MTAS,SCSCF,U:SCSCF,GTW,U:SCSCF,PCSCF,U:GTW,SCSCF,U-200:SCSCF,MTAS,U-200:PCSCF,SCSCF,U-200:SCSCF,MTAS,U-200:PCSCF,SCSCF,B:SCSCF,MTAS,B:MTAS,SCSCF,B:SCSCF,GTW,B:GTW,SCSCF,B-200:SCSCF,MTAS,B-200:MTAS,SCSCF,B-200:SCSCF,PCSCF,B-200"
3,3,0,1,0.85286033,"PCSCF,SCSCF,I:SCSCF,ASLI,I:ASLI,SCSCF,T:ASLI,SCSCF,I-500:SCSCF,ASLI,A:SCSCF,PCSCF,T:MTAS,SCSCF,I:SCSCF,MTAS,T:SCSCF,GTW,I:GTW,SCSCF,T:GTW,SCSCF,I-484:SCSCF,GTW,A:SCSCF,MTAS,I-484:MTAS,SCSCF,A:SCSCF,PCSCF,I-484:PCSCF,SCSCF,A"
4,4,0,1,0.2607571,"PCSCF,SCSCF,I:SCSCF,PCSCF,T:SCSCF,ASLI,I:ASLI,SCSCF,T:ASLI,SCSCF,I-500:SCSCF,ASLI,A:MTAS,SCSCF,I:SCSCF,MTAS,T:SCSCF,GTW,I:GTW,SCSCF,T:GTW,SCSCF,S:SCSCF,MTAS,S:SCSCF,PCSCF,S:PCSCF,SCSCF,P:MTAS,SCSCF,P:SCSCF,GTW,P:GTW,SCSCF,P-200:SCSCF,MTAS,P-200:SCSCF,PCSCF,P-200:GTW,SCSCF,R:SCSCF,MTAS,R:SCSCF,PCSCF,R:GTW,SCSCF,R:SCSCF,MTAS,R:PCSCF,SCSCF,P:MTAS,SCSCF,P:SCSCF,GTW,P:GTW,SCSCF,P-200:SCSCF,MTAS,P-200:SCSCF,PCSCF,P-200:GTW,SCSCF,I-200:SCSCF,MTAS,I-200:SCSCF,PCSCF,I-200:PCSCF,SCSCF,A:SCSCF,MTAS,A:MTAS,SCSCF,A:SCSCF,GTW,A:MTAS,SCSCF,U:SCSCF,GTW,U:GTW,SCSCF,U-200:SCSCF,MTAS,U-200:MTAS,SCSCF,U:SCSCF,PCSCF,U:PCSCF,SCSCF,U-200:SCSCF,MTAS,U-200:PCSCF,SCSCF,B:SCSCF,MTAS,B:MTAS,SCSCF,B:SCSCF,GTW,B:GTW,SCSCF,B-200:SCSCF,MTAS,B-200:MTAS,SCSCF,B-200:SCSCF,PCSCF,B-200"
5,5,0,0,0.93134546,"PCSCF,SCSCF,I:SCSCF,PCSCF,T:SCSCF,ASLI,I:ASLI,SCSCF,T:ASLI,SCSCF,I-500:SCSCF,ASLI,A:MTAS,SCSCF,I:SCSCF,MTAS,T:SCSCF,ASLI,I:ASLI,SCSCF,T:ASLI,SCSCF,I-500:SCSCF,ASLI,A:SCSCF,MTAS,I:MTAS,SCSCF,T:MTAS,SCSCF,I-486:SCSCF,MTAS,A:SCSCF,MTAS,I-486:MTAS,SCSCF,A:SCSCF,PCSCF,S:PCSCF,SCSCF,P:SCSCF,MTAS,P:MTAS,SCSCF,P-200:SCSCF,PCSCF,P-200:SCSCF,PCSCF,I-486:PCSCF,SCSCF,A"
6,6,0,1,0.25111955,"PCSCF,SCSCF,I:SCSCF,PCSCF,T:SCSCF,ASLI,I:ASLI,SCSCF,T:ASLI,SCSCF,I-500:SCSCF,ASLI,A:MTAS,SCSCF,I:SCSCF,MTAS,T:SCSCF,GTW,I:GTW,SCSCF,T:GTW,SCSCF,R:SCSCF,MTAS,R:SCSCF,PCSCF,R:PCSCF,SCSCF,P:SCSCF,MTAS,P:MTAS,SCSCF,P:SCSCF,GTW,P:GTW,SCSCF,P-200:SCSCF,MTAS,P-200:MTAS,SCSCF,P-200:SCSCF,PCSCF,P-200:GTW,SCSCF,I-200:SCSCF,MTAS,I-200:SCSCF,PCSCF,I-200:PCSCF,SCSCF,A:SCSCF,MTAS,A:MTAS,SCSCF,A:SCSCF,GTW,A:MTAS,SCSCF,U:SCSCF,GTW,U:GTW,SCSCF,U-200:SCSCF,MTAS,U-200:MTAS,SCSCF,U:SCSCF,PCSCF,U:PCSCF,SCSCF,U-200:SCSCF,MTAS,U-200:MTAS,SCSCF,U:SCSCF,GTW,U:GTW,SCSCF,U-200:SCSCF,MTAS,U-200:MTAS,SCSCF,U:SCSCF,PCSCF,U:PCSCF,SCSCF,U-200:SCSCF,MTAS,U-200:MTAS,SCSCF,U:SCSCF,GTW,U:GTW,SCSCF,U-200:SCSCF,PCSCF,U:SCSCF,MTAS,U-200:PCSCF,SCSCF,U-200:SCSCF,MTAS,U-200:GTW,SCSCF,B:MTAS,SCSCF,B:SCSCF,PCSCF,B:PCSCF,SCSCF,B-200:SCSCF,MTAS,B-200:SCSCF,GTW,B-200"
7,7,0,1,0.27916002,"GTW,ICSCF,I:ICSCF,GTW,T:SCSCF,ASLI,I:ASLI,SCSCF,T:ASLI,SCSCF,I-500:SCSCF,MTAS,I:MTAS,SCSCF,I:SCSCF,MTAS,T:SCSCF,PCSCF,I:MTAS,SCSCF,T:PCSCF,SCSCF,T:SCSCF,ASLI,A:PCSCF,SCSCF,R:SCSCF,MTAS,R:MTAS,SCSCF,R:ICSCF,GTW,R:GTW,SCSCF,P:SCSCF,MTAS,P:MTAS,SCSCF,P:SCSCF,PCSCF,P:PCSCF,SCSCF,P-200:SCSCF,MTAS,P-200:MTAS,SCSCF,P-200:SCSCF,GTW,P-200:GTW,ICSCF,C:ICSCF,GTW,C-200:SCSCF,MTAS,C:MTAS,SCSCF,C-200:MTAS,SCSCF,C:SCSCF,MTAS,C-200:SCSCF,PCSCF,C:PCSCF,SCSCF,C-200:PCSCF,SCSCF,I-487:SCSCF,PCSCF,A:SCSCF,MTAS,I-487:MTAS,SCSCF,A:MTAS,SCSCF,I-487:SCSCF,MTAS,A:ICSCF,GTW,I-487:GTW,ICSCF,A"
8,8,0,1,0.45676556,"PCSCF,SCSCF,I:SCSCF,PCSCF,T:SCSCF,ASLI,I:ASLI,SCSCF,T:ASLI,SCSCF,I-500:SCSCF,ASLI,A:MTAS,SCSCF,I:SCSCF,MTAS,T:SCSCF,ASLI,I:ASLI,SCSCF,T:ASLI,SCSCF,I-500:SCSCF,ASLI,A:SCSCF,MTAS,I:MTAS,SCSCF,T:MTAS,SCSCF,I:SCSCF,MTAS,T:SCSCF,PCSCF,I:PCSCF,SCSCF,T:PCSCF,SCSCF,R:SCSCF,MTAS,R:MTAS,SCSCF,R:SCSCF,MTAS,R:SCSCF,PCSCF,R:PCSCF,SCSCF,P:MTAS,SCSCF,P:SCSCF,MTAS,P:MTAS,SCSCF,P:SCSCF,PCSCF,P:PCSCF,SCSCF,P-200:SCSCF,MTAS,P-200:MTAS,SCSCF,P-200:SCSCF,MTAS,P-200:SCSCF,PCSCF,P-200:PCSCF,SCSCF,I-200:SCSCF,MTAS,I-200:MTAS,SCSCF,I-200:SCSCF,MTAS,I-200:SCSCF,PCSCF,I-200:PCSCF,SCSCF,A:MTAS,SCSCF,A:SCSCF,MTAS,A:MTAS,SCSCF,A:SCSCF,PCSCF,A:MTAS,SCSCF,U:SCSCF,PCSCF,U:PCSCF,SCSCF,U-200:SCSCF,MTAS,U-200:MTAS,SCSCF,U:SCSCF,PCSCF,U:PCSCF,SCSCF,U-200:SCSCF,MTAS,U-200:PCSCF,SCSCF,B:MTAS,SCSCF,B:SCSCF,MTAS,B:MTAS,SCSCF,B:SCSCF,PCSCF,B:PCSCF,SCSCF,B-200:SCSCF,MTAS,B-200:MTAS,SCSCF,B-200:SCSCF,MTAS,B-200:SCSCF,PCSCF,B-200"
9,9,0,1,0.8441191,"PCSCF,SCSCF,I:SCSCF,PCSCF,T:SCSCF,ASLI,I:ASLI,SCSCF,T:ASLI,SCSCF,I-500:SCSCF,ASLI,A:MTAS,SCSCF,I:SCSCF,MTAS,T:SCSCF,GTW,I:GTW,SCSCF,T:GTW,SCSCF,S:SCSCF,MTAS,S:SCSCF,PCSCF,S:PCSCF,SCSCF,P:MTAS,SCSCF,P:SCSCF,GTW,P:GTW,SCSCF,P-200:GTW,SCSCF,S:SCSCF,MTAS,S:SCSCF,MTAS,P-200:SCSCF,PCSCF,P-200:SCSCF,PCSCF,S:PCSCF,SCSCF,P:MTAS,SCSCF,P:SCSCF,GTW,P:GTW,SCSCF,P-200:SCSCF,MTAS,P-200:SCSCF,PCSCF,P-200:PCSCF,SCSCF,C:SCSCF,PCSCF,C-200:MTAS,SCSCF,C:SCSCF,MTAS,C-200:SCSCF,GTW,C:GTW,SCSCF,C-200:GTW,SCSCF,I-487:SCSCF,GTW,A:SCSCF,MTAS,I-487:MTAS,SCSCF,A:SCSCF,PCSCF,I-487:PCSCF,SCSCF,A"
10,10,0,1,0.8049214,"PCSCF,SCSCF,I:SCSCF,PCSCF,T:SCSCF,ASLI,I:ASLI,SCSCF,T:ASLI,SCSCF,I-500:SCSCF,ASLI,A:MTAS,SCSCF,I:SCSCF,MTAS,T:SCSCF,GTW,I:GTW,SCSCF,T:GTW,SCSCF,S:SCSCF,MTAS,S:SCSCF,PCSCF,S:PCSCF,SCSCF,P:MTAS,SCSCF,P:SCSCF,GTW,P:GTW,SCSCF,P-200:SCSCF,MTAS,P-200:SCSCF,PCSCF,P-200:GTW,SCSCF,R:SCSCF,MTAS,R:SCSCF,PCSCF,R:PCSCF,SCSCF,P:MTAS,SCSCF,P:GTW,SCSCF,P-200:SCSCF,MTAS,P-200:SCSCF,GTW,P:SCSCF,PCSCF,P-200:GTW,SCSCF,I-200:SCSCF,MTAS,I-200:SCSCF,PCSCF,I-200:PCSCF,SCSCF,A:SCSCF,MTAS,A:MTAS,SCSCF,A:SCSCF,GTW,A:PCSCF,SCSCF,B:SCSCF,MTAS,B:MTAS,SCSCF,B:SCSCF,GTW,B:GTW,SCSCF,B-200:SCSCF,MTAS,B-200:MTAS,SCSCF,B-200:SCSCF,PCSCF,B-200"
11,11,0,1,0.27321702,"PCSCF,SCSCF,I:SCSCF,PCSCF,T:SCSCF,ASLI,I:ASLI,SCSCF,T:ASLI,SCSCF,I-500:SCSCF,ASLI,A:MTAS,SCSCF,I:SCSCF,MTAS,T:SCSCF,GTW,I:GTW,SCSCF,T:GTW,SCSCF,S:SCSCF,MTAS,S:SCSCF,PCSCF,S:PCSCF,SCSCF,P:MTAS,SCSCF,P:SCSCF,GTW,P:GTW,SCSCF,P-200:SCSCF,MTAS,P-200:SCSCF,PCSCF,P-200:GTW,SCSCF,R:SCSCF,MTAS,R:SCSCF,PCSCF,R:PCSCF,SCSCF,P:MTAS,SCSCF,P:SCSCF,GTW,P:GTW,SCSCF,P-200:SCSCF,MTAS,P-200:SCSCF,PCSCF,P-200:GTW,SCSCF,I-200:SCSCF,MTAS,I-200:SCSCF,PCSCF,I-200:PCSCF,SCSCF,A:SCSCF,MTAS,A:MTAS,SCSCF,A:SCSCF,GTW,A:MTAS,SCSCF,U:SCSCF,GTW,U:SCSCF,PCSCF,U:GTW,SCSCF,U-200:SCSCF,MTAS,U-200:PCSCF,SCSCF,U-200:SCSCF,MTAS,U-200:PCSCF,SCSCF,B:SCSCF,MTAS,B:MTAS,SCSCF,B:SCSCF,GTW,B:GTW,SCSCF,B-200:SCSCF,MTAS,B-200:MTAS,SCSCF,B-200:SCSCF,PCSCF,B-200"
12,12,0,0,0.90144724,"PCSCF,SCSCF,I:SCSCF,PCSCF,T:SCSCF,ASLI,I:ASLI,SCSCF,T:ASLI,SCSCF,I-500:SCSCF,ASLI,A:MTAS,SCSCF,I:SCSCF,MTAS,T:SCSCF,GTW,I:GTW,SCSCF,T:GTW,SCSCF,S:SCSCF,MTAS,S:SCSCF,PCSCF,S:PCSCF,SCSCF,P:SCSCF,MTAS,P:MTAS,SCSCF,P:SCSCF,GTW,P:GTW,SCSCF,P-200:SCSCF,MTAS,P-200:MTAS,SCSCF,P-200:SCSCF,PCSCF,P-200:GTW,SCSCF,R:SCSCF,MTAS,R:SCSCF,PCSCF,R:PCSCF,SCSCF,P:SCSCF,MTAS,P:MTAS,SCSCF,P:SCSCF,GTW,P:GTW,SCSCF,P-200:SCSCF,MTAS,P-200:MTAS,SCSCF,P-200:SCSCF,PCSCF,P-200:GTW,SCSCF,I-200:SCSCF,MTAS,I-200:SCSCF,PCSCF,I-200:SCSCF,MTAS,A:PCSCF,SCSCF,A:MTAS,SCSCF,A:SCSCF,GTW,A:PCSCF,SCSCF,B:SCSCF,MTAS,B:MTAS,SCSCF,B:SCSCF,GTW,B:GTW,SCSCF,B-200:SCSCF,MTAS,B-200:MTAS,SCSCF,B-200:SCSCF,PCSCF,B-200"
13,13,0,1,0.6390873,"PCSCF,SCSCF,I:SCSCF,ASLI,I:ASLI,SCSCF,T:ASLI,SCSCF,I-500:SCSCF,ASLI,A:MTAS,SCSCF,I:SCSCF,MTAS,T:SCSCF,PCSCF,T:SCSCF,GTW,I:GTW,SCSCF,T:GTW,SCSCF,S:SCSCF,MTAS,S:SCSCF,PCSCF,S:PCSCF,SCSCF,P:SCSCF,MTAS,P:MTAS,SCSCF,P:SCSCF,GTW,P:GTW,SCSCF,P-200:SCSCF,MTAS,P-200:MTAS,SCSCF,P-200:SCSCF,PCSCF,P-200:GTW,SCSCF,R:SCSCF,MTAS,R:SCSCF,PCSCF,R:PCSCF,SCSCF,P:SCSCF,MTAS,P:MTAS,SCSCF,P:SCSCF,GTW,P:GTW,SCSCF,P-200:SCSCF,MTAS,P-200:MTAS,SCSCF,P-200:SCSCF,PCSCF,P-200:GTW,SCSCF,I-200:SCSCF,MTAS,I-200:SCSCF,PCSCF,I-200:PCSCF,SCSCF,A:SCSCF,MTAS,A:MTAS,SCSCF,A:SCSCF,GTW,A:GTW,SCSCF,B:MTAS,SCSCF,B:SCSCF,PCSCF,B:PCSCF,SCSCF,B-200:SCSCF,MTAS,B-200:SCSCF,GTW,B-200"
14,14,0,1,0.69149274,"PCSCF,SCSCF,I:SCSCF,ASLI,I:ASLI,SCSCF,T:ASLI,SCSCF,I-500:SCSCF,ASLI,A:SCSCF,PCSCF,T:MTAS,SCSCF,I:SCSCF,MTAS,T:SCSCF,GTW,I:GTW,SCSCF,T:GTW,SCSCF,R:SCSCF,MTAS,R:SCSCF,PCSCF,R:GTW,SCSCF,I-200:SCSCF,MTAS,I-200:SCSCF,PCSCF,I-200:PCSCF,SCSCF,A:SCSCF,MTAS,A:MTAS,SCSCF,A:SCSCF,GTW,A:PCSCF,SCSCF,B:SCSCF,MTAS,B:MTAS,SCSCF,B:SCSCF,GTW,B:GTW,SCSCF,B-200:SCSCF,MTAS,B-200:MTAS,SCSCF,B-200:SCSCF,PCSCF,B-200"
15,15,0,1,0.49068078,"PCSCF,SCSCF,I:SCSCF,PCSCF,T:SCSCF,ASLI,I:ASLI,SCSCF,T:ASLI,SCSCF,I-500:SCSCF,ASLI,A:MTAS,SCSCF,I:SCSCF,MTAS,T:SCSCF,GTW,I:GTW,SCSCF,T:GTW,SCSCF,R:SCSCF,MTAS,R:SCSCF,PCSCF,R:PCSCF,SCSCF,P:SCSCF,MTAS,P:MTAS,SCSCF,P:SCSCF,GTW,P:GTW,SCSCF,P-200:SCSCF,MTAS,P-200:MTAS,SCSCF,P-200:SCSCF,PCSCF,P-200:GTW,SCSCF,S:SCSCF,MTAS,S:SCSCF,PCSCF,S:PCSCF,SCSCF,P:SCSCF,MTAS,P:MTAS,SCSCF,P:SCSCF,GTW,P:GTW,SCSCF,P-200:SCSCF,MTAS,P-200:MTAS,SCSCF,P-200:SCSCF,PCSCF,P-200:GTW,SCSCF,S:SCSCF,MTAS,S:SCSCF,PCSCF,S:PCSCF,SCSCF,P:SCSCF,MTAS,P:MTAS,SCSCF,P:SCSCF,GTW,P:GTW,SCSCF,P-200:SCSCF,MTAS,P-200:MTAS,SCSCF,P-200:SCSCF,PCSCF,P-200:MTAS,SCSCF,C:SCSCF,MTAS,C-200:SCSCF,GTW,C:PCSCF,SCSCF,C:SCSCF,PCSCF,C-200:GTW,SCSCF,C-200:GTW,SCSCF,I-487:SCSCF,GTW,A:SCSCF,MTAS,I-487:MTAS,SCSCF,A:SCSCF,PCSCF,I-487:PCSCF,SCSCF,A"
16,16,0,1,0.35776868,"PCSCF,SCSCF,I:SCSCF,ASLI,I:SCSCF,PCSCF,T:ASLI,SCSCF,T:ASLI,SCSCF,I-500:SCSCF,ASLI,A:MTAS,SCSCF,I:SCSCF,MTAS,T:SCSCF,ASLI,I:ASLI,SCSCF,T:ASLI,SCSCF,I-500:SCSCF,MTAS,I:SCSCF,ASLI,A:MTAS,SCSCF,T:MTAS,SCSCF,I-486:SCSCF,MTAS,A:SCSCF,MTAS,I-486:MTAS,SCSCF,A:SCSCF,PCSCF,S:PCSCF,SCSCF,P:SCSCF,MTAS,P:MTAS,SCSCF,P-200:SCSCF,PCSCF,P-200:PCSCF,SCSCF,C:SCSCF,PCSCF,C-200:SCSCF,PCSCF,I-487:PCSCF,SCSCF,A"
17,17,0,1,0.14476366,"PCSCF,SCSCF,I:SCSCF,PCSCF,T:SCSCF,PCSCF,I-407:PCSCF,SCSCF,A:PCSCF,SCSCF,I:SCSCF,PCSCF,T:SCSCF,ASLI,I:ASLI,SCSCF,T:ASLI,SCSCF,I-500:SCSCF,ASLI,A:MTAS,SCSCF,I:SCSCF,MTAS,T:SCSCF,GTW,I:GTW,SCSCF,T:GTW,SCSCF,S:SCSCF,MTAS,S:SCSCF,PCSCF,S:PCSCF,SCSCF,P:MTAS,SCSCF,P:SCSCF,GTW,P:GTW,SCSCF,P-200:GTW,SCSCF,R:SCSCF,MTAS,P-200:SCSCF,MTAS,R:SCSCF,PCSCF,P-200:SCSCF,PCSCF,R:PCSCF,SCSCF,P:MTAS,SCSCF,P:SCSCF,GTW,P:GTW,SCSCF,P-200:SCSCF,MTAS,P-200:SCSCF,PCSCF,P-200:GTW,SCSCF,I-200:SCSCF,MTAS,I-200:SCSCF,PCSCF,I-200:PCSCF,SCSCF,A:SCSCF,MTAS,A:MTAS,SCSCF,A:SCSCF,GTW,A:MTAS,SCSCF,U:SCSCF,GTW,U:GTW,SCSCF,U-200:SCSCF,MTAS,U-200:MTAS,SCSCF,U:SCSCF,PCSCF,U:PCSCF,SCSCF,U-200:SCSCF,MTAS,U-200:MTAS,SCSCF,U:SCSCF,GTW,U:GTW,SCSCF,U-200:SCSCF,MTAS,U-200:MTAS,SCSCF,U:SCSCF,PCSCF,U:PCSCF,SCSCF,U-200:SCSCF,MTAS,U-200:MTAS,SCSCF,U:SCSCF,GTW,U:GTW,SCSCF,U-200:SCSCF,MTAS,U-200:MTAS,SCSCF,U:SCSCF,PCSCF,U:PCSCF,SCSCF,U-200:SCSCF,MTAS,U-200:GTW,SCSCF,B:MTAS,SCSCF,B:SCSCF,PCSCF,B:PCSCF,SCSCF,B-200:SCSCF,MTAS,B-200:SCSCF,GTW,B-200"
18,18,0,1,0.5382666,"PCSCF,SCSCF,I:SCSCF,PCSCF,T:SCSCF,ASLI,I:ASLI,SCSCF,T:ASLI,SCSCF,I-500:SCSCF,ASLI,A:MTAS,SCSCF,I:SCSCF,MTAS,T:SCSCF,ASLI,I:ASLI,SCSCF,T:ASLI,SCSCF,I-500:SCSCF,ASLI,A:SCSCF,MTAS,I:MTAS,SCSCF,T:MTAS,SCSCF,W:SCSCF,MTAS,W:MTAS,SCSCF,I:SCSCF,MTAS,T:SCSCF,GTW,I:SCSCF,PCSCF,W:GTW,SCSCF,T:GTW,SCSCF,I-480:SCSCF,GTW,A:SCSCF,MTAS,I-480:MTAS,SCSCF,A:MTAS,SCSCF,I-480:SCSCF,MTAS,A:SCSCF,MTAS,I-480:MTAS,SCSCF,A:SCSCF,PCSCF,I-480:PCSCF,SCSCF,A"
19,19,0,1,0.29761004,"PCSCF,SCSCF,I:SCSCF,PCSCF,T:SCSCF,ASLI,I:ASLI,SCSCF,T:ASLI,SCSCF,I-500:SCSCF,ASLI,A:MTAS,SCSCF,I:SCSCF,MTAS,T:SCSCF,GTW,I:GTW,SCSCF,T:GTW,SCSCF,S:SCSCF,MTAS,S:SCSCF,PCSCF,S:PCSCF,SCSCF,P:SCSCF,MTAS,P:MTAS,SCSCF,P:SCSCF,GTW,P:GTW,SCSCF,P-200:GTW,SCSCF,S:SCSCF,MTAS,P-200:SCSCF,MTAS,S:MTAS,SCSCF,P-200:SCSCF,PCSCF,P-200:SCSCF,PCSCF,S:PCSCF,SCSCF,P:SCSCF,MTAS,P:MTAS,SCSCF,P:SCSCF,GTW,P:GTW,SCSCF,P-200:GTW,SCSCF,S:SCSCF,MTAS,P-200:SCSCF,MTAS,S:MTAS,SCSCF,P-200:SCSCF,PCSCF,P-200:SCSCF,PCSCF,S:PCSCF,SCSCF,P:SCSCF,MTAS,P:MTAS,SCSCF,P:SCSCF,GTW,P:GTW,SCSCF,P-200:GTW,SCSCF,R:SCSCF,MTAS,R:SCSCF,MTAS,P-200:MTAS,SCSCF,P-200:SCSCF,PCSCF,P-200:SCSCF,PCSCF,R:PCSCF,SCSCF,P:SCSCF,MTAS,P:MTAS,SCSCF,P:SCSCF,GTW,P:GTW,SCSCF,P-200:SCSCF,MTAS,P-200:MTAS,SCSCF,P-200:SCSCF,PCSCF,P-200:PCSCF,SCSCF,C:SCSCF,PCSCF,C-200:MTAS,SCSCF,C:SCSCF,MTAS,C-200:SCSCF,GTW,C:GTW,SCSCF,C-200:GTW,SCSCF,I-487:SCSCF,GTW,A:SCSCF,MTAS,I-487:MTAS,SCSCF,A:SCSCF,PCSCF,I-487:PCSCF,SCSCF,A"
20,20,0,0,0.9431252,"GTW,ICSCF,I:ICSCF,GTW,T:SCSCF,ASLI,I:ASLI,SCSCF,T:ASLI,SCSCF,I-500:SCSCF,ASLI,A:SCSCF,MTAS,I:MTAS,SCSCF,T:MTAS,SCSCF,I:SCSCF,MTAS,T:SCSCF,PCSCF,I:PCSCF,SCSCF,T:PCSCF,SCSCF,R:SCSCF,MTAS,R:MTAS,SCSCF,R:ICSCF,GTW,R:GTW,SCSCF,P:SCSCF,MTAS,P:MTAS,SCSCF,P:SCSCF,PCSCF,P:PCSCF,SCSCF,P-200:SCSCF,MTAS,P-200:MTAS,SCSCF,P-200:SCSCF,GTW,P-200:GTW,ICSCF,C:ICSCF,GTW,C-200:SCSCF,MTAS,C:MTAS,SCSCF,C-200:MTAS,SCSCF,C:SCSCF,MTAS,C-200:SCSCF,PCSCF,C:PCSCF,SCSCF,C-200:PCSCF,SCSCF,I-487:SCSCF,PCSCF,A:SCSCF,MTAS,I-487:MTAS,SCSCF,I-487:SCSCF,MTAS,A:MTAS,SCSCF,A:ICSCF,GTW,I-487:GTW,ICSCF,A"
21,21,0,1,0.1188513,"GTW,ICSCF,I:ICSCF,GTW,T:SCSCF,ASLI,I:ASLI,SCSCF,T:ASLI,SCSCF,I-500:SCSCF,MTAS,I:MTAS,SCSCF,I:SCSCF,MTAS,T:SCSCF,PCSCF,I:SCSCF,ASLI,A:PCSCF,SCSCF,T:MTAS,SCSCF,T:PCSCF,SCSCF,R:SCSCF,MTAS,R:MTAS,SCSCF,R:ICSCF,GTW,R:GTW,SCSCF,P:SCSCF,MTAS,P:MTAS,SCSCF,P:SCSCF,PCSCF,P:PCSCF,SCSCF,P-200:SCSCF,MTAS,P-200:MTAS,SCSCF,P-200:SCSCF,GTW,P-200:PCSCF,SCSCF,I-200:SCSCF,MTAS,I-200:MTAS,SCSCF,I-200:ICSCF,GTW,I-200:GTW,SCSCF,A:SCSCF,MTAS,A:MTAS,SCSCF,A:SCSCF,PCSCF,A:MTAS,SCSCF,U:SCSCF,PCSCF,U:SCSCF,GTW,U:GTW,SCSCF,U-200:SCSCF,MTAS,U-200:PCSCF,SCSCF,U-200:SCSCF,MTAS,U-200:MTAS,SCSCF,U:SCSCF,GTW,U:GTW,SCSCF,U-200:SCSCF,MTAS,U-200:MTAS,SCSCF,U:SCSCF,PCSCF,U:PCSCF,SCSCF,U-200:SCSCF,MTAS,U-200:MTAS,SCSCF,U:SCSCF,GTW,U:GTW,SCSCF,U-200:SCSCF,MTAS,U-200:MTAS,SCSCF,U:SCSCF,PCSCF,U:PCSCF,SCSCF,U-200:SCSCF,MTAS,U-200:GTW,SCSCF,B:SCSCF,MTAS,B:MTAS,SCSCF,B:SCSCF,PCSCF,B:PCSCF,SCSCF,B-200:SCSCF,MTAS,B-200:MTAS,SCSCF,B-200:SCSCF,GTW,B-200"
22,22,0,1,0.3379302,"PCSCF,SCSCF,I:SCSCF,PCSCF,T:SCSCF,PCSCF,I-407:PCSCF,SCSCF,A:PCSCF,SCSCF,I:SCSCF,PCSCF,T:SCSCF,ASLI,I:ASLI,SCSCF,T:ASLI,SCSCF,I-500:SCSCF,ASLI,A:MTAS,SCSCF,I:SCSCF,MTAS,T:SCSCF,ASLI,I:ASLI,SCSCF,T:ASLI,SCSCF,I-500:SCSCF,MTAS,I:MTAS,SCSCF,T:MTAS,SCSCF,I:SCSCF,MTAS,T:SCSCF,ASLI,A:SCSCF,PCSCF,I:PCSCF,SCSCF,T:PCSCF,SCSCF,R:SCSCF,MTAS,R:MTAS,SCSCF,R:SCSCF,MTAS,R:SCSCF,PCSCF,R:PCSCF,SCSCF,P:MTAS,SCSCF,P:SCSCF,MTAS,P:MTAS,SCSCF,P:SCSCF,PCSCF,P:PCSCF,SCSCF,P-200:SCSCF,MTAS,P-200:MTAS,SCSCF,P-200:SCSCF,MTAS,P-200:SCSCF,PCSCF,P-200:PCSCF,SCSCF,C:MTAS,SCSCF,C:SCSCF,MTAS,C-200:SCSCF,MTAS,C:MTAS,SCSCF,C-200:MTAS,SCSCF,C:SCSCF,MTAS,C-200:SCSCF,PCSCF,C:PCSCF,SCSCF,C-200:SCSCF,PCSCF,C-200:PCSCF,SCSCF,I-487:SCSCF,PCSCF,A:SCSCF,MTAS,I-487:MTAS,SCSCF,A:MTAS,SCSCF,I-487:SCSCF,MTAS,A:SCSCF,MTAS,I-487:MTAS,SCSCF,A:SCSCF,PCSCF,I-487:PCSCF,SCSCF,A"
23,23,0,1,0.7549404,"PCSCF,SCSCF,I:SCSCF,PCSCF,T:SCSCF,ASLI,I:ASLI,SCSCF,T:ASLI,SCSCF,I-500:SCSCF,ASLI,A:MTAS,SCSCF,I:SCSCF,MTAS,T:SCSCF,ASLI,I:ASLI,SCSCF,T:ASLI,SCSCF,I-500:SCSCF,ASLI,A:SCSCF,MTAS,I:MTAS,SCSCF,T:MTAS,SCSCF,I:SCSCF,MTAS,T:SCSCF,PCSCF,I:PCSCF,SCSCF,T:PCSCF,SCSCF,R:SCSCF,MTAS,R:MTAS,SCSCF,R:SCSCF,MTAS,R:SCSCF,PCSCF,R:PCSCF,SCSCF,P:MTAS,SCSCF,P:SCSCF,MTAS,P:MTAS,SCSCF,P:SCSCF,PCSCF,P:PCSCF,SCSCF,P-200:SCSCF,MTAS,P-200:MTAS,SCSCF,P-200:SCSCF,MTAS,P-200:SCSCF,PCSCF,P-200:PCSCF,SCSCF,I-200:SCSCF,MTAS,I-200:MTAS,SCSCF,I-200:SCSCF,MTAS,I-200:SCSCF,PCSCF,I-200:PCSCF,SCSCF,A:MTAS,SCSCF,A:SCSCF,MTAS,A:MTAS,SCSCF,A:SCSCF,PCSCF,A:MTAS,SCSCF,U:SCSCF,PCSCF,U:SCSCF,PCSCF,U:SCSCF,MTAS,U-200:PCSCF,SCSCF,U-200:SCSCF,MTAS,U-200:PCSCF,SCSCF,U-200:SCSCF,MTAS,U-200:PCSCF,SCSCF,B:MTAS,SCSCF,B:SCSCF,MTAS,B:MTAS,SCSCF,B:SCSCF,PCSCF,B:PCSCF,SCSCF,B-200:SCSCF,MTAS,B-200:MTAS,SCSCF,B-200:SCSCF,MTAS,B-200:SCSCF,PCSCF,B-200"
24,24,0,1,0.36657664,"PCSCF,SCSCF,I:SCSCF,ASLI,I:SCSCF,PCSCF,T:ASLI,SCSCF,T:ASLI,SCSCF,I-500:SCSCF,ASLI,A:MTAS,SCSCF,I:SCSCF,MTAS,T:SCSCF,GTW,I:GTW,SCSCF,T:GTW,SCSCF,S:SCSCF,MTAS,S:SCSCF,PCSCF,S:PCSCF,SCSCF,P:SCSCF,MTAS,P:MTAS,SCSCF,P:SCSCF,GTW,P:GTW,SCSCF,P-200:SCSCF,MTAS,P-200:MTAS,SCSCF,P-200:SCSCF,PCSCF,P-200:PCSCF,SCSCF,C:SCSCF,PCSCF,C-200:MTAS,SCSCF,C:SCSCF,MTAS,C-200:SCSCF,GTW,C:GTW,SCSCF,C-200:GTW,SCSCF,I-487:SCSCF,GTW,A:SCSCF,MTAS,I-487:MTAS,SCSCF,A:SCSCF,PCSCF,I-487:PCSCF,SCSCF,A"
25,25,0,1,0.21428846,"PCSCF,SCSCF,I:SCSCF,PCSCF,T:SCSCF,ASLI,I:ASLI,SCSCF,T:ASLI,SCSCF,I-500:SCSCF,ASLI,A:MTAS,SCSCF,I:SCSCF,MTAS,T:SCSCF,GTW,I:GTW,SCSCF,T:GTW,SCSCF,S:SCSCF,MTAS,S:SCSCF,PCSCF,S:PCSCF,SCSCF,P:MTAS,SCSCF,P:SCSCF,GTW,P:GTW,SCSCF,P-200:SCSCF,MTAS,P-200:SCSCF,PCSCF,P-200:GTW,SCSCF,S:SCSCF,MTAS,S:SCSCF,PCSCF,S:PCSCF,SCSCF,P:MTAS,SCSCF,P:SCSCF,GTW,P:GTW,SCSCF,P-200:SCSCF,MTAS,P-200:SCSCF,PCSCF,P-200:GTW,SCSCF,R:SCSCF,MTAS,R:SCSCF,PCSCF,R:PCSCF,SCSCF,P:MTAS,SCSCF,P:SCSCF,GTW,P:GTW,SCSCF,P-200:SCSCF,MTAS,P-200:SCSCF,PCSCF,P-200:GTW,SCSCF,I-200:SCSCF,MTAS,I-200:SCSCF,PCSCF,I-200:PCSCF,SCSCF,A:SCSCF,MTAS,A:MTAS,SCSCF,A:SCSCF,GTW,A:MTAS,SCSCF,U:SCSCF,GTW,U:GTW,SCSCF,U-200:SCSCF,MTAS,U-200:MTAS,SCSCF,U:SCSCF,PCSCF,U:PCSCF,SCSCF,U-200:SCSCF,MTAS,U-200:MTAS,SCSCF,U:SCSCF,GTW,U:GTW,SCSCF,U-200:SCSCF,MTAS,U-200:SCSCF,PCSCF,U:PCSCF,SCSCF,U-200:SCSCF,MTAS,U-200:PCSCF,SCSCF,B:MTAS,SCSCF,B:SCSCF,GTW,B:GTW,SCSCF,B-200:SCSCF,MTAS,B-200:SCSCF,PCSCF,B-200"
26,26,0,0,0.9748814,"PCSCF,SCSCF,I:SCSCF,ASLI,I:ASLI,SCSCF,T:ASLI,SCSCF,I-500:SCSCF,PCSCF,T:SCSCF,ASLI,A:MTAS,SCSCF,I:SCSCF,MTAS,T:SCSCF,GTW,I:GTW,SCSCF,T:GTW,SCSCF,S:SCSCF,MTAS,S:SCSCF,PCSCF,S:PCSCF,SCSCF,P:SCSCF,MTAS,P:MTAS,SCSCF,P:SCSCF,GTW,P:GTW,SCSCF,P-200:GTW,SCSCF,R:SCSCF,MTAS,P-200:SCSCF,MTAS,R:MTAS,SCSCF,P-200:SCSCF,PCSCF,P-200:SCSCF,PCSCF,R:PCSCF,SCSCF,P:SCSCF,MTAS,P:MTAS,SCSCF,P:SCSCF,GTW,P:GTW,SCSCF,P-200:SCSCF,MTAS,P-200:MTAS,SCSCF,P-200:SCSCF,PCSCF,P-200:GTW,SCSCF,I-200:SCSCF,MTAS,I-200:SCSCF,PCSCF,I-200:PCSCF,SCSCF,A:SCSCF,MTAS,A:MTAS,SCSCF,A:SCSCF,GTW,A:GTW,SCSCF,B:MTAS,SCSCF,B:SCSCF,PCSCF,B:PCSCF,SCSCF,B-200:SCSCF,MTAS,B-200:SCSCF,GTW,B-200"
27,27,0,1,0.22066715,"GTW,ICSCF,I:ICSCF,GTW,T:SCSCF,ASLI,I:ASLI,SCSCF,T:ASLI,SCSCF,I-500:SCSCF,ASLI,A:SCSCF,MTAS,I:MTAS,SCSCF,I:SCSCF,MTAS,T:SCSCF,PCSCF,I:MTAS,SCSCF,T:PCSCF,SCSCF,T:PCSCF,SCSCF,R:SCSCF,MTAS,R:MTAS,SCSCF,R:ICSCF,GTW,R:GTW,SCSCF,P:SCSCF,MTAS,P:MTAS,SCSCF,P:SCSCF,PCSCF,P:PCSCF,SCSCF,P-200:SCSCF,MTAS,P-200:MTAS,SCSCF,P-200:SCSCF,GTW,P-200:PCSCF,SCSCF,I-200:SCSCF,MTAS,I-200:MTAS,SCSCF,I-200:ICSCF,GTW,I-200:GTW,SCSCF,A:SCSCF,MTAS,A:MTAS,SCSCF,A:SCSCF,PCSCF,A:MTAS,SCSCF,U:SCSCF,PCSCF,U:SCSCF,GTW,U:GTW,SCSCF,U-200:SCSCF,MTAS,U-200:PCSCF,SCSCF,U-200:SCSCF,MTAS,U-200:PCSCF,SCSCF,B:SCSCF,MTAS,B:MTAS,SCSCF,B:SCSCF,GTW,B:GTW,SCSCF,B-200:SCSCF,MTAS,B-200:MTAS,SCSCF,B-200:SCSCF,PCSCF,B-200"
28,28,0,1,0.22485037,"PCSCF,SCSCF,I:SCSCF,PCSCF,T:SCSCF,ASLI,I:ASLI,SCSCF,T:ASLI,SCSCF,I-500:SCSCF,ASLI,A:MTAS,SCSCF,I:SCSCF,MTAS,T:SCSCF,GTW,I:GTW,SCSCF,T:GTW,SCSCF,S:SCSCF,MTAS,S:SCSCF,PCSCF,S:PCSCF,SCSCF,P:MTAS,SCSCF,P:SCSCF,GTW,P:GTW,SCSCF,P-200:SCSCF,MTAS,P-200:SCSCF,PCSCF,P-200:GTW,SCSCF,R:SCSCF,MTAS,R:SCSCF,PCSCF,R:PCSCF,SCSCF,P:MTAS,SCSCF,P:SCSCF,GTW,P:GTW,SCSCF,P-200:SCSCF,MTAS,P-200:SCSCF,PCSCF,P-200:GTW,SCSCF,I-200:SCSCF,MTAS,I-200:SCSCF,PCSCF,I-200:PCSCF,SCSCF,A:SCSCF,MTAS,A:MTAS,SCSCF,A:SCSCF,GTW,A:MTAS,SCSCF,U:SCSCF,GTW,U:GTW,SCSCF,U-200:SCSCF,MTAS,U-200:MTAS,SCSCF,U:SCSCF,PCSCF,U:PCSCF,SCSCF,U-200:SCSCF,MTAS,U-200:MTAS,SCSCF,U:SCSCF,GTW,U:GTW,SCSCF,U-200:SCSCF,MTAS,U-200:MTAS,SCSCF,U:SCSCF,PCSCF,U:PCSCF,SCSCF,U-200:SCSCF,MTAS,U-200:MTAS,SCSCF,U:SCSCF,GTW,U:GTW,SCSCF,U-200:SCSCF,MTAS,U-200:MTAS,SCSCF,U:SCSCF,PCSCF,U:PCSCF,SCSCF,U-200:SCSCF,MTAS,U-200:PCSCF,SCSCF,B:MTAS,SCSCF,B:SCSCF,GTW,B:GTW,SCSCF,B-200:SCSCF,MTAS,B-200:SCSCF,PCSCF,B-200"
29,29,0,1,0.623144,"GTW,ICSCF,I:ICSCF,GTW,T:SCSCF,ASLI,I:ASLI,SCSCF,T:ASLI,SCSCF,I-500:SCSCF,ASLI,A:SCSCF,MTAS,I:MTAS,SCSCF,T:MTAS,SCSCF,I:SCSCF,MTAS,T:SCSCF,PCSCF,I:PCSCF,SCSCF,T:PCSCF,SCSCF,R:SCSCF,MTAS,R:MTAS,SCSCF,R:ICSCF,GTW,R:GTW,SCSCF,P:SCSCF,MTAS,P:MTAS,SCSCF,P:SCSCF,PCSCF,P:PCSCF,SCSCF,P-200:SCSCF,MTAS,P-200:MTAS,SCSCF,P-200:SCSCF,GTW,P-200:PCSCF,SCSCF,I-200:SCSCF,MTAS,I-200:MTAS,SCSCF,I-200:ICSCF,GTW,I-200:GTW,SCSCF,A:SCSCF,MTAS,A:MTAS,SCSCF,A:SCSCF,PCSCF,A:PCSCF,SCSCF,B:SCSCF,MTAS,B:MTAS,SCSCF,B:GTW,SCSCF,B:SCSCF,GTW,B:GTW,SCSCF,B-200:SCSCF,MTAS,B-200:SCSCF,MTAS,B:MTAS,SCSCF,B-200:MTAS,SCSCF,B-481:SCSCF,GTW,B-481:SCSCF,PCSCF,B-200"
30,30,0,1,0.5572729,"GTW,ICSCF,I:ICSCF,GTW,T:SCSCF,ASLI,I:ASLI,SCSCF,T:ASLI,SCSCF,I-500:SCSCF,MTAS,I:SCSCF,ASLI,A:MTAS,SCSCF,T:MTAS,SCSCF,W:ICSCF,GTW,W:MTAS,SCSCF,I:SCSCF,MTAS,T:SCSCF,GTW,I:GTW,SCSCF,T:GTW,SCSCF,S:SCSCF,MTAS,S:MTAS,SCSCF,S:ICSCF,GTW,S:GTW,SCSCF,P:SCSCF,MTAS,P:MTAS,SCSCF,P:SCSCF,GTW,P:GTW,SCSCF,P-200:SCSCF,MTAS,P-200:MTAS,SCSCF,P-200:SCSCF,GTW,P-200:GTW,SCSCF,R:SCSCF,MTAS,R:MTAS,SCSCF,R:ICSCF,GTW,R:GTW,SCSCF,P:SCSCF,MTAS,P:MTAS,SCSCF,P:SCSCF,GTW,P:GTW,SCSCF,P-200:SCSCF,MTAS,P-200:MTAS,SCSCF,P-200:SCSCF,GTW,P-200:GTW,ICSCF,C:ICSCF,GTW,C-200:SCSCF,MTAS,C:MTAS,SCSCF,C-200:MTAS,SCSCF,C:SCSCF,MTAS,C-200:SCSCF,GTW,C:GTW,SCSCF,C-200:GTW,SCSCF,I-487:SCSCF,GTW,A:SCSCF,MTAS,I-487:MTAS,SCSCF,A:MTAS,SCSCF,I-487:SCSCF,MTAS,A:ICSCF,GTW,I-487:GTW,ICSCF,A"
31,31,0,1,0.32600662,"PCSCF,SCSCF,I:SCSCF,PCSCF,T:SCSCF,ASLI,I:ASLI,SCSCF,T:ASLI,SCSCF,I-500:SCSCF,ASLI,A:MTAS,SCSCF,I:SCSCF,MTAS,T:SCSCF,GTW,I:GTW,SCSCF,T:GTW,SCSCF,S:SCSCF,MTAS,S:SCSCF,PCSCF,S:PCSCF,SCSCF,P:SCSCF,MTAS,P:MTAS,SCSCF,P:SCSCF,GTW,P:GTW,SCSCF,P-200:GTW,SCSCF,R:SCSCF,MTAS,R:SCSCF,MTAS,P-200:MTAS,SCSCF,P-200:SCSCF,PCSCF,P-200:SCSCF,PCSCF,R:PCSCF,SCSCF,P:SCSCF,MTAS,P:MTAS,SCSCF,P:SCSCF,GTW,P:GTW,SCSCF,P-200:SCSCF,MTAS,P-200:MTAS,SCSCF,P-200:SCSCF,PCSCF,P-200:GTW,SCSCF,I-200:SCSCF,MTAS,I-200:SCSCF,PCSCF,I-200:PCSCF,SCSCF,A:SCSCF,MTAS,A:MTAS,SCSCF,A:SCSCF,GTW,A:MTAS,SCSCF,U:SCSCF,GTW,U:GTW,SCSCF,U-200:SCSCF,PCSCF,U:SCSCF,MTAS,U-200:PCSCF,SCSCF,U-200:SCSCF,MTAS,U-200:MTAS,SCSCF,U:SCSCF,GTW,U:GTW,SCSCF,U-200:SCSCF,MTAS,U-200:MTAS,SCSCF,U:SCSCF,PCSCF,U:PCSCF,SCSCF,U-200:SCSCF,MTAS,U-200:GTW,SCSCF,B:MTAS,SCSCF,B:SCSCF,PCSCF,B:PCSCF,SCSCF,B-200:SCSCF,MTAS,B-200:SCSCF,GTW,B-200"
32,32,0,1,0.28996632,"GTW,ICSCF,I:ICSCF,GTW,T:SCSCF,ASLI,I:ASLI,SCSCF,T:ASLI,SCSCF,I-500:SCSCF,ASLI,A:SCSCF,BCCAS,I:BCCAS,SCSCF,T:BCCAS,SCSCF,I:SCSCF,BCCAS,T:SCSCF,PCSCF,I:PCSCF,SCSCF,T:SCSCF,PCSCF,I:PCSCF,SCSCF,T:PCSCF,SCSCF,R:SCSCF,BCCAS,R:BCCAS,SCSCF,R:ICSCF,GTW,R:GTW,SCSCF,P:SCSCF,BCCAS,P:BCCAS,SCSCF,P:SCSCF,PCSCF,P:PCSCF,SCSCF,P-200:SCSCF,BCCAS,P-200:BCCAS,SCSCF,P-200:SCSCF,GTW,P-200:PCSCF,SCSCF,I-200:SCSCF,BCCAS,I-200:SCSCF,PCSCF,C:BCCAS,SCSCF,I-200:ICSCF,GTW,I-200:PCSCF,SCSCF,C-200:GTW,SCSCF,A:SCSCF,BCCAS,A:BCCAS,SCSCF,A:PCSCF,SCSCF,I-487:SCSCF,PCSCF,A:SCSCF,PCSCF,A:PCSCF,SCSCF,B:SCSCF,BCCAS,B:BCCAS,SCSCF,B:SCSCF,GTW,B:GTW,SCSCF,B-200:SCSCF,BCCAS,B-200:BCCAS,SCSCF,B-200:SCSCF,PCSCF,B-200"
33,33,0,1,0.30265686,"PCSCF,SCSCF,I:SCSCF,PCSCF,T:SCSCF,PCSCF,I-407:PCSCF,SCSCF,A:PCSCF,SCSCF,I:SCSCF,PCSCF,T:SCSCF,ASLI,I:ASLI,SCSCF,T:ASLI,SCSCF,I-500:SCSCF,ASLI,A:MTAS,SCSCF,I:SCSCF,MTAS,T:SCSCF,GTW,I:GTW,SCSCF,T:GTW,SCSCF,R:SCSCF,MTAS,R:SCSCF,PCSCF,R:PCSCF,SCSCF,P:SCSCF,MTAS,P:MTAS,SCSCF,P:SCSCF,GTW,P:GTW,SCSCF,P-200:SCSCF,MTAS,P-200:MTAS,SCSCF,P-200:SCSCF,PCSCF,P-200:GTW,SCSCF,I-200:SCSCF,MTAS,I-200:SCSCF,PCSCF,I-200:PCSCF,SCSCF,A:SCSCF,MTAS,A:MTAS,SCSCF,A:SCSCF,GTW,A:PCSCF,SCSCF,B:SCSCF,MTAS,B:MTAS,SCSCF,B:SCSCF,GTW,B:GTW,SCSCF,B-200:SCSCF,MTAS,B-200:MTAS,SCSCF,B-200:SCSCF,PCSCF,B-200"
34,34,0,1,0.40923744,"PCSCF,SCSCF,I:SCSCF,PCSCF,T:SCSCF,ASLI,I:ASLI,SCSCF,T:ASLI,SCSCF,I-500:SCSCF,ASLI,A:MTAS,SCSCF,I:SCSCF,MTAS,T:SCSCF,GTW,I:GTW,SCSCF,T:GTW,SCSCF,S:SCSCF,MTAS,S:SCSCF,PCSCF,S:PCSCF,SCSCF,P:MTAS,SCSCF,P:SCSCF,GTW,P:GTW,SCSCF,P-200:GTW,SCSCF,R:SCSCF,MTAS,P-200:SCSCF,MTAS,R:SCSCF,PCSCF,P-200:SCSCF,PCSCF,R:PCSCF,SCSCF,P:MTAS,SCSCF,P:SCSCF,GTW,P:GTW,SCSCF,P-200:SCSCF,MTAS,P-200:SCSCF,PCSCF,P-200:GTW,SCSCF,S:SCSCF,MTAS,S:SCSCF,PCSCF,S:PCSCF,SCSCF,P:MTAS,SCSCF,P:SCSCF,GTW,P:GTW,SCSCF,P-200:SCSCF,MTAS,P-200:SCSCF,PCSCF,P-200:PCSCF,SCSCF,C:SCSCF,PCSCF,C-200:MTAS,SCSCF,C:SCSCF,MTAS,C-200:SCSCF,GTW,C:GTW,SCSCF,C-200:GTW,SCSCF,I-487:SCSCF,GTW,A:SCSCF,MTAS,I-487:MTAS,SCSCF,A:SCSCF,PCSCF,I-487:PCSCF,SCSCF,A"
35,35,0,1,0.43990138,"GTW,ICSCF,I:ICSCF,GTW,T:SCSCF,ASLI,I:ASLI,SCSCF,T:ASLI,SCSCF,I-500:SCSCF,ASLI,A:SCSCF,MTAS,I:MTAS,SCSCF,T:MTAS,SCSCF,I:SCSCF,MTAS,T:SCSCF,PCSCF,I:PCSCF,SCSCF,T:PCSCF,SCSCF,R:SCSCF,MTAS,R:MTAS,SCSCF,R:ICSCF,GTW,R:GTW,SCSCF,P:SCSCF,MTAS,P:MTAS,SCSCF,P:SCSCF,PCSCF,P:PCSCF,SCSCF,P-200:SCSCF,MTAS,P-200:MTAS,SCSCF,P-200:SCSCF,GTW,P-200:PCSCF,SCSCF,I-200:SCSCF,MTAS,I-200:MTAS,SCSCF,I-200:ICSCF,GTW,I-200:GTW,SCSCF,A:SCSCF,MTAS,A:MTAS,SCSCF,A:SCSCF,PCSCF,A:MTAS,SCSCF,U:SCSCF,PCSCF,U:PCSCF,SCSCF,U-200:SCSCF,MTAS,U-200:MTAS,SCSCF,U:SCSCF,GTW,U:GTW,SCSCF,U-200:SCSCF,MTAS,U-200:MTAS,SCSCF,U:SCSCF,PCSCF,U:SCSCF,GTW,U:GTW,SCSCF,U-200:SCSCF,MTAS,U-200:PCSCF,SCSCF,U-200:SCSCF,MTAS,U-200:MTAS,SCSCF,U:SCSCF,GTW,U:GTW,SCSCF,U-200:SCSCF,MTAS,U-200:MTAS,SCSCF,U:SCSCF,PCSCF,U:PCSCF,SCSCF,U-200:SCSCF,MTAS,U-200:MTAS,SCSCF,U:SCSCF,GTW,U:GTW,SCSCF,U-200:SCSCF,MTAS,U-200:MTAS,SCSCF,U:SCSCF,PCSCF,U:PCSCF,SCSCF,U-200:SCSCF,MTAS,U-200:MTAS,SCSCF,U:SCSCF,GTW,U:GTW,SCSCF,U-200:SCSCF,MTAS,U-200:MTAS,SCSCF,U:SCSCF,PCSCF,U:PCSCF,SCSCF,U-200:SCSCF,MTAS,U-200:MTAS,SCSCF,U:SCSCF,GTW,U:GTW,SCSCF,U-200:SCSCF,MTAS,U-200:MTAS,SCSCF,U:SCSCF,PCSCF,U:PCSCF,SCSCF,U-200:SCSCF,MTAS,U-200:GTW,SCSCF,B:SCSCF,MTAS,B:MTAS,SCSCF,B:SCSCF,PCSCF,B:PCSCF,SCSCF,B-200:SCSCF,MTAS,B-200:MTAS,SCSCF,B-200:SCSCF,GTW,B-200"
36,36,0,1,0.62566143,"GTW,ICSCF,I:ICSCF,GTW,T:SCSCF,ASLI,I:ASLI,SCSCF,T:ASLI,SCSCF,I-500:SCSCF,ASLI,A:SCSCF,MTAS,I:MTAS,SCSCF,T:MTAS,SCSCF,I:SCSCF,MTAS,T:SCSCF,PCSCF,I:PCSCF,SCSCF,T:PCSCF,SCSCF,R:SCSCF,MTAS,R:MTAS,SCSCF,R:ICSCF,GTW,R:GTW,SCSCF,P:SCSCF,MTAS,P:MTAS,SCSCF,P:SCSCF,PCSCF,P:PCSCF,SCSCF,P-200:SCSCF,MTAS,P-200:MTAS,SCSCF,P-200:SCSCF,GTW,P-200:PCSCF,SCSCF,I-200:SCSCF,MTAS,I-200:MTAS,SCSCF,I-200:ICSCF,GTW,I-200:GTW,SCSCF,A:SCSCF,MTAS,A:MTAS,SCSCF,A:SCSCF,PCSCF,A:PCSCF,SCSCF,I:SCSCF,PCSCF,T:SCSCF,MTAS,I:MTAS,SCSCF,T:MTAS,SCSCF,I:SCSCF,MTAS,T:SCSCF,GTW,I:GTW,SCSCF,T:GTW,SCSCF,I-200:SCSCF,MTAS,I-200:MTAS,SCSCF,I-200:SCSCF,PCSCF,I-200:PCSCF,SCSCF,A:SCSCF,MTAS,A:MTAS,SCSCF,A:SCSCF,GTW,A:PCSCF,SCSCF,B:SCSCF,MTAS,B:MTAS,SCSCF,B-200:SCSCF,PCSCF,B-200:GTW,SCSCF,B:SCSCF,MTAS,B:MTAS,SCSCF,B-200:SCSCF,GTW,B-200"
37,37,0,1,0.6730866,"PCSCF,SCSCF,I:SCSCF,PCSCF,T:SCSCF,ASLI,I:ASLI,SCSCF,T:ASLI,SCSCF,I-500:SCSCF,ASLI,A:MTAS,SCSCF,I:SCSCF,MTAS,T:SCSCF,GTW,I:GTW,SCSCF,T:GTW,SCSCF,R:SCSCF,MTAS,R:SCSCF,PCSCF,R:PCSCF,SCSCF,P:SCSCF,MTAS,P:MTAS,SCSCF,P:SCSCF,GTW,P:GTW,SCSCF,P-200:SCSCF,MTAS,P-200:MTAS,SCSCF,P-200:SCSCF,PCSCF,P-200:GTW,SCSCF,I-200:SCSCF,MTAS,I-200:SCSCF,PCSCF,I-200:PCSCF,SCSCF,A:SCSCF,MTAS,A:MTAS,SCSCF,A:SCSCF,GTW,A:MTAS,SCSCF,U:SCSCF,GTW,U:SCSCF,PCSCF,U:GTW,SCSCF,U-200:SCSCF,MTAS,U-200:PCSCF,SCSCF,U-200:SCSCF,MTAS,U-200:MTAS,SCSCF,U:SCSCF,GTW,U:GTW,SCSCF,U-200:SCSCF,MTAS,U-200:MTAS,SCSCF,U:SCSCF,PCSCF,U:PCSCF,SCSCF,U-200:SCSCF,MTAS,U-200:MTAS,SCSCF,U:SCSCF,GTW,U:GTW,SCSCF,U-200:SCSCF,MTAS,U-200:MTAS,SCSCF,U:SCSCF,PCSCF,U:PCSCF,SCSCF,U-200:SCSCF,MTAS,U-200:MTAS,SCSCF,U:SCSCF,GTW,U:GTW,SCSCF,U-200:SCSCF,MTAS,U-200:MTAS,SCSCF,U:SCSCF,PCSCF,U:PCSCF,SCSCF,U-200:SCSCF,MTAS,U-200:MTAS,SCSCF,U:SCSCF,GTW,U:GTW,SCSCF,U-200:SCSCF,MTAS,U-200:MTAS,SCSCF,U:SCSCF,PCSCF,U:PCSCF,SCSCF,U-200:SCSCF,MTAS,U-200:MTAS,SCSCF,U:SCSCF,GTW,U:GTW,SCSCF,U-200:SCSCF,MTAS,U-200:MTAS,SCSCF,U:SCSCF,PCSCF,U:PCSCF,SCSCF,U-200:SCSCF,MTAS,U-200:MTAS,SCSCF,U:SCSCF,GTW,U:GTW,SCSCF,U-200:SCSCF,MTAS,U-200:MTAS,SCSCF,U:SCSCF,PCSCF,U:PCSCF,SCSCF,U-200:SCSCF,MTAS,U-200:MTAS,SCSCF,U:SCSCF,GTW,U:GTW,SCSCF,U-200:SCSCF,MTAS,U-200:MTAS,SCSCF,U:SCSCF,PCSCF,U:PCSCF,SCSCF,U-200:SCSCF,MTAS,U-200:MTAS,SCSCF,U:SCSCF,GTW,U:GTW,SCSCF,U-200:SCSCF,MTAS,U-200:MTAS,SCSCF,U:SCSCF,PCSCF,U:PCSCF,SCSCF,U-200:SCSCF,MTAS,U-200:MTAS,SCSCF,U:SCSCF,GTW,U:GTW,SCSCF,U-200:SCSCF,MTAS,U-200:MTAS,SCSCF,U:SCSCF,PCSCF,U:PCSCF,SCSCF,U-200:SCSCF,MTAS,U-200:MTAS,SCSCF,U:SCSCF,GTW,U:GTW,SCSCF,U-200:SCSCF,MTAS,U-200:MTAS,SCSCF,U:SCSCF,PCSCF,U:PCSCF,SCSCF,U-200:SCSCF,MTAS,U-200:MTAS,SCSCF,U:SCSCF,GTW,U:GTW,SCSCF,U-200:SCSCF,MTAS,U-200:MTAS,SCSCF,U:SCSCF,PCSCF,U:PCSCF,SCSCF,U-200:SCSCF,MTAS,U-200:PCSCF,SCSCF,B:SCSCF,MTAS,B:MTAS,SCSCF,B:SCSCF,GTW,B:GTW,SCSCF,B-200:SCSCF,MTAS,B-200:MTAS,SCSCF,B-200:SCSCF,PCSCF,B-200"
38,38,0,1,0.1896022,"PCSCF,SCSCF,I:SCSCF,PCSCF,T:SCSCF,PCSCF,I-407:PCSCF,SCSCF,A:PCSCF,SCSCF,I:SCSCF,PCSCF,T:SCSCF,ASLI,I:ASLI,SCSCF,T:ASLI,SCSCF,I-500:SCSCF,ASLI,A:MTAS,SCSCF,I:SCSCF,MTAS,T:SCSCF,GTW,I:GTW,SCSCF,T:GTW,SCSCF,R:SCSCF,MTAS,R:SCSCF,PCSCF,R:PCSCF,SCSCF,P:MTAS,SCSCF,P:GTW,SCSCF,P-200:SCSCF,GTW,P:SCSCF,MTAS,P-200:SCSCF,PCSCF,P-200:GTW,SCSCF,I-200:SCSCF,MTAS,I-200:SCSCF,PCSCF,I-200:PCSCF,SCSCF,A:SCSCF,MTAS,A:MTAS,SCSCF,A:SCSCF,GTW,A:PCSCF,SCSCF,B:MTAS,SCSCF,B:GTW,SCSCF,B-200:SCSCF,MTAS,B-200:SCSCF,GTW,B:SCSCF,PCSCF,B-200"
39,39,0,0,0.9933337,"PCSCF,SCSCF,I:SCSCF,PCSCF,T:SCSCF,ASLI,I:ASLI,SCSCF,T:ASLI,SCSCF,I-500:SCSCF,ASLI,A:MTAS,SCSCF,I:SCSCF,MTAS,T:SCSCF,GTW,I:GTW,SCSCF,T:GTW,SCSCF,R:SCSCF,MTAS,R:SCSCF,PCSCF,R:PCSCF,SCSCF,P:MTAS,SCSCF,P:SCSCF,MTAS,P-200:SCSCF,PCSCF,P-200:SCSCF,GTW,P:GTW,SCSCF,P-200:SCSCF,MTAS,I-200:GTW,SCSCF,I-200:SCSCF,PCSCF,I-200:PCSCF,SCSCF,A:SCSCF,MTAS,A:MTAS,SCSCF,A:SCSCF,GTW,A:PCSCF,SCSCF,B:MTAS,SCSCF,B:SCSCF,GTW,B:GTW,SCSCF,B-200:SCSCF,MTAS,B-200:SCSCF,PCSCF,B-200"
40,40,0,1,0.40776303,"GTW,ICSCF,I:ICSCF,GTW,T:SCSCF,ASLI,I:ASLI,SCSCF,T:ASLI,SCSCF,I-500:SCSCF,ASLI,A:SCSCF,MTAS,I:MTAS,SCSCF,T:MTAS,SCSCF,I:SCSCF,MTAS,T:SCSCF,PCSCF,I:PCSCF,SCSCF,T:PCSCF,SCSCF,R:SCSCF,MTAS,R:MTAS,SCSCF,R:SCSCF,MTAS,P:MTAS,SCSCF,P:ICSCF,GTW,R:GTW,SCSCF,P:SCSCF,PCSCF,P:GTW,SCSCF,P:PCSCF,SCSCF,P-200:SCSCF,MTAS,P-200:MTAS,SCSCF,P-200:SCSCF,GTW,P-200:PCSCF,SCSCF,I-200:SCSCF,MTAS,I-200:MTAS,SCSCF,I-200:ICSCF,GTW,I-200:GTW,SCSCF,A:SCSCF,MTAS,A:MTAS,SCSCF,A:SCSCF,PCSCF,A:GTW,SCSCF,B:SCSCF,MTAS,B:MTAS,SCSCF,B:SCSCF,PCSCF,B:PCSCF,SCSCF,B-200:SCSCF,MTAS,B-200:MTAS,SCSCF,B-200:SCSCF,GTW,B-200:PCSCF,SCSCF,B:SCSCF,PCSCF,B-481"
41,41,0,1,0.69638145,"PCSCF,SCSCF,I:SCSCF,PCSCF,T:SCSCF,ASLI,I:ASLI,SCSCF,T:ASLI,SCSCF,I-500:SCSCF,ASLI,A:MTAS,SCSCF,I:SCSCF,MTAS,T:SCSCF,GTW,I:GTW,SCSCF,T:GTW,SCSCF,R:SCSCF,MTAS,R:SCSCF,PCSCF,R:PCSCF,SCSCF,P:MTAS,SCSCF,P:SCSCF,GTW,P:GTW,SCSCF,P-200:SCSCF,MTAS,P-200:SCSCF,PCSCF,P-200:GTW,SCSCF,S:SCSCF,MTAS,S:SCSCF,PCSCF,S:PCSCF,SCSCF,P:MTAS,SCSCF,P:SCSCF,GTW,P:GTW,SCSCF,P-200:GTW,SCSCF,I-200:SCSCF,MTAS,I-200:SCSCF,MTAS,P-200:SCSCF,PCSCF,P-200:SCSCF,PCSCF,I-200:PCSCF,SCSCF,A:SCSCF,MTAS,A:MTAS,SCSCF,A:SCSCF,GTW,A:GTW,SCSCF,B:MTAS,SCSCF,B:SCSCF,PCSCF,B:PCSCF,SCSCF,B-200:SCSCF,MTAS,B-200:SCSCF,GTW,B-200"
42,42,0,1,0.7994858,"PCSCF,SCSCF,I:SCSCF,PCSCF,T:SCSCF,ASLI,I:ASLI,SCSCF,T:ASLI,SCSCF,I-500:SCSCF,ASLI,A:MTAS,SCSCF,I:SCSCF,MTAS,T:SCSCF,GTW,I:GTW,SCSCF,T:GTW,SCSCF,S:SCSCF,MTAS,S:SCSCF,PCSCF,S:PCSCF,SCSCF,P:SCSCF,MTAS,P:MTAS,SCSCF,P:SCSCF,GTW,P:GTW,SCSCF,P-200:GTW,SCSCF,S:SCSCF,MTAS,P-200:SCSCF,MTAS,S:MTAS,SCSCF,P-200:SCSCF,PCSCF,P-200:SCSCF,PCSCF,S:PCSCF,SCSCF,P:SCSCF,MTAS,P:MTAS,SCSCF,P:SCSCF,GTW,P:GTW,SCSCF,P-200:SCSCF,MTAS,P-200:MTAS,SCSCF,P-200:SCSCF,PCSCF,P-200:GTW,SCSCF,R:SCSCF,MTAS,R:SCSCF,PCSCF,R:PCSCF,SCSCF,P:SCSCF,MTAS,P:MTAS,SCSCF,P:SCSCF,GTW,P:GTW,SCSCF,P-200:SCSCF,MTAS,P-200:MTAS,SCSCF,P-200:SCSCF,PCSCF,P-200:GTW,SCSCF,I-200:SCSCF,MTAS,I-200:SCSCF,PCSCF,I-200:PCSCF,SCSCF,A:SCSCF,MTAS,A:MTAS,SCSCF,A:SCSCF,GTW,A:MTAS,SCSCF,U:SCSCF,GTW,U:GTW,SCSCF,U-200:SCSCF,MTAS,U-200:MTAS,SCSCF,U:SCSCF,PCSCF,U:PCSCF,SCSCF,U-200:SCSCF,MTAS,U-200:MTAS,SCSCF,U:SCSCF,GTW,U:GTW,SCSCF,U-200:SCSCF,MTAS,U-200:MTAS,SCSCF,U:SCSCF,PCSCF,U:PCSCF,SCSCF,U-200:SCSCF,MTAS,U-200:GTW,SCSCF,B:MTAS,SCSCF,B:SCSCF,PCSCF,B:PCSCF,SCSCF,B-200:SCSCF,MTAS,B-200:SCSCF,GTW,B-200"
43,43,0,1,0.4986811,"MTAS,SCSCF,I:SCSCF,MTAS,T:SCSCF,GTW,I:GTW,SCSCF,T:GTW,SCSCF,S:SCSCF,MTAS,S:GTW,SCSCF,S:SCSCF,MTAS,S:MTAS,SCSCF,P:SCSCF,GTW,P:GTW,SCSCF,P-200:SCSCF,MTAS,P-200:GTW,SCSCF,R:SCSCF,MTAS,R:MTAS,SCSCF,P:SCSCF,GTW,P:GTW,SCSCF,P-200:SCSCF,MTAS,P-200:GTW,SCSCF,I-200:SCSCF,MTAS,I-200:MTAS,SCSCF,A:SCSCF,GTW,A:MTAS,SCSCF,B:SCSCF,GTW,B:GTW,SCSCF,B-200:SCSCF,MTAS,B-200"
44,44,0,1,0.32832688,"PCSCF,SCSCF,I:SCSCF,PCSCF,T:SCSCF,PCSCF,I-407:PCSCF,SCSCF,A:PCSCF,SCSCF,I:SCSCF,ASLI,I:ASLI,SCSCF,T:ASLI,SCSCF,I-500:SCSCF,ASLI,A:SCSCF,PCSCF,T:MTAS,SCSCF,I:SCSCF,MTAS,T:SCSCF,ASLI,I:ASLI,SCSCF,T:ASLI,SCSCF,I-500:SCSCF,ASLI,A:SCSCF,MTAS,I:MTAS,SCSCF,T:MTAS,SCSCF,I:SCSCF,MTAS,T:SCSCF,PCSCF,I:PCSCF,SCSCF,T:PCSCF,SCSCF,R:SCSCF,MTAS,R:MTAS,SCSCF,R:SCSCF,MTAS,R:SCSCF,PCSCF,R:PCSCF,SCSCF,P:MTAS,SCSCF,P:SCSCF,MTAS,P:MTAS,SCSCF,P:SCSCF,PCSCF,P:PCSCF,SCSCF,P-200:SCSCF,MTAS,P-200:MTAS,SCSCF,P-200:SCSCF,MTAS,P-200:SCSCF,PCSCF,P-200:PCSCF,SCSCF,I-200:SCSCF,MTAS,I-200:MTAS,SCSCF,I-200:SCSCF,MTAS,I-200:SCSCF,PCSCF,I-200:PCSCF,SCSCF,A:MTAS,SCSCF,A:SCSCF,MTAS,A:MTAS,SCSCF,A:SCSCF,PCSCF,A:PCSCF,SCSCF,B:SCSCF,MTAS,B:MTAS,SCSCF,B:SCSCF,PCSCF,B:PCSCF,SCSCF,B-200:SCSCF,MTAS,B-200:MTAS,SCSCF,B-200:SCSCF,PCSCF,B-200"
45,45,0,1,0.7113213,"PCSCF,SCSCF,I:SCSCF,ASLI,I:ASLI,SCSCF,T:ASLI,SCSCF,I-500:SCSCF,ASLI,A:SCSCF,PCSCF,T:MTAS,SCSCF,I:SCSCF,MTAS,T:SCSCF,ASLI,I:ASLI,SCSCF,T:ASLI,SCSCF,I-500:SCSCF,ASLI,A:SCSCF,MTAS,I:MTAS,SCSCF,T:MTAS,SCSCF,I:SCSCF,MTAS,T:SCSCF,PCSCF,I:PCSCF,SCSCF,T:PCSCF,SCSCF,R:SCSCF,MTAS,R:MTAS,SCSCF,R:SCSCF,MTAS,R:SCSCF,PCSCF,R:PCSCF,SCSCF,P:MTAS,SCSCF,P:SCSCF,MTAS,P:MTAS,SCSCF,P:SCSCF,PCSCF,P:PCSCF,SCSCF,P-200:SCSCF,MTAS,P-200:MTAS,SCSCF,P-200:SCSCF,MTAS,P-200:SCSCF,PCSCF,P-200:PCSCF,SCSCF,I-200:SCSCF,MTAS,I-200:MTAS,SCSCF,I-200:SCSCF,MTAS,I-200:SCSCF,PCSCF,I-200:PCSCF,SCSCF,A:MTAS,SCSCF,A:SCSCF,MTAS,A:MTAS,SCSCF,A:SCSCF,PCSCF,A:PCSCF,SCSCF,B:SCSCF,MTAS,B:MTAS,SCSCF,B:SCSCF,PCSCF,B:PCSCF,SCSCF,B-200:SCSCF,MTAS,B-200:MTAS,SCSCF,B-200:SCSCF,PCSCF,B-200"
46,46,0,1,0.49398965,"PCSCF,SCSCF,I:SCSCF,ASLI,I:ASLI,SCSCF,T:ASLI,SCSCF,I-500:SCSCF,ASLI,A:MTAS,SCSCF,I:SCSCF,MTAS,T:SCSCF,GTW,I:GTW,SCSCF,T:SCSCF,PCSCF,T:GTW,SCSCF,R:SCSCF,MTAS,R:SCSCF,PCSCF,R:PCSCF,SCSCF,P:MTAS,SCSCF,P:SCSCF,GTW,P:GTW,SCSCF,P-200:SCSCF,MTAS,P-200:SCSCF,PCSCF,P-200:GTW,SCSCF,I-486:SCSCF,GTW,A:SCSCF,MTAS,I-486:MTAS,SCSCF,A:SCSCF,PCSCF,I-486:PCSCF,SCSCF,A"
47,47,0,1,0.3717119,"GTW,ICSCF,I:ICSCF,GTW,T:SCSCF,ASLI,I:ASLI,SCSCF,T:ASLI,SCSCF,I-500:SCSCF,ASLI,A:SCSCF,MTAS,I:MTAS,SCSCF,T:MTAS,SCSCF,I:SCSCF,MTAS,T:SCSCF,PCSCF,I:PCSCF,SCSCF,T:PCSCF,SCSCF,R:SCSCF,MTAS,R:MTAS,SCSCF,R:ICSCF,GTW,R:GTW,SCSCF,P:SCSCF,MTAS,P:MTAS,SCSCF,P:SCSCF,PCSCF,P:PCSCF,SCSCF,P-200:SCSCF,MTAS,P-200:MTAS,SCSCF,P-200:SCSCF,GTW,P-200:PCSCF,SCSCF,I-200:SCSCF,MTAS,I-200:MTAS,SCSCF,I-200:ICSCF,GTW,I-200:GTW,SCSCF,A:SCSCF,MTAS,A:MTAS,SCSCF,A:SCSCF,PCSCF,A:PCSCF,SCSCF,I:SCSCF,PCSCF,T:SCSCF,MTAS,I:MTAS,SCSCF,I:SCSCF,MTAS,T:SCSCF,GTW,I:MTAS,SCSCF,T:GTW,SCSCF,T:GTW,SCSCF,I-200:SCSCF,MTAS,I-200:MTAS,SCSCF,I-200:SCSCF,PCSCF,I-200:PCSCF,SCSCF,A:SCSCF,MTAS,A:MTAS,SCSCF,A:SCSCF,GTW,A:PCSCF,SCSCF,I:SCSCF,PCSCF,T:SCSCF,MTAS,I:MTAS,SCSCF,T:MTAS,SCSCF,I:SCSCF,MTAS,T:SCSCF,GTW,I:GTW,SCSCF,T:GTW,SCSCF,I-488:SCSCF,GTW,A:SCSCF,MTAS,I-488:MTAS,SCSCF,A:MTAS,SCSCF,I-488:SCSCF,MTAS,A:SCSCF,PCSCF,I-488:PCSCF,SCSCF,A:PCSCF,SCSCF,I:SCSCF,PCSCF,T:SCSCF,PCSCF,I-407:PCSCF,SCSCF,A:PCSCF,SCSCF,I:SCSCF,MTAS,I:MTAS,SCSCF,T:MTAS,SCSCF,I:SCSCF,MTAS,T:SCSCF,PCSCF,T:SCSCF,GTW,I:GTW,SCSCF,T:GTW,SCSCF,I-200:SCSCF,MTAS,I-200:MTAS,SCSCF,I-200:SCSCF,PCSCF,I-200:PCSCF,SCSCF,A:SCSCF,MTAS,A:MTAS,SCSCF,A:SCSCF,GTW,A:GTW,SCSCF,B:SCSCF,MTAS,B:MTAS,SCSCF,B:SCSCF,PCSCF,B:PCSCF,SCSCF,B-200:SCSCF,MTAS,B-200:MTAS,SCSCF,B-200:SCSCF,GTW,B-200"
48,48,0,1,0.6278995,"GTW,ICSCF,I:ICSCF,GTW,T:SCSCF,ASLI,I:ASLI,SCSCF,T:ASLI,SCSCF,I-500:SCSCF,ASLI,A:SCSCF,MTAS,I:MTAS,SCSCF,I:SCSCF,MTAS,T:MTAS,SCSCF,T:SCSCF,PCSCF,I:PCSCF,SCSCF,T:PCSCF,SCSCF,R:SCSCF,MTAS,R:MTAS,SCSCF,R:ICSCF,GTW,R:GTW,SCSCF,P:SCSCF,MTAS,P:MTAS,SCSCF,P:SCSCF,PCSCF,P:PCSCF,SCSCF,P-200:SCSCF,MTAS,P-200:MTAS,SCSCF,P-200:SCSCF,GTW,P-200:GTW,ICSCF,C:ICSCF,GTW,C-200:SCSCF,MTAS,C:MTAS,SCSCF,C-200:MTAS,SCSCF,C:SCSCF,MTAS,C-200:SCSCF,PCSCF,C:PCSCF,SCSCF,C-200:PCSCF,SCSCF,I-487:SCSCF,PCSCF,A:SCSCF,MTAS,I-487:MTAS,SCSCF,A:MTAS,SCSCF,I-487:SCSCF,MTAS,A:ICSCF,GTW,I-487:GTW,ICSCF,A"
49,49,0,1,0.3236403,"PCSCF,SCSCF,I:SCSCF,PCSCF,T:SCSCF,ASLI,I:ASLI,SCSCF,T:ASLI,SCSCF,I-500:SCSCF,ASLI,A:MTAS,SCSCF,I:SCSCF,MTAS,T:SCSCF,GTW,I:GTW,SCSCF,T:GTW,SCSCF,S:SCSCF,MTAS,S:SCSCF,PCSCF,S:PCSCF,SCSCF,P:MTAS,SCSCF,P:SCSCF,GTW,P:GTW,SCSCF,P-200:SCSCF,MTAS,P-200:SCSCF,PCSCF,P-200:GTW,SCSCF,R:SCSCF,MTAS,R:SCSCF,PCSCF,R:PCSCF,SCSCF,P:MTAS,SCSCF,P:SCSCF,GTW,P:GTW,SCSCF,P-200:SCSCF,MTAS,P-200:SCSCF,PCSCF,P-200:GTW,SCSCF,W:SCSCF,MTAS,W:SCSCF,PCSCF,W:PCSCF,SCSCF,P:MTAS,SCSCF,P:SCSCF,GTW,P:GTW,SCSCF,P-200:SCSCF,MTAS,P-200:SCSCF,PCSCF,P-200:GTW,SCSCF,S:SCSCF,MTAS,S:SCSCF,PCSCF,S:PCSCF,SCSCF,P:MTAS,SCSCF,P:SCSCF,GTW,P:GTW,SCSCF,P-200:SCSCF,MTAS,P-200:SCSCF,PCSCF,P-200:GTW,SCSCF,I-200:SCSCF,MTAS,I-200:SCSCF,PCSCF,I-200:PCSCF,SCSCF,A:SCSCF,MTAS,A:MTAS,SCSCF,A:SCSCF,GTW,A:PCSCF,SCSCF,B:SCSCF,MTAS,B:MTAS,SCSCF,B:SCSCF,GTW,B:GTW,SCSCF,B-200:SCSCF,MTAS,B-200:MTAS,SCSCF,B-200:SCSCF,PCSCF,B-200"
50,50,0,0,0.89943236,"GTW,ICSCF,I:ICSCF,GTW,T:SCSCF,ASLI,I:ASLI,SCSCF,T:ASLI,SCSCF,I-500:SCSCF,ASLI,A:SCSCF,MTAS,I:MTAS,SCSCF,T:MTAS,SCSCF,I:SCSCF,MTAS,T:SCSCF,PCSCF,I:PCSCF,SCSCF,T:PCSCF,SCSCF,R:SCSCF,MTAS,R:MTAS,SCSCF,R:ICSCF,GTW,R:GTW,SCSCF,P:SCSCF,MTAS,P:MTAS,SCSCF,P:SCSCF,PCSCF,P:PCSCF,SCSCF,P-200:SCSCF,MTAS,P-200:MTAS,SCSCF,P-200:SCSCF,GTW,P-200:PCSCF,SCSCF,I-200:SCSCF,MTAS,I-200:MTAS,SCSCF,I-200:ICSCF,GTW,I-200:GTW,SCSCF,A:SCSCF,MTAS,A:MTAS,SCSCF,A:SCSCF,PCSCF,A:MTAS,SCSCF,U:SCSCF,PCSCF,U:SCSCF,GTW,U:GTW,SCSCF,U-200:SCSCF,MTAS,U-200:PCSCF,SCSCF,U-200:SCSCF,MTAS,U-200:MTAS,SCSCF,U:SCSCF,GTW,U:SCSCF,PCSCF,U:GTW,SCSCF,U-200:SCSCF,MTAS,U-200:PCSCF,SCSCF,U-200:SCSCF,MTAS,U-200:GTW,SCSCF,B:SCSCF,MTAS,B:MTAS,SCSCF,B:SCSCF,PCSCF,B:PCSCF,SCSCF,B-200:SCSCF,MTAS,B-200:MTAS,SCSCF,B-200:SCSCF,GTW,B-200"
51,51,0,1,0.52796876,"PCSCF,SCSCF,I:SCSCF,PCSCF,T:SCSCF,ASLI,I:ASLI,SCSCF,T:ASLI,SCSCF,I-500:SCSCF,ASLI,A:MTAS,SCSCF,I:SCSCF,MTAS,T:SCSCF,GTW,I:GTW,SCSCF,T:GTW,SCSCF,S:SCSCF,MTAS,S:SCSCF,PCSCF,S:PCSCF,SCSCF,P:MTAS,SCSCF,P:SCSCF,GTW,P:GTW,SCSCF,P-200:SCSCF,MTAS,P-200:GTW,SCSCF,S:SCSCF,MTAS,S:SCSCF,PCSCF,P-200:SCSCF,PCSCF,S:PCSCF,SCSCF,P:MTAS,SCSCF,P:SCSCF,GTW,P:GTW,SCSCF,P-200:SCSCF,MTAS,P-200:SCSCF,PCSCF,P-200:PCSCF,SCSCF,C:MTAS,SCSCF,C:SCSCF,MTAS,C-200:SCSCF,GTW,C:SCSCF,PCSCF,C-200:GTW,SCSCF,C-200:GTW,SCSCF,I-487:SCSCF,GTW,A:SCSCF,MTAS,I-487:MTAS,SCSCF,A:SCSCF,PCSCF,I-487:PCSCF,SCSCF,A"
52,52,0,0,0.90144724,"PCSCF,SCSCF,I:SCSCF,PCSCF,T:SCSCF,ASLI,I:ASLI,SCSCF,T:ASLI,SCSCF,I-500:SCSCF,ASLI,A:MTAS,SCSCF,I:SCSCF,MTAS,T:SCSCF,GTW,I:GTW,SCSCF,T:GTW,SCSCF,S:SCSCF,MTAS,S:SCSCF,PCSCF,S:PCSCF,SCSCF,P:SCSCF,MTAS,P:MTAS,SCSCF,P:SCSCF,GTW,P:GTW,SCSCF,P-200:SCSCF,MTAS,P-200:MTAS,SCSCF,P-200:SCSCF,PCSCF,P-200:GTW,SCSCF,R:SCSCF,MTAS,R:SCSCF,PCSCF,R:PCSCF,SCSCF,P:SCSCF,MTAS,P:MTAS,SCSCF,P:SCSCF,GTW,P:GTW,SCSCF,P-200:SCSCF,MTAS,P-200:MTAS,SCSCF,P-200:SCSCF,PCSCF,P-200:SCSCF,MTAS,I-200:GTW,SCSCF,I-200:SCSCF,PCSCF,I-200:PCSCF,SCSCF,A:SCSCF,MTAS,A:MTAS,SCSCF,A:SCSCF,GTW,A:PCSCF,SCSCF,B:SCSCF,MTAS,B:MTAS,SCSCF,B:SCSCF,GTW,B:GTW,SCSCF,B-200:SCSCF,MTAS,B-200:MTAS,SCSCF,B-200:SCSCF,PCSCF,B-200"
53,53,0,1,0.81161726,"GTW,ICSCF,I:ICSCF,GTW,T:SCSCF,ASLI,I:ASLI,SCSCF,T:ASLI,SCSCF,I-500:SCSCF,ASLI,A:SCSCF,MTAS,I:MTAS,SCSCF,T:MTAS,SCSCF,I:SCSCF,MTAS,T:SCSCF,PCSCF,I:PCSCF,SCSCF,T:PCSCF,SCSCF,R:SCSCF,MTAS,R:MTAS,SCSCF,R:ICSCF,GTW,R:GTW,SCSCF,P:SCSCF,MTAS,P:MTAS,SCSCF,P:SCSCF,PCSCF,P:PCSCF,SCSCF,P-200:SCSCF,MTAS,P-200:MTAS,SCSCF,P-200:SCSCF,GTW,P-200:PCSCF,SCSCF,I-200:SCSCF,MTAS,I-200:MTAS,SCSCF,I-200:ICSCF,GTW,I-200:GTW,SCSCF,A:SCSCF,MTAS,A:MTAS,SCSCF,A:SCSCF,PCSCF,A:MTAS,SCSCF,U:SCSCF,PCSCF,U:PCSCF,SCSCF,U-200:SCSCF,MTAS,U-200:MTAS,SCSCF,U:SCSCF,GTW,U:GTW,SCSCF,U-200:SCSCF,MTAS,U-200:MTAS,SCSCF,U:SCSCF,PCSCF,U:SCSCF,GTW,U:GTW,SCSCF,U-200:SCSCF,MTAS,U-200:PCSCF,SCSCF,U-200:SCSCF,MTAS,U-200:GTW,SCSCF,B:SCSCF,MTAS,B:MTAS,SCSCF,B:SCSCF,PCSCF,B:PCSCF,SCSCF,B-200:SCSCF,MTAS,B-200:MTAS,SCSCF,B-200:SCSCF,GTW,B-200"
54,54,0,1,0.400966,"GTW,ICSCF,I:ICSCF,GTW,T:SCSCF,ASLI,I:ASLI,SCSCF,T:ASLI,SCSCF,I-500:SCSCF,ASLI,A:SCSCF,MTAS,I:MTAS,SCSCF,T:MTAS,SCSCF,I:SCSCF,MTAS,T:SCSCF,PCSCF,I:PCSCF,SCSCF,T:PCSCF,SCSCF,R:SCSCF,MTAS,R:MTAS,SCSCF,R:ICSCF,GTW,R:SCSCF,MTAS,P:MTAS,SCSCF,P:GTW,SCSCF,P:SCSCF,PCSCF,P:PCSCF,SCSCF,P-200:SCSCF,MTAS,P-200:MTAS,SCSCF,P-200:SCSCF,GTW,P-200:GTW,ICSCF,C:ICSCF,GTW,C-200:SCSCF,MTAS,C:MTAS,SCSCF,C-200:MTAS,SCSCF,C:SCSCF,MTAS,C-200:SCSCF,PCSCF,C:PCSCF,SCSCF,C-200:SCSCF,MTAS,I-487:MTAS,SCSCF,A:PCSCF,SCSCF,I-487:SCSCF,PCSCF,A:MTAS,SCSCF,I-487:SCSCF,MTAS,A:ICSCF,GTW,I-487:GTW,ICSCF,A"
55,55,0,0,0.9960322,"GTW,ICSCF,I:ICSCF,GTW,T:SCSCF,ASLI,I:ASLI,SCSCF,T:ASLI,SCSCF,I-500:SCSCF,ASLI,A:SCSCF,MTAS,I:MTAS,SCSCF,T:MTAS,SCSCF,I:SCSCF,MTAS,T:SCSCF,PCSCF,I:PCSCF,SCSCF,T:PCSCF,SCSCF,R:SCSCF,MTAS,R:MTAS,SCSCF,R:ICSCF,GTW,R:GTW,SCSCF,P:SCSCF,MTAS,P:MTAS,SCSCF,P:SCSCF,PCSCF,P:SCSCF,MTAS,P-200:PCSCF,SCSCF,P-200:MTAS,SCSCF,P-200:SCSCF,GTW,P-200:PCSCF,SCSCF,I-200:SCSCF,MTAS,I-200:MTAS,SCSCF,I-200:ICSCF,GTW,I-200:GTW,SCSCF,A:SCSCF,MTAS,A:MTAS,SCSCF,A:SCSCF,PCSCF,A:GTW,SCSCF,B:SCSCF,MTAS,B:MTAS,SCSCF,B:SCSCF,PCSCF,B:PCSCF,SCSCF,B-200:SCSCF,MTAS,B-200:MTAS,SCSCF,B-200:SCSCF,GTW,B-200"
56,56,0,0,0.96143633,"GTW,ICSCF,I:ICSCF,GTW,T:SCSCF,ASLI,I:ASLI,SCSCF,T:ASLI,SCSCF,I-500:SCSCF,ASLI,A:SCSCF,MTAS,I:MTAS,SCSCF,T:MTAS,SCSCF,I:SCSCF,MTAS,T:SCSCF,PCSCF,I:PCSCF,SCSCF,T:SCSCF,MTAS,R:MTAS,SCSCF,R:ICSCF,GTW,R:PCSCF,SCSCF,R:GTW,SCSCF,P:SCSCF,MTAS,P:MTAS,SCSCF,P:SCSCF,PCSCF,P:PCSCF,SCSCF,P-200:SCSCF,MTAS,P-200:MTAS,SCSCF,P-200:SCSCF,GTW,P-200:GTW,ICSCF,C:ICSCF,GTW,C-200:SCSCF,MTAS,C:MTAS,SCSCF,C-200:MTAS,SCSCF,C:SCSCF,MTAS,C-200:SCSCF,PCSCF,C:PCSCF,SCSCF,C-200:SCSCF,MTAS,I-487:PCSCF,SCSCF,I-487:SCSCF,PCSCF,A:MTAS,SCSCF,A:MTAS,SCSCF,I-487:SCSCF,MTAS,A:ICSCF,GTW,I-487:GTW,ICSCF,A"
57,57,0,0,0.986548,"PCSCF,SCSCF,I:SCSCF,PCSCF,T:SCSCF,PCSCF,I-407:PCSCF,SCSCF,A:PCSCF,SCSCF,I:SCSCF,PCSCF,T:SCSCF,ASLI,I:ASLI,SCSCF,T:ASLI,SCSCF,I-500:SCSCF,ASLI,A:MTAS,SCSCF,I:SCSCF,MTAS,T:SCSCF,GTW,I:GTW,SCSCF,T:GTW,SCSCF,I-404:SCSCF,GTW,A:SCSCF,MTAS,I-404:MTAS,SCSCF,A:SCSCF,PCSCF,S:PCSCF,SCSCF,P:SCSCF,PCSCF,P-200:SCSCF,PCSCF,I-404:PCSCF,SCSCF,A"
58,58,0,1,0.11949241,"PCSCF,SCSCF,I:SCSCF,PCSCF,T:SCSCF,PCSCF,I-407:PCSCF,SCSCF,A:PCSCF,SCSCF,I:SCSCF,ASLI,I:ASLI,SCSCF,T:SCSCF,PCSCF,T:ASLI,SCSCF,I-500:SCSCF,ASLI,A:MTAS,SCSCF,I:SCSCF,MTAS,T:SCSCF,GTW,I:GTW,SCSCF,T:GTW,SCSCF,R:SCSCF,MTAS,R:SCSCF,PCSCF,R:PCSCF,SCSCF,P:MTAS,SCSCF,P:SCSCF,GTW,P:GTW,SCSCF,P-200:SCSCF,MTAS,P-200:SCSCF,PCSCF,P-200:GTW,SCSCF,I-200:SCSCF,MTAS,I-200:SCSCF,PCSCF,I-200:PCSCF,SCSCF,A:SCSCF,MTAS,A:MTAS,SCSCF,A:SCSCF,GTW,A:MTAS,SCSCF,U:SCSCF,GTW,U:SCSCF,PCSCF,U:GTW,SCSCF,U-200:SCSCF,MTAS,U-200:PCSCF,SCSCF,U-200:SCSCF,MTAS,U-200:PCSCF,SCSCF,B:MTAS,SCSCF,B:SCSCF,GTW,B:GTW,SCSCF,B-200:SCSCF,MTAS,B-200:SCSCF,PCSCF,B-200"
59,59,0,1,0.4999616,"GTW,ICSCF,I:ICSCF,GTW,T:SCSCF,ASLI,I:ASLI,SCSCF,T:ASLI,SCSCF,I-500:SCSCF,ASLI,A:SCSCF,MTAS,I:MTAS,SCSCF,T:MTAS,SCSCF,I:SCSCF,MTAS,T:SCSCF,PCSCF,I:PCSCF,SCSCF,T:PCSCF,SCSCF,R:SCSCF,MTAS,R:MTAS,SCSCF,R:ICSCF,GTW,R:GTW,SCSCF,P:SCSCF,MTAS,P:MTAS,SCSCF,P:SCSCF,PCSCF,P:PCSCF,SCSCF,P-200:SCSCF,MTAS,P-200:MTAS,SCSCF,P-200:SCSCF,GTW,P-200:PCSCF,SCSCF,I-200:SCSCF,MTAS,I-200:MTAS,SCSCF,I-200:ICSCF,GTW,I-200:GTW,SCSCF,A:SCSCF,MTAS,A:MTAS,SCSCF,A:SCSCF,PCSCF,A:MTAS,SCSCF,U:SCSCF,PCSCF,U:SCSCF,GTW,U:GTW,SCSCF,U-200:SCSCF,MTAS,U-200:PCSCF,SCSCF,U-200:SCSCF,MTAS,U-200:GTW,SCSCF,B:SCSCF,MTAS,B:PCSCF,SCSCF,B:SCSCF,MTAS,B:MTAS,SCSCF,B:MTAS,SCSCF,B-200:SCSCF,PCSCF,B:SCSCF,PCSCF,B-200:PCSCF,SCSCF,B-200:SCSCF,MTAS,B-200:MTAS,SCSCF,B-200:SCSCF,GTW,B-200"
60,60,0,1,0.8176842,"PCSCF,SCSCF,I:SCSCF,PCSCF,T:SCSCF,ASLI,I:ASLI,SCSCF,T:ASLI,SCSCF,I-500:SCSCF,ASLI,A:MTAS,SCSCF,I:SCSCF,MTAS,T:SCSCF,GTW,I:GTW,SCSCF,T:GTW,SCSCF,R:SCSCF,MTAS,R:SCSCF,PCSCF,R:PCSCF,SCSCF,P:SCSCF,MTAS,P:MTAS,SCSCF,P:SCSCF,GTW,P:GTW,SCSCF,P-200:SCSCF,MTAS,P-200:MTAS,SCSCF,P-200:SCSCF,PCSCF,P-200:PCSCF,SCSCF,C:MTAS,SCSCF,C:SCSCF,MTAS,C-200:SCSCF,PCSCF,C-200:SCSCF,GTW,C:GTW,SCSCF,C-200:GTW,SCSCF,I-487:SCSCF,GTW,A:SCSCF,MTAS,I-487:MTAS,SCSCF,A:SCSCF,PCSCF,I-487:PCSCF,SCSCF,A"
61,61,0,1,0.83841485,"PCSCF,SCSCF,I:SCSCF,PCSCF,T:SCSCF,ASLI,I:ASLI,SCSCF,T:ASLI,SCSCF,I-500:SCSCF,ASLI,A:MTAS,SCSCF,I:SCSCF,MTAS,T:SCSCF,GTW,I:GTW,SCSCF,T:GTW,SCSCF,S:SCSCF,MTAS,S:SCSCF,PCSCF,S:PCSCF,SCSCF,P:SCSCF,MTAS,P:MTAS,SCSCF,P:SCSCF,GTW,P:GTW,SCSCF,P-200:GTW,SCSCF,S:SCSCF,MTAS,P-200:SCSCF,MTAS,S:MTAS,SCSCF,P-200:SCSCF,PCSCF,P-200:SCSCF,PCSCF,S:PCSCF,SCSCF,P:SCSCF,MTAS,P:MTAS,SCSCF,P:SCSCF,GTW,P:GTW,SCSCF,P-200:SCSCF,MTAS,P-200:MTAS,SCSCF,P-200:SCSCF,PCSCF,P-200:GTW,SCSCF,R:SCSCF,MTAS,R:SCSCF,PCSCF,R:PCSCF,SCSCF,P:SCSCF,MTAS,P:MTAS,SCSCF,P:SCSCF,GTW,P:GTW,SCSCF,P-200:SCSCF,MTAS,P-200:MTAS,SCSCF,P-200:SCSCF,PCSCF,P-200:GTW,SCSCF,I-200:SCSCF,MTAS,I-200:SCSCF,PCSCF,I-200:PCSCF,SCSCF,A:SCSCF,MTAS,A:MTAS,SCSCF,A:SCSCF,GTW,A:PCSCF,SCSCF,B:SCSCF,MTAS,B:MTAS,SCSCF,B:SCSCF,GTW,B:GTW,SCSCF,B-200:SCSCF,MTAS,B-200:MTAS,SCSCF,B-200:SCSCF,PCSCF,B-200"
62,62,0,0,0.999491,"PCSCF,SCSCF,I:SCSCF,PCSCF,T:SCSCF,ASLI,I:ASLI,SCSCF,T:ASLI,SCSCF,I-500:SCSCF,ASLI,A:MTAS,SCSCF,I:SCSCF,MTAS,T:SCSCF,GTW,I:GTW,SCSCF,T:GTW,SCSCF,I-200:SCSCF,PCSCF,I-200:SCSCF,MTAS,I-200:PCSCF,SCSCF,A:SCSCF,MTAS,A:MTAS,SCSCF,A:SCSCF,GTW,A:GTW,SCSCF,B:MTAS,SCSCF,B:SCSCF,PCSCF,B:PCSCF,SCSCF,B-200:SCSCF,MTAS,B-200:SCSCF,GTW,B-200"
63,63,0,0,0.94595724,"GTW,ICSCF,I:ICSCF,GTW,T:SCSCF,ASLI,I:ASLI,SCSCF,T:ASLI,SCSCF,I-500:SCSCF,ASLI,A:SCSCF,MTAS,I:MTAS,SCSCF,T:MTAS,SCSCF,I:SCSCF,MTAS,T:SCSCF,PCSCF,I:PCSCF,SCSCF,T:PCSCF,SCSCF,R:SCSCF,MTAS,R:MTAS,SCSCF,R:ICSCF,GTW,R:GTW,SCSCF,P:SCSCF,MTAS,P:MTAS,SCSCF,P:SCSCF,PCSCF,P:PCSCF,SCSCF,P-200:SCSCF,MTAS,P-200:MTAS,SCSCF,P-200:SCSCF,GTW,P-200:PCSCF,SCSCF,I-200:MTAS,SCSCF,I-200:ICSCF,GTW,I-200:SCSCF,MTAS,I-200:GTW,SCSCF,A:SCSCF,MTAS,A:MTAS,SCSCF,A:SCSCF,PCSCF,A:MTAS,SCSCF,U:SCSCF,GTW,U:GTW,SCSCF,U-200:SCSCF,MTAS,U-200:SCSCF,PCSCF,U:PCSCF,SCSCF,U-200:SCSCF,MTAS,U-200:PCSCF,SCSCF,B:SCSCF,MTAS,B:MTAS,SCSCF,B:SCSCF,GTW,B:GTW,SCSCF,B-200:SCSCF,MTAS,B-200:MTAS,SCSCF,B-200:SCSCF,PCSCF,B-200"
64,64,0,0,0.96693456,"GTW,ICSCF,I:ICSCF,GTW,T:SCSCF,ASLI,I:ASLI,SCSCF,T:ASLI,SCSCF,I-500:SCSCF,ASLI,A:SCSCF,MTAS,I:MTAS,SCSCF,I:SCSCF,MTAS,T:SCSCF,PCSCF,I:MTAS,SCSCF,T:PCSCF,SCSCF,T:PCSCF,SCSCF,R:SCSCF,MTAS,R:MTAS,SCSCF,R:ICSCF,GTW,R:GTW,SCSCF,P:SCSCF,MTAS,P:MTAS,SCSCF,P:SCSCF,PCSCF,P:SCSCF,MTAS,P-200:PCSCF,SCSCF,P-200:MTAS,SCSCF,P-200:SCSCF,GTW,P-200:GTW,ICSCF,C:ICSCF,GTW,C-200:SCSCF,MTAS,C:MTAS,SCSCF,C-200:MTAS,SCSCF,C:SCSCF,MTAS,C-200:SCSCF,PCSCF,C:PCSCF,SCSCF,C-200:PCSCF,SCSCF,I-487:SCSCF,PCSCF,A:SCSCF,MTAS,I-487:MTAS,SCSCF,A:MTAS,SCSCF,I-487:SCSCF,MTAS,A:ICSCF,GTW,I-487:GTW,ICSCF,A"
65,65,0,1,0.67047364,"PCSCF,SCSCF,I:SCSCF,PCSCF,T:SCSCF,PCSCF,I-407:PCSCF,SCSCF,A:PCSCF,SCSCF,I:SCSCF,ASLI,I:SCSCF,PCSCF,T:ASLI,SCSCF,T:ASLI,SCSCF,I-500:SCSCF,ASLI,A:MTAS,SCSCF,I:SCSCF,MTAS,T:SCSCF,GTW,I:GTW,SCSCF,T:GTW,SCSCF,R:SCSCF,MTAS,R:SCSCF,PCSCF,R:PCSCF,SCSCF,P:MTAS,SCSCF,P:SCSCF,GTW,P:GTW,SCSCF,P-200:SCSCF,MTAS,P-200:SCSCF,PCSCF,P-200:GTW,SCSCF,I-200:SCSCF,MTAS,I-200:SCSCF,PCSCF,I-200:PCSCF,SCSCF,A:SCSCF,MTAS,A:MTAS,SCSCF,A:SCSCF,GTW,A:MTAS,SCSCF,U:SCSCF,GTW,U:GTW,SCSCF,U-200:SCSCF,MTAS,U-200:MTAS,SCSCF,U:SCSCF,PCSCF,U:PCSCF,SCSCF,U-200:SCSCF,MTAS,U-200:MTAS,SCSCF,U:SCSCF,GTW,U:GTW,SCSCF,U-200:SCSCF,MTAS,U-200:MTAS,SCSCF,U:SCSCF,PCSCF,U:PCSCF,SCSCF,U-200:SCSCF,MTAS,U-200:PCSCF,SCSCF,B:MTAS,SCSCF,B:SCSCF,GTW,B:GTW,SCSCF,B-200:SCSCF,MTAS,B-200:SCSCF,PCSCF,B-200"
66,66,0,1,0.5746313,"PCSCF,SCSCF,I:SCSCF,PCSCF,T:SCSCF,PCSCF,I-407:PCSCF,SCSCF,A:PCSCF,SCSCF,I:SCSCF,PCSCF,T:SCSCF,ASLI,I:ASLI,SCSCF,T:ASLI,SCSCF,I-500:SCSCF,ASLI,A:MTAS,SCSCF,I:SCSCF,MTAS,T:SCSCF,GTW,I:GTW,SCSCF,T:GTW,SCSCF,S:SCSCF,MTAS,S:SCSCF,PCSCF,S:PCSCF,SCSCF,P:MTAS,SCSCF,P:SCSCF,GTW,P:GTW,SCSCF,P-200:SCSCF,MTAS,P-200:SCSCF,PCSCF,P-200:GTW,SCSCF,R:SCSCF,MTAS,R:SCSCF,PCSCF,R:PCSCF,SCSCF,P:MTAS,SCSCF,P:SCSCF,GTW,P:GTW,SCSCF,P-200:SCSCF,MTAS,P-200:SCSCF,PCSCF,P-200:GTW,SCSCF,I-200:SCSCF,MTAS,I-200:SCSCF,PCSCF,I-200:PCSCF,SCSCF,A:SCSCF,MTAS,A:MTAS,SCSCF,A:SCSCF,GTW,A:MTAS,SCSCF,U:SCSCF,GTW,U:GTW,SCSCF,U-200:SCSCF,MTAS,U-200:MTAS,SCSCF,U:SCSCF,PCSCF,U:PCSCF,SCSCF,U-200:SCSCF,MTAS,U-200:MTAS,SCSCF,U:SCSCF,GTW,U:GTW,SCSCF,U-200:SCSCF,MTAS,U-200:MTAS,SCSCF,U:SCSCF,PCSCF,U:PCSCF,SCSCF,U-200:SCSCF,MTAS,U-200:PCSCF,SCSCF,B:MTAS,SCSCF,B:SCSCF,GTW,B:GTW,SCSCF,B-200:SCSCF,MTAS,B-200:SCSCF,PCSCF,B-200"
67,67,0,1,0.55951285,"PCSCF,SCSCF,I:SCSCF,PCSCF,T:SCSCF,ASLI,I:ASLI,SCSCF,T:ASLI,SCSCF,I-500:SCSCF,ASLI,A:MTAS,SCSCF,I:SCSCF,MTAS,T:SCSCF,GTW,I:GTW,SCSCF,T:GTW,SCSCF,S:SCSCF,MTAS,S:SCSCF,PCSCF,S:PCSCF,SCSCF,P:MTAS,SCSCF,P:SCSCF,GTW,P:GTW,SCSCF,P-200:GTW,SCSCF,S:SCSCF,MTAS,S:SCSCF,MTAS,P-200:SCSCF,PCSCF,P-200:SCSCF,PCSCF,S:PCSCF,SCSCF,P:MTAS,SCSCF,P:GTW,SCSCF,P-200:SCSCF,GTW,P:SCSCF,MTAS,P-200:SCSCF,PCSCF,P-200:GTW,SCSCF,R:SCSCF,MTAS,R:SCSCF,PCSCF,R:PCSCF,SCSCF,P:MTAS,SCSCF,P:SCSCF,GTW,P:GTW,SCSCF,P-200:SCSCF,MTAS,P-200:SCSCF,PCSCF,P-200:GTW,SCSCF,I-200:SCSCF,MTAS,I-200:SCSCF,PCSCF,I-200:PCSCF,SCSCF,A:SCSCF,MTAS,A:MTAS,SCSCF,A:SCSCF,GTW,A:PCSCF,SCSCF,B:SCSCF,MTAS,B:MTAS,SCSCF,B:SCSCF,GTW,B:GTW,SCSCF,B-200:SCSCF,MTAS,B-200:MTAS,SCSCF,B-200:SCSCF,PCSCF,B-200"
68,68,0,1,0.2297015,"PCSCF,SCSCF,I:SCSCF,PCSCF,T:SCSCF,PCSCF,I-407:PCSCF,SCSCF,A:PCSCF,SCSCF,I:SCSCF,ASLI,I:ASLI,SCSCF,T:ASLI,SCSCF,I-500:SCSCF,ASLI,A:SCSCF,PCSCF,T:MTAS,SCSCF,I:SCSCF,MTAS,T:SCSCF,GTW,I:GTW,SCSCF,T:GTW,SCSCF,S:SCSCF,MTAS,S:SCSCF,PCSCF,S:PCSCF,SCSCF,P:MTAS,SCSCF,P:SCSCF,GTW,P:GTW,SCSCF,P-200:GTW,SCSCF,S:SCSCF,MTAS,S:SCSCF,MTAS,P-200:SCSCF,PCSCF,P-200:SCSCF,PCSCF,S:PCSCF,SCSCF,P:MTAS,SCSCF,P:SCSCF,GTW,P:GTW,SCSCF,P-200:GTW,SCSCF,R:SCSCF,MTAS,R:SCSCF,MTAS,P-200:SCSCF,PCSCF,P-200:SCSCF,PCSCF,R:PCSCF,SCSCF,P:MTAS,SCSCF,P:SCSCF,GTW,P:GTW,SCSCF,P-200:SCSCF,MTAS,P-200:SCSCF,PCSCF,P-200:PCSCF,SCSCF,C:SCSCF,PCSCF,C-200:MTAS,SCSCF,C:SCSCF,MTAS,C-200:SCSCF,GTW,C:GTW,SCSCF,C-200:GTW,SCSCF,I-487:SCSCF,GTW,A:SCSCF,MTAS,I-487:MTAS,SCSCF,A:SCSCF,PCSCF,I-487:PCSCF,SCSCF,A"
69,69,0,1,0.62649906,"PCSCF,SCSCF,I:SCSCF,PCSCF,T:SCSCF,PCSCF,I-407:PCSCF,SCSCF,A:PCSCF,SCSCF,I:SCSCF,ASLI,I:ASLI,SCSCF,T:SCSCF,PCSCF,T:ASLI,SCSCF,I-500:SCSCF,ASLI,A:MTAS,SCSCF,I:SCSCF,MTAS,T:SCSCF,GTW,I:GTW,SCSCF,T:GTW,SCSCF,R:SCSCF,MTAS,R:SCSCF,PCSCF,R:PCSCF,SCSCF,P:MTAS,SCSCF,P:SCSCF,GTW,P:GTW,SCSCF,P-200:SCSCF,MTAS,P-200:SCSCF,PCSCF,P-200:GTW,SCSCF,I-200:SCSCF,MTAS,I-200:SCSCF,PCSCF,I-200:PCSCF,SCSCF,A:SCSCF,MTAS,A:MTAS,SCSCF,A:SCSCF,GTW,A:MTAS,SCSCF,U:SCSCF,GTW,U:SCSCF,PCSCF,U:GTW,SCSCF,U-200:SCSCF,MTAS,U-200:PCSCF,SCSCF,U-200:SCSCF,MTAS,U-200:MTAS,SCSCF,U:SCSCF,GTW,U:SCSCF,PCSCF,U:GTW,SCSCF,U-200:SCSCF,MTAS,U-200:PCSCF,SCSCF,U-200:SCSCF,MTAS,U-200:PCSCF,SCSCF,B:MTAS,SCSCF,B:SCSCF,GTW,B:GTW,SCSCF,B-200:SCSCF,MTAS,B-200:SCSCF,PCSCF,B-200"
70,70,0,1,0.36243784,"PCSCF,SCSCF,I:SCSCF,PCSCF,T:SCSCF,PCSCF,I-407:PCSCF,SCSCF,A:PCSCF,SCSCF,I:SCSCF,PCSCF,T:SCSCF,ASLI,I:ASLI,SCSCF,T:ASLI,SCSCF,I-500:SCSCF,ASLI,A:MTAS,SCSCF,I:SCSCF,MTAS,T:SCSCF,ASLI,I:ASLI,SCSCF,T:ASLI,SCSCF,I-500:SCSCF,ASLI,A:SCSCF,MTAS,I:MTAS,SCSCF,T:MTAS,SCSCF,I:SCSCF,MTAS,T:SCSCF,PCSCF,I:PCSCF,SCSCF,T:PCSCF,SCSCF,C:MTAS,SCSCF,C:SCSCF,MTAS,C-200:SCSCF,MTAS,C:MTAS,SCSCF,C-200:MTAS,SCSCF,C:MTAS,SCSCF,I-487:SCSCF,MTAS,A:SCSCF,MTAS,C-200:SCSCF,PCSCF,C:SCSCF,MTAS,I-487:MTAS,SCSCF,A:PCSCF,SCSCF,C-200:SCSCF,PCSCF,C-200:SCSCF,PCSCF,I-487:PCSCF,SCSCF,A:PCSCF,SCSCF,I-408:SCSCF,PCSCF,A:SCSCF,MTAS,I-408:MTAS,SCSCF,A"
71,71,0,0,0.9960322,"GTW,ICSCF,I:ICSCF,GTW,T:SCSCF,ASLI,I:ASLI,SCSCF,T:ASLI,SCSCF,I-500:SCSCF,ASLI,A:SCSCF,MTAS,I:MTAS,SCSCF,T:MTAS,SCSCF,I:SCSCF,MTAS,T:SCSCF,PCSCF,I:PCSCF,SCSCF,T:SCSCF,MTAS,R:PCSCF,SCSCF,R:MTAS,SCSCF,R:ICSCF,GTW,R:GTW,SCSCF,P:SCSCF,MTAS,P:MTAS,SCSCF,P:SCSCF,PCSCF,P:PCSCF,SCSCF,P-200:SCSCF,MTAS,P-200:MTAS,SCSCF,P-200:SCSCF,GTW,P-200:PCSCF,SCSCF,I-200:SCSCF,MTAS,I-200:MTAS,SCSCF,I-200:ICSCF,GTW,I-200:GTW,SCSCF,A:SCSCF,MTAS,A:MTAS,SCSCF,A:SCSCF,PCSCF,A:PCSCF,SCSCF,B:SCSCF,MTAS,B:MTAS,SCSCF,B:SCSCF,GTW,B:GTW,SCSCF,B-200:SCSCF,MTAS,B-200:MTAS,SCSCF,B-200:SCSCF,PCSCF,B-200"
72,72,0,0,0.999491,"PCSCF,SCSCF,I:SCSCF,PCSCF,T:SCSCF,ASLI,I:ASLI,SCSCF,T:ASLI,SCSCF,I-500:SCSCF,ASLI,A:MTAS,SCSCF,I:SCSCF,MTAS,T:SCSCF,GTW,I:GTW,SCSCF,T:SCSCF,MTAS,I-200:GTW,SCSCF,I-200:SCSCF,PCSCF,I-200:PCSCF,SCSCF,A:SCSCF,MTAS,A:MTAS,SCSCF,A:SCSCF,GTW,A:PCSCF,SCSCF,B:MTAS,SCSCF,B:SCSCF,GTW,B:GTW,SCSCF,B-200:SCSCF,MTAS,B-200:SCSCF,PCSCF,B-200"
73,73,0,1,0.42644855,"GTW,ICSCF,I:ICSCF,GTW,T:SCSCF,ASLI,I:ASLI,SCSCF,T:ASLI,SCSCF,I-500:SCSCF,ASLI,A:SCSCF,MTAS,I:MTAS,SCSCF,T:MTAS,SCSCF,I:SCSCF,MTAS,T:SCSCF,PCSCF,I:PCSCF,SCSCF,T:PCSCF,SCSCF,R:SCSCF,MTAS,R:MTAS,SCSCF,R:ICSCF,GTW,R:GTW,SCSCF,P:SCSCF,MTAS,P:MTAS,SCSCF,P:SCSCF,PCSCF,P:PCSCF,SCSCF,P-200:SCSCF,MTAS,P-200:MTAS,SCSCF,P-200:SCSCF,GTW,P-200:PCSCF,SCSCF,I-200:SCSCF,MTAS,I-200:MTAS,SCSCF,I-200:ICSCF,GTW,I-200:GTW,SCSCF,A:SCSCF,MTAS,A:MTAS,SCSCF,A:SCSCF,PCSCF,A:MTAS,SCSCF,U:SCSCF,GTW,U:GTW,SCSCF,U-200:SCSCF,MTAS,U-200:SCSCF,PCSCF,U:SCSCF,MTAS,U-200:PCSCF,SCSCF,U-200:MTAS,SCSCF,U:SCSCF,GTW,U:SCSCF,PCSCF,U:GTW,SCSCF,U-200:SCSCF,MTAS,U-200:PCSCF,SCSCF,U-200:SCSCF,MTAS,U-200:MTAS,SCSCF,U:SCSCF,GTW,U:GTW,SCSCF,U-200:SCSCF,MTAS,U-200:MTAS,SCSCF,U:SCSCF,PCSCF,U:PCSCF,SCSCF,U-200:SCSCF,MTAS,U-200:PCSCF,SCSCF,B:SCSCF,MTAS,B:MTAS,SCSCF,B:SCSCF,GTW,B:GTW,SCSCF,B-200:SCSCF,MTAS,B-200:MTAS,SCSCF,B-200:SCSCF,PCSCF,B-200"
74,74,0,0,0.991995,"PCSCF,SCSCF,I:SCSCF,PCSCF,T:SCSCF,PCSCF,I-407:PCSCF,SCSCF,A:PCSCF,SCSCF,I:SCSCF,PCSCF,T:SCSCF,ASLI,I:ASLI,SCSCF,T:ASLI,SCSCF,I-500:MTAS,SCSCF,I:SCSCF,MTAS,T:SCSCF,ASLI,A:SCSCF,GTW,I:GTW,SCSCF,T:GTW,SCSCF,I-480:SCSCF,GTW,A:SCSCF,MTAS,I-480:MTAS,SCSCF,A:SCSCF,PCSCF,I-480:PCSCF,SCSCF,A"
75,75,0,1,0.22157814,"GTW,ICSCF,I:ICSCF,GTW,T:SCSCF,ASLI,I:ASLI,SCSCF,T:ASLI,SCSCF,I-500:SCSCF,ASLI,A:SCSCF,MTAS,I:MTAS,SCSCF,T:MTAS,SCSCF,I:SCSCF,MTAS,T:SCSCF,GTW,I:GTW,SCSCF,T:MTAS,SCSCF,W:ICSCF,GTW,W:GTW,SCSCF,I-200:SCSCF,MTAS,I-200:MTAS,SCSCF,I-200:ICSCF,GTW,I-200:GTW,SCSCF,A:SCSCF,MTAS,A:MTAS,SCSCF,A:SCSCF,GTW,A:GTW,SCSCF,B:SCSCF,MTAS,B:MTAS,SCSCF,B:SCSCF,GTW,B:GTW,SCSCF,B-200:SCSCF,MTAS,B-200:MTAS,SCSCF,B-200:SCSCF,GTW,B-200"
76,76,0,1,0.65210706,"PCSCF,SCSCF,I:SCSCF,PCSCF,T:SCSCF,PCSCF,I-407:PCSCF,SCSCF,A:PCSCF,SCSCF,I:SCSCF,ASLI,I:SCSCF,PCSCF,T:ASLI,SCSCF,T:ASLI,SCSCF,I-500:SCSCF,ASLI,A:MTAS,SCSCF,I:SCSCF,MTAS,T:SCSCF,GTW,I:GTW,SCSCF,T:GTW,SCSCF,R:SCSCF,MTAS,R:SCSCF,PCSCF,R:PCSCF,SCSCF,P:MTAS,SCSCF,P:SCSCF,GTW,P:GTW,SCSCF,P-200:SCSCF,MTAS,P-200:SCSCF,PCSCF,P-200:PCSCF,SCSCF,C:SCSCF,PCSCF,C-200:MTAS,SCSCF,C:SCSCF,MTAS,C-200:SCSCF,GTW,C:GTW,SCSCF,C-200:GTW,SCSCF,I-487:SCSCF,GTW,A:SCSCF,MTAS,I-487:MTAS,SCSCF,A:SCSCF,PCSCF,I-487:PCSCF,SCSCF,A"
77,77,0,1,0.7273189,"PCSCF,SCSCF,I:SCSCF,PCSCF,T:SCSCF,PCSCF,I-407:PCSCF,SCSCF,A:PCSCF,SCSCF,I:SCSCF,PCSCF,T:SCSCF,ASLI,I:ASLI,SCSCF,T:ASLI,SCSCF,I-500:SCSCF,ASLI,A:MTAS,SCSCF,I:SCSCF,MTAS,T:SCSCF,GTW,I:GTW,SCSCF,T:GTW,SCSCF,S:SCSCF,MTAS,S:SCSCF,PCSCF,S:PCSCF,SCSCF,P:MTAS,SCSCF,P:SCSCF,GTW,P:GTW,SCSCF,P-200:GTW,SCSCF,R:SCSCF,MTAS,P-200:SCSCF,MTAS,R:SCSCF,PCSCF,P-200:SCSCF,PCSCF,R:PCSCF,SCSCF,P:MTAS,SCSCF,P:SCSCF,GTW,P:GTW,SCSCF,P-200:SCSCF,MTAS,P-200:SCSCF,PCSCF,P-200:PCSCF,SCSCF,C:SCSCF,PCSCF,C-200:MTAS,SCSCF,C:SCSCF,MTAS,C-200:SCSCF,GTW,C:GTW,SCSCF,C-200:GTW,SCSCF,I-487:SCSCF,GTW,A:SCSCF,MTAS,I-487:MTAS,SCSCF,A:SCSCF,PCSCF,I-487:PCSCF,SCSCF,A"
78,78,0,1,0.19640172,"PCSCF,SCSCF,I:SCSCF,ASLI,I:ASLI,SCSCF,T:ASLI,SCSCF,I-500:SCSCF,ASLI,A:MTAS,SCSCF,I:SCSCF,MTAS,T:SCSCF,GTW,I:SCSCF,PCSCF,T:GTW,SCSCF,T:GTW,SCSCF,S:SCSCF,MTAS,S:SCSCF,PCSCF,S:PCSCF,SCSCF,P:MTAS,SCSCF,P:SCSCF,GTW,P:GTW,SCSCF,P-200:GTW,SCSCF,S:SCSCF,MTAS,P-200:SCSCF,MTAS,S:SCSCF,PCSCF,P-200:SCSCF,PCSCF,S:PCSCF,SCSCF,P:MTAS,SCSCF,P:SCSCF,GTW,P:GTW,SCSCF,P-200:SCSCF,MTAS,P-200:SCSCF,PCSCF,P-200:PCSCF,SCSCF,C:SCSCF,PCSCF,C-200:MTAS,SCSCF,C:SCSCF,MTAS,C-200:SCSCF,GTW,C:GTW,SCSCF,C-200:GTW,SCSCF,I-487:SCSCF,GTW,A:SCSCF,MTAS,I-487:MTAS,SCSCF,A:SCSCF,PCSCF,I-487:PCSCF,SCSCF,A"
79,79,0,0,0.936708,"PCSCF,SCSCF,I:SCSCF,PCSCF,T:SCSCF,ASLI,I:ASLI,SCSCF,T:ASLI,SCSCF,I-500:SCSCF,ASLI,A:MTAS,SCSCF,I:SCSCF,MTAS,T:SCSCF,GTW,I:GTW,SCSCF,T:GTW,SCSCF,S:SCSCF,MTAS,S:SCSCF,PCSCF,S:PCSCF,SCSCF,P:SCSCF,MTAS,P:MTAS,SCSCF,P:SCSCF,GTW,P:GTW,SCSCF,P-200:SCSCF,MTAS,P-200:MTAS,SCSCF,P-200:SCSCF,PCSCF,P-200:GTW,SCSCF,R:SCSCF,MTAS,R:SCSCF,PCSCF,R:PCSCF,SCSCF,P:SCSCF,MTAS,P:MTAS,SCSCF,P:SCSCF,GTW,P:GTW,SCSCF,P-200:SCSCF,MTAS,P-200:MTAS,SCSCF,P-200:SCSCF,PCSCF,P-200:PCSCF,SCSCF,C:SCSCF,PCSCF,C-200:MTAS,SCSCF,C:SCSCF,MTAS,C-200:SCSCF,GTW,C:GTW,SCSCF,C-200:GTW,SCSCF,I-487:SCSCF,GTW,A:SCSCF,MTAS,I-487:MTAS,SCSCF,A:SCSCF,PCSCF,I-487:PCSCF,SCSCF,A"
80,80,0,1,0.29306015,"PCSCF,SCSCF,I:SCSCF,PCSCF,T:SCSCF,ASLI,I:ASLI,SCSCF,T:ASLI,SCSCF,I-500:SCSCF,ASLI,A:MTAS,SCSCF,I:SCSCF,MTAS,T:SCSCF,ASLI,I:ASLI,SCSCF,T:ASLI,SCSCF,I-500:SCSCF,ASLI,A:SCSCF,MTAS,I:MTAS,SCSCF,T:MTAS,SCSCF,I:SCSCF,MTAS,T:SCSCF,PCSCF,I:PCSCF,SCSCF,T:PCSCF,SCSCF,R:SCSCF,MTAS,R:MTAS,SCSCF,R:SCSCF,MTAS,R:SCSCF,PCSCF,R:PCSCF,SCSCF,P:MTAS,SCSCF,P:SCSCF,MTAS,P:MTAS,SCSCF,P:SCSCF,PCSCF,P:PCSCF,SCSCF,P-200:SCSCF,MTAS,P-200:MTAS,SCSCF,P-200:SCSCF,MTAS,P-200:SCSCF,PCSCF,P-200:PCSCF,SCSCF,I-200:SCSCF,MTAS,I-200:MTAS,SCSCF,I-200:SCSCF,MTAS,I-200:SCSCF,PCSCF,I-200:PCSCF,SCSCF,A:MTAS,SCSCF,A:SCSCF,MTAS,A:MTAS,SCSCF,A:SCSCF,PCSCF,A:MTAS,SCSCF,U:SCSCF,PCSCF,U:MTAS,SCSCF,U:SCSCF,PCSCF,U:PCSCF,SCSCF,U-200:MTAS,SCSCF,U:SCSCF,MTAS,U-200:PCSCF,SCSCF,U-200:SCSCF,MTAS,U-200:PCSCF,SCSCF,B:SCSCF,MTAS,B:MTAS,SCSCF,B:SCSCF,PCSCF,B:PCSCF,SCSCF,B-200:SCSCF,MTAS,B-200:MTAS,SCSCF,B-200:SCSCF,PCSCF,B-200"
81,81,0,1,0.85271317,"MTAS,SCSCF,I:SCSCF,MTAS,T:SCSCF,PCSCF,I:PCSCF,SCSCF,T:PCSCF,SCSCF,R:SCSCF,MTAS,R:MTAS,SCSCF,P:SCSCF,PCSCF,P:PCSCF,SCSCF,P-200:SCSCF,MTAS,P-200:PCSCF,SCSCF,I-200:SCSCF,MTAS,I-200:MTAS,SCSCF,A:SCSCF,PCSCF,A:MTAS,SCSCF,U:SCSCF,PCSCF,U:PCSCF,SCSCF,U-200:SCSCF,MTAS,U-200:PCSCF,SCSCF,B:SCSCF,MTAS,B:MTAS,SCSCF,B-200:SCSCF,PCSCF,B-200"
82,82,0,1,0.6386419,"PCSCF,SCSCF,I:SCSCF,PCSCF,T:SCSCF,PCSCF,I-407:PCSCF,SCSCF,A:PCSCF,SCSCF,I:SCSCF,PCSCF,T:SCSCF,ASLI,I:ASLI,SCSCF,T:ASLI,SCSCF,I-500:SCSCF,ASLI,A:MTAS,SCSCF,I:SCSCF,MTAS,T:SCSCF,GTW,I:GTW,SCSCF,T:GTW,SCSCF,R:SCSCF,MTAS,R:SCSCF,PCSCF,R:PCSCF,SCSCF,P:SCSCF,MTAS,P:MTAS,SCSCF,P:SCSCF,GTW,P:GTW,SCSCF,P-200:SCSCF,MTAS,P-200:MTAS,SCSCF,P-200:SCSCF,PCSCF,P-200:GTW,SCSCF,I-200:SCSCF,MTAS,I-200:SCSCF,PCSCF,I-200:PCSCF,SCSCF,A:SCSCF,MTAS,A:MTAS,SCSCF,A:SCSCF,GTW,A:MTAS,SCSCF,U:SCSCF,GTW,U:GTW,SCSCF,U-200:SCSCF,MTAS,U-200:MTAS,SCSCF,U:SCSCF,PCSCF,U:PCSCF,SCSCF,U-200:SCSCF,MTAS,U-200:GTW,SCSCF,B:MTAS,SCSCF,B:SCSCF,PCSCF,B:PCSCF,SCSCF,B-200:SCSCF,MTAS,B-200:SCSCF,GTW,B-200"
83,83,0,0,0.9794127,"PCSCF,SCSCF,I:SCSCF,ASLI,I:ASLI,SCSCF,T:SCSCF,PCSCF,T:ASLI,SCSCF,I-500:SCSCF,ASLI,A:MTAS,SCSCF,I:SCSCF,MTAS,T:SCSCF,GTW,I:GTW,SCSCF,T:GTW,SCSCF,I-200:SCSCF,MTAS,I-200:SCSCF,PCSCF,I-200:PCSCF,SCSCF,A:SCSCF,MTAS,A:MTAS,SCSCF,A:SCSCF,GTW,A:PCSCF,SCSCF,B:SCSCF,MTAS,B:MTAS,SCSCF,B:SCSCF,GTW,B:GTW,SCSCF,B-200:SCSCF,MTAS,B-200:MTAS,SCSCF,B-200:SCSCF,PCSCF,B-200"
84,84,0,0,0.91458076,"PCSCF,SCSCF,I:SCSCF,ASLI,I:SCSCF,PCSCF,T:ASLI,SCSCF,T:ASLI,SCSCF,I-500:SCSCF,ASLI,A:MTAS,SCSCF,I:SCSCF,MTAS,T:SCSCF,GTW,I:GTW,SCSCF,T:GTW,SCSCF,R:SCSCF,MTAS,R:SCSCF,PCSCF,R:PCSCF,SCSCF,P:MTAS,SCSCF,P:SCSCF,GTW,P:GTW,SCSCF,P-200:SCSCF,MTAS,P-200:SCSCF,PCSCF,P-200:GTW,SCSCF,I-200:SCSCF,MTAS,I-200:SCSCF,PCSCF,I-200:PCSCF,SCSCF,A:SCSCF,MTAS,A:MTAS,SCSCF,A:SCSCF,GTW,A:MTAS,SCSCF,U:SCSCF,GTW,U:GTW,SCSCF,U-200:SCSCF,MTAS,U-200:MTAS,SCSCF,U:SCSCF,PCSCF,U:PCSCF,SCSCF,U-200:SCSCF,MTAS,U-200:MTAS,SCSCF,U:SCSCF,GTW,U:GTW,SCSCF,U-200:SCSCF,MTAS,U-200:MTAS,SCSCF,U:SCSCF,PCSCF,U:PCSCF,SCSCF,U-200:SCSCF,MTAS,U-200:MTAS,SCSCF,U:SCSCF,GTW,U:GTW,SCSCF,U-200:SCSCF,MTAS,U-200:MTAS,SCSCF,U:SCSCF,PCSCF,U:PCSCF,SCSCF,U-200:SCSCF,MTAS,U-200:PCSCF,SCSCF,B:MTAS,SCSCF,B:SCSCF,GTW,B:GTW,SCSCF,B-200:SCSCF,MTAS,B-200:SCSCF,PCSCF,B-200"
85,85,0,1,0.47539675,"PCSCF,SCSCF,I:SCSCF,PCSCF,T:SCSCF,ASLI,I:ASLI,SCSCF,T:ASLI,SCSCF,I-500:SCSCF,ASLI,A:MTAS,SCSCF,I:SCSCF,MTAS,T:SCSCF,GTW,I:GTW,SCSCF,T:GTW,SCSCF,S:SCSCF,MTAS,S:SCSCF,PCSCF,S:PCSCF,SCSCF,P:MTAS,SCSCF,P:SCSCF,GTW,P:GTW,SCSCF,P-200:GTW,SCSCF,S:SCSCF,MTAS,P-200:SCSCF,MTAS,S:SCSCF,PCSCF,P-200:SCSCF,PCSCF,S:PCSCF,SCSCF,P:MTAS,SCSCF,P:SCSCF,GTW,P:GTW,SCSCF,P-200:SCSCF,MTAS,P-200:SCSCF,PCSCF,P-200:PCSCF,SCSCF,C:SCSCF,PCSCF,C-200:MTAS,SCSCF,C:SCSCF,MTAS,C-200:SCSCF,GTW,C:GTW,SCSCF,C-200:GTW,SCSCF,I-487:SCSCF,GTW,A:SCSCF,MTAS,I-487:MTAS,SCSCF,A:SCSCF,PCSCF,I-487:PCSCF,SCSCF,A"
86,86,0,1,0.17587887,"GTW,ICSCF,I:ICSCF,GTW,T:SCSCF,ASLI,I:ASLI,SCSCF,T:ASLI,SCSCF,I-500:SCSCF,ASLI,A:SCSCF,MTAS,I:MTAS,SCSCF,T:MTAS,SCSCF,I:SCSCF,MTAS,T:MTAS,SCSCF,W:ICSCF,GTW,W:SCSCF,GTW,I:GTW,SCSCF,T:GTW,SCSCF,I-486:SCSCF,GTW,A:SCSCF,MTAS,I-486:MTAS,SCSCF,A:MTAS,SCSCF,I-486:SCSCF,MTAS,A:ICSCF,GTW,I-486:GTW,ICSCF,A"
87,87,0,0,0.97402394,"GTW,ICSCF,I:ICSCF,GTW,T:SCSCF,ASLI,I:ASLI,SCSCF,T:ASLI,SCSCF,I-500:SCSCF,MTAS,I:MTAS,SCSCF,T:MTAS,SCSCF,I:SCSCF,MTAS,T:SCSCF,PCSCF,I:SCSCF,ASLI,A:PCSCF,SCSCF,T:PCSCF,SCSCF,I-200:SCSCF,MTAS,I-200:MTAS,SCSCF,I-200:ICSCF,GTW,I-200:GTW,SCSCF,A:SCSCF,MTAS,A:MTAS,SCSCF,A:SCSCF,PCSCF,A:GTW,SCSCF,B:SCSCF,MTAS,B:MTAS,SCSCF,B:SCSCF,PCSCF,B:PCSCF,SCSCF,B-200:SCSCF,MTAS,B-200:MTAS,SCSCF,B-200:SCSCF,GTW,B-200"
88,88,0,1,0.38169256,"PCSCF,SCSCF,I:SCSCF,ASLI,I:SCSCF,PCSCF,T:ASLI,SCSCF,T:ASLI,SCSCF,I-500:SCSCF,ASLI,A:MTAS,SCSCF,I:SCSCF,MTAS,T:SCSCF,GTW,I:GTW,SCSCF,T:GTW,SCSCF,S:SCSCF,MTAS,S:SCSCF,PCSCF,S:GTW,SCSCF,S:SCSCF,MTAS,S:SCSCF,PCSCF,S:PCSCF,SCSCF,P:MTAS,SCSCF,P:SCSCF,GTW,P:GTW,SCSCF,P-200:SCSCF,MTAS,P-200:SCSCF,PCSCF,P-200:GTW,SCSCF,R:SCSCF,MTAS,R:SCSCF,PCSCF,R:GTW,SCSCF,R:SCSCF,MTAS,R:PCSCF,SCSCF,P:MTAS,SCSCF,P:SCSCF,GTW,P:GTW,SCSCF,P-200:SCSCF,MTAS,P-200:SCSCF,PCSCF,P-200:GTW,SCSCF,I-200:SCSCF,MTAS,I-200:SCSCF,PCSCF,I-200:PCSCF,SCSCF,A:SCSCF,MTAS,A:MTAS,SCSCF,A:SCSCF,GTW,A:GTW,SCSCF,B:MTAS,SCSCF,B:SCSCF,PCSCF,B:PCSCF,SCSCF,B-200:SCSCF,MTAS,B-200:SCSCF,GTW,B-200"
89,89,0,0,0.9960322,"GTW,ICSCF,I:ICSCF,GTW,T:SCSCF,ASLI,I:ASLI,SCSCF,T:ASLI,SCSCF,I-500:SCSCF,ASLI,A:SCSCF,BCCAS,I:BCCAS,SCSCF,T:BCCAS,SCSCF,I:SCSCF,BCCAS,T:SCSCF,PCSCF,I:PCSCF,SCSCF,T:SCSCF,BCCAS,R:PCSCF,SCSCF,R:BCCAS,SCSCF,R:ICSCF,GTW,R:GTW,SCSCF,P:SCSCF,BCCAS,P:BCCAS,SCSCF,P:SCSCF,PCSCF,P:BCCAS,SCSCF,P-200:SCSCF,GTW,P-200:PCSCF,SCSCF,P-200:SCSCF,BCCAS,P-200:PCSCF,SCSCF,I-200:SCSCF,BCCAS,I-200:BCCAS,SCSCF,I-200:ICSCF,GTW,I-200:GTW,SCSCF,A:SCSCF,BCCAS,A:BCCAS,SCSCF,A:SCSCF,PCSCF,A:PCSCF,SCSCF,B:SCSCF,BCCAS,B:BCCAS,SCSCF,B:SCSCF,GTW,B:GTW,SCSCF,B-200:SCSCF,BCCAS,B-200:BCCAS,SCSCF,B-200:SCSCF,PCSCF,B-200"
90,90,0,1,0.5293072,"GTW,ICSCF,I:ICSCF,GTW,T:SCSCF,ASLI,I:ASLI,SCSCF,T:ASLI,SCSCF,I-500:SCSCF,ASLI,A:SCSCF,MTAS,I:MTAS,SCSCF,T:MTAS,SCSCF,I:SCSCF,MTAS,T:SCSCF,PCSCF,I:PCSCF,SCSCF,T:PCSCF,SCSCF,R:SCSCF,MTAS,R:MTAS,SCSCF,R:ICSCF,GTW,R:GTW,SCSCF,P:MTAS,SCSCF,P:SCSCF,MTAS,P:SCSCF,PCSCF,P:PCSCF,SCSCF,P-200:SCSCF,MTAS,P-200:MTAS,SCSCF,P-200:SCSCF,GTW,P-200:GTW,ICSCF,C:ICSCF,GTW,C-200:MTAS,SCSCF,C:SCSCF,MTAS,C:MTAS,SCSCF,C-200:SCSCF,MTAS,C-200:SCSCF,PCSCF,C:PCSCF,SCSCF,C-200:SCSCF,MTAS,I-487:MTAS,SCSCF,A:PCSCF,SCSCF,I-487:SCSCF,PCSCF,A:MTAS,SCSCF,I-487:SCSCF,MTAS,A:ICSCF,GTW,I-487:GTW,ICSCF,A"
91,91,0,0,0.99498177,"GTW,ICSCF,I:ICSCF,GTW,T:SCSCF,ASLI,I:ASLI,SCSCF,T:ASLI,SCSCF,I-500:SCSCF,ASLI,A:SCSCF,MTAS,I:MTAS,SCSCF,I:SCSCF,MTAS,T:MTAS,SCSCF,T:SCSCF,PCSCF,I:PCSCF,SCSCF,T:PCSCF,SCSCF,R:SCSCF,MTAS,R:MTAS,SCSCF,R:ICSCF,GTW,R:GTW,SCSCF,P:SCSCF,MTAS,P:MTAS,SCSCF,P:SCSCF,PCSCF,P:PCSCF,SCSCF,P-200:SCSCF,MTAS,P-200:MTAS,SCSCF,P-200:SCSCF,GTW,P-200:PCSCF,SCSCF,I-200:SCSCF,MTAS,I-200:MTAS,SCSCF,I-200:ICSCF,GTW,I-200:GTW,SCSCF,A:SCSCF,MTAS,A:MTAS,SCSCF,A:SCSCF,PCSCF,A:PCSCF,SCSCF,B:SCSCF,MTAS,B:MTAS,SCSCF,B:SCSCF,GTW,B:GTW,SCSCF,B-200:SCSCF,MTAS,B-200:MTAS,SCSCF,B-200:SCSCF,PCSCF,B-200"
92,92,0,1,0.2893741,"PCSCF,SCSCF,I:SCSCF,PCSCF,T:SCSCF,ASLI,I:ASLI,SCSCF,T:ASLI,SCSCF,I-500:SCSCF,ASLI,A:MTAS,SCSCF,I:SCSCF,MTAS,T:SCSCF,ASLI,I:ASLI,SCSCF,T:ASLI,SCSCF,I-500:SCSCF,ASLI,A:SCSCF,MTAS,I:MTAS,SCSCF,T:MTAS,SCSCF,I:SCSCF,MTAS,T:SCSCF,PCSCF,I:PCSCF,SCSCF,T:PCSCF,SCSCF,R:SCSCF,MTAS,R:MTAS,SCSCF,R:SCSCF,MTAS,R:SCSCF,PCSCF,R:PCSCF,SCSCF,P:MTAS,SCSCF,P:SCSCF,MTAS,P:MTAS,SCSCF,P:SCSCF,PCSCF,P:PCSCF,SCSCF,P-200:SCSCF,MTAS,P-200:MTAS,SCSCF,P-200:SCSCF,MTAS,P-200:SCSCF,PCSCF,P-200:PCSCF,SCSCF,I-200:SCSCF,MTAS,I-200:MTAS,SCSCF,I-200:SCSCF,MTAS,I-200:SCSCF,PCSCF,I-200:PCSCF,SCSCF,A:MTAS,SCSCF,A:SCSCF,MTAS,A:MTAS,SCSCF,A:SCSCF,PCSCF,A:MTAS,SCSCF,U:SCSCF,PCSCF,U:PCSCF,SCSCF,U-200:MTAS,SCSCF,U:SCSCF,MTAS,U-200:SCSCF,PCSCF,U:PCSCF,SCSCF,U-200:MTAS,SCSCF,U:SCSCF,MTAS,U-200:PCSCF,SCSCF,B:SCSCF,MTAS,B:MTAS,SCSCF,B:SCSCF,PCSCF,B:PCSCF,SCSCF,B-200:SCSCF,MTAS,B-200:MTAS,SCSCF,B-200:SCSCF,PCSCF,B-200"
93,93,0,1,0.48275435,"GTW,ICSCF,I:ICSCF,GTW,T:SCSCF,ASLI,I:ASLI,SCSCF,T:ASLI,SCSCF,I-500:SCSCF,ASLI,A:SCSCF,MTAS,I:MTAS,SCSCF,T:MTAS,SCSCF,I:SCSCF,MTAS,T:SCSCF,PCSCF,I:PCSCF,SCSCF,T:PCSCF,SCSCF,R:SCSCF,MTAS,R:MTAS,SCSCF,R:ICSCF,GTW,R:GTW,SCSCF,P:SCSCF,MTAS,P:MTAS,SCSCF,P:SCSCF,PCSCF,P:PCSCF,SCSCF,P-200:SCSCF,MTAS,P-200:MTAS,SCSCF,P-200:SCSCF,GTW,P-200:PCSCF,SCSCF,I-200:SCSCF,MTAS,I-200:MTAS,SCSCF,I-200:ICSCF,GTW,I-200:GTW,SCSCF,A:SCSCF,MTAS,A:MTAS,SCSCF,A:SCSCF,PCSCF,A:MTAS,SCSCF,U:SCSCF,PCSCF,U:PCSCF,SCSCF,U-200:SCSCF,MTAS,U-200:MTAS,SCSCF,U:SCSCF,GTW,U:GTW,SCSCF,U-200:SCSCF,MTAS,U-200:MTAS,SCSCF,U:SCSCF,PCSCF,U:PCSCF,SCSCF,U-200:SCSCF,MTAS,U-200:MTAS,SCSCF,U:SCSCF,GTW,U:GTW,SCSCF,U-200:SCSCF,MTAS,U-200:MTAS,SCSCF,U:SCSCF,PCSCF,U:SCSCF,GTW,U:GTW,SCSCF,U-200:SCSCF,MTAS,U-200:PCSCF,SCSCF,U-200:SCSCF,MTAS,U-200:PCSCF,SCSCF,B:SCSCF,MTAS,B:MTAS,SCSCF,B:SCSCF,GTW,B:GTW,SCSCF,B-200:SCSCF,MTAS,B-200:MTAS,SCSCF,B-200:SCSCF,PCSCF,B-200"
94,94,0,1,0.4015439,"PCSCF,SCSCF,I:SCSCF,PCSCF,T:SCSCF,PCSCF,I-407:PCSCF,SCSCF,A:PCSCF,SCSCF,I:SCSCF,PCSCF,T:SCSCF,ASLI,I:ASLI,SCSCF,T:ASLI,SCSCF,I-500:SCSCF,ASLI,A:MTAS,SCSCF,I:SCSCF,MTAS,T:SCSCF,GTW,I:GTW,SCSCF,T:GTW,SCSCF,I-486:SCSCF,GTW,A:SCSCF,MTAS,I-486:MTAS,SCSCF,A:SCSCF,PCSCF,I-486:PCSCF,SCSCF,A"
95,95,0,1,0.55235034,"PCSCF,SCSCF,I:SCSCF,ASLI,I:SCSCF,PCSCF,T:ASLI,SCSCF,T:ASLI,SCSCF,I-500:SCSCF,ASLI,A:MTAS,SCSCF,I:SCSCF,MTAS,T:SCSCF,ASLI,I:ASLI,SCSCF,T:ASLI,SCSCF,I-500:SCSCF,ASLI,A:SCSCF,MTAS,I:MTAS,SCSCF,T:MTAS,SCSCF,I:SCSCF,MTAS,T:SCSCF,PCSCF,I:PCSCF,SCSCF,T:PCSCF,SCSCF,R:SCSCF,MTAS,R:MTAS,SCSCF,R:SCSCF,MTAS,R:SCSCF,PCSCF,R:PCSCF,SCSCF,P:MTAS,SCSCF,P:SCSCF,MTAS,P:MTAS,SCSCF,P:SCSCF,PCSCF,P:PCSCF,SCSCF,P-200:SCSCF,MTAS,P-200:MTAS,SCSCF,P-200:SCSCF,MTAS,P-200:SCSCF,PCSCF,P-200:PCSCF,SCSCF,I-200:SCSCF,MTAS,I-200:MTAS,SCSCF,I-200:SCSCF,MTAS,I-200:SCSCF,PCSCF,I-200:PCSCF,SCSCF,A:MTAS,SCSCF,A:SCSCF,MTAS,A:MTAS,SCSCF,A:SCSCF,PCSCF,A:MTAS,SCSCF,U:SCSCF,PCSCF,U:SCSCF,MTAS,U-200:PCSCF,SCSCF,U-200:SCSCF,MTAS,U-200:PCSCF,SCSCF,B:SCSCF,MTAS,B:MTAS,SCSCF,B:PCSCF,SCSCF,B:SCSCF,PCSCF,B:SCSCF,PCSCF,B-200:PCSCF,SCSCF,B-200:SCSCF,MTAS,B-200:MTAS,SCSCF,B-200:SCSCF,PCSCF,B-200"
96,96,0,1,0.7797231,"PCSCF,SCSCF,I:SCSCF,PCSCF,T:SCSCF,ASLI,I:ASLI,SCSCF,T:ASLI,SCSCF,I-500:SCSCF,ASLI,A:MTAS,SCSCF,I:SCSCF,MTAS,T:SCSCF,GTW,I:GTW,SCSCF,T:GTW,SCSCF,R:SCSCF,MTAS,R:SCSCF,PCSCF,R:PCSCF,SCSCF,P:SCSCF,MTAS,P:MTAS,SCSCF,P:SCSCF,GTW,P:GTW,SCSCF,P-200:SCSCF,MTAS,P-200:MTAS,SCSCF,P-200:SCSCF,PCSCF,P-200:GTW,SCSCF,I-200:SCSCF,MTAS,I-200:SCSCF,PCSCF,I-200:PCSCF,SCSCF,A:SCSCF,MTAS,A:MTAS,SCSCF,A:SCSCF,GTW,A:MTAS,SCSCF,U:SCSCF,GTW,U:GTW,SCSCF,U-200:SCSCF,MTAS,U-200:SCSCF,PCSCF,U:PCSCF,SCSCF,U-200:SCSCF,MTAS,U-200:PCSCF,SCSCF,B:SCSCF,MTAS,B:MTAS,SCSCF,B:SCSCF,GTW,B:GTW,SCSCF,B-200:SCSCF,MTAS,B-200:MTAS,SCSCF,B-200:SCSCF,PCSCF,B-200"
97,97,0,1,0.3061461,"PCSCF,SCSCF,I:SCSCF,ASLI,I:ASLI,SCSCF,T:ASLI,SCSCF,I-500:SCSCF,ASLI,A:MTAS,SCSCF,I:SCSCF,MTAS,T:SCSCF,GTW,I:GTW,SCSCF,T:SCSCF,PCSCF,T:GTW,SCSCF,S:SCSCF,MTAS,S:SCSCF,PCSCF,S:PCSCF,SCSCF,P:SCSCF,MTAS,P:MTAS,SCSCF,P:SCSCF,GTW,P:GTW,SCSCF,P-200:SCSCF,MTAS,P-200:MTAS,SCSCF,P-200:SCSCF,PCSCF,P-200:GTW,SCSCF,R:SCSCF,MTAS,R:SCSCF,PCSCF,R:PCSCF,SCSCF,P:SCSCF,MTAS,P:MTAS,SCSCF,P:SCSCF,GTW,P:GTW,SCSCF,P-200:SCSCF,MTAS,P-200:MTAS,SCSCF,P-200:SCSCF,PCSCF,P-200:GTW,SCSCF,I-480:SCSCF,GTW,A:SCSCF,MTAS,I-480:MTAS,SCSCF,A:SCSCF,PCSCF,I-480:PCSCF,SCSCF,A"
98,98,0,0,0.87667286,"GTW,ICSCF,I:ICSCF,GTW,T:SCSCF,ASLI,I:ASLI,SCSCF,T:ASLI,SCSCF,I-500:SCSCF,MTAS,I:MTAS,SCSCF,I:SCSCF,MTAS,T:SCSCF,PCSCF,I:MTAS,SCSCF,T:SCSCF,ASLI,A:PCSCF,SCSCF,T:PCSCF,SCSCF,I-486:SCSCF,PCSCF,A:SCSCF,MTAS,I-486:MTAS,SCSCF,A:MTAS,SCSCF,I-486:ICSCF,GTW,I-486:SCSCF,MTAS,A:GTW,ICSCF,A"
99,99,0,1,0.400966,"GTW,ICSCF,I:ICSCF,GTW,T:SCSCF,ASLI,I:ASLI,SCSCF,T:ASLI,SCSCF,I-500:SCSCF,ASLI,A:SCSCF,MTAS,I:MTAS,SCSCF,T:MTAS,SCSCF,I:SCSCF,MTAS,T:SCSCF,PCSCF,I:PCSCF,SCSCF,T:PCSCF,SCSCF,R:SCSCF,MTAS,R:MTAS,SCSCF,R:ICSCF,GTW,R:GTW,SCSCF,P:SCSCF,MTAS,P:MTAS,SCSCF,P:SCSCF,PCSCF,P:PCSCF,SCSCF,P-200:SCSCF,MTAS,P-200:MTAS,SCSCF,P-200:SCSCF,GTW,P-200:GTW,ICSCF,C:ICSCF,GTW,C-200:SCSCF,MTAS,C:MTAS,SCSCF,C-200:MTAS,SCSCF,C:SCSCF,MTAS,C-200:SCSCF,PCSCF,C:PCSCF,SCSCF,C-200:PCSCF,SCSCF,I-487:SCSCF,PCSCF,A:SCSCF,MTAS,I-487:MTAS,SCSCF,A:MTAS,SCSCF,I-487:SCSCF,MTAS,A:ICSCF,GTW,I-487:GTW,ICSCF,A"
100,100,0,1,0.2833736,"GTW,ICSCF,I:ICSCF,GTW,T:SCSCF,ASLI,I:ASLI,SCSCF,T:ASLI,SCSCF,I-500:SCSCF,ASLI,A:SCSCF,MTAS,I:MTAS,SCSCF,T:MTAS,SCSCF,I:SCSCF,MTAS,T:SCSCF,GTW,I:GTW,SCSCF,T:MTAS,SCSCF,W:ICSCF,GTW,W:GTW,SCSCF,S:SCSCF,MTAS,S:MTAS,SCSCF,S:ICSCF,GTW,S:GTW,SCSCF,P:SCSCF,MTAS,P:MTAS,SCSCF,P:SCSCF,GTW,P:GTW,SCSCF,P-200:SCSCF,MTAS,P-200:MTAS,SCSCF,P-200:SCSCF,GTW,P-200:GTW,SCSCF,R:SCSCF,MTAS,R:MTAS,SCSCF,R:ICSCF,GTW,R:GTW,SCSCF,P:SCSCF,MTAS,P:MTAS,SCSCF,P:SCSCF,GTW,P:GTW,SCSCF,P-200:SCSCF,MTAS,P-200:MTAS,SCSCF,P-200:SCSCF,GTW,P-200:GTW,ICSCF,C:ICSCF,GTW,C-200:SCSCF,MTAS,C:MTAS,SCSCF,C-200:MTAS,SCSCF,I-487:MTAS,SCSCF,C:SCSCF,MTAS,A:ICSCF,GTW,I-487:SCSCF,MTAS,C-200:SCSCF,GTW,C:GTW,SCSCF,C-200:GTW,ICSCF,A:GTW,SCSCF,I-487:SCSCF,GTW,A:SCSCF,MTAS,I-487:MTAS,SCSCF,A"
101,101,0,1,0.32019794,"PCSCF,SCSCF,I:SCSCF,PCSCF,T:SCSCF,PCSCF,I-407:PCSCF,SCSCF,A:PCSCF,SCSCF,I:SCSCF,PCSCF,T:SCSCF,ASLI,I:ASLI,SCSCF,T:ASLI,SCSCF,I-500:SCSCF,ASLI,A:MTAS,SCSCF,I:SCSCF,MTAS,T:SCSCF,GTW,I:GTW,SCSCF,T:GTW,SCSCF,R:SCSCF,MTAS,R:SCSCF,PCSCF,R:PCSCF,SCSCF,P:SCSCF,MTAS,P:MTAS,SCSCF,P:SCSCF,GTW,P:GTW,SCSCF,P-200:SCSCF,MTAS,P-200:MTAS,SCSCF,P-200:SCSCF,PCSCF,P-200:GTW,SCSCF,R:SCSCF,MTAS,R:SCSCF,PCSCF,R:PCSCF,SCSCF,P:SCSCF,MTAS,P:MTAS,SCSCF,P:SCSCF,GTW,P:GTW,SCSCF,P-200:SCSCF,MTAS,P-200:MTAS,SCSCF,P-200:SCSCF,PCSCF,P-200:PCSCF,SCSCF,C:SCSCF,PCSCF,C-200:MTAS,SCSCF,C:SCSCF,MTAS,C-200:SCSCF,GTW,C:GTW,SCSCF,C-200:GTW,SCSCF,I-487:SCSCF,GTW,A:SCSCF,MTAS,I-487:MTAS,SCSCF,A:SCSCF,PCSCF,I-487:PCSCF,SCSCF,A"
102,102,0,1,0.4490588,"PCSCF,SCSCF,I:SCSCF,ASLI,I:ASLI,SCSCF,T:ASLI,SCSCF,I-500:SCSCF,ASLI,A:MTAS,SCSCF,I:SCSCF,MTAS,T:SCSCF,GTW,I:SCSCF,PCSCF,T:GTW,SCSCF,T:GTW,SCSCF,S:SCSCF,MTAS,S:SCSCF,PCSCF,S:PCSCF,SCSCF,P:SCSCF,MTAS,P:MTAS,SCSCF,P:SCSCF,MTAS,P-200:SCSCF,GTW,P:GTW,SCSCF,P-200:MTAS,SCSCF,P-200:SCSCF,PCSCF,P-200:GTW,SCSCF,R:SCSCF,MTAS,R:SCSCF,PCSCF,R:PCSCF,SCSCF,P:SCSCF,MTAS,P:MTAS,SCSCF,P:SCSCF,GTW,P:GTW,SCSCF,P-200:SCSCF,MTAS,P-200:MTAS,SCSCF,P-200:SCSCF,PCSCF,P-200:GTW,SCSCF,I-200:SCSCF,MTAS,I-200:SCSCF,PCSCF,I-200:PCSCF,SCSCF,A:SCSCF,MTAS,A:MTAS,SCSCF,A:SCSCF,GTW,A:GTW,SCSCF,B:MTAS,SCSCF,B:SCSCF,PCSCF,B:PCSCF,SCSCF,B-200:SCSCF,MTAS,B-200:SCSCF,GTW,B-200"
103,103,0,0,0.9124351,"PCSCF,SCSCF,I:SCSCF,PCSCF,T:SCSCF,PCSCF,I-407:PCSCF,SCSCF,A:PCSCF,SCSCF,I:SCSCF,PCSCF,T:SCSCF,ASLI,I:ASLI,SCSCF,T:ASLI,SCSCF,I-500:SCSCF,ASLI,A:MTAS,SCSCF,I:SCSCF,MTAS,T:SCSCF,GTW,I:GTW,SCSCF,T:GTW,SCSCF,S:SCSCF,MTAS,S:SCSCF,PCSCF,S:PCSCF,SCSCF,P:SCSCF,MTAS,P:MTAS,SCSCF,P:SCSCF,GTW,P:GTW,SCSCF,P-200:GTW,SCSCF,R:SCSCF,MTAS,P-200:SCSCF,MTAS,R:MTAS,SCSCF,P-200:SCSCF,PCSCF,P-200:SCSCF,PCSCF,R:PCSCF,SCSCF,P:SCSCF,MTAS,P:MTAS,SCSCF,P:SCSCF,GTW,P:GTW,SCSCF,P-200:SCSCF,MTAS,P-200:MTAS,SCSCF,P-200:SCSCF,PCSCF,P-200:GTW,SCSCF,I-200:SCSCF,MTAS,I-200:SCSCF,PCSCF,I-200:PCSCF,SCSCF,A:SCSCF,MTAS,A:MTAS,SCSCF,A:SCSCF,GTW,A:PCSCF,SCSCF,I:SCSCF,PCSCF,T:MTAS,SCSCF,I:SCSCF,MTAS,T:SCSCF,GTW,I:GTW,SCSCF,T:GTW,SCSCF,I-200:SCSCF,MTAS,I-200:SCSCF,PCSCF,I-200:PCSCF,SCSCF,A:SCSCF,MTAS,A:MTAS,SCSCF,A:SCSCF,GTW,A:PCSCF,SCSCF,B:SCSCF,MTAS,B:MTAS,SCSCF,B:SCSCF,GTW,B:GTW,SCSCF,B-200:SCSCF,MTAS,B-200:MTAS,SCSCF,B-200:SCSCF,PCSCF,B-200"
104,104,0,1,0.8078655,"GTW,ICSCF,I:ICSCF,GTW,T:SCSCF,ASLI,I:ASLI,SCSCF,T:ASLI,SCSCF,I-500:SCSCF,ASLI,A:SCSCF,MTAS,I:MTAS,SCSCF,T:MTAS,SCSCF,I:SCSCF,MTAS,T:SCSCF,PCSCF,I:PCSCF,SCSCF,T:PCSCF,SCSCF,R:SCSCF,MTAS,R:MTAS,SCSCF,R:ICSCF,GTW,R:GTW,SCSCF,P:SCSCF,MTAS,P:MTAS,SCSCF,P:SCSCF,PCSCF,P:PCSCF,SCSCF,P-200:SCSCF,MTAS,P-200:MTAS,SCSCF,P-200:SCSCF,GTW,P-200:PCSCF,SCSCF,I-200:SCSCF,MTAS,I-200:MTAS,SCSCF,I-200:ICSCF,GTW,I-200:GTW,SCSCF,A:SCSCF,MTAS,A:MTAS,SCSCF,A:SCSCF,PCSCF,A:MTAS,SCSCF,U:SCSCF,PCSCF,U:SCSCF,GTW,U:GTW,SCSCF,U-200:SCSCF,MTAS,U-200:PCSCF,SCSCF,U-200:SCSCF,MTAS,U-200:MTAS,SCSCF,U:SCSCF,GTW,U:GTW,SCSCF,U-200:SCSCF,MTAS,U-200:SCSCF,PCSCF,U:PCSCF,SCSCF,U-200:SCSCF,MTAS,U-200:PCSCF,SCSCF,B:SCSCF,MTAS,B:MTAS,SCSCF,B:SCSCF,GTW,B:GTW,SCSCF,B-200:SCSCF,MTAS,B-200:MTAS,SCSCF,B-200:SCSCF,PCSCF,B-200"
105,105,0,1,0.28953525,"GTW,ICSCF,I:ICSCF,GTW,T:SCSCF,ASLI,I:ASLI,SCSCF,T:ASLI,SCSCF,I-500:SCSCF,MTAS,I:SCSCF,ASLI,A:MTAS,SCSCF,I:SCSCF,MTAS,T:SCSCF,PCSCF,I:PCSCF,SCSCF,T:MTAS,SCSCF,T:PCSCF,SCSCF,R:SCSCF,MTAS,R:MTAS,SCSCF,R:ICSCF,GTW,R:GTW,SCSCF,P:SCSCF,MTAS,P:MTAS,SCSCF,P:SCSCF,PCSCF,P:PCSCF,SCSCF,P-200:SCSCF,MTAS,P-200:MTAS,SCSCF,P-200:SCSCF,GTW,P-200:GTW,ICSCF,C:ICSCF,GTW,C-200:SCSCF,MTAS,C:MTAS,SCSCF,C-200:MTAS,SCSCF,C:SCSCF,MTAS,C-200:SCSCF,PCSCF,C:PCSCF,SCSCF,C-200:PCSCF,SCSCF,I-487:SCSCF,MTAS,I-487:MTAS,SCSCF,I-487:MTAS,SCSCF,A:SCSCF,MTAS,A:ICSCF,GTW,I-487:GTW,ICSCF,A:SCSCF,PCSCF,A"
106,106,0,0,0.9121854,"GTW,ICSCF,I:ICSCF,GTW,T:SCSCF,ASLI,I:ASLI,SCSCF,T:ASLI,SCSCF,I-500:SCSCF,ASLI,A:SCSCF,MTAS,I:MTAS,SCSCF,T:MTAS,SCSCF,I:SCSCF,MTAS,T:SCSCF,PCSCF,I:PCSCF,SCSCF,T:PCSCF,SCSCF,R:SCSCF,MTAS,R:MTAS,SCSCF,R:ICSCF,GTW,R:GTW,SCSCF,P:SCSCF,MTAS,P:MTAS,SCSCF,P:SCSCF,PCSCF,P:PCSCF,SCSCF,P-200:SCSCF,MTAS,P-200:MTAS,SCSCF,P-200:SCSCF,GTW,P-200:PCSCF,SCSCF,I-200:SCSCF,MTAS,I-200:MTAS,SCSCF,I-200:ICSCF,GTW,I-200:GTW,SCSCF,A:SCSCF,MTAS,A:MTAS,SCSCF,A:SCSCF,PCSCF,A:GTW,SCSCF,B:SCSCF,MTAS,B:PCSCF,SCSCF,B:SCSCF,MTAS,B:MTAS,SCSCF,B:MTAS,SCSCF,B-200:SCSCF,PCSCF,B:SCSCF,PCSCF,B-200:PCSCF,SCSCF,B-200:SCSCF,MTAS,B-200:MTAS,SCSCF,B-200:SCSCF,GTW,B-200"
107,107,0,1,0.37370893,"PCSCF,SCSCF,I:SCSCF,ASLI,I:ASLI,SCSCF,T:ASLI,SCSCF,I-500:SCSCF,ASLI,A:SCSCF,PCSCF,T:MTAS,SCSCF,I:SCSCF,MTAS,T:SCSCF,GTW,I:GTW,SCSCF,T:GTW,SCSCF,S:SCSCF,MTAS,S:SCSCF,PCSCF,S:PCSCF,SCSCF,P:MTAS,SCSCF,P:SCSCF,GTW,P:GTW,SCSCF,P-200:GTW,SCSCF,S:SCSCF,MTAS,S:SCSCF,MTAS,P-200:SCSCF,PCSCF,P-200:SCSCF,PCSCF,S:PCSCF,SCSCF,P:MTAS,SCSCF,P:SCSCF,GTW,P:GTW,SCSCF,P-200:SCSCF,MTAS,P-200:SCSCF,PCSCF,P-200:GTW,SCSCF,I-200:SCSCF,MTAS,I-200:SCSCF,PCSCF,I-200:PCSCF,SCSCF,A:SCSCF,MTAS,A:MTAS,SCSCF,A:SCSCF,GTW,A:PCSCF,SCSCF,B:MTAS,SCSCF,B:SCSCF,GTW,B:GTW,SCSCF,B-200:SCSCF,MTAS,B-200:SCSCF,PCSCF,B-200"
108,108,0,1,0.3530915,"PCSCF,SCSCF,I:SCSCF,ASLI,I:ASLI,SCSCF,T:ASLI,SCSCF,I-500:SCSCF,PCSCF,T:MTAS,SCSCF,I:SCSCF,MTAS,T:SCSCF,ASLI,A:SCSCF,GTW,I:GTW,SCSCF,T:GTW,SCSCF,S:SCSCF,MTAS,S:SCSCF,PCSCF,S:PCSCF,SCSCF,P:MTAS,SCSCF,P:SCSCF,GTW,P:GTW,SCSCF,P-200:SCSCF,MTAS,P-200:SCSCF,PCSCF,P-200:GTW,SCSCF,R:SCSCF,MTAS,R:SCSCF,PCSCF,R:PCSCF,SCSCF,P:MTAS,SCSCF,P:SCSCF,GTW,P:GTW,SCSCF,P-200:SCSCF,MTAS,P-200:SCSCF,PCSCF,P-200:PCSCF,SCSCF,C:SCSCF,PCSCF,C-200:MTAS,SCSCF,C:SCSCF,MTAS,C-200:SCSCF,GTW,C:GTW,SCSCF,C-200:GTW,SCSCF,I-487:SCSCF,GTW,A:SCSCF,MTAS,I-487:MTAS,SCSCF,A:SCSCF,PCSCF,I-487:PCSCF,SCSCF,A"
109,109,0,0,0.9960322,"GTW,ICSCF,I:ICSCF,GTW,T:SCSCF,ASLI,I:ASLI,SCSCF,T:ASLI,SCSCF,I-500:SCSCF,ASLI,A:SCSCF,MTAS,I:MTAS,SCSCF,T:MTAS,SCSCF,I:SCSCF,MTAS,T:SCSCF,PCSCF,I:PCSCF,SCSCF,T:PCSCF,SCSCF,R:SCSCF,MTAS,R:MTAS,SCSCF,R:ICSCF,GTW,R:GTW,SCSCF,P:SCSCF,MTAS,P:MTAS,SCSCF,P:SCSCF,PCSCF,P:SCSCF,MTAS,P-200:MTAS,SCSCF,P-200:SCSCF,GTW,P-200:PCSCF,SCSCF,P-200:SCSCF,MTAS,I-200:MTAS,SCSCF,I-200:PCSCF,SCSCF,I-200:ICSCF,GTW,I-200:GTW,SCSCF,A:SCSCF,MTAS,A:MTAS,SCSCF,A:SCSCF,PCSCF,A:GTW,SCSCF,B:SCSCF,MTAS,B:MTAS,SCSCF,B:SCSCF,PCSCF,B:PCSCF,SCSCF,B-200:SCSCF,MTAS,B-200:MTAS,SCSCF,B-200:SCSCF,GTW,B-200"
110,110,0,0,0.9766357,"GTW,ICSCF,I:ICSCF,GTW,T:SCSCF,ASLI,I:ASLI,SCSCF,T:ASLI,SCSCF,I-500:SCSCF,ASLI,A:SCSCF,MTAS,I:MTAS,SCSCF,T:MTAS,SCSCF,I:SCSCF,MTAS,T:SCSCF,PCSCF,I:PCSCF,SCSCF,T:PCSCF,SCSCF,R:SCSCF,MTAS,R:MTAS,SCSCF,R:ICSCF,GTW,R:GTW,SCSCF,P:SCSCF,MTAS,P:MTAS,SCSCF,P:SCSCF,PCSCF,P:PCSCF,SCSCF,P-200:SCSCF,MTAS,P-200:MTAS,SCSCF,P-200:SCSCF,GTW,P-200:PCSCF,SCSCF,I-200:SCSCF,MTAS,I-200:MTAS,SCSCF,I-200:ICSCF,GTW,I-200:GTW,SCSCF,A:SCSCF,MTAS,A:MTAS,SCSCF,A:SCSCF,PCSCF,A:MTAS,SCSCF,U:SCSCF,PCSCF,U:SCSCF,GTW,U:GTW,SCSCF,U-200:SCSCF,MTAS,U-200:PCSCF,SCSCF,U-200:SCSCF,MTAS,U-200:MTAS,SCSCF,U:SCSCF,GTW,U:GTW,SCSCF,U-200:SCSCF,MTAS,U-200:MTAS,SCSCF,U:SCSCF,PCSCF,U:PCSCF,SCSCF,U-200:SCSCF,MTAS,U-200:MTAS,SCSCF,U:SCSCF,GTW,U:GTW,SCSCF,U-200:SCSCF,MTAS,U-200:MTAS,SCSCF,U:SCSCF,PCSCF,U:PCSCF,SCSCF,U-200:SCSCF,MTAS,U-200:GTW,SCSCF,B:SCSCF,MTAS,B:MTAS,SCSCF,B:SCSCF,PCSCF,B:PCSCF,SCSCF,B-200:SCSCF,MTAS,B-200:MTAS,SCSCF,B-200:SCSCF,GTW,B-200"
111,111,0,1,0.32723728,"GTW,ICSCF,I:ICSCF,GTW,T:SCSCF,ASLI,I:ASLI,SCSCF,T:ASLI,SCSCF,I-500:SCSCF,ASLI,A:SCSCF,MTAS,I:MTAS,SCSCF,T:MTAS,SCSCF,I:SCSCF,MTAS,T:SCSCF,PCSCF,I:PCSCF,SCSCF,T:PCSCF,SCSCF,R:SCSCF,MTAS,R:MTAS,SCSCF,R:ICSCF,GTW,R:GTW,SCSCF,P:SCSCF,MTAS,P:MTAS,SCSCF,P:SCSCF,PCSCF,P:PCSCF,SCSCF,P-200:SCSCF,MTAS,P-200:MTAS,SCSCF,P-200:SCSCF,GTW,P-200:PCSCF,SCSCF,I-200:SCSCF,MTAS,I-200:MTAS,SCSCF,I-200:ICSCF,GTW,I-200:GTW,SCSCF,A:SCSCF,MTAS,A:MTAS,SCSCF,A:SCSCF,PCSCF,A:MTAS,SCSCF,U:SCSCF,PCSCF,U:PCSCF,SCSCF,U-200:MTAS,SCSCF,U:SCSCF,MTAS,U-200:SCSCF,GTW,U:GTW,SCSCF,U-200:SCSCF,MTAS,U-200:MTAS,SCSCF,U:SCSCF,PCSCF,U:SCSCF,GTW,U:GTW,SCSCF,U-200:SCSCF,MTAS,U-200:PCSCF,SCSCF,U-200:SCSCF,MTAS,U-200:MTAS,SCSCF,U:SCSCF,GTW,U:GTW,SCSCF,U-200:SCSCF,MTAS,U-200:MTAS,SCSCF,U:SCSCF,PCSCF,U:PCSCF,SCSCF,U-200:SCSCF,MTAS,U-200:MTAS,SCSCF,U:SCSCF,GTW,U:GTW,SCSCF,U-200:SCSCF,MTAS,U-200:MTAS,SCSCF,U:SCSCF,PCSCF,U:PCSCF,SCSCF,U-200:SCSCF,MTAS,U-200:MTAS,SCSCF,U:SCSCF,GTW,U:GTW,SCSCF,U-200:SCSCF,MTAS,U-200:MTAS,SCSCF,U:SCSCF,PCSCF,U:PCSCF,SCSCF,U-200:SCSCF,MTAS,U-200:PCSCF,SCSCF,B:SCSCF,MTAS,B:MTAS,SCSCF,B:SCSCF,GTW,B:GTW,SCSCF,B-200:SCSCF,MTAS,B-200:MTAS,SCSCF,B-200:SCSCF,PCSCF,B-200"
112,112,0,1,0.840933,"GTW,ICSCF,I:ICSCF,GTW,T:SCSCF,ASLI,I:ASLI,SCSCF,T:ASLI,SCSCF,I-500:SCSCF,MTAS,I:SCSCF,ASLI,A:MTAS,SCSCF,T:MTAS,SCSCF,W:ICSCF,GTW,W:MTAS,SCSCF,I:SCSCF,MTAS,T:SCSCF,GTW,I:GTW,SCSCF,T:GTW,SCSCF,S:SCSCF,MTAS,S:MTAS,SCSCF,S:ICSCF,GTW,S:GTW,SCSCF,P:SCSCF,MTAS,P:MTAS,SCSCF,P:SCSCF,GTW,P:GTW,SCSCF,P-200:SCSCF,MTAS,P-200:GTW,SCSCF,S:MTAS,SCSCF,P-200:SCSCF,MTAS,S:MTAS,SCSCF,S:SCSCF,GTW,P-200:ICSCF,GTW,S:GTW,SCSCF,P:SCSCF,MTAS,P:MTAS,SCSCF,P:SCSCF,GTW,P:GTW,SCSCF,P-200:GTW,SCSCF,S:SCSCF,MTAS,P-200:SCSCF,MTAS,S:MTAS,SCSCF,P-200:SCSCF,GTW,P-200:MTAS,SCSCF,S:ICSCF,GTW,S:GTW,SCSCF,P:SCSCF,MTAS,P:MTAS,SCSCF,P:SCSCF,GTW,P:GTW,SCSCF,P-200:SCSCF,MTAS,P-200:MTAS,SCSCF,P-200:SCSCF,GTW,P-200:GTW,SCSCF,R:SCSCF,MTAS,R:MTAS,SCSCF,R:ICSCF,GTW,R:GTW,SCSCF,P:SCSCF,MTAS,P:MTAS,SCSCF,P:SCSCF,GTW,P:GTW,SCSCF,P-200:SCSCF,MTAS,P-200:MTAS,SCSCF,P-200:SCSCF,GTW,P-200:GTW,ICSCF,C:ICSCF,GTW,C-200:SCSCF,MTAS,C:MTAS,SCSCF,C-200:MTAS,SCSCF,C:SCSCF,MTAS,C-200:SCSCF,GTW,C:MTAS,SCSCF,I-487:SCSCF,MTAS,A:ICSCF,GTW,I-487:GTW,SCSCF,C-200:GTW,ICSCF,A:GTW,SCSCF,I-487:SCSCF,GTW,A:SCSCF,MTAS,I-487:MTAS,SCSCF,A"
113,113,0,1,0.5685247,"GTW,ICSCF,I:ICSCF,GTW,T:SCSCF,ASLI,I:ASLI,SCSCF,T:ASLI,SCSCF,I-500:SCSCF,MTAS,I:MTAS,SCSCF,T:MTAS,SCSCF,I:SCSCF,MTAS,T:SCSCF,PCSCF,I:PCSCF,SCSCF,T:SCSCF,ASLI,A:PCSCF,SCSCF,R:SCSCF,MTAS,R:MTAS,SCSCF,R:ICSCF,GTW,R:GTW,SCSCF,P:SCSCF,MTAS,P:MTAS,SCSCF,P:SCSCF,PCSCF,P:PCSCF,SCSCF,P-200:SCSCF,MTAS,P-200:MTAS,SCSCF,P-200:SCSCF,GTW,P-200:PCSCF,SCSCF,I-200:SCSCF,MTAS,I-200:MTAS,SCSCF,I-200:ICSCF,GTW,I-200:GTW,SCSCF,A:SCSCF,MTAS,A:MTAS,SCSCF,A:SCSCF,PCSCF,A:MTAS,SCSCF,U:SCSCF,GTW,U:GTW,SCSCF,U-200:SCSCF,MTAS,U-200:SCSCF,PCSCF,U:PCSCF,SCSCF,U-200:SCSCF,MTAS,U-200:PCSCF,SCSCF,B:SCSCF,MTAS,B:MTAS,SCSCF,B:SCSCF,GTW,B:GTW,SCSCF,B-200:SCSCF,MTAS,B-200:MTAS,SCSCF,B-200:SCSCF,PCSCF,B-200"
114,114,0,0,0.8903467,"PCSCF,SCSCF,I:SCSCF,PCSCF,T:SCSCF,PCSCF,I-407:PCSCF,SCSCF,A:PCSCF,SCSCF,I:SCSCF,ASLI,I:ASLI,SCSCF,T:ASLI,SCSCF,I-500:SCSCF,ASLI,A:MTAS,SCSCF,I:SCSCF,MTAS,T:SCSCF,GTW,I:GTW,SCSCF,T:SCSCF,PCSCF,T:GTW,SCSCF,R:SCSCF,MTAS,R:SCSCF,PCSCF,R:PCSCF,SCSCF,P:MTAS,SCSCF,P:SCSCF,GTW,P:GTW,SCSCF,P-200:SCSCF,MTAS,P-200:SCSCF,PCSCF,P-200:GTW,SCSCF,I-200:SCSCF,MTAS,I-200:SCSCF,PCSCF,I-200:PCSCF,SCSCF,A:SCSCF,MTAS,A:MTAS,SCSCF,A:SCSCF,GTW,A:MTAS,SCSCF,U:SCSCF,GTW,U:GTW,SCSCF,U-200:SCSCF,MTAS,U-200:MTAS,SCSCF,U:SCSCF,PCSCF,U:PCSCF,SCSCF,U-200:SCSCF,MTAS,U-200:PCSCF,SCSCF,B:MTAS,SCSCF,B:SCSCF,GTW,B:GTW,SCSCF,B-200:SCSCF,MTAS,B-200:SCSCF,PCSCF,B-200"
115,115,0,1,0.44163072,"PCSCF,SCSCF,I:SCSCF,ASLI,I:ASLI,SCSCF,T:ASLI,SCSCF,I-500:SCSCF,ASLI,A:MTAS,SCSCF,I:SCSCF,MTAS,T:SCSCF,GTW,I:GTW,SCSCF,T:SCSCF,PCSCF,T:GTW,SCSCF,S:SCSCF,MTAS,S:SCSCF,PCSCF,S:PCSCF,SCSCF,P:MTAS,SCSCF,P:SCSCF,GTW,P:GTW,SCSCF,P-200:SCSCF,MTAS,P-200:SCSCF,PCSCF,P-200:GTW,SCSCF,R:SCSCF,MTAS,R:SCSCF,PCSCF,R:PCSCF,SCSCF,P:MTAS,SCSCF,P:SCSCF,GTW,P:GTW,SCSCF,P-200:SCSCF,MTAS,P-200:SCSCF,PCSCF,P-200:GTW,SCSCF,I-200:SCSCF,MTAS,I-200:SCSCF,PCSCF,I-200:PCSCF,SCSCF,A:SCSCF,MTAS,A:MTAS,SCSCF,A:SCSCF,GTW,A:MTAS,SCSCF,U:SCSCF,GTW,U:GTW,SCSCF,U-200:SCSCF,MTAS,U-200:MTAS,SCSCF,U:SCSCF,PCSCF,U:PCSCF,SCSCF,U-200:SCSCF,MTAS,U-200:PCSCF,SCSCF,B:MTAS,SCSCF,B:SCSCF,GTW,B:GTW,SCSCF,B-200:SCSCF,MTAS,B-200:SCSCF,PCSCF,B-200"
116,116,0,1,0.17662069,"PCSCF,SCSCF,I:SCSCF,ASLI,I:ASLI,SCSCF,T:ASLI,SCSCF,I-500:SCSCF,ASLI,A:SCSCF,PCSCF,T:MTAS,SCSCF,I:SCSCF,MTAS,T:SCSCF,GTW,I:GTW,SCSCF,T:GTW,SCSCF,R:SCSCF,MTAS,R:SCSCF,PCSCF,R:PCSCF,SCSCF,P:MTAS,SCSCF,P:SCSCF,GTW,P:GTW,SCSCF,P-200:SCSCF,MTAS,P-200:SCSCF,PCSCF,P-200:GTW,SCSCF,S:SCSCF,MTAS,S:SCSCF,PCSCF,S:PCSCF,SCSCF,P:MTAS,SCSCF,P:SCSCF,GTW,P:GTW,SCSCF,P-200:GTW,SCSCF,S:SCSCF,MTAS,P-200:SCSCF,MTAS,S:SCSCF,PCSCF,P-200:SCSCF,PCSCF,S:PCSCF,SCSCF,P:MTAS,SCSCF,P:SCSCF,GTW,P:GTW,SCSCF,P-200:GTW,SCSCF,S:SCSCF,MTAS,P-200:SCSCF,MTAS,S:SCSCF,PCSCF,P-200:SCSCF,PCSCF,S:PCSCF,SCSCF,P:MTAS,SCSCF,P:SCSCF,GTW,P:GTW,SCSCF,P-200:SCSCF,MTAS,P-200:SCSCF,PCSCF,P-200:GTW,SCSCF,R:SCSCF,MTAS,R:SCSCF,PCSCF,R:PCSCF,SCSCF,P:MTAS,SCSCF,P:SCSCF,GTW,P:GTW,SCSCF,P-200:SCSCF,MTAS,P-200:SCSCF,PCSCF,P-200:GTW,SCSCF,I-200:SCSCF,MTAS,I-200:SCSCF,PCSCF,I-200:PCSCF,SCSCF,A:SCSCF,MTAS,A:MTAS,SCSCF,A:SCSCF,GTW,A:MTAS,SCSCF,U:SCSCF,GTW,U:GTW,SCSCF,U-200:SCSCF,MTAS,U-200:MTAS,SCSCF,U:SCSCF,PCSCF,U:PCSCF,SCSCF,U-200:SCSCF,MTAS,U-200:MTAS,SCSCF,U:SCSCF,GTW,U:GTW,SCSCF,U-200:SCSCF,MTAS,U-200:MTAS,SCSCF,U:SCSCF,PCSCF,U:PCSCF,SCSCF,U-200:SCSCF,MTAS,U-200:MTAS,SCSCF,U:SCSCF,GTW,U:GTW,SCSCF,U-200:SCSCF,MTAS,U-200:MTAS,SCSCF,U:SCSCF,PCSCF,U:PCSCF,SCSCF,U-200:SCSCF,MTAS,U-200:MTAS,SCSCF,U:SCSCF,GTW,U:GTW,SCSCF,U-200:SCSCF,MTAS,U-200:MTAS,SCSCF,U:SCSCF,PCSCF,U:PCSCF,SCSCF,U-200:SCSCF,MTAS,U-200:GTW,SCSCF,B:MTAS,SCSCF,B:SCSCF,PCSCF,B:PCSCF,SCSCF,B-200:SCSCF,MTAS,B-200:SCSCF,GTW,B-200"
117,117,0,1,0.84836394,"PCSCF,SCSCF,I:SCSCF,PCSCF,T:SCSCF,ASLI,I:ASLI,SCSCF,T:ASLI,SCSCF,I-500:SCSCF,ASLI,A:MTAS,SCSCF,I:SCSCF,MTAS,T:SCSCF,GTW,I:GTW,SCSCF,T:GTW,SCSCF,R:SCSCF,MTAS,R:SCSCF,PCSCF,R:PCSCF,SCSCF,P:SCSCF,MTAS,P:MTAS,SCSCF,P:SCSCF,GTW,P:GTW,SCSCF,P-200:SCSCF,MTAS,P-200:MTAS,SCSCF,P-200:SCSCF,PCSCF,P-200:GTW,SCSCF,I-200:SCSCF,MTAS,I-200:SCSCF,PCSCF,I-200:PCSCF,SCSCF,A:SCSCF,MTAS,A:MTAS,SCSCF,A:SCSCF,GTW,A:MTAS,SCSCF,U:SCSCF,GTW,U:SCSCF,PCSCF,U:GTW,SCSCF,U-200:SCSCF,MTAS,U-200:PCSCF,SCSCF,U-200:SCSCF,MTAS,U-200:GTW,SCSCF,B:MTAS,SCSCF,B:SCSCF,PCSCF,B:PCSCF,SCSCF,B-200:SCSCF,MTAS,B-200:SCSCF,GTW,B-200"
118,118,0,1,0.49449405,"GTW,ICSCF,I:ICSCF,GTW,T:SCSCF,ASLI,I:ASLI,SCSCF,T:ASLI,SCSCF,I-500:SCSCF,ASLI,A:SCSCF,MTAS,I:MTAS,SCSCF,I:MTAS,SCSCF,T:SCSCF,MTAS,T:SCSCF,PCSCF,I:PCSCF,SCSCF,T:PCSCF,SCSCF,R:SCSCF,MTAS,R:MTAS,SCSCF,R:ICSCF,GTW,R:GTW,SCSCF,P:SCSCF,MTAS,P:MTAS,SCSCF,P:SCSCF,PCSCF,P:PCSCF,SCSCF,P-200:SCSCF,MTAS,P-200:MTAS,SCSCF,P-200:SCSCF,GTW,P-200:PCSCF,SCSCF,I-200:SCSCF,MTAS,I-200:MTAS,SCSCF,I-200:ICSCF,GTW,I-200:GTW,SCSCF,A:SCSCF,MTAS,A:MTAS,SCSCF,A:SCSCF,PCSCF,A:PCSCF,SCSCF,I:SCSCF,PCSCF,T:SCSCF,MTAS,I:MTAS,SCSCF,T:MTAS,SCSCF,I:SCSCF,MTAS,T:SCSCF,GTW,I:GTW,SCSCF,T:GTW,SCSCF,I-200:SCSCF,MTAS,I-200:MTAS,SCSCF,I-200:SCSCF,PCSCF,I-200:PCSCF,SCSCF,A:SCSCF,MTAS,A:MTAS,SCSCF,A:SCSCF,GTW,A:PCSCF,SCSCF,I:SCSCF,PCSCF,T:SCSCF,MTAS,I:MTAS,SCSCF,T:MTAS,SCSCF,I:SCSCF,MTAS,T:SCSCF,GTW,I:GTW,SCSCF,T:GTW,SCSCF,I-488:SCSCF,GTW,A:SCSCF,MTAS,I-488:MTAS,SCSCF,A:MTAS,SCSCF,I-488:SCSCF,MTAS,A:SCSCF,PCSCF,I-488:PCSCF,SCSCF,A:PCSCF,SCSCF,I:SCSCF,PCSCF,T:SCSCF,PCSCF,I-407:PCSCF,SCSCF,A:PCSCF,SCSCF,I:SCSCF,PCSCF,T:SCSCF,MTAS,I:MTAS,SCSCF,T:MTAS,SCSCF,I:SCSCF,MTAS,T:SCSCF,GTW,I:GTW,SCSCF,T:GTW,SCSCF,I-200:SCSCF,MTAS,I-200:MTAS,SCSCF,I-200:SCSCF,PCSCF,I-200:PCSCF,SCSCF,A:SCSCF,MTAS,A:MTAS,SCSCF,A:SCSCF,GTW,A:GTW,SCSCF,B:SCSCF,MTAS,B:MTAS,SCSCF,B:SCSCF,PCSCF,B:PCSCF,SCSCF,B-200:SCSCF,MTAS,B-200:MTAS,SCSCF,B-200:SCSCF,GTW,B-200"
119,119,0,0,0.88430226,"PCSCF,SCSCF,I:SCSCF,PCSCF,T:SCSCF,ASLI,I:ASLI,SCSCF,T:ASLI,SCSCF,I-500:SCSCF,ASLI,A:MTAS,SCSCF,I:SCSCF,MTAS,T:SCSCF,GTW,I:GTW,SCSCF,T:PCSCF,SCSCF,C:MTAS,SCSCF,C:SCSCF,MTAS,C-200:SCSCF,GTW,C:GTW,SCSCF,C-200:SCSCF,PCSCF,C-200:GTW,SCSCF,I-487:SCSCF,GTW,A:SCSCF,MTAS,I-487:MTAS,SCSCF,A:SCSCF,PCSCF,I-487:PCSCF,SCSCF,A"
120,120,0,1,0.8306627,"PCSCF,SCSCF,I:SCSCF,ASLI,I:SCSCF,PCSCF,T:ASLI,SCSCF,T:ASLI,SCSCF,I-500:SCSCF,ASLI,A:MTAS,SCSCF,I:SCSCF,MTAS,T:GTW,SCSCF,T:SCSCF,GTW,I:GTW,SCSCF,S:SCSCF,MTAS,S:SCSCF,PCSCF,S:PCSCF,SCSCF,P:SCSCF,MTAS,P:MTAS,SCSCF,P:SCSCF,GTW,P:GTW,SCSCF,P-200:SCSCF,MTAS,P-200:SCSCF,PCSCF,P-200:MTAS,SCSCF,P-200:GTW,SCSCF,R:SCSCF,MTAS,R:SCSCF,PCSCF,R:PCSCF,SCSCF,P:SCSCF,MTAS,P:MTAS,SCSCF,P:GTW,SCSCF,P-200:SCSCF,GTW,P:SCSCF,MTAS,P-200:MTAS,SCSCF,P-200:SCSCF,PCSCF,P-200:GTW,SCSCF,I-200:SCSCF,MTAS,I-200:SCSCF,PCSCF,I-200:PCSCF,SCSCF,A:SCSCF,MTAS,A:MTAS,SCSCF,A:SCSCF,GTW,A:PCSCF,SCSCF,B:SCSCF,MTAS,B:MTAS,SCSCF,B:SCSCF,GTW,B:GTW,SCSCF,B-200:SCSCF,MTAS,B-200:MTAS,SCSCF,B-200:SCSCF,PCSCF,B-200"
121,121,0,1,0.25041458,"PCSCF,SCSCF,I:SCSCF,ASLI,I:ASLI,SCSCF,T:SCSCF,PCSCF,T:ASLI,SCSCF,I-500:SCSCF,ASLI,A:MTAS,SCSCF,I:SCSCF,MTAS,T:SCSCF,GTW,I:GTW,SCSCF,T:GTW,SCSCF,S:SCSCF,MTAS,S:SCSCF,PCSCF,S:PCSCF,SCSCF,P:SCSCF,MTAS,P:MTAS,SCSCF,P:SCSCF,GTW,P:GTW,SCSCF,P-200:GTW,SCSCF,S:SCSCF,MTAS,P-200:SCSCF,MTAS,S:MTAS,SCSCF,P-200:SCSCF,PCSCF,P-200:SCSCF,PCSCF,S:PCSCF,SCSCF,P:SCSCF,MTAS,P:MTAS,SCSCF,P:SCSCF,GTW,P:GTW,SCSCF,P-200:GTW,SCSCF,S:SCSCF,MTAS,P-200:SCSCF,MTAS,S:MTAS,SCSCF,P-200:SCSCF,PCSCF,P-200:SCSCF,PCSCF,S:PCSCF,SCSCF,P:SCSCF,MTAS,P:MTAS,SCSCF,P:SCSCF,GTW,P:GTW,SCSCF,P-200:GTW,SCSCF,R:SCSCF,MTAS,R:SCSCF,MTAS,P-200:MTAS,SCSCF,P-200:SCSCF,PCSCF,P-200:SCSCF,PCSCF,R:PCSCF,SCSCF,P:SCSCF,MTAS,P:MTAS,SCSCF,P:SCSCF,GTW,P:GTW,SCSCF,P-200:SCSCF,MTAS,P-200:MTAS,SCSCF,P-200:SCSCF,PCSCF,P-200:PCSCF,SCSCF,C:SCSCF,PCSCF,C-200:MTAS,SCSCF,C:SCSCF,MTAS,C-200:SCSCF,GTW,C:GTW,SCSCF,C-200:GTW,SCSCF,I-487:SCSCF,GTW,A:SCSCF,MTAS,I-487:MTAS,SCSCF,A:SCSCF,PCSCF,I-487:PCSCF,SCSCF,A"
122,122,0,0,0.9960322,"GTW,ICSCF,I:ICSCF,GTW,T:SCSCF,ASLI,I:ASLI,SCSCF,T:ASLI,SCSCF,I-500:SCSCF,ASLI,A:SCSCF,MTAS,I:MTAS,SCSCF,T:MTAS,SCSCF,I:SCSCF,MTAS,T:SCSCF,PCSCF,I:PCSCF,SCSCF,T:PCSCF,SCSCF,R:SCSCF,MTAS,R:MTAS,SCSCF,R:ICSCF,GTW,R:GTW,SCSCF,P:SCSCF,MTAS,P:MTAS,SCSCF,P:SCSCF,PCSCF,P:PCSCF,SCSCF,P-200:SCSCF,MTAS,P-200:MTAS,SCSCF,P-200:SCSCF,GTW,P-200:PCSCF,SCSCF,I-200:SCSCF,MTAS,I-200:ICSCF,GTW,I-200:MTAS,SCSCF,I-200:GTW,SCSCF,A:SCSCF,MTAS,A:MTAS,SCSCF,A:SCSCF,PCSCF,A:PCSCF,SCSCF,B:SCSCF,MTAS,B:MTAS,SCSCF,B:SCSCF,GTW,B:GTW,SCSCF,B-200:SCSCF,MTAS,B-200:MTAS,SCSCF,B-200:SCSCF,PCSCF,B-200"
123,123,0,0,0.91668314,"GTW,ICSCF,I:ICSCF,GTW,T:SCSCF,ASLI,I:ASLI,SCSCF,T:ASLI,SCSCF,I-500:SCSCF,ASLI,A:SCSCF,MTAS,I:MTAS,SCSCF,I:SCSCF,MTAS,T:MTAS,SCSCF,T:SCSCF,PCSCF,I:PCSCF,SCSCF,T:PCSCF,SCSCF,R:SCSCF,MTAS,R:MTAS,SCSCF,R:ICSCF,GTW,R:GTW,SCSCF,P:SCSCF,MTAS,P:MTAS,SCSCF,P:SCSCF,PCSCF,P:PCSCF,SCSCF,P-200:SCSCF,MTAS,P-200:MTAS,SCSCF,P-200:SCSCF,GTW,P-200:PCSCF,SCSCF,I-200:SCSCF,MTAS,I-200:MTAS,SCSCF,I-200:ICSCF,GTW,I-200:GTW,SCSCF,A:SCSCF,MTAS,A:MTAS,SCSCF,A:SCSCF,PCSCF,A:MTAS,SCSCF,U:SCSCF,PCSCF,U:MTAS,SCSCF,U:SCSCF,GTW,U:PCSCF,SCSCF,U-200:GTW,SCSCF,U-200:SCSCF,MTAS,U-200:GTW,SCSCF,B:SCSCF,MTAS,B:MTAS,SCSCF,B:SCSCF,PCSCF,B:PCSCF,SCSCF,B-200:SCSCF,MTAS,B-200:MTAS,SCSCF,B-200:SCSCF,GTW,B-200"
124,124,0,1,0.52216077,"GTW,ICSCF,I:ICSCF,GTW,T:SCSCF,ASLI,I:ASLI,SCSCF,T:ASLI,SCSCF,I-500:SCSCF,ASLI,A:SCSCF,MTAS,I:MTAS,SCSCF,T:MTAS,SCSCF,I:SCSCF,MTAS,T:SCSCF,PCSCF,I:PCSCF,SCSCF,T:PCSCF,SCSCF,R:SCSCF,MTAS,R:MTAS,SCSCF,R:ICSCF,GTW,R:GTW,SCSCF,P:SCSCF,MTAS,P:MTAS,SCSCF,P:SCSCF,PCSCF,P:PCSCF,SCSCF,P-200:SCSCF,MTAS,P-200:MTAS,SCSCF,P-200:SCSCF,GTW,P-200:PCSCF,SCSCF,I-200:SCSCF,MTAS,I-200:MTAS,SCSCF,I-200:ICSCF,GTW,I-200:GTW,SCSCF,A:SCSCF,MTAS,A:MTAS,SCSCF,A:SCSCF,PCSCF,A:PCSCF,SCSCF,I:SCSCF,PCSCF,T:SCSCF,MTAS,I:MTAS,SCSCF,T:MTAS,SCSCF,I:SCSCF,MTAS,T:SCSCF,GTW,I:GTW,SCSCF,T:GTW,SCSCF,I-200:SCSCF,MTAS,I-200:MTAS,SCSCF,I-200:SCSCF,PCSCF,I-200:GTW,SCSCF,B:SCSCF,MTAS,B:MTAS,SCSCF,B:SCSCF,PCSCF,B:PCSCF,SCSCF,B-200:SCSCF,MTAS,B-200:MTAS,SCSCF,B-200:SCSCF,GTW,B-200"
125,125,0,1,0.80933154,"GTW,ICSCF,I:ICSCF,GTW,T:SCSCF,ASLI,I:ASLI,SCSCF,T:ASLI,SCSCF,I-500:SCSCF,ASLI,A:SCSCF,MTAS,I:MTAS,SCSCF,T:MTAS,SCSCF,I:SCSCF,MTAS,T:SCSCF,GTW,I:GTW,SCSCF,T:MTAS,SCSCF,W:ICSCF,GTW,W:GTW,SCSCF,S:SCSCF,MTAS,S:MTAS,SCSCF,S:ICSCF,GTW,S:GTW,SCSCF,P:SCSCF,MTAS,P:MTAS,SCSCF,P:SCSCF,GTW,P:GTW,SCSCF,P-200:SCSCF,MTAS,P-200:MTAS,SCSCF,P-200:SCSCF,GTW,P-200:GTW,SCSCF,R:SCSCF,MTAS,R:MTAS,SCSCF,R:ICSCF,GTW,R:GTW,SCSCF,P:SCSCF,MTAS,P:MTAS,SCSCF,P:SCSCF,GTW,P:GTW,SCSCF,P-200:SCSCF,MTAS,P-200:MTAS,SCSCF,P-200:SCSCF,GTW,P-200:GTW,SCSCF,I-200:SCSCF,MTAS,I-200:MTAS,SCSCF,I-200:ICSCF,GTW,I-200:GTW,SCSCF,A:SCSCF,MTAS,A:MTAS,SCSCF,A:SCSCF,GTW,A:GTW,SCSCF,B:SCSCF,MTAS,B:MTAS,SCSCF,B:SCSCF,GTW,B:GTW,SCSCF,B-200:SCSCF,MTAS,B-200:MTAS,SCSCF,B-200:SCSCF,GTW,B-200"
126,126,0,1,0.57863146,"PCSCF,SCSCF,I:SCSCF,PCSCF,T:SCSCF,PCSCF,I-407:PCSCF,SCSCF,A:PCSCF,SCSCF,I:SCSCF,PCSCF,T:SCSCF,ASLI,I:ASLI,SCSCF,T:ASLI,SCSCF,I-500:SCSCF,ASLI,A:MTAS,SCSCF,I:SCSCF,MTAS,T:SCSCF,GTW,I:GTW,SCSCF,T:GTW,SCSCF,S:SCSCF,MTAS,S:SCSCF,PCSCF,S:PCSCF,SCSCF,P:MTAS,SCSCF,P:SCSCF,GTW,P:GTW,SCSCF,P-200:SCSCF,MTAS,P-200:SCSCF,PCSCF,P-200:GTW,SCSCF,S:SCSCF,MTAS,S:SCSCF,PCSCF,S:PCSCF,SCSCF,P:MTAS,SCSCF,P:SCSCF,GTW,P:GTW,SCSCF,P-200:SCSCF,MTAS,P-200:SCSCF,PCSCF,P-200:GTW,SCSCF,I-200:SCSCF,MTAS,I-200:SCSCF,PCSCF,I-200:PCSCF,SCSCF,A:SCSCF,MTAS,A:MTAS,SCSCF,A:SCSCF,GTW,A:PCSCF,SCSCF,B:MTAS,SCSCF,B:SCSCF,GTW,B:GTW,SCSCF,B-200:SCSCF,MTAS,B-200:SCSCF,PCSCF,B-200"
127,127,0,1,0.3380621,"GTW,ICSCF,I:ICSCF,GTW,T:SCSCF,ASLI,I:ASLI,SCSCF,T:ASLI,SCSCF,I-500:SCSCF,ASLI,A:SCSCF,MTAS,I:MTAS,SCSCF,T:MTAS,SCSCF,I-486:SCSCF,MTAS,A:ICSCF,GTW,I-486:GTW,ICSCF,A"
128,128,0,0,0.9034669,"PCSCF,SCSCF,I:SCSCF,PCSCF,T:SCSCF,PCSCF,I-407:PCSCF,SCSCF,A:PCSCF,SCSCF,I:SCSCF,ASLI,I:ASLI,SCSCF,T:ASLI,SCSCF,I-500:SCSCF,ASLI,A:SCSCF,PCSCF,T:MTAS,SCSCF,I:SCSCF,MTAS,T:SCSCF,GTW,I:GTW,SCSCF,T:GTW,SCSCF,I-200:SCSCF,MTAS,I-200:SCSCF,PCSCF,I-200:PCSCF,SCSCF,A:SCSCF,MTAS,A:MTAS,SCSCF,A:SCSCF,GTW,A:GTW,SCSCF,B:MTAS,SCSCF,B:SCSCF,PCSCF,B:PCSCF,SCSCF,B-200:SCSCF,MTAS,B-200:SCSCF,GTW,B-200"
129,129,0,1,0.6111359,"PCSCF,SCSCF,I:SCSCF,PCSCF,T:SCSCF,PCSCF,I-407:PCSCF,SCSCF,A:PCSCF,SCSCF,I:SCSCF,PCSCF,T:SCSCF,ASLI,I:ASLI,SCSCF,T:ASLI,SCSCF,I-500:SCSCF,ASLI,A:MTAS,SCSCF,I:SCSCF,MTAS,T:SCSCF,GTW,I:GTW,SCSCF,T:GTW,SCSCF,S:SCSCF,MTAS,S:SCSCF,PCSCF,S:PCSCF,SCSCF,P:SCSCF,MTAS,P:MTAS,SCSCF,P:SCSCF,GTW,P:GTW,SCSCF,P-200:GTW,SCSCF,S:SCSCF,MTAS,P-200:SCSCF,MTAS,S:MTAS,SCSCF,P-200:SCSCF,PCSCF,P-200:SCSCF,PCSCF,S:PCSCF,SCSCF,P:SCSCF,MTAS,P:MTAS,SCSCF,P:SCSCF,GTW,P:GTW,SCSCF,P-200:GTW,SCSCF,S:SCSCF,MTAS,S:SCSCF,MTAS,P-200:MTAS,SCSCF,P-200:SCSCF,PCSCF,P-200:SCSCF,PCSCF,S:PCSCF,SCSCF,P:SCSCF,MTAS,P:MTAS,SCSCF,P:SCSCF,GTW,P:GTW,SCSCF,P-200:GTW,SCSCF,R:SCSCF,MTAS,P-200:SCSCF,MTAS,R:MTAS,SCSCF,P-200:SCSCF,PCSCF,P-200:SCSCF,PCSCF,R:PCSCF,SCSCF,P:SCSCF,MTAS,P:MTAS,SCSCF,P:SCSCF,GTW,P:GTW,SCSCF,P-200:SCSCF,MTAS,P-200:MTAS,SCSCF,P-200:SCSCF,PCSCF,P-200:GTW,SCSCF,I-200:SCSCF,MTAS,I-200:SCSCF,PCSCF,I-200:PCSCF,SCSCF,A:SCSCF,MTAS,A:MTAS,SCSCF,A:SCSCF,GTW,A:PCSCF,SCSCF,B:MTAS,SCSCF,B:SCSCF,GTW,B:GTW,SCSCF,B-200:SCSCF,MTAS,B-200:SCSCF,PCSCF,B-200"
130,130,0,0,0.90752417,"MTAS,SCSCF,I:SCSCF,MTAS,T:SCSCF,ASLI,I:ASLI,SCSCF,T:ASLI,SCSCF,I-500:SCSCF,MTAS,I:SCSCF,ASLI,A:MTAS,SCSCF,T:MTAS,SCSCF,I-486:SCSCF,MTAS,A:SCSCF,MTAS,I-486:MTAS,SCSCF,A"
131,131,0,1,0.64210457,"PCSCF,SCSCF,I:SCSCF,ASLI,I:ASLI,SCSCF,T:ASLI,SCSCF,I-500:SCSCF,ASLI,A:SCSCF,PCSCF,T:MTAS,SCSCF,I:SCSCF,MTAS,T:SCSCF,GTW,I:GTW,SCSCF,T:GTW,SCSCF,S:SCSCF,MTAS,S:SCSCF,PCSCF,S:PCSCF,SCSCF,P:MTAS,SCSCF,P:SCSCF,GTW,P:GTW,SCSCF,P-200:GTW,SCSCF,S:SCSCF,MTAS,P-200:SCSCF,MTAS,S:SCSCF,PCSCF,P-200:SCSCF,PCSCF,S:PCSCF,SCSCF,P:MTAS,SCSCF,P:SCSCF,GTW,P:GTW,SCSCF,P-200:SCSCF,MTAS,P-200:SCSCF,PCSCF,P-200:GTW,SCSCF,R:SCSCF,MTAS,R:SCSCF,PCSCF,R:PCSCF,SCSCF,P:MTAS,SCSCF,P:SCSCF,GTW,P:GTW,SCSCF,P-200:SCSCF,MTAS,P-200:SCSCF,PCSCF,P-200:PCSCF,SCSCF,C:SCSCF,PCSCF,C-200:MTAS,SCSCF,C:SCSCF,MTAS,C-200:SCSCF,GTW,C:GTW,SCSCF,C-200:GTW,SCSCF,I-487:SCSCF,GTW,A:SCSCF,MTAS,I-487:MTAS,SCSCF,A:SCSCF,PCSCF,I-487:PCSCF,SCSCF,A"
132,132,0,0,0.9859491,"GTW,ICSCF,I:ICSCF,GTW,T:SCSCF,ASLI,I:ASLI,SCSCF,T:ASLI,SCSCF,I-500:SCSCF,ASLI,A:SCSCF,MTAS,I:MTAS,SCSCF,T:MTAS,SCSCF,I:SCSCF,MTAS,T:SCSCF,PCSCF,I:PCSCF,SCSCF,T:PCSCF,SCSCF,R:SCSCF,MTAS,R:MTAS,SCSCF,R:ICSCF,GTW,R:GTW,SCSCF,P:SCSCF,MTAS,P:MTAS,SCSCF,P:SCSCF,PCSCF,P:PCSCF,SCSCF,P-200:SCSCF,MTAS,P-200:MTAS,SCSCF,P-200:SCSCF,GTW,P-200:PCSCF,SCSCF,I-200:SCSCF,MTAS,I-200:MTAS,SCSCF,I-200:ICSCF,GTW,I-200:GTW,SCSCF,A:SCSCF,MTAS,A:MTAS,SCSCF,A:SCSCF,PCSCF,A:MTAS,SCSCF,U:SCSCF,PCSCF,U:PCSCF,SCSCF,U-200:SCSCF,MTAS,U-200:MTAS,SCSCF,U:SCSCF,GTW,U:GTW,SCSCF,U-200:SCSCF,MTAS,U-200:MTAS,SCSCF,U:SCSCF,PCSCF,U:PCSCF,SCSCF,U-200:SCSCF,MTAS,U-200:MTAS,SCSCF,U:SCSCF,GTW,U:GTW,SCSCF,U-200:SCSCF,MTAS,U-200:PCSCF,SCSCF,B:SCSCF,MTAS,B:MTAS,SCSCF,B:SCSCF,GTW,B:GTW,SCSCF,B-200:SCSCF,MTAS,B-200:MTAS,SCSCF,B-200:SCSCF,PCSCF,B-200"
133,133,0,0,0.89677525,"GTW,ICSCF,I:ICSCF,GTW,T:SCSCF,ASLI,I:ASLI,SCSCF,T:ASLI,SCSCF,I-500:SCSCF,ASLI,A:SCSCF,MTAS,I:MTAS,SCSCF,I:SCSCF,MTAS,T:SCSCF,PCSCF,I:PCSCF,SCSCF,T:MTAS,SCSCF,T:PCSCF,SCSCF,R:SCSCF,MTAS,R:MTAS,SCSCF,R:ICSCF,GTW,R:GTW,SCSCF,P:SCSCF,MTAS,P:MTAS,SCSCF,P:SCSCF,PCSCF,P:PCSCF,SCSCF,P-200:SCSCF,MTAS,P-200:MTAS,SCSCF,P-200:SCSCF,GTW,P-200:PCSCF,SCSCF,I-200:SCSCF,MTAS,I-200:MTAS,SCSCF,I-200:ICSCF,GTW,I-200:GTW,SCSCF,A:SCSCF,MTAS,A:MTAS,SCSCF,A:SCSCF,PCSCF,A:MTAS,SCSCF,U:SCSCF,PCSCF,U:PCSCF,SCSCF,U-200:SCSCF,MTAS,U-200:MTAS,SCSCF,U:SCSCF,GTW,U:GTW,SCSCF,U-200:SCSCF,MTAS,U-200:MTAS,SCSCF,U:SCSCF,PCSCF,U:PCSCF,SCSCF,U-200:SCSCF,MTAS,U-200:GTW,SCSCF,U-200:MTAS,SCSCF,U:SCSCF,GTW,U:SCSCF,MTAS,U-200:MTAS,SCSCF,U:SCSCF,PCSCF,U:PCSCF,SCSCF,U-200:SCSCF,MTAS,U-200:MTAS,SCSCF,U:SCSCF,GTW,U:GTW,SCSCF,U-200:SCSCF,MTAS,U-200:MTAS,SCSCF,U:SCSCF,PCSCF,U:PCSCF,SCSCF,U-200:SCSCF,MTAS,U-200:MTAS,SCSCF,U:SCSCF,GTW,U:GTW,SCSCF,U-200:SCSCF,MTAS,U-200:MTAS,SCSCF,U:SCSCF,GTW,U:GTW,SCSCF,U-200:SCSCF,MTAS,U-200:SCSCF,PCSCF,U:PCSCF,SCSCF,U-200:SCSCF,MTAS,U-200:MTAS,SCSCF,U:SCSCF,GTW,U:GTW,SCSCF,U-200:SCSCF,MTAS,U-200:MTAS,SCSCF,U:SCSCF,PCSCF,U:PCSCF,SCSCF,U-200:SCSCF,MTAS,U-200:MTAS,SCSCF,U:SCSCF,GTW,U:GTW,SCSCF,U-200:SCSCF,MTAS,U-200:MTAS,SCSCF,U:SCSCF,PCSCF,U:PCSCF,SCSCF,U-200:SCSCF,MTAS,U-200:MTAS,SCSCF,U:SCSCF,GTW,U:GTW,SCSCF,U-200:SCSCF,MTAS,U-200:MTAS,SCSCF,U:SCSCF,PCSCF,U:PCSCF,SCSCF,U-200:SCSCF,MTAS,U-200:MTAS,SCSCF,U:SCSCF,GTW,U:GTW,SCSCF,U-200:SCSCF,MTAS,U-200:MTAS,SCSCF,U:SCSCF,PCSCF,U:PCSCF,SCSCF,U-200:SCSCF,MTAS,U-200:PCSCF,SCSCF,B:SCSCF,MTAS,B:MTAS,SCSCF,B:SCSCF,GTW,B:GTW,SCSCF,B-200:SCSCF,MTAS,B-200:MTAS,SCSCF,B-200:SCSCF,PCSCF,B-200"
134,134,0,1,0.11368424,"PCSCF,SCSCF,I:SCSCF,PCSCF,T:SCSCF,ASLI,I:ASLI,SCSCF,T:ASLI,SCSCF,I-500:SCSCF,ASLI,A:MTAS,SCSCF,I:SCSCF,MTAS,T:SCSCF,GTW,I:GTW,SCSCF,T:GTW,SCSCF,S:SCSCF,MTAS,S:SCSCF,PCSCF,S:PCSCF,SCSCF,P:MTAS,SCSCF,P:SCSCF,GTW,P:GTW,SCSCF,P-200:SCSCF,MTAS,P-200:GTW,SCSCF,R:SCSCF,MTAS,R:SCSCF,PCSCF,P-200:SCSCF,PCSCF,R:PCSCF,SCSCF,P:MTAS,SCSCF,P:SCSCF,GTW,P:GTW,SCSCF,P-200:SCSCF,MTAS,P-200:SCSCF,PCSCF,P-200:GTW,SCSCF,I-200:SCSCF,MTAS,I-200:SCSCF,PCSCF,I-200:PCSCF,SCSCF,A:SCSCF,MTAS,A:MTAS,SCSCF,A:SCSCF,GTW,A:MTAS,SCSCF,U:SCSCF,GTW,U:GTW,SCSCF,U-200:SCSCF,MTAS,U-200:MTAS,SCSCF,U:SCSCF,PCSCF,U:PCSCF,SCSCF,U-200:SCSCF,MTAS,U-200:MTAS,SCSCF,U:SCSCF,GTW,U:GTW,SCSCF,U-200:SCSCF,MTAS,U-200:MTAS,SCSCF,U:SCSCF,PCSCF,U:PCSCF,SCSCF,U-200:SCSCF,MTAS,U-200:PCSCF,SCSCF,B:SCSCF,MTAS,B:MTAS,SCSCF,B:SCSCF,GTW,B:GTW,SCSCF,B-200:SCSCF,MTAS,B-200:MTAS,SCSCF,B-200:SCSCF,PCSCF,B-200"
135,135,0,1,0.81994885,"PCSCF,SCSCF,I:SCSCF,PCSCF,T:SCSCF,ASLI,I:ASLI,SCSCF,T:ASLI,SCSCF,I-500:SCSCF,ASLI,A:MTAS,SCSCF,I:SCSCF,MTAS,T:SCSCF,ASLI,I:ASLI,SCSCF,T:ASLI,SCSCF,I-500:SCSCF,ASLI,A:SCSCF,MTAS,I:MTAS,SCSCF,T:MTAS,SCSCF,I:SCSCF,MTAS,T:SCSCF,PCSCF,I:PCSCF,SCSCF,T:PCSCF,SCSCF,R:SCSCF,MTAS,R:MTAS,SCSCF,R:SCSCF,MTAS,R:SCSCF,PCSCF,R:PCSCF,SCSCF,P:MTAS,SCSCF,P:SCSCF,MTAS,P:MTAS,SCSCF,P:SCSCF,PCSCF,P:PCSCF,SCSCF,P-200:SCSCF,MTAS,P-200:MTAS,SCSCF,P-200:SCSCF,MTAS,P-200:SCSCF,PCSCF,P-200:PCSCF,SCSCF,C:SCSCF,PCSCF,C-200:MTAS,SCSCF,C:SCSCF,MTAS,C-200:SCSCF,MTAS,C:MTAS,SCSCF,C:SCSCF,MTAS,C-200:SCSCF,PCSCF,C:MTAS,SCSCF,C-200:PCSCF,SCSCF,C-200:PCSCF,SCSCF,I-487:SCSCF,PCSCF,A:SCSCF,MTAS,I-487:MTAS,SCSCF,A:MTAS,SCSCF,I-487:SCSCF,MTAS,A:SCSCF,MTAS,I-487:MTAS,SCSCF,A:SCSCF,PCSCF,I-487:PCSCF,SCSCF,A"
136,136,0,1,0.32996166,"PCSCF,SCSCF,I:SCSCF,PCSCF,T:SCSCF,PCSCF,I-407:PCSCF,SCSCF,A:PCSCF,SCSCF,I:SCSCF,PCSCF,T:SCSCF,ASLI,I:ASLI,SCSCF,T:ASLI,SCSCF,I-500:SCSCF,ASLI,A:MTAS,SCSCF,I:SCSCF,MTAS,T:SCSCF,GTW,I:GTW,SCSCF,T:GTW,SCSCF,R:SCSCF,MTAS,R:SCSCF,PCSCF,R:PCSCF,SCSCF,P:MTAS,SCSCF,P:SCSCF,GTW,P:GTW,SCSCF,P-200:SCSCF,MTAS,P-200:SCSCF,PCSCF,P-200:GTW,SCSCF,S:SCSCF,MTAS,S:SCSCF,PCSCF,S:PCSCF,SCSCF,P:MTAS,SCSCF,P:SCSCF,GTW,P:GTW,SCSCF,P-200:GTW,SCSCF,I-200:SCSCF,MTAS,P-200:SCSCF,MTAS,I-200:SCSCF,PCSCF,P-200:SCSCF,PCSCF,I-200:PCSCF,SCSCF,A:SCSCF,MTAS,A:MTAS,SCSCF,A:SCSCF,GTW,A:PCSCF,SCSCF,B:MTAS,SCSCF,B:SCSCF,GTW,B:GTW,SCSCF,B-200:SCSCF,MTAS,B-200:SCSCF,PCSCF,B-200"
137,137,0,1,0.7508229,"PCSCF,SCSCF,I:SCSCF,PCSCF,T:SCSCF,PCSCF,I-407:PCSCF,SCSCF,A:PCSCF,SCSCF,I:SCSCF,PCSCF,T:SCSCF,ASLI,I:ASLI,SCSCF,T:ASLI,SCSCF,I-500:SCSCF,ASLI,A:MTAS,SCSCF,I:SCSCF,MTAS,T:SCSCF,GTW,I:GTW,SCSCF,T:GTW,SCSCF,S:SCSCF,MTAS,S:SCSCF,PCSCF,S:PCSCF,SCSCF,P:SCSCF,MTAS,P:MTAS,SCSCF,P:SCSCF,GTW,P:GTW,SCSCF,P-200:GTW,SCSCF,R:SCSCF,MTAS,P-200:SCSCF,MTAS,R:MTAS,SCSCF,P-200:SCSCF,PCSCF,P-200:SCSCF,PCSCF,R:PCSCF,SCSCF,P:SCSCF,MTAS,P:MTAS,SCSCF,P:SCSCF,GTW,P:GTW,SCSCF,P-200:SCSCF,MTAS,P-200:MTAS,SCSCF,P-200:SCSCF,PCSCF,P-200:GTW,SCSCF,I-200:SCSCF,MTAS,I-200:SCSCF,PCSCF,I-200:PCSCF,SCSCF,A:SCSCF,MTAS,A:MTAS,SCSCF,A:SCSCF,GTW,A:PCSCF,SCSCF,B:MTAS,SCSCF,B:SCSCF,GTW,B:GTW,SCSCF,B-200:SCSCF,MTAS,B-200:SCSCF,PCSCF,B-200"
138,138,0,1,0.23654112,"PCSCF,SCSCF,I:SCSCF,PCSCF,T:SCSCF,ASLI,I:ASLI,SCSCF,T:ASLI,SCSCF,I-500:SCSCF,ASLI,A:MTAS,SCSCF,I:SCSCF,MTAS,T:SCSCF,ASLI,I:ASLI,SCSCF,T:ASLI,SCSCF,I-500:SCSCF,ASLI,A:SCSCF,MTAS,I:MTAS,SCSCF,T:MTAS,SCSCF,I:SCSCF,MTAS,T:SCSCF,PCSCF,I:PCSCF,SCSCF,T:PCSCF,SCSCF,R:SCSCF,MTAS,R:MTAS,SCSCF,R:SCSCF,MTAS,R:SCSCF,PCSCF,R:PCSCF,SCSCF,P:MTAS,SCSCF,P:SCSCF,MTAS,P:MTAS,SCSCF,P:SCSCF,PCSCF,P:PCSCF,SCSCF,P-200:SCSCF,MTAS,P-200:MTAS,SCSCF,P-200:SCSCF,MTAS,P-200:SCSCF,PCSCF,P-200:MTAS,SCSCF,I-200:PCSCF,SCSCF,I-200:SCSCF,MTAS,I-200:SCSCF,PCSCF,I-200:PCSCF,SCSCF,A:MTAS,SCSCF,A:SCSCF,MTAS,A:MTAS,SCSCF,A:SCSCF,PCSCF,A:PCSCF,SCSCF,B:SCSCF,MTAS,B:MTAS,SCSCF,B:SCSCF,PCSCF,B:PCSCF,SCSCF,B-200:SCSCF,MTAS,B-200:MTAS,SCSCF,B-200:SCSCF,PCSCF,B-200"
139,139,0,1,0.2658987,"PCSCF,SCSCF,I:SCSCF,ASLI,I:ASLI,SCSCF,T:SCSCF,PCSCF,T:ASLI,SCSCF,I-500:SCSCF,ASLI,A:MTAS,SCSCF,I:SCSCF,MTAS,T:SCSCF,GTW,I:GTW,SCSCF,T:GTW,SCSCF,S:SCSCF,MTAS,S:SCSCF,PCSCF,S:PCSCF,SCSCF,P:SCSCF,MTAS,P:MTAS,SCSCF,P:SCSCF,GTW,P:GTW,SCSCF,P-200:SCSCF,MTAS,P-200:MTAS,SCSCF,P-200:SCSCF,PCSCF,P-200:GTW,SCSCF,R:SCSCF,MTAS,R:SCSCF,PCSCF,R:PCSCF,SCSCF,P:SCSCF,MTAS,P:MTAS,SCSCF,P:SCSCF,GTW,P:GTW,SCSCF,P-200:SCSCF,MTAS,P-200:MTAS,SCSCF,P-200:SCSCF,PCSCF,P-200:GTW,SCSCF,I-200:SCSCF,MTAS,I-200:SCSCF,PCSCF,I-200:PCSCF,SCSCF,A:SCSCF,MTAS,A:MTAS,SCSCF,A:SCSCF,GTW,A:GTW,SCSCF,B:MTAS,SCSCF,B:SCSCF,PCSCF,B:PCSCF,SCSCF,B:SCSCF,MTAS,B:PCSCF,SCSCF,B-481:MTAS,SCSCF,B-200:SCSCF,MTAS,B-481:SCSCF,GTW,B-200:SCSCF,PCSCF,B-200"
140,140,0,1,0.37401775,"PCSCF,SCSCF,I:SCSCF,ASLI,I:ASLI,SCSCF,T:ASLI,SCSCF,I-500:SCSCF,ASLI,A:MTAS,SCSCF,I:SCSCF,MTAS,T:SCSCF,PCSCF,T:SCSCF,GTW,I:GTW,SCSCF,T:GTW,SCSCF,S:SCSCF,MTAS,S:SCSCF,PCSCF,S:PCSCF,SCSCF,P:SCSCF,MTAS,P:MTAS,SCSCF,P:SCSCF,GTW,P:GTW,SCSCF,P-200:SCSCF,MTAS,P-200:MTAS,SCSCF,P-200:SCSCF,PCSCF,P-200:GTW,SCSCF,S:SCSCF,MTAS,S:SCSCF,PCSCF,S:GTW,SCSCF,R:SCSCF,MTAS,R:SCSCF,PCSCF,R:GTW,SCSCF,I-200:SCSCF,MTAS,I-200:SCSCF,PCSCF,I-200:PCSCF,SCSCF,A:SCSCF,MTAS,A:MTAS,SCSCF,A:SCSCF,GTW,A:GTW,SCSCF,B:MTAS,SCSCF,B:SCSCF,PCSCF,B:PCSCF,SCSCF,B-200:SCSCF,MTAS,B-200:SCSCF,GTW,B-200"
141,141,0,1,0.51895297,"GTW,ICSCF,I:ICSCF,GTW,T:SCSCF,ASLI,I:ASLI,SCSCF,T:ASLI,SCSCF,I-500:SCSCF,MTAS,I:SCSCF,ASLI,A:MTAS,SCSCF,T:MTAS,SCSCF,I:SCSCF,MTAS,T:SCSCF,PCSCF,I:PCSCF,SCSCF,T:PCSCF,SCSCF,R:SCSCF,MTAS,R:MTAS,SCSCF,R:ICSCF,GTW,R:GTW,SCSCF,P:SCSCF,MTAS,P:MTAS,SCSCF,P:SCSCF,PCSCF,P:PCSCF,SCSCF,P-200:SCSCF,MTAS,P-200:MTAS,SCSCF,P-200:SCSCF,GTW,P-200:GTW,ICSCF,C:ICSCF,GTW,C-200:SCSCF,MTAS,C:MTAS,SCSCF,C-200:MTAS,SCSCF,C:SCSCF,MTAS,C-200:SCSCF,PCSCF,C:PCSCF,SCSCF,C-200:PCSCF,SCSCF,I-487:SCSCF,PCSCF,A:SCSCF,MTAS,I-487:MTAS,SCSCF,I-487:MTAS,SCSCF,A:ICSCF,GTW,I-487:GTW,ICSCF,A:SCSCF,MTAS,A"
142,142,0,1,0.43955794,"PCSCF,SCSCF,I:SCSCF,PCSCF,T:SCSCF,ASLI,I:ASLI,SCSCF,T:ASLI,SCSCF,I-500:SCSCF,ASLI,A:MTAS,SCSCF,I:SCSCF,MTAS,T:SCSCF,GTW,I:GTW,SCSCF,T:GTW,SCSCF,S:SCSCF,MTAS,S:SCSCF,PCSCF,S:PCSCF,SCSCF,P:SCSCF,MTAS,P:MTAS,SCSCF,P:SCSCF,GTW,P:GTW,SCSCF,P-200:SCSCF,MTAS,P-200:MTAS,SCSCF,P-200:SCSCF,PCSCF,P-200:GTW,SCSCF,R:SCSCF,MTAS,R:SCSCF,PCSCF,R:GTW,SCSCF,R:SCSCF,MTAS,R:PCSCF,SCSCF,P:SCSCF,MTAS,P:MTAS,SCSCF,P:SCSCF,GTW,P:GTW,SCSCF,P-200:SCSCF,MTAS,P-200:MTAS,SCSCF,P-200:SCSCF,PCSCF,P-200:GTW,SCSCF,I-200:SCSCF,MTAS,I-200:SCSCF,PCSCF,I-200:PCSCF,SCSCF,A:SCSCF,MTAS,A:MTAS,SCSCF,A:SCSCF,GTW,A:MTAS,SCSCF,U:SCSCF,GTW,U:GTW,SCSCF,U-200:SCSCF,MTAS,U-200:MTAS,SCSCF,U:SCSCF,PCSCF,U:PCSCF,SCSCF,U-200:SCSCF,MTAS,U-200:PCSCF,SCSCF,B:SCSCF,MTAS,B:MTAS,SCSCF,B:SCSCF,GTW,B:GTW,SCSCF,B-200:SCSCF,MTAS,B-200:MTAS,SCSCF,B-200:SCSCF,PCSCF,B-200"
143,143,0,0,0.99898475,"MTAS,SCSCF,I:SCSCF,MTAS,T:SCSCF,PCSCF,I:PCSCF,SCSCF,T:PCSCF,SCSCF,R:SCSCF,MTAS,R:MTAS,SCSCF,P:SCSCF,PCSCF,P:PCSCF,SCSCF,P-200:SCSCF,MTAS,P-200:SCSCF,MTAS,I-200:PCSCF,SCSCF,I-200:MTAS,SCSCF,A:SCSCF,PCSCF,A:PCSCF,SCSCF,B:SCSCF,MTAS,B:MTAS,SCSCF,B-200:SCSCF,PCSCF,B-200"
144,144,0,1,0.6359248,"PCSCF,SCSCF,I:SCSCF,PCSCF,T:SCSCF,ASLI,I:ASLI,SCSCF,T:ASLI,SCSCF,I-500:SCSCF,ASLI,A:MTAS,SCSCF,I:SCSCF,MTAS,T:SCSCF,GTW,I:GTW,SCSCF,T:GTW,SCSCF,I-200:SCSCF,MTAS,I-200:SCSCF,PCSCF,I-200:PCSCF,SCSCF,A:SCSCF,MTAS,A:MTAS,SCSCF,A:SCSCF,GTW,A:MTAS,SCSCF,U:SCSCF,GTW,U:GTW,SCSCF,U-200:SCSCF,MTAS,U-200:MTAS,SCSCF,U:SCSCF,PCSCF,U:PCSCF,SCSCF,U-200:SCSCF,MTAS,U-200:MTAS,SCSCF,U:SCSCF,GTW,U:GTW,SCSCF,U-200:SCSCF,MTAS,U-200:MTAS,SCSCF,U:SCSCF,PCSCF,U:PCSCF,SCSCF,U-200:SCSCF,MTAS,U-200:MTAS,SCSCF,U:SCSCF,GTW,U:GTW,SCSCF,U-200:SCSCF,MTAS,U-200:MTAS,SCSCF,U:SCSCF,PCSCF,U:PCSCF,SCSCF,U-200:SCSCF,MTAS,U-200:PCSCF,SCSCF,B:MTAS,SCSCF,B:SCSCF,GTW,B:GTW,SCSCF,B-200:SCSCF,MTAS,B-200:SCSCF,PCSCF,B-200"
145,145,0,1,0.32208633,"PCSCF,SCSCF,I:SCSCF,PCSCF,T:SCSCF,ASLI,I:ASLI,SCSCF,T:ASLI,SCSCF,I-500:SCSCF,ASLI,A:MTAS,SCSCF,I:SCSCF,MTAS,T:SCSCF,GTW,I:GTW,SCSCF,T:GTW,SCSCF,S:SCSCF,MTAS,S:SCSCF,PCSCF,S:PCSCF,SCSCF,P:SCSCF,MTAS,P:MTAS,SCSCF,P:SCSCF,GTW,P:GTW,SCSCF,P-200:SCSCF,MTAS,P-200:MTAS,SCSCF,P-200:SCSCF,PCSCF,P-200:GTW,SCSCF,R:SCSCF,MTAS,R:SCSCF,PCSCF,R:PCSCF,SCSCF,P:SCSCF,MTAS,P:MTAS,SCSCF,P:SCSCF,GTW,P:GTW,SCSCF,P-200:SCSCF,MTAS,P-200:MTAS,SCSCF,P-200:SCSCF,PCSCF,P-200:GTW,SCSCF,W:SCSCF,MTAS,W:SCSCF,PCSCF,W:PCSCF,SCSCF,P:SCSCF,MTAS,P:MTAS,SCSCF,P:SCSCF,GTW,P:GTW,SCSCF,P-200:SCSCF,MTAS,P-200:MTAS,SCSCF,P-200:SCSCF,PCSCF,P-200:GTW,SCSCF,S:SCSCF,MTAS,S:SCSCF,PCSCF,S:PCSCF,SCSCF,P:SCSCF,MTAS,P:MTAS,SCSCF,P:SCSCF,GTW,P:GTW,SCSCF,P-200:SCSCF,MTAS,P-200:MTAS,SCSCF,P-200:SCSCF,PCSCF,P-200:GTW,SCSCF,I-200:SCSCF,MTAS,I-200:SCSCF,PCSCF,I-200:PCSCF,SCSCF,A:SCSCF,MTAS,A:MTAS,SCSCF,A:SCSCF,GTW,A:PCSCF,SCSCF,B:SCSCF,MTAS,B:MTAS,SCSCF,B:SCSCF,GTW,B:GTW,SCSCF,B-200:SCSCF,MTAS,B-200:MTAS,SCSCF,B-200:SCSCF,PCSCF,B-200"
146,146,0,1,0.85271317,"MTAS,SCSCF,I:SCSCF,MTAS,T:SCSCF,PCSCF,I:PCSCF,SCSCF,T:PCSCF,SCSCF,R:SCSCF,MTAS,R:MTAS,SCSCF,P:SCSCF,PCSCF,P:PCSCF,SCSCF,P-200:SCSCF,MTAS,P-200:PCSCF,SCSCF,I-200:SCSCF,MTAS,I-200:MTAS,SCSCF,A:SCSCF,PCSCF,A:MTAS,SCSCF,U:SCSCF,PCSCF,U:SCSCF,MTAS,U-200:PCSCF,SCSCF,U-200:MTAS,SCSCF,B:SCSCF,PCSCF,B:PCSCF,SCSCF,B-200:SCSCF,MTAS,B-200"
147,147,0,0,0.9700557,"GTW,ICSCF,I:ICSCF,GTW,T:SCSCF,ASLI,I:ASLI,SCSCF,T:ASLI,SCSCF,I-500:SCSCF,MTAS,I:MTAS,SCSCF,I:SCSCF,MTAS,T:SCSCF,ASLI,A:MTAS,SCSCF,T:SCSCF,PCSCF,I:PCSCF,SCSCF,T:PCSCF,SCSCF,R:SCSCF,MTAS,R:MTAS,SCSCF,R:ICSCF,GTW,R:GTW,SCSCF,P:SCSCF,MTAS,P:MTAS,SCSCF,P:SCSCF,PCSCF,P:PCSCF,SCSCF,P-200:SCSCF,MTAS,P-200:MTAS,SCSCF,P-200:SCSCF,GTW,P-200:PCSCF,SCSCF,I-200:SCSCF,MTAS,I-200:MTAS,SCSCF,I-200:ICSCF,GTW,I-200:GTW,SCSCF,A:SCSCF,MTAS,A:MTAS,SCSCF,A:SCSCF,PCSCF,A:PCSCF,SCSCF,B:SCSCF,MTAS,B:MTAS,SCSCF,B:SCSCF,GTW,B:GTW,SCSCF,B-200:SCSCF,MTAS,B-200:MTAS,SCSCF,B-200:SCSCF,PCSCF,B-200"
148,148,0,1,0.31678182,"PCSCF,SCSCF,I:SCSCF,PCSCF,T:SCSCF,ASLI,I:ASLI,SCSCF,T:ASLI,SCSCF,I-500:SCSCF,ASLI,A:MTAS,SCSCF,I:SCSCF,MTAS,T:SCSCF,GTW,I:GTW,SCSCF,T:GTW,SCSCF,S:SCSCF,MTAS,S:SCSCF,PCSCF,S:PCSCF,SCSCF,P:MTAS,SCSCF,P:SCSCF,GTW,P:GTW,SCSCF,P-200:SCSCF,MTAS,P-200:SCSCF,PCSCF,P-200:GTW,SCSCF,R:SCSCF,MTAS,R:SCSCF,PCSCF,R:PCSCF,SCSCF,P:MTAS,SCSCF,P:SCSCF,GTW,P:GTW,SCSCF,P-200:SCSCF,MTAS,P-200:SCSCF,PCSCF,P-200:GTW,SCSCF,I-200:SCSCF,MTAS,I-200:SCSCF,PCSCF,I-200:PCSCF,SCSCF,A:SCSCF,MTAS,A:MTAS,SCSCF,A:SCSCF,GTW,A:MTAS,SCSCF,U:SCSCF,GTW,U:GTW,SCSCF,U-200:SCSCF,PCSCF,U:SCSCF,MTAS,U-200:PCSCF,SCSCF,U-200:SCSCF,MTAS,U-200:MTAS,SCSCF,U:SCSCF,GTW,U:GTW,SCSCF,U-200:SCSCF,PCSCF,U:SCSCF,MTAS,U-200:PCSCF,SCSCF,U-200:SCSCF,MTAS,U-200:MTAS,SCSCF,U:SCSCF,GTW,U:GTW,SCSCF,U-200:SCSCF,MTAS,U-200:MTAS,SCSCF,U:SCSCF,PCSCF,U:PCSCF,SCSCF,U-200:SCSCF,MTAS,U-200:MTAS,SCSCF,U:SCSCF,GTW,U:GTW,SCSCF,U-200:SCSCF,MTAS,U-200:MTAS,SCSCF,U:SCSCF,PCSCF,U:PCSCF,SCSCF,U-200:SCSCF,MTAS,U-200:GTW,SCSCF,B:PCSCF,SCSCF,B:MTAS,SCSCF,B:SCSCF,PCSCF,B:PCSCF,SCSCF,B-200:SCSCF,MTAS,B-200:SCSCF,GTW,B-200:SCSCF,PCSCF,B-481"
149,149,0,1,0.76217556,"PCSCF,SCSCF,I:SCSCF,ASLI,I:ASLI,SCSCF,T:ASLI,SCSCF,I-500:SCSCF,ASLI,A:SCSCF,PCSCF,T:MTAS,SCSCF,I:SCSCF,MTAS,T:SCSCF,GTW,I:GTW,SCSCF,T:GTW,SCSCF,R:SCSCF,MTAS,R:SCSCF,PCSCF,R:SCSCF,MTAS,P:MTAS,SCSCF,P:PCSCF,SCSCF,P:SCSCF,GTW,P:GTW,SCSCF,P-200:SCSCF,MTAS,P-200:MTAS,SCSCF,P-200:SCSCF,PCSCF,P-200:GTW,SCSCF,I-200:SCSCF,MTAS,I-200:SCSCF,PCSCF,I-200:SCSCF,MTAS,A:MTAS,SCSCF,A:SCSCF,GTW,A:PCSCF,SCSCF,A:GTW,SCSCF,B:MTAS,SCSCF,B:SCSCF,PCSCF,B:PCSCF,SCSCF,B-200:SCSCF,MTAS,B-200:SCSCF,GTW,B-200"
150,150,0,1,0.5324481,"GTW,ICSCF,I:ICSCF,GTW,T:SCSCF,ASLI,I:ASLI,SCSCF,T:ASLI,SCSCF,I-500:SCSCF,ASLI,A:SCSCF,MTAS,I:MTAS,SCSCF,T:MTAS,SCSCF,I:SCSCF,MTAS,T:SCSCF,PCSCF,I:PCSCF,SCSCF,T:PCSCF,SCSCF,R:SCSCF,MTAS,R:MTAS,SCSCF,R:ICSCF,GTW,R:GTW,SCSCF,P:SCSCF,MTAS,P:MTAS,SCSCF,P:SCSCF,PCSCF,P:SCSCF,MTAS,P-200:MTAS,SCSCF,P-200:PCSCF,SCSCF,P-200:SCSCF,GTW,P-200:GTW,ICSCF,C:ICSCF,GTW,C-200:SCSCF,MTAS,C:MTAS,SCSCF,C:SCSCF,MTAS,C-200:SCSCF,PCSCF,C:PCSCF,SCSCF,C-200:MTAS,SCSCF,C-200:PCSCF,SCSCF,I-487:SCSCF,PCSCF,A:SCSCF,MTAS,I-487:MTAS,SCSCF,A:MTAS,SCSCF,I-487:SCSCF,MTAS,A:ICSCF,GTW,I-487:GTW,ICSCF,A"
151,151,0,1,0.7060328,"GTW,ICSCF,I:ICSCF,GTW,T:SCSCF,ASLI,I:ASLI,SCSCF,T:ASLI,SCSCF,I-500:SCSCF,ASLI,A:SCSCF,MTAS,I:MTAS,SCSCF,T:MTAS,SCSCF,I:SCSCF,MTAS,T:SCSCF,PCSCF,I:PCSCF,SCSCF,T:PCSCF,SCSCF,R:SCSCF,MTAS,R:MTAS,SCSCF,R:ICSCF,GTW,R:GTW,SCSCF,P:SCSCF,MTAS,P:MTAS,SCSCF,P:SCSCF,PCSCF,P:PCSCF,SCSCF,P-200:SCSCF,MTAS,P-200:MTAS,SCSCF,P-200:SCSCF,GTW,P-200:GTW,ICSCF,C:ICSCF,GTW,C-200:SCSCF,MTAS,C:MTAS,SCSCF,C:SCSCF,MTAS,C-200:SCSCF,PCSCF,C:PCSCF,SCSCF,C-200:PCSCF,SCSCF,I-487:SCSCF,PCSCF,A:SCSCF,MTAS,I-487:MTAS,SCSCF,C-200:MTAS,SCSCF,A:MTAS,SCSCF,I-487:SCSCF,MTAS,A:ICSCF,GTW,I-487:GTW,ICSCF,A"
152,152,0,1,0.608465,"PCSCF,SCSCF,I:SCSCF,PCSCF,T:SCSCF,ASLI,I:ASLI,SCSCF,T:ASLI,SCSCF,I-500:SCSCF,ASLI,A:MTAS,SCSCF,I:SCSCF,MTAS,T:SCSCF,ASLI,I:ASLI,SCSCF,T:ASLI,SCSCF,I-500:SCSCF,ASLI,A:SCSCF,MTAS,I:MTAS,SCSCF,T:MTAS,SCSCF,I:SCSCF,MTAS,T:SCSCF,PCSCF,I:PCSCF,SCSCF,T:PCSCF,SCSCF,R:SCSCF,MTAS,R:MTAS,SCSCF,R:SCSCF,MTAS,R:SCSCF,PCSCF,R:PCSCF,SCSCF,I-200:SCSCF,MTAS,I-200:MTAS,SCSCF,I-200:SCSCF,MTAS,I-200:SCSCF,PCSCF,I-200:PCSCF,SCSCF,A:MTAS,SCSCF,A:SCSCF,MTAS,A:MTAS,SCSCF,A:SCSCF,PCSCF,A:PCSCF,SCSCF,B:MTAS,SCSCF,B:SCSCF,MTAS,B:MTAS,SCSCF,B:SCSCF,PCSCF,B:PCSCF,SCSCF,B-200:SCSCF,MTAS,B-200:MTAS,SCSCF,B-200:SCSCF,MTAS,B-200:SCSCF,PCSCF,B-200"
153,153,0,1,0.36516932,"GTW,ICSCF,I:ICSCF,GTW,T:SCSCF,ASLI,I:ASLI,SCSCF,T:ASLI,SCSCF,I-500:SCSCF,ASLI,A:SCSCF,MTAS,I:MTAS,SCSCF,T:MTAS,SCSCF,I:SCSCF,MTAS,T:SCSCF,PCSCF,I:PCSCF,SCSCF,T:PCSCF,SCSCF,R:SCSCF,MTAS,R:MTAS,SCSCF,R:ICSCF,GTW,R:GTW,SCSCF,P:SCSCF,MTAS,P:MTAS,SCSCF,P:SCSCF,PCSCF,P:PCSCF,SCSCF,P-200:SCSCF,MTAS,P-200:MTAS,SCSCF,P-200:SCSCF,GTW,P-200:PCSCF,SCSCF,I-200:SCSCF,MTAS,I-200:MTAS,SCSCF,I-200:ICSCF,GTW,I-200:GTW,SCSCF,A:SCSCF,MTAS,A:MTAS,SCSCF,A:SCSCF,PCSCF,A:GTW,SCSCF,I:SCSCF,GTW,T:SCSCF,MTAS,I:MTAS,SCSCF,T:MTAS,SCSCF,I:SCSCF,MTAS,T:SCSCF,PCSCF,I:PCSCF,SCSCF,I-200:SCSCF,MTAS,I-200:MTAS,SCSCF,I-200:SCSCF,GTW,I-200:GTW,SCSCF,A:SCSCF,MTAS,A:MTAS,SCSCF,A:SCSCF,PCSCF,A:GTW,SCSCF,I:SCSCF,GTW,T:SCSCF,MTAS,I:MTAS,SCSCF,I:SCSCF,MTAS,T:SCSCF,PCSCF,I:MTAS,SCSCF,T:PCSCF,SCSCF,I-200:SCSCF,MTAS,I-200:MTAS,SCSCF,I-200:SCSCF,GTW,I-200:GTW,SCSCF,A:SCSCF,MTAS,A:MTAS,SCSCF,A:SCSCF,PCSCF,A:GTW,SCSCF,B:SCSCF,MTAS,B:MTAS,SCSCF,B:SCSCF,PCSCF,B:PCSCF,SCSCF,B-200:SCSCF,MTAS,B-200:MTAS,SCSCF,B-200:SCSCF,GTW,B-200"
154,154,0,1,0.408701,"GTW,ICSCF,I:ICSCF,GTW,T:SCSCF,ASLI,I:ASLI,SCSCF,T:ASLI,SCSCF,I-500:SCSCF,ASLI,A:SCSCF,MTAS,I:MTAS,SCSCF,T:MTAS,SCSCF,I:SCSCF,MTAS,T:SCSCF,PCSCF,I:PCSCF,SCSCF,T:PCSCF,SCSCF,R:SCSCF,MTAS,R:MTAS,SCSCF,R:ICSCF,GTW,R:GTW,SCSCF,P:SCSCF,MTAS,P:MTAS,SCSCF,P:SCSCF,PCSCF,P:PCSCF,SCSCF,P-200:SCSCF,MTAS,P-200:MTAS,SCSCF,P-200:SCSCF,GTW,P-200:PCSCF,SCSCF,I-200:SCSCF,MTAS,I-200:MTAS,SCSCF,I-200:ICSCF,GTW,I-200:GTW,SCSCF,A:SCSCF,MTAS,A:MTAS,SCSCF,A:SCSCF,PCSCF,A:MTAS,SCSCF,U:SCSCF,PCSCF,U:MTAS,SCSCF,U:SCSCF,GTW,U:SCSCF,MTAS,U-200:GTW,SCSCF,U-200:SCSCF,MTAS,U-200:PCSCF,SCSCF,U-200:GTW,SCSCF,B:SCSCF,MTAS,B:MTAS,SCSCF,B:SCSCF,PCSCF,B:GTW,SCSCF,B:SCSCF,GTW,B-408"
155,155,0,1,0.78902125,"PCSCF,SCSCF,I:SCSCF,PCSCF,T:SCSCF,ASLI,I:ASLI,SCSCF,T:ASLI,SCSCF,I-500:SCSCF,ASLI,A:MTAS,SCSCF,I:SCSCF,MTAS,T:SCSCF,GTW,I:GTW,SCSCF,T:GTW,SCSCF,R:SCSCF,MTAS,R:SCSCF,PCSCF,R:PCSCF,SCSCF,P:SCSCF,MTAS,P:MTAS,SCSCF,P:SCSCF,GTW,P:GTW,SCSCF,P-200:SCSCF,MTAS,P-200:MTAS,SCSCF,P-200:SCSCF,PCSCF,P-200:GTW,SCSCF,I-200:SCSCF,MTAS,I-200:SCSCF,PCSCF,I-200:GTW,SCSCF,I-200:SCSCF,MTAS,I-200:PCSCF,SCSCF,A:SCSCF,MTAS,A:MTAS,SCSCF,A:SCSCF,GTW,A:PCSCF,SCSCF,B:SCSCF,MTAS,B:MTAS,SCSCF,B:SCSCF,GTW,B:GTW,SCSCF,B-200:SCSCF,MTAS,B-200:MTAS,SCSCF,B-200:SCSCF,PCSCF,B-200"
156,156,0,1,0.4566009,"PCSCF,SCSCF,I:SCSCF,BCCAS,I:BCCAS,SCSCF,T:BCCAS,SCSCF,I-500:SCSCF,BCCAS,A:SCSCF,ASLI,I:ASLI,SCSCF,T:ASLI,SCSCF,I-500:SCSCF,PCSCF,T:SCSCF,ASLI,A:SCSCF,BCCAS,I:BCCAS,SCSCF,T:BCCAS,SCSCF,I:SCSCF,BCCAS,T:SCSCF,GTW,I:GTW,SCSCF,T:GTW,SCSCF,I-486:SCSCF,GTW,A:SCSCF,BCCAS,I-486:BCCAS,SCSCF,A:BCCAS,SCSCF,I-486:SCSCF,BCCAS,A:SCSCF,PCSCF,I-486:PCSCF,SCSCF,A"
157,157,0,1,0.6311191,"PCSCF,SCSCF,I:SCSCF,PCSCF,T:SCSCF,ASLI,I:ASLI,SCSCF,T:ASLI,SCSCF,I-500:SCSCF,ASLI,A:MTAS,SCSCF,I:SCSCF,MTAS,T:SCSCF,GTW,I:GTW,SCSCF,T:GTW,SCSCF,I-200:SCSCF,MTAS,I-200:SCSCF,PCSCF,I-200:PCSCF,SCSCF,A:SCSCF,MTAS,A:MTAS,SCSCF,A:SCSCF,GTW,A:MTAS,SCSCF,U:SCSCF,GTW,U:GTW,SCSCF,U-200:SCSCF,MTAS,U-200:MTAS,SCSCF,U:SCSCF,PCSCF,U:PCSCF,SCSCF,U-200:SCSCF,MTAS,U-200:MTAS,SCSCF,U:SCSCF,GTW,U:GTW,SCSCF,U-200:SCSCF,PCSCF,U:SCSCF,MTAS,U-200:PCSCF,SCSCF,U-200:SCSCF,MTAS,U-200:MTAS,SCSCF,U:SCSCF,GTW,U:GTW,SCSCF,U-200:SCSCF,MTAS,U-200:MTAS,SCSCF,U:SCSCF,PCSCF,U:PCSCF,SCSCF,U-200:SCSCF,MTAS,U-200:GTW,SCSCF,B:MTAS,SCSCF,B:SCSCF,PCSCF,B:PCSCF,SCSCF,B-200:SCSCF,MTAS,B-200:SCSCF,GTW,B-200"
158,158,0,1,0.8242423,"PCSCF,SCSCF,I:SCSCF,PCSCF,T:SCSCF,ASLI,I:ASLI,SCSCF,T:ASLI,SCSCF,I-500:SCSCF,ASLI,A:MTAS,SCSCF,I:SCSCF,MTAS,T:SCSCF,GTW,I:GTW,SCSCF,T:GTW,SCSCF,S:SCSCF,MTAS,S:SCSCF,PCSCF,S:PCSCF,SCSCF,P:MTAS,SCSCF,P:SCSCF,GTW,P:GTW,SCSCF,P-200:SCSCF,MTAS,P-200:SCSCF,PCSCF,P-200:GTW,SCSCF,R:SCSCF,MTAS,R:SCSCF,PCSCF,R:PCSCF,SCSCF,P:MTAS,SCSCF,P:SCSCF,GTW,P:GTW,SCSCF,P-200:SCSCF,MTAS,P-200:SCSCF,PCSCF,P-200:PCSCF,SCSCF,C:MTAS,SCSCF,C:SCSCF,MTAS,C-200:SCSCF,GTW,C:SCSCF,PCSCF,C-200:GTW,SCSCF,C-200:GTW,SCSCF,I-487:SCSCF,GTW,A:SCSCF,MTAS,I-487:MTAS,SCSCF,A:SCSCF,PCSCF,I-487:PCSCF,SCSCF,A"
159,159,0,1,0.40744436,"PCSCF,SCSCF,I:SCSCF,PCSCF,T:SCSCF,PCSCF,I-407:PCSCF,SCSCF,A:PCSCF,SCSCF,I:SCSCF,ASLI,I:ASLI,SCSCF,T:SCSCF,PCSCF,T:ASLI,SCSCF,I-500:SCSCF,ASLI,A:MTAS,SCSCF,I:SCSCF,MTAS,T:SCSCF,GTW,I:GTW,SCSCF,T:GTW,SCSCF,R:SCSCF,MTAS,R:SCSCF,PCSCF,R:PCSCF,SCSCF,P:SCSCF,MTAS,P:MTAS,SCSCF,P:SCSCF,GTW,P:GTW,SCSCF,P-200:SCSCF,MTAS,P-200:MTAS,SCSCF,P-200:SCSCF,PCSCF,P-200:GTW,SCSCF,I-200:SCSCF,MTAS,I-200:SCSCF,PCSCF,I-200:PCSCF,SCSCF,A:SCSCF,MTAS,A:MTAS,SCSCF,A:SCSCF,GTW,A:PCSCF,SCSCF,B:SCSCF,MTAS,B:MTAS,SCSCF,B:SCSCF,GTW,B:GTW,SCSCF,B-200:SCSCF,MTAS,B-200:MTAS,SCSCF,B-200:SCSCF,PCSCF,B-200"
160,160,0,1,0.37593207,"PCSCF,SCSCF,I:SCSCF,PCSCF,T:SCSCF,PCSCF,I-407:PCSCF,SCSCF,A:PCSCF,SCSCF,I:SCSCF,ASLI,I:ASLI,SCSCF,T:ASLI,SCSCF,I-500:SCSCF,ASLI,A:MTAS,SCSCF,I:SCSCF,MTAS,T:SCSCF,GTW,I:GTW,SCSCF,T:SCSCF,PCSCF,T:GTW,SCSCF,S:SCSCF,PCSCF,S:SCSCF,MTAS,S:PCSCF,SCSCF,P:SCSCF,MTAS,P:MTAS,SCSCF,P:SCSCF,GTW,P:GTW,SCSCF,P-200:SCSCF,MTAS,P-200:MTAS,SCSCF,P-200:SCSCF,PCSCF,P-200:GTW,SCSCF,R:SCSCF,MTAS,R:SCSCF,PCSCF,R:PCSCF,SCSCF,P:SCSCF,MTAS,P:MTAS,SCSCF,P:SCSCF,GTW,P:GTW,SCSCF,P-200:SCSCF,MTAS,P-200:MTAS,SCSCF,P-200:SCSCF,PCSCF,P-200:GTW,SCSCF,I-200:SCSCF,MTAS,I-200:SCSCF,PCSCF,I-200:PCSCF,SCSCF,A:SCSCF,MTAS,A:MTAS,SCSCF,A:SCSCF,GTW,A:MTAS,SCSCF,U:SCSCF,GTW,U:SCSCF,PCSCF,U:GTW,SCSCF,U-200:SCSCF,MTAS,U-200:PCSCF,SCSCF,U-200:SCSCF,MTAS,U-200:PCSCF,SCSCF,B:SCSCF,MTAS,B:MTAS,SCSCF,B:SCSCF,GTW,B:GTW,SCSCF,B-200:SCSCF,MTAS,B-200:MTAS,SCSCF,B-200:SCSCF,PCSCF,B-200"
161,161,0,1,0.57685965,"GTW,ICSCF,I:ICSCF,GTW,T:SCSCF,ASLI,I:ASLI,SCSCF,T:ASLI,SCSCF,I-500:SCSCF,ASLI,A:SCSCF,MTAS,I:MTAS,SCSCF,T:MTAS,SCSCF,I:SCSCF,MTAS,T:SCSCF,PCSCF,I:PCSCF,SCSCF,T:PCSCF,SCSCF,R:SCSCF,MTAS,R:MTAS,SCSCF,R:ICSCF,GTW,R:GTW,SCSCF,P:SCSCF,MTAS,P:MTAS,SCSCF,P:SCSCF,PCSCF,P:PCSCF,SCSCF,P-200:SCSCF,MTAS,P-200:MTAS,SCSCF,P-200:SCSCF,GTW,P-200:PCSCF,SCSCF,I-200:SCSCF,MTAS,I-200:MTAS,SCSCF,I-200:ICSCF,GTW,I-200:GTW,SCSCF,A:SCSCF,MTAS,A:MTAS,SCSCF,A:SCSCF,PCSCF,A:MTAS,SCSCF,U:SCSCF,PCSCF,U:SCSCF,GTW,U:GTW,SCSCF,U-200:SCSCF,MTAS,U-200:PCSCF,SCSCF,U-200:SCSCF,MTAS,U-200:MTAS,SCSCF,U:SCSCF,GTW,U:GTW,SCSCF,U-200:SCSCF,MTAS,U-200:MTAS,SCSCF,U:SCSCF,PCSCF,U:PCSCF,SCSCF,U-200:SCSCF,MTAS,U-200:MTAS,SCSCF,U:SCSCF,GTW,U:GTW,SCSCF,U-200:SCSCF,MTAS,U-200:MTAS,SCSCF,U:SCSCF,PCSCF,U:PCSCF,SCSCF,U-200:SCSCF,MTAS,U-200:MTAS,SCSCF,U:GTW,SCSCF,U-200:SCSCF,MTAS,U-200:SCSCF,GTW,U:MTAS,SCSCF,U:SCSCF,PCSCF,U:SCSCF,MTAS,U-200:PCSCF,SCSCF,U-200:PCSCF,SCSCF,B:SCSCF,MTAS,B:MTAS,SCSCF,B:SCSCF,GTW,B:GTW,SCSCF,B-200:SCSCF,MTAS,B-200:MTAS,SCSCF,B-200:SCSCF,PCSCF,B-200"
162,162,0,1,0.5505044,"PCSCF,SCSCF,I:SCSCF,PCSCF,T:SCSCF,ASLI,I:ASLI,SCSCF,T:ASLI,SCSCF,I-500:SCSCF,ASLI,A:MTAS,SCSCF,I:SCSCF,MTAS,T:SCSCF,GTW,I:GTW,SCSCF,T:GTW,SCSCF,S:SCSCF,MTAS,S:GTW,SCSCF,S:SCSCF,MTAS,S:SCSCF,PCSCF,S:PCSCF,SCSCF,P:SCSCF,MTAS,P:MTAS,SCSCF,P:SCSCF,GTW,P:GTW,SCSCF,R:SCSCF,MTAS,R:GTW,SCSCF,P-200:SCSCF,MTAS,P-200:MTAS,SCSCF,P-200:SCSCF,PCSCF,P-200:PCSCF,SCSCF,P:SCSCF,PCSCF,R:SCSCF,PCSCF,P-482:PCSCF,SCSCF,P:SCSCF,MTAS,P:MTAS,SCSCF,P:SCSCF,GTW,P:GTW,SCSCF,P-200:SCSCF,MTAS,P-200:MTAS,SCSCF,P-200:SCSCF,PCSCF,P-200:GTW,SCSCF,I-200:SCSCF,MTAS,I-200:SCSCF,PCSCF,I-200:PCSCF,SCSCF,A:SCSCF,MTAS,A:MTAS,SCSCF,A:SCSCF,GTW,A:GTW,SCSCF,B:MTAS,SCSCF,B:SCSCF,PCSCF,B:PCSCF,SCSCF,B-200:SCSCF,MTAS,B-200:SCSCF,GTW,B-200"
163,163,0,1,0.28521907,"GTW,ICSCF,I:ICSCF,GTW,T:SCSCF,ASLI,I:ASLI,SCSCF,T:ASLI,SCSCF,I-500:SCSCF,ASLI,A:SCSCF,MTAS,I:MTAS,SCSCF,I:SCSCF,MTAS,T:MTAS,SCSCF,T:SCSCF,PCSCF,I:PCSCF,SCSCF,T:SCSCF,PCSCF,I:PCSCF,SCSCF,T:PCSCF,SCSCF,R:SCSCF,MTAS,R:MTAS,SCSCF,R:ICSCF,GTW,R:GTW,SCSCF,P:SCSCF,MTAS,P:MTAS,SCSCF,P:SCSCF,PCSCF,P:PCSCF,SCSCF,R:SCSCF,MTAS,R:MTAS,SCSCF,R:ICSCF,GTW,R:GTW,SCSCF,P:SCSCF,MTAS,P:MTAS,SCSCF,P:PCSCF,SCSCF,P-200:SCSCF,PCSCF,P:SCSCF,MTAS,P-200:MTAS,SCSCF,P-200:SCSCF,GTW,P-200:PCSCF,SCSCF,P-200:SCSCF,MTAS,P-200:MTAS,SCSCF,P-200:SCSCF,GTW,P-200:GTW,ICSCF,C:ICSCF,GTW,C-200:SCSCF,MTAS,C:MTAS,SCSCF,C-200:MTAS,SCSCF,C:SCSCF,MTAS,C-200:SCSCF,PCSCF,C:PCSCF,SCSCF,C-200:SCSCF,PCSCF,C:PCSCF,SCSCF,C-200:PCSCF,SCSCF,I-487:SCSCF,PCSCF,A:PCSCF,SCSCF,I-487:SCSCF,MTAS,I-487:MTAS,SCSCF,A:MTAS,SCSCF,I-487:SCSCF,MTAS,A:ICSCF,GTW,I-487:GTW,ICSCF,A:SCSCF,PCSCF,A"
164,164,0,0,0.9794056,"PCSCF,SCSCF,I:SCSCF,PCSCF,T:SCSCF,ASLI,I:ASLI,SCSCF,T:ASLI,SCSCF,I-500:SCSCF,ASLI,A:MTAS,SCSCF,I:SCSCF,MTAS,T:SCSCF,GTW,I:GTW,SCSCF,T:GTW,SCSCF,S:SCSCF,MTAS,S:SCSCF,PCSCF,S:PCSCF,SCSCF,P:MTAS,SCSCF,P:SCSCF,GTW,P:GTW,SCSCF,P-200:GTW,SCSCF,I-200:SCSCF,MTAS,I-200:SCSCF,MTAS,P-200:SCSCF,PCSCF,I-200:SCSCF,PCSCF,P-200:PCSCF,SCSCF,A:SCSCF,MTAS,A:MTAS,SCSCF,A:SCSCF,GTW,A:PCSCF,SCSCF,B:MTAS,SCSCF,B:SCSCF,GTW,B:GTW,SCSCF,B-200:SCSCF,MTAS,B-200:SCSCF,PCSCF,B-200"
165,165,0,1,0.63627017,"GTW,ICSCF,I:ICSCF,GTW,T:ICSCF,SCSCF,I:SCSCF,ICSCF,T:SCSCF,MTAS,I:MTAS,SCSCF,T:MTAS,SCSCF,R:SCSCF,ICSCF,R:ICSCF,GTW,R:SCSCF,MTAS,P:MTAS,SCSCF,P-200:MTAS,SCSCF,I-200:SCSCF,ICSCF,I-200:ICSCF,GTW,I-200:SCSCF,MTAS,A"
166,166,0,0,0.9433153,"GTW,ICSCF,I:ICSCF,GTW,T:SCSCF,ASLI,I:ASLI,SCSCF,T:ASLI,SCSCF,I-500:SCSCF,ASLI,A:SCSCF,MTAS,I:MTAS,SCSCF,T:MTAS,SCSCF,I-486:ICSCF,GTW,I-486:GTW,ICSCF,A:SCSCF,MTAS,A"
167,167,0,1,0.8078815,"GTW,ICSCF,I:ICSCF,GTW,T:SCSCF,ASLI,I:ASLI,SCSCF,T:ASLI,SCSCF,I-500:SCSCF,MTAS,I:MTAS,SCSCF,T:MTAS,SCSCF,I:SCSCF,MTAS,T:SCSCF,PCSCF,I:PCSCF,SCSCF,T:SCSCF,ASLI,A:PCSCF,SCSCF,R:SCSCF,MTAS,R:MTAS,SCSCF,R:ICSCF,GTW,R:GTW,SCSCF,P:SCSCF,MTAS,P:MTAS,SCSCF,P:SCSCF,PCSCF,P:PCSCF,SCSCF,P-200:SCSCF,MTAS,P-200:MTAS,SCSCF,P-200:SCSCF,GTW,P-200:GTW,ICSCF,C:ICSCF,GTW,C-200:SCSCF,MTAS,C:MTAS,SCSCF,C-200:MTAS,SCSCF,C:SCSCF,MTAS,C-200:SCSCF,PCSCF,C:PCSCF,SCSCF,C-200:PCSCF,SCSCF,I-487:SCSCF,MTAS,I-487:MTAS,SCSCF,A:MTAS,SCSCF,I-487:SCSCF,MTAS,A:ICSCF,GTW,I-487:GTW,ICSCF,A:SCSCF,PCSCF,A"
168,168,0,1,0.5772853,"GTW,ICSCF,I:ICSCF,GTW,T:SCSCF,ASLI,I:ASLI,SCSCF,T:ASLI,SCSCF,I-500:SCSCF,MTAS,I:SCSCF,ASLI,A:MTAS,SCSCF,T:MTAS,SCSCF,I:SCSCF,MTAS,T:SCSCF,PCSCF,I:PCSCF,SCSCF,T:PCSCF,SCSCF,R:SCSCF,MTAS,R:MTAS,SCSCF,R:ICSCF,GTW,R:GTW,SCSCF,P:SCSCF,MTAS,P:MTAS,SCSCF,P:SCSCF,PCSCF,P:PCSCF,SCSCF,P-200:SCSCF,MTAS,P-200:MTAS,SCSCF,P-200:SCSCF,GTW,P-200:PCSCF,SCSCF,I-200:SCSCF,MTAS,I-200:MTAS,SCSCF,I-200:ICSCF,GTW,I-200:GTW,SCSCF,A:SCSCF,MTAS,A:MTAS,SCSCF,A:SCSCF,PCSCF,A:MTAS,SCSCF,U:SCSCF,PCSCF,U:SCSCF,GTW,U:GTW,SCSCF,U-200:SCSCF,MTAS,U-200:PCSCF,SCSCF,U-200:SCSCF,MTAS,U-200:MTAS,SCSCF,U:SCSCF,GTW,U:GTW,SCSCF,U-200:SCSCF,MTAS,U-200:MTAS,SCSCF,U:SCSCF,PCSCF,U:PCSCF,SCSCF,U-200:SCSCF,MTAS,U-200:PCSCF,SCSCF,B:SCSCF,MTAS,B:MTAS,SCSCF,B:SCSCF,GTW,B:GTW,SCSCF,B-200:SCSCF,MTAS,B-200:MTAS,SCSCF,B-200:SCSCF,PCSCF,B-200"
169,169,0,1,0.17379594,"PCSCF,SCSCF,I:SCSCF,PCSCF,T:SCSCF,ASLI,I:ASLI,SCSCF,T:ASLI,SCSCF,I-500:SCSCF,ASLI,A:MTAS,SCSCF,I:SCSCF,MTAS,T:SCSCF,GTW,I:GTW,SCSCF,T:GTW,SCSCF,R:SCSCF,MTAS,R:SCSCF,PCSCF,R:PCSCF,SCSCF,P:SCSCF,MTAS,P:MTAS,SCSCF,P:SCSCF,GTW,P:GTW,SCSCF,P-200:SCSCF,MTAS,P-200:MTAS,SCSCF,P-200:SCSCF,PCSCF,P-200:GTW,SCSCF,I-200:SCSCF,MTAS,I-200:SCSCF,PCSCF,I-200:PCSCF,SCSCF,A:SCSCF,MTAS,A:MTAS,SCSCF,A:SCSCF,GTW,A:MTAS,SCSCF,U:SCSCF,GTW,U:GTW,SCSCF,U-200:SCSCF,PCSCF,U:SCSCF,MTAS,U-200:PCSCF,SCSCF,U-200:SCSCF,MTAS,U-200:MTAS,SCSCF,U:SCSCF,GTW,U:GTW,SCSCF,U-200:SCSCF,MTAS,U-200:MTAS,SCSCF,U:SCSCF,PCSCF,U:PCSCF,SCSCF,U-200:SCSCF,MTAS,U-200:PCSCF,SCSCF,B:MTAS,SCSCF,B:SCSCF,GTW,B:GTW,SCSCF,B-200:SCSCF,MTAS,B-200:SCSCF,PCSCF,B-200"
170,170,0,1,0.4189706,"GTW,ICSCF,I:ICSCF,GTW,T:SCSCF,ASLI,I:ASLI,SCSCF,T:ASLI,SCSCF,I-500:SCSCF,ASLI,A:SCSCF,MTAS,I:MTAS,SCSCF,I:SCSCF,MTAS,T:SCSCF,PCSCF,I:PCSCF,SCSCF,T:MTAS,SCSCF,T:PCSCF,SCSCF,I-408:SCSCF,PCSCF,A:SCSCF,MTAS,I-408:MTAS,SCSCF,A:MTAS,SCSCF,S:ICSCF,GTW,S:GTW,SCSCF,P:SCSCF,MTAS,P:MTAS,SCSCF,P-200:SCSCF,GTW,P-200:GTW,ICSCF,C:ICSCF,GTW,C-200:SCSCF,MTAS,C:MTAS,SCSCF,C-200:MTAS,SCSCF,I-408:SCSCF,MTAS,A:ICSCF,GTW,I-408:GTW,ICSCF,A"
171,171,0,1,0.7389207,"PCSCF,SCSCF,I:SCSCF,ASLI,I:SCSCF,PCSCF,T:ASLI,SCSCF,T:ASLI,SCSCF,I-500:SCSCF,ASLI,A:MTAS,SCSCF,I:SCSCF,MTAS,T:SCSCF,GTW,I:GTW,SCSCF,T:GTW,SCSCF,S:SCSCF,MTAS,S:SCSCF,PCSCF,S:PCSCF,SCSCF,P:SCSCF,MTAS,P:MTAS,SCSCF,P:SCSCF,GTW,P:GTW,SCSCF,P-200:SCSCF,MTAS,P-200:MTAS,SCSCF,P-200:SCSCF,PCSCF,P-200:GTW,SCSCF,S:SCSCF,MTAS,S:SCSCF,PCSCF,S:PCSCF,SCSCF,P:SCSCF,MTAS,P:MTAS,SCSCF,P:SCSCF,GTW,P:GTW,SCSCF,P-200:SCSCF,MTAS,P-200:MTAS,SCSCF,P-200:SCSCF,PCSCF,P-200:GTW,SCSCF,S:SCSCF,MTAS,S:SCSCF,PCSCF,S:PCSCF,SCSCF,P:SCSCF,MTAS,P:MTAS,SCSCF,P:SCSCF,GTW,P:GTW,SCSCF,P-200:SCSCF,MTAS,P-200:MTAS,SCSCF,P-200:SCSCF,PCSCF,P-200:GTW,SCSCF,R:SCSCF,MTAS,R:SCSCF,PCSCF,R:PCSCF,SCSCF,P:SCSCF,MTAS,P:MTAS,SCSCF,P:SCSCF,GTW,P:GTW,SCSCF,P-200:SCSCF,MTAS,P-200:MTAS,SCSCF,P-200:SCSCF,PCSCF,P-200:GTW,SCSCF,I-200:SCSCF,MTAS,I-200:SCSCF,PCSCF,I-200:PCSCF,SCSCF,A:SCSCF,MTAS,A:MTAS,SCSCF,A:SCSCF,GTW,A:PCSCF,SCSCF,B:SCSCF,MTAS,B:MTAS,SCSCF,B:SCSCF,GTW,B:GTW,SCSCF,B-200:SCSCF,MTAS,B-200:MTAS,SCSCF,B-200:SCSCF,PCSCF,B-200"
172,172,0,1,0.42554286,"PCSCF,SCSCF,I:SCSCF,PCSCF,T:SCSCF,ASLI,I:ASLI,SCSCF,T:ASLI,SCSCF,I-500:SCSCF,ASLI,A:MTAS,SCSCF,I:SCSCF,MTAS,T:SCSCF,GTW,I:GTW,SCSCF,T:GTW,SCSCF,S:SCSCF,MTAS,S:SCSCF,PCSCF,S:PCSCF,SCSCF,P:SCSCF,MTAS,P:MTAS,SCSCF,P:SCSCF,GTW,P:GTW,SCSCF,P-200:GTW,SCSCF,S:SCSCF,MTAS,S:SCSCF,MTAS,P-200:MTAS,SCSCF,P-200:SCSCF,PCSCF,P-200:SCSCF,PCSCF,S:PCSCF,SCSCF,P:SCSCF,MTAS,P:MTAS,SCSCF,P:SCSCF,GTW,P:GTW,SCSCF,P-200:SCSCF,MTAS,P-200:MTAS,SCSCF,P-200:SCSCF,PCSCF,P-200:SCSCF,MTAS,R:GTW,SCSCF,R:SCSCF,PCSCF,R:PCSCF,SCSCF,P:SCSCF,MTAS,P:MTAS,SCSCF,P:SCSCF,GTW,P:SCSCF,MTAS,P-200:GTW,SCSCF,P-200:MTAS,SCSCF,P-200:SCSCF,PCSCF,P-200:PCSCF,SCSCF,C:MTAS,SCSCF,C:SCSCF,MTAS,C-200:SCSCF,GTW,C:GTW,SCSCF,C-200:GTW,SCSCF,I-487:SCSCF,GTW,A:SCSCF,MTAS,I-487:MTAS,SCSCF,A:SCSCF,PCSCF,C-200:SCSCF,PCSCF,I-487:PCSCF,SCSCF,A"
173,173,0,1,0.4517488,"PCSCF,SCSCF,I:SCSCF,ASLI,I:ASLI,SCSCF,T:SCSCF,PCSCF,T:ASLI,SCSCF,I-500:SCSCF,ASLI,A:MTAS,SCSCF,I:SCSCF,MTAS,T:SCSCF,GTW,I:GTW,SCSCF,T:GTW,SCSCF,S:SCSCF,MTAS,S:SCSCF,PCSCF,S:GTW,SCSCF,S:SCSCF,MTAS,S:PCSCF,SCSCF,P:MTAS,SCSCF,P:SCSCF,GTW,P:GTW,SCSCF,P-200:SCSCF,MTAS,P-200:SCSCF,PCSCF,P-200:GTW,SCSCF,R:SCSCF,MTAS,R:SCSCF,PCSCF,R:PCSCF,SCSCF,P:GTW,SCSCF,R:SCSCF,MTAS,R:MTAS,SCSCF,P:SCSCF,GTW,P:GTW,SCSCF,P-200:SCSCF,MTAS,P-200:SCSCF,PCSCF,P-200:GTW,SCSCF,I-200:SCSCF,MTAS,I-200:SCSCF,PCSCF,I-200:PCSCF,SCSCF,A:SCSCF,MTAS,A:MTAS,SCSCF,A:SCSCF,GTW,A:PCSCF,SCSCF,B:MTAS,SCSCF,B:SCSCF,GTW,B:GTW,SCSCF,B-200:SCSCF,MTAS,B-200:SCSCF,PCSCF,B-200"
174,174,0,1,0.32821485,"PCSCF,SCSCF,I:SCSCF,ASLI,I:SCSCF,PCSCF,T:ASLI,SCSCF,T:ASLI,SCSCF,I-500:SCSCF,ASLI,A:MTAS,SCSCF,I:SCSCF,MTAS,T:SCSCF,GTW,I:GTW,SCSCF,T:GTW,SCSCF,S:SCSCF,MTAS,S:SCSCF,PCSCF,S:PCSCF,SCSCF,P:SCSCF,MTAS,P:MTAS,SCSCF,P:SCSCF,GTW,P:GTW,SCSCF,P-200:GTW,SCSCF,S:SCSCF,MTAS,S:SCSCF,MTAS,P-200:MTAS,SCSCF,P-200:SCSCF,PCSCF,P-200:SCSCF,PCSCF,S:PCSCF,SCSCF,P:SCSCF,MTAS,P:MTAS,SCSCF,P:SCSCF,GTW,P:GTW,SCSCF,P-200:SCSCF,MTAS,P-200:MTAS,SCSCF,P-200:SCSCF,PCSCF,P-200:GTW,SCSCF,R:SCSCF,MTAS,R:SCSCF,PCSCF,R:PCSCF,SCSCF,P:SCSCF,MTAS,P:MTAS,SCSCF,P:SCSCF,GTW,P:GTW,SCSCF,P-200:SCSCF,MTAS,P-200:MTAS,SCSCF,P-200:SCSCF,PCSCF,P-200:GTW,SCSCF,I-200:SCSCF,MTAS,I-200:SCSCF,PCSCF,I-200:PCSCF,SCSCF,A:SCSCF,MTAS,A:MTAS,SCSCF,A:SCSCF,GTW,A:MTAS,SCSCF,U:SCSCF,GTW,U:SCSCF,PCSCF,U:GTW,SCSCF,U-200:SCSCF,MTAS,U-200:PCSCF,SCSCF,U-200:SCSCF,MTAS,U-200:MTAS,SCSCF,U:SCSCF,GTW,U:GTW,SCSCF,U-200:SCSCF,MTAS,U-200:MTAS,SCSCF,U:SCSCF,PCSCF,U:PCSCF,SCSCF,U-200:SCSCF,MTAS,U-200:PCSCF,SCSCF,B:MTAS,SCSCF,B:SCSCF,GTW,B:GTW,SCSCF,B-200:SCSCF,MTAS,B-200:SCSCF,PCSCF,B-200"
175,175,0,0,0.88566333,"PCSCF,SCSCF,I:SCSCF,PCSCF,T:SCSCF,ASLI,I:ASLI,SCSCF,T:ASLI,SCSCF,I-500:SCSCF,ASLI,A:MTAS,SCSCF,I:SCSCF,MTAS,T:SCSCF,GTW,I:GTW,SCSCF,T:GTW,SCSCF,R:SCSCF,MTAS,R:SCSCF,PCSCF,R:PCSCF,SCSCF,P:MTAS,SCSCF,P:SCSCF,GTW,P:GTW,SCSCF,P-200:SCSCF,MTAS,P-200:SCSCF,PCSCF,P-200:GTW,SCSCF,I-200:SCSCF,MTAS,I-200:SCSCF,PCSCF,I-200:PCSCF,SCSCF,A:SCSCF,MTAS,A:MTAS,SCSCF,A:SCSCF,GTW,A:PCSCF,SCSCF,B:SCSCF,MTAS,B:MTAS,SCSCF,B:SCSCF,GTW,B:GTW,SCSCF,B-200:SCSCF,MTAS,B-200:MTAS,SCSCF,B-200:SCSCF,PCSCF,B-200"
176,176,0,1,0.25873974,"PCSCF,SCSCF,I:SCSCF,ASLI,I:ASLI,SCSCF,T:ASLI,SCSCF,I-500:SCSCF,ASLI,A:SCSCF,PCSCF,T:MTAS,SCSCF,I:SCSCF,MTAS,T:SCSCF,GTW,I:GTW,SCSCF,T:GTW,SCSCF,S:SCSCF,MTAS,S:SCSCF,PCSCF,S:PCSCF,SCSCF,P:MTAS,SCSCF,P:SCSCF,GTW,P:GTW,SCSCF,P-200:SCSCF,MTAS,P-200:SCSCF,PCSCF,P-200:PCSCF,SCSCF,C:MTAS,SCSCF,C:SCSCF,MTAS,C-200:SCSCF,GTW,C:GTW,SCSCF,C-200:GTW,SCSCF,I-487:SCSCF,GTW,A:SCSCF,PCSCF,C-200:SCSCF,MTAS,I-487:MTAS,SCSCF,A:SCSCF,PCSCF,I-487:PCSCF,SCSCF,A"
177,177,0,1,0.2008035,"PCSCF,SCSCF,I:SCSCF,PCSCF,T:SCSCF,ASLI,I:ASLI,SCSCF,T:ASLI,SCSCF,I-500:MTAS,SCSCF,I:SCSCF,MTAS,T:SCSCF,ASLI,A:SCSCF,GTW,I:GTW,SCSCF,T:GTW,SCSCF,R:SCSCF,MTAS,R:SCSCF,PCSCF,R:PCSCF,SCSCF,P:SCSCF,MTAS,P:MTAS,SCSCF,P:SCSCF,GTW,P:GTW,SCSCF,P-200:SCSCF,MTAS,P-200:MTAS,SCSCF,P-200:SCSCF,PCSCF,P-200:GTW,SCSCF,I-200:SCSCF,MTAS,I-200:SCSCF,PCSCF,I-200:PCSCF,SCSCF,A:SCSCF,MTAS,A:MTAS,SCSCF,A:SCSCF,GTW,A:MTAS,SCSCF,U:SCSCF,GTW,U:GTW,SCSCF,U-200:SCSCF,MTAS,U-200:MTAS,SCSCF,U:SCSCF,PCSCF,U:PCSCF,SCSCF,U-200:SCSCF,MTAS,U-200:GTW,SCSCF,B:MTAS,SCSCF,B:SCSCF,PCSCF,B:PCSCF,SCSCF,B-200:SCSCF,MTAS,B-200:SCSCF,GTW,B-200"
178,178,0,1,0.6903331,"PCSCF,SCSCF,I:SCSCF,PCSCF,T:SCSCF,PCSCF,I-407:PCSCF,SCSCF,A:PCSCF,SCSCF,I:SCSCF,PCSCF,T:SCSCF,ASLI,I:ASLI,SCSCF,T:ASLI,SCSCF,I-500:SCSCF,ASLI,A:MTAS,SCSCF,I:SCSCF,MTAS,T:SCSCF,GTW,I:GTW,SCSCF,T:GTW,SCSCF,S:SCSCF,MTAS,S:SCSCF,PCSCF,S:PCSCF,SCSCF,P:SCSCF,MTAS,P:MTAS,SCSCF,P:SCSCF,GTW,P:GTW,SCSCF,P-200:SCSCF,MTAS,P-200:MTAS,SCSCF,P-200:SCSCF,PCSCF,P-200:GTW,SCSCF,R:SCSCF,MTAS,R:SCSCF,PCSCF,R:PCSCF,SCSCF,P:SCSCF,MTAS,P:MTAS,SCSCF,P:SCSCF,GTW,P:GTW,SCSCF,P-200:SCSCF,MTAS,P-200:MTAS,SCSCF,P-200:SCSCF,PCSCF,P-200:GTW,SCSCF,I-200:SCSCF,MTAS,I-200:SCSCF,PCSCF,I-200:PCSCF,SCSCF,A:SCSCF,MTAS,A:MTAS,SCSCF,A:SCSCF,GTW,A:PCSCF,SCSCF,B:MTAS,SCSCF,B:SCSCF,GTW,B:GTW,SCSCF,B-200:SCSCF,MTAS,B-200:SCSCF,PCSCF,B-200"
179,179,0,1,0.29754704,"PCSCF,SCSCF,I:SCSCF,PCSCF,T:SCSCF,PCSCF,I-407:PCSCF,SCSCF,A:PCSCF,SCSCF,I:SCSCF,ASLI,I:ASLI,SCSCF,T:ASLI,SCSCF,I-500:SCSCF,ASLI,A:MTAS,SCSCF,I:SCSCF,MTAS,T:SCSCF,GTW,I:GTW,SCSCF,T:SCSCF,PCSCF,T:GTW,SCSCF,R:SCSCF,MTAS,R:SCSCF,PCSCF,R:PCSCF,SCSCF,P:SCSCF,MTAS,P:MTAS,SCSCF,P:SCSCF,GTW,P:GTW,SCSCF,P-200:SCSCF,MTAS,P-200:MTAS,SCSCF,P-200:SCSCF,PCSCF,P-200:GTW,SCSCF,I-200:SCSCF,MTAS,I-200:SCSCF,PCSCF,I-200:PCSCF,SCSCF,A:SCSCF,MTAS,A:MTAS,SCSCF,A:SCSCF,GTW,A:PCSCF,SCSCF,B:MTAS,SCSCF,B:SCSCF,GTW,B:GTW,SCSCF,B-200:SCSCF,MTAS,B-200:SCSCF,PCSCF,B-200"
180,180,0,0,0.88726914,"PCSCF,SCSCF,I:SCSCF,PCSCF,T:SCSCF,PCSCF,I-407:PCSCF,SCSCF,A:PCSCF,SCSCF,I:SCSCF,PCSCF,T:SCSCF,ASLI,I:ASLI,SCSCF,T:ASLI,SCSCF,I-500:MTAS,SCSCF,I:SCSCF,MTAS,T:SCSCF,ASLI,A:SCSCF,GTW,I:GTW,SCSCF,T:GTW,SCSCF,S:SCSCF,MTAS,S:SCSCF,PCSCF,S:PCSCF,SCSCF,P:SCSCF,MTAS,P:MTAS,SCSCF,P:SCSCF,GTW,P:GTW,SCSCF,P-200:GTW,SCSCF,R:SCSCF,MTAS,P-200:SCSCF,MTAS,R:MTAS,SCSCF,P-200:SCSCF,PCSCF,P-200:SCSCF,PCSCF,R:PCSCF,SCSCF,P:SCSCF,MTAS,P:MTAS,SCSCF,P:SCSCF,GTW,P:GTW,SCSCF,P-200:SCSCF,MTAS,P-200:MTAS,SCSCF,P-200:SCSCF,PCSCF,P-200:GTW,SCSCF,I-200:SCSCF,MTAS,I-200:SCSCF,PCSCF,I-200:PCSCF,SCSCF,A:SCSCF,MTAS,A:MTAS,SCSCF,A:SCSCF,GTW,A:PCSCF,SCSCF,I:MTAS,SCSCF,I:SCSCF,MTAS,T:SCSCF,GTW,I:GTW,SCSCF,T:SCSCF,PCSCF,T:GTW,SCSCF,I-200:SCSCF,MTAS,I-200:SCSCF,PCSCF,I-200:PCSCF,SCSCF,A:SCSCF,MTAS,A:MTAS,SCSCF,A:SCSCF,GTW,A:PCSCF,SCSCF,B:SCSCF,MTAS,B:MTAS,SCSCF,B:SCSCF,GTW,B:GTW,SCSCF,B-200:SCSCF,MTAS,B-200:MTAS,SCSCF,B-200:SCSCF,PCSCF,B-200"
181,181,0,1,0.752201,"PCSCF,SCSCF,I:SCSCF,PCSCF,T:SCSCF,ASLI,I:ASLI,SCSCF,T:ASLI,SCSCF,I-500:SCSCF,ASLI,A:MTAS,SCSCF,I:SCSCF,MTAS,T:SCSCF,GTW,I:GTW,SCSCF,T:GTW,SCSCF,S:SCSCF,MTAS,S:SCSCF,PCSCF,S:PCSCF,SCSCF,P:MTAS,SCSCF,P:SCSCF,GTW,P:GTW,SCSCF,P-200:SCSCF,MTAS,P-200:SCSCF,PCSCF,P-200:GTW,SCSCF,I-200:SCSCF,MTAS,I-200:SCSCF,PCSCF,I-200:PCSCF,SCSCF,A:SCSCF,MTAS,A:MTAS,SCSCF,A:SCSCF,GTW,A:MTAS,SCSCF,U:SCSCF,GTW,U:GTW,SCSCF,U-200:SCSCF,MTAS,U-200:MTAS,SCSCF,U:SCSCF,PCSCF,U:PCSCF,SCSCF,U-200:SCSCF,MTAS,U-200:GTW,SCSCF,B:MTAS,SCSCF,B:SCSCF,PCSCF,B:PCSCF,SCSCF,B-200:SCSCF,MTAS,B-200:SCSCF,GTW,B-200"
182,182,0,1,0.6578573,"GTW,ICSCF,I:ICSCF,GTW,T:SCSCF,ASLI,I:ASLI,SCSCF,T:ASLI,SCSCF,I-500:SCSCF,ASLI,A:SCSCF,MTAS,I:MTAS,SCSCF,T:MTAS,SCSCF,I:SCSCF,MTAS,T:SCSCF,PCSCF,I:PCSCF,SCSCF,T:PCSCF,SCSCF,R:SCSCF,MTAS,R:MTAS,SCSCF,R:ICSCF,GTW,R:GTW,SCSCF,P:SCSCF,MTAS,P:MTAS,SCSCF,P:SCSCF,PCSCF,P:MTAS,SCSCF,P-200:SCSCF,GTW,P-200:PCSCF,SCSCF,P-200:SCSCF,MTAS,P-200:MTAS,SCSCF,I-200:ICSCF,GTW,I-200:GTW,SCSCF,A:PCSCF,SCSCF,I-200:SCSCF,MTAS,I-200:SCSCF,MTAS,A:MTAS,SCSCF,A:SCSCF,PCSCF,A:GTW,SCSCF,B:SCSCF,MTAS,B:MTAS,SCSCF,B:SCSCF,PCSCF,B:PCSCF,SCSCF,B-200:SCSCF,MTAS,B-200:MTAS,SCSCF,B-200:SCSCF,GTW,B-200"
183,183,0,1,0.4128083,"PCSCF,SCSCF,I:SCSCF,ASLI,I:ASLI,SCSCF,T:ASLI,SCSCF,I-500:SCSCF,ASLI,A:MTAS,SCSCF,I:SCSCF,MTAS,T:SCSCF,GTW,I:SCSCF,PCSCF,T:GTW,SCSCF,T:GTW,SCSCF,R:SCSCF,MTAS,R:SCSCF,PCSCF,R:PCSCF,SCSCF,P:SCSCF,MTAS,P:MTAS,SCSCF,P:SCSCF,GTW,P:GTW,SCSCF,P-200:SCSCF,MTAS,P-200:MTAS,SCSCF,P-200:SCSCF,PCSCF,P-200:GTW,SCSCF,I-200:SCSCF,MTAS,I-200:SCSCF,PCSCF,I-200:GTW,SCSCF,I-200:SCSCF,MTAS,I-200:PCSCF,SCSCF,A:SCSCF,MTAS,A:MTAS,SCSCF,A:SCSCF,GTW,A:PCSCF,SCSCF,B:SCSCF,MTAS,B:MTAS,SCSCF,B:SCSCF,GTW,B:GTW,SCSCF,B-200:SCSCF,MTAS,B-200:MTAS,SCSCF,B-200:SCSCF,PCSCF,B-200"
184,184,0,1,0.22987258,"PCSCF,SCSCF,I:SCSCF,ASLI,I:ASLI,SCSCF,T:ASLI,SCSCF,I-500:SCSCF,ASLI,A:MTAS,SCSCF,I:SCSCF,PCSCF,T:SCSCF,MTAS,T:SCSCF,GTW,I:GTW,SCSCF,T:GTW,SCSCF,S:SCSCF,MTAS,S:SCSCF,PCSCF,S:PCSCF,SCSCF,P:SCSCF,MTAS,P:MTAS,SCSCF,P:SCSCF,GTW,P:GTW,SCSCF,P-200:SCSCF,MTAS,P-200:MTAS,SCSCF,P-200:SCSCF,PCSCF,P-200:GTW,SCSCF,R:SCSCF,MTAS,R:SCSCF,PCSCF,R:PCSCF,SCSCF,P:SCSCF,MTAS,P:MTAS,SCSCF,P:SCSCF,GTW,P:GTW,SCSCF,P-200:SCSCF,MTAS,P-200:MTAS,SCSCF,P-200:SCSCF,PCSCF,P-200:GTW,SCSCF,I-200:SCSCF,MTAS,I-200:SCSCF,PCSCF,I-200:PCSCF,SCSCF,A:SCSCF,MTAS,A:MTAS,SCSCF,A:SCSCF,GTW,A:MTAS,SCSCF,U:SCSCF,GTW,U:GTW,SCSCF,U-200:SCSCF,MTAS,U-200:MTAS,SCSCF,U:SCSCF,PCSCF,U:PCSCF,SCSCF,U-200:SCSCF,MTAS,U-200:GTW,SCSCF,B:MTAS,SCSCF,B:SCSCF,PCSCF,B:PCSCF,SCSCF,B-200:SCSCF,MTAS,B-200:SCSCF,GTW,B-200"
185,185,0,0,0.92385817,"PCSCF,SCSCF,I:SCSCF,PCSCF,T:SCSCF,PCSCF,I-407:PCSCF,SCSCF,A:PCSCF,SCSCF,I:SCSCF,ASLI,I:ASLI,SCSCF,T:SCSCF,PCSCF,T:ASLI,SCSCF,I-500:SCSCF,ASLI,A:MTAS,SCSCF,I:SCSCF,MTAS,T:SCSCF,GTW,I:GTW,SCSCF,T:GTW,SCSCF,R:SCSCF,MTAS,R:SCSCF,PCSCF,R:PCSCF,SCSCF,P:MTAS,SCSCF,P:SCSCF,GTW,P:GTW,SCSCF,P-200:SCSCF,MTAS,P-200:SCSCF,PCSCF,P-200:GTW,SCSCF,I-200:SCSCF,MTAS,I-200:SCSCF,PCSCF,I-200:PCSCF,SCSCF,A:SCSCF,MTAS,A:MTAS,SCSCF,A:SCSCF,GTW,A:GTW,SCSCF,B:MTAS,SCSCF,B:SCSCF,PCSCF,B:PCSCF,SCSCF,B-200:SCSCF,MTAS,B-200:SCSCF,GTW,B-200"
186,186,0,1,0.22619495,"GTW,ICSCF,I:ICSCF,GTW,T:SCSCF,ASLI,I:ASLI,SCSCF,T:ASLI,SCSCF,I-500:SCSCF,ASLI,A:SCSCF,MTAS,I:MTAS,SCSCF,T:MTAS,SCSCF,I:SCSCF,PCSCF,I:PCSCF,SCSCF,T:SCSCF,MTAS,T:PCSCF,SCSCF,R:MTAS,SCSCF,R:SCSCF,MTAS,R:ICSCF,GTW,R:GTW,SCSCF,P:SCSCF,MTAS,P:MTAS,SCSCF,P:SCSCF,PCSCF,P:PCSCF,SCSCF,P-200:SCSCF,MTAS,P-200:MTAS,SCSCF,P-200:SCSCF,GTW,P-200:PCSCF,SCSCF,I-200:SCSCF,MTAS,I-200:MTAS,SCSCF,I-200:ICSCF,GTW,I-200:GTW,SCSCF,A:SCSCF,MTAS,A:MTAS,SCSCF,A:SCSCF,PCSCF,A:GTW,SCSCF,B:SCSCF,MTAS,B:PCSCF,SCSCF,B:SCSCF,MTAS,B:MTAS,SCSCF,B:MTAS,SCSCF,B-200:SCSCF,MTAS,B-481:MTAS,SCSCF,B-200:SCSCF,GTW,B-200:SCSCF,PCSCF,B-200"
187,187,0,0,0.9960322,"GTW,ICSCF,I:ICSCF,GTW,T:SCSCF,ASLI,I:ASLI,SCSCF,T:ASLI,SCSCF,I-500:SCSCF,ASLI,A:SCSCF,MTAS,I:MTAS,SCSCF,T:MTAS,SCSCF,I:SCSCF,MTAS,T:SCSCF,PCSCF,I:PCSCF,SCSCF,T:PCSCF,SCSCF,R:SCSCF,MTAS,R:MTAS,SCSCF,R:ICSCF,GTW,R:GTW,SCSCF,P:SCSCF,MTAS,P:MTAS,SCSCF,P:SCSCF,PCSCF,P:SCSCF,MTAS,P-200:PCSCF,SCSCF,P-200:MTAS,SCSCF,P-200:SCSCF,GTW,P-200:PCSCF,SCSCF,I-200:SCSCF,MTAS,I-200:MTAS,SCSCF,I-200:ICSCF,GTW,I-200:GTW,SCSCF,A:SCSCF,MTAS,A:MTAS,SCSCF,A:SCSCF,PCSCF,A:SCSCF,MTAS,B:PCSCF,SCSCF,B:MTAS,SCSCF,B:SCSCF,GTW,B:GTW,SCSCF,B-200:SCSCF,MTAS,B-200:MTAS,SCSCF,B-200:SCSCF,PCSCF,B-200"
188,188,0,1,0.6149078,"GTW,SCSCF,I:SCSCF,GTW,T:SCSCF,SLEVOOSP,I:SLEVOOSP,SCSCF,T:SLEVOOSP,SCSCF,S:SCSCF,GTW,S:GTW,SCSCF,P:SCSCF,SLEVOOSP,P:SLEVOOSP,SCSCF,P-200:SCSCF,GTW,P-200:GTW,SCSCF,C:SCSCF,GTW,C-200:SCSCF,SLEVOOSP,C:SLEVOOSP,SCSCF,C-200:SLEVOOSP,SCSCF,I-487:SCSCF,SLEVOOSP,A:SCSCF,GTW,I-487:GTW,SCSCF,A"
189,189,0,1,0.268088,"GTW,ICSCF,I:ICSCF,GTW,T:SCSCF,ASLI,I:ASLI,SCSCF,T:ASLI,SCSCF,I-500:SCSCF,ASLI,A:SCSCF,MTAS,I:MTAS,SCSCF,T:MTAS,SCSCF,I:SCSCF,MTAS,T:SCSCF,PCSCF,I:PCSCF,SCSCF,T:PCSCF,SCSCF,R:SCSCF,MTAS,R:MTAS,SCSCF,R:ICSCF,GTW,R:GTW,SCSCF,P:SCSCF,MTAS,P:MTAS,SCSCF,P:SCSCF,PCSCF,P:PCSCF,SCSCF,P-200:SCSCF,MTAS,P-200:MTAS,SCSCF,P-200:SCSCF,GTW,P-200:PCSCF,SCSCF,I-200:SCSCF,MTAS,I-200:MTAS,SCSCF,I-200:ICSCF,GTW,I-200:GTW,SCSCF,A:SCSCF,MTAS,A:MTAS,SCSCF,A:SCSCF,PCSCF,A:GTW,SCSCF,B:SCSCF,MTAS,B:PCSCF,SCSCF,B:SCSCF,MTAS,B:MTAS,SCSCF,B:MTAS,SCSCF,B-200:SCSCF,PCSCF,B-200:SCSCF,MTAS,B-481:MTAS,SCSCF,B-200:SCSCF,GTW,B-200"
190,190,0,1,0.5910023,"PCSCF,SCSCF,I:SCSCF,PCSCF,T:SCSCF,PCSCF,I-407:PCSCF,SCSCF,A:PCSCF,SCSCF,I:SCSCF,PCSCF,T:SCSCF,ASLI,I:ASLI,SCSCF,T:ASLI,SCSCF,I-500:SCSCF,ASLI,A:MTAS,SCSCF,I:SCSCF,MTAS,T:SCSCF,GTW,I:GTW,SCSCF,T:GTW,SCSCF,S:SCSCF,MTAS,S:SCSCF,PCSCF,S:PCSCF,SCSCF,P:MTAS,SCSCF,P:SCSCF,GTW,P:GTW,SCSCF,P-200:SCSCF,MTAS,P-200:SCSCF,PCSCF,P-200:GTW,SCSCF,S:SCSCF,MTAS,S:SCSCF,PCSCF,S:PCSCF,SCSCF,P:MTAS,SCSCF,P:SCSCF,GTW,P:GTW,SCSCF,P-200:SCSCF,MTAS,P-200:SCSCF,PCSCF,P-200:GTW,SCSCF,R:SCSCF,MTAS,R:SCSCF,PCSCF,R:PCSCF,SCSCF,C:SCSCF,PCSCF,C-200:MTAS,SCSCF,C:SCSCF,MTAS,C-200:SCSCF,GTW,C:GTW,SCSCF,C-200:GTW,SCSCF,I-487:SCSCF,GTW,A:SCSCF,MTAS,I-487:MTAS,SCSCF,A:SCSCF,PCSCF,I-487:PCSCF,SCSCF,A"
191,191,0,1,0.77831537,"GTW,ICSCF,I:ICSCF,GTW,T:SCSCF,ASLI,I:ASLI,SCSCF,T:ASLI,SCSCF,I-500:SCSCF,MTAS,I:MTAS,SCSCF,T:MTAS,SCSCF,I:SCSCF,MTAS,T:SCSCF,PCSCF,I:SCSCF,ASLI,A:PCSCF,SCSCF,T:PCSCF,SCSCF,R:SCSCF,MTAS,R:MTAS,SCSCF,R:ICSCF,GTW,R:GTW,SCSCF,P:SCSCF,MTAS,P:MTAS,SCSCF,P:SCSCF,PCSCF,P:PCSCF,SCSCF,P-200:SCSCF,MTAS,P-200:MTAS,SCSCF,P-200:SCSCF,GTW,P-200:PCSCF,SCSCF,I-200:SCSCF,MTAS,I-200:MTAS,SCSCF,I-200:ICSCF,GTW,I-200:GTW,SCSCF,A:SCSCF,MTAS,A:MTAS,SCSCF,A:SCSCF,PCSCF,A:MTAS,SCSCF,U:SCSCF,PCSCF,U:MTAS,SCSCF,U:SCSCF,GTW,U:PCSCF,SCSCF,U-200:SCSCF,MTAS,U-200:GTW,SCSCF,U-200:SCSCF,MTAS,U-200:MTAS,SCSCF,U:SCSCF,PCSCF,U:MTAS,SCSCF,U:SCSCF,GTW,U:GTW,SCSCF,U-200:SCSCF,MTAS,U-200:PCSCF,SCSCF,U-200:SCSCF,MTAS,U-200:MTAS,SCSCF,U:SCSCF,GTW,U:SCSCF,PCSCF,U:GTW,SCSCF,U-200:SCSCF,MTAS,U-200:PCSCF,SCSCF,U-200:SCSCF,MTAS,U-200:GTW,SCSCF,B:SCSCF,MTAS,B:MTAS,SCSCF,B:SCSCF,PCSCF,B:PCSCF,SCSCF,B-200:SCSCF,MTAS,B-200:MTAS,SCSCF,B-200:SCSCF,GTW,B-200"
192,192,0,1,0.44560373,"PCSCF,SCSCF,I:SCSCF,PCSCF,T:SCSCF,ASLI,I:ASLI,SCSCF,T:ASLI,SCSCF,I-500:SCSCF,ASLI,A:MTAS,SCSCF,I:SCSCF,MTAS,T:SCSCF,GTW,I:GTW,SCSCF,T:GTW,SCSCF,S:SCSCF,MTAS,S:SCSCF,PCSCF,S:GTW,SCSCF,S:SCSCF,MTAS,S:PCSCF,SCSCF,P:MTAS,SCSCF,P:SCSCF,GTW,P:GTW,SCSCF,P-200:SCSCF,MTAS,P-200:SCSCF,PCSCF,P-200:GTW,SCSCF,S:SCSCF,MTAS,S:SCSCF,PCSCF,S:PCSCF,SCSCF,P:MTAS,SCSCF,P:SCSCF,GTW,P:GTW,SCSCF,P-200:SCSCF,MTAS,P-200:SCSCF,PCSCF,P-200:GTW,SCSCF,I-200:SCSCF,MTAS,I-200:SCSCF,PCSCF,I-200:PCSCF,SCSCF,A:SCSCF,MTAS,A:MTAS,SCSCF,A:SCSCF,GTW,A:PCSCF,SCSCF,B:MTAS,SCSCF,B:SCSCF,GTW,B:GTW,SCSCF,B-200:SCSCF,MTAS,B-200:SCSCF,PCSCF,B-200"
193,193,0,1,0.7389049,"GTW,ICSCF,I:ICSCF,GTW,T:SCSCF,ASLI,I:ASLI,SCSCF,T:ASLI,SCSCF,I-500:SCSCF,MTAS,I:MTAS,SCSCF,T:MTAS,SCSCF,I:SCSCF,MTAS,T:SCSCF,PCSCF,I:PCSCF,SCSCF,T:SCSCF,PCSCF,I:PCSCF,SCSCF,T:SCSCF,ASLI,A:PCSCF,SCSCF,T:PCSCF,SCSCF,R:SCSCF,MTAS,R:MTAS,SCSCF,R:ICSCF,GTW,R:GTW,SCSCF,P:SCSCF,MTAS,P:MTAS,SCSCF,P:SCSCF,PCSCF,P:PCSCF,SCSCF,P-200:SCSCF,MTAS,P-200:MTAS,SCSCF,P-200:SCSCF,GTW,P-200:PCSCF,SCSCF,I-408:SCSCF,PCSCF,A:PCSCF,SCSCF,I-408:SCSCF,PCSCF,A:PCSCF,SCSCF,I-200:SCSCF,MTAS,I-200:MTAS,SCSCF,I-200:ICSCF,GTW,I-200:GTW,SCSCF,A:SCSCF,MTAS,A:MTAS,SCSCF,A:SCSCF,PCSCF,A:GTW,SCSCF,B:SCSCF,MTAS,B:MTAS,SCSCF,B:SCSCF,PCSCF,B:PCSCF,SCSCF,B-200:SCSCF,MTAS,B-200:MTAS,SCSCF,B-200:SCSCF,GTW,B-200"
194,194,0,0,0.94448787,"PCSCF,SCSCF,I:SCSCF,PCSCF,T:SCSCF,PCSCF,I-407:PCSCF,SCSCF,A:PCSCF,SCSCF,I:SCSCF,PCSCF,T:SCSCF,ASLI,I:ASLI,SCSCF,T:ASLI,SCSCF,I-500:SCSCF,ASLI,A:MTAS,SCSCF,I:SCSCF,MTAS,T:SCSCF,ASLI,I:ASLI,SCSCF,T:ASLI,SCSCF,I-500:SCSCF,ASLI,A:SCSCF,MTAS,I:MTAS,SCSCF,I:SCSCF,MTAS,T:SCSCF,PCSCF,I:PCSCF,SCSCF,T:MTAS,SCSCF,T:PCSCF,SCSCF,R:SCSCF,MTAS,R:MTAS,SCSCF,R:SCSCF,MTAS,R:SCSCF,PCSCF,R:PCSCF,SCSCF,P:MTAS,SCSCF,P:SCSCF,MTAS,P:MTAS,SCSCF,P:SCSCF,PCSCF,P:PCSCF,SCSCF,P-200:SCSCF,MTAS,P-200:MTAS,SCSCF,P-200:SCSCF,MTAS,P-200:SCSCF,PCSCF,P-200:PCSCF,SCSCF,I-200:SCSCF,MTAS,I-200:MTAS,SCSCF,I-200:SCSCF,MTAS,I-200:SCSCF,PCSCF,I-200:PCSCF,SCSCF,A:MTAS,SCSCF,A:SCSCF,MTAS,A:MTAS,SCSCF,A:SCSCF,PCSCF,A:PCSCF,SCSCF,B:MTAS,SCSCF,B:SCSCF,MTAS,B:MTAS,SCSCF,B:SCSCF,PCSCF,B:PCSCF,SCSCF,B-200:SCSCF,MTAS,B-200:MTAS,SCSCF,B-200:SCSCF,MTAS,B-200:SCSCF,PCSCF,B-200"
195,195,0,1,0.83698803,"GTW,ICSCF,I:ICSCF,GTW,T:SCSCF,ASLI,I:ASLI,SCSCF,T:ASLI,SCSCF,I-500:SCSCF,ASLI,A:SCSCF,MTAS,I:MTAS,SCSCF,T:MTAS,SCSCF,I:SCSCF,MTAS,T:SCSCF,MTAS,I-480:MTAS,SCSCF,A:MTAS,SCSCF,W:ICSCF,GTW,W:MTAS,SCSCF,I:SCSCF,MTAS,T:SCSCF,GTW,I:GTW,SCSCF,T:GTW,SCSCF,S:SCSCF,MTAS,S:MTAS,SCSCF,S:ICSCF,GTW,S:GTW,SCSCF,P:SCSCF,MTAS,P:MTAS,SCSCF,P:SCSCF,GTW,P:GTW,SCSCF,P-200:SCSCF,MTAS,P-200:MTAS,SCSCF,P-200:SCSCF,GTW,P-200:GTW,SCSCF,R:SCSCF,MTAS,R:MTAS,SCSCF,R:ICSCF,GTW,R:GTW,SCSCF,P:SCSCF,MTAS,P:MTAS,SCSCF,P:SCSCF,GTW,P:GTW,SCSCF,P-200:SCSCF,MTAS,P-200:MTAS,SCSCF,P-200:SCSCF,GTW,P-200:GTW,SCSCF,I-200:SCSCF,MTAS,I-200:MTAS,SCSCF,I-200:ICSCF,GTW,I-200:GTW,SCSCF,A:SCSCF,MTAS,A:MTAS,SCSCF,A:SCSCF,GTW,A:GTW,SCSCF,B:SCSCF,MTAS,B:MTAS,SCSCF,B:SCSCF,GTW,B:GTW,SCSCF,B-200:SCSCF,MTAS,B-200:MTAS,SCSCF,B-200:SCSCF,GTW,B-200"
196,196,0,1,0.26974016,"PCSCF,SCSCF,I:SCSCF,PCSCF,T:SCSCF,PCSCF,I-407:PCSCF,SCSCF,A:PCSCF,SCSCF,I:SCSCF,ASLI,I:ASLI,SCSCF,T:ASLI,SCSCF,I-500:SCSCF,ASLI,A:MTAS,SCSCF,I:SCSCF,MTAS,T:SCSCF,PCSCF,T:SCSCF,GTW,I:GTW,SCSCF,T:GTW,SCSCF,S:SCSCF,MTAS,S:SCSCF,PCSCF,S:PCSCF,SCSCF,P:MTAS,SCSCF,P:SCSCF,GTW,P:GTW,SCSCF,P-200:SCSCF,MTAS,P-200:SCSCF,PCSCF,P-200:GTW,SCSCF,R:SCSCF,MTAS,R:SCSCF,PCSCF,R:PCSCF,SCSCF,P:MTAS,SCSCF,P:SCSCF,GTW,P:GTW,SCSCF,P-200:SCSCF,MTAS,P-200:SCSCF,PCSCF,P-200:PCSCF,SCSCF,C:SCSCF,PCSCF,C-200:MTAS,SCSCF,C:SCSCF,MTAS,C-200:SCSCF,GTW,C:GTW,SCSCF,C-200:GTW,SCSCF,I-487:SCSCF,GTW,A:SCSCF,MTAS,I-487:MTAS,SCSCF,A:SCSCF,PCSCF,I-487:PCSCF,SCSCF,A"
197,197,0,0,0.9513562,"PCSCF,SCSCF,I:SCSCF,PCSCF,T:SCSCF,ASLI,I:ASLI,SCSCF,T:ASLI,SCSCF,I-500:SCSCF,ASLI,A:MTAS,SCSCF,I:SCSCF,MTAS,T:SCSCF,GTW,I:GTW,SCSCF,T:GTW,SCSCF,R:SCSCF,MTAS,R:SCSCF,PCSCF,R:PCSCF,SCSCF,P:SCSCF,MTAS,P:MTAS,SCSCF,P:SCSCF,GTW,P:GTW,SCSCF,P-200:SCSCF,MTAS,P-200:MTAS,SCSCF,P-200:SCSCF,PCSCF,P-200:GTW,SCSCF,I-200:SCSCF,MTAS,I-200:SCSCF,PCSCF,I-200:PCSCF,SCSCF,A:SCSCF,MTAS,A:MTAS,SCSCF,A:SCSCF,GTW,A:MTAS,SCSCF,U:SCSCF,GTW,U:GTW,SCSCF,U-200:SCSCF,MTAS,U-200:MTAS,SCSCF,U:SCSCF,PCSCF,U:PCSCF,SCSCF,U-200:SCSCF,MTAS,U-200:MTAS,SCSCF,U:SCSCF,GTW,U:GTW,SCSCF,U-200:SCSCF,MTAS,U-200:MTAS,SCSCF,U:SCSCF,PCSCF,U:PCSCF,SCSCF,U-200:SCSCF,MTAS,U-200:PCSCF,SCSCF,B:SCSCF,MTAS,B:MTAS,SCSCF,B:SCSCF,GTW,B:GTW,SCSCF,B-200:SCSCF,MTAS,B-200:MTAS,SCSCF,B-200:SCSCF,PCSCF,B-200"
198,198,0,1,0.2772999,"PCSCF,SCSCF,I:SCSCF,PCSCF,T:SCSCF,ASLI,I:ASLI,SCSCF,T:ASLI,SCSCF,I-500:SCSCF,ASLI,A:MTAS,SCSCF,I:SCSCF,MTAS,T:SCSCF,GTW,I:GTW,SCSCF,T:GTW,SCSCF,S:SCSCF,MTAS,S:SCSCF,PCSCF,S:PCSCF,SCSCF,P:SCSCF,MTAS,P:MTAS,SCSCF,P:SCSCF,GTW,P:GTW,SCSCF,P-200:SCSCF,MTAS,P-200:MTAS,SCSCF,P-200:SCSCF,PCSCF,P-200:GTW,SCSCF,R:SCSCF,MTAS,R:SCSCF,PCSCF,R:PCSCF,SCSCF,P:SCSCF,MTAS,P:MTAS,SCSCF,P:SCSCF,GTW,P:GTW,SCSCF,P-200:SCSCF,MTAS,P-200:MTAS,SCSCF,P-200:SCSCF,PCSCF,P-200:GTW,SCSCF,W:SCSCF,MTAS,W:SCSCF,PCSCF,W:PCSCF,SCSCF,P:SCSCF,MTAS,P:MTAS,SCSCF,P:SCSCF,GTW,P:GTW,SCSCF,P-200:GTW,SCSCF,S:SCSCF,MTAS,S:SCSCF,MTAS,P-200:MTAS,SCSCF,P-200:SCSCF,PCSCF,P-200:SCSCF,PCSCF,S:PCSCF,SCSCF,P:SCSCF,MTAS,P:MTAS,SCSCF,P:SCSCF,GTW,P:GTW,SCSCF,P-200:SCSCF,MTAS,P-200:MTAS,SCSCF,P-200:SCSCF,PCSCF,P-200:PCSCF,SCSCF,C:MTAS,SCSCF,C:SCSCF,MTAS,C-200:SCSCF,GTW,C:GTW,SCSCF,C-200:GTW,SCSCF,I-487:SCSCF,GTW,A:SCSCF,MTAS,I-487:MTAS,SCSCF,A:SCSCF,PCSCF,C-200:SCSCF,PCSCF,I-487:PCSCF,SCSCF,A"
199,199,0,1,0.19465089,"PCSCF,SCSCF,I:SCSCF,PCSCF,T:SCSCF,PCSCF,I-407:PCSCF,SCSCF,A:PCSCF,SCSCF,I:SCSCF,PCSCF,T:SCSCF,ASLI,I:ASLI,SCSCF,T:ASLI,SCSCF,I-500:SCSCF,ASLI,A:MTAS,SCSCF,I:SCSCF,MTAS,T:SCSCF,GTW,I:GTW,SCSCF,T:GTW,SCSCF,S:SCSCF,MTAS,S:SCSCF,PCSCF,S:PCSCF,SCSCF,P:SCSCF,MTAS,P:MTAS,SCSCF,P:SCSCF,GTW,P:GTW,SCSCF,P-200:GTW,SCSCF,S:SCSCF,MTAS,S:SCSCF,MTAS,P-200:MTAS,SCSCF,P-200:SCSCF,PCSCF,P-200:SCSCF,PCSCF,S:PCSCF,SCSCF,P:SCSCF,MTAS,P:MTAS,SCSCF,P:SCSCF,GTW,P:GTW,SCSCF,P-200:GTW,SCSCF,S:SCSCF,MTAS,P-200:SCSCF,MTAS,S:MTAS,SCSCF,P-200:SCSCF,PCSCF,S:SCSCF,PCSCF,P-200:PCSCF,SCSCF,P:SCSCF,MTAS,P:MTAS,SCSCF,P:SCSCF,GTW,P:GTW,SCSCF,P-200:SCSCF,MTAS,P-200:MTAS,SCSCF,P-200:SCSCF,PCSCF,P-200:GTW,SCSCF,R:SCSCF,MTAS,R:SCSCF,PCSCF,R:PCSCF,SCSCF,P:SCSCF,MTAS,P:MTAS,SCSCF,P:SCSCF,GTW,P:GTW,SCSCF,P-200:SCSCF,MTAS,P-200:MTAS,SCSCF,P-200:SCSCF,PCSCF,P-200:GTW,SCSCF,I-200:SCSCF,MTAS,I-200:SCSCF,PCSCF,I-200:PCSCF,SCSCF,A:SCSCF,MTAS,A:MTAS,SCSCF,A:SCSCF,GTW,A:PCSCF,SCSCF,B:SCSCF,MTAS,B:MTAS,SCSCF,B:SCSCF,GTW,B:GTW,SCSCF,B-200:SCSCF,MTAS,B-200:MTAS,SCSCF,B-200:SCSCF,PCSCF,B-200"
200,200,0,1,0.3530179,"PCSCF,SCSCF,I:SCSCF,PCSCF,T:SCSCF,ASLI,I:ASLI,SCSCF,T:ASLI,SCSCF,I-500:SCSCF,ASLI,A:MTAS,SCSCF,I:SCSCF,MTAS,T:SCSCF,GTW,I:GTW,SCSCF,T:GTW,SCSCF,S:SCSCF,MTAS,S:SCSCF,PCSCF,S:PCSCF,SCSCF,P:SCSCF,MTAS,P:MTAS,SCSCF,P:SCSCF,GTW,P:GTW,SCSCF,P-200:SCSCF,MTAS,P-200:MTAS,SCSCF,P-200:SCSCF,PCSCF,P-200:GTW,SCSCF,R:SCSCF,MTAS,R:SCSCF,PCSCF,R:PCSCF,SCSCF,P:SCSCF,MTAS,P:MTAS,SCSCF,P:SCSCF,GTW,P:GTW,SCSCF,P-200:SCSCF,MTAS,P-200:MTAS,SCSCF,P-200:SCSCF,PCSCF,P-200:GTW,SCSCF,I-200:SCSCF,MTAS,I-200:SCSCF,PCSCF,I-200:PCSCF,SCSCF,A:SCSCF,MTAS,A:MTAS,SCSCF,A:SCSCF,GTW,A:GTW,SCSCF,B:MTAS,SCSCF,B:SCSCF,PCSCF,B:PCSCF,SCSCF,B-200:SCSCF,MTAS,B-200:SCSCF,GTW,B-200"
201,201,0,1,0.8416052,"GTW,ICSCF,I:ICSCF,GTW,T:SCSCF,ASLI,I:ASLI,SCSCF,T:ASLI,SCSCF,I-500:SCSCF,ASLI,A:SCSCF,MTAS,I:MTAS,SCSCF,T:MTAS,SCSCF,I:SCSCF,MTAS,T:SCSCF,PCSCF,I:PCSCF,SCSCF,T:PCSCF,SCSCF,R:SCSCF,MTAS,R:MTAS,SCSCF,R:ICSCF,GTW,R:GTW,SCSCF,P:SCSCF,MTAS,P:MTAS,SCSCF,P:SCSCF,PCSCF,P:PCSCF,SCSCF,P-200:MTAS,SCSCF,P-200:SCSCF,GTW,P-200:SCSCF,MTAS,P-200:GTW,ICSCF,C:ICSCF,GTW,C-200:SCSCF,MTAS,C:MTAS,SCSCF,C-200:MTAS,SCSCF,C:SCSCF,MTAS,C-200:SCSCF,PCSCF,C:PCSCF,SCSCF,C-200:PCSCF,SCSCF,I-487:SCSCF,PCSCF,A:SCSCF,MTAS,I-487:MTAS,SCSCF,I-487:SCSCF,MTAS,A:ICSCF,GTW,I-487:GTW,ICSCF,A:MTAS,SCSCF,A"
202,202,0,1,0.71758634,"GTW,ICSCF,I:ICSCF,GTW,T:SCSCF,ASLI,I:ASLI,SCSCF,T:ASLI,SCSCF,I-500:SCSCF,ASLI,A:SCSCF,MTAS,I:MTAS,SCSCF,I:SCSCF,PCSCF,I:PCSCF,SCSCF,T:SCSCF,MTAS,T:MTAS,SCSCF,T:PCSCF,SCSCF,R:SCSCF,MTAS,R:MTAS,SCSCF,R:ICSCF,GTW,R:GTW,SCSCF,P:SCSCF,MTAS,P:MTAS,SCSCF,P:SCSCF,PCSCF,P:PCSCF,SCSCF,P-200:MTAS,SCSCF,P-200:SCSCF,MTAS,P-200:SCSCF,GTW,P-200:PCSCF,SCSCF,I-200:SCSCF,MTAS,I-200:MTAS,SCSCF,I-200:ICSCF,GTW,I-200:SCSCF,MTAS,A:SCSCF,PCSCF,A:GTW,SCSCF,A:MTAS,SCSCF,A:PCSCF,SCSCF,B:SCSCF,MTAS,B:MTAS,SCSCF,B:SCSCF,GTW,B:GTW,SCSCF,B-200:SCSCF,MTAS,B-200:MTAS,SCSCF,B-200:SCSCF,PCSCF,B-200"
203,203,0,1,0.53292906,"PCSCF,SCSCF,I:SCSCF,PCSCF,T:SCSCF,ASLI,I:ASLI,SCSCF,T:ASLI,SCSCF,I-500:SCSCF,ASLI,A:MTAS,SCSCF,I:SCSCF,MTAS,T:SCSCF,GTW,I:GTW,SCSCF,T:GTW,SCSCF,S:SCSCF,MTAS,S:SCSCF,PCSCF,S:PCSCF,SCSCF,P:MTAS,SCSCF,P:SCSCF,GTW,P:GTW,SCSCF,P-200:GTW,SCSCF,S:SCSCF,MTAS,S:SCSCF,MTAS,P-200:SCSCF,PCSCF,P-200:SCSCF,PCSCF,S:PCSCF,SCSCF,P:MTAS,SCSCF,P:SCSCF,GTW,P:GTW,SCSCF,P-200:SCSCF,MTAS,P-200:GTW,SCSCF,R:SCSCF,MTAS,R:SCSCF,PCSCF,P-200:SCSCF,PCSCF,R:PCSCF,SCSCF,P:MTAS,SCSCF,P:SCSCF,GTW,P:GTW,SCSCF,P-200:SCSCF,MTAS,P-200:SCSCF,PCSCF,P-200:GTW,SCSCF,I-200:SCSCF,MTAS,I-200:SCSCF,PCSCF,I-200:PCSCF,SCSCF,A:SCSCF,MTAS,A:MTAS,SCSCF,A:SCSCF,GTW,A:MTAS,SCSCF,U:SCSCF,GTW,U:SCSCF,PCSCF,U:GTW,SCSCF,U-200:SCSCF,MTAS,U-200:PCSCF,SCSCF,U-200:SCSCF,MTAS,U-200:GTW,SCSCF,B:MTAS,SCSCF,B:SCSCF,PCSCF,B:PCSCF,SCSCF,B-200:SCSCF,MTAS,B-200:SCSCF,GTW,B-200"
204,204,0,1,0.42124274,"PCSCF,SCSCF,I:SCSCF,ASLI,I:SCSCF,PCSCF,T:ASLI,SCSCF,T:ASLI,SCSCF,I-500:SCSCF,ASLI,A:MTAS,SCSCF,I:SCSCF,MTAS,T:SCSCF,GTW,I:GTW,SCSCF,T:GTW,SCSCF,S:SCSCF,MTAS,S:SCSCF,PCSCF,S:PCSCF,SCSCF,P:MTAS,SCSCF,P:SCSCF,GTW,P:GTW,SCSCF,P-200:GTW,SCSCF,S:SCSCF,MTAS,P-200:SCSCF,MTAS,S:SCSCF,PCSCF,P-200:SCSCF,PCSCF,S:PCSCF,SCSCF,P:MTAS,SCSCF,P:SCSCF,GTW,P:GTW,SCSCF,P-200:SCSCF,MTAS,P-200:SCSCF,PCSCF,P-200:GTW,SCSCF,R:SCSCF,MTAS,R:SCSCF,PCSCF,R:PCSCF,SCSCF,P:MTAS,SCSCF,P:SCSCF,GTW,P:GTW,SCSCF,P-200:SCSCF,MTAS,P-200:SCSCF,PCSCF,P-200:GTW,SCSCF,I-200:SCSCF,MTAS,I-200:SCSCF,PCSCF,I-200:PCSCF,SCSCF,A:SCSCF,MTAS,A:MTAS,SCSCF,A:SCSCF,GTW,A:PCSCF,SCSCF,B:MTAS,SCSCF,B:SCSCF,GTW,B:GTW,SCSCF,B-200:SCSCF,MTAS,B-200:SCSCF,PCSCF,B-200"
205,205,0,1,0.34671098,"PCSCF,SCSCF,I:SCSCF,PCSCF,T:SCSCF,PCSCF,I-407:PCSCF,SCSCF,A:PCSCF,SCSCF,I:SCSCF,ASLI,I:ASLI,SCSCF,T:ASLI,SCSCF,I-500:SCSCF,ASLI,A:SCSCF,PCSCF,T:MTAS,SCSCF,I:SCSCF,MTAS,T:SCSCF,GTW,I:GTW,SCSCF,T:GTW,SCSCF,I-480:SCSCF,GTW,A:SCSCF,MTAS,I-480:MTAS,SCSCF,A:SCSCF,PCSCF,I-480:PCSCF,SCSCF,A"
206,206,0,1,0.6771148,"PCSCF,SCSCF,I:SCSCF,PCSCF,T:SCSCF,PCSCF,I-407:PCSCF,SCSCF,A:PCSCF,SCSCF,I:SCSCF,ASLI,I:ASLI,SCSCF,T:ASLI,SCSCF,I-500:SCSCF,ASLI,A:SCSCF,PCSCF,T:MTAS,SCSCF,I:SCSCF,MTAS,T:SCSCF,GTW,I:GTW,SCSCF,T:GTW,SCSCF,R:SCSCF,MTAS,R:SCSCF,PCSCF,R:PCSCF,SCSCF,P:MTAS,SCSCF,P:SCSCF,GTW,P:GTW,SCSCF,P-200:SCSCF,MTAS,P-200:SCSCF,PCSCF,P-200:GTW,SCSCF,I-200:SCSCF,MTAS,I-200:SCSCF,PCSCF,I-200:PCSCF,SCSCF,A:SCSCF,MTAS,A:MTAS,SCSCF,A:SCSCF,GTW,A:MTAS,SCSCF,U:SCSCF,GTW,U:GTW,SCSCF,U-200:SCSCF,PCSCF,U:SCSCF,MTAS,U-200:PCSCF,SCSCF,U-200:SCSCF,MTAS,U-200:GTW,SCSCF,B:MTAS,SCSCF,B:SCSCF,PCSCF,B:PCSCF,SCSCF,B-200:SCSCF,MTAS,B-200:SCSCF,GTW,B-200"
207,207,0,1,0.22066715,"GTW,ICSCF,I:ICSCF,GTW,T:SCSCF,ASLI,I:ASLI,SCSCF,T:ASLI,SCSCF,I-500:SCSCF,ASLI,A:SCSCF,MTAS,I:MTAS,SCSCF,I:SCSCF,MTAS,T:SCSCF,PCSCF,I:PCSCF,SCSCF,T:MTAS,SCSCF,T:PCSCF,SCSCF,R:SCSCF,MTAS,R:MTAS,SCSCF,R:ICSCF,GTW,R:GTW,SCSCF,P:SCSCF,MTAS,P:MTAS,SCSCF,P:SCSCF,PCSCF,P:PCSCF,SCSCF,P-200:SCSCF,MTAS,P-200:MTAS,SCSCF,P-200:SCSCF,GTW,P-200:PCSCF,SCSCF,I-200:SCSCF,MTAS,I-200:MTAS,SCSCF,I-200:ICSCF,GTW,I-200:GTW,SCSCF,A:SCSCF,MTAS,A:MTAS,SCSCF,A:SCSCF,PCSCF,A:MTAS,SCSCF,U:SCSCF,PCSCF,U:SCSCF,GTW,U:GTW,SCSCF,U-200:SCSCF,MTAS,U-200:PCSCF,SCSCF,U-200:SCSCF,MTAS,U-200:GTW,SCSCF,B:SCSCF,MTAS,B:MTAS,SCSCF,B:SCSCF,PCSCF,B:PCSCF,SCSCF,B-200:SCSCF,MTAS,B-200:MTAS,SCSCF,B-200:SCSCF,GTW,B-200"
208,208,0,1,0.82362545,"PCSCF,SCSCF,I:SCSCF,PCSCF,T:SCSCF,ASLI,I:ASLI,SCSCF,T:ASLI,SCSCF,I-500:SCSCF,ASLI,A:MTAS,SCSCF,I:SCSCF,MTAS,T:SCSCF,GTW,I:GTW,SCSCF,T:GTW,SCSCF,I-200:SCSCF,MTAS,I-200:SCSCF,PCSCF,I-200:PCSCF,SCSCF,A:SCSCF,MTAS,A:MTAS,SCSCF,A:SCSCF,GTW,A:MTAS,SCSCF,U:SCSCF,GTW,U:GTW,SCSCF,U-200:SCSCF,PCSCF,U:SCSCF,MTAS,U-200:PCSCF,SCSCF,U-200:SCSCF,MTAS,U-200:MTAS,SCSCF,U:SCSCF,GTW,U:GTW,SCSCF,U-200:SCSCF,MTAS,U-200:MTAS,SCSCF,U:SCSCF,PCSCF,U:PCSCF,SCSCF,U-200:SCSCF,MTAS,U-200:MTAS,SCSCF,U:SCSCF,GTW,U:GTW,SCSCF,U-200:SCSCF,MTAS,U-200:MTAS,SCSCF,U:SCSCF,PCSCF,U:PCSCF,SCSCF,U-200:SCSCF,MTAS,U-200:MTAS,SCSCF,U:SCSCF,GTW,U:GTW,SCSCF,U-200:SCSCF,MTAS,U-200:MTAS,SCSCF,U:SCSCF,PCSCF,U:PCSCF,SCSCF,U-200:SCSCF,MTAS,U-200:PCSCF,SCSCF,B:MTAS,SCSCF,B:SCSCF,GTW,B:GTW,SCSCF,B-200:SCSCF,MTAS,B-200:SCSCF,PCSCF,B-200"
209,209,0,1,0.81161726,"GTW,ICSCF,I:ICSCF,GTW,T:SCSCF,ASLI,I:ASLI,SCSCF,T:ASLI,SCSCF,I-500:SCSCF,ASLI,A:SCSCF,MTAS,I:MTAS,SCSCF,T:MTAS,SCSCF,I:SCSCF,MTAS,T:SCSCF,PCSCF,I:PCSCF,SCSCF,T:PCSCF,SCSCF,R:SCSCF,MTAS,R:MTAS,SCSCF,R:ICSCF,GTW,R:GTW,SCSCF,P:SCSCF,MTAS,P:MTAS,SCSCF,P:SCSCF,PCSCF,P:PCSCF,SCSCF,P-200:SCSCF,MTAS,P-200:MTAS,SCSCF,P-200:SCSCF,GTW,P-200:PCSCF,SCSCF,I-200:SCSCF,MTAS,I-200:MTAS,SCSCF,I-200:ICSCF,GTW,I-200:GTW,SCSCF,A:SCSCF,MTAS,A:MTAS,SCSCF,A:SCSCF,PCSCF,A:MTAS,SCSCF,U:SCSCF,PCSCF,U:PCSCF,SCSCF,U-200:SCSCF,MTAS,U-200:MTAS,SCSCF,U:SCSCF,GTW,U:GTW,SCSCF,U-200:SCSCF,MTAS,U-200:MTAS,SCSCF,U:SCSCF,PCSCF,U:SCSCF,GTW,U:GTW,SCSCF,U-200:SCSCF,MTAS,U-200:PCSCF,SCSCF,U-200:SCSCF,MTAS,U-200:PCSCF,SCSCF,B:SCSCF,MTAS,B:MTAS,SCSCF,B:SCSCF,GTW,B:GTW,SCSCF,B-200:SCSCF,MTAS,B-200:MTAS,SCSCF,B-200:SCSCF,PCSCF,B-200"
210,210,0,0,0.8789198,"PCSCF,SCSCF,I:SCSCF,PCSCF,T:SCSCF,ASLI,I:ASLI,SCSCF,T:ASLI,SCSCF,I-500:SCSCF,ASLI,A:MTAS,SCSCF,I:SCSCF,MTAS,T:SCSCF,GTW,I:GTW,SCSCF,T:GTW,SCSCF,S:SCSCF,MTAS,S:SCSCF,PCSCF,S:PCSCF,SCSCF,P:SCSCF,MTAS,P:MTAS,SCSCF,P:SCSCF,GTW,P:GTW,SCSCF,P-200:GTW,SCSCF,S:SCSCF,MTAS,S:SCSCF,MTAS,P-200:MTAS,SCSCF,P-200:SCSCF,PCSCF,P-200:SCSCF,PCSCF,S:PCSCF,SCSCF,P:SCSCF,MTAS,P:MTAS,SCSCF,P:SCSCF,GTW,P:GTW,SCSCF,P-200:SCSCF,MTAS,P-200:MTAS,SCSCF,P-200:SCSCF,PCSCF,P-200:GTW,SCSCF,R:SCSCF,MTAS,R:SCSCF,PCSCF,R:PCSCF,SCSCF,P:SCSCF,MTAS,P:MTAS,SCSCF,P:SCSCF,GTW,P:GTW,SCSCF,P-200:SCSCF,MTAS,P-200:MTAS,SCSCF,P-200:SCSCF,PCSCF,P-200:GTW,SCSCF,I-200:SCSCF,MTAS,I-200:SCSCF,PCSCF,I-200:PCSCF,SCSCF,A:SCSCF,MTAS,A:MTAS,SCSCF,A:SCSCF,GTW,A:GTW,SCSCF,B:MTAS,SCSCF,B:SCSCF,PCSCF,B:PCSCF,SCSCF,B-200:SCSCF,MTAS,B-200:SCSCF,GTW,B-200"
211,211,0,1,0.37977266,"PCSCF,SCSCF,I:SCSCF,ASLI,I:ASLI,SCSCF,T:ASLI,SCSCF,I-500:SCSCF,ASLI,A:MTAS,SCSCF,I:SCSCF,MTAS,T:SCSCF,PCSCF,T:SCSCF,GTW,I:GTW,SCSCF,T:GTW,SCSCF,S:SCSCF,MTAS,S:SCSCF,PCSCF,S:PCSCF,SCSCF,P:SCSCF,MTAS,P:MTAS,SCSCF,P:SCSCF,GTW,P:GTW,SCSCF,P-200:SCSCF,MTAS,P-200:MTAS,SCSCF,P-200:SCSCF,PCSCF,P-200:GTW,SCSCF,R:SCSCF,MTAS,R:GTW,SCSCF,R:SCSCF,MTAS,R:SCSCF,PCSCF,R:PCSCF,SCSCF,P:SCSCF,MTAS,P:MTAS,SCSCF,P:SCSCF,GTW,P:GTW,SCSCF,P-200:SCSCF,MTAS,P-200:MTAS,SCSCF,P-200:SCSCF,PCSCF,P-200:GTW,SCSCF,I-480:SCSCF,GTW,A:SCSCF,MTAS,I-480:MTAS,SCSCF,A:SCSCF,PCSCF,I-480:PCSCF,SCSCF,A"
212,212,0,1,0.48237887,"PCSCF,SCSCF,I:SCSCF,PCSCF,T:SCSCF,ASLI,I:ASLI,SCSCF,T:ASLI,SCSCF,I-500:SCSCF,ASLI,A:MTAS,SCSCF,I:SCSCF,MTAS,T:SCSCF,GTW,I:GTW,SCSCF,T:GTW,SCSCF,R:SCSCF,MTAS,R:SCSCF,PCSCF,R:PCSCF,SCSCF,P:MTAS,SCSCF,P:SCSCF,GTW,P:GTW,SCSCF,P-200:SCSCF,MTAS,P-200:SCSCF,PCSCF,P-200:GTW,SCSCF,I-200:SCSCF,MTAS,I-200:SCSCF,PCSCF,I-200:PCSCF,SCSCF,A:SCSCF,MTAS,A:MTAS,SCSCF,A:SCSCF,GTW,A:MTAS,SCSCF,U:SCSCF,GTW,U:SCSCF,PCSCF,U:GTW,SCSCF,U-200:SCSCF,MTAS,U-200:PCSCF,SCSCF,U-200:SCSCF,MTAS,U-200:MTAS,SCSCF,U:SCSCF,GTW,U:SCSCF,PCSCF,U:GTW,SCSCF,U-200:SCSCF,MTAS,U-200:PCSCF,SCSCF,U-200:SCSCF,MTAS,U-200:GTW,SCSCF,B:MTAS,SCSCF,B:SCSCF,PCSCF,B:PCSCF,SCSCF,B-200:SCSCF,MTAS,B-200:SCSCF,GTW,B-200"
213,213,0,1,0.5444954,"PCSCF,SCSCF,I:SCSCF,PCSCF,T:SCSCF,PCSCF,I-407:PCSCF,SCSCF,A:PCSCF,SCSCF,I:SCSCF,PCSCF,T:SCSCF,ASLI,I:ASLI,SCSCF,T:ASLI,SCSCF,I-500:SCSCF,ASLI,A:MTAS,SCSCF,I:SCSCF,MTAS,T:SCSCF,GTW,I:GTW,SCSCF,T:GTW,SCSCF,S:SCSCF,MTAS,S:SCSCF,PCSCF,S:PCSCF,SCSCF,P:MTAS,SCSCF,P:SCSCF,GTW,P:GTW,SCSCF,P-200:GTW,SCSCF,R:SCSCF,MTAS,R:SCSCF,MTAS,P-200:SCSCF,PCSCF,P-200:SCSCF,PCSCF,R:PCSCF,SCSCF,P:MTAS,SCSCF,P:SCSCF,GTW,P:GTW,SCSCF,P-200:SCSCF,MTAS,P-200:SCSCF,PCSCF,P-200:GTW,SCSCF,S:SCSCF,MTAS,S:SCSCF,PCSCF,S:PCSCF,SCSCF,P:MTAS,SCSCF,P:SCSCF,GTW,P:GTW,SCSCF,P-200:SCSCF,MTAS,P-200:SCSCF,PCSCF,P-200:GTW,SCSCF,U:MTAS,SCSCF,U:SCSCF,PCSCF,U:PCSCF,SCSCF,U-200:SCSCF,MTAS,U-200:SCSCF,GTW,U-200:GTW,SCSCF,I-200:SCSCF,MTAS,I-200:SCSCF,PCSCF,I-200:PCSCF,SCSCF,A:SCSCF,MTAS,A:MTAS,SCSCF,A:SCSCF,GTW,A:PCSCF,SCSCF,B:MTAS,SCSCF,B:SCSCF,GTW,B:GTW,SCSCF,B-200:SCSCF,MTAS,B-200:SCSCF,PCSCF,B-200"
214,214,0,1,0.24223576,"GTW,ICSCF,I:ICSCF,GTW,T:SCSCF,ASLI,I:ASLI,SCSCF,T:ASLI,SCSCF,I-500:SCSCF,ASLI,A:SCSCF,MTAS,I:MTAS,SCSCF,T:MTAS,SCSCF,I:SCSCF,MTAS,T:SCSCF,PCSCF,I:PCSCF,SCSCF,T:PCSCF,SCSCF,R:SCSCF,MTAS,R:MTAS,SCSCF,R:ICSCF,GTW,R:GTW,SCSCF,P:SCSCF,MTAS,P:MTAS,SCSCF,P:SCSCF,PCSCF,P:PCSCF,SCSCF,P-200:SCSCF,MTAS,P-200:MTAS,SCSCF,P-200:SCSCF,GTW,P-200:PCSCF,SCSCF,I-487:SCSCF,PCSCF,A:SCSCF,MTAS,I-487:MTAS,SCSCF,A:MTAS,SCSCF,I-487:SCSCF,MTAS,A:ICSCF,GTW,I-487:GTW,ICSCF,A"
215,215,0,0,0.9967583,"PCSCF,SCSCF,I:SCSCF,PCSCF,T:SCSCF,ASLI,I:ASLI,SCSCF,T:ASLI,SCSCF,I-500:SCSCF,ASLI,A:MTAS,SCSCF,I:SCSCF,MTAS,T:SCSCF,GTW,I:GTW,SCSCF,T:GTW,SCSCF,R:SCSCF,MTAS,R:SCSCF,PCSCF,R:PCSCF,SCSCF,P:SCSCF,MTAS,P:MTAS,SCSCF,P:GTW,SCSCF,I-200:SCSCF,GTW,P:SCSCF,MTAS,I-200:SCSCF,PCSCF,I-200:GTW,SCSCF,P-200:SCSCF,MTAS,P-200:MTAS,SCSCF,P-200:SCSCF,PCSCF,P-200:PCSCF,SCSCF,A:SCSCF,MTAS,A:MTAS,SCSCF,A:SCSCF,GTW,A:PCSCF,SCSCF,B:SCSCF,MTAS,B:MTAS,SCSCF,B:SCSCF,GTW,B:GTW,SCSCF,B-200:SCSCF,MTAS,B-200:MTAS,SCSCF,B-200:SCSCF,PCSCF,B-200"
216,216,0,0,0.89943236,"GTW,ICSCF,I:ICSCF,GTW,T:SCSCF,ASLI,I:ASLI,SCSCF,T:ASLI,SCSCF,I-500:SCSCF,ASLI,A:SCSCF,MTAS,I:MTAS,SCSCF,T:MTAS,SCSCF,I:SCSCF,MTAS,T:SCSCF,PCSCF,I:PCSCF,SCSCF,T:PCSCF,SCSCF,R:SCSCF,MTAS,R:MTAS,SCSCF,R:ICSCF,GTW,R:GTW,SCSCF,P:SCSCF,MTAS,P:MTAS,SCSCF,P:SCSCF,PCSCF,P:PCSCF,SCSCF,P-200:SCSCF,MTAS,P-200:MTAS,SCSCF,P-200:SCSCF,GTW,P-200:PCSCF,SCSCF,I-200:SCSCF,MTAS,I-200:MTAS,SCSCF,I-200:ICSCF,GTW,I-200:GTW,SCSCF,A:SCSCF,MTAS,A:MTAS,SCSCF,A:SCSCF,PCSCF,A:MTAS,SCSCF,U:SCSCF,PCSCF,U:SCSCF,GTW,U:GTW,SCSCF,U-200:SCSCF,MTAS,U-200:PCSCF,SCSCF,U-200:SCSCF,MTAS,U-200:MTAS,SCSCF,U:SCSCF,PCSCF,U:SCSCF,GTW,U:GTW,SCSCF,U-200:SCSCF,MTAS,U-200:PCSCF,SCSCF,U-200:SCSCF,MTAS,U-200:GTW,SCSCF,B:SCSCF,MTAS,B:MTAS,SCSCF,B:SCSCF,PCSCF,B:PCSCF,SCSCF,B-200:SCSCF,MTAS,B-200:MTAS,SCSCF,B-200:SCSCF,GTW,B-200"
217,217,0,0,0.92385817,"PCSCF,SCSCF,I:SCSCF,PCSCF,T:SCSCF,PCSCF,I-407:PCSCF,SCSCF,A:PCSCF,SCSCF,I:SCSCF,ASLI,I:SCSCF,PCSCF,T:ASLI,SCSCF,T:ASLI,SCSCF,I-500:SCSCF,ASLI,A:MTAS,SCSCF,I:SCSCF,MTAS,T:SCSCF,GTW,I:GTW,SCSCF,T:GTW,SCSCF,R:SCSCF,MTAS,R:SCSCF,PCSCF,R:PCSCF,SCSCF,P:MTAS,SCSCF,P:SCSCF,GTW,P:GTW,SCSCF,P-200:SCSCF,MTAS,P-200:SCSCF,PCSCF,P-200:GTW,SCSCF,I-200:SCSCF,MTAS,I-200:SCSCF,PCSCF,I-200:PCSCF,SCSCF,A:SCSCF,MTAS,A:MTAS,SCSCF,A:SCSCF,GTW,A:GTW,SCSCF,B:MTAS,SCSCF,B:SCSCF,PCSCF,B:PCSCF,SCSCF,B-200:SCSCF,MTAS,B-200:SCSCF,GTW,B-200"
218,218,0,1,0.35728112,"PCSCF,SCSCF,I:SCSCF,PCSCF,T:SCSCF,PCSCF,I-407:PCSCF,SCSCF,A:PCSCF,SCSCF,I:SCSCF,ASLI,I:ASLI,SCSCF,T:SCSCF,PCSCF,T:ASLI,SCSCF,I-500:SCSCF,ASLI,A:MTAS,SCSCF,I:SCSCF,MTAS,T:SCSCF,GTW,I:GTW,SCSCF,T:GTW,SCSCF,S:SCSCF,MTAS,S:SCSCF,PCSCF,S:PCSCF,SCSCF,P:SCSCF,MTAS,P:MTAS,SCSCF,P:SCSCF,GTW,P:GTW,SCSCF,P-200:GTW,SCSCF,R:SCSCF,MTAS,P-200:SCSCF,MTAS,R:MTAS,SCSCF,P-200:SCSCF,PCSCF,P-200:SCSCF,PCSCF,R:PCSCF,SCSCF,P:SCSCF,MTAS,P:MTAS,SCSCF,P:SCSCF,GTW,P:GTW,SCSCF,P-200:SCSCF,MTAS,P-200:MTAS,SCSCF,P-200:SCSCF,PCSCF,P-200:PCSCF,SCSCF,C:MTAS,SCSCF,C:SCSCF,MTAS,C-200:SCSCF,GTW,C:GTW,SCSCF,C-200:GTW,SCSCF,I-487:SCSCF,GTW,A:SCSCF,MTAS,I-487:MTAS,SCSCF,A:SCSCF,PCSCF,C-200:SCSCF,PCSCF,I-487:PCSCF,SCSCF,A"
219,219,0,1,0.583016,"PCSCF,SCSCF,I:SCSCF,PCSCF,T:SCSCF,ASLI,I:ASLI,SCSCF,T:ASLI,SCSCF,I-500:SCSCF,ASLI,A:MTAS,SCSCF,I:SCSCF,MTAS,T:SCSCF,GTW,I:GTW,SCSCF,T:GTW,SCSCF,R:SCSCF,MTAS,R:SCSCF,PCSCF,R:PCSCF,SCSCF,P:SCSCF,MTAS,P:MTAS,SCSCF,P:SCSCF,GTW,P:GTW,SCSCF,P-200:SCSCF,MTAS,P-200:MTAS,SCSCF,P-200:SCSCF,PCSCF,P-200:GTW,SCSCF,S:SCSCF,MTAS,S:SCSCF,PCSCF,S:PCSCF,SCSCF,P:SCSCF,MTAS,P:MTAS,SCSCF,P:SCSCF,GTW,P:GTW,SCSCF,P-200:SCSCF,MTAS,P-200:MTAS,SCSCF,P-200:SCSCF,PCSCF,P-200:GTW,SCSCF,S:SCSCF,MTAS,S:SCSCF,PCSCF,S:PCSCF,SCSCF,P:SCSCF,MTAS,P:MTAS,SCSCF,P:GTW,SCSCF,I-200:SCSCF,GTW,P:GTW,SCSCF,P-200:SCSCF,MTAS,I-200:SCSCF,PCSCF,I-200:PCSCF,SCSCF,A:SCSCF,MTAS,A:MTAS,SCSCF,A:SCSCF,MTAS,P-200:SCSCF,GTW,A:MTAS,SCSCF,P-200:SCSCF,PCSCF,P-200:PCSCF,SCSCF,B:SCSCF,MTAS,B:MTAS,SCSCF,B:SCSCF,GTW,B:GTW,SCSCF,B-200:SCSCF,MTAS,B-200:MTAS,SCSCF,B-200:SCSCF,PCSCF,B-200"
220,220,0,1,0.21124297,"PCSCF,SCSCF,I:SCSCF,ASLI,I:ASLI,SCSCF,T:ASLI,SCSCF,I-500:SCSCF,ASLI,A:MTAS,SCSCF,I:SCSCF,MTAS,T:SCSCF,GTW,I:GTW,SCSCF,T:SCSCF,PCSCF,T:GTW,SCSCF,S:SCSCF,MTAS,S:SCSCF,PCSCF,S:PCSCF,SCSCF,P:SCSCF,MTAS,P:MTAS,SCSCF,P:SCSCF,GTW,P:GTW,SCSCF,P-200:GTW,SCSCF,S:SCSCF,MTAS,S:SCSCF,MTAS,P-200:MTAS,SCSCF,P-200:SCSCF,PCSCF,P-200:SCSCF,PCSCF,S:PCSCF,SCSCF,P:SCSCF,MTAS,P:MTAS,SCSCF,P:SCSCF,GTW,P:GTW,SCSCF,P-200:GTW,SCSCF,S:SCSCF,MTAS,P-200:SCSCF,MTAS,S:MTAS,SCSCF,P-200:SCSCF,PCSCF,P-200:SCSCF,PCSCF,S:PCSCF,SCSCF,P:SCSCF,MTAS,P:MTAS,SCSCF,P:SCSCF,GTW,P:GTW,SCSCF,P-200:SCSCF,MTAS,P-200:MTAS,SCSCF,P-200:SCSCF,PCSCF,P-200:GTW,SCSCF,R:SCSCF,MTAS,R:SCSCF,PCSCF,R:PCSCF,SCSCF,P:SCSCF,MTAS,P:MTAS,SCSCF,P:SCSCF,GTW,P:GTW,SCSCF,P-200:SCSCF,MTAS,P-200:MTAS,SCSCF,P-200:SCSCF,PCSCF,P-200:PCSCF,SCSCF,C:SCSCF,PCSCF,C-200:MTAS,SCSCF,C:SCSCF,MTAS,C-200:SCSCF,GTW,C:GTW,SCSCF,C-200:GTW,SCSCF,I-487:SCSCF,GTW,A:SCSCF,MTAS,I-487:MTAS,SCSCF,A:SCSCF,PCSCF,I-487:PCSCF,SCSCF,A"
221,221,0,1,0.52410877,"PCSCF,SCSCF,I:SCSCF,PCSCF,T:SCSCF,PCSCF,I-407:PCSCF,SCSCF,A:PCSCF,SCSCF,I:SCSCF,PCSCF,T:SCSCF,ASLI,I:ASLI,SCSCF,T:ASLI,SCSCF,I-500:SCSCF,ASLI,A:MTAS,SCSCF,I:SCSCF,MTAS,T:SCSCF,GTW,I:GTW,SCSCF,T:GTW,SCSCF,I-200:SCSCF,MTAS,I-200:SCSCF,PCSCF,I-200:PCSCF,SCSCF,A:SCSCF,MTAS,A:MTAS,SCSCF,A:SCSCF,GTW,A:MTAS,SCSCF,U:SCSCF,GTW,U:GTW,SCSCF,U-200:SCSCF,MTAS,U-200:MTAS,SCSCF,U:SCSCF,PCSCF,U:PCSCF,SCSCF,U-200:SCSCF,MTAS,U-200:MTAS,SCSCF,U:SCSCF,GTW,U:SCSCF,PCSCF,U:GTW,SCSCF,U-200:SCSCF,MTAS,U-200:PCSCF,SCSCF,U-200:MTAS,SCSCF,U:SCSCF,GTW,U:GTW,SCSCF,U-200:SCSCF,MTAS,U-200:MTAS,SCSCF,U:SCSCF,PCSCF,U:PCSCF,SCSCF,U-200:SCSCF,MTAS,U-200:MTAS,SCSCF,U:SCSCF,GTW,U:GTW,SCSCF,U-200:SCSCF,MTAS,U-200:MTAS,SCSCF,U:SCSCF,PCSCF,U:PCSCF,SCSCF,U-200:SCSCF,MTAS,U-200:MTAS,SCSCF,U:SCSCF,GTW,U:GTW,SCSCF,U-200:SCSCF,MTAS,U-200:MTAS,SCSCF,U:SCSCF,PCSCF,U:PCSCF,SCSCF,U-200:SCSCF,MTAS,U-200:GTW,SCSCF,B:MTAS,SCSCF,B:SCSCF,PCSCF,B:PCSCF,SCSCF,B-200:SCSCF,MTAS,B-200:SCSCF,GTW,B-200"
222,222,0,1,0.37327963,"PCSCF,SCSCF,I:SCSCF,PCSCF,T:SCSCF,PCSCF,I-407:PCSCF,SCSCF,A:PCSCF,SCSCF,I:SCSCF,ASLI,I:ASLI,SCSCF,T:SCSCF,PCSCF,T:ASLI,SCSCF,I-500:SCSCF,ASLI,A:MTAS,SCSCF,I:SCSCF,MTAS,T:SCSCF,GTW,I:GTW,SCSCF,T:GTW,SCSCF,I-200:SCSCF,MTAS,I-200:SCSCF,PCSCF,I-200:PCSCF,SCSCF,A:SCSCF,MTAS,A:MTAS,SCSCF,A:SCSCF,GTW,A:GTW,SCSCF,B:MTAS,SCSCF,B:SCSCF,PCSCF,B:PCSCF,SCSCF,B-200:SCSCF,MTAS,B-200:SCSCF,GTW,B-200"
223,223,0,1,0.26453543,"GTW,ICSCF,I:ICSCF,GTW,T:SCSCF,ASLI,I:ASLI,SCSCF,T:ASLI,SCSCF,I-500:SCSCF,ASLI,A:SCSCF,BCCAS,I:BCCAS,SCSCF,T:BCCAS,SCSCF,I:SCSCF,BCCAS,T:SCSCF,PCSCF,I:SCSCF,PCSCF,I:PCSCF,SCSCF,T:PCSCF,SCSCF,T:PCSCF,SCSCF,R:SCSCF,BCCAS,R:BCCAS,SCSCF,R:ICSCF,GTW,R:GTW,SCSCF,P:SCSCF,BCCAS,P:BCCAS,SCSCF,P:SCSCF,PCSCF,P:PCSCF,SCSCF,I-200:SCSCF,BCCAS,I-200:SCSCF,PCSCF,C:PCSCF,SCSCF,P-200:BCCAS,SCSCF,I-200:SCSCF,BCCAS,P-200:ICSCF,GTW,I-200:BCCAS,SCSCF,P-200:SCSCF,GTW,P-200:GTW,SCSCF,A:SCSCF,BCCAS,A:PCSCF,SCSCF,C-200:BCCAS,SCSCF,A:SCSCF,PCSCF,A:PCSCF,SCSCF,I-487:SCSCF,PCSCF,A:GTW,SCSCF,B:SCSCF,BCCAS,B:BCCAS,SCSCF,B:SCSCF,PCSCF,B:PCSCF,SCSCF,B-200:SCSCF,BCCAS,B-200:BCCAS,SCSCF,B-200:SCSCF,GTW,B-200"
224,224,0,0,0.941464,"GTW,ICSCF,I:ICSCF,GTW,T:SCSCF,ASLI,I:ASLI,SCSCF,T:ASLI,SCSCF,I-500:SCSCF,ASLI,A:SCSCF,MTAS,I:MTAS,SCSCF,T:MTAS,SCSCF,I:SCSCF,MTAS,T:SCSCF,PCSCF,I:PCSCF,SCSCF,T:PCSCF,SCSCF,R:SCSCF,MTAS,R:MTAS,SCSCF,R:ICSCF,GTW,R:GTW,SCSCF,P:SCSCF,MTAS,P:MTAS,SCSCF,P:SCSCF,PCSCF,P:PCSCF,SCSCF,P-200:SCSCF,MTAS,P-200:MTAS,SCSCF,P-200:SCSCF,GTW,P-200:PCSCF,SCSCF,I-200:SCSCF,MTAS,I-200:MTAS,SCSCF,I-200:ICSCF,GTW,I-200:GTW,SCSCF,A:SCSCF,MTAS,A:MTAS,SCSCF,A:SCSCF,PCSCF,A:MTAS,SCSCF,U:SCSCF,PCSCF,U:MTAS,SCSCF,U:SCSCF,GTW,U:PCSCF,SCSCF,U-200:SCSCF,MTAS,U-200:GTW,SCSCF,U-200:SCSCF,MTAS,U-200:MTAS,SCSCF,U:SCSCF,PCSCF,U:MTAS,SCSCF,U:SCSCF,GTW,U:GTW,SCSCF,U-200:SCSCF,MTAS,U-200:PCSCF,SCSCF,U-200:SCSCF,MTAS,U-200:MTAS,SCSCF,U:SCSCF,GTW,U:SCSCF,PCSCF,U:GTW,SCSCF,U-200:SCSCF,MTAS,U-200:PCSCF,SCSCF,U-200:SCSCF,MTAS,U-200:GTW,SCSCF,B:SCSCF,MTAS,B:MTAS,SCSCF,B:SCSCF,PCSCF,B:PCSCF,SCSCF,B-200:SCSCF,MTAS,B-200:MTAS,SCSCF,B-200:SCSCF,GTW,B-200"
225,225,0,1,0.1698501,"PCSCF,SCSCF,I:SCSCF,ASLI,I:ASLI,SCSCF,T:SCSCF,PCSCF,T:ASLI,SCSCF,I-500:MTAS,SCSCF,I:SCSCF,MTAS,T:SCSCF,ASLI,A:SCSCF,GTW,I:GTW,SCSCF,T:GTW,SCSCF,S:SCSCF,MTAS,S:SCSCF,PCSCF,S:PCSCF,SCSCF,P:MTAS,SCSCF,P:SCSCF,GTW,P:GTW,SCSCF,P-200:SCSCF,MTAS,P-200:SCSCF,PCSCF,P-200:GTW,SCSCF,S:SCSCF,MTAS,S:SCSCF,PCSCF,S:PCSCF,SCSCF,P:MTAS,SCSCF,P:SCSCF,GTW,P:GTW,SCSCF,P-200:SCSCF,MTAS,P-200:SCSCF,PCSCF,P-200:GTW,SCSCF,R:SCSCF,MTAS,R:SCSCF,PCSCF,R:PCSCF,SCSCF,P:MTAS,SCSCF,P:SCSCF,GTW,P:GTW,SCSCF,P-200:SCSCF,MTAS,P-200:SCSCF,PCSCF,P-200:GTW,SCSCF,I-200:SCSCF,MTAS,I-200:SCSCF,PCSCF,I-200:PCSCF,SCSCF,A:SCSCF,MTAS,A:MTAS,SCSCF,A:SCSCF,GTW,A:MTAS,SCSCF,U:SCSCF,GTW,U:GTW,SCSCF,U-200:SCSCF,MTAS,U-200:SCSCF,PCSCF,U:PCSCF,SCSCF,U-200:SCSCF,MTAS,U-200:MTAS,SCSCF,U:SCSCF,GTW,U:GTW,SCSCF,U-200:SCSCF,MTAS,U-200:MTAS,SCSCF,U:SCSCF,PCSCF,U:PCSCF,SCSCF,U-200:SCSCF,MTAS,U-200:MTAS,SCSCF,U:SCSCF,GTW,U:SCSCF,PCSCF,U:GTW,SCSCF,U-200:SCSCF,MTAS,U-200:PCSCF,SCSCF,U-200:SCSCF,MTAS,U-200:PCSCF,SCSCF,B:MTAS,SCSCF,B:SCSCF,GTW,B:GTW,SCSCF,B-200:SCSCF,MTAS,B-200:SCSCF,PCSCF,B-200"
226,226,0,1,0.27479735,"PCSCF,SCSCF,I:SCSCF,PCSCF,T:SCSCF,ASLI,I:ASLI,SCSCF,T:ASLI,SCSCF,I-500:SCSCF,ASLI,A:MTAS,SCSCF,I:SCSCF,MTAS,T:SCSCF,GTW,I:GTW,SCSCF,T:GTW,SCSCF,S:SCSCF,MTAS,S:SCSCF,PCSCF,S:PCSCF,SCSCF,P:MTAS,SCSCF,P:SCSCF,GTW,P:GTW,SCSCF,P-200:SCSCF,MTAS,P-200:SCSCF,PCSCF,P-200:GTW,SCSCF,R:SCSCF,MTAS,R:SCSCF,PCSCF,R:PCSCF,SCSCF,P:MTAS,SCSCF,P:SCSCF,GTW,P:GTW,SCSCF,P-200:SCSCF,MTAS,P-200:SCSCF,PCSCF,P-200:GTW,SCSCF,I-480:SCSCF,GTW,A:SCSCF,MTAS,I-480:MTAS,SCSCF,A:SCSCF,PCSCF,I-480:PCSCF,SCSCF,A"
227,227,0,1,0.47642255,"GTW,ICSCF,I:ICSCF,GTW,T:SCSCF,ASLI,I:ASLI,SCSCF,T:ASLI,SCSCF,I-500:SCSCF,MTAS,I:MTAS,SCSCF,T:MTAS,SCSCF,I:SCSCF,ASLI,A:SCSCF,MTAS,T:SCSCF,PCSCF,I:PCSCF,SCSCF,T:PCSCF,SCSCF,R:SCSCF,MTAS,R:MTAS,SCSCF,R:ICSCF,GTW,R:GTW,SCSCF,P:SCSCF,MTAS,P:MTAS,SCSCF,P:SCSCF,PCSCF,P:MTAS,SCSCF,P-200:PCSCF,SCSCF,P-200:SCSCF,MTAS,P-200:SCSCF,GTW,P-200:PCSCF,SCSCF,I-200:SCSCF,MTAS,I-200:MTAS,SCSCF,I-200:ICSCF,GTW,I-200:GTW,SCSCF,A:SCSCF,MTAS,A:MTAS,SCSCF,A:SCSCF,PCSCF,A:GTW,SCSCF,B:SCSCF,MTAS,B:MTAS,SCSCF,B:SCSCF,PCSCF,B:PCSCF,SCSCF,B-200:SCSCF,MTAS,B-200:MTAS,SCSCF,B-200:SCSCF,GTW,B-200"
228,228,0,1,0.79109824,"PCSCF,SCSCF,I:SCSCF,PCSCF,T:SCSCF,PCSCF,I-407:PCSCF,SCSCF,A:PCSCF,SCSCF,I:SCSCF,ASLI,I:ASLI,SCSCF,T:ASLI,SCSCF,I-500:SCSCF,ASLI,A:SCSCF,PCSCF,T:MTAS,SCSCF,I:SCSCF,MTAS,T:SCSCF,GTW,I:GTW,SCSCF,T:GTW,SCSCF,S:SCSCF,MTAS,S:SCSCF,PCSCF,S:PCSCF,SCSCF,P:MTAS,SCSCF,P:SCSCF,GTW,P:GTW,SCSCF,P-200:SCSCF,MTAS,P-200:SCSCF,PCSCF,P-200:GTW,SCSCF,S:SCSCF,MTAS,S:SCSCF,PCSCF,S:PCSCF,SCSCF,P:MTAS,SCSCF,P:SCSCF,GTW,P:GTW,SCSCF,P-200:SCSCF,MTAS,P-200:SCSCF,PCSCF,P-200:GTW,SCSCF,R:SCSCF,MTAS,R:SCSCF,PCSCF,R:GTW,SCSCF,I-200:SCSCF,MTAS,I-200:SCSCF,PCSCF,I-200:PCSCF,SCSCF,A:SCSCF,MTAS,A:MTAS,SCSCF,A:SCSCF,GTW,A:PCSCF,SCSCF,B:MTAS,SCSCF,B:SCSCF,GTW,B:GTW,SCSCF,B-200:SCSCF,MTAS,B-200:SCSCF,PCSCF,B-200"
229,229,0,1,0.85088706,"PCSCF,SCSCF,I:SCSCF,PCSCF,T:SCSCF,BCCAS,I:BCCAS,SCSCF,T:BCCAS,SCSCF,I-500:SCSCF,BCCAS,A:SCSCF,ASLI,I:ASLI,SCSCF,T:ASLI,SCSCF,I-500:SCSCF,ASLI,A:SCSCF,BCCAS,I:BCCAS,SCSCF,T:BCCAS,SCSCF,I:SCSCF,BCCAS,T:SCSCF,GTW,I:GTW,SCSCF,T:GTW,SCSCF,S:SCSCF,BCCAS,S:BCCAS,SCSCF,S:SCSCF,PCSCF,S:PCSCF,SCSCF,P:SCSCF,BCCAS,P:BCCAS,SCSCF,P:SCSCF,GTW,P:GTW,SCSCF,P-200:SCSCF,BCCAS,P-200:BCCAS,SCSCF,P-200:SCSCF,PCSCF,P-200:GTW,SCSCF,R:SCSCF,BCCAS,R:BCCAS,SCSCF,R:SCSCF,PCSCF,R:PCSCF,SCSCF,P:SCSCF,BCCAS,P:BCCAS,SCSCF,P:SCSCF,GTW,P:GTW,SCSCF,P-200:SCSCF,BCCAS,P-200:BCCAS,SCSCF,P-200:SCSCF,PCSCF,P-200:GTW,SCSCF,I-200:SCSCF,BCCAS,I-200:BCCAS,SCSCF,I-200:SCSCF,PCSCF,I-200:PCSCF,SCSCF,A:SCSCF,BCCAS,A:BCCAS,SCSCF,A:SCSCF,GTW,A:GTW,SCSCF,B:SCSCF,BCCAS,B:BCCAS,SCSCF,B:SCSCF,PCSCF,B:PCSCF,SCSCF,B-200:SCSCF,BCCAS,B-200:BCCAS,SCSCF,B-200:SCSCF,GTW,B-200"
230,230,0,0,0.92334545,"PCSCF,SCSCF,I:SCSCF,PCSCF,T:SCSCF,PCSCF,I-407:PCSCF,SCSCF,A:PCSCF,SCSCF,I:SCSCF,ASLI,I:SCSCF,PCSCF,T:ASLI,SCSCF,T:ASLI,SCSCF,I-500:SCSCF,ASLI,A:MTAS,SCSCF,I:SCSCF,MTAS,T:SCSCF,GTW,I:GTW,SCSCF,T:GTW,SCSCF,S:SCSCF,MTAS,S:SCSCF,PCSCF,S:PCSCF,SCSCF,P:SCSCF,MTAS,P:MTAS,SCSCF,P:SCSCF,GTW,P:GTW,SCSCF,P-200:SCSCF,MTAS,P-200:MTAS,SCSCF,P-200:SCSCF,PCSCF,P-200:GTW,SCSCF,R:SCSCF,MTAS,R:SCSCF,PCSCF,R:PCSCF,SCSCF,P:SCSCF,MTAS,P:MTAS,SCSCF,P:SCSCF,GTW,P:GTW,SCSCF,P-200:SCSCF,MTAS,P-200:MTAS,SCSCF,P-200:SCSCF,PCSCF,P-200:GTW,SCSCF,I-200:SCSCF,MTAS,I-200:SCSCF,PCSCF,I-200:PCSCF,SCSCF,A:SCSCF,MTAS,A:MTAS,SCSCF,A:SCSCF,GTW,A:PCSCF,SCSCF,I:SCSCF,PCSCF,T:MTAS,SCSCF,I:SCSCF,MTAS,T:SCSCF,GTW,I:GTW,SCSCF,T:GTW,SCSCF,I-200:SCSCF,MTAS,I-200:SCSCF,PCSCF,I-200:PCSCF,SCSCF,A:SCSCF,MTAS,A:MTAS,SCSCF,A:SCSCF,GTW,A:PCSCF,SCSCF,B:SCSCF,MTAS,B:MTAS,SCSCF,B:SCSCF,GTW,B:GTW,SCSCF,B-200:SCSCF,MTAS,B-200:MTAS,SCSCF,B-200:SCSCF,PCSCF,B-200"
231,231,0,0,0.95854056,"GTW,ICSCF,I:ICSCF,GTW,T:SCSCF,ASLI,I:ASLI,SCSCF,T:ASLI,SCSCF,I-500:SCSCF,ASLI,A:SCSCF,MTAS,I:MTAS,SCSCF,T:MTAS,SCSCF,W:ICSCF,GTW,W:MTAS,SCSCF,I:SCSCF,MTAS,T:SCSCF,GTW,I:GTW,SCSCF,T:GTW,SCSCF,S:SCSCF,MTAS,S:MTAS,SCSCF,S:ICSCF,GTW,S:GTW,SCSCF,P:SCSCF,MTAS,P:MTAS,SCSCF,P:SCSCF,GTW,P:GTW,SCSCF,P-200:SCSCF,MTAS,P-200:MTAS,SCSCF,P-200:SCSCF,GTW,P-200:GTW,SCSCF,R:SCSCF,MTAS,R:MTAS,SCSCF,R:ICSCF,GTW,R:GTW,SCSCF,P:SCSCF,MTAS,P:MTAS,SCSCF,P:SCSCF,GTW,P:GTW,SCSCF,P-200:SCSCF,MTAS,P-200:MTAS,SCSCF,P-200:SCSCF,GTW,P-200:GTW,ICSCF,C:ICSCF,GTW,C-200:SCSCF,MTAS,C:MTAS,SCSCF,C-200:MTAS,SCSCF,I-487:SCSCF,MTAS,A:MTAS,SCSCF,C:ICSCF,GTW,I-487:SCSCF,MTAS,C-200:GTW,ICSCF,A:SCSCF,GTW,C:GTW,SCSCF,C-200:GTW,SCSCF,I-487:SCSCF,GTW,A:SCSCF,MTAS,I-487:MTAS,SCSCF,A"
232,232,0,1,0.26291353,"PCSCF,SCSCF,I:SCSCF,PCSCF,T:SCSCF,PCSCF,I-407:PCSCF,SCSCF,A:PCSCF,SCSCF,I:SCSCF,PCSCF,T:SCSCF,ASLI,I:ASLI,SCSCF,T:ASLI,SCSCF,I-500:SCSCF,ASLI,A:MTAS,SCSCF,I:SCSCF,MTAS,T:SCSCF,GTW,I:GTW,SCSCF,T:GTW,SCSCF,S:SCSCF,MTAS,S:SCSCF,PCSCF,S:GTW,SCSCF,S:SCSCF,MTAS,S:SCSCF,PCSCF,S:PCSCF,SCSCF,P:MTAS,SCSCF,P:SCSCF,GTW,P:GTW,SCSCF,P-200:SCSCF,MTAS,P-200:SCSCF,PCSCF,P-200:GTW,SCSCF,R:SCSCF,MTAS,R:SCSCF,PCSCF,R:PCSCF,SCSCF,P:MTAS,SCSCF,P:SCSCF,GTW,P:GTW,SCSCF,P-200:SCSCF,MTAS,P-200:SCSCF,PCSCF,P-200:GTW,SCSCF,I-200:SCSCF,MTAS,I-200:SCSCF,PCSCF,I-200:PCSCF,SCSCF,A:SCSCF,MTAS,A:MTAS,SCSCF,A:SCSCF,GTW,A:GTW,SCSCF,B:MTAS,SCSCF,B:SCSCF,PCSCF,B:PCSCF,SCSCF,B-200:SCSCF,MTAS,B-200:SCSCF,GTW,B-200"
233,233,0,1,0.6173088,"GTW,ICSCF,I:ICSCF,GTW,T:SCSCF,ASLI,I:ASLI,SCSCF,T:ASLI,SCSCF,I-500:SCSCF,MTAS,I:MTAS,SCSCF,T:MTAS,SCSCF,I:SCSCF,MTAS,T:SCSCF,PCSCF,I:SCSCF,ASLI,A:PCSCF,SCSCF,T:PCSCF,SCSCF,R:SCSCF,MTAS,R:MTAS,SCSCF,R:ICSCF,GTW,R:GTW,SCSCF,P:SCSCF,MTAS,P:MTAS,SCSCF,P:SCSCF,PCSCF,P:PCSCF,SCSCF,P-200:SCSCF,MTAS,P-200:MTAS,SCSCF,P-200:SCSCF,GTW,P-200:GTW,ICSCF,C:ICSCF,GTW,C-200:SCSCF,MTAS,C:MTAS,SCSCF,C:SCSCF,MTAS,C-200:SCSCF,PCSCF,C:PCSCF,SCSCF,C-200:MTAS,SCSCF,C-200:PCSCF,SCSCF,I-487:SCSCF,PCSCF,A:SCSCF,MTAS,I-487:MTAS,SCSCF,A:MTAS,SCSCF,I-487:SCSCF,MTAS,A:ICSCF,GTW,I-487:GTW,ICSCF,A"
234,234,0,1,0.68795675,"GTW,ICSCF,I:ICSCF,GTW,T:SCSCF,ASLI,I:ASLI,SCSCF,T:ASLI,SCSCF,I-500:SCSCF,MTAS,I:MTAS,SCSCF,I:SCSCF,MTAS,T:SCSCF,PCSCF,I:MTAS,SCSCF,T:PCSCF,SCSCF,T:SCSCF,ASLI,A:PCSCF,SCSCF,R:SCSCF,MTAS,R:MTAS,SCSCF,R:ICSCF,GTW,R:GTW,SCSCF,P:SCSCF,MTAS,P:MTAS,SCSCF,P:SCSCF,PCSCF,P:PCSCF,SCSCF,P-200:SCSCF,MTAS,P-200:MTAS,SCSCF,P-200:SCSCF,GTW,P-200:PCSCF,SCSCF,I-200:SCSCF,MTAS,I-200:MTAS,SCSCF,I-200:ICSCF,GTW,I-200:GTW,SCSCF,A:SCSCF,MTAS,A:MTAS,SCSCF,A:SCSCF,PCSCF,A:PCSCF,SCSCF,B:SCSCF,MTAS,B:MTAS,SCSCF,B:SCSCF,GTW,B:GTW,SCSCF,B-200:SCSCF,MTAS,B-200:MTAS,SCSCF,B-200:SCSCF,PCSCF,B-200"
235,235,0,1,0.5664415,"PCSCF,SCSCF,I:SCSCF,ASLI,I:ASLI,SCSCF,T:ASLI,SCSCF,I-500:SCSCF,ASLI,A:MTAS,SCSCF,I:SCSCF,MTAS,T:SCSCF,GTW,I:GTW,SCSCF,T:SCSCF,PCSCF,T:GTW,SCSCF,R:SCSCF,MTAS,R:SCSCF,PCSCF,R:PCSCF,SCSCF,P:SCSCF,MTAS,P:MTAS,SCSCF,P:SCSCF,GTW,P:GTW,SCSCF,P-200:SCSCF,MTAS,P-200:MTAS,SCSCF,P-200:SCSCF,PCSCF,P-200:GTW,SCSCF,I-200:SCSCF,MTAS,I-200:SCSCF,PCSCF,I-200:PCSCF,SCSCF,A:SCSCF,MTAS,A:MTAS,SCSCF,A:SCSCF,GTW,A:PCSCF,SCSCF,B:MTAS,SCSCF,B:SCSCF,GTW,B:GTW,SCSCF,B-200:SCSCF,MTAS,B-200:SCSCF,PCSCF,B-200"
236,236,0,1,0.2551236,"PCSCF,SCSCF,I:SCSCF,PCSCF,T:SCSCF,PCSCF,I-407:PCSCF,SCSCF,A:PCSCF,SCSCF,I:SCSCF,ASLI,I:ASLI,SCSCF,T:SCSCF,PCSCF,T:ASLI,SCSCF,I-500:SCSCF,ASLI,A:MTAS,SCSCF,I:SCSCF,MTAS,T:SCSCF,GTW,I:GTW,SCSCF,T:GTW,SCSCF,S:SCSCF,MTAS,S:SCSCF,PCSCF,S:PCSCF,SCSCF,P:MTAS,SCSCF,P:SCSCF,GTW,P:GTW,SCSCF,P-200:SCSCF,MTAS,P-200:SCSCF,PCSCF,P-200:GTW,SCSCF,R:SCSCF,MTAS,R:SCSCF,PCSCF,R:PCSCF,SCSCF,P:MTAS,SCSCF,P:SCSCF,GTW,P:GTW,SCSCF,P-200:SCSCF,MTAS,P-200:SCSCF,PCSCF,P-200:PCSCF,SCSCF,C:MTAS,SCSCF,C:SCSCF,MTAS,C-200:SCSCF,GTW,C:GTW,SCSCF,C-200:GTW,SCSCF,I-487:SCSCF,GTW,A:SCSCF,MTAS,I-487:MTAS,SCSCF,A:SCSCF,PCSCF,C-200:SCSCF,PCSCF,I-487:PCSCF,SCSCF,A"
237,237,0,1,0.18505605,"PCSCF,SCSCF,I:SCSCF,PCSCF,T:SCSCF,PCSCF,I-407:PCSCF,SCSCF,A:PCSCF,SCSCF,I:SCSCF,PCSCF,T:SCSCF,ASLI,I:ASLI,SCSCF,T:ASLI,SCSCF,I-500:SCSCF,ASLI,A:MTAS,SCSCF,I:SCSCF,MTAS,T:SCSCF,ASLI,I:ASLI,SCSCF,T:ASLI,SCSCF,I-500:SCSCF,ASLI,A:SCSCF,MTAS,I:MTAS,SCSCF,T:MTAS,SCSCF,I:SCSCF,MTAS,T:SCSCF,PCSCF,I:PCSCF,SCSCF,T:PCSCF,SCSCF,R:SCSCF,MTAS,R:MTAS,SCSCF,R:SCSCF,MTAS,R:SCSCF,PCSCF,R:PCSCF,SCSCF,P:MTAS,SCSCF,P:SCSCF,MTAS,P:MTAS,SCSCF,P:SCSCF,PCSCF,P:PCSCF,SCSCF,P-200:SCSCF,MTAS,P-200:MTAS,SCSCF,P-200:SCSCF,MTAS,P-200:SCSCF,PCSCF,P-200:PCSCF,SCSCF,I-200:SCSCF,MTAS,I-200:MTAS,SCSCF,I-200:SCSCF,MTAS,I-200:SCSCF,PCSCF,I-200:PCSCF,SCSCF,A:MTAS,SCSCF,A:SCSCF,MTAS,A:MTAS,SCSCF,A:SCSCF,PCSCF,A:MTAS,SCSCF,U:SCSCF,PCSCF,U:MTAS,SCSCF,U:SCSCF,PCSCF,U:PCSCF,SCSCF,U-200:SCSCF,MTAS,U-200:PCSCF,SCSCF,U-200:SCSCF,MTAS,U-200:MTAS,SCSCF,U:SCSCF,MTAS,U-200:PCSCF,SCSCF,B:MTAS,SCSCF,B:SCSCF,MTAS,B:MTAS,SCSCF,B:SCSCF,PCSCF,B:PCSCF,SCSCF,B-200:SCSCF,MTAS,B-200:MTAS,SCSCF,B-200:SCSCF,MTAS,B-200:SCSCF,PCSCF,B-200"
238,238,0,1,0.58682007,"GTW,ICSCF,I:ICSCF,GTW,T:SCSCF,ASLI,I:ASLI,SCSCF,T:ASLI,SCSCF,I-500:SCSCF,MTAS,I:MTAS,SCSCF,I:SCSCF,MTAS,T:MTAS,SCSCF,T:SCSCF,PCSCF,I:SCSCF,ASLI,A:PCSCF,SCSCF,T:PCSCF,SCSCF,R:SCSCF,MTAS,R:MTAS,SCSCF,R:ICSCF,GTW,R:GTW,SCSCF,P:SCSCF,MTAS,P:MTAS,SCSCF,P:SCSCF,PCSCF,P:PCSCF,SCSCF,P-200:SCSCF,MTAS,P-200:MTAS,SCSCF,P-200:SCSCF,GTW,P-200:PCSCF,SCSCF,I-200:SCSCF,MTAS,I-200:MTAS,SCSCF,I-200:ICSCF,GTW,I-200:GTW,SCSCF,A:SCSCF,MTAS,A:MTAS,SCSCF,A:SCSCF,PCSCF,A:PCSCF,SCSCF,B:SCSCF,MTAS,B:MTAS,SCSCF,B:SCSCF,GTW,B:GTW,SCSCF,B-200:SCSCF,MTAS,B-200:MTAS,SCSCF,B-200:SCSCF,PCSCF,B-200"
239,239,0,1,0.258433,"PCSCF,SCSCF,I:SCSCF,PCSCF,T:SCSCF,PCSCF,I-407:PCSCF,SCSCF,A:PCSCF,SCSCF,I:SCSCF,PCSCF,T:SCSCF,ASLI,I:ASLI,SCSCF,T:ASLI,SCSCF,I-500:SCSCF,ASLI,A:MTAS,SCSCF,I:SCSCF,MTAS,T:SCSCF,ASLI,I:ASLI,SCSCF,T:ASLI,SCSCF,I-500:SCSCF,ASLI,A:SCSCF,MTAS,I:MTAS,SCSCF,T:MTAS,SCSCF,I:SCSCF,MTAS,T:SCSCF,PCSCF,I:PCSCF,SCSCF,T:PCSCF,SCSCF,R:SCSCF,MTAS,R:MTAS,SCSCF,R:SCSCF,MTAS,R:SCSCF,PCSCF,R:PCSCF,SCSCF,P:MTAS,SCSCF,P:SCSCF,MTAS,P:MTAS,SCSCF,P:SCSCF,PCSCF,P:PCSCF,SCSCF,P-200:SCSCF,MTAS,P-200:MTAS,SCSCF,P-200:SCSCF,MTAS,P-200:SCSCF,PCSCF,P-200:PCSCF,SCSCF,I-200:SCSCF,MTAS,I-200:MTAS,SCSCF,I-200:SCSCF,MTAS,I-200:SCSCF,PCSCF,I-200:PCSCF,SCSCF,A:MTAS,SCSCF,A:SCSCF,MTAS,A:MTAS,SCSCF,A:SCSCF,PCSCF,A:MTAS,SCSCF,U:SCSCF,PCSCF,U:MTAS,SCSCF,U:SCSCF,PCSCF,U:SCSCF,MTAS,U-200:PCSCF,SCSCF,U-200:SCSCF,MTAS,U-200:MTAS,SCSCF,U:SCSCF,MTAS,U-200:MTAS,SCSCF,U:SCSCF,PCSCF,U:PCSCF,SCSCF,U-200:SCSCF,MTAS,U-200:MTAS,SCSCF,U:SCSCF,PCSCF,U:PCSCF,SCSCF,U-200:SCSCF,MTAS,U-200:PCSCF,SCSCF,B:SCSCF,MTAS,B:MTAS,SCSCF,B:SCSCF,PCSCF,B:PCSCF,SCSCF,B-200:SCSCF,MTAS,B-200:MTAS,SCSCF,B-200:SCSCF,PCSCF,B-200"
240,240,0,1,0.28636843,"PCSCF,SCSCF,I:SCSCF,ASLI,I:ASLI,SCSCF,T:SCSCF,PCSCF,T:ASLI,SCSCF,I-500:SCSCF,ASLI,A:MTAS,SCSCF,I:SCSCF,MTAS,T:SCSCF,ASLI,I:ASLI,SCSCF,T:ASLI,SCSCF,I-500:SCSCF,MTAS,I:SCSCF,ASLI,A:MTAS,SCSCF,T:MTAS,SCSCF,I:SCSCF,MTAS,T:SCSCF,PCSCF,I:PCSCF,SCSCF,T:PCSCF,SCSCF,R:SCSCF,MTAS,R:MTAS,SCSCF,R:SCSCF,MTAS,R:SCSCF,PCSCF,R:PCSCF,SCSCF,P:MTAS,SCSCF,P:SCSCF,MTAS,P:MTAS,SCSCF,P:SCSCF,PCSCF,P:PCSCF,SCSCF,P-200:SCSCF,MTAS,P-200:MTAS,SCSCF,P-200:SCSCF,MTAS,P-200:SCSCF,PCSCF,P-200:PCSCF,SCSCF,I-200:SCSCF,MTAS,I-200:MTAS,SCSCF,I-200:SCSCF,MTAS,I-200:SCSCF,PCSCF,I-200:PCSCF,SCSCF,I-200:SCSCF,MTAS,I-200:PCSCF,SCSCF,A:MTAS,SCSCF,A:SCSCF,MTAS,A:MTAS,SCSCF,A:SCSCF,PCSCF,A:PCSCF,SCSCF,B:SCSCF,MTAS,B:MTAS,SCSCF,B:SCSCF,PCSCF,B:PCSCF,SCSCF,B-200:SCSCF,MTAS,B-200:MTAS,SCSCF,B-200:SCSCF,PCSCF,B-200"
241,241,0,1,0.4143879,"GTW,ICSCF,I:ICSCF,GTW,T:SCSCF,ASLI,I:ASLI,SCSCF,T:ASLI,SCSCF,I-500:SCSCF,ASLI,A:SCSCF,MTAS,I:MTAS,SCSCF,I:SCSCF,MTAS,T:SCSCF,PCSCF,I:PCSCF,SCSCF,T:MTAS,SCSCF,T:PCSCF,SCSCF,R:SCSCF,MTAS,R:MTAS,SCSCF,R:ICSCF,GTW,R:GTW,SCSCF,P:SCSCF,MTAS,P:MTAS,SCSCF,P:SCSCF,PCSCF,P:PCSCF,SCSCF,P-200:SCSCF,MTAS,P-200:MTAS,SCSCF,P-200:SCSCF,GTW,P-200:GTW,ICSCF,C:SCSCF,MTAS,C:ICSCF,GTW,C-200:MTAS,SCSCF,C-200:MTAS,SCSCF,C:SCSCF,MTAS,C-200:SCSCF,PCSCF,C:PCSCF,SCSCF,C-200:PCSCF,SCSCF,I-487:SCSCF,PCSCF,A:SCSCF,MTAS,I-487:MTAS,SCSCF,I-487:MTAS,SCSCF,A:SCSCF,MTAS,A:ICSCF,GTW,I-487:GTW,ICSCF,A"
242,242,0,1,0.2424234,"PCSCF,SCSCF,I:SCSCF,PCSCF,T:SCSCF,PCSCF,I-407:PCSCF,SCSCF,A:PCSCF,SCSCF,I:SCSCF,ASLI,I:SCSCF,PCSCF,T:ASLI,SCSCF,T:ASLI,SCSCF,I-500:SCSCF,ASLI,A:MTAS,SCSCF,I:SCSCF,MTAS,T:SCSCF,GTW,I:GTW,SCSCF,T:SCSCF,MTAS,S:GTW,SCSCF,S:SCSCF,PCSCF,S:PCSCF,SCSCF,P:SCSCF,MTAS,P:MTAS,SCSCF,P:SCSCF,GTW,P:GTW,SCSCF,P-200:SCSCF,MTAS,P-200:SCSCF,PCSCF,P-200:MTAS,SCSCF,P-200:PCSCF,SCSCF,C:MTAS,SCSCF,C:SCSCF,MTAS,C-200:SCSCF,GTW,C:GTW,SCSCF,C-200:GTW,SCSCF,I-487:SCSCF,GTW,A:SCSCF,MTAS,I-487:MTAS,SCSCF,A:SCSCF,PCSCF,C-200:SCSCF,PCSCF,I-487:PCSCF,SCSCF,A"
243,243,0,1,0.28385374,"PCSCF,SCSCF,I:SCSCF,PCSCF,T:SCSCF,PCSCF,I-407:PCSCF,SCSCF,A:PCSCF,SCSCF,I:SCSCF,ASLI,I:SCSCF,PCSCF,T:ASLI,SCSCF,T:ASLI,SCSCF,I-500:MTAS,SCSCF,I:SCSCF,MTAS,T:SCSCF,ASLI,A:SCSCF,GTW,I:GTW,SCSCF,T:GTW,SCSCF,S:SCSCF,MTAS,S:SCSCF,PCSCF,S:PCSCF,SCSCF,P:SCSCF,MTAS,P:MTAS,SCSCF,P:SCSCF,GTW,P:GTW,SCSCF,P-200:SCSCF,MTAS,P-200:MTAS,SCSCF,P-200:SCSCF,PCSCF,P-200:GTW,SCSCF,R:SCSCF,MTAS,R:SCSCF,PCSCF,R:PCSCF,SCSCF,P:SCSCF,MTAS,P:MTAS,SCSCF,P:SCSCF,GTW,P:GTW,SCSCF,P-200:SCSCF,MTAS,P-200:MTAS,SCSCF,P-200:SCSCF,PCSCF,P-200:PCSCF,SCSCF,C:MTAS,SCSCF,C:SCSCF,MTAS,C-200:SCSCF,GTW,C:SCSCF,PCSCF,C-200:GTW,SCSCF,C-200:GTW,SCSCF,I-487:SCSCF,GTW,A:SCSCF,MTAS,I-487:MTAS,SCSCF,A:SCSCF,PCSCF,I-487:PCSCF,SCSCF,A"
244,244,0,1,0.22700801,"GTW,ICSCF,I:ICSCF,GTW,T:SCSCF,ASLI,I:ASLI,SCSCF,T:ASLI,SCSCF,I-500:SCSCF,ASLI,A:SCSCF,MTAS,I:MTAS,SCSCF,T:MTAS,SCSCF,I:SCSCF,MTAS,T:SCSCF,PCSCF,I:PCSCF,SCSCF,T:SCSCF,PCSCF,I:PCSCF,SCSCF,T:PCSCF,SCSCF,R:SCSCF,MTAS,R:MTAS,SCSCF,R:ICSCF,GTW,R:GTW,SCSCF,P:SCSCF,MTAS,P:MTAS,SCSCF,P:SCSCF,PCSCF,P:PCSCF,SCSCF,P-200:SCSCF,MTAS,P-200:MTAS,SCSCF,P-200:SCSCF,GTW,P-200:PCSCF,SCSCF,I-200:SCSCF,MTAS,I-200:SCSCF,PCSCF,C:MTAS,SCSCF,I-200:ICSCF,GTW,I-200:PCSCF,SCSCF,C-200:GTW,SCSCF,A:SCSCF,MTAS,A:MTAS,SCSCF,A:SCSCF,PCSCF,A:PCSCF,SCSCF,I-408:SCSCF,PCSCF,A:GTW,SCSCF,B:SCSCF,MTAS,B:MTAS,SCSCF,B:SCSCF,PCSCF,B:PCSCF,SCSCF,B-200:SCSCF,MTAS,B-200:MTAS,SCSCF,B-200:SCSCF,GTW,B-200"
245,245,0,1,0.13009767,"PCSCF,SCSCF,I:SCSCF,PCSCF,T:SCSCF,ASLI,I:ASLI,SCSCF,T:ASLI,SCSCF,I-500:SCSCF,ASLI,A:MTAS,SCSCF,I:SCSCF,MTAS,T:SCSCF,GTW,I:GTW,SCSCF,T:GTW,SCSCF,S:SCSCF,MTAS,S:SCSCF,PCSCF,S:PCSCF,SCSCF,P:MTAS,SCSCF,P:SCSCF,GTW,P:GTW,SCSCF,P-200:SCSCF,MTAS,P-200:SCSCF,PCSCF,P-200:GTW,SCSCF,R:SCSCF,MTAS,R:SCSCF,PCSCF,R:PCSCF,SCSCF,P:MTAS,SCSCF,P:SCSCF,GTW,P:GTW,SCSCF,P-200:SCSCF,MTAS,P-200:SCSCF,PCSCF,P-200:GTW,SCSCF,I-200:SCSCF,MTAS,I-200:SCSCF,PCSCF,I-200:PCSCF,SCSCF,A:SCSCF,MTAS,A:MTAS,SCSCF,A:SCSCF,GTW,A:MTAS,SCSCF,U:SCSCF,GTW,U:GTW,SCSCF,U-200:SCSCF,MTAS,U-200:MTAS,SCSCF,U:SCSCF,PCSCF,U:PCSCF,SCSCF,U-200:SCSCF,MTAS,U-200:MTAS,SCSCF,U:SCSCF,GTW,U:GTW,SCSCF,U-200:SCSCF,MTAS,U-200:MTAS,SCSCF,U:SCSCF,PCSCF,U:PCSCF,SCSCF,U-200:SCSCF,MTAS,U-200:PCSCF,SCSCF,B:SCSCF,MTAS,B:MTAS,SCSCF,B:SCSCF,GTW,B:GTW,SCSCF,B-200:SCSCF,MTAS,B-200:MTAS,SCSCF,B-200:SCSCF,PCSCF,B-200"
246,246,0,1,0.71176934,"GTW,ICSCF,I:ICSCF,GTW,T:SCSCF,ASLI,I:ASLI,SCSCF,T:ASLI,SCSCF,I-500:SCSCF,ASLI,A:SCSCF,BCCAS,I:BCCAS,SCSCF,T:BCCAS,SCSCF,I:SCSCF,PCSCF,I:PCSCF,SCSCF,T:SCSCF,BCCAS,T:PCSCF,SCSCF,R:SCSCF,BCCAS,R:BCCAS,SCSCF,R:ICSCF,GTW,R:GTW,SCSCF,P:SCSCF,BCCAS,P:BCCAS,SCSCF,P:SCSCF,PCSCF,P:PCSCF,SCSCF,P-200:SCSCF,BCCAS,P-200:BCCAS,SCSCF,P-200:SCSCF,GTW,P-200:PCSCF,SCSCF,I-200:SCSCF,BCCAS,I-200:BCCAS,SCSCF,I-200:ICSCF,GTW,I-200:GTW,SCSCF,A:SCSCF,BCCAS,A:BCCAS,SCSCF,A:SCSCF,PCSCF,A:GTW,SCSCF,B:SCSCF,BCCAS,B:BCCAS,SCSCF,B:SCSCF,PCSCF,B:PCSCF,SCSCF,B-200:SCSCF,BCCAS,B-200:BCCAS,SCSCF,B-200:SCSCF,GTW,B-200"
247,247,0,1,0.28364018,"PCSCF,SCSCF,I:SCSCF,PCSCF,T:SCSCF,PCSCF,I-407:PCSCF,SCSCF,A:PCSCF,SCSCF,I:SCSCF,ASLI,I:ASLI,SCSCF,T:ASLI,SCSCF,I-500:SCSCF,ASLI,A:MTAS,SCSCF,I:SCSCF,MTAS,T:SCSCF,PCSCF,T:SCSCF,ASLI,I:ASLI,SCSCF,T:ASLI,SCSCF,I-500:SCSCF,ASLI,A:SCSCF,MTAS,I:MTAS,SCSCF,I:SCSCF,MTAS,T:SCSCF,PCSCF,I:PCSCF,SCSCF,T:MTAS,SCSCF,T:PCSCF,SCSCF,R:SCSCF,MTAS,R:MTAS,SCSCF,R:SCSCF,MTAS,R:SCSCF,PCSCF,R:PCSCF,SCSCF,P:MTAS,SCSCF,P:SCSCF,MTAS,P:MTAS,SCSCF,P:SCSCF,PCSCF,P:PCSCF,SCSCF,P-200:SCSCF,MTAS,P-200:MTAS,SCSCF,P-200:SCSCF,MTAS,P-200:SCSCF,PCSCF,P-200:MTAS,SCSCF,C:SCSCF,MTAS,C-200:PCSCF,SCSCF,C:SCSCF,PCSCF,C-200:SCSCF,MTAS,C:MTAS,SCSCF,C-200:MTAS,SCSCF,C:SCSCF,MTAS,C-200:SCSCF,PCSCF,C:PCSCF,SCSCF,C-200:PCSCF,SCSCF,I-487:SCSCF,PCSCF,A:SCSCF,MTAS,I-487:MTAS,SCSCF,A:MTAS,SCSCF,I-487:SCSCF,MTAS,A:SCSCF,MTAS,I-487:MTAS,SCSCF,A:SCSCF,PCSCF,I-487:PCSCF,SCSCF,A"
248,248,0,1,0.24548589,"PCSCF,SCSCF,I:SCSCF,PCSCF,T:SCSCF,PCSCF,I-407:PCSCF,SCSCF,A:PCSCF,SCSCF,I:SCSCF,ASLI,I:ASLI,SCSCF,T:ASLI,SCSCF,I-500:SCSCF,ASLI,A:SCSCF,PCSCF,T:MTAS,SCSCF,I:SCSCF,MTAS,T:SCSCF,GTW,I:GTW,SCSCF,T:GTW,SCSCF,S:SCSCF,MTAS,S:SCSCF,PCSCF,S:PCSCF,SCSCF,P:SCSCF,MTAS,P:MTAS,SCSCF,P:SCSCF,GTW,P:GTW,SCSCF,P-200:SCSCF,MTAS,P-200:MTAS,SCSCF,P-200:SCSCF,PCSCF,P-200:PCSCF,SCSCF,C:MTAS,SCSCF,C:SCSCF,MTAS,C-200:SCSCF,GTW,C:GTW,SCSCF,C-200:GTW,SCSCF,I-487:SCSCF,GTW,A:SCSCF,MTAS,I-487:MTAS,SCSCF,A:SCSCF,PCSCF,C-200:SCSCF,PCSCF,I-487:PCSCF,SCSCF,A"
249,249,0,1,0.23682287,"PCSCF,SCSCF,I:SCSCF,PCSCF,T:SCSCF,PCSCF,I-407:PCSCF,SCSCF,A:PCSCF,SCSCF,I:SCSCF,ASLI,I:ASLI,SCSCF,T:ASLI,SCSCF,I-500:SCSCF,ASLI,A:SCSCF,PCSCF,T:MTAS,SCSCF,I:SCSCF,MTAS,T:SCSCF,ASLI,I:ASLI,SCSCF,T:ASLI,SCSCF,I-500:SCSCF,ASLI,A:SCSCF,MTAS,I:MTAS,SCSCF,T:MTAS,SCSCF,I:SCSCF,MTAS,T:SCSCF,PCSCF,I:PCSCF,SCSCF,T:PCSCF,SCSCF,R:SCSCF,MTAS,R:MTAS,SCSCF,R:SCSCF,MTAS,R:SCSCF,PCSCF,R:PCSCF,SCSCF,P:MTAS,SCSCF,P:SCSCF,MTAS,P:MTAS,SCSCF,P:SCSCF,PCSCF,P:PCSCF,SCSCF,P-200:SCSCF,MTAS,P-200:MTAS,SCSCF,P-200:SCSCF,MTAS,P-200:SCSCF,PCSCF,P-200:PCSCF,SCSCF,C:MTAS,SCSCF,C:SCSCF,MTAS,C-200:SCSCF,MTAS,C:MTAS,SCSCF,C-200:MTAS,SCSCF,C:SCSCF,MTAS,C-200:SCSCF,PCSCF,C:SCSCF,PCSCF,C-200:PCSCF,SCSCF,C-200:PCSCF,SCSCF,I-487:SCSCF,PCSCF,A:SCSCF,MTAS,I-487:MTAS,SCSCF,A:MTAS,SCSCF,I-487:SCSCF,MTAS,A:SCSCF,MTAS,I-487:MTAS,SCSCF,A:SCSCF,PCSCF,I-487:PCSCF,SCSCF,A"
250,250,0,0,0.9383327,"PCSCF,SCSCF,I:SCSCF,PCSCF,T:SCSCF,PCSCF,I-407:PCSCF,SCSCF,A:PCSCF,SCSCF,I:SCSCF,PCSCF,T:SCSCF,ASLI,I:ASLI,SCSCF,T:ASLI,SCSCF,I-500:SCSCF,ASLI,A:MTAS,SCSCF,I:SCSCF,MTAS,T:SCSCF,GTW,I:GTW,SCSCF,T:GTW,SCSCF,S:SCSCF,MTAS,S:SCSCF,PCSCF,S:PCSCF,SCSCF,P:MTAS,SCSCF,P:SCSCF,GTW,P:GTW,SCSCF,P-200:SCSCF,MTAS,P-200:SCSCF,PCSCF,P-200:GTW,SCSCF,R:SCSCF,MTAS,R:SCSCF,PCSCF,R:PCSCF,SCSCF,P:MTAS,SCSCF,P:SCSCF,GTW,P:SCSCF,MTAS,P-200:GTW,SCSCF,P-200:SCSCF,PCSCF,P-200:GTW,SCSCF,I-200:SCSCF,MTAS,I-200:SCSCF,PCSCF,I-200:PCSCF,SCSCF,A:SCSCF,MTAS,A:MTAS,SCSCF,A:SCSCF,GTW,A:MTAS,SCSCF,U:SCSCF,GTW,U:GTW,SCSCF,U-200:SCSCF,MTAS,U-200:MTAS,SCSCF,U:SCSCF,PCSCF,U:PCSCF,SCSCF,U-200:SCSCF,MTAS,U-200:GTW,SCSCF,B:MTAS,SCSCF,B:SCSCF,PCSCF,B:PCSCF,SCSCF,B-200:SCSCF,MTAS,B-200:SCSCF,GTW,B-200"
251,251,0,1,0.19066374,"PCSCF,SCSCF,I:SCSCF,PCSCF,T:SCSCF,PCSCF,I-407:PCSCF,SCSCF,A:PCSCF,SCSCF,I:SCSCF,PCSCF,T:SCSCF,ASLI,I:ASLI,SCSCF,T:ASLI,SCSCF,I-500:SCSCF,ASLI,A:MTAS,SCSCF,I:SCSCF,MTAS,T:SCSCF,GTW,I:GTW,SCSCF,T:GTW,SCSCF,S:SCSCF,MTAS,S:SCSCF,PCSCF,S:PCSCF,SCSCF,P:MTAS,SCSCF,P:SCSCF,GTW,P:GTW,SCSCF,P-200:SCSCF,MTAS,P-200:SCSCF,PCSCF,P-200:GTW,SCSCF,R:SCSCF,MTAS,R:SCSCF,PCSCF,R:PCSCF,SCSCF,P:MTAS,SCSCF,P:SCSCF,GTW,P:GTW,SCSCF,P-200:SCSCF,MTAS,P-200:SCSCF,PCSCF,P-200:GTW,SCSCF,I-200:SCSCF,MTAS,I-200:SCSCF,PCSCF,I-200:PCSCF,SCSCF,A:SCSCF,MTAS,A:MTAS,SCSCF,A:SCSCF,GTW,A:MTAS,SCSCF,U:SCSCF,GTW,U:GTW,SCSCF,U-200:SCSCF,MTAS,U-200:MTAS,SCSCF,U:SCSCF,PCSCF,U:PCSCF,SCSCF,U-200:SCSCF,MTAS,U-200:MTAS,SCSCF,U:SCSCF,PCSCF,U:SCSCF,GTW,U:GTW,SCSCF,U-200:SCSCF,MTAS,U-200:PCSCF,SCSCF,U-200:SCSCF,MTAS,U-200:MTAS,SCSCF,U:SCSCF,GTW,U:GTW,SCSCF,U-200:SCSCF,MTAS,U-200:MTAS,SCSCF,U:SCSCF,PCSCF,U:PCSCF,SCSCF,U-200:SCSCF,MTAS,U-200:GTW,SCSCF,B:MTAS,SCSCF,B:SCSCF,PCSCF,B:PCSCF,SCSCF,B-200:SCSCF,MTAS,B-200:SCSCF,GTW,B-200"
252,252,0,1,0.5715924,"GTW,ICSCF,I:ICSCF,GTW,T:SCSCF,ASLI,I:ASLI,SCSCF,T:ASLI,SCSCF,I-500:SCSCF,ASLI,A:SCSCF,MTAS,I:MTAS,SCSCF,T:MTAS,SCSCF,I:SCSCF,MTAS,T:SCSCF,PCSCF,I:PCSCF,SCSCF,T:PCSCF,SCSCF,R:SCSCF,MTAS,R:MTAS,SCSCF,R:ICSCF,GTW,R:GTW,SCSCF,P:SCSCF,MTAS,P:MTAS,SCSCF,P:SCSCF,PCSCF,P:PCSCF,SCSCF,P-200:SCSCF,MTAS,P-200:MTAS,SCSCF,P-200:SCSCF,GTW,P-200:PCSCF,SCSCF,I-200:SCSCF,MTAS,I-200:MTAS,SCSCF,I-200:ICSCF,GTW,I-200:GTW,SCSCF,A:SCSCF,MTAS,A:MTAS,SCSCF,A:SCSCF,PCSCF,A:MTAS,SCSCF,U:SCSCF,PCSCF,U:SCSCF,GTW,U:GTW,SCSCF,U-200:SCSCF,MTAS,U-200:PCSCF,SCSCF,U-200:SCSCF,MTAS,U-200:MTAS,SCSCF,U:SCSCF,GTW,U:GTW,SCSCF,U-200:SCSCF,MTAS,U-200:MTAS,SCSCF,U:SCSCF,PCSCF,U:PCSCF,SCSCF,U-200:SCSCF,MTAS,U-200:MTAS,SCSCF,U:SCSCF,GTW,U:GTW,SCSCF,U-200:SCSCF,MTAS,U-200:MTAS,SCSCF,U:SCSCF,PCSCF,U:PCSCF,SCSCF,U-200:SCSCF,MTAS,U-200:MTAS,SCSCF,U:SCSCF,GTW,U:GTW,SCSCF,U-200:SCSCF,MTAS,U-200:MTAS,SCSCF,U:SCSCF,PCSCF,U:PCSCF,SCSCF,U-200:SCSCF,MTAS,U-200:GTW,SCSCF,B:SCSCF,MTAS,B:MTAS,SCSCF,B:SCSCF,PCSCF,B:PCSCF,SCSCF,B-200:SCSCF,MTAS,B-200:MTAS,SCSCF,B-200:SCSCF,GTW,B-200"
253,253,0,1,0.47565803,"PCSCF,SCSCF,I:SCSCF,ASLI,I:ASLI,SCSCF,T:ASLI,SCSCF,I-500:SCSCF,ASLI,A:SCSCF,PCSCF,T:MTAS,SCSCF,I:SCSCF,MTAS,T:SCSCF,GTW,I:GTW,SCSCF,T:GTW,SCSCF,R:SCSCF,MTAS,R:SCSCF,PCSCF,R:PCSCF,SCSCF,P:MTAS,SCSCF,P:SCSCF,GTW,P:GTW,SCSCF,P-200:SCSCF,MTAS,P-200:SCSCF,PCSCF,P-200:GTW,SCSCF,S:SCSCF,MTAS,S:SCSCF,PCSCF,S:PCSCF,SCSCF,P:MTAS,SCSCF,P:SCSCF,GTW,P:GTW,SCSCF,P-200:SCSCF,MTAS,P-200:SCSCF,PCSCF,P-200:GTW,SCSCF,S:SCSCF,MTAS,S:SCSCF,PCSCF,S:PCSCF,SCSCF,P:MTAS,SCSCF,P:SCSCF,GTW,P:GTW,SCSCF,P-200:SCSCF,MTAS,P-200:GTW,SCSCF,I-200:SCSCF,MTAS,I-200:SCSCF,PCSCF,P-200:SCSCF,PCSCF,I-200:PCSCF,SCSCF,A:SCSCF,MTAS,A:MTAS,SCSCF,A:SCSCF,GTW,A:PCSCF,SCSCF,B:MTAS,SCSCF,B:SCSCF,GTW,B:GTW,SCSCF,B-200:SCSCF,MTAS,B-200:SCSCF,PCSCF,B-200"
254,254,0,1,0.54758453,"GTW,ICSCF,I:ICSCF,GTW,T:SCSCF,ASLI,I:ASLI,SCSCF,T:ASLI,SCSCF,I-500:SCSCF,ASLI,A:SCSCF,MTAS,I:MTAS,SCSCF,T:MTAS,SCSCF,I:SCSCF,MTAS,T:SCSCF,PCSCF,I:PCSCF,SCSCF,T:PCSCF,SCSCF,R:SCSCF,MTAS,R:MTAS,SCSCF,R:ICSCF,GTW,R:GTW,SCSCF,P:SCSCF,MTAS,P:MTAS,SCSCF,P:SCSCF,PCSCF,P:PCSCF,SCSCF,P-200:SCSCF,MTAS,P-200:MTAS,SCSCF,P-200:SCSCF,GTW,P-200:PCSCF,SCSCF,I-200:SCSCF,MTAS,I-200:MTAS,SCSCF,I-200:ICSCF,GTW,I-200:GTW,SCSCF,A:SCSCF,MTAS,A:MTAS,SCSCF,A:SCSCF,PCSCF,A:MTAS,SCSCF,U:SCSCF,PCSCF,U:SCSCF,GTW,U:GTW,SCSCF,U-200:SCSCF,MTAS,U-200:PCSCF,SCSCF,U-200:SCSCF,MTAS,U-200:GTW,SCSCF,B:SCSCF,MTAS,B:MTAS,SCSCF,B:SCSCF,PCSCF,B:PCSCF,SCSCF,B:SCSCF,MTAS,B:MTAS,SCSCF,B-200:PCSCF,SCSCF,B-200:SCSCF,MTAS,B-200:MTAS,SCSCF,B-200:SCSCF,PCSCF,B-200:SCSCF,GTW,B-200"
255,255,0,1,0.28718096,"PCSCF,SCSCF,I:SCSCF,PCSCF,T:SCSCF,ASLI,I:ASLI,SCSCF,T:ASLI,SCSCF,I-500:SCSCF,ASLI,A:MTAS,SCSCF,I:SCSCF,MTAS,T:SCSCF,GTW,I:GTW,SCSCF,T:GTW,SCSCF,S:SCSCF,MTAS,S:SCSCF,PCSCF,S:PCSCF,SCSCF,P:MTAS,SCSCF,P:SCSCF,GTW,P:GTW,SCSCF,P-200:SCSCF,MTAS,P-200:SCSCF,PCSCF,P-200:GTW,SCSCF,S:SCSCF,MTAS,S:SCSCF,PCSCF,S:PCSCF,SCSCF,P:MTAS,SCSCF,P:SCSCF,GTW,P:GTW,SCSCF,P-200:SCSCF,MTAS,P-200:SCSCF,PCSCF,P-200:GTW,SCSCF,I-200:SCSCF,MTAS,I-200:SCSCF,PCSCF,I-200:PCSCF,SCSCF,A:SCSCF,MTAS,A:MTAS,SCSCF,A:SCSCF,GTW,A:PCSCF,SCSCF,B:SCSCF,MTAS,B:MTAS,SCSCF,B:SCSCF,GTW,B:GTW,SCSCF,B-200:SCSCF,MTAS,B-200:MTAS,SCSCF,B-200:SCSCF,PCSCF,B-200"
256,256,0,0,0.9687292,"PCSCF,SCSCF,I:SCSCF,ASLI,I:ASLI,SCSCF,T:SCSCF,PCSCF,T:ASLI,SCSCF,I-500:SCSCF,ASLI,A:MTAS,SCSCF,I:SCSCF,MTAS,T:SCSCF,GTW,I:GTW,SCSCF,T:GTW,SCSCF,R:SCSCF,MTAS,R:SCSCF,PCSCF,R:PCSCF,SCSCF,P:SCSCF,MTAS,P:MTAS,SCSCF,P:SCSCF,GTW,P:GTW,SCSCF,P-200:SCSCF,MTAS,P-200:MTAS,SCSCF,P-200:SCSCF,PCSCF,P-200:GTW,SCSCF,I-200:SCSCF,MTAS,I-200:SCSCF,PCSCF,I-200:PCSCF,SCSCF,A:SCSCF,MTAS,A:MTAS,SCSCF,A:SCSCF,GTW,A:PCSCF,SCSCF,B:SCSCF,MTAS,B:GTW,SCSCF,B-200:MTAS,SCSCF,B:SCSCF,GTW,B:SCSCF,MTAS,B-200:MTAS,SCSCF,B-200:SCSCF,PCSCF,B-200"
257,257,0,1,0.36848202,"PCSCF,SCSCF,I:SCSCF,PCSCF,T:SCSCF,ASLI,I:ASLI,SCSCF,T:ASLI,SCSCF,I-500:SCSCF,ASLI,A:MTAS,SCSCF,I:SCSCF,MTAS,T:SCSCF,GTW,I:GTW,SCSCF,T:GTW,SCSCF,S:SCSCF,MTAS,S:SCSCF,PCSCF,S:PCSCF,SCSCF,P:SCSCF,MTAS,P:MTAS,SCSCF,P:SCSCF,GTW,P:GTW,SCSCF,P-200:SCSCF,MTAS,P-200:MTAS,SCSCF,P-200:SCSCF,PCSCF,P-200:GTW,SCSCF,U:MTAS,SCSCF,U:SCSCF,PCSCF,U:PCSCF,SCSCF,U-200:SCSCF,MTAS,U-200:SCSCF,GTW,U-200:GTW,SCSCF,R:SCSCF,MTAS,R:SCSCF,PCSCF,R:GTW,SCSCF,U:MTAS,SCSCF,U:SCSCF,PCSCF,U:PCSCF,SCSCF,U-200:SCSCF,MTAS,U-200:SCSCF,GTW,U-200:GTW,SCSCF,I-200:SCSCF,MTAS,I-200:SCSCF,PCSCF,I-200:PCSCF,SCSCF,A:SCSCF,MTAS,A:MTAS,SCSCF,A:SCSCF,GTW,A:PCSCF,SCSCF,B:SCSCF,MTAS,B:MTAS,SCSCF,B:SCSCF,GTW,B:GTW,SCSCF,B-200:SCSCF,MTAS,B-200:MTAS,SCSCF,B-200:SCSCF,PCSCF,B-200"
258,258,0,1,0.31416228,"PCSCF,SCSCF,I:SCSCF,ASLI,I:ASLI,SCSCF,T:ASLI,SCSCF,I-500:SCSCF,ASLI,A:MTAS,SCSCF,I:SCSCF,MTAS,T:SCSCF,PCSCF,T:SCSCF,GTW,I:GTW,SCSCF,T:GTW,SCSCF,S:SCSCF,MTAS,S:SCSCF,PCSCF,S:PCSCF,SCSCF,P:SCSCF,MTAS,P:MTAS,SCSCF,P:SCSCF,GTW,P:GTW,SCSCF,P-200:SCSCF,MTAS,P-200:MTAS,SCSCF,P-200:SCSCF,PCSCF,P-200:GTW,SCSCF,R:SCSCF,MTAS,R:SCSCF,PCSCF,R:PCSCF,SCSCF,P:SCSCF,MTAS,P:MTAS,SCSCF,P:SCSCF,GTW,P:GTW,SCSCF,P-200:SCSCF,MTAS,P-200:MTAS,SCSCF,P-200:SCSCF,PCSCF,P-200:GTW,SCSCF,I-200:SCSCF,MTAS,I-200:SCSCF,PCSCF,I-200:PCSCF,SCSCF,A:SCSCF,MTAS,A:MTAS,SCSCF,A:SCSCF,GTW,A:PCSCF,SCSCF,B:SCSCF,MTAS,B:MTAS,SCSCF,B:SCSCF,GTW,B:GTW,SCSCF,B-200:SCSCF,MTAS,B-200:MTAS,SCSCF,B-200:SCSCF,PCSCF,B-200"
259,259,0,1,0.82119715,"GTW,ICSCF,I:ICSCF,GTW,T:SCSCF,ASLI,I:ASLI,SCSCF,T:ASLI,SCSCF,I-500:SCSCF,ASLI,A:SCSCF,MTAS,I:MTAS,SCSCF,T:MTAS,SCSCF,I:SCSCF,MTAS,T:SCSCF,PCSCF,I:PCSCF,SCSCF,T:PCSCF,SCSCF,R:SCSCF,MTAS,R:MTAS,SCSCF,R:ICSCF,GTW,R:GTW,SCSCF,P:SCSCF,MTAS,P:MTAS,SCSCF,P:SCSCF,PCSCF,P:PCSCF,SCSCF,P-200:SCSCF,MTAS,P-200:MTAS,SCSCF,P-200:SCSCF,GTW,P-200:PCSCF,SCSCF,I-200:SCSCF,MTAS,I-200:MTAS,SCSCF,I-200:ICSCF,GTW,I-200:GTW,SCSCF,A:SCSCF,MTAS,A:MTAS,SCSCF,A:SCSCF,PCSCF,A:MTAS,SCSCF,U:GTW,SCSCF,U-200:SCSCF,MTAS,U-200:SCSCF,PCSCF,U:SCSCF,GTW,U:PCSCF,SCSCF,U-200:SCSCF,MTAS,U-200:MTAS,SCSCF,U:SCSCF,GTW,U:GTW,SCSCF,U-200:SCSCF,PCSCF,U:SCSCF,MTAS,U-200:PCSCF,SCSCF,U-200:SCSCF,MTAS,U-200:GTW,SCSCF,B:SCSCF,MTAS,B:MTAS,SCSCF,B:SCSCF,PCSCF,B:PCSCF,SCSCF,B-200:SCSCF,MTAS,B-200:MTAS,SCSCF,B-200:SCSCF,GTW,B-200"
260,260,0,1,0.71176934,"GTW,ICSCF,I:ICSCF,GTW,T:SCSCF,ASLI,I:ASLI,SCSCF,T:ASLI,SCSCF,I-500:SCSCF,ASLI,A:SCSCF,MTAS,I:MTAS,SCSCF,T:MTAS,SCSCF,I:SCSCF,PCSCF,I:PCSCF,SCSCF,T:SCSCF,MTAS,T:PCSCF,SCSCF,R:SCSCF,MTAS,R:MTAS,SCSCF,R:ICSCF,GTW,R:GTW,SCSCF,P:SCSCF,MTAS,P:MTAS,SCSCF,P:SCSCF,PCSCF,P:PCSCF,SCSCF,P-200:MTAS,SCSCF,P-200:SCSCF,MTAS,P-200:SCSCF,GTW,P-200:PCSCF,SCSCF,I-200:MTAS,SCSCF,I-200:ICSCF,GTW,I-200:SCSCF,MTAS,I-200:GTW,SCSCF,A:SCSCF,MTAS,A:MTAS,SCSCF,A:SCSCF,PCSCF,A:PCSCF,SCSCF,B:SCSCF,MTAS,B:MTAS,SCSCF,B:SCSCF,GTW,B:GTW,SCSCF,B-200:SCSCF,MTAS,B-200:MTAS,SCSCF,B-200:SCSCF,PCSCF,B-200"
261,261,0,0,0.9319062,"GTW,ICSCF,I:ICSCF,GTW,T:SCSCF,ASLI,I:ASLI,SCSCF,T:ASLI,SCSCF,I-500:SCSCF,ASLI,A:SCSCF,MTAS,I:MTAS,SCSCF,T:MTAS,SCSCF,I:SCSCF,MTAS,T:SCSCF,PCSCF,I:PCSCF,SCSCF,T:PCSCF,SCSCF,R:SCSCF,MTAS,R:MTAS,SCSCF,R:ICSCF,GTW,R:GTW,SCSCF,P:SCSCF,MTAS,P:MTAS,SCSCF,P:SCSCF,PCSCF,P:PCSCF,SCSCF,P-200:SCSCF,MTAS,P-200:MTAS,SCSCF,P-200:SCSCF,GTW,P-200:PCSCF,SCSCF,I-200:SCSCF,MTAS,I-200:MTAS,SCSCF,I-200:ICSCF,GTW,I-200:GTW,SCSCF,A:SCSCF,MTAS,A:MTAS,SCSCF,A:SCSCF,PCSCF,A:MTAS,SCSCF,U:SCSCF,PCSCF,U:PCSCF,SCSCF,U-200:SCSCF,MTAS,U-200:MTAS,SCSCF,U:SCSCF,GTW,U:GTW,SCSCF,U-200:SCSCF,MTAS,U-200:MTAS,SCSCF,U:SCSCF,PCSCF,U:PCSCF,SCSCF,U-200:SCSCF,MTAS,U-200:MTAS,SCSCF,U:SCSCF,GTW,U:GTW,SCSCF,U-200:SCSCF,MTAS,U-200:MTAS,SCSCF,U:SCSCF,PCSCF,U:PCSCF,SCSCF,U-200:SCSCF,MTAS,U-200:MTAS,SCSCF,U:SCSCF,GTW,U:GTW,SCSCF,U-200:SCSCF,MTAS,U-200:PCSCF,SCSCF,B:SCSCF,MTAS,B:MTAS,SCSCF,B:SCSCF,GTW,B:GTW,SCSCF,B-200:SCSCF,MTAS,B-200:MTAS,SCSCF,B-200:SCSCF,PCSCF,B-200"
262,262,0,1,0.62433386,"PCSCF,SCSCF,I:SCSCF,ASLI,I:ASLI,SCSCF,T:ASLI,SCSCF,I-500:SCSCF,ASLI,A:MTAS,SCSCF,I:SCSCF,MTAS,T:SCSCF,GTW,I:GTW,SCSCF,T:SCSCF,PCSCF,T:GTW,SCSCF,S:SCSCF,MTAS,S:SCSCF,PCSCF,S:PCSCF,SCSCF,P:MTAS,SCSCF,P:SCSCF,GTW,P:GTW,SCSCF,P-200:GTW,SCSCF,R:SCSCF,MTAS,R:SCSCF,MTAS,P-200:SCSCF,PCSCF,P-200:SCSCF,PCSCF,R:GTW,SCSCF,I-200:SCSCF,MTAS,I-200:PCSCF,SCSCF,P:SCSCF,PCSCF,I-200:MTAS,SCSCF,P:SCSCF,GTW,P:GTW,SCSCF,P-200:SCSCF,MTAS,P-200:PCSCF,SCSCF,A:SCSCF,PCSCF,P-200:SCSCF,MTAS,A:MTAS,SCSCF,A:SCSCF,GTW,A:MTAS,SCSCF,U:SCSCF,GTW,U:GTW,SCSCF,U-200:SCSCF,PCSCF,U:SCSCF,MTAS,U-200:PCSCF,SCSCF,U-200:SCSCF,MTAS,U-200:MTAS,SCSCF,U:SCSCF,GTW,U:GTW,SCSCF,U-200:SCSCF,MTAS,U-200:MTAS,SCSCF,U:SCSCF,PCSCF,U:PCSCF,SCSCF,U-200:SCSCF,MTAS,U-200:MTAS,SCSCF,U:SCSCF,GTW,U:GTW,SCSCF,U-200:SCSCF,MTAS,U-200:MTAS,SCSCF,U:SCSCF,PCSCF,U:PCSCF,SCSCF,U-200:SCSCF,MTAS,U-200:PCSCF,SCSCF,B:MTAS,SCSCF,B:SCSCF,GTW,B:GTW,SCSCF,B-200:SCSCF,MTAS,B-200:SCSCF,PCSCF,B-200"
263,263,0,1,0.30961502,"GTW,ICSCF,I:ICSCF,GTW,T:SCSCF,ASLI,I:ASLI,SCSCF,T:ASLI,SCSCF,I-500:SCSCF,MTAS,I:MTAS,SCSCF,T:MTAS,SCSCF,I:SCSCF,MTAS,T:SCSCF,PCSCF,I:PCSCF,SCSCF,T:SCSCF,ASLI,A:PCSCF,SCSCF,R:SCSCF,MTAS,R:MTAS,SCSCF,R:ICSCF,GTW,R:GTW,SCSCF,P:SCSCF,MTAS,P:MTAS,SCSCF,P:SCSCF,PCSCF,P:PCSCF,SCSCF,P-200:SCSCF,MTAS,P-200:MTAS,SCSCF,P-200:SCSCF,GTW,P-200:PCSCF,SCSCF,I-200:SCSCF,MTAS,I-200:MTAS,SCSCF,I-200:ICSCF,GTW,I-200:GTW,SCSCF,A:SCSCF,MTAS,A:MTAS,SCSCF,A:SCSCF,PCSCF,A:MTAS,SCSCF,U:SCSCF,PCSCF,U:SCSCF,GTW,U:GTW,SCSCF,U-200:SCSCF,MTAS,U-200:PCSCF,SCSCF,U-200:SCSCF,MTAS,U-200:GTW,SCSCF,B:SCSCF,MTAS,B:MTAS,SCSCF,B:SCSCF,PCSCF,B:PCSCF,SCSCF,B-200:SCSCF,MTAS,B-200:MTAS,SCSCF,B-200:SCSCF,GTW,B-200"
264,264,0,1,0.50236714,"GTW,ICSCF,I:ICSCF,GTW,T:SCSCF,ASLI,I:ASLI,SCSCF,T:ASLI,SCSCF,I-500:SCSCF,ASLI,A:SCSCF,MTAS,I:MTAS,SCSCF,T:MTAS,SCSCF,I:SCSCF,MTAS,T:SCSCF,PCSCF,I:PCSCF,SCSCF,T:PCSCF,SCSCF,R:SCSCF,MTAS,R:MTAS,SCSCF,R:ICSCF,GTW,R:GTW,SCSCF,P:SCSCF,MTAS,P:MTAS,SCSCF,P:SCSCF,PCSCF,P:PCSCF,SCSCF,P-200:SCSCF,MTAS,P-200:MTAS,SCSCF,P-200:SCSCF,GTW,P-200:PCSCF,SCSCF,I-200:SCSCF,MTAS,I-200:MTAS,SCSCF,I-200:ICSCF,GTW,I-200:GTW,SCSCF,A:SCSCF,MTAS,A:MTAS,SCSCF,A:SCSCF,PCSCF,A:MTAS,SCSCF,U:SCSCF,PCSCF,U:PCSCF,SCSCF,U-200:MTAS,SCSCF,U:SCSCF,MTAS,U-200:SCSCF,GTW,U:GTW,SCSCF,U-200:SCSCF,MTAS,U-200:PCSCF,SCSCF,B:SCSCF,MTAS,B:MTAS,SCSCF,B:SCSCF,GTW,B:GTW,SCSCF,B-200:SCSCF,MTAS,B-200:MTAS,SCSCF,B-200:SCSCF,PCSCF,B-200"
265,265,0,1,0.4566587,"PCSCF,SCSCF,I:SCSCF,PCSCF,T:SCSCF,ASLI,I:ASLI,SCSCF,T:ASLI,SCSCF,I-500:SCSCF,ASLI,A:MTAS,SCSCF,I:SCSCF,MTAS,T:SCSCF,ASLI,I:ASLI,SCSCF,T:ASLI,SCSCF,I-500:SCSCF,ASLI,A:SCSCF,MTAS,I:MTAS,SCSCF,T:MTAS,SCSCF,I:SCSCF,MTAS,T:SCSCF,PCSCF,I:PCSCF,SCSCF,T:PCSCF,SCSCF,R:SCSCF,MTAS,R:MTAS,SCSCF,R:SCSCF,MTAS,R:SCSCF,PCSCF,R:PCSCF,SCSCF,P:MTAS,SCSCF,P:SCSCF,MTAS,P:MTAS,SCSCF,P:SCSCF,PCSCF,P:PCSCF,SCSCF,P-200:SCSCF,MTAS,P-200:MTAS,SCSCF,P-200:SCSCF,MTAS,P-200:SCSCF,PCSCF,P-200:PCSCF,SCSCF,I-200:SCSCF,MTAS,I-200:MTAS,SCSCF,I-200:SCSCF,MTAS,I-200:SCSCF,PCSCF,I-200:PCSCF,SCSCF,A:MTAS,SCSCF,A:PCSCF,SCSCF,I-200:SCSCF,MTAS,A:SCSCF,MTAS,I-200:MTAS,SCSCF,A:SCSCF,PCSCF,A:MTAS,SCSCF,U:SCSCF,PCSCF,U:SCSCF,PCSCF,U:PCSCF,SCSCF,U-200:SCSCF,MTAS,U-200:MTAS,SCSCF,U:PCSCF,SCSCF,U-200:SCSCF,MTAS,U-200:PCSCF,SCSCF,B:SCSCF,MTAS,B:MTAS,SCSCF,B:SCSCF,PCSCF,B:PCSCF,SCSCF,B-200:SCSCF,MTAS,B-200:MTAS,SCSCF,B-200:SCSCF,PCSCF,B-200"
266,266,0,1,0.4351881,"PCSCF,SCSCF,I:SCSCF,PCSCF,T:SCSCF,PCSCF,I-407:PCSCF,SCSCF,A:PCSCF,SCSCF,I:SCSCF,PCSCF,T:SCSCF,ASLI,I:ASLI,SCSCF,T:ASLI,SCSCF,I-500:SCSCF,ASLI,A:MTAS,SCSCF,I:SCSCF,MTAS,T:SCSCF,GTW,I:GTW,SCSCF,T:GTW,SCSCF,S:SCSCF,MTAS,S:SCSCF,PCSCF,S:PCSCF,SCSCF,P:SCSCF,MTAS,P:MTAS,SCSCF,P:SCSCF,GTW,P:GTW,SCSCF,P-200:GTW,SCSCF,S:SCSCF,MTAS,P-200:SCSCF,MTAS,S:MTAS,SCSCF,P-200:SCSCF,PCSCF,P-200:SCSCF,PCSCF,S:PCSCF,SCSCF,P:SCSCF,MTAS,P:MTAS,SCSCF,P:SCSCF,GTW,P:GTW,SCSCF,P-200:GTW,SCSCF,S:SCSCF,MTAS,S:SCSCF,MTAS,P-200:MTAS,SCSCF,P-200:SCSCF,PCSCF,P-200:SCSCF,PCSCF,S:PCSCF,SCSCF,P:SCSCF,MTAS,P:MTAS,SCSCF,P:SCSCF,GTW,P:GTW,SCSCF,P-200:SCSCF,MTAS,P-200:MTAS,SCSCF,P-200:SCSCF,PCSCF,P-200:GTW,SCSCF,R:SCSCF,MTAS,R:SCSCF,PCSCF,R:PCSCF,SCSCF,P:SCSCF,MTAS,P:MTAS,SCSCF,P:SCSCF,GTW,P:GTW,SCSCF,P-200:SCSCF,MTAS,P-200:MTAS,SCSCF,P-200:SCSCF,PCSCF,P-200:GTW,SCSCF,I-200:SCSCF,MTAS,I-200:SCSCF,PCSCF,I-200:PCSCF,SCSCF,A:SCSCF,MTAS,A:MTAS,SCSCF,A:SCSCF,GTW,A:PCSCF,SCSCF,B:MTAS,SCSCF,B:GTW,SCSCF,B-200:SCSCF,MTAS,B-200:SCSCF,PCSCF,B-200:SCSCF,GTW,B"
267,267,0,1,0.5535414,"PCSCF,SCSCF,I:SCSCF,PCSCF,T:SCSCF,PCSCF,I-407:PCSCF,SCSCF,A:PCSCF,SCSCF,I:SCSCF,PCSCF,T:SCSCF,ASLI,I:ASLI,SCSCF,T:ASLI,SCSCF,I-500:SCSCF,ASLI,A:MTAS,SCSCF,I:SCSCF,MTAS,T:SCSCF,GTW,I:GTW,SCSCF,T:GTW,SCSCF,S:SCSCF,MTAS,S:SCSCF,PCSCF,S:PCSCF,SCSCF,P:MTAS,SCSCF,P:SCSCF,GTW,P:GTW,SCSCF,P-200:GTW,SCSCF,R:SCSCF,MTAS,R:SCSCF,MTAS,P-200:SCSCF,PCSCF,P-200:SCSCF,PCSCF,R:PCSCF,SCSCF,P:MTAS,SCSCF,P:SCSCF,GTW,P:GTW,SCSCF,P-200:SCSCF,MTAS,P-200:SCSCF,PCSCF,P-200:GTW,SCSCF,I-200:SCSCF,MTAS,I-200:SCSCF,PCSCF,I-200:PCSCF,SCSCF,A:SCSCF,MTAS,A:MTAS,SCSCF,A:SCSCF,GTW,A:GTW,SCSCF,B:MTAS,SCSCF,B:SCSCF,PCSCF,B:PCSCF,SCSCF,B-200:SCSCF,MTAS,B-200:SCSCF,GTW,B-200"
268,268,0,1,0.80413175,"PCSCF,SCSCF,I:SCSCF,PCSCF,T:SCSCF,PCSCF,I-407:PCSCF,SCSCF,A:PCSCF,SCSCF,I:SCSCF,PCSCF,T:SCSCF,ASLI,I:ASLI,SCSCF,T:ASLI,SCSCF,I-500:SCSCF,ASLI,A:MTAS,SCSCF,I:SCSCF,MTAS,T:SCSCF,GTW,I:GTW,SCSCF,T:GTW,SCSCF,I-200:SCSCF,MTAS,I-200:SCSCF,PCSCF,I-200:PCSCF,SCSCF,A:SCSCF,MTAS,A:MTAS,SCSCF,A:SCSCF,GTW,A:MTAS,SCSCF,U:SCSCF,GTW,U:GTW,SCSCF,U-200:SCSCF,PCSCF,U:SCSCF,MTAS,U-200:PCSCF,SCSCF,U-200:SCSCF,MTAS,U-200:MTAS,SCSCF,U:SCSCF,GTW,U:GTW,SCSCF,U-200:SCSCF,MTAS,U-200:MTAS,SCSCF,U:SCSCF,PCSCF,U:PCSCF,SCSCF,U-200:SCSCF,MTAS,U-200:GTW,SCSCF,B:MTAS,SCSCF,B:SCSCF,PCSCF,B:PCSCF,SCSCF,B-200:SCSCF,MTAS,B-200:SCSCF,GTW,B-200"
269,269,0,1,0.61427605,"PCSCF,SCSCF,I:SCSCF,PCSCF,T:SCSCF,PCSCF,I-407:PCSCF,SCSCF,A:PCSCF,SCSCF,I:SCSCF,PCSCF,T:SCSCF,ASLI,I:ASLI,SCSCF,T:ASLI,SCSCF,I-500:SCSCF,ASLI,A:MTAS,SCSCF,I:SCSCF,MTAS,T:SCSCF,GTW,I:GTW,SCSCF,T:GTW,SCSCF,I-200:SCSCF,MTAS,I-200:SCSCF,PCSCF,I-200:PCSCF,SCSCF,A:SCSCF,MTAS,A:MTAS,SCSCF,A:SCSCF,GTW,A:GTW,SCSCF,B:MTAS,SCSCF,B:SCSCF,PCSCF,B:PCSCF,SCSCF,B:SCSCF,PCSCF,B-200:PCSCF,SCSCF,B-200:SCSCF,MTAS,B-200:SCSCF,GTW,B-200"
270,270,0,1,0.3171356,"GTW,ICSCF,I:ICSCF,GTW,T:SCSCF,ASLI,I:ASLI,SCSCF,T:ASLI,SCSCF,I-500:SCSCF,ASLI,A:SCSCF,MTAS,I:MTAS,SCSCF,T:MTAS,SCSCF,I:SCSCF,MTAS,T:SCSCF,PCSCF,I:PCSCF,SCSCF,T:PCSCF,SCSCF,R:SCSCF,MTAS,R:MTAS,SCSCF,R:ICSCF,GTW,R:PCSCF,SCSCF,I-200:SCSCF,MTAS,I-200:MTAS,SCSCF,I-200:ICSCF,GTW,I-200:GTW,SCSCF,A:SCSCF,MTAS,A:MTAS,SCSCF,A:SCSCF,PCSCF,A:MTAS,SCSCF,U:SCSCF,PCSCF,U:SCSCF,GTW,U:GTW,SCSCF,U-200:SCSCF,MTAS,U-200:PCSCF,SCSCF,U-200:SCSCF,MTAS,U-200:MTAS,SCSCF,U:SCSCF,GTW,U:GTW,SCSCF,U-200:SCSCF,PCSCF,U:SCSCF,MTAS,U-200:PCSCF,SCSCF,U-200:SCSCF,MTAS,U-200:MTAS,SCSCF,U:SCSCF,GTW,U:GTW,SCSCF,U-200:SCSCF,MTAS,U-200:MTAS,SCSCF,U:SCSCF,PCSCF,U:PCSCF,SCSCF,U-200:SCSCF,MTAS,U-200:PCSCF,SCSCF,B:SCSCF,MTAS,B:MTAS,SCSCF,B:SCSCF,GTW,B:GTW,SCSCF,B-200:SCSCF,MTAS,B-200:MTAS,SCSCF,B-200:SCSCF,PCSCF,B-200"
271,271,0,1,0.400966,"GTW,ICSCF,I:ICSCF,GTW,T:SCSCF,ASLI,I:ASLI,SCSCF,T:ASLI,SCSCF,I-500:SCSCF,ASLI,A:SCSCF,MTAS,I:MTAS,SCSCF,T:MTAS,SCSCF,I:SCSCF,MTAS,T:SCSCF,PCSCF,I:PCSCF,SCSCF,T:PCSCF,SCSCF,R:SCSCF,MTAS,R:MTAS,SCSCF,R:ICSCF,GTW,R:GTW,SCSCF,P:SCSCF,MTAS,P:MTAS,SCSCF,P:SCSCF,PCSCF,P:PCSCF,SCSCF,P-200:SCSCF,MTAS,P-200:MTAS,SCSCF,P-200:SCSCF,GTW,P-200:GTW,ICSCF,C:ICSCF,GTW,C-200:SCSCF,MTAS,C:MTAS,SCSCF,C-200:MTAS,SCSCF,C:SCSCF,MTAS,C-200:SCSCF,PCSCF,C:PCSCF,SCSCF,C-200:SCSCF,MTAS,I-487:MTAS,SCSCF,A:ICSCF,GTW,I-487:GTW,ICSCF,A:PCSCF,SCSCF,I-487:SCSCF,PCSCF,A:MTAS,SCSCF,I-487:SCSCF,MTAS,A"
272,272,0,1,0.24532814,"PCSCF,SCSCF,I:SCSCF,PCSCF,T:SCSCF,PCSCF,I-407:PCSCF,SCSCF,A:PCSCF,SCSCF,I:SCSCF,ASLI,I:ASLI,SCSCF,T:ASLI,SCSCF,I-500:SCSCF,ASLI,A:MTAS,SCSCF,I:SCSCF,MTAS,T:SCSCF,GTW,I:GTW,SCSCF,T:SCSCF,PCSCF,T:GTW,SCSCF,R:SCSCF,MTAS,R:SCSCF,PCSCF,R:PCSCF,SCSCF,P:MTAS,SCSCF,P:SCSCF,GTW,P:GTW,SCSCF,P-200:SCSCF,MTAS,P-200:SCSCF,PCSCF,P-200:GTW,SCSCF,I-200:SCSCF,MTAS,I-200:SCSCF,PCSCF,I-200:GTW,SCSCF,I-200:SCSCF,MTAS,I-200:PCSCF,SCSCF,A:SCSCF,MTAS,A:MTAS,SCSCF,A:SCSCF,GTW,A:MTAS,SCSCF,U:SCSCF,GTW,U:MTAS,SCSCF,U:GTW,SCSCF,U-200:SCSCF,MTAS,U-200:SCSCF,PCSCF,U:PCSCF,SCSCF,U-200:SCSCF,MTAS,U-200:MTAS,SCSCF,U:SCSCF,GTW,U:GTW,SCSCF,U-200:SCSCF,PCSCF,U:SCSCF,MTAS,U-200:PCSCF,SCSCF,U-200:SCSCF,MTAS,U-200:MTAS,SCSCF,U:SCSCF,GTW,U:GTW,SCSCF,U-200:SCSCF,MTAS,U-200:MTAS,SCSCF,U:SCSCF,PCSCF,U:PCSCF,SCSCF,U-200:SCSCF,MTAS,U-200:MTAS,SCSCF,U:SCSCF,GTW,U:GTW,SCSCF,U-200:SCSCF,MTAS,U-200:MTAS,SCSCF,U:SCSCF,PCSCF,U:PCSCF,SCSCF,U-200:SCSCF,MTAS,U-200:PCSCF,SCSCF,B:MTAS,SCSCF,B:SCSCF,GTW,B:GTW,SCSCF,B-200:SCSCF,MTAS,B-200:SCSCF,PCSCF,B-200"
273,273,0,1,0.67245835,"GTW,ICSCF,I:ICSCF,GTW,T:SCSCF,ASLI,I:ASLI,SCSCF,T:ASLI,SCSCF,I-500:SCSCF,ASLI,A:SCSCF,MTAS,I:MTAS,SCSCF,T:MTAS,SCSCF,I:SCSCF,MTAS,T:SCSCF,PCSCF,I:PCSCF,SCSCF,T:PCSCF,SCSCF,R:SCSCF,MTAS,R:MTAS,SCSCF,R:ICSCF,GTW,R:GTW,SCSCF,P:SCSCF,MTAS,P:MTAS,SCSCF,P:SCSCF,PCSCF,P:PCSCF,SCSCF,P-200:SCSCF,MTAS,P-200:MTAS,SCSCF,P-200:SCSCF,GTW,P-200:PCSCF,SCSCF,I-200:SCSCF,MTAS,I-200:MTAS,SCSCF,I-200:ICSCF,GTW,I-200:GTW,SCSCF,A:SCSCF,MTAS,A:MTAS,SCSCF,A:SCSCF,PCSCF,A:MTAS,SCSCF,U:SCSCF,PCSCF,U:SCSCF,GTW,U:GTW,SCSCF,U-200:SCSCF,MTAS,U-200:PCSCF,SCSCF,U-200:SCSCF,MTAS,U-200:MTAS,SCSCF,U:SCSCF,GTW,U:GTW,SCSCF,U-200:SCSCF,MTAS,U-200:MTAS,SCSCF,U:SCSCF,PCSCF,U:PCSCF,SCSCF,U-200:SCSCF,MTAS,U-200:MTAS,SCSCF,U:SCSCF,GTW,U:GTW,SCSCF,U-200:SCSCF,MTAS,U-200:MTAS,SCSCF,U:SCSCF,PCSCF,U:PCSCF,SCSCF,U-200:SCSCF,MTAS,U-200:MTAS,SCSCF,U:SCSCF,GTW,U:GTW,SCSCF,U-200:SCSCF,MTAS,U-200:MTAS,SCSCF,U:SCSCF,PCSCF,U:PCSCF,SCSCF,U-200:SCSCF,MTAS,U-200:MTAS,SCSCF,U:SCSCF,GTW,U:GTW,SCSCF,U-200:SCSCF,MTAS,U-200:MTAS,SCSCF,U:SCSCF,PCSCF,U:PCSCF,SCSCF,U-200:SCSCF,MTAS,U-200:MTAS,SCSCF,U:SCSCF,GTW,U:GTW,SCSCF,U-200:SCSCF,MTAS,U-200:MTAS,SCSCF,U:SCSCF,PCSCF,U:PCSCF,SCSCF,U-200:SCSCF,MTAS,U-200:MTAS,SCSCF,U:SCSCF,GTW,U:GTW,SCSCF,U-200:SCSCF,MTAS,U-200:MTAS,SCSCF,U:SCSCF,PCSCF,U:PCSCF,SCSCF,U-200:SCSCF,MTAS,U-200:PCSCF,SCSCF,B:SCSCF,MTAS,B:MTAS,SCSCF,B:SCSCF,GTW,B:GTW,SCSCF,B-200:SCSCF,MTAS,B-200:MTAS,SCSCF,B-200:SCSCF,PCSCF,B-200"
274,274,0,1,0.45952475,"GTW,ICSCF,I:ICSCF,GTW,T:SCSCF,ASLI,I:ASLI,SCSCF,T:ASLI,SCSCF,I-500:SCSCF,MTAS,I:SCSCF,ASLI,A:MTAS,SCSCF,T:MTAS,SCSCF,I:SCSCF,MTAS,T:MTAS,SCSCF,W:ICSCF,GTW,W:SCSCF,GTW,I:GTW,SCSCF,T:GTW,SCSCF,S:SCSCF,MTAS,S:MTAS,SCSCF,S:ICSCF,GTW,S:GTW,SCSCF,P:SCSCF,MTAS,P:MTAS,SCSCF,P:SCSCF,GTW,P:SCSCF,MTAS,P-200:GTW,SCSCF,P-200:MTAS,SCSCF,P-200:SCSCF,GTW,P-200:GTW,SCSCF,R:SCSCF,MTAS,R:MTAS,SCSCF,R:ICSCF,GTW,R:GTW,SCSCF,P:SCSCF,MTAS,P:MTAS,SCSCF,P:SCSCF,GTW,P:GTW,SCSCF,P-200:SCSCF,MTAS,P-200:MTAS,SCSCF,P-200:SCSCF,GTW,P-200:GTW,SCSCF,I-200:SCSCF,MTAS,I-200:MTAS,SCSCF,I-200:ICSCF,GTW,I-200:GTW,SCSCF,A:SCSCF,MTAS,A:MTAS,SCSCF,A:SCSCF,GTW,A:GTW,SCSCF,B:SCSCF,MTAS,B:MTAS,SCSCF,B:SCSCF,GTW,B:GTW,SCSCF,B-200:SCSCF,MTAS,B-200:MTAS,SCSCF,B-200:SCSCF,GTW,B-200"
275,275,0,1,0.71176934,"GTW,ICSCF,I:ICSCF,GTW,T:SCSCF,ASLI,I:ASLI,SCSCF,T:ASLI,SCSCF,I-500:SCSCF,ASLI,A:SCSCF,MTAS,I:MTAS,SCSCF,T:MTAS,SCSCF,I:SCSCF,PCSCF,I:SCSCF,MTAS,T:PCSCF,SCSCF,T:PCSCF,SCSCF,R:SCSCF,MTAS,R:MTAS,SCSCF,R:ICSCF,GTW,R:GTW,SCSCF,P:SCSCF,MTAS,P:MTAS,SCSCF,P:SCSCF,PCSCF,P:PCSCF,SCSCF,P-200:SCSCF,MTAS,P-200:MTAS,SCSCF,P-200:SCSCF,GTW,P-200:PCSCF,SCSCF,I-200:SCSCF,MTAS,I-200:MTAS,SCSCF,I-200:ICSCF,GTW,I-200:GTW,SCSCF,A:SCSCF,MTAS,A:MTAS,SCSCF,A:SCSCF,PCSCF,A:GTW,SCSCF,B:SCSCF,MTAS,B:MTAS,SCSCF,B:SCSCF,PCSCF,B:PCSCF,SCSCF,B-200:SCSCF,MTAS,B-200:MTAS,SCSCF,B-200:SCSCF,GTW,B-200"
276,276,0,1,0.42095688,"PCSCF,SCSCF,I:SCSCF,PCSCF,T:SCSCF,ASLI,I:ASLI,SCSCF,T:ASLI,SCSCF,I-500:SCSCF,ASLI,A:MTAS,SCSCF,I:SCSCF,MTAS,T:SCSCF,GTW,I:GTW,SCSCF,T:GTW,SCSCF,S:SCSCF,MTAS,S:SCSCF,PCSCF,S:PCSCF,SCSCF,P:MTAS,SCSCF,P:SCSCF,GTW,P:GTW,SCSCF,P-200:GTW,SCSCF,W:SCSCF,MTAS,W:SCSCF,MTAS,P-200:SCSCF,PCSCF,P-200:SCSCF,PCSCF,W:PCSCF,SCSCF,P:MTAS,SCSCF,P:SCSCF,GTW,P:GTW,SCSCF,P-200:SCSCF,MTAS,P-200:SCSCF,PCSCF,P-200:GTW,SCSCF,S:SCSCF,MTAS,S:SCSCF,PCSCF,S:PCSCF,SCSCF,P:MTAS,SCSCF,P:SCSCF,GTW,P:GTW,SCSCF,P-200:GTW,SCSCF,S:SCSCF,MTAS,P-200:SCSCF,MTAS,S:SCSCF,PCSCF,P-200:SCSCF,PCSCF,S:PCSCF,SCSCF,P:MTAS,SCSCF,P:SCSCF,GTW,P:GTW,SCSCF,P-200:SCSCF,MTAS,P-200:GTW,SCSCF,S:SCSCF,MTAS,S:SCSCF,PCSCF,P-200:SCSCF,PCSCF,S:PCSCF,SCSCF,P:MTAS,SCSCF,P:SCSCF,GTW,P:GTW,SCSCF,P-200:SCSCF,MTAS,P-200:SCSCF,PCSCF,P-200:GTW,SCSCF,R:SCSCF,MTAS,R:SCSCF,PCSCF,R:PCSCF,SCSCF,P:MTAS,SCSCF,P:SCSCF,GTW,P:GTW,SCSCF,P-200:SCSCF,MTAS,P-200:SCSCF,PCSCF,P-200:GTW,SCSCF,I-486:SCSCF,GTW,A:SCSCF,MTAS,I-486:MTAS,SCSCF,A:SCSCF,PCSCF,I-486:PCSCF,SCSCF,A"
277,277,0,0,0.9906522,"PCSCF,SCSCF,I:SCSCF,PCSCF,T:SCSCF,PCSCF,I-407:PCSCF,SCSCF,A:PCSCF,SCSCF,I:SCSCF,PCSCF,T:SCSCF,ASLI,I:ASLI,SCSCF,T:ASLI,SCSCF,I-500:SCSCF,ASLI,A:MTAS,SCSCF,I:SCSCF,MTAS,T:SCSCF,GTW,I:GTW,SCSCF,T:GTW,SCSCF,I-200:SCSCF,MTAS,I-200:SCSCF,PCSCF,I-200:PCSCF,SCSCF,A:SCSCF,MTAS,A:MTAS,SCSCF,A:SCSCF,GTW,A:GTW,SCSCF,B:MTAS,SCSCF,B:SCSCF,PCSCF,B:PCSCF,SCSCF,B-200:SCSCF,MTAS,B-200:SCSCF,GTW,B-200"
278,278,0,1,0.831734,"GTW,ICSCF,I:ICSCF,GTW,T:SCSCF,ASLI,I:ASLI,SCSCF,T:ASLI,SCSCF,I-500:SCSCF,ASLI,A:SCSCF,MTAS,I:MTAS,SCSCF,T:MTAS,SCSCF,I:SCSCF,MTAS,T:SCSCF,PCSCF,I:PCSCF,SCSCF,T:PCSCF,SCSCF,R:SCSCF,MTAS,R:MTAS,SCSCF,R:ICSCF,GTW,R:GTW,SCSCF,P:SCSCF,MTAS,P:MTAS,SCSCF,P:SCSCF,PCSCF,P:PCSCF,SCSCF,P-200:SCSCF,MTAS,P-200:MTAS,SCSCF,P-200:SCSCF,GTW,P-200:GTW,ICSCF,C:ICSCF,GTW,C-200:SCSCF,MTAS,C:MTAS,SCSCF,C-200:MTAS,SCSCF,C:SCSCF,MTAS,C-200:SCSCF,PCSCF,C:PCSCF,SCSCF,C-200:PCSCF,SCSCF,I-487:SCSCF,MTAS,I-487:MTAS,SCSCF,A:MTAS,SCSCF,I-487:SCSCF,MTAS,A:ICSCF,GTW,I-487:SCSCF,PCSCF,A:GTW,ICSCF,A"
279,279,0,1,0.18168384,"PCSCF,SCSCF,I:SCSCF,PCSCF,T:SCSCF,ASLI,I:ASLI,SCSCF,T:ASLI,SCSCF,I-500:SCSCF,ASLI,A:MTAS,SCSCF,I:SCSCF,MTAS,T:SCSCF,GTW,I:GTW,SCSCF,T:GTW,SCSCF,R:SCSCF,MTAS,R:SCSCF,PCSCF,R:PCSCF,SCSCF,P:SCSCF,MTAS,P:SCSCF,GTW,P:MTAS,SCSCF,P:GTW,SCSCF,P-200:SCSCF,MTAS,P-200:SCSCF,PCSCF,P-200:MTAS,SCSCF,P-200:GTW,SCSCF,I-200:SCSCF,PCSCF,I-200:SCSCF,MTAS,I-200:PCSCF,SCSCF,A:SCSCF,MTAS,A:SCSCF,GTW,A:MTAS,SCSCF,A:MTAS,SCSCF,U:SCSCF,GTW,U:SCSCF,PCSCF,U:GTW,SCSCF,U-200:SCSCF,MTAS,U-200:PCSCF,SCSCF,U-200:SCSCF,MTAS,U-200:MTAS,SCSCF,U:SCSCF,GTW,U:GTW,SCSCF,U-200:SCSCF,MTAS,U-200:MTAS,SCSCF,U:SCSCF,PCSCF,U:PCSCF,SCSCF,U-200:SCSCF,MTAS,U-200:PCSCF,SCSCF,B:MTAS,SCSCF,B:SCSCF,GTW,B:GTW,SCSCF,B-200:SCSCF,MTAS,B-200:SCSCF,PCSCF,B-200"
280,280,0,1,0.4430885,"PCSCF,SCSCF,I:SCSCF,PCSCF,T:SCSCF,ASLI,I:ASLI,SCSCF,T:ASLI,SCSCF,I-500:SCSCF,ASLI,A:MTAS,SCSCF,I:SCSCF,MTAS,T:SCSCF,GTW,I:GTW,SCSCF,T:GTW,SCSCF,S:SCSCF,MTAS,S:SCSCF,PCSCF,S:PCSCF,SCSCF,P:SCSCF,MTAS,P:MTAS,SCSCF,P:SCSCF,GTW,P:GTW,SCSCF,P-200:SCSCF,MTAS,P-200:MTAS,SCSCF,P-200:SCSCF,PCSCF,P-200:GTW,SCSCF,R:SCSCF,MTAS,R:SCSCF,PCSCF,R:PCSCF,SCSCF,P:SCSCF,MTAS,P:MTAS,SCSCF,P:SCSCF,GTW,P:GTW,SCSCF,P-200:SCSCF,MTAS,P-200:MTAS,SCSCF,P-200:SCSCF,PCSCF,P-200:GTW,SCSCF,I-200:SCSCF,MTAS,I-200:SCSCF,PCSCF,I-200:GTW,SCSCF,I-200:SCSCF,MTAS,I-200:PCSCF,SCSCF,A:SCSCF,MTAS,A:MTAS,SCSCF,A:SCSCF,GTW,A:GTW,SCSCF,B:MTAS,SCSCF,B:SCSCF,PCSCF,B:PCSCF,SCSCF,B-200:SCSCF,MTAS,B-200:SCSCF,GTW,B-200"
281,281,0,0,0.9960322,"GTW,ICSCF,I:ICSCF,GTW,T:SCSCF,ASLI,I:ASLI,SCSCF,T:ASLI,SCSCF,I-500:SCSCF,ASLI,A:SCSCF,MTAS,I:MTAS,SCSCF,T:MTAS,SCSCF,I:SCSCF,MTAS,T:SCSCF,PCSCF,I:PCSCF,SCSCF,T:PCSCF,SCSCF,R:SCSCF,MTAS,R:MTAS,SCSCF,R:ICSCF,GTW,R:GTW,SCSCF,P:SCSCF,MTAS,P:MTAS,SCSCF,P:SCSCF,PCSCF,P:PCSCF,SCSCF,P-200:SCSCF,MTAS,P-200:MTAS,SCSCF,P-200:SCSCF,GTW,P-200:PCSCF,SCSCF,I-200:SCSCF,MTAS,I-200:MTAS,SCSCF,I-200:ICSCF,GTW,I-200:GTW,SCSCF,A:SCSCF,MTAS,A:MTAS,SCSCF,A:SCSCF,PCSCF,A:PCSCF,SCSCF,B:SCSCF,MTAS,B:MTAS,SCSCF,B:SCSCF,GTW,B:GTW,SCSCF,B-200:SCSCF,MTAS,B-200:SCSCF,PCSCF,B-200:MTAS,SCSCF,B-200"
282,282,0,0,0.94413835,"GTW,SCSCF,I:SCSCF,GTW,T:SCSCF,SLEVOOSP,I:SLEVOOSP,SCSCF,T:SCSCF,GTW,S:SLEVOOSP,SCSCF,S:GTW,SCSCF,P:SCSCF,SLEVOOSP,P:SCSCF,GTW,P-200:SLEVOOSP,SCSCF,P-200:SLEVOOSP,SCSCF,I-200:SCSCF,GTW,I-200:GTW,SCSCF,A:SCSCF,SLEVOOSP,A:GTW,SCSCF,B:SCSCF,SLEVOOSP,B:SLEVOOSP,SCSCF,B-200:SCSCF,GTW,B-200"
283,283,0,1,0.46199045,"PCSCF,SCSCF,I:SCSCF,PCSCF,T:SCSCF,ASLI,I:ASLI,SCSCF,T:ASLI,SCSCF,I-500:SCSCF,ASLI,A:MTAS,SCSCF,I:SCSCF,MTAS,T:SCSCF,ASLI,I:ASLI,SCSCF,T:ASLI,SCSCF,I-500:SCSCF,ASLI,A:SCSCF,MTAS,I:MTAS,SCSCF,T:MTAS,SCSCF,I:SCSCF,MTAS,T:SCSCF,PCSCF,I:PCSCF,SCSCF,T:PCSCF,SCSCF,R:SCSCF,MTAS,R:MTAS,SCSCF,R:SCSCF,MTAS,R:SCSCF,PCSCF,R:PCSCF,SCSCF,P:MTAS,SCSCF,P:SCSCF,MTAS,P:MTAS,SCSCF,P:SCSCF,PCSCF,P:PCSCF,SCSCF,P-200:SCSCF,MTAS,P-200:MTAS,SCSCF,P-200:SCSCF,MTAS,P-200:SCSCF,PCSCF,P-200:PCSCF,SCSCF,I-200:SCSCF,MTAS,I-200:MTAS,SCSCF,I-200:SCSCF,MTAS,I-200:SCSCF,PCSCF,I-200:PCSCF,SCSCF,A:MTAS,SCSCF,A:SCSCF,MTAS,A:MTAS,SCSCF,A:SCSCF,PCSCF,A:PCSCF,SCSCF,B:SCSCF,MTAS,B:MTAS,SCSCF,B:PCSCF,SCSCF,B:MTAS,SCSCF,B:SCSCF,PCSCF,B-200:SCSCF,MTAS,B-481:SCSCF,MTAS,B-200:MTAS,SCSCF,B-200:SCSCF,PCSCF,B-200"
284,284,0,1,0.3390342,"PCSCF,SCSCF,I:SCSCF,PCSCF,T:SCSCF,PCSCF,I-407:PCSCF,SCSCF,A:PCSCF,SCSCF,I:SCSCF,PCSCF,T:SCSCF,ASLI,I:ASLI,SCSCF,T:ASLI,SCSCF,I-500:SCSCF,ASLI,A:MTAS,SCSCF,I:SCSCF,MTAS,T:SCSCF,GTW,I:GTW,SCSCF,T:PCSCF,SCSCF,C:SCSCF,PCSCF,C-200:MTAS,SCSCF,C:SCSCF,MTAS,C-200:SCSCF,GTW,C:SCSCF,PCSCF,I-487:PCSCF,SCSCF,A:GTW,SCSCF,C-200:GTW,SCSCF,I-487:SCSCF,GTW,A:SCSCF,MTAS,I-487:MTAS,SCSCF,A"
285,285,0,1,0.67483073,"PCSCF,SCSCF,I:SCSCF,ASLI,I:ASLI,SCSCF,T:SCSCF,PCSCF,T:ASLI,SCSCF,I-500:SCSCF,ASLI,A:MTAS,SCSCF,I:SCSCF,MTAS,T:SCSCF,GTW,I:GTW,SCSCF,T:GTW,SCSCF,S:SCSCF,MTAS,S:SCSCF,PCSCF,S:PCSCF,SCSCF,P:SCSCF,MTAS,P:MTAS,SCSCF,P:SCSCF,GTW,P:GTW,SCSCF,P-200:SCSCF,MTAS,P-200:MTAS,SCSCF,P-200:SCSCF,PCSCF,P-200:GTW,SCSCF,R:SCSCF,MTAS,R:SCSCF,PCSCF,R:GTW,SCSCF,R:SCSCF,MTAS,R:PCSCF,SCSCF,P:SCSCF,MTAS,P:MTAS,SCSCF,P:SCSCF,GTW,P:GTW,SCSCF,P-200:SCSCF,MTAS,P-200:MTAS,SCSCF,P-200:SCSCF,PCSCF,P-200:GTW,SCSCF,I-200:SCSCF,MTAS,I-200:SCSCF,PCSCF,I-200:PCSCF,SCSCF,A:SCSCF,MTAS,A:MTAS,SCSCF,A:SCSCF,GTW,A:PCSCF,SCSCF,B:SCSCF,MTAS,B:MTAS,SCSCF,B:SCSCF,GTW,B:GTW,SCSCF,B-200:SCSCF,MTAS,B-200:MTAS,SCSCF,B-200:SCSCF,PCSCF,B-200"
286,286,0,0,0.8615264,"GTW,ICSCF,I:ICSCF,GTW,T:SCSCF,ASLI,I:ASLI,SCSCF,T:ASLI,SCSCF,I-500:SCSCF,ASLI,A:SCSCF,MTAS,I:MTAS,SCSCF,T:MTAS,SCSCF,I:SCSCF,MTAS,T:SCSCF,PCSCF,I:PCSCF,SCSCF,T:PCSCF,SCSCF,R:SCSCF,MTAS,R:MTAS,SCSCF,R:ICSCF,GTW,R:GTW,SCSCF,P:SCSCF,MTAS,P:MTAS,SCSCF,P:SCSCF,PCSCF,P:PCSCF,SCSCF,P-200:SCSCF,MTAS,P-200:MTAS,SCSCF,P-200:SCSCF,GTW,P-200:GTW,ICSCF,C:ICSCF,GTW,C-200:SCSCF,MTAS,C:MTAS,SCSCF,C-200:MTAS,SCSCF,C:SCSCF,MTAS,C-200:SCSCF,PCSCF,C:PCSCF,SCSCF,C-200:PCSCF,SCSCF,I-487:SCSCF,PCSCF,A:SCSCF,MTAS,I-487:MTAS,SCSCF,A:MTAS,SCSCF,I-487:ICSCF,GTW,I-487:GTW,ICSCF,A:SCSCF,MTAS,A"
287,287,0,0,0.9960322,"GTW,ICSCF,I:ICSCF,GTW,T:SCSCF,ASLI,I:ASLI,SCSCF,T:ASLI,SCSCF,I-500:SCSCF,ASLI,A:SCSCF,MTAS,I:MTAS,SCSCF,T:MTAS,SCSCF,I:SCSCF,MTAS,T:SCSCF,PCSCF,I:PCSCF,SCSCF,T:PCSCF,SCSCF,R:MTAS,SCSCF,R:SCSCF,MTAS,R:ICSCF,GTW,R:GTW,SCSCF,P:SCSCF,MTAS,P:MTAS,SCSCF,P:SCSCF,PCSCF,P:PCSCF,SCSCF,P-200:SCSCF,MTAS,P-200:MTAS,SCSCF,P-200:SCSCF,GTW,P-200:PCSCF,SCSCF,I-200:MTAS,SCSCF,I-200:ICSCF,GTW,I-200:SCSCF,MTAS,I-200:GTW,SCSCF,A:SCSCF,MTAS,A:MTAS,SCSCF,A:SCSCF,PCSCF,A:GTW,SCSCF,B:SCSCF,MTAS,B:MTAS,SCSCF,B:SCSCF,PCSCF,B:PCSCF,SCSCF,B-200:SCSCF,MTAS,B-200:MTAS,SCSCF,B-200:SCSCF,GTW,B-200"
288,288,0,1,0.2424234,"PCSCF,SCSCF,I:SCSCF,PCSCF,T:SCSCF,PCSCF,I-407:PCSCF,SCSCF,A:PCSCF,SCSCF,I:SCSCF,ASLI,I:SCSCF,PCSCF,T:ASLI,SCSCF,T:ASLI,SCSCF,I-500:SCSCF,ASLI,A:MTAS,SCSCF,I:SCSCF,MTAS,T:SCSCF,GTW,I:GTW,SCSCF,T:GTW,SCSCF,S:SCSCF,MTAS,S:SCSCF,PCSCF,S:PCSCF,SCSCF,P:SCSCF,MTAS,P:MTAS,SCSCF,P:SCSCF,GTW,P:GTW,SCSCF,P-200:SCSCF,MTAS,P-200:MTAS,SCSCF,P-200:SCSCF,PCSCF,P-200:PCSCF,SCSCF,C:MTAS,SCSCF,C:SCSCF,MTAS,C-200:SCSCF,GTW,C:GTW,SCSCF,C-200:GTW,SCSCF,I-487:SCSCF,GTW,A:SCSCF,MTAS,I-487:MTAS,SCSCF,A:SCSCF,PCSCF,C-200:SCSCF,PCSCF,I-487:PCSCF,SCSCF,A"
289,289,0,0,0.928809,"GTW,ICSCF,I:ICSCF,GTW,T:SCSCF,ASLI,I:ASLI,SCSCF,T:ASLI,SCSCF,I-500:SCSCF,ASLI,A:SCSCF,MTAS,I:MTAS,SCSCF,T:MTAS,SCSCF,W:ICSCF,GTW,W:MTAS,SCSCF,I:SCSCF,MTAS,T:SCSCF,GTW,I:GTW,SCSCF,T:GTW,SCSCF,S:SCSCF,MTAS,S:MTAS,SCSCF,S:ICSCF,GTW,S:GTW,SCSCF,P:SCSCF,MTAS,P:MTAS,SCSCF,P:SCSCF,GTW,P:GTW,SCSCF,P-200:SCSCF,MTAS,P-200:MTAS,SCSCF,P-200:SCSCF,GTW,P-200:GTW,SCSCF,R:SCSCF,MTAS,R:MTAS,SCSCF,R:ICSCF,GTW,R:GTW,SCSCF,P:SCSCF,MTAS,P:MTAS,SCSCF,P:SCSCF,GTW,P:GTW,SCSCF,P-200:SCSCF,MTAS,P-200:MTAS,SCSCF,P-200:SCSCF,GTW,P-200:GTW,ICSCF,C:ICSCF,GTW,C-200:SCSCF,MTAS,C:MTAS,SCSCF,C:MTAS,SCSCF,C-200:SCSCF,MTAS,C-200:SCSCF,GTW,C:GTW,SCSCF,C-200:GTW,SCSCF,I-487:SCSCF,GTW,A:SCSCF,MTAS,I-487:MTAS,SCSCF,I-487:MTAS,SCSCF,A:SCSCF,MTAS,A:ICSCF,GTW,I-487:GTW,ICSCF,A"
290,290,0,1,0.340539,"MTAS,ICSCF,I:ICSCF,MTAS,T:SCSCF,PCSCF,I:PCSCF,SCSCF,T:PCSCF,SCSCF,R:ICSCF,MTAS,R:PCSCF,SCSCF,I-200:ICSCF,MTAS,I-200:MTAS,SCSCF,A:SCSCF,PCSCF,A:MTAS,SCSCF,I:SCSCF,MTAS,T:SCSCF,PCSCF,I:PCSCF,SCSCF,I-200:SCSCF,MTAS,I-200:MTAS,SCSCF,A:SCSCF,PCSCF,A:MTAS,SCSCF,B:SCSCF,PCSCF,B:PCSCF,SCSCF,B-200:SCSCF,MTAS,B-200"
291,291,0,1,0.71176934,"GTW,ICSCF,I:ICSCF,GTW,T:SCSCF,ASLI,I:ASLI,SCSCF,T:ASLI,SCSCF,I-500:SCSCF,ASLI,A:SCSCF,MTAS,I:MTAS,SCSCF,T:MTAS,SCSCF,I:SCSCF,PCSCF,I:SCSCF,MTAS,T:PCSCF,SCSCF,T:PCSCF,SCSCF,R:SCSCF,MTAS,R:MTAS,SCSCF,R:ICSCF,GTW,R:GTW,SCSCF,P:SCSCF,MTAS,P:MTAS,SCSCF,P:SCSCF,PCSCF,P:PCSCF,SCSCF,P-200:SCSCF,MTAS,P-200:MTAS,SCSCF,P-200:SCSCF,GTW,P-200:PCSCF,SCSCF,I-200:SCSCF,MTAS,I-200:MTAS,SCSCF,I-200:ICSCF,GTW,I-200:GTW,SCSCF,A:SCSCF,MTAS,A:MTAS,SCSCF,A:SCSCF,PCSCF,A:PCSCF,SCSCF,B:SCSCF,MTAS,B:MTAS,SCSCF,B:SCSCF,GTW,B:GTW,SCSCF,B-200:SCSCF,MTAS,B-200:MTAS,SCSCF,B-200:SCSCF,PCSCF,B-200"
292,292,0,0,0.9340982,"PCSCF,SCSCF,I:SCSCF,PCSCF,T:SCSCF,ASLI,I:ASLI,SCSCF,T:ASLI,SCSCF,I-500:SCSCF,ASLI,A:MTAS,SCSCF,I:SCSCF,MTAS,T:SCSCF,GTW,I:GTW,SCSCF,T:GTW,SCSCF,R:SCSCF,MTAS,R:SCSCF,PCSCF,R:PCSCF,SCSCF,P:MTAS,SCSCF,P:SCSCF,GTW,P:GTW,SCSCF,R:GTW,SCSCF,P-200:SCSCF,MTAS,R:SCSCF,MTAS,P-200:SCSCF,PCSCF,P-200:GTW,SCSCF,I-200:SCSCF,MTAS,I-200:SCSCF,PCSCF,I-200:PCSCF,SCSCF,A:SCSCF,MTAS,A:MTAS,SCSCF,A:SCSCF,GTW,A:MTAS,SCSCF,U:SCSCF,GTW,U:GTW,SCSCF,U-200:SCSCF,MTAS,U-200:MTAS,SCSCF,U:SCSCF,PCSCF,U:PCSCF,SCSCF,U-200:SCSCF,MTAS,U-200:PCSCF,SCSCF,B:MTAS,SCSCF,B:SCSCF,GTW,B:GTW,SCSCF,B-200:SCSCF,MTAS,B-200:SCSCF,PCSCF,B-200"
293,293,0,1,0.44381714,"PCSCF,SCSCF,I:SCSCF,ASLI,I:SCSCF,PCSCF,T:ASLI,SCSCF,T:ASLI,SCSCF,I-500:SCSCF,ASLI,A:MTAS,SCSCF,I:SCSCF,MTAS,T:SCSCF,GTW,I:GTW,SCSCF,T:GTW,SCSCF,R:SCSCF,MTAS,R:SCSCF,PCSCF,R:PCSCF,SCSCF,P:SCSCF,MTAS,P:MTAS,SCSCF,P:SCSCF,GTW,P:GTW,SCSCF,P-200:SCSCF,MTAS,P-200:MTAS,SCSCF,P-200:SCSCF,PCSCF,P-200:PCSCF,SCSCF,C:MTAS,SCSCF,C:SCSCF,MTAS,C-200:SCSCF,GTW,C:GTW,SCSCF,C-200:GTW,SCSCF,I-487:SCSCF,GTW,A:SCSCF,PCSCF,C-200:SCSCF,MTAS,I-487:MTAS,SCSCF,A:SCSCF,PCSCF,I-487:PCSCF,SCSCF,A"
294,294,0,1,0.31517017,"PCSCF,SCSCF,I:SCSCF,PCSCF,T:SCSCF,PCSCF,I-407:PCSCF,SCSCF,A:PCSCF,SCSCF,I:SCSCF,PCSCF,T:SCSCF,ASLI,I:ASLI,SCSCF,T:ASLI,SCSCF,I-500:SCSCF,ASLI,A:MTAS,SCSCF,I:SCSCF,MTAS,T:SCSCF,ASLI,I:ASLI,SCSCF,T:ASLI,SCSCF,I-500:SCSCF,ASLI,A:SCSCF,MTAS,I:MTAS,SCSCF,T:MTAS,SCSCF,I:SCSCF,MTAS,T:SCSCF,PCSCF,I:PCSCF,SCSCF,T:PCSCF,SCSCF,R:SCSCF,MTAS,R:MTAS,SCSCF,R:SCSCF,MTAS,R:SCSCF,PCSCF,R:PCSCF,SCSCF,P:MTAS,SCSCF,P:SCSCF,MTAS,P:MTAS,SCSCF,P:SCSCF,PCSCF,P:PCSCF,SCSCF,P-200:SCSCF,MTAS,P-200:MTAS,SCSCF,P-200:SCSCF,MTAS,P-200:SCSCF,PCSCF,P-200:PCSCF,SCSCF,I-200:SCSCF,MTAS,I-200:MTAS,SCSCF,I-200:SCSCF,MTAS,I-200:SCSCF,PCSCF,I-200:PCSCF,SCSCF,A:MTAS,SCSCF,A:SCSCF,MTAS,A:MTAS,SCSCF,A:SCSCF,PCSCF,A:MTAS,SCSCF,U:SCSCF,PCSCF,U:PCSCF,SCSCF,U-200:SCSCF,PCSCF,U:SCSCF,MTAS,U-200:MTAS,SCSCF,U:PCSCF,SCSCF,U-200:SCSCF,MTAS,U-200:MTAS,SCSCF,U:SCSCF,PCSCF,U:SCSCF,MTAS,U-200:PCSCF,SCSCF,U-200:SCSCF,PCSCF,U:SCSCF,MTAS,U-200:PCSCF,SCSCF,U-200:SCSCF,MTAS,U-200:PCSCF,SCSCF,B:MTAS,SCSCF,B:SCSCF,MTAS,B:MTAS,SCSCF,B:SCSCF,PCSCF,B:PCSCF,SCSCF,B-200:SCSCF,MTAS,B-200:MTAS,SCSCF,B-200:SCSCF,MTAS,B-200:SCSCF,PCSCF,B-200"
295,295,0,1,0.280414,"PCSCF,SCSCF,I:SCSCF,PCSCF,T:SCSCF,ASLI,I:ASLI,SCSCF,T:ASLI,SCSCF,I-500:SCSCF,ASLI,A:MTAS,SCSCF,I:SCSCF,MTAS,T:SCSCF,GTW,I:GTW,SCSCF,T:GTW,SCSCF,S:SCSCF,MTAS,S:SCSCF,PCSCF,S:PCSCF,SCSCF,P:MTAS,SCSCF,P:SCSCF,GTW,P:GTW,SCSCF,P-200:SCSCF,MTAS,P-200:SCSCF,PCSCF,P-200:GTW,SCSCF,R:SCSCF,MTAS,R:SCSCF,PCSCF,R:PCSCF,SCSCF,P:MTAS,SCSCF,P:SCSCF,GTW,P:GTW,SCSCF,P-200:SCSCF,MTAS,P-200:SCSCF,PCSCF,P-200:PCSCF,SCSCF,C:MTAS,SCSCF,C:SCSCF,MTAS,C-200:SCSCF,GTW,C:GTW,SCSCF,C-200:GTW,SCSCF,I-487:SCSCF,GTW,A:SCSCF,MTAS,I-487:MTAS,SCSCF,A:SCSCF,PCSCF,C-200:SCSCF,PCSCF,I-487:PCSCF,SCSCF,A"
296,296,0,1,0.1708138,"PCSCF,SCSCF,I:SCSCF,ASLI,I:SCSCF,PCSCF,T:ASLI,SCSCF,T:ASLI,SCSCF,I-500:SCSCF,ASLI,A:MTAS,SCSCF,I:SCSCF,MTAS,T:SCSCF,GTW,I:GTW,SCSCF,T:GTW,SCSCF,S:SCSCF,MTAS,S:SCSCF,PCSCF,S:PCSCF,SCSCF,P:SCSCF,MTAS,P:MTAS,SCSCF,P:SCSCF,GTW,P:GTW,SCSCF,P-200:GTW,SCSCF,S:SCSCF,MTAS,S:SCSCF,MTAS,P-200:MTAS,SCSCF,P-200:SCSCF,PCSCF,P-200:SCSCF,PCSCF,S:PCSCF,SCSCF,P:SCSCF,MTAS,P:MTAS,SCSCF,P:SCSCF,GTW,P:GTW,SCSCF,P-200:SCSCF,MTAS,P-200:MTAS,SCSCF,P-200:GTW,SCSCF,R:SCSCF,MTAS,R:SCSCF,PCSCF,P-200:SCSCF,PCSCF,R:PCSCF,SCSCF,P:SCSCF,MTAS,P:MTAS,SCSCF,P:SCSCF,GTW,P:GTW,SCSCF,P-200:SCSCF,MTAS,P-200:MTAS,SCSCF,P-200:SCSCF,PCSCF,P-200:GTW,SCSCF,I-200:SCSCF,MTAS,I-200:SCSCF,PCSCF,I-200:PCSCF,SCSCF,A:SCSCF,MTAS,A:MTAS,SCSCF,A:SCSCF,GTW,A:PCSCF,SCSCF,B:SCSCF,MTAS,B:MTAS,SCSCF,B:SCSCF,GTW,B:GTW,SCSCF,B-200:SCSCF,MTAS,B-200:MTAS,SCSCF,B-200:SCSCF,PCSCF,B-200"
297,297,0,1,0.82371837,"PCSCF,SCSCF,I:SCSCF,PCSCF,T:SCSCF,ASLI,I:ASLI,SCSCF,T:ASLI,SCSCF,I-500:SCSCF,ASLI,A:MTAS,SCSCF,I:SCSCF,MTAS,T:SCSCF,GTW,I:GTW,SCSCF,T:GTW,SCSCF,S:SCSCF,PCSCF,S:SCSCF,MTAS,S:PCSCF,SCSCF,P:MTAS,SCSCF,P:SCSCF,GTW,P:GTW,SCSCF,P-200:SCSCF,MTAS,P-200:SCSCF,PCSCF,P-200:GTW,SCSCF,R:SCSCF,MTAS,R:SCSCF,PCSCF,R:PCSCF,SCSCF,P:MTAS,SCSCF,P:SCSCF,GTW,P:GTW,SCSCF,P-200:SCSCF,MTAS,P-200:SCSCF,PCSCF,P-200:GTW,SCSCF,I-200:SCSCF,MTAS,I-200:SCSCF,PCSCF,I-200:PCSCF,SCSCF,A:SCSCF,MTAS,A:SCSCF,GTW,A:MTAS,SCSCF,A:PCSCF,SCSCF,B:SCSCF,MTAS,B:MTAS,SCSCF,B:SCSCF,GTW,B:GTW,SCSCF,B-200:SCSCF,MTAS,B-200:MTAS,SCSCF,B-200:SCSCF,PCSCF,B-200"
298,298,0,0,0.9976762,"GTW,ICSCF,I:ICSCF,GTW,T:SCSCF,ASLI,I:ASLI,SCSCF,T:ASLI,SCSCF,I-500:SCSCF,ASLI,A:SCSCF,MTAS,I:MTAS,SCSCF,I:SCSCF,MTAS,T:SCSCF,PCSCF,I:PCSCF,SCSCF,T:PCSCF,SCSCF,R:MTAS,SCSCF,T:SCSCF,MTAS,R:MTAS,SCSCF,R:ICSCF,GTW,R:GTW,SCSCF,P:SCSCF,MTAS,P:MTAS,SCSCF,P:SCSCF,PCSCF,P:PCSCF,SCSCF,P-200:SCSCF,MTAS,P-200:MTAS,SCSCF,P-200:SCSCF,GTW,P-200:PCSCF,SCSCF,I-200:SCSCF,MTAS,I-200:MTAS,SCSCF,I-200:ICSCF,GTW,I-200:GTW,SCSCF,A:SCSCF,MTAS,A:MTAS,SCSCF,A:SCSCF,PCSCF,A:PCSCF,SCSCF,B:SCSCF,MTAS,B:MTAS,SCSCF,B:SCSCF,GTW,B:GTW,SCSCF,B-200:SCSCF,MTAS,B-200:MTAS,SCSCF,B-200:SCSCF,PCSCF,B-200"
299,299,0,1,0.4882641,"PCSCF,SCSCF,I:SCSCF,PCSCF,T:SCSCF,ASLI,I:ASLI,SCSCF,T:ASLI,SCSCF,I-500:SCSCF,ASLI,A:MTAS,SCSCF,I:SCSCF,MTAS,T:SCSCF,GTW,I:GTW,SCSCF,T:GTW,SCSCF,S:SCSCF,MTAS,S:SCSCF,PCSCF,S:PCSCF,SCSCF,P:MTAS,SCSCF,P:SCSCF,GTW,P:GTW,SCSCF,P-200:SCSCF,MTAS,P-200:SCSCF,PCSCF,P-200:GTW,SCSCF,R:SCSCF,MTAS,R:SCSCF,PCSCF,R:PCSCF,SCSCF,P:MTAS,SCSCF,P:SCSCF,GTW,P:GTW,SCSCF,P-200:SCSCF,MTAS,P-200:SCSCF,PCSCF,P-200:GTW,SCSCF,I-200:SCSCF,MTAS,I-200:SCSCF,PCSCF,I-200:PCSCF,SCSCF,A:SCSCF,MTAS,A:MTAS,SCSCF,A:SCSCF,GTW,A:MTAS,SCSCF,U:SCSCF,GTW,U:SCSCF,PCSCF,U:GTW,SCSCF,U-200:SCSCF,MTAS,U-200:PCSCF,SCSCF,U-200:SCSCF,MTAS,U-200:MTAS,SCSCF,U:SCSCF,GTW,U:SCSCF,PCSCF,U:GTW,SCSCF,U-200:SCSCF,MTAS,U-200:PCSCF,SCSCF,U-200:SCSCF,MTAS,U-200:MTAS,SCSCF,U:SCSCF,GTW,U:GTW,SCSCF,U-200:SCSCF,MTAS,U-200:MTAS,SCSCF,U:SCSCF,PCSCF,U:PCSCF,SCSCF,U-200:SCSCF,MTAS,U-200:PCSCF,SCSCF,B:SCSCF,MTAS,B:MTAS,SCSCF,B:SCSCF,GTW,B:GTW,SCSCF,B-200:SCSCF,MTAS,B-200:MTAS,SCSCF,B-200:SCSCF,PCSCF,B-200"
300,300,0,1,0.1770231,"PCSCF,SCSCF,I:SCSCF,PCSCF,T:SCSCF,ASLI,I:ASLI,SCSCF,T:ASLI,SCSCF,I-500:SCSCF,ASLI,A:MTAS,SCSCF,I:SCSCF,MTAS,T:SCSCF,GTW,I:GTW,SCSCF,T:GTW,SCSCF,S:SCSCF,MTAS,S:SCSCF,PCSCF,S:PCSCF,SCSCF,P:SCSCF,MTAS,P:MTAS,SCSCF,P:SCSCF,GTW,P:GTW,SCSCF,P-200:GTW,SCSCF,S:SCSCF,MTAS,P-200:SCSCF,MTAS,S:MTAS,SCSCF,P-200:SCSCF,PCSCF,P-200:SCSCF,PCSCF,S:PCSCF,SCSCF,P:SCSCF,MTAS,P:MTAS,SCSCF,P:SCSCF,GTW,P:GTW,SCSCF,P-200:SCSCF,MTAS,P-200:MTAS,SCSCF,P-200:SCSCF,PCSCF,P-200:GTW,SCSCF,R:SCSCF,MTAS,R:SCSCF,PCSCF,R:PCSCF,SCSCF,P:SCSCF,MTAS,P:MTAS,SCSCF,P:SCSCF,GTW,P:GTW,SCSCF,P-200:SCSCF,MTAS,P-200:MTAS,SCSCF,P-200:SCSCF,PCSCF,P-200:GTW,SCSCF,I-200:SCSCF,MTAS,I-200:SCSCF,PCSCF,I-200:PCSCF,SCSCF,A:SCSCF,MTAS,A:MTAS,SCSCF,A:SCSCF,GTW,A:MTAS,SCSCF,U:SCSCF,GTW,U:GTW,SCSCF,U-200:SCSCF,MTAS,U-200:MTAS,SCSCF,U:SCSCF,PCSCF,U:PCSCF,SCSCF,U-200:SCSCF,MTAS,U-200:PCSCF,SCSCF,B:SCSCF,MTAS,B:MTAS,SCSCF,B:SCSCF,GTW,B:GTW,SCSCF,B-200:SCSCF,MTAS,B-200:MTAS,SCSCF,B-200:SCSCF,PCSCF,B-200"
301,301,0,0,0.98077023,"GTW,ICSCF,I:ICSCF,GTW,T:SCSCF,ASLI,I:ASLI,SCSCF,T:ASLI,SCSCF,I-500:SCSCF,MTAS,I:SCSCF,ASLI,A:MTAS,SCSCF,I:SCSCF,MTAS,T:SCSCF,PCSCF,I:PCSCF,SCSCF,T:MTAS,SCSCF,T:PCSCF,SCSCF,R:SCSCF,MTAS,R:MTAS,SCSCF,R:ICSCF,GTW,R:GTW,SCSCF,P:SCSCF,MTAS,P:MTAS,SCSCF,P:SCSCF,PCSCF,P:PCSCF,SCSCF,P-200:SCSCF,MTAS,P-200:MTAS,SCSCF,P-200:SCSCF,GTW,P-200:PCSCF,SCSCF,I-200:SCSCF,MTAS,I-200:MTAS,SCSCF,I-200:ICSCF,GTW,I-200:GTW,SCSCF,A:SCSCF,MTAS,A:MTAS,SCSCF,A:SCSCF,PCSCF,A:PCSCF,SCSCF,B:SCSCF,MTAS,B:MTAS,SCSCF,B:SCSCF,GTW,B:GTW,SCSCF,B-200:SCSCF,MTAS,B-200:MTAS,SCSCF,B-200:SCSCF,PCSCF,B-200"
302,302,0,1,0.17795841,"PCSCF,SCSCF,I:SCSCF,PCSCF,T:SCSCF,PCSCF,I-407:PCSCF,SCSCF,A:PCSCF,SCSCF,I:SCSCF,PCSCF,T:SCSCF,ASLI,I:ASLI,SCSCF,T:ASLI,SCSCF,I-500:SCSCF,ASLI,A:MTAS,SCSCF,I:SCSCF,MTAS,T:SCSCF,GTW,I:GTW,SCSCF,T:GTW,SCSCF,S:SCSCF,MTAS,S:SCSCF,PCSCF,S:PCSCF,SCSCF,P:MTAS,SCSCF,P:SCSCF,GTW,P:GTW,SCSCF,P-200:GTW,SCSCF,S:SCSCF,MTAS,P-200:SCSCF,MTAS,S:SCSCF,PCSCF,P-200:SCSCF,PCSCF,S:PCSCF,SCSCF,P:MTAS,SCSCF,P:SCSCF,GTW,P:GTW,SCSCF,P-200:SCSCF,MTAS,P-200:SCSCF,PCSCF,P-200:GTW,SCSCF,R:SCSCF,MTAS,R:SCSCF,PCSCF,R:PCSCF,SCSCF,P:MTAS,SCSCF,P:SCSCF,GTW,P:GTW,SCSCF,P-200:SCSCF,MTAS,P-200:SCSCF,PCSCF,P-200:GTW,SCSCF,S:SCSCF,MTAS,S:SCSCF,PCSCF,S:PCSCF,SCSCF,P:MTAS,SCSCF,P:SCSCF,GTW,P:GTW,SCSCF,P-200:SCSCF,MTAS,P-200:SCSCF,PCSCF,P-200:GTW,SCSCF,S:SCSCF,MTAS,S:SCSCF,PCSCF,S:PCSCF,SCSCF,P:MTAS,SCSCF,P:SCSCF,GTW,P:GTW,SCSCF,P-200:SCSCF,MTAS,P-200:SCSCF,PCSCF,P-200:GTW,SCSCF,S:SCSCF,MTAS,S:SCSCF,PCSCF,S:PCSCF,SCSCF,P:MTAS,SCSCF,P:SCSCF,GTW,P:GTW,SCSCF,P-200:SCSCF,MTAS,P-200:SCSCF,PCSCF,P-200:PCSCF,SCSCF,C:SCSCF,PCSCF,C-200:MTAS,SCSCF,C:SCSCF,MTAS,C-200:SCSCF,GTW,C:GTW,SCSCF,C-200:GTW,SCSCF,I-487:SCSCF,GTW,A:SCSCF,MTAS,I-487:MTAS,SCSCF,A:SCSCF,PCSCF,I-487:PCSCF,SCSCF,A"
303,303,0,1,0.19901054,"PCSCF,SCSCF,I:SCSCF,PCSCF,T:SCSCF,ASLI,I:ASLI,SCSCF,T:ASLI,SCSCF,I-500:SCSCF,ASLI,A:MTAS,SCSCF,I:SCSCF,MTAS,T:SCSCF,GTW,I:GTW,SCSCF,T:GTW,SCSCF,S:SCSCF,MTAS,S:SCSCF,PCSCF,S:PCSCF,SCSCF,P:SCSCF,MTAS,P:MTAS,SCSCF,P:SCSCF,GTW,P:GTW,SCSCF,S:SCSCF,MTAS,S:GTW,SCSCF,P-200:SCSCF,MTAS,P-200:MTAS,SCSCF,P-200:SCSCF,PCSCF,P-200:GTW,SCSCF,R:SCSCF,MTAS,R:SCSCF,PCSCF,R:PCSCF,SCSCF,P:SCSCF,MTAS,P:MTAS,SCSCF,P:SCSCF,GTW,P:GTW,SCSCF,P-200:SCSCF,MTAS,P-200:MTAS,SCSCF,P-200:SCSCF,PCSCF,P-200:GTW,SCSCF,I-200:SCSCF,MTAS,I-200:SCSCF,PCSCF,I-200:PCSCF,SCSCF,A:SCSCF,MTAS,A:MTAS,SCSCF,A:SCSCF,GTW,A:PCSCF,SCSCF,B:SCSCF,MTAS,B:MTAS,SCSCF,B:SCSCF,GTW,B:GTW,SCSCF,B-200:SCSCF,MTAS,B-200:MTAS,SCSCF,B-200:SCSCF,PCSCF,B-200"
304,304,0,1,0.6894022,"PCSCF,SCSCF,I:SCSCF,PCSCF,T:SCSCF,PCSCF,I-407:PCSCF,SCSCF,A:PCSCF,SCSCF,I:SCSCF,PCSCF,T:SCSCF,ASLI,I:ASLI,SCSCF,T:ASLI,SCSCF,I-500:SCSCF,ASLI,A:MTAS,SCSCF,I:SCSCF,MTAS,T:SCSCF,GTW,I:GTW,SCSCF,T:GTW,SCSCF,S:SCSCF,MTAS,S:SCSCF,PCSCF,S:PCSCF,SCSCF,P:MTAS,SCSCF,P:SCSCF,GTW,P:GTW,SCSCF,P-200:SCSCF,MTAS,P-200:SCSCF,PCSCF,P-200:GTW,SCSCF,R:SCSCF,MTAS,R:SCSCF,PCSCF,R:PCSCF,SCSCF,P:MTAS,SCSCF,P:SCSCF,GTW,P:GTW,SCSCF,P-200:SCSCF,MTAS,P-200:SCSCF,PCSCF,P-200:PCSCF,SCSCF,C:SCSCF,PCSCF,C-200:MTAS,SCSCF,C:SCSCF,MTAS,C-200:SCSCF,GTW,C:GTW,SCSCF,C-200:GTW,SCSCF,I-487:SCSCF,GTW,A:SCSCF,MTAS,I-487:MTAS,SCSCF,A:SCSCF,PCSCF,I-487:PCSCF,SCSCF,A"
305,305,0,1,0.66667664,"GTW,ICSCF,I:ICSCF,GTW,T:SCSCF,ASLI,I:ASLI,SCSCF,T:ASLI,SCSCF,I-500:SCSCF,ASLI,A:SCSCF,MTAS,I:MTAS,SCSCF,T:MTAS,SCSCF,I:SCSCF,MTAS,T:SCSCF,PCSCF,I:PCSCF,SCSCF,T:PCSCF,SCSCF,R:SCSCF,MTAS,R:MTAS,SCSCF,R:ICSCF,GTW,R:GTW,SCSCF,P:SCSCF,MTAS,P:MTAS,SCSCF,P:SCSCF,PCSCF,P:PCSCF,SCSCF,P-200:SCSCF,MTAS,P-200:MTAS,SCSCF,P-200:SCSCF,GTW,P-200:PCSCF,SCSCF,I-200:SCSCF,MTAS,I-200:MTAS,SCSCF,I-200:ICSCF,GTW,I-200:GTW,SCSCF,A:SCSCF,MTAS,A:MTAS,SCSCF,A:SCSCF,PCSCF,A:MTAS,SCSCF,U:SCSCF,PCSCF,U:MTAS,SCSCF,U:PCSCF,SCSCF,U-200:SCSCF,GTW,U:SCSCF,MTAS,U-200:GTW,SCSCF,U-200:SCSCF,MTAS,U-200:GTW,SCSCF,B:SCSCF,MTAS,B:MTAS,SCSCF,B:SCSCF,PCSCF,B:PCSCF,SCSCF,B-200:SCSCF,MTAS,B-200:MTAS,SCSCF,B-200:SCSCF,GTW,B-200"
306,306,0,0,0.9960322,"GTW,ICSCF,I:ICSCF,GTW,T:SCSCF,ASLI,I:ASLI,SCSCF,T:ASLI,SCSCF,I-500:SCSCF,ASLI,A:SCSCF,MTAS,I:MTAS,SCSCF,T:MTAS,SCSCF,I:SCSCF,MTAS,T:SCSCF,PCSCF,I:PCSCF,SCSCF,T:PCSCF,SCSCF,R:SCSCF,MTAS,R:MTAS,SCSCF,R:ICSCF,GTW,R:SCSCF,MTAS,P:MTAS,SCSCF,P:SCSCF,PCSCF,P:GTW,SCSCF,P:PCSCF,SCSCF,P-200:SCSCF,MTAS,P-200:MTAS,SCSCF,P-200:SCSCF,GTW,P-200:PCSCF,SCSCF,I-200:SCSCF,MTAS,I-200:MTAS,SCSCF,I-200:ICSCF,GTW,I-200:GTW,SCSCF,A:SCSCF,MTAS,A:MTAS,SCSCF,A:SCSCF,PCSCF,A:GTW,SCSCF,B:SCSCF,MTAS,B:MTAS,SCSCF,B:SCSCF,PCSCF,B:PCSCF,SCSCF,B-200:SCSCF,MTAS,B-200:MTAS,SCSCF,B-200:SCSCF,GTW,B-200"
307,307,0,1,0.15934473,"PCSCF,SCSCF,I:SCSCF,PCSCF,T:SCSCF,ASLI,I:ASLI,SCSCF,T:ASLI,SCSCF,I-500:SCSCF,ASLI,A:MTAS,SCSCF,I:SCSCF,MTAS,T:SCSCF,GTW,I:GTW,SCSCF,T:GTW,SCSCF,S:SCSCF,MTAS,S:SCSCF,PCSCF,S:PCSCF,SCSCF,P:MTAS,SCSCF,P:SCSCF,GTW,P:GTW,SCSCF,P-200:SCSCF,MTAS,P-200:GTW,SCSCF,R:SCSCF,MTAS,R:SCSCF,PCSCF,P-200:SCSCF,PCSCF,R:PCSCF,SCSCF,P:MTAS,SCSCF,P:SCSCF,GTW,P:GTW,SCSCF,P-200:SCSCF,MTAS,P-200:SCSCF,PCSCF,P-200:GTW,SCSCF,I-200:SCSCF,MTAS,I-200:SCSCF,PCSCF,I-200:PCSCF,SCSCF,A:SCSCF,MTAS,A:MTAS,SCSCF,A:SCSCF,GTW,A:MTAS,SCSCF,U:SCSCF,GTW,U:SCSCF,PCSCF,U:GTW,SCSCF,U-200:SCSCF,MTAS,U-200:PCSCF,SCSCF,U-200:SCSCF,MTAS,U-200:MTAS,SCSCF,U:SCSCF,GTW,U:GTW,SCSCF,U-200:SCSCF,MTAS,U-200:MTAS,SCSCF,U:SCSCF,PCSCF,U:PCSCF,SCSCF,U-200:SCSCF,MTAS,U-200:MTAS,SCSCF,U:SCSCF,GTW,U:GTW,SCSCF,U-200:SCSCF,MTAS,U-200:MTAS,SCSCF,U:SCSCF,PCSCF,U:PCSCF,SCSCF,U-200:SCSCF,MTAS,U-200:MTAS,SCSCF,U:SCSCF,GTW,U:SCSCF,PCSCF,U:GTW,SCSCF,U-200:SCSCF,MTAS,U-200:PCSCF,SCSCF,U-200:SCSCF,MTAS,U-200:GTW,SCSCF,I:SCSCF,GTW,T:MTAS,SCSCF,I:SCSCF,MTAS,T:SCSCF,PCSCF,I:PCSCF,SCSCF,I-200:SCSCF,MTAS,I-200:SCSCF,GTW,I-200:GTW,SCSCF,A:MTAS,SCSCF,A:SCSCF,PCSCF,A:PCSCF,SCSCF,B:MTAS,SCSCF,B:SCSCF,GTW,B:GTW,SCSCF,B-200:SCSCF,MTAS,B-200:SCSCF,PCSCF,B-200"
308,308,0,1,0.32813916,"GTW,ICSCF,I:ICSCF,GTW,T:SCSCF,ASLI,I:ASLI,SCSCF,T:ASLI,SCSCF,I-500:SCSCF,ASLI,A:SCSCF,MTAS,I:MTAS,SCSCF,T:MTAS,SCSCF,I:SCSCF,MTAS,T:SCSCF,PCSCF,I:PCSCF,SCSCF,T:PCSCF,SCSCF,R:SCSCF,MTAS,R:MTAS,SCSCF,R:ICSCF,GTW,R:GTW,SCSCF,P:SCSCF,MTAS,P:MTAS,SCSCF,P:SCSCF,PCSCF,P:PCSCF,SCSCF,P-200:SCSCF,MTAS,P-200:MTAS,SCSCF,P-200:SCSCF,GTW,P-200:PCSCF,SCSCF,I-200:SCSCF,MTAS,I-200:MTAS,SCSCF,I-200:ICSCF,GTW,I-200:GTW,SCSCF,A:SCSCF,MTAS,A:MTAS,SCSCF,A:SCSCF,PCSCF,A:MTAS,SCSCF,U:SCSCF,PCSCF,U:PCSCF,SCSCF,U-200:SCSCF,MTAS,U-200:MTAS,SCSCF,U:SCSCF,GTW,U:GTW,SCSCF,U-200:SCSCF,MTAS,U-200:MTAS,SCSCF,U:SCSCF,PCSCF,U:PCSCF,SCSCF,U-200:SCSCF,MTAS,U-200:MTAS,SCSCF,U:SCSCF,GTW,U:GTW,SCSCF,U-200:SCSCF,MTAS,U-200:MTAS,SCSCF,U:SCSCF,PCSCF,U:PCSCF,SCSCF,U-200:SCSCF,MTAS,U-200:MTAS,SCSCF,U:SCSCF,GTW,U:GTW,SCSCF,U-200:SCSCF,MTAS,U-200:MTAS,SCSCF,U:SCSCF,PCSCF,U:PCSCF,SCSCF,U-200:SCSCF,MTAS,U-200:MTAS,SCSCF,U:SCSCF,GTW,U:GTW,SCSCF,U-200:SCSCF,MTAS,U-200:MTAS,SCSCF,U:SCSCF,PCSCF,U:SCSCF,GTW,U:GTW,SCSCF,U-200:SCSCF,MTAS,U-200:PCSCF,SCSCF,U-200:SCSCF,MTAS,U-200:GTW,SCSCF,U-200:MTAS,SCSCF,U:SCSCF,GTW,U:SCSCF,MTAS,U-200:SCSCF,PCSCF,U:PCSCF,SCSCF,U-200:SCSCF,MTAS,U-200:GTW,SCSCF,B:SCSCF,MTAS,B:MTAS,SCSCF,B:SCSCF,PCSCF,B:PCSCF,SCSCF,B-200:SCSCF,MTAS,B-200:MTAS,SCSCF,B-200:SCSCF,GTW,B-200"
309,309,0,1,0.45256016,"PCSCF,SCSCF,I:SCSCF,PCSCF,T:SCSCF,ASLI,I:ASLI,SCSCF,T:ASLI,SCSCF,I-500:SCSCF,ASLI,A:MTAS,SCSCF,I:SCSCF,MTAS,T:SCSCF,GTW,I:GTW,SCSCF,T:GTW,SCSCF,S:SCSCF,MTAS,S:SCSCF,PCSCF,S:GTW,SCSCF,S:SCSCF,MTAS,S:PCSCF,SCSCF,P:SCSCF,MTAS,P:MTAS,SCSCF,P:SCSCF,GTW,P:GTW,SCSCF,P-200:GTW,SCSCF,R:SCSCF,MTAS,P-200:SCSCF,MTAS,R:MTAS,SCSCF,P-200:SCSCF,PCSCF,P-200:SCSCF,PCSCF,R:PCSCF,SCSCF,P:SCSCF,MTAS,P:MTAS,SCSCF,P:SCSCF,GTW,P:GTW,SCSCF,P-200:SCSCF,MTAS,P-200:MTAS,SCSCF,P-200:SCSCF,PCSCF,P-200:GTW,SCSCF,S:SCSCF,MTAS,S:SCSCF,PCSCF,S:PCSCF,SCSCF,P:SCSCF,MTAS,P:MTAS,SCSCF,P:SCSCF,GTW,P:GTW,SCSCF,P-200:SCSCF,MTAS,P-200:MTAS,SCSCF,P-200:SCSCF,PCSCF,P-200:GTW,SCSCF,U:MTAS,SCSCF,U:SCSCF,PCSCF,U:PCSCF,SCSCF,U-200:SCSCF,MTAS,U-200:SCSCF,GTW,U-200:GTW,SCSCF,I-200:SCSCF,MTAS,I-200:SCSCF,PCSCF,I-200:GTW,SCSCF,I-200:SCSCF,MTAS,I-200:PCSCF,SCSCF,A:SCSCF,MTAS,A:MTAS,SCSCF,A:SCSCF,GTW,A:PCSCF,SCSCF,B:MTAS,SCSCF,B:SCSCF,GTW,B:GTW,SCSCF,B-200:SCSCF,MTAS,B-200:SCSCF,PCSCF,B-200"
310,310,0,1,0.7820179,"PCSCF,SCSCF,I:SCSCF,PCSCF,T:SCSCF,ASLI,I:ASLI,SCSCF,T:ASLI,SCSCF,I-500:SCSCF,ASLI,A:MTAS,SCSCF,I:SCSCF,MTAS,T:SCSCF,GTW,I:GTW,SCSCF,T:GTW,SCSCF,S:SCSCF,MTAS,S:SCSCF,PCSCF,S:PCSCF,SCSCF,P:SCSCF,MTAS,P:MTAS,SCSCF,P:SCSCF,GTW,P:GTW,SCSCF,P-200:SCSCF,MTAS,P-200:MTAS,SCSCF,P-200:SCSCF,PCSCF,P-200:GTW,SCSCF,S:SCSCF,MTAS,S:SCSCF,PCSCF,S:PCSCF,SCSCF,P:SCSCF,MTAS,P:MTAS,SCSCF,P:SCSCF,GTW,P:GTW,SCSCF,P-200:SCSCF,MTAS,P-200:MTAS,SCSCF,P-200:SCSCF,PCSCF,P-200:GTW,SCSCF,S:SCSCF,MTAS,S:SCSCF,PCSCF,S:PCSCF,SCSCF,P:SCSCF,MTAS,P:MTAS,SCSCF,P:SCSCF,GTW,P:GTW,SCSCF,P-200:SCSCF,MTAS,P-200:MTAS,SCSCF,P-200:SCSCF,PCSCF,P-200:GTW,SCSCF,I-200:SCSCF,MTAS,I-200:SCSCF,PCSCF,I-200:PCSCF,SCSCF,A:SCSCF,MTAS,A:MTAS,SCSCF,A:SCSCF,GTW,A:GTW,SCSCF,B:MTAS,SCSCF,B:SCSCF,PCSCF,B:PCSCF,SCSCF,B-200:SCSCF,MTAS,B-200:SCSCF,GTW,B-200"
311,311,0,0,0.98667264,"PCSCF,SCSCF,I:SCSCF,PCSCF,T:SCSCF,PCSCF,I-407:PCSCF,SCSCF,A:PCSCF,SCSCF,I:SCSCF,PCSCF,T:SCSCF,ASLI,I:ASLI,SCSCF,T:ASLI,SCSCF,I-500:MTAS,SCSCF,I:SCSCF,MTAS,T:SCSCF,ASLI,A:SCSCF,GTW,I:GTW,SCSCF,T:GTW,SCSCF,R:SCSCF,MTAS,R:SCSCF,PCSCF,R:PCSCF,SCSCF,P:MTAS,SCSCF,P:SCSCF,GTW,P:GTW,SCSCF,P-200:SCSCF,MTAS,P-200:SCSCF,PCSCF,P-200:GTW,SCSCF,I-200:SCSCF,MTAS,I-200:SCSCF,PCSCF,I-200:PCSCF,SCSCF,A:SCSCF,MTAS,A:MTAS,SCSCF,A:SCSCF,GTW,A:PCSCF,SCSCF,B:MTAS,SCSCF,B:SCSCF,GTW,B:GTW,SCSCF,B-200:SCSCF,MTAS,B-200:SCSCF,PCSCF,B-200"
312,312,0,1,0.29605076,"PCSCF,SCSCF,I:SCSCF,PCSCF,T:SCSCF,ASLI,I:ASLI,SCSCF,T:ASLI,SCSCF,I-500:SCSCF,ASLI,A:MTAS,SCSCF,I:SCSCF,MTAS,T:SCSCF,GTW,I:GTW,SCSCF,T:GTW,SCSCF,S:SCSCF,MTAS,S:SCSCF,PCSCF,S:PCSCF,SCSCF,P:MTAS,SCSCF,P:SCSCF,GTW,P:GTW,SCSCF,P-200:SCSCF,MTAS,P-200:SCSCF,PCSCF,P-200:GTW,SCSCF,R:SCSCF,MTAS,R:SCSCF,PCSCF,R:PCSCF,SCSCF,P:MTAS,SCSCF,P:SCSCF,GTW,P:GTW,SCSCF,P-200:SCSCF,MTAS,P-200:SCSCF,PCSCF,P-200:GTW,SCSCF,I-200:SCSCF,MTAS,I-200:SCSCF,PCSCF,I-200:PCSCF,SCSCF,A:SCSCF,MTAS,A:MTAS,SCSCF,A:SCSCF,GTW,A:GTW,SCSCF,B:PCSCF,SCSCF,B:MTAS,SCSCF,B:SCSCF,PCSCF,B-200:SCSCF,MTAS,B-481:SCSCF,GTW,B-200"
313,313,0,1,0.4063298,"PCSCF,SCSCF,I:SCSCF,PCSCF,T:SCSCF,PCSCF,I-407:PCSCF,SCSCF,A:PCSCF,SCSCF,I:SCSCF,PCSCF,T:SCSCF,ASLI,I:ASLI,SCSCF,T:ASLI,SCSCF,I-500:SCSCF,ASLI,A:MTAS,SCSCF,I:SCSCF,MTAS,T:SCSCF,GTW,I:GTW,SCSCF,T:GTW,SCSCF,R:SCSCF,MTAS,R:SCSCF,PCSCF,R:PCSCF,SCSCF,P:MTAS,SCSCF,P:SCSCF,GTW,P:GTW,SCSCF,P-200:SCSCF,MTAS,P-200:SCSCF,PCSCF,P-200:GTW,SCSCF,S:SCSCF,MTAS,S:SCSCF,PCSCF,S:PCSCF,SCSCF,P:MTAS,SCSCF,P:SCSCF,GTW,P:GTW,SCSCF,P-200:SCSCF,MTAS,P-200:SCSCF,PCSCF,P-200:GTW,SCSCF,I-480:SCSCF,GTW,A:SCSCF,MTAS,I-480:MTAS,SCSCF,A:SCSCF,PCSCF,I-480:PCSCF,SCSCF,A"
314,314,0,1,0.61433035,"PCSCF,SCSCF,I:SCSCF,PCSCF,T:SCSCF,PCSCF,I-407:PCSCF,SCSCF,A:PCSCF,SCSCF,I:SCSCF,ASLI,I:ASLI,SCSCF,T:ASLI,SCSCF,I-500:SCSCF,ASLI,A:MTAS,SCSCF,I:SCSCF,MTAS,T:SCSCF,GTW,I:GTW,SCSCF,T:SCSCF,PCSCF,T:GTW,SCSCF,I-484:SCSCF,GTW,A:SCSCF,MTAS,I-484:MTAS,SCSCF,A:SCSCF,PCSCF,I-484:PCSCF,SCSCF,A"
315,315,0,1,0.50912166,"PCSCF,SCSCF,I:SCSCF,PCSCF,T:SCSCF,ASLI,I:ASLI,SCSCF,T:ASLI,SCSCF,I-500:SCSCF,ASLI,A:MTAS,SCSCF,I:SCSCF,MTAS,T:SCSCF,GTW,I:GTW,SCSCF,T:GTW,SCSCF,S:SCSCF,MTAS,S:SCSCF,PCSCF,S:PCSCF,SCSCF,P:SCSCF,MTAS,P:MTAS,SCSCF,P:SCSCF,GTW,P:GTW,SCSCF,P-200:GTW,SCSCF,R:SCSCF,MTAS,P-200:SCSCF,MTAS,R:MTAS,SCSCF,P-200:SCSCF,PCSCF,P-200:SCSCF,PCSCF,R:PCSCF,SCSCF,P:SCSCF,MTAS,P:MTAS,SCSCF,P:SCSCF,GTW,P:GTW,SCSCF,P-200:SCSCF,MTAS,P-200:MTAS,SCSCF,P-200:SCSCF,PCSCF,P-200:GTW,SCSCF,I-200:SCSCF,MTAS,I-200:SCSCF,PCSCF,I-200:PCSCF,SCSCF,A:SCSCF,MTAS,A:MTAS,SCSCF,A:SCSCF,GTW,A:GTW,SCSCF,I:SCSCF,GTW,T:MTAS,SCSCF,I:SCSCF,MTAS,T:SCSCF,PCSCF,I:PCSCF,SCSCF,I-200:SCSCF,MTAS,I-200:SCSCF,GTW,I-200:GTW,SCSCF,A:MTAS,SCSCF,A:SCSCF,PCSCF,A:PCSCF,SCSCF,B:SCSCF,MTAS,B:MTAS,SCSCF,B:SCSCF,GTW,B:GTW,SCSCF,B-200:SCSCF,MTAS,B-200:MTAS,SCSCF,B-200:SCSCF,PCSCF,B-200"
316,316,0,1,0.84057266,"PCSCF,SCSCF,I:SCSCF,PCSCF,T:SCSCF,ASLI,I:ASLI,SCSCF,T:ASLI,SCSCF,I-500:SCSCF,ASLI,A:MTAS,SCSCF,I:SCSCF,MTAS,T:SCSCF,GTW,I:GTW,SCSCF,T:GTW,SCSCF,S:SCSCF,MTAS,S:SCSCF,PCSCF,S:PCSCF,SCSCF,P:MTAS,SCSCF,P:SCSCF,GTW,P:GTW,SCSCF,P-200:SCSCF,MTAS,P-200:SCSCF,PCSCF,P-200:PCSCF,SCSCF,C:MTAS,SCSCF,C:SCSCF,MTAS,C-200:SCSCF,GTW,C:GTW,SCSCF,C-200:GTW,SCSCF,I-487:SCSCF,GTW,A:SCSCF,MTAS,I-487:MTAS,SCSCF,A:SCSCF,PCSCF,C-200:SCSCF,PCSCF,I-487:PCSCF,SCSCF,A"
317,317,0,1,0.53646487,"PCSCF,SCSCF,I:SCSCF,ASLI,I:ASLI,SCSCF,T:SCSCF,PCSCF,T:ASLI,SCSCF,I-500:SCSCF,ASLI,A:MTAS,SCSCF,I:SCSCF,MTAS,T:SCSCF,GTW,I:GTW,SCSCF,T:GTW,SCSCF,S:SCSCF,MTAS,S:SCSCF,PCSCF,S:PCSCF,SCSCF,P:SCSCF,MTAS,P:MTAS,SCSCF,P:SCSCF,GTW,P:GTW,SCSCF,P-200:GTW,SCSCF,S:SCSCF,MTAS,S:SCSCF,MTAS,P-200:MTAS,SCSCF,P-200:SCSCF,PCSCF,P-200:SCSCF,PCSCF,S:PCSCF,SCSCF,P:SCSCF,MTAS,P:MTAS,SCSCF,P:SCSCF,GTW,P:GTW,SCSCF,P-200:GTW,SCSCF,S:SCSCF,MTAS,S:SCSCF,MTAS,P-200:MTAS,SCSCF,P-200:SCSCF,PCSCF,P-200:SCSCF,PCSCF,S:PCSCF,SCSCF,P:SCSCF,MTAS,P:MTAS,SCSCF,P:SCSCF,GTW,P:GTW,SCSCF,R:SCSCF,MTAS,R:GTW,SCSCF,P-200:SCSCF,MTAS,P-200:MTAS,SCSCF,P-200:SCSCF,PCSCF,P-200:SCSCF,PCSCF,R:PCSCF,SCSCF,P:SCSCF,MTAS,P:MTAS,SCSCF,P:SCSCF,GTW,P:GTW,SCSCF,P-200:SCSCF,MTAS,P-200:MTAS,SCSCF,P-200:SCSCF,PCSCF,P-200:GTW,SCSCF,I-200:SCSCF,MTAS,I-200:SCSCF,PCSCF,I-200:PCSCF,SCSCF,A:SCSCF,MTAS,A:MTAS,SCSCF,A:SCSCF,GTW,A:GTW,SCSCF,B:MTAS,SCSCF,B:SCSCF,PCSCF,B:PCSCF,SCSCF,B-200:SCSCF,MTAS,B-200:SCSCF,GTW,B-200"
318,318,0,1,0.49920708,"PCSCF,SCSCF,I:SCSCF,ASLI,I:ASLI,SCSCF,T:ASLI,SCSCF,I-500:SCSCF,ASLI,A:MTAS,SCSCF,I:SCSCF,MTAS,T:SCSCF,PCSCF,T:SCSCF,ASLI,I:ASLI,SCSCF,T:ASLI,SCSCF,I-500:SCSCF,ASLI,A:SCSCF,MTAS,I:MTAS,SCSCF,T:MTAS,SCSCF,I:SCSCF,MTAS,T:SCSCF,PCSCF,I:PCSCF,SCSCF,T:PCSCF,SCSCF,R:SCSCF,MTAS,R:MTAS,SCSCF,R:SCSCF,MTAS,R:SCSCF,PCSCF,R:PCSCF,SCSCF,P:MTAS,SCSCF,P:SCSCF,MTAS,P:MTAS,SCSCF,P:SCSCF,PCSCF,P:PCSCF,SCSCF,P-200:SCSCF,MTAS,P-200:MTAS,SCSCF,P-200:SCSCF,MTAS,P-200:SCSCF,PCSCF,P-200:PCSCF,SCSCF,I-200:SCSCF,MTAS,I-200:MTAS,SCSCF,I-200:SCSCF,MTAS,I-200:SCSCF,PCSCF,I-200:PCSCF,SCSCF,A:MTAS,SCSCF,A:SCSCF,MTAS,A:MTAS,SCSCF,A:SCSCF,PCSCF,A:PCSCF,SCSCF,B:MTAS,SCSCF,B:SCSCF,MTAS,B:MTAS,SCSCF,B:SCSCF,PCSCF,B:PCSCF,SCSCF,B-200:SCSCF,MTAS,B-200:MTAS,SCSCF,B-200:SCSCF,MTAS,B-200:SCSCF,PCSCF,B-200"
319,319,0,1,0.59211326,"PCSCF,SCSCF,I:SCSCF,PCSCF,T:SCSCF,ASLI,I:ASLI,SCSCF,T:ASLI,SCSCF,I-500:SCSCF,ASLI,A:MTAS,SCSCF,I:SCSCF,MTAS,T:SCSCF,GTW,I:GTW,SCSCF,T:GTW,SCSCF,R:SCSCF,MTAS,R:SCSCF,PCSCF,R:GTW,SCSCF,R:SCSCF,MTAS,R:PCSCF,SCSCF,P:MTAS,SCSCF,P:SCSCF,GTW,P:GTW,SCSCF,P-200:SCSCF,MTAS,P-200:SCSCF,PCSCF,P-200:GTW,SCSCF,I-200:SCSCF,MTAS,I-200:SCSCF,PCSCF,I-200:GTW,SCSCF,I-200:SCSCF,MTAS,I-200:PCSCF,SCSCF,A:SCSCF,MTAS,A:MTAS,SCSCF,A:SCSCF,GTW,A:GTW,SCSCF,I:SCSCF,GTW,T:MTAS,SCSCF,I:SCSCF,MTAS,T:SCSCF,PCSCF,I:PCSCF,SCSCF,I-200:SCSCF,MTAS,I-200:SCSCF,GTW,I-200:GTW,SCSCF,A:MTAS,SCSCF,A:SCSCF,PCSCF,A:GTW,SCSCF,B:MTAS,SCSCF,B:SCSCF,PCSCF,B:PCSCF,SCSCF,B-200:SCSCF,MTAS,B-200:SCSCF,GTW,B-200"
320,320,0,1,0.6172469,"PCSCF,SCSCF,I:SCSCF,PCSCF,T:SCSCF,PCSCF,I-407:PCSCF,SCSCF,A:PCSCF,SCSCF,I:SCSCF,ASLI,I:SCSCF,PCSCF,T:ASLI,SCSCF,T:ASLI,SCSCF,I-500:SCSCF,ASLI,A:MTAS,SCSCF,I:SCSCF,MTAS,T:SCSCF,GTW,I:GTW,SCSCF,T:GTW,SCSCF,S:SCSCF,MTAS,S:SCSCF,PCSCF,S:PCSCF,SCSCF,P:MTAS,SCSCF,P:SCSCF,GTW,P:GTW,SCSCF,P-200:SCSCF,MTAS,P-200:SCSCF,PCSCF,P-200:PCSCF,SCSCF,C:MTAS,SCSCF,C:SCSCF,MTAS,C-200:SCSCF,GTW,C:SCSCF,PCSCF,C-200:GTW,SCSCF,C-200:GTW,SCSCF,I-487:SCSCF,GTW,A:SCSCF,MTAS,I-487:MTAS,SCSCF,A:SCSCF,PCSCF,I-487:PCSCF,SCSCF,A"
321,321,0,1,0.50670743,"PCSCF,SCSCF,I:SCSCF,PCSCF,T:SCSCF,PCSCF,I-407:PCSCF,SCSCF,A:PCSCF,SCSCF,I:SCSCF,PCSCF,T:SCSCF,ASLI,I:ASLI,SCSCF,T:ASLI,SCSCF,I-500:SCSCF,ASLI,A:MTAS,SCSCF,I:SCSCF,MTAS,T:SCSCF,GTW,I:GTW,SCSCF,T:GTW,SCSCF,R:SCSCF,MTAS,R:SCSCF,PCSCF,R:PCSCF,SCSCF,P:MTAS,SCSCF,P:SCSCF,GTW,P:GTW,SCSCF,P-200:SCSCF,MTAS,P-200:SCSCF,PCSCF,P-200:PCSCF,SCSCF,C:MTAS,SCSCF,C:SCSCF,MTAS,C-200:SCSCF,GTW,C:GTW,SCSCF,C-200:SCSCF,PCSCF,C-200:GTW,SCSCF,I-487:SCSCF,GTW,A:SCSCF,MTAS,I-487:MTAS,SCSCF,A:SCSCF,PCSCF,I-487:PCSCF,SCSCF,A"
322,322,0,0,0.99815077,"GTW,ICSCF,I:ICSCF,GTW,T:SCSCF,ASLI,I:ASLI,SCSCF,T:ASLI,SCSCF,I-500:SCSCF,ASLI,A:SCSCF,BCCAS,I:BCCAS,SCSCF,T:BCCAS,SCSCF,I:SCSCF,BCCAS,T:SCSCF,PCSCF,I:PCSCF,SCSCF,T:PCSCF,SCSCF,I-486:SCSCF,PCSCF,A:SCSCF,BCCAS,I-486:BCCAS,SCSCF,A:BCCAS,SCSCF,I-486:SCSCF,BCCAS,A:ICSCF,GTW,I-486:GTW,ICSCF,A"
323,323,0,1,0.23936354,"PCSCF,SCSCF,I:SCSCF,PCSCF,T:SCSCF,ASLI,I:ASLI,SCSCF,T:ASLI,SCSCF,I-500:SCSCF,ASLI,A:MTAS,SCSCF,I:SCSCF,MTAS,T:SCSCF,GTW,I:GTW,SCSCF,T:GTW,SCSCF,S:SCSCF,MTAS,S:SCSCF,PCSCF,S:PCSCF,SCSCF,P:MTAS,SCSCF,P:SCSCF,GTW,P:GTW,SCSCF,P-200:GTW,SCSCF,S:SCSCF,MTAS,S:SCSCF,MTAS,P-200:SCSCF,PCSCF,P-200:SCSCF,PCSCF,S:PCSCF,SCSCF,P:MTAS,SCSCF,P:SCSCF,GTW,P:GTW,SCSCF,P-200:SCSCF,MTAS,P-200:GTW,SCSCF,R:SCSCF,MTAS,R:SCSCF,PCSCF,P-200:SCSCF,PCSCF,R:PCSCF,SCSCF,P:MTAS,SCSCF,P:SCSCF,GTW,P:GTW,SCSCF,P-200:SCSCF,MTAS,P-200:SCSCF,PCSCF,P-200:PCSCF,SCSCF,C:MTAS,SCSCF,C:SCSCF,MTAS,C-200:SCSCF,GTW,C:GTW,SCSCF,C-200:GTW,SCSCF,I-487:SCSCF,GTW,A:SCSCF,MTAS,I-487:MTAS,SCSCF,A:SCSCF,PCSCF,C-200:SCSCF,PCSCF,I-487:PCSCF,SCSCF,A"
324,324,0,1,0.1439342,"PCSCF,SCSCF,I:SCSCF,PCSCF,T:SCSCF,ASLI,I:ASLI,SCSCF,T:ASLI,SCSCF,I-500:SCSCF,ASLI,A:MTAS,SCSCF,I:SCSCF,MTAS,T:SCSCF,GTW,I:GTW,SCSCF,T:GTW,SCSCF,S:SCSCF,MTAS,S:SCSCF,PCSCF,S:PCSCF,SCSCF,P:SCSCF,MTAS,P:MTAS,SCSCF,P:SCSCF,GTW,P:GTW,SCSCF,P-200:SCSCF,MTAS,P-200:MTAS,SCSCF,P-200:SCSCF,PCSCF,P-200:GTW,SCSCF,R:SCSCF,MTAS,R:SCSCF,PCSCF,R:PCSCF,SCSCF,P:SCSCF,MTAS,P:MTAS,SCSCF,P:SCSCF,GTW,P:GTW,SCSCF,P-200:SCSCF,MTAS,P-200:MTAS,SCSCF,P-200:SCSCF,PCSCF,P-200:GTW,SCSCF,I-200:SCSCF,MTAS,I-200:SCSCF,PCSCF,I-200:PCSCF,SCSCF,A:SCSCF,MTAS,A:MTAS,SCSCF,A:SCSCF,GTW,A:MTAS,SCSCF,U:SCSCF,GTW,U:SCSCF,PCSCF,U:GTW,SCSCF,U-200:SCSCF,MTAS,U-200:PCSCF,SCSCF,U-200:SCSCF,MTAS,U-200:MTAS,SCSCF,U:SCSCF,GTW,U:GTW,SCSCF,U-200:SCSCF,MTAS,U-200:MTAS,SCSCF,U:SCSCF,PCSCF,U:PCSCF,SCSCF,U-200:SCSCF,MTAS,U-200:MTAS,SCSCF,U:SCSCF,GTW,U:SCSCF,PCSCF,U:GTW,SCSCF,U-200:SCSCF,MTAS,U-200:PCSCF,SCSCF,U-200:SCSCF,MTAS,U-200:MTAS,SCSCF,U:SCSCF,GTW,U:GTW,SCSCF,U-200:SCSCF,MTAS,U-200:MTAS,SCSCF,U:SCSCF,PCSCF,U:PCSCF,SCSCF,U-200:SCSCF,MTAS,U-200:MTAS,SCSCF,U:SCSCF,GTW,U:GTW,SCSCF,U-200:SCSCF,MTAS,U-200:MTAS,SCSCF,U:SCSCF,PCSCF,U:PCSCF,SCSCF,U-200:SCSCF,MTAS,U-200:MTAS,SCSCF,U:SCSCF,GTW,U:GTW,SCSCF,U-200:SCSCF,MTAS,U-200:MTAS,SCSCF,U:SCSCF,PCSCF,U:PCSCF,SCSCF,U-200:SCSCF,MTAS,U-200:MTAS,SCSCF,U:SCSCF,GTW,U:GTW,SCSCF,U-200:SCSCF,MTAS,U-200:MTAS,SCSCF,U:SCSCF,PCSCF,U:PCSCF,SCSCF,U-200:SCSCF,MTAS,U-200:MTAS,SCSCF,U:SCSCF,GTW,U:GTW,SCSCF,U-200:SCSCF,MTAS,U-200:MTAS,SCSCF,U:SCSCF,PCSCF,U:PCSCF,SCSCF,U-200:SCSCF,MTAS,U-200:MTAS,SCSCF,U:SCSCF,GTW,U:GTW,SCSCF,U-200:SCSCF,MTAS,U-200:MTAS,SCSCF,U:SCSCF,PCSCF,U:PCSCF,SCSCF,U-200:SCSCF,MTAS,U-200:MTAS,SCSCF,U:SCSCF,GTW,U:GTW,SCSCF,U-200:SCSCF,MTAS,U-200:MTAS,SCSCF,U:SCSCF,PCSCF,U:PCSCF,SCSCF,U-200:SCSCF,MTAS,U-200:GTW,SCSCF,B:MTAS,SCSCF,B:SCSCF,PCSCF,B:PCSCF,SCSCF,B-200:SCSCF,MTAS,B-200:SCSCF,GTW,B-200"
325,325,0,1,0.53159356,"PCSCF,SCSCF,I:SCSCF,PCSCF,T:SCSCF,ASLI,I:ASLI,SCSCF,T:ASLI,SCSCF,I-500:SCSCF,ASLI,A:MTAS,SCSCF,I:SCSCF,MTAS,T:SCSCF,GTW,I:GTW,SCSCF,T:GTW,SCSCF,S:SCSCF,MTAS,S:SCSCF,PCSCF,S:PCSCF,SCSCF,P:MTAS,SCSCF,P:SCSCF,GTW,P:GTW,SCSCF,P-200:GTW,SCSCF,R:SCSCF,MTAS,R:SCSCF,MTAS,P-200:SCSCF,PCSCF,P-200:SCSCF,PCSCF,R:PCSCF,SCSCF,P:MTAS,SCSCF,P:SCSCF,GTW,P:GTW,SCSCF,P-200:SCSCF,MTAS,P-200:SCSCF,PCSCF,P-200:GTW,SCSCF,I-200:SCSCF,MTAS,I-200:SCSCF,PCSCF,I-200:PCSCF,SCSCF,A:SCSCF,MTAS,A:MTAS,SCSCF,A:SCSCF,GTW,A:MTAS,SCSCF,U:GTW,SCSCF,U-200:SCSCF,MTAS,U-200:MTAS,SCSCF,U:SCSCF,PCSCF,U:SCSCF,GTW,U:PCSCF,SCSCF,U-200:SCSCF,MTAS,U-200:MTAS,SCSCF,U:SCSCF,GTW,U:SCSCF,PCSCF,U:GTW,SCSCF,U-200:SCSCF,MTAS,U-200:PCSCF,SCSCF,U-200:SCSCF,MTAS,U-200:PCSCF,SCSCF,B:MTAS,SCSCF,B:SCSCF,GTW,B:GTW,SCSCF,B-200:SCSCF,MTAS,B-200:SCSCF,PCSCF,B-200"
326,326,0,0,0.9921984,"PCSCF,SCSCF,I:SCSCF,PCSCF,T:SCSCF,PCSCF,I-407:PCSCF,SCSCF,A:PCSCF,SCSCF,I:SCSCF,ASLI,I:SCSCF,PCSCF,T:ASLI,SCSCF,T:ASLI,SCSCF,I-500:MTAS,SCSCF,I:SCSCF,MTAS,T:SCSCF,ASLI,A:SCSCF,GTW,I:GTW,SCSCF,T:GTW,SCSCF,I-484:SCSCF,GTW,A:SCSCF,MTAS,I-484:MTAS,SCSCF,A:SCSCF,PCSCF,I-484:PCSCF,SCSCF,A"
327,327,0,1,0.7303403,"PCSCF,SCSCF,I:SCSCF,PCSCF,T:SCSCF,PCSCF,I-407:PCSCF,SCSCF,A:PCSCF,SCSCF,I:SCSCF,PCSCF,T:SCSCF,BCCAS,I:BCCAS,SCSCF,T:BCCAS,SCSCF,I-500:SCSCF,BCCAS,A:SCSCF,ASLI,I:ASLI,SCSCF,T:ASLI,SCSCF,I-500:SCSCF,ASLI,A:SCSCF,BCCAS,I:BCCAS,SCSCF,T:BCCAS,SCSCF,I:SCSCF,BCCAS,T:SCSCF,GTW,I:GTW,SCSCF,T:GTW,SCSCF,R:SCSCF,BCCAS,R:BCCAS,SCSCF,R:SCSCF,PCSCF,R:PCSCF,SCSCF,P:SCSCF,BCCAS,P:BCCAS,SCSCF,P:SCSCF,GTW,P:GTW,SCSCF,P-200:SCSCF,BCCAS,P-200:BCCAS,SCSCF,P-200:SCSCF,PCSCF,P-200:GTW,SCSCF,I-200:SCSCF,BCCAS,I-200:BCCAS,SCSCF,I-200:SCSCF,PCSCF,I-200:PCSCF,SCSCF,A:SCSCF,BCCAS,A:BCCAS,SCSCF,A:SCSCF,GTW,A:PCSCF,SCSCF,I:SCSCF,BCCAS,I:BCCAS,SCSCF,T:BCCAS,SCSCF,I-200:SCSCF,PCSCF,T:SCSCF,PCSCF,I-200:PCSCF,SCSCF,A:SCSCF,BCCAS,A:GTW,SCSCF,B:SCSCF,BCCAS,B:BCCAS,SCSCF,B:SCSCF,PCSCF,B:PCSCF,SCSCF,B-200:SCSCF,BCCAS,B-200:BCCAS,SCSCF,B-200:SCSCF,GTW,B-200"
328,328,0,1,0.5348057,"PCSCF,SCSCF,I:SCSCF,ASLI,I:ASLI,SCSCF,T:SCSCF,PCSCF,T:ASLI,SCSCF,I-500:SCSCF,ASLI,A:MTAS,SCSCF,I:SCSCF,MTAS,T:SCSCF,GTW,I:GTW,SCSCF,T:GTW,SCSCF,S:SCSCF,MTAS,S:SCSCF,PCSCF,S:PCSCF,SCSCF,P:MTAS,SCSCF,P:SCSCF,GTW,P:GTW,SCSCF,P-200:SCSCF,MTAS,P-200:SCSCF,PCSCF,P-200:GTW,SCSCF,S:SCSCF,MTAS,S:SCSCF,PCSCF,S:PCSCF,SCSCF,P:MTAS,SCSCF,P:SCSCF,GTW,P:GTW,SCSCF,P-200:SCSCF,MTAS,P-200:SCSCF,PCSCF,P-200:GTW,SCSCF,R:SCSCF,MTAS,R:SCSCF,PCSCF,R:PCSCF,SCSCF,P:MTAS,SCSCF,P:SCSCF,GTW,P:GTW,SCSCF,P-200:SCSCF,MTAS,P-200:SCSCF,PCSCF,P-200:GTW,SCSCF,I-200:SCSCF,MTAS,I-200:SCSCF,PCSCF,I-200:PCSCF,SCSCF,A:SCSCF,MTAS,A:MTAS,SCSCF,A:SCSCF,GTW,A:PCSCF,SCSCF,B:SCSCF,MTAS,B:MTAS,SCSCF,B:SCSCF,GTW,B:GTW,SCSCF,B-200:SCSCF,MTAS,B-200:MTAS,SCSCF,B-200:SCSCF,PCSCF,B-200"
329,329,0,1,0.5976033,"PCSCF,SCSCF,I:SCSCF,ASLI,I:ASLI,SCSCF,T:ASLI,SCSCF,I-500:SCSCF,ASLI,A:MTAS,SCSCF,I:SCSCF,MTAS,T:SCSCF,GTW,I:SCSCF,PCSCF,T:GTW,SCSCF,T:GTW,SCSCF,S:SCSCF,MTAS,S:SCSCF,PCSCF,S:GTW,SCSCF,S:SCSCF,MTAS,S:PCSCF,SCSCF,P:MTAS,SCSCF,P:SCSCF,GTW,P:GTW,SCSCF,P-200:SCSCF,MTAS,P-200:SCSCF,PCSCF,P-200:GTW,SCSCF,R:SCSCF,MTAS,R:SCSCF,PCSCF,R:PCSCF,SCSCF,P:MTAS,SCSCF,P:SCSCF,GTW,P:GTW,SCSCF,P-200:SCSCF,MTAS,P-200:SCSCF,PCSCF,P-200:PCSCF,SCSCF,C:MTAS,SCSCF,C:SCSCF,MTAS,C-200:SCSCF,GTW,C:SCSCF,PCSCF,C-200:GTW,SCSCF,C-200:GTW,SCSCF,I-487:SCSCF,GTW,A:SCSCF,MTAS,I-487:MTAS,SCSCF,A:SCSCF,PCSCF,I-487:PCSCF,SCSCF,A"
330,330,0,0,0.9738096,"PCSCF,SCSCF,I:SCSCF,PCSCF,T:SCSCF,ASLI,I:ASLI,SCSCF,T:ASLI,SCSCF,I-500:SCSCF,ASLI,A:MTAS,SCSCF,I:SCSCF,MTAS,T:SCSCF,GTW,I:GTW,SCSCF,T:GTW,SCSCF,R:SCSCF,MTAS,R:SCSCF,PCSCF,R:PCSCF,SCSCF,P:SCSCF,MTAS,P:MTAS,SCSCF,P:SCSCF,GTW,P:GTW,SCSCF,P-200:SCSCF,MTAS,P-200:MTAS,SCSCF,P-200:SCSCF,PCSCF,P-200:PCSCF,SCSCF,C:MTAS,SCSCF,C:SCSCF,MTAS,C-200:SCSCF,GTW,C:GTW,SCSCF,C-200:GTW,SCSCF,I-487:SCSCF,GTW,A:SCSCF,MTAS,I-487:MTAS,SCSCF,A:SCSCF,PCSCF,C-200:SCSCF,PCSCF,I-487:PCSCF,SCSCF,A"
331,331,0,0,0.958238,"GTW,ICSCF,I:ICSCF,GTW,T:SCSCF,ASLI,I:ASLI,SCSCF,T:ASLI,SCSCF,I-500:SCSCF,ASLI,A:SCSCF,MTAS,I:MTAS,SCSCF,T:MTAS,SCSCF,I:SCSCF,MTAS,T:SCSCF,PCSCF,I:PCSCF,SCSCF,T:PCSCF,SCSCF,I-486:SCSCF,PCSCF,A:SCSCF,MTAS,I-486:MTAS,SCSCF,I-486:SCSCF,MTAS,A:ICSCF,GTW,I-486:MTAS,SCSCF,A:GTW,ICSCF,A"
332,332,0,0,0.91406965,"PCSCF,SCSCF,I:SCSCF,PCSCF,T:SCSCF,ASLI,I:ASLI,SCSCF,T:ASLI,SCSCF,I-500:SCSCF,ASLI,A:MTAS,SCSCF,I:SCSCF,MTAS,T:SCSCF,GTW,I:GTW,SCSCF,T:GTW,SCSCF,R:SCSCF,MTAS,R:SCSCF,PCSCF,R:PCSCF,SCSCF,P:SCSCF,MTAS,P:MTAS,SCSCF,P:SCSCF,GTW,P:GTW,SCSCF,P-200:SCSCF,MTAS,P-200:MTAS,SCSCF,P-200:SCSCF,PCSCF,P-200:GTW,SCSCF,I-200:SCSCF,MTAS,I-200:SCSCF,PCSCF,I-200:PCSCF,SCSCF,A:SCSCF,MTAS,A:MTAS,SCSCF,A:SCSCF,GTW,A:GTW,SCSCF,B:MTAS,SCSCF,B:SCSCF,PCSCF,B:PCSCF,SCSCF,B-200:SCSCF,MTAS,B-200:SCSCF,GTW,B-200"
333,333,0,1,0.275523,"PCSCF,SCSCF,I:SCSCF,PCSCF,T:SCSCF,ASLI,I:ASLI,SCSCF,T:ASLI,SCSCF,I-500:SCSCF,ASLI,A:MTAS,SCSCF,I:SCSCF,MTAS,T:SCSCF,ASLI,I:ASLI,SCSCF,T:ASLI,SCSCF,I-500:SCSCF,ASLI,A:SCSCF,MTAS,I:MTAS,SCSCF,T:MTAS,SCSCF,I:SCSCF,MTAS,T:SCSCF,PCSCF,I:PCSCF,SCSCF,T:PCSCF,SCSCF,R:SCSCF,MTAS,R:MTAS,SCSCF,R:SCSCF,MTAS,R:SCSCF,PCSCF,R:PCSCF,SCSCF,P:MTAS,SCSCF,P:SCSCF,MTAS,P:MTAS,SCSCF,P:SCSCF,PCSCF,P:PCSCF,SCSCF,P-200:SCSCF,MTAS,P-200:MTAS,SCSCF,P-200:SCSCF,MTAS,P-200:SCSCF,PCSCF,P-200:PCSCF,SCSCF,I-200:SCSCF,MTAS,I-200:MTAS,SCSCF,I-200:SCSCF,MTAS,I-200:SCSCF,PCSCF,I-200:PCSCF,SCSCF,A:MTAS,SCSCF,A:SCSCF,MTAS,A:MTAS,SCSCF,A:SCSCF,PCSCF,A:MTAS,SCSCF,U:SCSCF,PCSCF,U:PCSCF,SCSCF,U-200:SCSCF,MTAS,U-200:MTAS,SCSCF,U:SCSCF,PCSCF,U:PCSCF,SCSCF,U-200:SCSCF,MTAS,U-200:MTAS,SCSCF,U:SCSCF,MTAS,U-200:MTAS,SCSCF,U:SCSCF,PCSCF,U:PCSCF,SCSCF,U-200:SCSCF,MTAS,U-200:MTAS,SCSCF,U:SCSCF,PCSCF,U:PCSCF,SCSCF,U-200:SCSCF,MTAS,U-200:MTAS,SCSCF,U:SCSCF,MTAS,U-200:MTAS,SCSCF,U:SCSCF,PCSCF,U:PCSCF,SCSCF,U-200:SCSCF,MTAS,U-200:MTAS,SCSCF,U:SCSCF,PCSCF,U:PCSCF,SCSCF,U-200:SCSCF,MTAS,U-200:MTAS,SCSCF,U:SCSCF,MTAS,U-200:MTAS,SCSCF,U:SCSCF,PCSCF,U:PCSCF,SCSCF,U-200:SCSCF,MTAS,U-200:MTAS,SCSCF,U:SCSCF,PCSCF,U:SCSCF,MTAS,U-200:PCSCF,SCSCF,U-200:SCSCF,MTAS,U-200:MTAS,SCSCF,U:SCSCF,PCSCF,U:MTAS,SCSCF,U:PCSCF,SCSCF,U-200:SCSCF,MTAS,U-200:MTAS,SCSCF,U:SCSCF,PCSCF,U:PCSCF,SCSCF,U-200:SCSCF,MTAS,U-200:MTAS,SCSCF,U:SCSCF,PCSCF,U:PCSCF,SCSCF,U-200:SCSCF,MTAS,U-200:MTAS,SCSCF,U:SCSCF,PCSCF,U:PCSCF,SCSCF,U-200:SCSCF,MTAS,U-200:MTAS,SCSCF,U:SCSCF,PCSCF,U:PCSCF,SCSCF,U-200:SCSCF,MTAS,U-200:MTAS,SCSCF,U:SCSCF,MTAS,U-200:MTAS,SCSCF,U:SCSCF,PCSCF,U:PCSCF,SCSCF,U-200:SCSCF,MTAS,U-200:MTAS,SCSCF,U:SCSCF,PCSCF,U:PCSCF,SCSCF,U-200:SCSCF,MTAS,U-200:MTAS,SCSCF,U:SCSCF,MTAS,U-200:MTAS,SCSCF,U:SCSCF,PCSCF,U:PCSCF,SCSCF,U-200:SCSCF,MTAS,U-200:MTAS,SCSCF,U:SCSCF,PCSCF,U:PCSCF,SCSCF,U-200:SCSCF,MTAS,U-200:MTAS,SCSCF,U:SCSCF,MTAS,U-200:MTAS,SCSCF,U:SCSCF,PCSCF,U:PCSCF,SCSCF,U-200:SCSCF,MTAS,U-200:MTAS,SCSCF,U:SCSCF,MTAS,U-200:MTAS,SCSCF,U:SCSCF,PCSCF,U:PCSCF,SCSCF,U-200:SCSCF,MTAS,U-200:MTAS,SCSCF,U:SCSCF,PCSCF,U:PCSCF,SCSCF,U-200:SCSCF,MTAS,U-200:MTAS,SCSCF,U:SCSCF,MTAS,U-200:MTAS,SCSCF,U:SCSCF,PCSCF,U:PCSCF,SCSCF,U-200:SCSCF,PCSCF,U:SCSCF,MTAS,U-200:PCSCF,SCSCF,U-200:SCSCF,MTAS,U-200:PCSCF,SCSCF,B:MTAS,SCSCF,B:SCSCF,MTAS,B:MTAS,SCSCF,B:SCSCF,PCSCF,B:PCSCF,SCSCF,B-200:SCSCF,MTAS,B-200:MTAS,SCSCF,B-200:SCSCF,MTAS,B-200:SCSCF,PCSCF,B-200"
334,334,0,0,0.9919689,"PCSCF,SCSCF,I:SCSCF,PCSCF,T:SCSCF,ASLI,I:ASLI,SCSCF,T:ASLI,SCSCF,I-500:SCSCF,ASLI,A:MTAS,SCSCF,I:SCSCF,MTAS,T:SCSCF,GTW,I:GTW,SCSCF,T:GTW,SCSCF,R:SCSCF,MTAS,R:SCSCF,PCSCF,R:PCSCF,SCSCF,P:MTAS,SCSCF,P:SCSCF,GTW,P:GTW,SCSCF,I-200:GTW,SCSCF,P-200:SCSCF,MTAS,I-200:SCSCF,MTAS,P-200:SCSCF,PCSCF,I-200:SCSCF,PCSCF,P-200:PCSCF,SCSCF,A:SCSCF,MTAS,A:MTAS,SCSCF,A:SCSCF,GTW,A:GTW,SCSCF,B:MTAS,SCSCF,B:SCSCF,PCSCF,B:PCSCF,SCSCF,B-200:SCSCF,MTAS,B-200:SCSCF,GTW,B-200"
335,335,0,0,0.93516964,"GTW,SCSCF,I:SCSCF,GTW,T:SCSCF,SLEVOOSP,I:SLEVOOSP,SCSCF,T:SLEVOOSP,SCSCF,I:SCSCF,SLEVOOSP,T:SCSCF,LBIMP,I:LBIMP,SCSCF,T:LBIMP,SCSCF,R:LBIMP,SCSCF,I-200:SCSCF,SLEVOOSP,R:SCSCF,SLEVOOSP,I-200:SLEVOOSP,SCSCF,S:SCSCF,GTW,S:GTW,SCSCF,P:SCSCF,SLEVOOSP,P:SLEVOOSP,SCSCF,P-200:SCSCF,GTW,P-200:SLEVOOSP,SCSCF,I-200:SCSCF,GTW,I-200:GTW,SCSCF,A:SCSCF,SLEVOOSP,A:SLEVOOSP,SCSCF,A:SCSCF,LBIMP,A:LBIMP,SCSCF,B:SCSCF,SLEVOOSP,B:SLEVOOSP,SCSCF,B-200:SCSCF,LBIMP,B-200:GTW,SCSCF,B:SCSCF,SLEVOOSP,B:SLEVOOSP,SCSCF,B-200:SCSCF,GTW,B-200"
336,336,0,0,0.96856326,"GTW,ICSCF,I:ICSCF,GTW,T:SCSCF,ASLI,I:ASLI,SCSCF,T:ASLI,SCSCF,I-500:SCSCF,ASLI,A:SCSCF,MTAS,I:MTAS,SCSCF,I:SCSCF,MTAS,T:SCSCF,PCSCF,I:PCSCF,SCSCF,T:MTAS,SCSCF,T:PCSCF,SCSCF,R:SCSCF,MTAS,R:MTAS,SCSCF,R:ICSCF,GTW,R:GTW,SCSCF,P:SCSCF,MTAS,P:MTAS,SCSCF,P:SCSCF,PCSCF,P:PCSCF,SCSCF,P-200:SCSCF,MTAS,P-200:MTAS,SCSCF,P-200:SCSCF,GTW,P-200:PCSCF,SCSCF,I-200:SCSCF,MTAS,I-200:MTAS,SCSCF,I-200:ICSCF,GTW,I-200:GTW,SCSCF,A:SCSCF,MTAS,A:MTAS,SCSCF,A:SCSCF,PCSCF,A:MTAS,SCSCF,U:SCSCF,PCSCF,U:PCSCF,SCSCF,U-200:SCSCF,MTAS,U-200:MTAS,SCSCF,U:SCSCF,GTW,U:GTW,SCSCF,U-200:SCSCF,MTAS,U-200:PCSCF,SCSCF,B:SCSCF,MTAS,B:MTAS,SCSCF,B:SCSCF,GTW,B:GTW,SCSCF,B-200:SCSCF,MTAS,B-200:MTAS,SCSCF,B-200:SCSCF,PCSCF,B-200"
337,337,0,1,0.5696226,"PCSCF,SCSCF,I:SCSCF,ASLI,I:SCSCF,PCSCF,T:ASLI,SCSCF,T:ASLI,SCSCF,I-500:SCSCF,ASLI,A:MTAS,SCSCF,I:SCSCF,MTAS,T:SCSCF,GTW,I:GTW,SCSCF,T:GTW,SCSCF,S:SCSCF,MTAS,S:SCSCF,PCSCF,S:PCSCF,SCSCF,P:MTAS,SCSCF,P:SCSCF,GTW,P:GTW,SCSCF,P-200:SCSCF,MTAS,P-200:SCSCF,PCSCF,P-200:GTW,SCSCF,R:SCSCF,MTAS,R:SCSCF,PCSCF,R:PCSCF,SCSCF,P:MTAS,SCSCF,P:SCSCF,GTW,P:GTW,SCSCF,P-200:SCSCF,MTAS,P-200:SCSCF,PCSCF,P-200:GTW,SCSCF,W:SCSCF,MTAS,W:SCSCF,PCSCF,W:GTW,SCSCF,I-486:SCSCF,GTW,A:SCSCF,MTAS,I-486:MTAS,SCSCF,A:SCSCF,PCSCF,I-486:PCSCF,SCSCF,P:PCSCF,SCSCF,A:SCSCF,PCSCF,P-481"
338,338,0,1,0.7186457,"PCSCF,SCSCF,I:SCSCF,PCSCF,T:SCSCF,PCSCF,I-407:PCSCF,SCSCF,A:PCSCF,SCSCF,I:SCSCF,PCSCF,T:SCSCF,ASLI,I:ASLI,SCSCF,T:ASLI,SCSCF,I-500:SCSCF,ASLI,A:MTAS,SCSCF,I:SCSCF,MTAS,T:SCSCF,GTW,I:GTW,SCSCF,T:GTW,SCSCF,S:SCSCF,MTAS,S:SCSCF,PCSCF,S:PCSCF,SCSCF,P:MTAS,SCSCF,P:SCSCF,GTW,P:GTW,SCSCF,P-200:GTW,SCSCF,S:SCSCF,MTAS,S:SCSCF,MTAS,P-200:SCSCF,PCSCF,P-200:SCSCF,PCSCF,S:PCSCF,SCSCF,P:MTAS,SCSCF,P:SCSCF,GTW,P:GTW,SCSCF,P-200:SCSCF,MTAS,P-200:SCSCF,PCSCF,P-200:GTW,SCSCF,I-200:SCSCF,MTAS,I-200:SCSCF,PCSCF,I-200:PCSCF,SCSCF,A:SCSCF,MTAS,A:MTAS,SCSCF,A:SCSCF,GTW,A:GTW,SCSCF,B:MTAS,SCSCF,B:SCSCF,PCSCF,B:PCSCF,SCSCF,B-200:SCSCF,MTAS,B-200:SCSCF,GTW,B-200"
339,339,0,1,0.2073452,"PCSCF,SCSCF,I:SCSCF,PCSCF,T:SCSCF,ASLI,I:ASLI,SCSCF,T:ASLI,SCSCF,I-500:SCSCF,ASLI,A:MTAS,SCSCF,I:SCSCF,MTAS,T:SCSCF,GTW,I:GTW,SCSCF,T:GTW,SCSCF,S:SCSCF,MTAS,S:SCSCF,PCSCF,S:PCSCF,SCSCF,P:MTAS,SCSCF,P:SCSCF,GTW,P:GTW,SCSCF,P-200:GTW,SCSCF,R:SCSCF,MTAS,P-200:SCSCF,MTAS,R:SCSCF,PCSCF,P-200:SCSCF,PCSCF,R:PCSCF,SCSCF,P:MTAS,SCSCF,P:SCSCF,GTW,P:GTW,SCSCF,P-200:GTW,SCSCF,S:SCSCF,MTAS,S:SCSCF,MTAS,P-200:SCSCF,PCSCF,P-200:SCSCF,PCSCF,S:PCSCF,SCSCF,P:MTAS,SCSCF,P:SCSCF,GTW,P:GTW,SCSCF,P-200:GTW,SCSCF,I-200:SCSCF,MTAS,P-200:SCSCF,MTAS,I-200:SCSCF,PCSCF,P-200:SCSCF,PCSCF,I-200:PCSCF,SCSCF,A:SCSCF,MTAS,A:MTAS,SCSCF,A:SCSCF,GTW,A:MTAS,SCSCF,U:SCSCF,GTW,U:SCSCF,PCSCF,U:GTW,SCSCF,U-200:SCSCF,MTAS,U-200:PCSCF,SCSCF,U-200:SCSCF,MTAS,U-200:MTAS,SCSCF,U:SCSCF,GTW,U:GTW,SCSCF,U-200:SCSCF,MTAS,U-200:MTAS,SCSCF,U:SCSCF,PCSCF,U:PCSCF,SCSCF,U-200:SCSCF,MTAS,U-200:GTW,SCSCF,B:MTAS,SCSCF,B:SCSCF,PCSCF,B:PCSCF,SCSCF,B-200:SCSCF,MTAS,B-200:SCSCF,GTW,B-200"
340,340,0,1,0.85271317,"MTAS,SCSCF,I:SCSCF,MTAS,T:SCSCF,PCSCF,I:PCSCF,SCSCF,T:PCSCF,SCSCF,R:SCSCF,MTAS,R:MTAS,SCSCF,P:SCSCF,PCSCF,P:PCSCF,SCSCF,P-200:SCSCF,MTAS,P-200:PCSCF,SCSCF,I-200:SCSCF,MTAS,I-200:MTAS,SCSCF,A:SCSCF,PCSCF,A:MTAS,SCSCF,U:SCSCF,PCSCF,U:PCSCF,SCSCF,U-200:SCSCF,MTAS,U-200:MTAS,SCSCF,B:SCSCF,PCSCF,B:PCSCF,SCSCF,B-200:SCSCF,MTAS,B-200"
341,341,0,1,0.8152391,"GTW,ICSCF,I:ICSCF,GTW,T:SCSCF,ASLI,I:ASLI,SCSCF,T:ASLI,SCSCF,I-500:SCSCF,ASLI,A:SCSCF,MTAS,I:MTAS,SCSCF,T:MTAS,SCSCF,I:SCSCF,MTAS,T:SCSCF,PCSCF,I:PCSCF,SCSCF,T:PCSCF,SCSCF,R:SCSCF,MTAS,R:MTAS,SCSCF,R:ICSCF,GTW,R:GTW,SCSCF,P:SCSCF,MTAS,P:MTAS,SCSCF,P:SCSCF,PCSCF,P:PCSCF,SCSCF,P-200:SCSCF,MTAS,P-200:MTAS,SCSCF,P-200:SCSCF,GTW,P-200:PCSCF,SCSCF,I-200:SCSCF,MTAS,I-200:MTAS,SCSCF,I-200:ICSCF,GTW,I-200:GTW,SCSCF,A:SCSCF,MTAS,A:MTAS,SCSCF,A:SCSCF,PCSCF,A:PCSCF,SCSCF,B:SCSCF,MTAS,B:GTW,SCSCF,B-200"
342,342,0,1,0.58682007,"GTW,ICSCF,I:ICSCF,GTW,T:SCSCF,ASLI,I:ASLI,SCSCF,T:ASLI,SCSCF,I-500:SCSCF,MTAS,I:MTAS,SCSCF,I:SCSCF,MTAS,T:MTAS,SCSCF,T:SCSCF,PCSCF,I:SCSCF,ASLI,A:PCSCF,SCSCF,T:PCSCF,SCSCF,R:SCSCF,MTAS,R:MTAS,SCSCF,R:ICSCF,GTW,R:GTW,SCSCF,P:SCSCF,MTAS,P:MTAS,SCSCF,P:SCSCF,PCSCF,P:PCSCF,SCSCF,P-200:SCSCF,MTAS,P-200:MTAS,SCSCF,P-200:SCSCF,GTW,P-200:PCSCF,SCSCF,I-200:SCSCF,MTAS,I-200:MTAS,SCSCF,I-200:ICSCF,GTW,I-200:GTW,SCSCF,A:SCSCF,MTAS,A:MTAS,SCSCF,A:SCSCF,PCSCF,A:GTW,SCSCF,B:SCSCF,MTAS,B:MTAS,SCSCF,B:SCSCF,PCSCF,B:PCSCF,SCSCF,B-200:SCSCF,MTAS,B-200:MTAS,SCSCF,B-200:SCSCF,GTW,B-200"
343,343,0,1,0.67657334,"GTW,ICSCF,I:ICSCF,GTW,T:SCSCF,ASLI,I:ASLI,SCSCF,T:ASLI,SCSCF,I-500:SCSCF,ASLI,A:SCSCF,MTAS,I:MTAS,SCSCF,T:MTAS,SCSCF,I:SCSCF,MTAS,T:SCSCF,PCSCF,I:PCSCF,SCSCF,T:PCSCF,SCSCF,R:SCSCF,MTAS,R:MTAS,SCSCF,R:ICSCF,GTW,R:GTW,SCSCF,P:SCSCF,MTAS,P:MTAS,SCSCF,P:SCSCF,PCSCF,P:PCSCF,SCSCF,P-200:SCSCF,MTAS,P-200:MTAS,SCSCF,P-200:SCSCF,GTW,P-200:PCSCF,SCSCF,I-200:SCSCF,MTAS,I-200:MTAS,SCSCF,I-200:ICSCF,GTW,I-200:GTW,SCSCF,A:SCSCF,MTAS,A:MTAS,SCSCF,A:SCSCF,PCSCF,A:MTAS,SCSCF,U:SCSCF,PCSCF,U:MTAS,SCSCF,U:SCSCF,GTW,U:PCSCF,SCSCF,U-200:SCSCF,MTAS,U-200:GTW,SCSCF,U-200:SCSCF,MTAS,U-200:MTAS,SCSCF,U:SCSCF,PCSCF,U:MTAS,SCSCF,U:SCSCF,GTW,U:PCSCF,SCSCF,U-200:SCSCF,MTAS,U-200:GTW,SCSCF,U-200:SCSCF,MTAS,U-200:GTW,SCSCF,B:SCSCF,MTAS,B:MTAS,SCSCF,B:SCSCF,PCSCF,B:PCSCF,SCSCF,B-200:SCSCF,MTAS,B-200:MTAS,SCSCF,B-200:SCSCF,GTW,B-200"
344,344,0,0,0.99039173,"PCSCF,SCSCF,I:SCSCF,PCSCF,T:SCSCF,ASLI,I:ASLI,SCSCF,T:ASLI,SCSCF,I-500:SCSCF,ASLI,A:MTAS,SCSCF,I:SCSCF,MTAS,T:SCSCF,GTW,I:GTW,SCSCF,T:GTW,SCSCF,R:SCSCF,MTAS,R:SCSCF,PCSCF,R:PCSCF,SCSCF,P:MTAS,SCSCF,P:SCSCF,GTW,P:GTW,SCSCF,P-200:SCSCF,MTAS,P-200:SCSCF,PCSCF,P-200:PCSCF,SCSCF,C:SCSCF,PCSCF,C-200:MTAS,SCSCF,C:SCSCF,MTAS,C-200:SCSCF,GTW,C:GTW,SCSCF,C-200:SCSCF,MTAS,I-487:MTAS,SCSCF,A:GTW,SCSCF,I-487:SCSCF,GTW,A:SCSCF,PCSCF,I-487:PCSCF,SCSCF,A"
345,345,0,1,0.55310833,"PCSCF,SCSCF,I:SCSCF,PCSCF,T:SCSCF,PCSCF,I-407:PCSCF,SCSCF,A:PCSCF,SCSCF,I:SCSCF,PCSCF,T:SCSCF,ASLI,I:ASLI,SCSCF,T:ASLI,SCSCF,I-500:SCSCF,ASLI,A:MTAS,SCSCF,I:SCSCF,MTAS,T:SCSCF,GTW,I:GTW,SCSCF,T:GTW,SCSCF,S:SCSCF,MTAS,S:SCSCF,PCSCF,S:PCSCF,SCSCF,P:MTAS,SCSCF,P:SCSCF,GTW,P:GTW,SCSCF,P-200:GTW,SCSCF,S:SCSCF,MTAS,P-200:SCSCF,MTAS,S:SCSCF,PCSCF,P-200:SCSCF,PCSCF,S:PCSCF,SCSCF,P:MTAS,SCSCF,P:SCSCF,GTW,P:GTW,SCSCF,P-200:SCSCF,MTAS,P-200:GTW,SCSCF,R:SCSCF,MTAS,R:SCSCF,PCSCF,P-200:SCSCF,PCSCF,R:PCSCF,SCSCF,P:MTAS,SCSCF,P:SCSCF,GTW,P:GTW,SCSCF,P-200:SCSCF,MTAS,P-200:SCSCF,PCSCF,P-200:PCSCF,SCSCF,C:SCSCF,PCSCF,C-200:MTAS,SCSCF,C:SCSCF,MTAS,C-200:SCSCF,GTW,C:GTW,SCSCF,C-200:GTW,SCSCF,I-487:SCSCF,GTW,A:SCSCF,MTAS,I-487:MTAS,SCSCF,A:SCSCF,PCSCF,I-487:PCSCF,SCSCF,A"
346,346,0,1,0.37700853,"GTW,ICSCF,I:ICSCF,GTW,T:SCSCF,ASLI,I:ASLI,SCSCF,T:ASLI,SCSCF,I-500:SCSCF,ASLI,A:SCSCF,MTAS,I:MTAS,SCSCF,T:MTAS,SCSCF,I:SCSCF,MTAS,T:SCSCF,PCSCF,I:PCSCF,SCSCF,T:PCSCF,SCSCF,R:SCSCF,MTAS,R:MTAS,SCSCF,R:ICSCF,GTW,R:GTW,SCSCF,P:SCSCF,MTAS,P:MTAS,SCSCF,P:SCSCF,PCSCF,P:PCSCF,SCSCF,P-200:SCSCF,MTAS,P-200:MTAS,SCSCF,P-200:SCSCF,GTW,P-200:GTW,ICSCF,C:ICSCF,GTW,C-200:SCSCF,MTAS,C:MTAS,SCSCF,C:SCSCF,MTAS,C-200:MTAS,SCSCF,C-200:SCSCF,PCSCF,C:PCSCF,SCSCF,C-200:PCSCF,SCSCF,I-487:SCSCF,PCSCF,A:MTAS,SCSCF,I-487:SCSCF,MTAS,A:ICSCF,GTW,I-487:SCSCF,MTAS,I-487:MTAS,SCSCF,A:GTW,ICSCF,A"
347,347,0,1,0.48275435,"GTW,ICSCF,I:ICSCF,GTW,T:SCSCF,ASLI,I:ASLI,SCSCF,T:ASLI,SCSCF,I-500:SCSCF,ASLI,A:SCSCF,MTAS,I:MTAS,SCSCF,T:MTAS,SCSCF,I:SCSCF,MTAS,T:SCSCF,PCSCF,I:PCSCF,SCSCF,T:PCSCF,SCSCF,R:SCSCF,MTAS,R:MTAS,SCSCF,R:ICSCF,GTW,R:GTW,SCSCF,P:SCSCF,MTAS,P:MTAS,SCSCF,P:SCSCF,PCSCF,P:PCSCF,SCSCF,P-200:SCSCF,MTAS,P-200:MTAS,SCSCF,P-200:SCSCF,GTW,P-200:PCSCF,SCSCF,I-200:SCSCF,MTAS,I-200:MTAS,SCSCF,I-200:ICSCF,GTW,I-200:GTW,SCSCF,A:SCSCF,MTAS,A:MTAS,SCSCF,A:SCSCF,PCSCF,A:MTAS,SCSCF,U:SCSCF,PCSCF,U:PCSCF,SCSCF,U-200:SCSCF,MTAS,U-200:MTAS,SCSCF,U:SCSCF,GTW,U:GTW,SCSCF,U-200:SCSCF,MTAS,U-200:MTAS,SCSCF,U:SCSCF,PCSCF,U:PCSCF,SCSCF,U-200:SCSCF,MTAS,U-200:MTAS,SCSCF,U:SCSCF,GTW,U:GTW,SCSCF,U-200:SCSCF,MTAS,U-200:MTAS,SCSCF,U:SCSCF,PCSCF,U:SCSCF,GTW,U:GTW,SCSCF,U-200:SCSCF,MTAS,U-200:PCSCF,SCSCF,U-200:SCSCF,MTAS,U-200:GTW,SCSCF,B:SCSCF,MTAS,B:MTAS,SCSCF,B:SCSCF,PCSCF,B:PCSCF,SCSCF,B-200:SCSCF,MTAS,B-200:MTAS,SCSCF,B-200:SCSCF,GTW,B-200"
348,348,0,0,0.9465336,"GTW,ICSCF,I:ICSCF,GTW,T:SCSCF,ASLI,I:ASLI,SCSCF,T:ASLI,SCSCF,I-500:SCSCF,ASLI,A:SCSCF,MTAS,I:MTAS,SCSCF,T:MTAS,SCSCF,I:SCSCF,MTAS,T:SCSCF,PCSCF,I:PCSCF,SCSCF,T:PCSCF,SCSCF,R:SCSCF,MTAS,R:MTAS,SCSCF,R:ICSCF,GTW,R:GTW,SCSCF,P:SCSCF,MTAS,P:MTAS,SCSCF,P:SCSCF,PCSCF,P:PCSCF,SCSCF,P-200:SCSCF,MTAS,P-200:MTAS,SCSCF,P-200:SCSCF,GTW,P-200:PCSCF,SCSCF,I-200:SCSCF,MTAS,I-200:MTAS,SCSCF,I-200:ICSCF,GTW,I-200:GTW,SCSCF,A:SCSCF,MTAS,A:MTAS,SCSCF,A:SCSCF,PCSCF,A:MTAS,SCSCF,U:SCSCF,PCSCF,U:SCSCF,GTW,U:GTW,SCSCF,U-200:SCSCF,MTAS,U-200:PCSCF,SCSCF,U-200:SCSCF,MTAS,U-200:MTAS,SCSCF,U:SCSCF,GTW,U:SCSCF,PCSCF,U:GTW,SCSCF,U-200:SCSCF,MTAS,U-200:PCSCF,SCSCF,U-200:SCSCF,MTAS,U-200:PCSCF,SCSCF,B:SCSCF,MTAS,B:GTW,SCSCF,B:MTAS,SCSCF,B:SCSCF,GTW,B:SCSCF,MTAS,B:MTAS,SCSCF,B-200:SCSCF,GTW,B-200:GTW,SCSCF,B-200:SCSCF,MTAS,B-200:MTAS,SCSCF,B-200:SCSCF,PCSCF,B-200"
349,349,0,0,0.9958109,"GTW,ICSCF,I:ICSCF,GTW,T:SCSCF,ASLI,I:ASLI,SCSCF,T:ASLI,SCSCF,I-500:SCSCF,ASLI,A:SCSCF,MTAS,I:MTAS,SCSCF,T:MTAS,SCSCF,I:SCSCF,MTAS,T:SCSCF,PCSCF,I:PCSCF,SCSCF,T:PCSCF,SCSCF,R:SCSCF,MTAS,R:ICSCF,GTW,R:GTW,SCSCF,P:MTAS,SCSCF,R:SCSCF,MTAS,P:MTAS,SCSCF,P:SCSCF,PCSCF,P:PCSCF,SCSCF,P-200:SCSCF,MTAS,P-200:MTAS,SCSCF,P-200:SCSCF,GTW,P-200:SCSCF,MTAS,I-200:PCSCF,SCSCF,I-200:MTAS,SCSCF,I-200:ICSCF,GTW,I-200:GTW,SCSCF,A:SCSCF,MTAS,A:MTAS,SCSCF,A:SCSCF,PCSCF,A:PCSCF,SCSCF,B:SCSCF,MTAS,B:MTAS,SCSCF,B:SCSCF,GTW,B:GTW,SCSCF,B-200:SCSCF,MTAS,B-200:MTAS,SCSCF,B-200:SCSCF,PCSCF,B-200"
350,350,0,1,0.251561,"GTW,ICSCF,I:ICSCF,GTW,T:SCSCF,ASLI,I:ASLI,SCSCF,T:ASLI,SCSCF,I-500:SCSCF,ASLI,A:SCSCF,MTAS,I:MTAS,SCSCF,T:MTAS,SCSCF,I:SCSCF,MTAS,T:SCSCF,PCSCF,I:PCSCF,SCSCF,T:PCSCF,SCSCF,R:SCSCF,MTAS,R:MTAS,SCSCF,R:ICSCF,GTW,R:GTW,SCSCF,P:SCSCF,MTAS,P:MTAS,SCSCF,P:SCSCF,PCSCF,P:PCSCF,SCSCF,P-200:SCSCF,MTAS,P-200:MTAS,SCSCF,P-200:SCSCF,GTW,P-200:GTW,ICSCF,C:ICSCF,GTW,C-200:SCSCF,MTAS,C:MTAS,SCSCF,C:SCSCF,MTAS,C-200:SCSCF,PCSCF,C:PCSCF,SCSCF,C-200:MTAS,SCSCF,C-200:PCSCF,SCSCF,I-487:SCSCF,MTAS,I-487:MTAS,SCSCF,A:MTAS,SCSCF,I-487:ICSCF,GTW,I-487:GTW,ICSCF,A:SCSCF,PCSCF,A:SCSCF,MTAS,A"
351,351,0,1,0.8465137,"PCSCF,SCSCF,I:SCSCF,ASLI,I:ASLI,SCSCF,T:ASLI,SCSCF,I-500:SCSCF,ASLI,A:SCSCF,PCSCF,T:MTAS,SCSCF,I:SCSCF,MTAS,T:SCSCF,GTW,I:GTW,SCSCF,T:GTW,SCSCF,R:SCSCF,MTAS,R:SCSCF,PCSCF,R:PCSCF,SCSCF,P:SCSCF,MTAS,P:MTAS,SCSCF,P:SCSCF,GTW,P:GTW,SCSCF,P-200:SCSCF,MTAS,P-200:MTAS,SCSCF,P-200:SCSCF,PCSCF,P-200:GTW,SCSCF,I-200:SCSCF,MTAS,I-200:SCSCF,PCSCF,I-200:SCSCF,MTAS,A:MTAS,SCSCF,A:SCSCF,GTW,A:PCSCF,SCSCF,A:PCSCF,SCSCF,B:SCSCF,MTAS,B:MTAS,SCSCF,B:SCSCF,GTW,B:GTW,SCSCF,B-200:SCSCF,MTAS,B-200:MTAS,SCSCF,B-200:SCSCF,PCSCF,B-200"
352,352,0,0,0.93484384,"GTW,ICSCF,I:ICSCF,GTW,T:SCSCF,ASLI,I:ASLI,SCSCF,T:ASLI,SCSCF,I-500:SCSCF,MTAS,I:MTAS,SCSCF,T:MTAS,SCSCF,I:SCSCF,MTAS,T:SCSCF,ASLI,A:MTAS,SCSCF,W:ICSCF,GTW,W:SCSCF,GTW,I:GTW,SCSCF,T:GTW,SCSCF,S:SCSCF,MTAS,S:MTAS,SCSCF,S:ICSCF,GTW,S:GTW,SCSCF,P:SCSCF,MTAS,P:MTAS,SCSCF,P:SCSCF,GTW,P:GTW,SCSCF,P-200:SCSCF,MTAS,P-200:MTAS,SCSCF,P-200:SCSCF,GTW,P-200:GTW,SCSCF,R:SCSCF,MTAS,R:MTAS,SCSCF,R:ICSCF,GTW,R:GTW,SCSCF,P:SCSCF,MTAS,P:MTAS,SCSCF,P:SCSCF,GTW,P:GTW,SCSCF,P-200:SCSCF,MTAS,P-200:MTAS,SCSCF,P-200:SCSCF,GTW,P-200:GTW,SCSCF,I-200:SCSCF,MTAS,I-200:MTAS,SCSCF,I-200:ICSCF,GTW,I-200:GTW,SCSCF,A:SCSCF,MTAS,A:MTAS,SCSCF,A:SCSCF,GTW,A:GTW,SCSCF,B:SCSCF,MTAS,B:MTAS,SCSCF,B:SCSCF,GTW,B:GTW,SCSCF,B-200:SCSCF,MTAS,B-200:MTAS,SCSCF,B-200:SCSCF,GTW,B-200"
353,353,0,1,0.8036759,"PCSCF,SCSCF,I:SCSCF,PCSCF,T:SCSCF,ASLI,I:ASLI,SCSCF,T:ASLI,SCSCF,I-500:SCSCF,ASLI,A:MTAS,SCSCF,I:SCSCF,MTAS,T:SCSCF,GTW,I:GTW,SCSCF,T:GTW,SCSCF,R:SCSCF,MTAS,R:SCSCF,PCSCF,R:PCSCF,SCSCF,P:SCSCF,MTAS,P:MTAS,SCSCF,P:SCSCF,GTW,P:GTW,SCSCF,P-200:SCSCF,MTAS,P-200:MTAS,SCSCF,P-200:SCSCF,PCSCF,P-200:GTW,SCSCF,I-200:SCSCF,MTAS,I-200:SCSCF,PCSCF,I-200:PCSCF,SCSCF,A:SCSCF,MTAS,A:MTAS,SCSCF,A:SCSCF,GTW,A:MTAS,SCSCF,U:SCSCF,GTW,U:SCSCF,PCSCF,U:GTW,SCSCF,U-200:SCSCF,MTAS,U-200:PCSCF,SCSCF,U-200:SCSCF,MTAS,U-200:PCSCF,SCSCF,B:SCSCF,MTAS,B:MTAS,SCSCF,B:SCSCF,GTW,B:GTW,SCSCF,B-200:SCSCF,MTAS,B-200:MTAS,SCSCF,B-200:SCSCF,PCSCF,B-200"
354,354,0,1,0.41322568,"GTW,ICSCF,I:ICSCF,GTW,T:SCSCF,ASLI,I:ASLI,SCSCF,T:ASLI,SCSCF,I-500:SCSCF,ASLI,A:SCSCF,MTAS,I:MTAS,SCSCF,I-486:SCSCF,MTAS,A:ICSCF,GTW,I-486:GTW,ICSCF,A"
355,355,0,0,0.94219965,"GTW,ICSCF,I:ICSCF,GTW,T:SCSCF,ASLI,I:ASLI,SCSCF,T:ASLI,SCSCF,I-500:SCSCF,MTAS,I:SCSCF,ASLI,A:MTAS,SCSCF,T:MTAS,SCSCF,I:SCSCF,MTAS,T:SCSCF,PCSCF,I:PCSCF,SCSCF,T:PCSCF,SCSCF,R:SCSCF,MTAS,R:MTAS,SCSCF,R:ICSCF,GTW,R:GTW,SCSCF,P:SCSCF,MTAS,P:MTAS,SCSCF,P:SCSCF,PCSCF,P:PCSCF,SCSCF,P-200:SCSCF,MTAS,P-200:MTAS,SCSCF,P-200:SCSCF,GTW,P-200:PCSCF,SCSCF,I-200:SCSCF,MTAS,I-200:MTAS,SCSCF,I-200:ICSCF,GTW,I-200:SCSCF,MTAS,A:GTW,SCSCF,A:MTAS,SCSCF,A:SCSCF,PCSCF,A:GTW,SCSCF,I:SCSCF,GTW,T:SCSCF,MTAS,I:MTAS,SCSCF,I:MTAS,SCSCF,T:SCSCF,MTAS,T:SCSCF,PCSCF,I:PCSCF,SCSCF,I-200:SCSCF,MTAS,I-200:MTAS,SCSCF,I-200:SCSCF,GTW,I-200:GTW,SCSCF,A:SCSCF,MTAS,A:MTAS,SCSCF,A:SCSCF,PCSCF,A:PCSCF,SCSCF,B:SCSCF,MTAS,B:MTAS,SCSCF,B:SCSCF,GTW,B:GTW,SCSCF,B-200:SCSCF,MTAS,B-200:MTAS,SCSCF,B-200:SCSCF,PCSCF,B-200"
356,356,0,1,0.21123128,"PCSCF,SCSCF,I:SCSCF,PCSCF,T:SCSCF,PCSCF,I-407:PCSCF,SCSCF,A:PCSCF,SCSCF,I:SCSCF,ASLI,I:ASLI,SCSCF,T:SCSCF,PCSCF,T:ASLI,SCSCF,I-500:SCSCF,ASLI,A:MTAS,SCSCF,I:SCSCF,MTAS,T:SCSCF,GTW,I:GTW,SCSCF,T:GTW,SCSCF,S:SCSCF,MTAS,S:SCSCF,PCSCF,S:PCSCF,SCSCF,P:MTAS,SCSCF,P:SCSCF,GTW,P:GTW,SCSCF,P-200:SCSCF,MTAS,P-200:SCSCF,PCSCF,P-200:GTW,SCSCF,R:SCSCF,MTAS,R:SCSCF,PCSCF,R:PCSCF,SCSCF,P:MTAS,SCSCF,P:SCSCF,GTW,P:GTW,SCSCF,P-200:SCSCF,MTAS,P-200:SCSCF,PCSCF,P-200:GTW,SCSCF,W:SCSCF,MTAS,W:SCSCF,PCSCF,W:PCSCF,SCSCF,P:MTAS,SCSCF,P:SCSCF,GTW,P:GTW,SCSCF,P-200:SCSCF,MTAS,P-200:GTW,SCSCF,I-486:SCSCF,GTW,A:SCSCF,MTAS,I-486:MTAS,SCSCF,A:SCSCF,PCSCF,P-200:SCSCF,PCSCF,I-486:PCSCF,SCSCF,A"
357,357,0,0,0.9960322,"GTW,ICSCF,I:ICSCF,GTW,T:SCSCF,ASLI,I:ASLI,SCSCF,T:ASLI,SCSCF,I-500:SCSCF,ASLI,A:SCSCF,MTAS,I:MTAS,SCSCF,T:MTAS,SCSCF,I:SCSCF,MTAS,T:SCSCF,PCSCF,I:PCSCF,SCSCF,T:PCSCF,SCSCF,R:SCSCF,MTAS,R:MTAS,SCSCF,R:ICSCF,GTW,R:GTW,SCSCF,P:SCSCF,MTAS,P:MTAS,SCSCF,P:SCSCF,PCSCF,P:PCSCF,SCSCF,P-200:SCSCF,MTAS,P-200:MTAS,SCSCF,P-200:SCSCF,GTW,P-200:PCSCF,SCSCF,I-200:SCSCF,MTAS,I-200:MTAS,SCSCF,I-200:ICSCF,GTW,I-200:GTW,SCSCF,A:SCSCF,MTAS,A:MTAS,SCSCF,A:SCSCF,PCSCF,A:GTW,SCSCF,B:SCSCF,MTAS,B:MTAS,SCSCF,B:SCSCF,PCSCF,B:SCSCF,MTAS,B-200:MTAS,SCSCF,B-200:SCSCF,GTW,B-200:PCSCF,SCSCF,B-200"
358,358,0,1,0.63092065,"PCSCF,SCSCF,I:SCSCF,PCSCF,T:SCSCF,ASLI,I:ASLI,SCSCF,T:ASLI,SCSCF,I-500:SCSCF,ASLI,A:MTAS,SCSCF,I:SCSCF,MTAS,T:SCSCF,GTW,I:GTW,SCSCF,T:GTW,SCSCF,S:SCSCF,MTAS,S:SCSCF,PCSCF,S:PCSCF,SCSCF,P:SCSCF,MTAS,P:MTAS,SCSCF,P:SCSCF,GTW,P:GTW,SCSCF,P-200:GTW,SCSCF,S:SCSCF,MTAS,S:SCSCF,MTAS,P-200:MTAS,SCSCF,P-200:SCSCF,PCSCF,P-200:SCSCF,PCSCF,S:PCSCF,SCSCF,P:SCSCF,MTAS,P:MTAS,SCSCF,P:SCSCF,GTW,P:GTW,SCSCF,P-200:GTW,SCSCF,S:SCSCF,MTAS,P-200:SCSCF,MTAS,S:SCSCF,PCSCF,P-200:MTAS,SCSCF,P-200:SCSCF,PCSCF,S:PCSCF,SCSCF,P:SCSCF,MTAS,P:MTAS,SCSCF,P:SCSCF,GTW,P:GTW,SCSCF,P-200:GTW,SCSCF,R:SCSCF,MTAS,P-200:SCSCF,MTAS,R:SCSCF,PCSCF,P-200:MTAS,SCSCF,P-200:SCSCF,PCSCF,R:PCSCF,SCSCF,P:SCSCF,MTAS,P:MTAS,SCSCF,P:SCSCF,GTW,P:GTW,SCSCF,P-200:SCSCF,MTAS,P-200:MTAS,SCSCF,P-200:SCSCF,PCSCF,P-200:GTW,SCSCF,I-200:SCSCF,MTAS,I-200:SCSCF,PCSCF,I-200:PCSCF,SCSCF,A:SCSCF,MTAS,A:MTAS,SCSCF,A:SCSCF,GTW,A:GTW,SCSCF,B:MTAS,SCSCF,B:SCSCF,PCSCF,B:PCSCF,SCSCF,B-200:SCSCF,MTAS,B-200:SCSCF,GTW,B-200"
359,359,0,1,0.63453287,"PCSCF,SCSCF,I:SCSCF,PCSCF,T:SCSCF,ASLI,I:ASLI,SCSCF,T:ASLI,SCSCF,I-500:SCSCF,ASLI,A:MTAS,SCSCF,I:SCSCF,MTAS,T:SCSCF,GTW,I:GTW,SCSCF,T:GTW,SCSCF,S:SCSCF,MTAS,S:SCSCF,PCSCF,S:PCSCF,SCSCF,P:SCSCF,MTAS,P:MTAS,SCSCF,P:SCSCF,GTW,P:GTW,SCSCF,P-200:SCSCF,MTAS,P-200:MTAS,SCSCF,P-200:SCSCF,PCSCF,P-200:GTW,SCSCF,R:SCSCF,MTAS,R:SCSCF,PCSCF,R:PCSCF,SCSCF,P:SCSCF,MTAS,P:MTAS,SCSCF,P:SCSCF,GTW,P:GTW,SCSCF,P-200:SCSCF,MTAS,P-200:GTW,SCSCF,I-200:MTAS,SCSCF,P-200:SCSCF,MTAS,I-200:SCSCF,PCSCF,P-200:SCSCF,PCSCF,I-200:PCSCF,SCSCF,A:SCSCF,MTAS,A:MTAS,SCSCF,A:SCSCF,GTW,A:GTW,SCSCF,I:SCSCF,GTW,T:MTAS,SCSCF,I:SCSCF,MTAS,T:SCSCF,PCSCF,I:PCSCF,SCSCF,I-200:SCSCF,MTAS,I-200:SCSCF,GTW,I-200:GTW,SCSCF,A:MTAS,SCSCF,A:SCSCF,PCSCF,A:GTW,SCSCF,B:MTAS,SCSCF,B:SCSCF,PCSCF,B:PCSCF,SCSCF,B-200:SCSCF,MTAS,B-200:SCSCF,GTW,B-200"
360,360,0,0,0.971117,"GTW,ICSCF,I:ICSCF,GTW,T:SCSCF,ASLI,I:ASLI,SCSCF,T:ASLI,SCSCF,I-500:SCSCF,ASLI,A:SCSCF,MTAS,I:MTAS,SCSCF,T:MTAS,SCSCF,I:SCSCF,MTAS,T:SCSCF,PCSCF,I:PCSCF,SCSCF,T:SCSCF,MTAS,R:MTAS,SCSCF,R:ICSCF,GTW,R:GTW,SCSCF,P:PCSCF,SCSCF,R:SCSCF,MTAS,P:MTAS,SCSCF,P:SCSCF,PCSCF,P:SCSCF,MTAS,P-200:MTAS,SCSCF,P-200:SCSCF,GTW,P-200:PCSCF,SCSCF,P-200:SCSCF,MTAS,I-200:MTAS,SCSCF,I-200:PCSCF,SCSCF,I-200:ICSCF,GTW,I-200:GTW,SCSCF,A:SCSCF,MTAS,A:MTAS,SCSCF,A:SCSCF,PCSCF,A:MTAS,SCSCF,U:SCSCF,PCSCF,U:SCSCF,GTW,U:GTW,SCSCF,U-200:SCSCF,MTAS,U-200:PCSCF,SCSCF,U-200:SCSCF,MTAS,U-200:MTAS,SCSCF,U:SCSCF,GTW,U:GTW,SCSCF,U-200:SCSCF,MTAS,U-200:MTAS,SCSCF,U:SCSCF,PCSCF,U:PCSCF,SCSCF,U-200:SCSCF,MTAS,U-200:PCSCF,SCSCF,B:SCSCF,MTAS,B:MTAS,SCSCF,B:SCSCF,GTW,B:GTW,SCSCF,B-200:SCSCF,MTAS,B-200:MTAS,SCSCF,B-200:SCSCF,PCSCF,B-200"
361,361,0,1,0.85271317,"MTAS,SCSCF,I:SCSCF,MTAS,T:SCSCF,GTW,I:GTW,SCSCF,T:GTW,SCSCF,R:SCSCF,MTAS,R:MTAS,SCSCF,P:SCSCF,GTW,P:GTW,SCSCF,P-200:SCSCF,MTAS,P-200:GTW,SCSCF,I-200:SCSCF,MTAS,I-200:MTAS,SCSCF,A:SCSCF,GTW,A:MTAS,SCSCF,U:SCSCF,GTW,U:GTW,SCSCF,U-200:SCSCF,MTAS,U-200:MTAS,SCSCF,B:SCSCF,GTW,B:GTW,SCSCF,B-200:SCSCF,MTAS,B-200"
362,362,0,1,0.8491899,"PCSCF,SCSCF,I:SCSCF,PCSCF,T:SCSCF,ASLI,I:ASLI,SCSCF,T:ASLI,SCSCF,I-500:SCSCF,ASLI,A:MTAS,SCSCF,I:SCSCF,MTAS,T:SCSCF,GTW,I:GTW,SCSCF,T:GTW,SCSCF,S:SCSCF,MTAS,S:SCSCF,PCSCF,S:PCSCF,SCSCF,P:SCSCF,MTAS,P:MTAS,SCSCF,P:SCSCF,GTW,P:GTW,SCSCF,P-200:GTW,SCSCF,S:SCSCF,MTAS,S:SCSCF,MTAS,P-200:MTAS,SCSCF,P-200:SCSCF,PCSCF,P-200:SCSCF,PCSCF,S:PCSCF,SCSCF,P:SCSCF,MTAS,P:MTAS,SCSCF,P:SCSCF,GTW,P:GTW,SCSCF,P-200:GTW,SCSCF,S:SCSCF,MTAS,S:SCSCF,MTAS,P-200:MTAS,SCSCF,P-200:SCSCF,PCSCF,P-200:SCSCF,PCSCF,S:PCSCF,SCSCF,P:SCSCF,MTAS,P:MTAS,SCSCF,P:SCSCF,GTW,P:GTW,SCSCF,P-200:SCSCF,MTAS,P-200:MTAS,SCSCF,P-200:SCSCF,PCSCF,P-200:GTW,SCSCF,R:SCSCF,MTAS,R:SCSCF,PCSCF,R:PCSCF,SCSCF,P:SCSCF,MTAS,P:MTAS,SCSCF,P:SCSCF,GTW,P:GTW,SCSCF,P-200:SCSCF,MTAS,P-200:MTAS,SCSCF,P-200:SCSCF,PCSCF,P-200:GTW,SCSCF,S:SCSCF,MTAS,S:SCSCF,PCSCF,S:PCSCF,SCSCF,P:SCSCF,MTAS,P:MTAS,SCSCF,P:SCSCF,GTW,P:GTW,SCSCF,P-200:SCSCF,MTAS,P-200:MTAS,SCSCF,P-200:SCSCF,PCSCF,P-200:GTW,SCSCF,S:SCSCF,MTAS,S:SCSCF,PCSCF,S:PCSCF,SCSCF,P:SCSCF,MTAS,P:MTAS,SCSCF,P:SCSCF,GTW,P:GTW,SCSCF,P-200:SCSCF,MTAS,P-200:MTAS,SCSCF,P-200:SCSCF,PCSCF,P-200:GTW,SCSCF,S:SCSCF,MTAS,S:SCSCF,PCSCF,S:PCSCF,SCSCF,P:SCSCF,MTAS,P:MTAS,SCSCF,P:SCSCF,GTW,P:GTW,SCSCF,P-200:SCSCF,MTAS,P-200:MTAS,SCSCF,P-200:SCSCF,PCSCF,P-200:GTW,SCSCF,I-200:SCSCF,MTAS,I-200:SCSCF,PCSCF,I-200:PCSCF,SCSCF,A:SCSCF,MTAS,A:MTAS,SCSCF,A:SCSCF,GTW,A:PCSCF,SCSCF,B:SCSCF,MTAS,B:MTAS,SCSCF,B:SCSCF,GTW,B:GTW,SCSCF,B-200:SCSCF,MTAS,B-200:MTAS,SCSCF,B-200:SCSCF,PCSCF,B-200"
363,363,0,1,0.42636886,"PCSCF,SCSCF,I:SCSCF,ASLI,I:ASLI,SCSCF,T:ASLI,SCSCF,I-500:SCSCF,ASLI,A:SCSCF,PCSCF,T:MTAS,SCSCF,I:SCSCF,MTAS,T:SCSCF,GTW,I:GTW,SCSCF,T:GTW,SCSCF,S:SCSCF,MTAS,S:SCSCF,PCSCF,S:PCSCF,SCSCF,P:MTAS,SCSCF,P:SCSCF,GTW,P:GTW,SCSCF,P-200:SCSCF,MTAS,P-200:SCSCF,PCSCF,P-200:PCSCF,SCSCF,C:SCSCF,PCSCF,C-200:MTAS,SCSCF,C:SCSCF,MTAS,C-200:SCSCF,GTW,C:GTW,SCSCF,C-200:GTW,SCSCF,I-487:SCSCF,GTW,A:SCSCF,MTAS,I-487:MTAS,SCSCF,A:SCSCF,PCSCF,I-487:PCSCF,SCSCF,A"
364,364,0,1,0.22406065,"PCSCF,SCSCF,I:SCSCF,PCSCF,T:SCSCF,ASLI,I:ASLI,SCSCF,T:ASLI,SCSCF,I-500:SCSCF,ASLI,A:MTAS,SCSCF,I:SCSCF,MTAS,T:SCSCF,GTW,I:GTW,SCSCF,T:GTW,SCSCF,S:SCSCF,MTAS,S:SCSCF,PCSCF,S:PCSCF,SCSCF,P:MTAS,SCSCF,P:SCSCF,GTW,P:GTW,SCSCF,P-200:SCSCF,MTAS,P-200:SCSCF,PCSCF,P-200:GTW,SCSCF,S:SCSCF,MTAS,S:SCSCF,PCSCF,S:PCSCF,SCSCF,P:MTAS,SCSCF,P:SCSCF,GTW,P:GTW,SCSCF,P-200:SCSCF,MTAS,P-200:SCSCF,PCSCF,P-200:GTW,SCSCF,S:SCSCF,MTAS,S:SCSCF,PCSCF,S:PCSCF,SCSCF,P:MTAS,SCSCF,P:SCSCF,GTW,P:GTW,SCSCF,P-200:SCSCF,MTAS,P-200:GTW,SCSCF,R:SCSCF,MTAS,R:SCSCF,PCSCF,P-200:SCSCF,PCSCF,R:PCSCF,SCSCF,P:MTAS,SCSCF,P:SCSCF,GTW,P:GTW,SCSCF,P-200:SCSCF,MTAS,P-200:SCSCF,PCSCF,P-200:PCSCF,SCSCF,C:SCSCF,PCSCF,C-200:MTAS,SCSCF,C:SCSCF,MTAS,C-200:SCSCF,GTW,C:GTW,SCSCF,C-200:GTW,SCSCF,I-487:SCSCF,GTW,A:SCSCF,MTAS,I-487:MTAS,SCSCF,A:SCSCF,PCSCF,I-487:PCSCF,SCSCF,A"
365,365,0,1,0.24699788,"PCSCF,SCSCF,I:SCSCF,PCSCF,T:SCSCF,ASLI,I:ASLI,SCSCF,T:ASLI,SCSCF,I-500:SCSCF,ASLI,A:MTAS,SCSCF,I:SCSCF,MTAS,T:SCSCF,GTW,I:GTW,SCSCF,T:GTW,SCSCF,S:SCSCF,MTAS,S:SCSCF,PCSCF,S:PCSCF,SCSCF,P:SCSCF,MTAS,P:MTAS,SCSCF,P:SCSCF,GTW,P:GTW,SCSCF,P-200:GTW,SCSCF,S:SCSCF,MTAS,P-200:SCSCF,MTAS,S:MTAS,SCSCF,P-200:SCSCF,PCSCF,P-200:SCSCF,PCSCF,S:PCSCF,SCSCF,P:SCSCF,MTAS,P:MTAS,SCSCF,P:SCSCF,GTW,P:GTW,SCSCF,P-200:SCSCF,MTAS,P-200:MTAS,SCSCF,P-200:SCSCF,PCSCF,P-200:GTW,SCSCF,R:SCSCF,MTAS,R:SCSCF,PCSCF,R:PCSCF,SCSCF,P:SCSCF,MTAS,P:MTAS,SCSCF,P:SCSCF,GTW,P:GTW,SCSCF,P-200:SCSCF,MTAS,P-200:MTAS,SCSCF,P-200:SCSCF,PCSCF,P-200:GTW,SCSCF,I-200:SCSCF,MTAS,I-200:SCSCF,PCSCF,I-200:PCSCF,SCSCF,A:SCSCF,MTAS,A:MTAS,SCSCF,A:SCSCF,GTW,A:GTW,SCSCF,I:SCSCF,GTW,T:MTAS,SCSCF,I:SCSCF,MTAS,T:SCSCF,PCSCF,I:PCSCF,SCSCF,I-200:SCSCF,MTAS,I-200:SCSCF,GTW,I-200:GTW,SCSCF,A:MTAS,SCSCF,A:SCSCF,PCSCF,A:PCSCF,SCSCF,B:SCSCF,MTAS,B:MTAS,SCSCF,B:SCSCF,GTW,B:GTW,SCSCF,B-200:SCSCF,MTAS,B-200:MTAS,SCSCF,B-200:SCSCF,PCSCF,B-200"
366,366,0,0,0.9901187,"GTW,ICSCF,I:ICSCF,GTW,T:SCSCF,ASLI,I:ASLI,SCSCF,T:ASLI,SCSCF,I-500:SCSCF,ASLI,A:SCSCF,MTAS,I:MTAS,SCSCF,T:MTAS,SCSCF,I:SCSCF,MTAS,T:SCSCF,PCSCF,I:PCSCF,SCSCF,T:PCSCF,SCSCF,R:SCSCF,MTAS,R:MTAS,SCSCF,R:ICSCF,GTW,R:GTW,SCSCF,P:SCSCF,MTAS,P:MTAS,SCSCF,P:SCSCF,PCSCF,P:PCSCF,SCSCF,P-200:SCSCF,MTAS,P-200:MTAS,SCSCF,P-200:SCSCF,GTW,P-200:PCSCF,SCSCF,I-200:SCSCF,MTAS,I-200:MTAS,SCSCF,I-200:ICSCF,GTW,I-200:GTW,SCSCF,A:SCSCF,MTAS,A:MTAS,SCSCF,A:SCSCF,PCSCF,A:GTW,SCSCF,I:SCSCF,GTW,T:SCSCF,MTAS,I:MTAS,SCSCF,T:MTAS,SCSCF,I:SCSCF,MTAS,T:SCSCF,PCSCF,I:SCSCF,MTAS,I-200:MTAS,SCSCF,I-200:PCSCF,SCSCF,I-200:SCSCF,GTW,I-200:GTW,SCSCF,A:SCSCF,MTAS,A:MTAS,SCSCF,A:SCSCF,PCSCF,A:GTW,SCSCF,B:SCSCF,MTAS,B:MTAS,SCSCF,B:SCSCF,PCSCF,B:PCSCF,SCSCF,B-200:SCSCF,MTAS,B-200:MTAS,SCSCF,B-200:SCSCF,GTW,B-200"
367,367,0,1,0.7314757,"PCSCF,SCSCF,I:SCSCF,PCSCF,T:SCSCF,ASLI,I:ASLI,SCSCF,T:ASLI,SCSCF,I-500:SCSCF,ASLI,A:MTAS,SCSCF,I:SCSCF,MTAS,T:SCSCF,GTW,I:GTW,SCSCF,T:GTW,SCSCF,S:SCSCF,MTAS,S:SCSCF,PCSCF,S:PCSCF,SCSCF,P:SCSCF,MTAS,P:MTAS,SCSCF,P:SCSCF,GTW,P:GTW,SCSCF,P-200:GTW,SCSCF,S:SCSCF,MTAS,P-200:SCSCF,MTAS,S:MTAS,SCSCF,P-200:SCSCF,PCSCF,P-200:SCSCF,PCSCF,S:PCSCF,SCSCF,P:SCSCF,MTAS,P:MTAS,SCSCF,P:SCSCF,GTW,P:GTW,SCSCF,P-200:GTW,SCSCF,S:SCSCF,MTAS,P-200:SCSCF,MTAS,S:MTAS,SCSCF,P-200:SCSCF,PCSCF,P-200:SCSCF,PCSCF,S:PCSCF,SCSCF,P:SCSCF,MTAS,P:MTAS,SCSCF,P:SCSCF,GTW,P:GTW,SCSCF,P-200:GTW,SCSCF,R:SCSCF,MTAS,P-200:SCSCF,MTAS,R:MTAS,SCSCF,P-200:SCSCF,PCSCF,P-200:SCSCF,PCSCF,R:PCSCF,SCSCF,P:SCSCF,MTAS,P:MTAS,SCSCF,P:SCSCF,GTW,P:GTW,SCSCF,P-200:SCSCF,MTAS,P-200:MTAS,SCSCF,P-200:SCSCF,PCSCF,P-200:GTW,SCSCF,I-200:SCSCF,MTAS,I-200:SCSCF,PCSCF,I-200:PCSCF,SCSCF,A:SCSCF,MTAS,A:MTAS,SCSCF,A:SCSCF,GTW,A:PCSCF,SCSCF,B:SCSCF,MTAS,B:MTAS,SCSCF,B:SCSCF,GTW,B:GTW,SCSCF,B-200:SCSCF,MTAS,B-200:MTAS,SCSCF,B-200:SCSCF,PCSCF,B-200"
368,368,0,0,0.8792459,"GTW,ICSCF,I:ICSCF,GTW,T:SCSCF,ASLI,I:ASLI,SCSCF,T:ASLI,SCSCF,I-500:SCSCF,ASLI,A:SCSCF,MTAS,I:MTAS,SCSCF,T:MTAS,SCSCF,I:SCSCF,MTAS,T:SCSCF,GTW,I:MTAS,SCSCF,W:ICSCF,GTW,W:GTW,SCSCF,T:GTW,SCSCF,I-486:SCSCF,GTW,A:SCSCF,MTAS,I-486:MTAS,SCSCF,A:MTAS,SCSCF,I-486:SCSCF,MTAS,A:ICSCF,GTW,I-486:GTW,ICSCF,A"
369,369,0,1,0.31621277,"PCSCF,SCSCF,I:SCSCF,PCSCF,T:SCSCF,ASLI,I:ASLI,SCSCF,T:ASLI,SCSCF,I-500:SCSCF,ASLI,A:MTAS,SCSCF,I:SCSCF,MTAS,T:SCSCF,GTW,I:GTW,SCSCF,T:GTW,SCSCF,S:SCSCF,MTAS,S:SCSCF,PCSCF,S:GTW,SCSCF,S:SCSCF,MTAS,S:PCSCF,SCSCF,P:SCSCF,MTAS,P:MTAS,SCSCF,P:SCSCF,GTW,P:GTW,SCSCF,P-200:GTW,SCSCF,S:SCSCF,MTAS,P-200:SCSCF,MTAS,S:MTAS,SCSCF,P-200:SCSCF,PCSCF,P-200:SCSCF,PCSCF,S:PCSCF,SCSCF,P:SCSCF,MTAS,P:MTAS,SCSCF,P:SCSCF,GTW,P:GTW,SCSCF,P-200:SCSCF,MTAS,P-200:MTAS,SCSCF,P-200:SCSCF,PCSCF,P-200:GTW,SCSCF,R:SCSCF,MTAS,R:SCSCF,PCSCF,R:PCSCF,SCSCF,P:SCSCF,MTAS,P:MTAS,SCSCF,P:SCSCF,GTW,P:GTW,SCSCF,P-200:SCSCF,MTAS,P-200:MTAS,SCSCF,P-200:SCSCF,PCSCF,P-200:PCSCF,SCSCF,C:SCSCF,PCSCF,C-200:MTAS,SCSCF,C:SCSCF,MTAS,C-200:SCSCF,GTW,C:GTW,SCSCF,C-200:GTW,SCSCF,I-487:SCSCF,GTW,A:SCSCF,MTAS,I-487:MTAS,SCSCF,A:SCSCF,PCSCF,I-487:PCSCF,SCSCF,A"
370,370,0,1,0.2554242,"GTW,ICSCF,I:ICSCF,GTW,T:SCSCF,ASLI,I:ASLI,SCSCF,T:ASLI,SCSCF,I-500:SCSCF,ASLI,A:SCSCF,MTAS,I:MTAS,SCSCF,T:MTAS,SCSCF,I:SCSCF,MTAS,T:SCSCF,PCSCF,I:PCSCF,SCSCF,T:PCSCF,SCSCF,R:SCSCF,MTAS,R:MTAS,SCSCF,R:ICSCF,GTW,R:GTW,SCSCF,P:SCSCF,MTAS,P:MTAS,SCSCF,P:SCSCF,PCSCF,P:PCSCF,SCSCF,P-200:SCSCF,MTAS,P-200:MTAS,SCSCF,P-200:SCSCF,GTW,P-200:PCSCF,SCSCF,I-200:SCSCF,MTAS,I-200:MTAS,SCSCF,I-200:ICSCF,GTW,I-200:GTW,SCSCF,A:SCSCF,MTAS,A:MTAS,SCSCF,A:SCSCF,PCSCF,A:GTW,SCSCF,I:SCSCF,GTW,T:SCSCF,MTAS,I:MTAS,SCSCF,I:MTAS,SCSCF,T:SCSCF,MTAS,T:SCSCF,PCSCF,I:PCSCF,SCSCF,I-200:SCSCF,MTAS,I-200:MTAS,SCSCF,I-200:SCSCF,GTW,I-200:GTW,SCSCF,A:SCSCF,MTAS,A:MTAS,SCSCF,A:SCSCF,PCSCF,A:PCSCF,SCSCF,I:SCSCF,PCSCF,T:SCSCF,PCSCF,I-407:PCSCF,SCSCF,A:PCSCF,SCSCF,I:SCSCF,MTAS,I:MTAS,SCSCF,T:MTAS,SCSCF,I:SCSCF,MTAS,T:SCSCF,GTW,I:GTW,SCSCF,T:SCSCF,PCSCF,T:GTW,SCSCF,I-200:SCSCF,MTAS,I-200:MTAS,SCSCF,I-200:SCSCF,PCSCF,I-200:PCSCF,SCSCF,A:SCSCF,MTAS,A:MTAS,SCSCF,A:SCSCF,GTW,A:PCSCF,SCSCF,A:SCSCF,MTAS,A:GTW,SCSCF,B:SCSCF,MTAS,B:MTAS,SCSCF,B:SCSCF,PCSCF,B:PCSCF,SCSCF,B-200:SCSCF,MTAS,B-200:MTAS,SCSCF,B-200:SCSCF,GTW,B-200"
371,371,0,1,0.20444945,"MTAS,SCSCF,I:SCSCF,MTAS,T:SCSCF,GTW,I:GTW,SCSCF,T:GTW,SCSCF,S:SCSCF,MTAS,S:MTAS,SCSCF,P:SCSCF,GTW,P:GTW,SCSCF,P-200:GTW,SCSCF,S:SCSCF,MTAS,P-200:SCSCF,MTAS,S:MTAS,SCSCF,P:SCSCF,GTW,P:GTW,SCSCF,P-200:GTW,SCSCF,S:SCSCF,MTAS,P-200:SCSCF,MTAS,S:MTAS,SCSCF,P:SCSCF,GTW,P:GTW,SCSCF,P-200:SCSCF,MTAS,P-200:GTW,SCSCF,R:SCSCF,MTAS,R:MTAS,SCSCF,P:SCSCF,GTW,P:GTW,SCSCF,P-200:SCSCF,MTAS,P-200:MTAS,SCSCF,C:SCSCF,MTAS,C-200:SCSCF,GTW,C:GTW,SCSCF,C-200:GTW,SCSCF,I-487:SCSCF,GTW,A:SCSCF,MTAS,I-487:MTAS,SCSCF,A"
372,372,0,1,0.6105872,"PCSCF,SCSCF,I:SCSCF,ASLI,I:ASLI,SCSCF,T:ASLI,SCSCF,I-500:SCSCF,ASLI,A:MTAS,SCSCF,I:SCSCF,MTAS,T:SCSCF,GTW,I:GTW,SCSCF,T:SCSCF,PCSCF,T:GTW,SCSCF,R:SCSCF,MTAS,R:SCSCF,PCSCF,R:PCSCF,SCSCF,P:MTAS,SCSCF,P:SCSCF,GTW,P:GTW,SCSCF,P-200:SCSCF,MTAS,P-200:SCSCF,PCSCF,P-200:GTW,SCSCF,I-200:SCSCF,MTAS,I-200:SCSCF,PCSCF,I-200:PCSCF,SCSCF,A:SCSCF,MTAS,A:MTAS,SCSCF,A:SCSCF,GTW,A:MTAS,SCSCF,U:SCSCF,GTW,U:GTW,SCSCF,U-200:SCSCF,MTAS,U-200:MTAS,SCSCF,U:SCSCF,PCSCF,U:PCSCF,SCSCF,U-200:SCSCF,MTAS,U-200:PCSCF,SCSCF,B:MTAS,SCSCF,B:SCSCF,GTW,B:GTW,SCSCF,B-200:SCSCF,MTAS,B-200:SCSCF,PCSCF,B-200"
373,373,0,1,0.7954909,"PCSCF,SCSCF,I:SCSCF,PCSCF,T:SCSCF,ASLI,I:ASLI,SCSCF,T:ASLI,SCSCF,I-500:SCSCF,ASLI,A:MTAS,SCSCF,I:SCSCF,MTAS,T:SCSCF,GTW,I:GTW,SCSCF,T:GTW,SCSCF,S:SCSCF,MTAS,S:SCSCF,PCSCF,S:PCSCF,SCSCF,P:MTAS,SCSCF,P:SCSCF,GTW,P:GTW,SCSCF,P-200:GTW,SCSCF,R:SCSCF,MTAS,P-200:SCSCF,MTAS,R:SCSCF,PCSCF,P-200:SCSCF,PCSCF,R:PCSCF,SCSCF,P:MTAS,SCSCF,P:SCSCF,GTW,P:GTW,SCSCF,P-200:SCSCF,MTAS,P-200:SCSCF,PCSCF,P-200:GTW,SCSCF,I-200:SCSCF,MTAS,I-200:SCSCF,PCSCF,I-200:PCSCF,SCSCF,A:SCSCF,MTAS,A:MTAS,SCSCF,A:SCSCF,GTW,A:GTW,SCSCF,B:MTAS,SCSCF,B:SCSCF,PCSCF,B:PCSCF,SCSCF,B-200:SCSCF,MTAS,B-200:SCSCF,GTW,B-200"
374,374,0,1,0.5723787,"PCSCF,SCSCF,I:SCSCF,PCSCF,T:SCSCF,PCSCF,I-407:PCSCF,SCSCF,A:PCSCF,SCSCF,I:SCSCF,ASLI,I:SCSCF,PCSCF,T:ASLI,SCSCF,T:ASLI,SCSCF,I-500:SCSCF,ASLI,A:MTAS,SCSCF,I:SCSCF,MTAS,T:SCSCF,GTW,I:GTW,SCSCF,T:GTW,SCSCF,S:SCSCF,MTAS,S:SCSCF,PCSCF,S:PCSCF,SCSCF,P:SCSCF,MTAS,P:MTAS,SCSCF,P:SCSCF,GTW,P:GTW,SCSCF,P-200:SCSCF,MTAS,P-200:MTAS,SCSCF,P-200:SCSCF,PCSCF,P-200:GTW,SCSCF,R:SCSCF,MTAS,R:SCSCF,PCSCF,R:PCSCF,SCSCF,P:SCSCF,MTAS,P:MTAS,SCSCF,P:SCSCF,GTW,P:GTW,SCSCF,P-200:SCSCF,MTAS,P-200:MTAS,SCSCF,P-200:SCSCF,PCSCF,P-200:GTW,SCSCF,I-200:SCSCF,MTAS,I-200:SCSCF,PCSCF,I-200:PCSCF,SCSCF,A:SCSCF,MTAS,A:MTAS,SCSCF,A:SCSCF,GTW,A:GTW,SCSCF,B:MTAS,SCSCF,B:SCSCF,PCSCF,B:PCSCF,SCSCF,B-200:SCSCF,MTAS,B-200:SCSCF,GTW,B-200"
375,375,0,1,0.7163694,"PCSCF,SCSCF,I:SCSCF,PCSCF,T:SCSCF,ASLI,I:ASLI,SCSCF,T:ASLI,SCSCF,I-500:SCSCF,ASLI,A:MTAS,SCSCF,I:SCSCF,MTAS,T:SCSCF,GTW,I:GTW,SCSCF,T:GTW,SCSCF,R:SCSCF,MTAS,R:SCSCF,PCSCF,R:PCSCF,SCSCF,P:MTAS,SCSCF,P:SCSCF,GTW,P:GTW,SCSCF,P-200:SCSCF,MTAS,P-200:SCSCF,PCSCF,P-200:GTW,SCSCF,I-200:SCSCF,MTAS,I-200:SCSCF,PCSCF,I-200:PCSCF,SCSCF,A:SCSCF,MTAS,A:MTAS,SCSCF,A:SCSCF,GTW,A:MTAS,SCSCF,U:SCSCF,GTW,U:SCSCF,PCSCF,U:GTW,SCSCF,U-200:SCSCF,MTAS,U-200:PCSCF,SCSCF,U-200:SCSCF,MTAS,U-200:PCSCF,SCSCF,B:MTAS,SCSCF,B:SCSCF,GTW,B:GTW,SCSCF,B-200:SCSCF,MTAS,B-200:SCSCF,PCSCF,B-200"
376,376,0,1,0.5245981,"PCSCF,SCSCF,I:SCSCF,ASLI,I:ASLI,SCSCF,T:SCSCF,PCSCF,T:ASLI,SCSCF,I-500:SCSCF,ASLI,A:MTAS,SCSCF,I:SCSCF,MTAS,T:SCSCF,ASLI,I:ASLI,SCSCF,T:ASLI,SCSCF,I-500:SCSCF,MTAS,I:SCSCF,ASLI,A:MTAS,SCSCF,T:MTAS,SCSCF,I:SCSCF,MTAS,T:SCSCF,PCSCF,I:PCSCF,SCSCF,T:PCSCF,SCSCF,R:SCSCF,MTAS,R:MTAS,SCSCF,R:SCSCF,MTAS,R:SCSCF,PCSCF,R:PCSCF,SCSCF,P:MTAS,SCSCF,P:SCSCF,MTAS,P:MTAS,SCSCF,P:SCSCF,PCSCF,P:PCSCF,SCSCF,P-200:SCSCF,MTAS,P-200:MTAS,SCSCF,P-200:SCSCF,MTAS,P-200:SCSCF,PCSCF,P-200:PCSCF,SCSCF,I-200:SCSCF,MTAS,I-200:MTAS,SCSCF,I-200:SCSCF,MTAS,I-200:SCSCF,PCSCF,I-200:PCSCF,SCSCF,A:MTAS,SCSCF,A:SCSCF,MTAS,A:MTAS,SCSCF,A:SCSCF,PCSCF,A:PCSCF,SCSCF,B:SCSCF,MTAS,B:MTAS,SCSCF,B:SCSCF,PCSCF,B:PCSCF,SCSCF,B-200:SCSCF,MTAS,B-200:MTAS,SCSCF,B-200:SCSCF,PCSCF,B-200"
377,377,0,1,0.52317715,"GTW,ICSCF,I:ICSCF,GTW,T:SCSCF,ASLI,I:ASLI,SCSCF,T:ASLI,SCSCF,I-500:SCSCF,ASLI,A:SCSCF,MTAS,I:MTAS,SCSCF,T:MTAS,SCSCF,I:SCSCF,MTAS,T:SCSCF,PCSCF,I:PCSCF,SCSCF,T:PCSCF,SCSCF,R:SCSCF,MTAS,R:MTAS,SCSCF,R:ICSCF,GTW,R:GTW,SCSCF,P:SCSCF,MTAS,P:MTAS,SCSCF,P:SCSCF,PCSCF,P:PCSCF,SCSCF,P-200:SCSCF,MTAS,P-200:MTAS,SCSCF,P-200:SCSCF,GTW,P-200:MTAS,SCSCF,C:SCSCF,MTAS,C-200:SCSCF,PCSCF,C:PCSCF,SCSCF,C-200:PCSCF,SCSCF,I-487:SCSCF,PCSCF,A:SCSCF,MTAS,I-487:MTAS,SCSCF,A:MTAS,SCSCF,W:ICSCF,GTW,W:MTAS,SCSCF,S:ICSCF,GTW,S:GTW,SCSCF,P:SCSCF,MTAS,P:MTAS,SCSCF,P-200:SCSCF,GTW,P-200:GTW,ICSCF,C:ICSCF,GTW,C-200:SCSCF,MTAS,C:MTAS,SCSCF,C-200:MTAS,SCSCF,I-487:SCSCF,MTAS,A:ICSCF,GTW,I-487:GTW,ICSCF,A"
378,378,0,1,0.1446531,"PCSCF,SCSCF,I:SCSCF,PCSCF,T:SCSCF,PCSCF,I-407:PCSCF,SCSCF,A:PCSCF,SCSCF,I:SCSCF,ASLI,I:ASLI,SCSCF,T:ASLI,SCSCF,I-500:SCSCF,ASLI,A:SCSCF,PCSCF,T:MTAS,SCSCF,I:SCSCF,MTAS,T:SCSCF,GTW,I:GTW,SCSCF,T:GTW,SCSCF,S:SCSCF,MTAS,S:SCSCF,PCSCF,S:PCSCF,SCSCF,P:SCSCF,MTAS,P:MTAS,SCSCF,P:SCSCF,GTW,P:GTW,SCSCF,P-200:SCSCF,MTAS,P-200:MTAS,SCSCF,P-200:SCSCF,PCSCF,P-200:GTW,SCSCF,R:SCSCF,MTAS,R:SCSCF,PCSCF,R:PCSCF,SCSCF,P:SCSCF,MTAS,P:MTAS,SCSCF,P:SCSCF,GTW,P:GTW,SCSCF,P-200:SCSCF,MTAS,P-200:MTAS,SCSCF,P-200:SCSCF,PCSCF,P-200:GTW,SCSCF,I-200:SCSCF,MTAS,I-200:SCSCF,PCSCF,I-200:PCSCF,SCSCF,A:SCSCF,MTAS,A:MTAS,SCSCF,A:SCSCF,GTW,A:MTAS,SCSCF,U:SCSCF,GTW,U:SCSCF,PCSCF,U:GTW,SCSCF,U-200:SCSCF,MTAS,U-200:PCSCF,SCSCF,U-200:SCSCF,MTAS,U-200:MTAS,SCSCF,U:SCSCF,GTW,U:GTW,SCSCF,U-200:SCSCF,MTAS,U-200:MTAS,SCSCF,U:SCSCF,PCSCF,U:PCSCF,SCSCF,U-200:SCSCF,MTAS,U-200:MTAS,SCSCF,U:SCSCF,GTW,U:GTW,SCSCF,U-200:SCSCF,MTAS,U-200:MTAS,SCSCF,U:SCSCF,PCSCF,U:PCSCF,SCSCF,U-200:SCSCF,MTAS,U-200:PCSCF,SCSCF,B:SCSCF,MTAS,B:MTAS,SCSCF,B:SCSCF,GTW,B:GTW,SCSCF,B-200:SCSCF,MTAS,B-200:MTAS,SCSCF,B-200:SCSCF,PCSCF,B-200"
379,379,0,1,0.33599165,"GTW,ICSCF,I:ICSCF,GTW,T:SCSCF,ASLI,I:ASLI,SCSCF,T:ASLI,SCSCF,I-500:SCSCF,ASLI,A:SCSCF,MTAS,I:MTAS,SCSCF,T:MTAS,SCSCF,I:SCSCF,MTAS,T:SCSCF,PCSCF,I:PCSCF,SCSCF,T:PCSCF,SCSCF,R:SCSCF,MTAS,R:MTAS,SCSCF,R:ICSCF,GTW,R:GTW,SCSCF,P:SCSCF,MTAS,P:MTAS,SCSCF,P:SCSCF,PCSCF,P:PCSCF,SCSCF,P-200:SCSCF,MTAS,P-200:MTAS,SCSCF,P-200:SCSCF,GTW,P-200:PCSCF,SCSCF,I-200:SCSCF,MTAS,I-200:MTAS,SCSCF,I-200:ICSCF,GTW,I-200:GTW,SCSCF,A:SCSCF,MTAS,A:MTAS,SCSCF,A:SCSCF,PCSCF,A:PCSCF,SCSCF,I:SCSCF,PCSCF,T:SCSCF,PCSCF,I-407:PCSCF,SCSCF,A:PCSCF,SCSCF,I:SCSCF,PCSCF,T:SCSCF,MTAS,I:MTAS,SCSCF,T:MTAS,SCSCF,I:SCSCF,MTAS,T:SCSCF,GTW,I:GTW,SCSCF,T:GTW,SCSCF,I-200:SCSCF,MTAS,I-200:MTAS,SCSCF,I-200:SCSCF,PCSCF,I-200:PCSCF,SCSCF,A:SCSCF,MTAS,A:MTAS,SCSCF,A:SCSCF,GTW,A:PCSCF,SCSCF,B:SCSCF,MTAS,B:MTAS,SCSCF,B-200:SCSCF,PCSCF,B-200:MTAS,SCSCF,U:SCSCF,GTW,U:GTW,SCSCF,U-200:SCSCF,MTAS,U-200:MTAS,SCSCF,B:SCSCF,GTW,B:GTW,SCSCF,B-200:SCSCF,MTAS,B-200"
380,380,0,0,0.9964419,"GTW,ICSCF,I:ICSCF,GTW,T:SCSCF,ASLI,I:ASLI,SCSCF,T:ASLI,SCSCF,I-500:SCSCF,ASLI,A:SCSCF,MTAS,I:MTAS,SCSCF,T:MTAS,SCSCF,I:SCSCF,MTAS,T:SCSCF,PCSCF,I:PCSCF,SCSCF,T:PCSCF,SCSCF,R:MTAS,SCSCF,R:ICSCF,GTW,R:GTW,SCSCF,P:SCSCF,MTAS,P:SCSCF,PCSCF,P:SCSCF,MTAS,R:MTAS,SCSCF,P:PCSCF,SCSCF,P-200:MTAS,SCSCF,P-200:SCSCF,MTAS,P-200:SCSCF,GTW,P-200:PCSCF,SCSCF,I-200:SCSCF,MTAS,I-200:MTAS,SCSCF,I-200:ICSCF,GTW,I-200:GTW,SCSCF,A:SCSCF,MTAS,A:SCSCF,PCSCF,A:MTAS,SCSCF,A:GTW,SCSCF,B:SCSCF,MTAS,B:MTAS,SCSCF,B:SCSCF,PCSCF,B:PCSCF,SCSCF,B-200:SCSCF,MTAS,B-200:MTAS,SCSCF,B-200:SCSCF,GTW,B-200"
381,381,0,0,0.9990366,"GTW,ICSCF,I:ICSCF,GTW,T:SCSCF,ASLI,I:ASLI,SCSCF,T:ASLI,SCSCF,I-500:SCSCF,BCCAS,I:SCSCF,ASLI,A:BCCAS,SCSCF,T:BCCAS,SCSCF,I:SCSCF,BCCAS,T:SCSCF,PCSCF,I:PCSCF,SCSCF,T:PCSCF,SCSCF,R:SCSCF,BCCAS,R:BCCAS,SCSCF,R:ICSCF,GTW,R:GTW,SCSCF,P:SCSCF,BCCAS,P:BCCAS,SCSCF,P:SCSCF,PCSCF,P:PCSCF,SCSCF,P-200:SCSCF,BCCAS,P-200:BCCAS,SCSCF,P-200:SCSCF,GTW,P-200:PCSCF,SCSCF,I-200:SCSCF,BCCAS,I-200:BCCAS,SCSCF,I-200:ICSCF,GTW,I-200:GTW,SCSCF,A:SCSCF,BCCAS,A:BCCAS,SCSCF,A:SCSCF,PCSCF,A:GTW,SCSCF,B:SCSCF,BCCAS,B:BCCAS,SCSCF,B:SCSCF,PCSCF,B:PCSCF,SCSCF,B-200:SCSCF,BCCAS,B-200:BCCAS,SCSCF,B-200:SCSCF,GTW,B-200"
382,382,0,1,0.39778462,"PCSCF,SCSCF,I:SCSCF,PCSCF,T:SCSCF,PCSCF,I-407:PCSCF,SCSCF,A:PCSCF,SCSCF,I:SCSCF,PCSCF,T:SCSCF,ASLI,I:ASLI,SCSCF,T:ASLI,SCSCF,I-500:SCSCF,ASLI,A:MTAS,SCSCF,I:SCSCF,MTAS,T:SCSCF,GTW,I:GTW,SCSCF,T:GTW,SCSCF,I-200:SCSCF,MTAS,I-200:SCSCF,PCSCF,I-200:PCSCF,SCSCF,A:SCSCF,MTAS,A:MTAS,SCSCF,A:SCSCF,GTW,A:MTAS,SCSCF,U:SCSCF,GTW,U:GTW,SCSCF,U-200:SCSCF,PCSCF,U:SCSCF,MTAS,U-200:PCSCF,SCSCF,U-200:SCSCF,MTAS,U-200:MTAS,SCSCF,U:SCSCF,GTW,U:GTW,SCSCF,U-200:SCSCF,MTAS,U-200:MTAS,SCSCF,U:SCSCF,PCSCF,U:PCSCF,SCSCF,U-200:SCSCF,MTAS,U-200:MTAS,SCSCF,U:SCSCF,GTW,U:GTW,SCSCF,U-200:SCSCF,PCSCF,U:SCSCF,MTAS,U-200:PCSCF,SCSCF,U-200:SCSCF,MTAS,U-200:PCSCF,SCSCF,B:MTAS,SCSCF,B:GTW,SCSCF,B-200:SCSCF,MTAS,B-200:SCSCF,GTW,B:SCSCF,PCSCF,B-200"
383,383,0,1,0.61255765,"GTW,ICSCF,I:ICSCF,GTW,T:SCSCF,ASLI,I:ASLI,SCSCF,T:ASLI,SCSCF,I-500:SCSCF,ASLI,A:SCSCF,MTAS,I:MTAS,SCSCF,T:MTAS,SCSCF,I:SCSCF,MTAS,T:SCSCF,PCSCF,I:PCSCF,SCSCF,T:PCSCF,SCSCF,R:SCSCF,MTAS,R:MTAS,SCSCF,R:ICSCF,GTW,R:GTW,SCSCF,P:SCSCF,MTAS,P:MTAS,SCSCF,P:SCSCF,PCSCF,P:PCSCF,SCSCF,P-200:SCSCF,MTAS,P-200:MTAS,SCSCF,P-200:SCSCF,GTW,P-200:PCSCF,SCSCF,I-200:SCSCF,MTAS,I-200:ICSCF,GTW,I-200:GTW,SCSCF,A:MTAS,SCSCF,I-200:SCSCF,MTAS,A:MTAS,SCSCF,A:SCSCF,PCSCF,A:PCSCF,SCSCF,B:SCSCF,MTAS,B:MTAS,SCSCF,B:SCSCF,GTW,B:GTW,SCSCF,B-200:SCSCF,MTAS,B-200:MTAS,SCSCF,B-200:SCSCF,PCSCF,B-200"
384,384,0,0,0.9960322,"GTW,ICSCF,I:ICSCF,GTW,T:SCSCF,ASLI,I:ASLI,SCSCF,T:ASLI,SCSCF,I-500:SCSCF,ASLI,A:SCSCF,MTAS,I:MTAS,SCSCF,T:MTAS,SCSCF,I:SCSCF,MTAS,T:SCSCF,PCSCF,I:PCSCF,SCSCF,T:PCSCF,SCSCF,R:SCSCF,MTAS,R:MTAS,SCSCF,R:ICSCF,GTW,R:GTW,SCSCF,P:SCSCF,MTAS,P:SCSCF,PCSCF,P:MTAS,SCSCF,P:PCSCF,SCSCF,P-200:SCSCF,MTAS,P-200:MTAS,SCSCF,P-200:SCSCF,GTW,P-200:PCSCF,SCSCF,I-200:SCSCF,MTAS,I-200:MTAS,SCSCF,I-200:ICSCF,GTW,I-200:GTW,SCSCF,A:SCSCF,MTAS,A:MTAS,SCSCF,A:SCSCF,PCSCF,A:GTW,SCSCF,B:SCSCF,MTAS,B:MTAS,SCSCF,B:SCSCF,PCSCF,B:PCSCF,SCSCF,B-200:SCSCF,MTAS,B-200:MTAS,SCSCF,B-200:SCSCF,GTW,B-200"
385,385,0,1,0.64485455,"PCSCF,SCSCF,I:SCSCF,PCSCF,T:SCSCF,ASLI,I:ASLI,SCSCF,T:ASLI,SCSCF,I-500:SCSCF,ASLI,A:MTAS,SCSCF,I:SCSCF,MTAS,T:SCSCF,GTW,I:GTW,SCSCF,T:GTW,SCSCF,W:SCSCF,MTAS,W:SCSCF,PCSCF,W:PCSCF,SCSCF,P:SCSCF,MTAS,P:MTAS,SCSCF,P:SCSCF,GTW,P:GTW,SCSCF,P-200:SCSCF,MTAS,P-200:MTAS,SCSCF,P-200:SCSCF,PCSCF,P-200:GTW,SCSCF,R:SCSCF,MTAS,R:SCSCF,PCSCF,R:GTW,SCSCF,I-200:SCSCF,MTAS,I-200:PCSCF,SCSCF,P:SCSCF,MTAS,P:MTAS,SCSCF,P:SCSCF,GTW,P:GTW,SCSCF,P-200:SCSCF,MTAS,P-200:MTAS,SCSCF,P-200:SCSCF,PCSCF,I-200:SCSCF,PCSCF,P-200:PCSCF,SCSCF,A:SCSCF,MTAS,A:MTAS,SCSCF,A:SCSCF,GTW,A:GTW,SCSCF,I:SCSCF,GTW,T:MTAS,SCSCF,I:SCSCF,MTAS,T:SCSCF,PCSCF,I:PCSCF,SCSCF,I-200:SCSCF,MTAS,I-200:SCSCF,GTW,I-200:GTW,SCSCF,A:MTAS,SCSCF,A:SCSCF,PCSCF,A:PCSCF,SCSCF,B:SCSCF,MTAS,B:MTAS,SCSCF,B:SCSCF,GTW,B:GTW,SCSCF,B-200:SCSCF,MTAS,B-200:MTAS,SCSCF,B-200:SCSCF,PCSCF,B-200"
386,386,0,0,0.99574023,"GTW,ICSCF,I:ICSCF,GTW,T:SCSCF,ASLI,I:ASLI,SCSCF,T:ASLI,SCSCF,I-500:SCSCF,ASLI,A:SCSCF,MTAS,I:MTAS,SCSCF,T:MTAS,SCSCF,I:SCSCF,MTAS,T:SCSCF,PCSCF,I:PCSCF,SCSCF,T:SCSCF,MTAS,R:MTAS,SCSCF,R:SCSCF,MTAS,P:MTAS,SCSCF,P:PCSCF,SCSCF,R:ICSCF,GTW,R:GTW,SCSCF,P:SCSCF,PCSCF,P:SCSCF,MTAS,P-200:MTAS,SCSCF,P-200:PCSCF,SCSCF,P-200:SCSCF,GTW,P-200:PCSCF,SCSCF,I-200:SCSCF,MTAS,I-200:MTAS,SCSCF,I-200:ICSCF,GTW,I-200:SCSCF,MTAS,A:GTW,SCSCF,A:MTAS,SCSCF,A:SCSCF,PCSCF,A:PCSCF,SCSCF,B:SCSCF,MTAS,B:MTAS,SCSCF,B:SCSCF,GTW,B:GTW,SCSCF,B-200:SCSCF,MTAS,B-200:MTAS,SCSCF,B-200:SCSCF,PCSCF,B-200"
387,387,0,1,0.32924995,"PCSCF,SCSCF,I:SCSCF,PCSCF,T:SCSCF,ASLI,I:ASLI,SCSCF,T:ASLI,SCSCF,I-500:SCSCF,ASLI,A:MTAS,SCSCF,I:SCSCF,MTAS,T:SCSCF,ASLI,I:ASLI,SCSCF,T:ASLI,SCSCF,I-500:SCSCF,MTAS,I:SCSCF,ASLI,A:MTAS,SCSCF,T:MTAS,SCSCF,I:SCSCF,MTAS,T:SCSCF,PCSCF,I:PCSCF,SCSCF,T:MTAS,SCSCF,R:PCSCF,SCSCF,R:SCSCF,MTAS,R:SCSCF,PCSCF,R:MTAS,SCSCF,P:PCSCF,SCSCF,P:SCSCF,MTAS,P:MTAS,SCSCF,P:SCSCF,PCSCF,P:PCSCF,SCSCF,P-200:SCSCF,MTAS,P-200:MTAS,SCSCF,P-200:SCSCF,MTAS,P-200:SCSCF,PCSCF,P-200:PCSCF,SCSCF,I-200:SCSCF,MTAS,I-200:MTAS,SCSCF,I-200:SCSCF,MTAS,I-200:SCSCF,PCSCF,I-200:PCSCF,SCSCF,A:MTAS,SCSCF,A:SCSCF,MTAS,A:MTAS,SCSCF,A:SCSCF,PCSCF,A:MTAS,SCSCF,U:SCSCF,PCSCF,U:SCSCF,MTAS,U-200:MTAS,SCSCF,U:SCSCF,PCSCF,U:PCSCF,SCSCF,U-200:SCSCF,MTAS,U-200:PCSCF,SCSCF,U-200:SCSCF,MTAS,U-200:PCSCF,SCSCF,B:MTAS,SCSCF,B:SCSCF,MTAS,B:MTAS,SCSCF,B:SCSCF,PCSCF,B:PCSCF,SCSCF,B-200:SCSCF,MTAS,B-200:MTAS,SCSCF,B-200:SCSCF,MTAS,B-200:SCSCF,PCSCF,B-200"
388,388,0,0,0.9780516,"MTAS,SCSCF,I:SCSCF,MTAS,T:SCSCF,PCSCF,I:PCSCF,SCSCF,T:PCSCF,SCSCF,R:SCSCF,MTAS,R:MTAS,SCSCF,P:SCSCF,PCSCF,P:PCSCF,SCSCF,P-200:SCSCF,MTAS,P-200:PCSCF,SCSCF,I-200:SCSCF,MTAS,I-200:MTAS,SCSCF,A:MTAS,SCSCF,I:SCSCF,PCSCF,A:SCSCF,MTAS,T:SCSCF,PCSCF,I:PCSCF,SCSCF,I-200:SCSCF,MTAS,I-200:MTAS,SCSCF,A:SCSCF,PCSCF,A:MTAS,SCSCF,B:SCSCF,PCSCF,B:PCSCF,SCSCF,B-200:SCSCF,MTAS,B-200"
389,389,0,1,0.76173025,"GTW,ICSCF,I:ICSCF,GTW,T:SCSCF,ASLI,I:ASLI,SCSCF,T:ASLI,SCSCF,I-500:SCSCF,ASLI,A:SCSCF,MTAS,I:MTAS,SCSCF,T:MTAS,SCSCF,I:SCSCF,MTAS,T:SCSCF,PCSCF,I:PCSCF,SCSCF,T:PCSCF,SCSCF,R:SCSCF,MTAS,R:MTAS,SCSCF,R:ICSCF,GTW,R:GTW,SCSCF,P:SCSCF,MTAS,P:MTAS,SCSCF,P:SCSCF,PCSCF,P:PCSCF,SCSCF,P-200:SCSCF,MTAS,P-200:MTAS,SCSCF,P-200:SCSCF,GTW,P-200:PCSCF,SCSCF,I-200:SCSCF,MTAS,I-200:MTAS,SCSCF,I-200:ICSCF,GTW,I-200:GTW,SCSCF,A:SCSCF,MTAS,A:MTAS,SCSCF,A:SCSCF,PCSCF,A:GTW,SCSCF,B:SCSCF,MTAS,B:PCSCF,SCSCF,B:MTAS,SCSCF,B:SCSCF,MTAS,B:SCSCF,PCSCF,B:MTAS,SCSCF,B-200:SCSCF,PCSCF,B-200:PCSCF,SCSCF,B-481:SCSCF,MTAS,B-481:MTAS,SCSCF,B-200:SCSCF,GTW,B-200"
390,390,0,1,0.3040127,"PCSCF,SCSCF,I:SCSCF,ASLI,I:ASLI,SCSCF,T:SCSCF,PCSCF,T:ASLI,SCSCF,I-500:SCSCF,ASLI,A:MTAS,SCSCF,I:SCSCF,MTAS,T:SCSCF,GTW,I:GTW,SCSCF,T:GTW,SCSCF,R:SCSCF,MTAS,R:SCSCF,PCSCF,R:PCSCF,SCSCF,P:MTAS,SCSCF,P:SCSCF,GTW,P:GTW,SCSCF,P-200:SCSCF,MTAS,P-200:SCSCF,PCSCF,P-200:GTW,SCSCF,I-200:SCSCF,MTAS,I-200:SCSCF,PCSCF,I-200:PCSCF,SCSCF,A:SCSCF,MTAS,A:MTAS,SCSCF,A:SCSCF,GTW,A:MTAS,SCSCF,U:SCSCF,GTW,U:SCSCF,PCSCF,U:GTW,SCSCF,U-200:SCSCF,MTAS,U-200:PCSCF,SCSCF,U-200:SCSCF,MTAS,U-200:MTAS,SCSCF,U:SCSCF,GTW,U:GTW,SCSCF,U-200:SCSCF,MTAS,U-200:MTAS,SCSCF,U:SCSCF,PCSCF,U:PCSCF,SCSCF,U-200:SCSCF,MTAS,U-200:MTAS,SCSCF,U:SCSCF,GTW,U:GTW,SCSCF,U-200:SCSCF,MTAS,U-200:MTAS,SCSCF,U:SCSCF,PCSCF,U:PCSCF,SCSCF,U-200:SCSCF,MTAS,U-200:PCSCF,SCSCF,B:MTAS,SCSCF,B:SCSCF,GTW,B:GTW,SCSCF,B-200:SCSCF,MTAS,B-200:SCSCF,PCSCF,B-200"
391,391,0,1,0.35728815,"PCSCF,SCSCF,I:SCSCF,PCSCF,T:SCSCF,PCSCF,I-407:PCSCF,SCSCF,A:PCSCF,SCSCF,I:SCSCF,ASLI,I:ASLI,SCSCF,T:ASLI,SCSCF,I-500:SCSCF,ASLI,A:SCSCF,PCSCF,T:MTAS,SCSCF,I:SCSCF,MTAS,T:SCSCF,ASLI,I:ASLI,SCSCF,T:ASLI,SCSCF,I-500:SCSCF,ASLI,A:SCSCF,MTAS,I:MTAS,SCSCF,T:MTAS,SCSCF,I:SCSCF,MTAS,T:SCSCF,PCSCF,I:PCSCF,SCSCF,T:PCSCF,SCSCF,R:SCSCF,MTAS,R:MTAS,SCSCF,R:SCSCF,MTAS,R:SCSCF,PCSCF,R:PCSCF,SCSCF,P:MTAS,SCSCF,P:SCSCF,MTAS,P:MTAS,SCSCF,P:SCSCF,PCSCF,P:PCSCF,SCSCF,R:SCSCF,MTAS,R:PCSCF,SCSCF,P-200:SCSCF,MTAS,P-200:MTAS,SCSCF,P-200:SCSCF,MTAS,P-200:SCSCF,PCSCF,P-200:PCSCF,SCSCF,I-200:SCSCF,MTAS,I-200:MTAS,SCSCF,I-200:SCSCF,MTAS,I-200:SCSCF,PCSCF,I-200:PCSCF,SCSCF,B:SCSCF,MTAS,B:PCSCF,SCSCF,I-200:SCSCF,MTAS,I-200:PCSCF,SCSCF,A:MTAS,SCSCF,A:SCSCF,MTAS,A:MTAS,SCSCF,A:SCSCF,PCSCF,A:SCSCF,PCSCF,B-408:PCSCF,SCSCF,B:MTAS,SCSCF,B:SCSCF,MTAS,B:MTAS,SCSCF,B:SCSCF,MTAS,B-481:MTAS,SCSCF,B-200:SCSCF,MTAS,B-200:SCSCF,PCSCF,B-200"
392,392,0,1,0.6078052,"PCSCF,SCSCF,I:SCSCF,PCSCF,T:SCSCF,PCSCF,I-407:PCSCF,SCSCF,A:PCSCF,SCSCF,I:SCSCF,ASLI,I:SCSCF,PCSCF,T:ASLI,SCSCF,T:ASLI,SCSCF,I-500:SCSCF,ASLI,A:MTAS,SCSCF,I:SCSCF,MTAS,T:SCSCF,GTW,I:GTW,SCSCF,T:GTW,SCSCF,S:SCSCF,MTAS,S:SCSCF,PCSCF,S:PCSCF,SCSCF,P:MTAS,SCSCF,P:SCSCF,GTW,P:GTW,SCSCF,P-200:SCSCF,MTAS,P-200:SCSCF,PCSCF,P-200:GTW,SCSCF,R:SCSCF,MTAS,R:SCSCF,PCSCF,R:PCSCF,SCSCF,P:MTAS,SCSCF,P:SCSCF,GTW,P:GTW,SCSCF,P-200:SCSCF,MTAS,P-200:SCSCF,PCSCF,P-200:GTW,SCSCF,I-200:SCSCF,MTAS,I-200:SCSCF,PCSCF,I-200:PCSCF,SCSCF,A:SCSCF,MTAS,A:MTAS,SCSCF,A:SCSCF,GTW,A:GTW,SCSCF,B:MTAS,SCSCF,B:SCSCF,PCSCF,B:PCSCF,SCSCF,B-200:SCSCF,MTAS,B-200:SCSCF,GTW,B-200"
393,393,0,0,0.9989507,"GTW,ICSCF,I:ICSCF,GTW,T:SCSCF,ASLI,I:ASLI,SCSCF,T:ASLI,SCSCF,I-500:SCSCF,ASLI,A:SCSCF,MTAS,I:MTAS,SCSCF,T:MTAS,SCSCF,I:SCSCF,MTAS,T:SCSCF,PCSCF,I:PCSCF,SCSCF,T:SCSCF,MTAS,R:PCSCF,SCSCF,R:MTAS,SCSCF,R:ICSCF,GTW,R:GTW,SCSCF,P:SCSCF,MTAS,P:MTAS,SCSCF,P:SCSCF,PCSCF,P:SCSCF,MTAS,P-200:PCSCF,SCSCF,P-200:MTAS,SCSCF,P-200:SCSCF,GTW,P-200:PCSCF,SCSCF,I-200:SCSCF,MTAS,I-200:MTAS,SCSCF,I-200:ICSCF,GTW,I-200:GTW,SCSCF,A:SCSCF,MTAS,A:MTAS,SCSCF,A:SCSCF,PCSCF,A:MTAS,SCSCF,U:SCSCF,PCSCF,U:SCSCF,GTW,U:GTW,SCSCF,U-200:SCSCF,MTAS,U-200:PCSCF,SCSCF,U-200:SCSCF,MTAS,U-200:GTW,SCSCF,B:SCSCF,MTAS,B:MTAS,SCSCF,B:SCSCF,PCSCF,B:PCSCF,SCSCF,B-200:SCSCF,MTAS,B-200:MTAS,SCSCF,B-200:SCSCF,GTW,B-200"
394,394,0,1,0.7974184,"PCSCF,SCSCF,I:SCSCF,PCSCF,T:SCSCF,ASLI,I:ASLI,SCSCF,T:ASLI,SCSCF,I-500:SCSCF,ASLI,A:MTAS,SCSCF,I:SCSCF,MTAS,T:SCSCF,GTW,I:GTW,SCSCF,T:GTW,SCSCF,I-484:SCSCF,MTAS,I-484:SCSCF,GTW,A:MTAS,SCSCF,A:SCSCF,PCSCF,I-484:PCSCF,SCSCF,A"
395,395,0,1,0.40817544,"GTW,ICSCF,I:ICSCF,GTW,T:SCSCF,ASLI,I:ASLI,SCSCF,T:ASLI,SCSCF,I-500:SCSCF,MTAS,I:SCSCF,ASLI,A:MTAS,SCSCF,T:MTAS,SCSCF,S:ICSCF,GTW,S:GTW,SCSCF,P:SCSCF,MTAS,P:MTAS,SCSCF,P-200:SCSCF,GTW,P-200:MTAS,SCSCF,I-603:SCSCF,MTAS,A:ICSCF,GTW,I-603:GTW,ICSCF,A"
396,396,0,0,0.93064624,"GTW,SCSCF,I:SCSCF,GTW,T:SCSCF,SLEVOOSP,I:SLEVOOSP,SCSCF,T:SLEVOOSP,SCSCF,I:SCSCF,SLEVOOSP,T:SCSCF,LBIMP,I:LBIMP,SCSCF,T:LBIMP,SCSCF,R:SCSCF,SLEVOOSP,R:LBIMP,SCSCF,I-200:SCSCF,SLEVOOSP,I-200:SLEVOOSP,SCSCF,S:SCSCF,GTW,S:GTW,SCSCF,P:SCSCF,SLEVOOSP,P:SLEVOOSP,SCSCF,P-200:SCSCF,GTW,P-200:SLEVOOSP,SCSCF,I-200:SCSCF,GTW,I-200:GTW,SCSCF,A:SCSCF,SLEVOOSP,A:SLEVOOSP,SCSCF,A:SCSCF,LBIMP,A:LBIMP,SCSCF,B:SCSCF,SLEVOOSP,B:SLEVOOSP,SCSCF,B-200:SCSCF,LBIMP,B-200:GTW,SCSCF,B:SCSCF,SLEVOOSP,B:SLEVOOSP,SCSCF,B-200:SCSCF,GTW,B-200"
397,397,0,1,0.4853568,"PCSCF,SCSCF,I:SCSCF,ASLI,I:ASLI,SCSCF,T:ASLI,SCSCF,I-500:SCSCF,ASLI,A:MTAS,SCSCF,I:SCSCF,MTAS,T:SCSCF,PCSCF,T:SCSCF,GTW,I:GTW,SCSCF,T:GTW,SCSCF,S:SCSCF,MTAS,S:SCSCF,PCSCF,S:PCSCF,SCSCF,P:MTAS,SCSCF,P:SCSCF,GTW,P:GTW,SCSCF,P-200:SCSCF,MTAS,P-200:SCSCF,PCSCF,P-200:GTW,SCSCF,S:SCSCF,MTAS,S:SCSCF,PCSCF,S:GTW,SCSCF,I-200:SCSCF,MTAS,I-200:SCSCF,PCSCF,I-200:PCSCF,SCSCF,P:MTAS,SCSCF,P:SCSCF,GTW,P:GTW,SCSCF,P-200:SCSCF,MTAS,P-200:PCSCF,SCSCF,A:SCSCF,MTAS,A:MTAS,SCSCF,A:SCSCF,GTW,A:SCSCF,PCSCF,P-200:GTW,SCSCF,B:MTAS,SCSCF,B:SCSCF,PCSCF,B:PCSCF,SCSCF,B-200:SCSCF,MTAS,B-200:SCSCF,GTW,B-200"
398,398,0,0,0.9496183,"PCSCF,SCSCF,I:SCSCF,PCSCF,T:SCSCF,PCSCF,I-407:PCSCF,SCSCF,A:PCSCF,SCSCF,I:SCSCF,ASLI,I:ASLI,SCSCF,T:ASLI,SCSCF,I-500:SCSCF,ASLI,A:MTAS,SCSCF,I:SCSCF,MTAS,T:SCSCF,PCSCF,T:SCSCF,GTW,I:GTW,SCSCF,T:GTW,SCSCF,S:SCSCF,MTAS,S:SCSCF,PCSCF,S:PCSCF,SCSCF,P:MTAS,SCSCF,P:SCSCF,GTW,P:GTW,SCSCF,P-200:SCSCF,MTAS,P-200:SCSCF,PCSCF,P-200:GTW,SCSCF,R:SCSCF,MTAS,R:SCSCF,PCSCF,R:PCSCF,SCSCF,P:MTAS,SCSCF,P:SCSCF,GTW,P:GTW,SCSCF,P-200:SCSCF,MTAS,P-200:SCSCF,PCSCF,P-200:GTW,SCSCF,I-200:SCSCF,MTAS,I-200:SCSCF,PCSCF,I-200:PCSCF,SCSCF,A:SCSCF,MTAS,A:MTAS,SCSCF,A:SCSCF,GTW,A:GTW,SCSCF,B:MTAS,SCSCF,B:SCSCF,PCSCF,B:PCSCF,SCSCF,B-200:SCSCF,MTAS,B-200:SCSCF,GTW,B-200"
399,399,0,1,0.8465137,"PCSCF,SCSCF,I:SCSCF,ASLI,I:ASLI,SCSCF,T:ASLI,SCSCF,I-500:SCSCF,ASLI,A:SCSCF,PCSCF,T:MTAS,SCSCF,I:SCSCF,MTAS,T:SCSCF,GTW,I:GTW,SCSCF,T:GTW,SCSCF,R:SCSCF,MTAS,R:SCSCF,PCSCF,R:PCSCF,SCSCF,P:SCSCF,MTAS,P:MTAS,SCSCF,P:SCSCF,GTW,P:GTW,SCSCF,P-200:SCSCF,MTAS,P-200:MTAS,SCSCF,P-200:SCSCF,PCSCF,P-200:GTW,SCSCF,I-200:SCSCF,MTAS,I-200:SCSCF,PCSCF,I-200:PCSCF,SCSCF,A:SCSCF,MTAS,A:MTAS,SCSCF,A:SCSCF,GTW,A:PCSCF,SCSCF,B:SCSCF,MTAS,B:MTAS,SCSCF,B:SCSCF,GTW,B:GTW,SCSCF,B-200:SCSCF,MTAS,B-200:MTAS,SCSCF,B-200:SCSCF,PCSCF,B-200"
400,400,0,0,0.9935488,"PCSCF,SCSCF,I:SCSCF,PCSCF,T:SCSCF,PCSCF,I-407:PCSCF,SCSCF,A:PCSCF,SCSCF,I:SCSCF,PCSCF,T:SCSCF,ASLI,I:ASLI,SCSCF,T:ASLI,SCSCF,I-500:SCSCF,ASLI,A:MTAS,SCSCF,I:SCSCF,MTAS,T:SCSCF,ASLI,I:ASLI,SCSCF,T:ASLI,SCSCF,I-500:SCSCF,MTAS,I:SCSCF,ASLI,A:MTAS,SCSCF,T:MTAS,SCSCF,I:SCSCF,MTAS,T:SCSCF,PCSCF,I:PCSCF,SCSCF,T:PCSCF,SCSCF,R:SCSCF,MTAS,R:MTAS,SCSCF,R:SCSCF,MTAS,R:SCSCF,PCSCF,R:PCSCF,SCSCF,P:MTAS,SCSCF,P:SCSCF,MTAS,P:MTAS,SCSCF,P:SCSCF,PCSCF,P:PCSCF,SCSCF,P-200:SCSCF,MTAS,P-200:MTAS,SCSCF,P-200:SCSCF,MTAS,P-200:SCSCF,PCSCF,P-200:PCSCF,SCSCF,I-200:SCSCF,MTAS,I-200:MTAS,SCSCF,I-200:SCSCF,MTAS,I-200:SCSCF,PCSCF,I-200:PCSCF,SCSCF,A:MTAS,SCSCF,A:SCSCF,MTAS,A:MTAS,SCSCF,A:SCSCF,PCSCF,A:PCSCF,SCSCF,B:MTAS,SCSCF,B:SCSCF,MTAS,B:MTAS,SCSCF,B:SCSCF,PCSCF,B:PCSCF,SCSCF,B-200:SCSCF,MTAS,B-200:MTAS,SCSCF,B-200:SCSCF,MTAS,B-200:SCSCF,PCSCF,B-200"
401,401,0,0,0.9030954,"PCSCF,SCSCF,I:SCSCF,PCSCF,T:SCSCF,ASLI,I:ASLI,SCSCF,T:ASLI,SCSCF,I-500:SCSCF,ASLI,A:MTAS,SCSCF,I:SCSCF,MTAS,T:SCSCF,GTW,I:GTW,SCSCF,T:GTW,SCSCF,S:SCSCF,MTAS,S:SCSCF,PCSCF,S:PCSCF,SCSCF,P:MTAS,SCSCF,P:SCSCF,GTW,P:GTW,SCSCF,P-200:SCSCF,MTAS,P-200:SCSCF,PCSCF,P-200:GTW,SCSCF,S:SCSCF,MTAS,S:SCSCF,PCSCF,S:PCSCF,SCSCF,P:MTAS,SCSCF,P:SCSCF,GTW,P:GTW,SCSCF,P-200:SCSCF,MTAS,P-200:SCSCF,PCSCF,P-200:GTW,SCSCF,R:SCSCF,MTAS,R:SCSCF,PCSCF,R:GTW,SCSCF,I-200:SCSCF,MTAS,I-200:SCSCF,PCSCF,I-200:PCSCF,SCSCF,A:SCSCF,MTAS,A:MTAS,SCSCF,A:SCSCF,GTW,A:PCSCF,SCSCF,B:MTAS,SCSCF,B:SCSCF,GTW,B:GTW,SCSCF,B-200:SCSCF,MTAS,B-200:SCSCF,PCSCF,B-200"
402,402,0,0,0.99898475,"MTAS,SCSCF,I:SCSCF,MTAS,T:SCSCF,GTW,I:GTW,SCSCF,T:GTW,SCSCF,R:SCSCF,MTAS,R:MTAS,SCSCF,P:SCSCF,GTW,P:GTW,SCSCF,P-200:SCSCF,MTAS,P-200:GTW,SCSCF,I-200:SCSCF,MTAS,I-200:MTAS,SCSCF,A:SCSCF,GTW,A:MTAS,SCSCF,B:SCSCF,GTW,B:GTW,SCSCF,B-200:SCSCF,MTAS,B-200"
403,403,0,1,0.5613288,"GTW,ICSCF,I:ICSCF,GTW,T:SCSCF,ASLI,I:ASLI,SCSCF,T:ASLI,SCSCF,I-500:SCSCF,ASLI,A:SCSCF,MTAS,I:MTAS,SCSCF,T:MTAS,SCSCF,I:SCSCF,MTAS,T:SCSCF,GTW,I:MTAS,SCSCF,W:ICSCF,GTW,W:GTW,SCSCF,T:GTW,SCSCF,S:SCSCF,MTAS,S:MTAS,SCSCF,S:ICSCF,GTW,S:GTW,SCSCF,P:SCSCF,MTAS,P:MTAS,SCSCF,P:SCSCF,GTW,P:GTW,SCSCF,P-200:SCSCF,MTAS,P-200:MTAS,SCSCF,P-200:SCSCF,GTW,P-200:GTW,SCSCF,R:SCSCF,MTAS,R:MTAS,SCSCF,R:ICSCF,GTW,R:GTW,SCSCF,P:SCSCF,MTAS,P:MTAS,SCSCF,P:SCSCF,GTW,P:GTW,SCSCF,P-200:SCSCF,MTAS,P-200:MTAS,SCSCF,P-200:SCSCF,GTW,P-200:GTW,SCSCF,I-200:SCSCF,MTAS,I-200:MTAS,SCSCF,I-200:ICSCF,GTW,I-200:GTW,SCSCF,A:SCSCF,MTAS,A:MTAS,SCSCF,A:SCSCF,GTW,A:GTW,SCSCF,B:SCSCF,MTAS,B:MTAS,SCSCF,B:SCSCF,GTW,B:GTW,SCSCF,B-200:SCSCF,MTAS,B-200:MTAS,SCSCF,B-200:SCSCF,GTW,B-200"
404,404,0,1,0.39158577,"PCSCF,SCSCF,I:SCSCF,ASLI,I:ASLI,SCSCF,T:ASLI,SCSCF,I-500:SCSCF,ASLI,A:MTAS,SCSCF,I:SCSCF,MTAS,T:SCSCF,PCSCF,T:SCSCF,ASLI,I:ASLI,SCSCF,T:ASLI,SCSCF,I-500:SCSCF,ASLI,A:SCSCF,MTAS,I:MTAS,SCSCF,T:MTAS,SCSCF,I:SCSCF,MTAS,T:SCSCF,PCSCF,I:PCSCF,SCSCF,T:PCSCF,SCSCF,R:SCSCF,MTAS,R:MTAS,SCSCF,R:SCSCF,MTAS,R:SCSCF,PCSCF,R:PCSCF,SCSCF,P:MTAS,SCSCF,P:SCSCF,MTAS,P:MTAS,SCSCF,P:SCSCF,PCSCF,P:PCSCF,SCSCF,P-200:SCSCF,MTAS,P-200:MTAS,SCSCF,P-200:SCSCF,MTAS,P-200:SCSCF,PCSCF,P-200:PCSCF,SCSCF,I-200:SCSCF,MTAS,I-200:MTAS,SCSCF,I-200:SCSCF,MTAS,I-200:SCSCF,PCSCF,I-200:PCSCF,SCSCF,A:MTAS,SCSCF,A:SCSCF,MTAS,A:MTAS,SCSCF,A:SCSCF,PCSCF,A:MTAS,SCSCF,U:SCSCF,PCSCF,U:SCSCF,MTAS,U-200:PCSCF,SCSCF,U-200:SCSCF,MTAS,U-200:MTAS,SCSCF,U:SCSCF,PCSCF,U:SCSCF,MTAS,U-200:MTAS,SCSCF,U:SCSCF,PCSCF,U:PCSCF,SCSCF,U-200:SCSCF,MTAS,U-200:PCSCF,SCSCF,U-200:SCSCF,MTAS,U-200:PCSCF,SCSCF,B:SCSCF,MTAS,B:MTAS,SCSCF,B:SCSCF,PCSCF,B:PCSCF,SCSCF,B-200:SCSCF,MTAS,B-200:MTAS,SCSCF,B-200:SCSCF,PCSCF,B-200"
405,405,0,1,0.65669835,"PCSCF,SCSCF,I:SCSCF,PCSCF,T:SCSCF,ASLI,I:ASLI,SCSCF,T:ASLI,SCSCF,I-500:SCSCF,ASLI,A:MTAS,SCSCF,I:SCSCF,MTAS,T:SCSCF,GTW,I:GTW,SCSCF,T:GTW,SCSCF,S:SCSCF,MTAS,S:SCSCF,PCSCF,S:PCSCF,SCSCF,P:MTAS,SCSCF,P:SCSCF,GTW,P:GTW,SCSCF,P-200:GTW,SCSCF,S:SCSCF,MTAS,S:SCSCF,MTAS,P-200:SCSCF,PCSCF,P-200:SCSCF,PCSCF,S:PCSCF,SCSCF,P:MTAS,SCSCF,P:SCSCF,GTW,P:GTW,SCSCF,P-200:GTW,SCSCF,I-200:SCSCF,MTAS,P-200:SCSCF,MTAS,I-200:SCSCF,PCSCF,P-200:SCSCF,PCSCF,I-200:PCSCF,SCSCF,A:SCSCF,MTAS,A:MTAS,SCSCF,A:SCSCF,GTW,A:MTAS,SCSCF,U:SCSCF,GTW,U:GTW,SCSCF,U-200:SCSCF,MTAS,U-200:MTAS,SCSCF,U:SCSCF,PCSCF,U:PCSCF,SCSCF,U-200:SCSCF,MTAS,U-200:PCSCF,SCSCF,B:MTAS,SCSCF,B:SCSCF,GTW,B:GTW,SCSCF,B-200:SCSCF,MTAS,B-200:SCSCF,PCSCF,B-200"
406,406,0,0,0.95600486,"GTW,ICSCF,I:ICSCF,GTW,T:SCSCF,ASLI,I:ASLI,SCSCF,T:ASLI,SCSCF,I-500:SCSCF,ASLI,A:SCSCF,MTAS,I:MTAS,SCSCF,T:MTAS,SCSCF,I:SCSCF,MTAS,T:SCSCF,PCSCF,I:PCSCF,SCSCF,T:PCSCF,SCSCF,R:SCSCF,MTAS,R:MTAS,SCSCF,R:ICSCF,GTW,R:GTW,SCSCF,P:SCSCF,MTAS,P:MTAS,SCSCF,P:SCSCF,PCSCF,P:PCSCF,SCSCF,P-200:SCSCF,MTAS,P-200:MTAS,SCSCF,P-200:SCSCF,GTW,P-200:PCSCF,SCSCF,I-200:SCSCF,MTAS,I-200:MTAS,SCSCF,I-200:ICSCF,GTW,I-200:GTW,SCSCF,A:SCSCF,MTAS,A:MTAS,SCSCF,A:SCSCF,PCSCF,A:MTAS,SCSCF,U:SCSCF,GTW,U:GTW,SCSCF,U-200:SCSCF,MTAS,U-200:SCSCF,PCSCF,U:PCSCF,SCSCF,U-200:SCSCF,MTAS,U-200:MTAS,SCSCF,U:SCSCF,GTW,U:GTW,SCSCF,U-200:SCSCF,MTAS,U-200:MTAS,SCSCF,U:SCSCF,PCSCF,U:PCSCF,SCSCF,U-200:SCSCF,MTAS,U-200:MTAS,SCSCF,U:SCSCF,GTW,U:GTW,SCSCF,U-200:SCSCF,MTAS,U-200:MTAS,SCSCF,U:SCSCF,PCSCF,U:PCSCF,SCSCF,U-200:SCSCF,MTAS,U-200:GTW,SCSCF,B:SCSCF,MTAS,B:MTAS,SCSCF,B:SCSCF,PCSCF,B:PCSCF,SCSCF,B-200:SCSCF,MTAS,B-200:MTAS,SCSCF,B-200:SCSCF,GTW,B-200"
407,407,0,1,0.29261115,"PCSCF,SCSCF,I:SCSCF,PCSCF,T:SCSCF,PCSCF,I-407:PCSCF,SCSCF,A:PCSCF,SCSCF,I:SCSCF,PCSCF,T:SCSCF,ASLI,I:ASLI,SCSCF,T:ASLI,SCSCF,I-500:SCSCF,ASLI,A:MTAS,SCSCF,I:SCSCF,MTAS,T:SCSCF,ASLI,I:ASLI,SCSCF,T:ASLI,SCSCF,I-500:SCSCF,ASLI,A:SCSCF,MTAS,I:MTAS,SCSCF,T:MTAS,SCSCF,I:SCSCF,MTAS,T:SCSCF,PCSCF,I:PCSCF,SCSCF,T:PCSCF,SCSCF,R:SCSCF,MTAS,R:MTAS,SCSCF,R:SCSCF,MTAS,R:SCSCF,PCSCF,R:PCSCF,SCSCF,P:MTAS,SCSCF,P:SCSCF,MTAS,P:MTAS,SCSCF,P:SCSCF,PCSCF,P:PCSCF,SCSCF,P-200:SCSCF,MTAS,P-200:MTAS,SCSCF,P-200:SCSCF,MTAS,P-200:SCSCF,PCSCF,P-200:PCSCF,SCSCF,C:MTAS,SCSCF,C:SCSCF,MTAS,C-200:SCSCF,MTAS,C:MTAS,SCSCF,C-200:MTAS,SCSCF,C:SCSCF,MTAS,C-200:SCSCF,PCSCF,C:PCSCF,SCSCF,C-200:SCSCF,PCSCF,C-200:PCSCF,SCSCF,I-487:SCSCF,PCSCF,A:SCSCF,MTAS,I-487:MTAS,SCSCF,A:MTAS,SCSCF,I-487:SCSCF,MTAS,A:SCSCF,MTAS,I-487:MTAS,SCSCF,A:SCSCF,PCSCF,I-487:PCSCF,SCSCF,A"
408,408,0,0,0.9960322,"GTW,ICSCF,I:ICSCF,GTW,T:SCSCF,ASLI,I:ASLI,SCSCF,T:ASLI,SCSCF,I-500:SCSCF,ASLI,A:SCSCF,MTAS,I:MTAS,SCSCF,T:MTAS,SCSCF,I:SCSCF,MTAS,T:SCSCF,PCSCF,I:PCSCF,SCSCF,T:PCSCF,SCSCF,R:SCSCF,MTAS,R:MTAS,SCSCF,R:ICSCF,GTW,R:GTW,SCSCF,P:SCSCF,MTAS,P:MTAS,SCSCF,P:SCSCF,PCSCF,P:PCSCF,SCSCF,P-200:SCSCF,MTAS,P-200:MTAS,SCSCF,P-200:SCSCF,GTW,P-200:SCSCF,MTAS,I-200:MTAS,SCSCF,I-200:ICSCF,GTW,I-200:PCSCF,SCSCF,I-200:GTW,SCSCF,A:SCSCF,MTAS,A:MTAS,SCSCF,A:SCSCF,PCSCF,A:PCSCF,SCSCF,B:SCSCF,MTAS,B:MTAS,SCSCF,B:SCSCF,GTW,B:GTW,SCSCF,B-200:SCSCF,MTAS,B-200:MTAS,SCSCF,B-200:SCSCF,PCSCF,B-200"
409,409,0,0,0.96567297,"PCSCF,SCSCF,I:SCSCF,PCSCF,T:SCSCF,ASLI,I:ASLI,SCSCF,T:ASLI,SCSCF,I-500:SCSCF,ASLI,A:MTAS,SCSCF,I:SCSCF,MTAS,T:SCSCF,GTW,I:GTW,SCSCF,T:GTW,SCSCF,R:SCSCF,MTAS,R:SCSCF,PCSCF,R:GTW,SCSCF,I-200:PCSCF,SCSCF,P:SCSCF,MTAS,P:MTAS,SCSCF,P:SCSCF,MTAS,I-200:SCSCF,GTW,P:SCSCF,PCSCF,I-200:GTW,SCSCF,P-200:SCSCF,MTAS,P-200:MTAS,SCSCF,P-200:SCSCF,PCSCF,P-200:PCSCF,SCSCF,A:SCSCF,MTAS,A:MTAS,SCSCF,A:SCSCF,GTW,A:MTAS,SCSCF,U:SCSCF,GTW,U:GTW,SCSCF,U-200:SCSCF,MTAS,U-200:MTAS,SCSCF,U:SCSCF,PCSCF,U:PCSCF,SCSCF,U-200:SCSCF,MTAS,U-200:MTAS,SCSCF,U:SCSCF,GTW,U:GTW,SCSCF,U-200:SCSCF,MTAS,U-200:MTAS,SCSCF,U:SCSCF,PCSCF,U:PCSCF,SCSCF,U-200:SCSCF,MTAS,U-200:PCSCF,SCSCF,B:SCSCF,MTAS,B:MTAS,SCSCF,B:SCSCF,GTW,B:GTW,SCSCF,B-200:SCSCF,MTAS,B-200:MTAS,SCSCF,B-200:SCSCF,PCSCF,B-200"
410,410,0,1,0.26522794,"PCSCF,SCSCF,I:SCSCF,ASLI,I:SCSCF,PCSCF,T:ASLI,SCSCF,T:ASLI,SCSCF,I-500:SCSCF,ASLI,A:MTAS,SCSCF,I:SCSCF,MTAS,T:SCSCF,ASLI,I:ASLI,SCSCF,T:ASLI,SCSCF,I-500:SCSCF,ASLI,A:SCSCF,MTAS,I:MTAS,SCSCF,T:MTAS,SCSCF,I-486:SCSCF,MTAS,A:SCSCF,MTAS,I-486:MTAS,SCSCF,A:SCSCF,PCSCF,S:PCSCF,SCSCF,P:SCSCF,PCSCF,P-200:PCSCF,SCSCF,C:SCSCF,PCSCF,C-200:SCSCF,PCSCF,I-487:PCSCF,SCSCF,A"
411,411,0,1,0.35350814,"PCSCF,SCSCF,I:SCSCF,PCSCF,T:SCSCF,PCSCF,I-407:PCSCF,SCSCF,A:PCSCF,SCSCF,I:SCSCF,PCSCF,T:SCSCF,ASLI,I:ASLI,SCSCF,T:ASLI,SCSCF,I-500:SCSCF,ASLI,A:MTAS,SCSCF,I:SCSCF,MTAS,T:SCSCF,GTW,I:GTW,SCSCF,T:GTW,SCSCF,S:SCSCF,MTAS,S:SCSCF,PCSCF,S:PCSCF,SCSCF,P:SCSCF,MTAS,P:MTAS,SCSCF,P:SCSCF,GTW,P:GTW,SCSCF,P-200:SCSCF,MTAS,P-200:MTAS,SCSCF,P-200:SCSCF,PCSCF,P-200:GTW,SCSCF,R:SCSCF,MTAS,R:SCSCF,PCSCF,R:PCSCF,SCSCF,P:SCSCF,MTAS,P:MTAS,SCSCF,P:SCSCF,GTW,P:GTW,SCSCF,P-200:SCSCF,MTAS,P-200:MTAS,SCSCF,P-200:SCSCF,PCSCF,P-200:GTW,SCSCF,I-200:SCSCF,MTAS,I-200:SCSCF,PCSCF,I-200:PCSCF,SCSCF,A:SCSCF,MTAS,A:MTAS,SCSCF,A:SCSCF,GTW,A:MTAS,SCSCF,U:SCSCF,GTW,U:GTW,SCSCF,U-200:SCSCF,MTAS,U-200:MTAS,SCSCF,U:SCSCF,PCSCF,U:PCSCF,SCSCF,U-200:SCSCF,MTAS,U-200:GTW,SCSCF,B:MTAS,SCSCF,B:SCSCF,PCSCF,B:PCSCF,SCSCF,B-200:SCSCF,MTAS,B-200:SCSCF,GTW,B-200"
412,412,0,1,0.32269758,"PCSCF,SCSCF,I:SCSCF,PCSCF,T:SCSCF,ASLI,I:ASLI,SCSCF,T:ASLI,SCSCF,I-500:SCSCF,ASLI,A:MTAS,SCSCF,I:SCSCF,MTAS,T:SCSCF,ASLI,I:ASLI,SCSCF,T:ASLI,SCSCF,I-500:SCSCF,ASLI,A:SCSCF,MTAS,I:MTAS,SCSCF,T:MTAS,SCSCF,I:SCSCF,MTAS,T:SCSCF,PCSCF,I:PCSCF,SCSCF,T:PCSCF,SCSCF,R:SCSCF,MTAS,R:MTAS,SCSCF,R:SCSCF,MTAS,R:SCSCF,PCSCF,R:PCSCF,SCSCF,P:MTAS,SCSCF,P:SCSCF,MTAS,P:MTAS,SCSCF,P:SCSCF,PCSCF,P:PCSCF,SCSCF,P-200:SCSCF,MTAS,P-200:MTAS,SCSCF,P-200:SCSCF,MTAS,P-200:SCSCF,PCSCF,P-200:PCSCF,SCSCF,I-200:SCSCF,MTAS,I-200:MTAS,SCSCF,I-200:SCSCF,MTAS,I-200:SCSCF,PCSCF,I-200:PCSCF,SCSCF,A:MTAS,SCSCF,A:SCSCF,MTAS,A:MTAS,SCSCF,A:SCSCF,PCSCF,A:MTAS,SCSCF,U:SCSCF,PCSCF,U:PCSCF,SCSCF,U-200:SCSCF,MTAS,U-200:MTAS,SCSCF,U:SCSCF,MTAS,U-200:MTAS,SCSCF,U:SCSCF,PCSCF,U:PCSCF,SCSCF,U-200:SCSCF,MTAS,U-200:MTAS,SCSCF,U:SCSCF,MTAS,U-200:SCSCF,PCSCF,U:PCSCF,SCSCF,U-200:SCSCF,MTAS,U-200:PCSCF,SCSCF,B:MTAS,SCSCF,B:SCSCF,MTAS,B:MTAS,SCSCF,B:SCSCF,PCSCF,B:PCSCF,SCSCF,B-200:SCSCF,MTAS,B-200:MTAS,SCSCF,B-200:SCSCF,MTAS,B-200:SCSCF,PCSCF,B-200"
413,413,0,1,0.65812033,"PCSCF,SCSCF,I:SCSCF,PCSCF,T:SCSCF,PCSCF,I-407:PCSCF,SCSCF,A:PCSCF,SCSCF,I:SCSCF,PCSCF,T:SCSCF,ASLI,I:ASLI,SCSCF,T:ASLI,SCSCF,I-500:SCSCF,ASLI,A:MTAS,SCSCF,I:SCSCF,MTAS,T:SCSCF,GTW,I:GTW,SCSCF,T:GTW,SCSCF,S:SCSCF,MTAS,S:SCSCF,PCSCF,S:PCSCF,SCSCF,P:SCSCF,MTAS,P:MTAS,SCSCF,P:SCSCF,GTW,P:GTW,SCSCF,P-200:SCSCF,MTAS,P-200:MTAS,SCSCF,P-200:GTW,SCSCF,R:SCSCF,PCSCF,P-200:SCSCF,MTAS,R:SCSCF,PCSCF,R:PCSCF,SCSCF,P:SCSCF,MTAS,P:MTAS,SCSCF,P:SCSCF,GTW,P:GTW,SCSCF,P-200:SCSCF,MTAS,P-200:MTAS,SCSCF,P-200:SCSCF,PCSCF,P-200:GTW,SCSCF,I-200:SCSCF,MTAS,I-200:SCSCF,PCSCF,I-200:PCSCF,SCSCF,A:SCSCF,MTAS,A:MTAS,SCSCF,A:SCSCF,GTW,A:PCSCF,SCSCF,B:SCSCF,MTAS,B:MTAS,SCSCF,B:SCSCF,GTW,B:GTW,SCSCF,B-200:SCSCF,MTAS,B-200:MTAS,SCSCF,B-200:SCSCF,PCSCF,B-200"
414,414,0,1,0.31479713,"PCSCF,SCSCF,I:SCSCF,ASLI,I:ASLI,SCSCF,T:ASLI,SCSCF,I-500:SCSCF,ASLI,A:MTAS,SCSCF,I:SCSCF,MTAS,T:SCSCF,GTW,I:GTW,SCSCF,T:SCSCF,PCSCF,T:GTW,SCSCF,S:SCSCF,MTAS,S:SCSCF,PCSCF,S:PCSCF,SCSCF,P:MTAS,SCSCF,P:SCSCF,GTW,P:GTW,SCSCF,P-200:SCSCF,MTAS,P-200:GTW,SCSCF,R:SCSCF,MTAS,R:SCSCF,PCSCF,P-200:SCSCF,PCSCF,R:PCSCF,SCSCF,P:MTAS,SCSCF,P:SCSCF,GTW,P:GTW,SCSCF,P-200:SCSCF,MTAS,P-200:SCSCF,PCSCF,P-200:GTW,SCSCF,I-200:SCSCF,MTAS,I-200:SCSCF,PCSCF,I-200:PCSCF,SCSCF,A:SCSCF,MTAS,A:MTAS,SCSCF,A:SCSCF,GTW,A:GTW,SCSCF,B:MTAS,SCSCF,B:SCSCF,PCSCF,B:PCSCF,SCSCF,B-200:SCSCF,MTAS,B-200:SCSCF,GTW,B-200"
415,415,0,0,0.9899427,"PCSCF,SCSCF,I:SCSCF,PCSCF,T:SCSCF,ASLI,I:ASLI,SCSCF,T:ASLI,SCSCF,I-500:SCSCF,ASLI,A:MTAS,SCSCF,I:SCSCF,MTAS,T:SCSCF,GTW,I:GTW,SCSCF,T:GTW,SCSCF,R:SCSCF,MTAS,R:SCSCF,PCSCF,R:PCSCF,SCSCF,P:MTAS,SCSCF,P:SCSCF,GTW,P:GTW,SCSCF,P-200:SCSCF,MTAS,P-200:SCSCF,PCSCF,P-200:GTW,SCSCF,I-200:SCSCF,MTAS,I-200:SCSCF,PCSCF,I-200:PCSCF,SCSCF,A:SCSCF,MTAS,A:MTAS,SCSCF,A:SCSCF,GTW,A:MTAS,SCSCF,U:SCSCF,GTW,U:GTW,SCSCF,U-200:SCSCF,MTAS,U-200:MTAS,SCSCF,U:SCSCF,PCSCF,U:PCSCF,SCSCF,U-200:SCSCF,MTAS,U-200:MTAS,SCSCF,U:SCSCF,GTW,U:GTW,SCSCF,U-200:SCSCF,MTAS,U-200:MTAS,SCSCF,U:SCSCF,PCSCF,U:PCSCF,SCSCF,U-200:SCSCF,MTAS,U-200:MTAS,SCSCF,U:SCSCF,GTW,U:GTW,SCSCF,U-200:SCSCF,MTAS,U-200:MTAS,SCSCF,U:SCSCF,PCSCF,U:PCSCF,SCSCF,U-200:SCSCF,MTAS,U-200:GTW,SCSCF,B:MTAS,SCSCF,B:SCSCF,PCSCF,B:PCSCF,SCSCF,B-200:SCSCF,MTAS,B-200:SCSCF,GTW,B-200"
416,416,0,1,0.85277706,"GTW,ICSCF,I:ICSCF,GTW,T:SCSCF,ASLI,I:ASLI,SCSCF,T:ASLI,SCSCF,I-500:SCSCF,ASLI,A:SCSCF,MTAS,I:MTAS,SCSCF,T:MTAS,SCSCF,I:SCSCF,MTAS,T:SCSCF,PCSCF,I:PCSCF,SCSCF,T:PCSCF,SCSCF,R:SCSCF,MTAS,R:MTAS,SCSCF,R:ICSCF,GTW,R:GTW,SCSCF,P:SCSCF,MTAS,P:MTAS,SCSCF,P:SCSCF,PCSCF,P:PCSCF,SCSCF,P-200:SCSCF,MTAS,P-200:MTAS,SCSCF,P-200:SCSCF,GTW,P-200:PCSCF,SCSCF,I-200:SCSCF,MTAS,I-200:MTAS,SCSCF,I-200:ICSCF,GTW,I-200:GTW,SCSCF,A:SCSCF,MTAS,A:MTAS,SCSCF,A:SCSCF,PCSCF,A:MTAS,SCSCF,U:SCSCF,PCSCF,U:PCSCF,SCSCF,U-200:SCSCF,MTAS,U-200:MTAS,SCSCF,U:SCSCF,GTW,U:GTW,SCSCF,U-200:SCSCF,MTAS,U-200:GTW,SCSCF,B:SCSCF,MTAS,B:MTAS,SCSCF,B:SCSCF,MTAS,B-200:MTAS,SCSCF,B-200:SCSCF,PCSCF,B:PCSCF,SCSCF,B-200:SCSCF,GTW,B-200"
417,417,0,1,0.40185982,"GTW,ICSCF,I:ICSCF,GTW,T:SCSCF,ASLI,I:ASLI,SCSCF,T:ASLI,SCSCF,I-500:SCSCF,ASLI,A:SCSCF,MTAS,I:MTAS,SCSCF,T:MTAS,SCSCF,I:SCSCF,MTAS,T:SCSCF,PCSCF,I:PCSCF,SCSCF,T:PCSCF,SCSCF,R:SCSCF,MTAS,R:MTAS,SCSCF,R:ICSCF,GTW,R:GTW,SCSCF,P:SCSCF,MTAS,P:MTAS,SCSCF,P:SCSCF,PCSCF,P:PCSCF,SCSCF,P-200:SCSCF,MTAS,P-200:MTAS,SCSCF,P-200:SCSCF,GTW,P-200:GTW,ICSCF,C:SCSCF,MTAS,C:ICSCF,GTW,C-200:MTAS,SCSCF,C-200:MTAS,SCSCF,C:SCSCF,MTAS,C-200:SCSCF,PCSCF,C:PCSCF,SCSCF,C-200:PCSCF,SCSCF,I-487:SCSCF,PCSCF,A:SCSCF,MTAS,I-487:MTAS,SCSCF,A:MTAS,SCSCF,I-487:SCSCF,MTAS,A:ICSCF,GTW,I-487:GTW,ICSCF,A"
418,418,0,0,0.9123981,"PCSCF,SCSCF,I:SCSCF,ASLI,I:SCSCF,PCSCF,T:ASLI,SCSCF,T:ASLI,SCSCF,I-500:SCSCF,ASLI,A:MTAS,SCSCF,I:SCSCF,MTAS,T:SCSCF,GTW,I:GTW,SCSCF,T:GTW,SCSCF,S:SCSCF,MTAS,S:SCSCF,PCSCF,S:PCSCF,SCSCF,P:SCSCF,MTAS,P:MTAS,SCSCF,P:SCSCF,GTW,P:GTW,SCSCF,P-200:GTW,SCSCF,R:SCSCF,MTAS,P-200:SCSCF,MTAS,R:MTAS,SCSCF,P-200:SCSCF,PCSCF,P-200:SCSCF,PCSCF,R:PCSCF,SCSCF,P:SCSCF,MTAS,P:MTAS,SCSCF,P:SCSCF,GTW,P:GTW,SCSCF,P-200:SCSCF,MTAS,P-200:MTAS,SCSCF,P-200:SCSCF,PCSCF,P-200:GTW,SCSCF,I-200:SCSCF,MTAS,I-200:SCSCF,PCSCF,I-200:PCSCF,SCSCF,A:SCSCF,MTAS,A:MTAS,SCSCF,A:SCSCF,GTW,A:GTW,SCSCF,B:MTAS,SCSCF,B:SCSCF,PCSCF,B:PCSCF,SCSCF,B-200:SCSCF,MTAS,B-200:SCSCF,GTW,B-200"
419,419,0,1,0.3161127,"PCSCF,SCSCF,I:SCSCF,PCSCF,T:SCSCF,ASLI,I:ASLI,SCSCF,T:ASLI,SCSCF,I-500:SCSCF,ASLI,A:MTAS,SCSCF,I:SCSCF,MTAS,T:SCSCF,GTW,I:GTW,SCSCF,T:GTW,SCSCF,S:SCSCF,MTAS,S:SCSCF,PCSCF,S:PCSCF,SCSCF,P:MTAS,SCSCF,P:SCSCF,GTW,P:GTW,SCSCF,P-200:SCSCF,MTAS,P-200:SCSCF,PCSCF,P-200:GTW,SCSCF,R:SCSCF,MTAS,R:SCSCF,PCSCF,R:PCSCF,SCSCF,P:MTAS,SCSCF,P:SCSCF,GTW,P:GTW,SCSCF,P-200:SCSCF,MTAS,P-200:SCSCF,PCSCF,P-200:PCSCF,SCSCF,C:MTAS,SCSCF,C:SCSCF,MTAS,C-200:SCSCF,GTW,C:GTW,SCSCF,C-200:GTW,SCSCF,I-487:SCSCF,PCSCF,C-200:SCSCF,GTW,A:SCSCF,MTAS,I-487:MTAS,SCSCF,A:SCSCF,PCSCF,I-487:PCSCF,SCSCF,A"
420,420,0,1,0.18518907,"PCSCF,SCSCF,I:SCSCF,ASLI,I:ASLI,SCSCF,T:ASLI,SCSCF,I-500:SCSCF,ASLI,A:MTAS,SCSCF,I:SCSCF,PCSCF,T:SCSCF,MTAS,T:SCSCF,GTW,I:GTW,SCSCF,T:GTW,SCSCF,S:SCSCF,MTAS,S:SCSCF,PCSCF,S:PCSCF,SCSCF,P:SCSCF,MTAS,P:MTAS,SCSCF,P:SCSCF,GTW,P:GTW,SCSCF,P-200:SCSCF,MTAS,P-200:MTAS,SCSCF,P-200:SCSCF,PCSCF,P-200:GTW,SCSCF,R:SCSCF,MTAS,R:SCSCF,PCSCF,R:PCSCF,SCSCF,P:SCSCF,MTAS,P:MTAS,SCSCF,P:SCSCF,GTW,P:GTW,SCSCF,P-200:SCSCF,MTAS,P-200:MTAS,SCSCF,P-200:SCSCF,PCSCF,P-200:GTW,SCSCF,I-200:SCSCF,MTAS,I-200:SCSCF,PCSCF,I-200:PCSCF,SCSCF,A:SCSCF,MTAS,A:MTAS,SCSCF,A:SCSCF,GTW,A:MTAS,SCSCF,U:SCSCF,GTW,U:GTW,SCSCF,U-200:SCSCF,MTAS,U-200:MTAS,SCSCF,U:SCSCF,PCSCF,U:PCSCF,SCSCF,U-200:SCSCF,MTAS,U-200:MTAS,SCSCF,U:SCSCF,GTW,U:SCSCF,PCSCF,U:GTW,SCSCF,U-200:SCSCF,MTAS,U-200:PCSCF,SCSCF,U-200:SCSCF,MTAS,U-200:MTAS,SCSCF,U:SCSCF,GTW,U:SCSCF,PCSCF,U:GTW,SCSCF,U-200:SCSCF,MTAS,U-200:PCSCF,SCSCF,U-200:SCSCF,MTAS,U-200:MTAS,SCSCF,U:SCSCF,GTW,U:SCSCF,PCSCF,U:GTW,SCSCF,U-200:SCSCF,MTAS,U-200:PCSCF,SCSCF,U-200:SCSCF,MTAS,U-200:MTAS,SCSCF,U:SCSCF,GTW,U:GTW,SCSCF,U-200:SCSCF,MTAS,U-200:MTAS,SCSCF,U:SCSCF,PCSCF,U:PCSCF,SCSCF,U-200:SCSCF,MTAS,U-200:MTAS,SCSCF,U:SCSCF,GTW,U:SCSCF,PCSCF,U:GTW,SCSCF,U-200:SCSCF,MTAS,U-200:PCSCF,SCSCF,U-200:SCSCF,MTAS,U-200:PCSCF,SCSCF,B:SCSCF,MTAS,B:MTAS,SCSCF,B:SCSCF,GTW,B:GTW,SCSCF,B-200:SCSCF,MTAS,B-200:MTAS,SCSCF,B-200:SCSCF,PCSCF,B-200"
421,421,0,1,0.18382046,"GTW,ICSCF,I:ICSCF,GTW,T:SCSCF,ASLI,I:ASLI,SCSCF,T:ASLI,SCSCF,I-500:SCSCF,MTAS,I:SCSCF,ASLI,A:MTAS,SCSCF,T:MTAS,SCSCF,I:SCSCF,MTAS,T:SCSCF,PCSCF,I:PCSCF,SCSCF,T:PCSCF,SCSCF,R:SCSCF,MTAS,R:MTAS,SCSCF,R:ICSCF,GTW,R:GTW,SCSCF,P:SCSCF,MTAS,P:MTAS,SCSCF,P:SCSCF,PCSCF,P:PCSCF,SCSCF,P-200:SCSCF,MTAS,P-200:MTAS,SCSCF,P-200:SCSCF,GTW,P-200:PCSCF,SCSCF,I-200:SCSCF,MTAS,I-200:MTAS,SCSCF,I-200:ICSCF,GTW,I-200:GTW,SCSCF,A:SCSCF,MTAS,A:MTAS,SCSCF,A:SCSCF,PCSCF,A:PCSCF,SCSCF,I:SCSCF,PCSCF,T:SCSCF,MTAS,I:MTAS,SCSCF,T:MTAS,SCSCF,I:SCSCF,MTAS,T:SCSCF,GTW,I:GTW,SCSCF,T:GTW,SCSCF,I-200:SCSCF,MTAS,I-200:MTAS,SCSCF,I-200:SCSCF,PCSCF,I-200:PCSCF,SCSCF,A:SCSCF,MTAS,A:MTAS,SCSCF,A:SCSCF,GTW,A:GTW,SCSCF,B:SCSCF,MTAS,B:MTAS,SCSCF,B:SCSCF,PCSCF,B:PCSCF,SCSCF,B-200:SCSCF,MTAS,B-200:MTAS,SCSCF,B-200:SCSCF,GTW,B-200"
422,422,0,1,0.46104333,"PCSCF,SCSCF,I:SCSCF,ASLI,I:ASLI,SCSCF,T:SCSCF,PCSCF,T:ASLI,SCSCF,I-500:SCSCF,ASLI,A:MTAS,SCSCF,I:SCSCF,MTAS,T:SCSCF,GTW,I:GTW,SCSCF,T:GTW,SCSCF,I-200:SCSCF,MTAS,I-200:SCSCF,PCSCF,I-200:PCSCF,SCSCF,A:SCSCF,MTAS,A:MTAS,SCSCF,A:SCSCF,GTW,A:GTW,SCSCF,I:SCSCF,GTW,T:MTAS,SCSCF,I:SCSCF,MTAS,T:SCSCF,PCSCF,I:PCSCF,SCSCF,I-200:SCSCF,MTAS,I-200:SCSCF,GTW,I-200:GTW,SCSCF,A:MTAS,SCSCF,A:SCSCF,PCSCF,A:GTW,SCSCF,B:MTAS,SCSCF,B:SCSCF,PCSCF,B:PCSCF,SCSCF,B-200:SCSCF,MTAS,B-200:SCSCF,GTW,B-200"
423,423,0,1,0.51694006,"GTW,ICSCF,I:ICSCF,GTW,T:SCSCF,ASLI,I:ASLI,SCSCF,T:ASLI,SCSCF,I-500:SCSCF,ASLI,A:SCSCF,MTAS,I:MTAS,SCSCF,T:MTAS,SCSCF,I:SCSCF,MTAS,T:SCSCF,PCSCF,I:PCSCF,SCSCF,T:PCSCF,SCSCF,R:SCSCF,MTAS,R:MTAS,SCSCF,R:ICSCF,GTW,R:GTW,SCSCF,P:SCSCF,MTAS,P:MTAS,SCSCF,P:SCSCF,PCSCF,P:PCSCF,SCSCF,P-200:SCSCF,MTAS,P-200:MTAS,SCSCF,P-200:SCSCF,GTW,P-200:PCSCF,SCSCF,I-200:SCSCF,MTAS,I-200:MTAS,SCSCF,I-200:ICSCF,GTW,I-200:GTW,SCSCF,A:SCSCF,MTAS,A:MTAS,SCSCF,A:SCSCF,PCSCF,A:MTAS,SCSCF,U:SCSCF,PCSCF,U:PCSCF,SCSCF,U-200:MTAS,SCSCF,U:SCSCF,GTW,U:SCSCF,MTAS,U-200:GTW,SCSCF,U-200:SCSCF,MTAS,U-200:PCSCF,SCSCF,B:SCSCF,MTAS,B:MTAS,SCSCF,B:SCSCF,GTW,B:GTW,SCSCF,B-200:SCSCF,MTAS,B-200:MTAS,SCSCF,B-200:SCSCF,PCSCF,B-200"
424,424,0,1,0.8078815,"GTW,ICSCF,I:ICSCF,GTW,T:SCSCF,ASLI,I:ASLI,SCSCF,T:ASLI,SCSCF,I-500:SCSCF,MTAS,I:MTAS,SCSCF,T:MTAS,SCSCF,I:SCSCF,MTAS,T:SCSCF,PCSCF,I:PCSCF,SCSCF,T:SCSCF,ASLI,A:PCSCF,SCSCF,R:SCSCF,MTAS,R:MTAS,SCSCF,R:ICSCF,GTW,R:GTW,SCSCF,P:SCSCF,MTAS,P:MTAS,SCSCF,P:SCSCF,PCSCF,P:PCSCF,SCSCF,P-200:SCSCF,MTAS,P-200:MTAS,SCSCF,P-200:SCSCF,GTW,P-200:GTW,ICSCF,C:ICSCF,GTW,C-200:SCSCF,MTAS,C:MTAS,SCSCF,C-200:MTAS,SCSCF,C:SCSCF,MTAS,C-200:SCSCF,PCSCF,C:PCSCF,SCSCF,C-200:PCSCF,SCSCF,I-487:SCSCF,MTAS,I-487:MTAS,SCSCF,A:MTAS,SCSCF,I-487:SCSCF,MTAS,A:ICSCF,GTW,I-487:SCSCF,PCSCF,A:GTW,ICSCF,A"
425,425,0,1,0.57160646,"PCSCF,SCSCF,I:SCSCF,PCSCF,T:SCSCF,PCSCF,I-407:PCSCF,SCSCF,A:PCSCF,SCSCF,I:SCSCF,ASLI,I:ASLI,SCSCF,T:SCSCF,PCSCF,T:ASLI,SCSCF,I-500:SCSCF,ASLI,A:MTAS,SCSCF,I:SCSCF,MTAS,T:SCSCF,GTW,I:GTW,SCSCF,T:GTW,SCSCF,I-504:SCSCF,GTW,A:SCSCF,MTAS,I-504:MTAS,SCSCF,A:SCSCF,PCSCF,I-504:PCSCF,SCSCF,A"
426,426,0,1,0.778354,"PCSCF,SCSCF,I:SCSCF,ASLI,I:ASLI,SCSCF,T:SCSCF,PCSCF,T:ASLI,SCSCF,I-500:SCSCF,ASLI,A:MTAS,SCSCF,I:SCSCF,MTAS,T:SCSCF,GTW,I:GTW,SCSCF,T:GTW,SCSCF,S:SCSCF,MTAS,S:SCSCF,PCSCF,S:PCSCF,SCSCF,P:MTAS,SCSCF,P:SCSCF,GTW,P:GTW,SCSCF,P-200:GTW,SCSCF,R:SCSCF,MTAS,P-200:SCSCF,MTAS,R:SCSCF,PCSCF,P-200:SCSCF,PCSCF,R:PCSCF,SCSCF,P:MTAS,SCSCF,P:SCSCF,GTW,P:GTW,SCSCF,P-200:SCSCF,MTAS,P-200:SCSCF,PCSCF,P-200:GTW,SCSCF,I-200:SCSCF,MTAS,I-200:SCSCF,PCSCF,I-200:PCSCF,SCSCF,A:SCSCF,MTAS,A:MTAS,SCSCF,A:SCSCF,GTW,A:PCSCF,SCSCF,B:MTAS,SCSCF,B:SCSCF,GTW,B:GTW,SCSCF,B-200:SCSCF,MTAS,B-200:SCSCF,PCSCF,B-200"
427,427,0,1,0.778354,"PCSCF,SCSCF,I:SCSCF,ASLI,I:SCSCF,PCSCF,T:ASLI,SCSCF,T:ASLI,SCSCF,I-500:SCSCF,ASLI,A:MTAS,SCSCF,I:SCSCF,MTAS,T:SCSCF,GTW,I:GTW,SCSCF,T:GTW,SCSCF,S:SCSCF,MTAS,S:SCSCF,PCSCF,S:PCSCF,SCSCF,P:MTAS,SCSCF,P:SCSCF,GTW,P:GTW,SCSCF,P-200:GTW,SCSCF,R:SCSCF,MTAS,P-200:SCSCF,MTAS,R:SCSCF,PCSCF,P-200:SCSCF,PCSCF,R:PCSCF,SCSCF,P:MTAS,SCSCF,P:SCSCF,GTW,P:GTW,SCSCF,P-200:SCSCF,MTAS,P-200:SCSCF,PCSCF,P-200:GTW,SCSCF,I-200:SCSCF,MTAS,I-200:SCSCF,PCSCF,I-200:PCSCF,SCSCF,A:SCSCF,MTAS,A:MTAS,SCSCF,A:SCSCF,GTW,A:GTW,SCSCF,B:MTAS,SCSCF,B:SCSCF,PCSCF,B:PCSCF,SCSCF,B-200:SCSCF,MTAS,B-200:SCSCF,GTW,B-200"
428,428,0,1,0.38777697,"MTAS,SCSCF,I:SCSCF,MTAS,T:SCSCF,PCSCF,I:PCSCF,SCSCF,T:PCSCF,SCSCF,R:SCSCF,MTAS,R:MTAS,SCSCF,P:SCSCF,PCSCF,P:PCSCF,SCSCF,P-200:SCSCF,MTAS,P-200:PCSCF,SCSCF,I-200:SCSCF,MTAS,I-200:MTAS,SCSCF,A:SCSCF,PCSCF,A:PCSCF,SCSCF,I-200:SCSCF,MTAS,I-200:MTAS,SCSCF,A:SCSCF,PCSCF,A:PCSCF,SCSCF,B:SCSCF,MTAS,B:MTAS,SCSCF,B-200:SCSCF,PCSCF,B-200"
429,429,0,0,0.9960322,"GTW,ICSCF,I:ICSCF,GTW,T:SCSCF,ASLI,I:ASLI,SCSCF,T:ASLI,SCSCF,I-500:SCSCF,ASLI,A:SCSCF,MTAS,I:MTAS,SCSCF,T:MTAS,SCSCF,I:SCSCF,MTAS,T:SCSCF,PCSCF,I:PCSCF,SCSCF,T:PCSCF,SCSCF,R:SCSCF,MTAS,R:MTAS,SCSCF,R:ICSCF,GTW,R:GTW,SCSCF,P:SCSCF,MTAS,P:MTAS,SCSCF,P:SCSCF,PCSCF,P:PCSCF,SCSCF,P-200:SCSCF,MTAS,P-200:MTAS,SCSCF,P-200:SCSCF,GTW,P-200:PCSCF,SCSCF,I-200:SCSCF,MTAS,I-200:MTAS,SCSCF,I-200:ICSCF,GTW,I-200:GTW,SCSCF,A:SCSCF,MTAS,A:MTAS,SCSCF,A:SCSCF,PCSCF,A:SCSCF,MTAS,B:PCSCF,SCSCF,B:MTAS,SCSCF,B:SCSCF,GTW,B:GTW,SCSCF,B-200:SCSCF,MTAS,B-200:MTAS,SCSCF,B-200:SCSCF,PCSCF,B-200"
430,430,0,1,0.5293072,"GTW,ICSCF,I:ICSCF,GTW,T:SCSCF,ASLI,I:ASLI,SCSCF,T:ASLI,SCSCF,I-500:SCSCF,ASLI,A:SCSCF,MTAS,I:MTAS,SCSCF,T:MTAS,SCSCF,I:SCSCF,MTAS,T:SCSCF,PCSCF,I:PCSCF,SCSCF,T:PCSCF,SCSCF,R:SCSCF,MTAS,R:MTAS,SCSCF,R:ICSCF,GTW,R:GTW,SCSCF,P:SCSCF,MTAS,P:MTAS,SCSCF,P:SCSCF,PCSCF,P:PCSCF,SCSCF,P-200:SCSCF,MTAS,P-200:MTAS,SCSCF,P-200:SCSCF,GTW,P-200:GTW,ICSCF,C:ICSCF,GTW,C-200:SCSCF,MTAS,C:MTAS,SCSCF,C:SCSCF,MTAS,C-200:MTAS,SCSCF,C-200:SCSCF,PCSCF,C:PCSCF,SCSCF,C-200:PCSCF,SCSCF,I-487:SCSCF,PCSCF,A:SCSCF,MTAS,I-487:MTAS,SCSCF,A:MTAS,SCSCF,I-487:SCSCF,MTAS,A:ICSCF,GTW,I-487:GTW,ICSCF,A"
431,431,0,1,0.29163235,"PCSCF,SCSCF,I:SCSCF,PCSCF,T:SCSCF,ASLI,I:ASLI,SCSCF,T:ASLI,SCSCF,I-500:SCSCF,ASLI,A:MTAS,SCSCF,I:SCSCF,MTAS,T:SCSCF,GTW,I:GTW,SCSCF,T:GTW,SCSCF,S:SCSCF,MTAS,S:SCSCF,PCSCF,S:PCSCF,SCSCF,P:MTAS,SCSCF,P:SCSCF,GTW,P:GTW,SCSCF,P-200:GTW,SCSCF,S:SCSCF,MTAS,P-200:SCSCF,MTAS,S:SCSCF,PCSCF,P-200:SCSCF,PCSCF,S:PCSCF,SCSCF,P:MTAS,SCSCF,P:SCSCF,GTW,P:GTW,SCSCF,P-200:GTW,SCSCF,R:SCSCF,MTAS,P-200:SCSCF,MTAS,R:SCSCF,PCSCF,P-200:SCSCF,PCSCF,R:PCSCF,SCSCF,P:MTAS,SCSCF,P:SCSCF,GTW,P:GTW,SCSCF,P-200:SCSCF,MTAS,P-200:SCSCF,PCSCF,P-200:GTW,SCSCF,I-200:SCSCF,MTAS,I-200:SCSCF,PCSCF,I-200:PCSCF,SCSCF,A:SCSCF,MTAS,A:MTAS,SCSCF,A:SCSCF,GTW,A:MTAS,SCSCF,U:SCSCF,GTW,U:SCSCF,PCSCF,U:GTW,SCSCF,U-200:SCSCF,MTAS,U-200:PCSCF,SCSCF,U-200:SCSCF,MTAS,U-200:MTAS,SCSCF,U:SCSCF,GTW,U:GTW,SCSCF,U-200:SCSCF,MTAS,U-200:MTAS,SCSCF,U:SCSCF,PCSCF,U:PCSCF,SCSCF,U-200:SCSCF,MTAS,U-200:PCSCF,SCSCF,B:SCSCF,MTAS,B:MTAS,SCSCF,B:SCSCF,GTW,B:GTW,SCSCF,B-200:SCSCF,MTAS,B-200:MTAS,SCSCF,B-200:SCSCF,PCSCF,B-200"
432,432,0,1,0.55297756,"GTW,ICSCF,I:ICSCF,GTW,T:SCSCF,ASLI,I:ASLI,SCSCF,T:ASLI,SCSCF,I-500:SCSCF,ASLI,A:SCSCF,MTAS,I:MTAS,SCSCF,I:SCSCF,MTAS,T:SCSCF,PCSCF,I:PCSCF,SCSCF,T:MTAS,SCSCF,T:PCSCF,SCSCF,R:SCSCF,MTAS,R:MTAS,SCSCF,R:ICSCF,GTW,R:GTW,SCSCF,P:SCSCF,MTAS,P:MTAS,SCSCF,P:SCSCF,PCSCF,P:PCSCF,SCSCF,P-200:SCSCF,MTAS,P-200:MTAS,SCSCF,P-200:SCSCF,GTW,P-200:PCSCF,SCSCF,I-200:SCSCF,MTAS,I-200:MTAS,SCSCF,I-200:ICSCF,GTW,I-200:GTW,SCSCF,A:SCSCF,MTAS,A:MTAS,SCSCF,A:SCSCF,PCSCF,A:MTAS,SCSCF,U:SCSCF,GTW,U:GTW,SCSCF,U-200:SCSCF,PCSCF,U:SCSCF,MTAS,U-200:PCSCF,SCSCF,U-200:SCSCF,MTAS,U-200:GTW,SCSCF,B:SCSCF,MTAS,B:MTAS,SCSCF,B:SCSCF,PCSCF,B:PCSCF,SCSCF,B-200:SCSCF,MTAS,B-200:MTAS,SCSCF,B-200:SCSCF,GTW,B-200"
433,433,0,1,0.45970488,"PCSCF,SCSCF,I:SCSCF,PCSCF,T:SCSCF,PCSCF,I-407:PCSCF,SCSCF,A:PCSCF,SCSCF,I:SCSCF,PCSCF,T:SCSCF,ASLI,I:ASLI,SCSCF,T:ASLI,SCSCF,I-500:SCSCF,ASLI,A:MTAS,SCSCF,I:SCSCF,MTAS,T:SCSCF,GTW,I:GTW,SCSCF,T:GTW,SCSCF,R:SCSCF,MTAS,R:SCSCF,PCSCF,R:PCSCF,SCSCF,P:MTAS,SCSCF,P:SCSCF,GTW,P:GTW,SCSCF,P-200:SCSCF,MTAS,P-200:SCSCF,PCSCF,P-200:PCSCF,SCSCF,C:MTAS,SCSCF,C:SCSCF,MTAS,C-200:SCSCF,GTW,C:GTW,SCSCF,C-200:GTW,SCSCF,I-487:SCSCF,PCSCF,C-200:SCSCF,GTW,A:SCSCF,MTAS,I-487:MTAS,SCSCF,A:SCSCF,PCSCF,I-487:PCSCF,SCSCF,A"
434,434,0,0,0.9206854,"PCSCF,SCSCF,I:SCSCF,PCSCF,T:SCSCF,PCSCF,I-407:PCSCF,SCSCF,A:PCSCF,SCSCF,I:SCSCF,PCSCF,T:SCSCF,ASLI,I:ASLI,SCSCF,T:ASLI,SCSCF,I-500:MTAS,SCSCF,I:SCSCF,MTAS,T:SCSCF,ASLI,A:SCSCF,GTW,I:GTW,SCSCF,T:GTW,SCSCF,S:SCSCF,MTAS,S:SCSCF,PCSCF,S:PCSCF,SCSCF,P:SCSCF,MTAS,P:MTAS,SCSCF,P:SCSCF,GTW,P:GTW,SCSCF,P-200:SCSCF,MTAS,P-200:MTAS,SCSCF,P-200:SCSCF,PCSCF,P-200:GTW,SCSCF,R:SCSCF,MTAS,R:SCSCF,PCSCF,R:PCSCF,SCSCF,P:SCSCF,MTAS,P:MTAS,SCSCF,P:SCSCF,GTW,P:GTW,SCSCF,P-200:SCSCF,MTAS,P-200:MTAS,SCSCF,P-200:SCSCF,PCSCF,P-200:PCSCF,SCSCF,C:SCSCF,PCSCF,C-200:MTAS,SCSCF,C:SCSCF,MTAS,C-200:SCSCF,GTW,C:GTW,SCSCF,C-200:GTW,SCSCF,I-487:SCSCF,GTW,A:SCSCF,MTAS,I-487:MTAS,SCSCF,A:SCSCF,PCSCF,I-487:PCSCF,SCSCF,A"
435,435,0,1,0.4206482,"PCSCF,SCSCF,I:SCSCF,PCSCF,T:SCSCF,PCSCF,I-407:PCSCF,SCSCF,A:PCSCF,SCSCF,I:SCSCF,PCSCF,T:SCSCF,ASLI,I:ASLI,SCSCF,T:ASLI,SCSCF,I-500:SCSCF,ASLI,A:MTAS,SCSCF,I:SCSCF,MTAS,T:SCSCF,GTW,I:GTW,SCSCF,T:GTW,SCSCF,S:SCSCF,MTAS,S:SCSCF,PCSCF,S:PCSCF,SCSCF,P:SCSCF,MTAS,P:MTAS,SCSCF,P:SCSCF,GTW,P:GTW,SCSCF,P-200:GTW,SCSCF,R:SCSCF,MTAS,P-200:SCSCF,MTAS,R:MTAS,SCSCF,P-200:SCSCF,PCSCF,P-200:SCSCF,PCSCF,R:PCSCF,SCSCF,P:SCSCF,MTAS,P:MTAS,SCSCF,P:SCSCF,GTW,P:GTW,SCSCF,P-200:SCSCF,MTAS,P-200:MTAS,SCSCF,P-200:SCSCF,PCSCF,P-200:PCSCF,SCSCF,C:SCSCF,PCSCF,C-200:MTAS,SCSCF,C:SCSCF,MTAS,C-200:SCSCF,GTW,C:GTW,SCSCF,C-200:GTW,SCSCF,I-487:SCSCF,GTW,A:SCSCF,MTAS,I-487:MTAS,SCSCF,A:SCSCF,PCSCF,I-487:PCSCF,SCSCF,A"
436,436,0,1,0.82681507,"PCSCF,SCSCF,I:SCSCF,PCSCF,T:SCSCF,ASLI,I:ASLI,SCSCF,T:ASLI,SCSCF,I-500:SCSCF,ASLI,A:MTAS,SCSCF,I:SCSCF,MTAS,T:SCSCF,ASLI,I:ASLI,SCSCF,T:ASLI,SCSCF,I-500:SCSCF,ASLI,A:SCSCF,MTAS,I:MTAS,SCSCF,T:MTAS,SCSCF,I:SCSCF,MTAS,T:SCSCF,PCSCF,I:PCSCF,SCSCF,T:PCSCF,SCSCF,R:SCSCF,MTAS,R:MTAS,SCSCF,R:SCSCF,MTAS,R:SCSCF,PCSCF,R:PCSCF,SCSCF,P:MTAS,SCSCF,P:SCSCF,MTAS,P:MTAS,SCSCF,P:SCSCF,PCSCF,P:PCSCF,SCSCF,P-200:SCSCF,MTAS,P-200:MTAS,SCSCF,P-200:SCSCF,MTAS,P-200:SCSCF,PCSCF,P-200:PCSCF,SCSCF,C:SCSCF,PCSCF,C-200:MTAS,SCSCF,C:SCSCF,MTAS,C-200:SCSCF,MTAS,C:MTAS,SCSCF,C-200:MTAS,SCSCF,C:SCSCF,MTAS,C-200:SCSCF,PCSCF,C:PCSCF,SCSCF,C-200:PCSCF,SCSCF,I-487:SCSCF,MTAS,I-487:SCSCF,PCSCF,A:MTAS,SCSCF,A:MTAS,SCSCF,I-487:SCSCF,MTAS,A:SCSCF,MTAS,I-487:MTAS,SCSCF,A:SCSCF,PCSCF,I-487:PCSCF,SCSCF,A"
437,437,0,1,0.19646494,"GTW,ICSCF,I:ICSCF,GTW,T:SCSCF,ASLI,I:ASLI,SCSCF,T:ASLI,SCSCF,I-500:SCSCF,ASLI,A:SCSCF,MTAS,I:MTAS,SCSCF,T:MTAS,SCSCF,I:SCSCF,MTAS,T:SCSCF,GTW,I:MTAS,SCSCF,W:ICSCF,GTW,W:GTW,SCSCF,T:GTW,SCSCF,S:SCSCF,MTAS,S:MTAS,SCSCF,S:ICSCF,GTW,S:GTW,SCSCF,P:SCSCF,MTAS,P:MTAS,SCSCF,P:SCSCF,GTW,P:GTW,SCSCF,P-200:SCSCF,MTAS,P-200:MTAS,SCSCF,P-200:SCSCF,GTW,P-200:GTW,SCSCF,I-480:SCSCF,GTW,A:SCSCF,MTAS,I-480:MTAS,SCSCF,A:MTAS,SCSCF,I-480:SCSCF,MTAS,A:ICSCF,GTW,I-480:GTW,ICSCF,A"
438,438,0,0,0.97388613,"PCSCF,SCSCF,I:SCSCF,PCSCF,T:SCSCF,ASLI,I:ASLI,SCSCF,T:ASLI,SCSCF,I-500:SCSCF,ASLI,A:MTAS,SCSCF,I:SCSCF,MTAS,T:SCSCF,GTW,I:GTW,SCSCF,T:GTW,SCSCF,R:SCSCF,MTAS,R:SCSCF,PCSCF,R:PCSCF,SCSCF,P:SCSCF,MTAS,P:MTAS,SCSCF,P:SCSCF,GTW,P:GTW,SCSCF,P-200:SCSCF,MTAS,P-200:MTAS,SCSCF,P-200:SCSCF,PCSCF,P-200:PCSCF,SCSCF,C:MTAS,SCSCF,C:SCSCF,MTAS,C-200:SCSCF,GTW,C:GTW,SCSCF,C-200:GTW,SCSCF,I-487:SCSCF,GTW,A:SCSCF,PCSCF,C-200:SCSCF,MTAS,I-487:MTAS,SCSCF,A:SCSCF,PCSCF,I-487:PCSCF,SCSCF,A"
439,439,0,1,0.3062689,"PCSCF,SCSCF,I:SCSCF,PCSCF,T:SCSCF,ASLI,I:ASLI,SCSCF,T:ASLI,SCSCF,I-500:SCSCF,ASLI,A:MTAS,SCSCF,I:SCSCF,MTAS,T:SCSCF,GTW,I:GTW,SCSCF,T:GTW,SCSCF,S:SCSCF,MTAS,S:SCSCF,PCSCF,S:PCSCF,SCSCF,P:MTAS,SCSCF,P:SCSCF,GTW,P:GTW,SCSCF,P-200:SCSCF,MTAS,P-200:SCSCF,PCSCF,P-200:GTW,SCSCF,R:SCSCF,MTAS,R:SCSCF,PCSCF,R:PCSCF,SCSCF,P:MTAS,SCSCF,P:SCSCF,GTW,P:GTW,SCSCF,P-200:SCSCF,MTAS,P-200:SCSCF,PCSCF,P-200:GTW,SCSCF,I-200:SCSCF,MTAS,I-200:SCSCF,PCSCF,I-200:PCSCF,SCSCF,A:SCSCF,MTAS,A:MTAS,SCSCF,A:SCSCF,GTW,A:MTAS,SCSCF,U:SCSCF,GTW,U:SCSCF,PCSCF,U:GTW,SCSCF,U-200:SCSCF,MTAS,U-200:PCSCF,SCSCF,U-200:SCSCF,MTAS,U-200:MTAS,SCSCF,U:SCSCF,GTW,U:GTW,SCSCF,U-200:SCSCF,MTAS,U-200:MTAS,SCSCF,U:SCSCF,PCSCF,U:PCSCF,SCSCF,U-200:SCSCF,MTAS,U-200:MTAS,SCSCF,U:SCSCF,GTW,U:GTW,SCSCF,U-200:SCSCF,MTAS,U-200:MTAS,SCSCF,U:SCSCF,PCSCF,U:PCSCF,SCSCF,U-200:SCSCF,MTAS,U-200:MTAS,SCSCF,U:SCSCF,GTW,U:GTW,SCSCF,U-200:SCSCF,MTAS,U-200:MTAS,SCSCF,U:SCSCF,PCSCF,U:PCSCF,SCSCF,U-200:SCSCF,MTAS,U-200:PCSCF,SCSCF,B:MTAS,SCSCF,B:SCSCF,GTW,B:GTW,SCSCF,B-200:SCSCF,MTAS,B-200:SCSCF,PCSCF,B-200"
440,440,0,0,0.93433845,"GTW,ICSCF,I:ICSCF,GTW,T:SCSCF,ASLI,I:ASLI,SCSCF,T:ASLI,SCSCF,I-500:SCSCF,ASLI,A:SCSCF,MTAS,I:MTAS,SCSCF,T:MTAS,SCSCF,W:ICSCF,GTW,W:MTAS,SCSCF,I:SCSCF,MTAS,T:SCSCF,GTW,I:GTW,SCSCF,T:GTW,SCSCF,S:SCSCF,MTAS,S:MTAS,SCSCF,S:ICSCF,GTW,S:GTW,SCSCF,P:SCSCF,MTAS,P:MTAS,SCSCF,P:SCSCF,GTW,P:GTW,SCSCF,P-200:SCSCF,MTAS,P-200:MTAS,SCSCF,P-200:SCSCF,GTW,P-200:GTW,SCSCF,R:SCSCF,MTAS,R:MTAS,SCSCF,R:ICSCF,GTW,R:GTW,SCSCF,P:SCSCF,MTAS,P:MTAS,SCSCF,P:SCSCF,GTW,P:GTW,SCSCF,P-200:SCSCF,MTAS,P-200:MTAS,SCSCF,P-200:SCSCF,GTW,P-200:GTW,ICSCF,C:ICSCF,GTW,C-200:SCSCF,MTAS,C:MTAS,SCSCF,C-200:MTAS,SCSCF,C:SCSCF,MTAS,C-200:SCSCF,GTW,C:GTW,SCSCF,C-200:GTW,SCSCF,I-487:SCSCF,GTW,A:MTAS,SCSCF,I-487:SCSCF,MTAS,I-487:MTAS,SCSCF,A:SCSCF,MTAS,A:ICSCF,GTW,I-487:GTW,ICSCF,A"
441,441,0,0,0.999315,"PCSCF,SCSCF,I:SCSCF,PCSCF,T:SCSCF,ASLI,I:ASLI,SCSCF,T:ASLI,SCSCF,I-500:SCSCF,ASLI,A:MTAS,SCSCF,I:SCSCF,MTAS,T:SCSCF,GTW,I:GTW,SCSCF,T:GTW,SCSCF,I-200:SCSCF,MTAS,I-200:SCSCF,PCSCF,I-200:PCSCF,SCSCF,A:SCSCF,MTAS,A:MTAS,SCSCF,A:SCSCF,GTW,A:PCSCF,SCSCF,B:SCSCF,MTAS,B:MTAS,SCSCF,B:SCSCF,GTW,B:GTW,SCSCF,B-200:SCSCF,PCSCF,B-200:SCSCF,MTAS,B-200:MTAS,SCSCF,B-200"
442,442,0,1,0.4462828,"GTW,ICSCF,I:ICSCF,GTW,T:SCSCF,ASLI,I:ASLI,SCSCF,T:ASLI,SCSCF,I-500:SCSCF,ASLI,A:SCSCF,MTAS,I:MTAS,SCSCF,T:MTAS,SCSCF,I:SCSCF,MTAS,T:SCSCF,PCSCF,I:PCSCF,SCSCF,T:PCSCF,SCSCF,R:SCSCF,MTAS,R:MTAS,SCSCF,R:ICSCF,GTW,R:GTW,SCSCF,P:SCSCF,MTAS,P:MTAS,SCSCF,P:SCSCF,PCSCF,P:PCSCF,SCSCF,P-200:SCSCF,MTAS,P-200:MTAS,SCSCF,P-200:SCSCF,GTW,P-200:SCSCF,MTAS,I-200:MTAS,SCSCF,I-200:ICSCF,GTW,I-200:PCSCF,SCSCF,I-200:GTW,SCSCF,A:SCSCF,MTAS,A:MTAS,SCSCF,A:SCSCF,PCSCF,A:PCSCF,SCSCF,I:SCSCF,MTAS,I:SCSCF,PCSCF,T:MTAS,SCSCF,T:MTAS,SCSCF,I:SCSCF,MTAS,T:SCSCF,GTW,I:GTW,SCSCF,T:GTW,SCSCF,B:SCSCF,MTAS,B:MTAS,SCSCF,B:SCSCF,PCSCF,B:PCSCF,SCSCF,B-200:SCSCF,MTAS,B-200:MTAS,SCSCF,B-200:SCSCF,GTW,B-200"
443,443,0,1,0.24101633,"PCSCF,SCSCF,I:SCSCF,ASLI,I:ASLI,SCSCF,T:ASLI,SCSCF,I-500:SCSCF,ASLI,A:SCSCF,PCSCF,T:MTAS,SCSCF,I:SCSCF,MTAS,T:SCSCF,GTW,I:GTW,SCSCF,T:GTW,SCSCF,R:SCSCF,MTAS,R:SCSCF,PCSCF,R:PCSCF,SCSCF,P:SCSCF,MTAS,P:MTAS,SCSCF,P:SCSCF,GTW,P:GTW,SCSCF,P-200:SCSCF,MTAS,P-200:MTAS,SCSCF,P-200:SCSCF,PCSCF,P-200:GTW,SCSCF,S:SCSCF,MTAS,S:SCSCF,PCSCF,S:PCSCF,SCSCF,P:SCSCF,MTAS,P:MTAS,SCSCF,P:SCSCF,GTW,P:GTW,SCSCF,P-200:SCSCF,MTAS,P-200:MTAS,SCSCF,P-200:SCSCF,PCSCF,P-200:GTW,SCSCF,I-200:SCSCF,MTAS,I-200:SCSCF,PCSCF,I-200:PCSCF,SCSCF,A:SCSCF,MTAS,A:MTAS,SCSCF,A:SCSCF,GTW,A:MTAS,SCSCF,U:SCSCF,GTW,U:GTW,SCSCF,U-200:SCSCF,PCSCF,U:SCSCF,MTAS,U-200:PCSCF,SCSCF,U-200:SCSCF,MTAS,U-200:MTAS,SCSCF,U:SCSCF,GTW,U:GTW,SCSCF,U-200:SCSCF,MTAS,U-200:MTAS,SCSCF,U:SCSCF,PCSCF,U:PCSCF,SCSCF,U-200:SCSCF,MTAS,U-200:PCSCF,SCSCF,B:SCSCF,MTAS,B:MTAS,SCSCF,B:SCSCF,GTW,B:GTW,SCSCF,B-200:SCSCF,MTAS,B-200:MTAS,SCSCF,B-200:SCSCF,PCSCF,B-200"
444,444,0,0,0.992782,"PCSCF,SCSCF,I:SCSCF,ASLI,I:ASLI,SCSCF,T:SCSCF,PCSCF,T:ASLI,SCSCF,I-500:SCSCF,ASLI,A:MTAS,SCSCF,I:SCSCF,MTAS,T:SCSCF,GTW,I:GTW,SCSCF,T:GTW,SCSCF,R:SCSCF,MTAS,R:SCSCF,PCSCF,R:PCSCF,SCSCF,P:MTAS,SCSCF,P:SCSCF,GTW,P:GTW,SCSCF,P-200:SCSCF,MTAS,P-200:SCSCF,PCSCF,P-200:GTW,SCSCF,I-200:SCSCF,MTAS,I-200:SCSCF,PCSCF,I-200:PCSCF,SCSCF,A:SCSCF,MTAS,A:MTAS,SCSCF,A:SCSCF,GTW,A:GTW,SCSCF,B:MTAS,SCSCF,B:SCSCF,PCSCF,B:PCSCF,SCSCF,B-200:SCSCF,MTAS,B-200:SCSCF,GTW,B-200"
445,445,0,1,0.52628595,"PCSCF,SCSCF,I:SCSCF,PCSCF,T:SCSCF,ASLI,I:ASLI,SCSCF,T:ASLI,SCSCF,I-500:SCSCF,ASLI,A:MTAS,SCSCF,I:SCSCF,MTAS,T:SCSCF,GTW,I:GTW,SCSCF,T:GTW,SCSCF,S:SCSCF,MTAS,S:SCSCF,PCSCF,S:PCSCF,SCSCF,P:MTAS,SCSCF,P:SCSCF,GTW,P:GTW,SCSCF,P-200:SCSCF,MTAS,P-200:SCSCF,PCSCF,P-200:GTW,SCSCF,U:MTAS,SCSCF,U:SCSCF,PCSCF,U:PCSCF,SCSCF,U-200:SCSCF,MTAS,U-200:SCSCF,GTW,U-200:GTW,SCSCF,R:SCSCF,MTAS,R:SCSCF,PCSCF,R:GTW,SCSCF,U:MTAS,SCSCF,U:SCSCF,PCSCF,U:PCSCF,SCSCF,U-200:SCSCF,MTAS,U-200:SCSCF,GTW,U-200:GTW,SCSCF,I-200:SCSCF,MTAS,I-200:SCSCF,PCSCF,I-200:PCSCF,SCSCF,A:SCSCF,MTAS,A:MTAS,SCSCF,A:SCSCF,GTW,A:GTW,SCSCF,B:MTAS,SCSCF,B:SCSCF,PCSCF,B:PCSCF,SCSCF,B-200:SCSCF,MTAS,B-200:SCSCF,GTW,B-200"
446,446,0,1,0.215976,"PCSCF,SCSCF,I:SCSCF,ASLI,I:ASLI,SCSCF,T:ASLI,SCSCF,I-500:SCSCF,ASLI,A:MTAS,SCSCF,I:SCSCF,MTAS,T:SCSCF,GTW,I:GTW,SCSCF,T:SCSCF,PCSCF,T:GTW,SCSCF,S:SCSCF,MTAS,S:SCSCF,PCSCF,S:PCSCF,SCSCF,P:MTAS,SCSCF,P:SCSCF,GTW,P:GTW,SCSCF,P-200:SCSCF,MTAS,P-200:SCSCF,PCSCF,P-200:GTW,SCSCF,S:SCSCF,MTAS,S:SCSCF,PCSCF,S:PCSCF,SCSCF,P:MTAS,SCSCF,P:SCSCF,GTW,P:GTW,SCSCF,P-200:SCSCF,MTAS,P-200:GTW,SCSCF,I-200:SCSCF,MTAS,I-200:SCSCF,PCSCF,P-200:SCSCF,PCSCF,I-200:PCSCF,SCSCF,A:SCSCF,MTAS,A:MTAS,SCSCF,A:SCSCF,GTW,A:PCSCF,SCSCF,B:MTAS,SCSCF,B:SCSCF,GTW,B:GTW,SCSCF,B-200:SCSCF,MTAS,B-200:SCSCF,PCSCF,B-200"
447,447,0,1,0.4493161,"PCSCF,SCSCF,I:SCSCF,PCSCF,T:SCSCF,ASLI,I:ASLI,SCSCF,T:ASLI,SCSCF,I-500:SCSCF,ASLI,A:MTAS,SCSCF,I:SCSCF,MTAS,T:SCSCF,GTW,I:GTW,SCSCF,T:GTW,SCSCF,I-500:SCSCF,GTW,A:SCSCF,MTAS,I-500:MTAS,SCSCF,A:SCSCF,PCSCF,I-500:PCSCF,SCSCF,A"
448,448,0,1,0.22066715,"GTW,ICSCF,I:ICSCF,GTW,T:SCSCF,ASLI,I:ASLI,SCSCF,T:ASLI,SCSCF,I-500:SCSCF,ASLI,A:SCSCF,MTAS,I:MTAS,SCSCF,I:SCSCF,MTAS,T:SCSCF,PCSCF,I:MTAS,SCSCF,T:PCSCF,SCSCF,T:PCSCF,SCSCF,R:SCSCF,MTAS,R:MTAS,SCSCF,R:ICSCF,GTW,R:GTW,SCSCF,P:SCSCF,MTAS,P:MTAS,SCSCF,P:SCSCF,PCSCF,P:PCSCF,SCSCF,P-200:SCSCF,MTAS,P-200:MTAS,SCSCF,P-200:SCSCF,GTW,P-200:PCSCF,SCSCF,I-200:SCSCF,MTAS,I-200:MTAS,SCSCF,I-200:ICSCF,GTW,I-200:GTW,SCSCF,A:SCSCF,MTAS,A:MTAS,SCSCF,A:SCSCF,PCSCF,A:MTAS,SCSCF,U:SCSCF,PCSCF,U:SCSCF,GTW,U:GTW,SCSCF,U-200:SCSCF,MTAS,U-200:PCSCF,SCSCF,U-200:SCSCF,MTAS,U-200:GTW,SCSCF,B:SCSCF,MTAS,B:MTAS,SCSCF,B:SCSCF,PCSCF,B:PCSCF,SCSCF,B-200:SCSCF,MTAS,B-200:MTAS,SCSCF,B-200:SCSCF,GTW,B-200"
449,449,0,1,0.6154273,"GTW,ICSCF,I:ICSCF,GTW,T:SCSCF,ASLI,I:ASLI,SCSCF,T:ASLI,SCSCF,I-500:SCSCF,ASLI,A:SCSCF,MTAS,I:MTAS,SCSCF,T:MTAS,SCSCF,I:SCSCF,MTAS,T:SCSCF,PCSCF,I:PCSCF,SCSCF,T:PCSCF,SCSCF,R:SCSCF,MTAS,R:MTAS,SCSCF,R:ICSCF,GTW,R:GTW,SCSCF,P:SCSCF,MTAS,P:MTAS,SCSCF,P:SCSCF,PCSCF,P:PCSCF,SCSCF,P-200:SCSCF,MTAS,P-200:MTAS,SCSCF,P-200:SCSCF,GTW,P-200:PCSCF,SCSCF,I-200:SCSCF,MTAS,I-200:MTAS,SCSCF,I-200:ICSCF,GTW,I-200:GTW,SCSCF,A:SCSCF,MTAS,A:MTAS,SCSCF,A:SCSCF,PCSCF,A:MTAS,SCSCF,U:SCSCF,PCSCF,U:SCSCF,GTW,U:GTW,SCSCF,U-200:SCSCF,MTAS,U-200:PCSCF,SCSCF,U-200:SCSCF,MTAS,U-200:MTAS,SCSCF,U:SCSCF,GTW,U:GTW,SCSCF,U-200:SCSCF,MTAS,U-200:MTAS,SCSCF,U:SCSCF,PCSCF,U:PCSCF,SCSCF,U-200:SCSCF,MTAS,U-200:MTAS,SCSCF,U:SCSCF,GTW,U:SCSCF,PCSCF,U:GTW,SCSCF,U-200:SCSCF,MTAS,U-200:PCSCF,SCSCF,U-200:SCSCF,MTAS,U-200:MTAS,SCSCF,U:SCSCF,GTW,U:GTW,SCSCF,U-200:SCSCF,MTAS,U-200:MTAS,SCSCF,U:SCSCF,PCSCF,U:PCSCF,SCSCF,U-200:SCSCF,MTAS,U-200:MTAS,SCSCF,U:SCSCF,GTW,U:GTW,SCSCF,U-200:SCSCF,MTAS,U-200:MTAS,SCSCF,U:SCSCF,PCSCF,U:PCSCF,SCSCF,U-200:SCSCF,MTAS,U-200:PCSCF,SCSCF,B:SCSCF,MTAS,B:MTAS,SCSCF,B:SCSCF,GTW,B:GTW,SCSCF,B-200:SCSCF,MTAS,B-200:MTAS,SCSCF,B-200:SCSCF,PCSCF,B-200"
450,450,0,1,0.34297112,"PCSCF,SCSCF,I:SCSCF,PCSCF,T:SCSCF,ASLI,I:ASLI,SCSCF,T:ASLI,SCSCF,I-500:SCSCF,ASLI,A:MTAS,SCSCF,I:SCSCF,MTAS,T:SCSCF,GTW,I:GTW,SCSCF,T:GTW,SCSCF,S:SCSCF,MTAS,S:SCSCF,PCSCF,S:PCSCF,SCSCF,P:SCSCF,MTAS,P:MTAS,SCSCF,P:SCSCF,GTW,P:GTW,SCSCF,P-200:SCSCF,MTAS,P-200:MTAS,SCSCF,P-200:SCSCF,PCSCF,P-200:GTW,SCSCF,R:SCSCF,MTAS,R:SCSCF,PCSCF,R:PCSCF,SCSCF,P:SCSCF,MTAS,P:MTAS,SCSCF,P:SCSCF,GTW,P:GTW,SCSCF,P-200:SCSCF,MTAS,P-200:MTAS,SCSCF,P-200:SCSCF,PCSCF,P-200:PCSCF,SCSCF,C:MTAS,SCSCF,C:SCSCF,MTAS,C-200:SCSCF,GTW,C:SCSCF,PCSCF,C-200:GTW,SCSCF,C-200:GTW,SCSCF,I-487:SCSCF,GTW,A:SCSCF,MTAS,I-487:MTAS,SCSCF,A:SCSCF,PCSCF,I-487:PCSCF,SCSCF,A"
451,451,0,1,0.37018076,"PCSCF,SCSCF,I:SCSCF,ASLI,I:ASLI,SCSCF,T:ASLI,SCSCF,I-500:SCSCF,ASLI,A:SCSCF,PCSCF,T:MTAS,SCSCF,I:SCSCF,MTAS,T:SCSCF,GTW,I:GTW,SCSCF,T:GTW,SCSCF,I-486:SCSCF,GTW,A:SCSCF,MTAS,I-486:MTAS,SCSCF,A:SCSCF,PCSCF,I-486:PCSCF,SCSCF,A"
452,452,0,1,0.67501515,"GTW,ICSCF,I:ICSCF,GTW,T:SCSCF,ASLI,I:ASLI,SCSCF,T:ASLI,SCSCF,I-500:SCSCF,ASLI,A:SCSCF,MTAS,I:MTAS,SCSCF,T:MTAS,SCSCF,I:SCSCF,MTAS,T:SCSCF,PCSCF,I:PCSCF,SCSCF,T:PCSCF,SCSCF,R:SCSCF,MTAS,R:MTAS,SCSCF,R:ICSCF,GTW,R:GTW,SCSCF,P:SCSCF,MTAS,P:MTAS,SCSCF,P:SCSCF,PCSCF,P:PCSCF,SCSCF,P-200:SCSCF,MTAS,P-200:MTAS,SCSCF,P-200:SCSCF,GTW,P-200:PCSCF,SCSCF,I-200:SCSCF,MTAS,I-200:MTAS,SCSCF,I-200:ICSCF,GTW,I-200:GTW,SCSCF,A:SCSCF,MTAS,A:MTAS,SCSCF,A:SCSCF,PCSCF,A:PCSCF,SCSCF,I:SCSCF,PCSCF,T:SCSCF,PCSCF,I-407:PCSCF,SCSCF,A:PCSCF,SCSCF,I:SCSCF,PCSCF,T:SCSCF,MTAS,I:MTAS,SCSCF,I:SCSCF,MTAS,T:SCSCF,GTW,I:GTW,SCSCF,T:MTAS,SCSCF,T:GTW,SCSCF,I-200:SCSCF,MTAS,I-200:MTAS,SCSCF,I-200:SCSCF,PCSCF,I-200:PCSCF,SCSCF,A:SCSCF,MTAS,A:MTAS,SCSCF,A:SCSCF,GTW,A:PCSCF,SCSCF,I:SCSCF,MTAS,I:MTAS,SCSCF,T:MTAS,SCSCF,I:SCSCF,MTAS,T:SCSCF,GTW,I:GTW,SCSCF,T:SCSCF,PCSCF,T:GTW,SCSCF,I-200:SCSCF,MTAS,I-200:MTAS,SCSCF,I-200:SCSCF,PCSCF,I-200:PCSCF,SCSCF,A:SCSCF,MTAS,A:MTAS,SCSCF,A:SCSCF,GTW,A:GTW,SCSCF,B:SCSCF,MTAS,B:MTAS,SCSCF,B:SCSCF,PCSCF,B:PCSCF,SCSCF,B-200:SCSCF,MTAS,B-200:MTAS,SCSCF,B-200:SCSCF,GTW,B-200"
453,453,0,0,0.9984118,"GTW,ICSCF,I:ICSCF,GTW,T:SCSCF,ASLI,I:ASLI,SCSCF,T:ASLI,SCSCF,I-500:SCSCF,MTAS,I:SCSCF,ASLI,A:MTAS,SCSCF,T:MTAS,SCSCF,I:SCSCF,MTAS,T:SCSCF,PCSCF,I:PCSCF,SCSCF,T:PCSCF,SCSCF,R:SCSCF,MTAS,R:MTAS,SCSCF,R:ICSCF,GTW,R:GTW,SCSCF,P:SCSCF,MTAS,P:MTAS,SCSCF,P:SCSCF,PCSCF,P:PCSCF,SCSCF,P-200:SCSCF,MTAS,P-200:MTAS,SCSCF,P-200:SCSCF,GTW,P-200:PCSCF,SCSCF,I-200:SCSCF,MTAS,I-200:MTAS,SCSCF,I-200:GTW,SCSCF,A:ICSCF,GTW,I-200:SCSCF,MTAS,A:MTAS,SCSCF,A:SCSCF,PCSCF,A:PCSCF,SCSCF,B:SCSCF,MTAS,B:MTAS,SCSCF,B:SCSCF,GTW,B:GTW,SCSCF,B-200:SCSCF,MTAS,B-200:MTAS,SCSCF,B-200:SCSCF,PCSCF,B-200"
454,454,0,1,0.28229922,"PCSCF,SCSCF,I:SCSCF,PCSCF,T:SCSCF,PCSCF,I-407:PCSCF,SCSCF,A:PCSCF,SCSCF,I:SCSCF,ASLI,I:ASLI,SCSCF,T:SCSCF,PCSCF,T:ASLI,SCSCF,I-500:SCSCF,ASLI,A:MTAS,SCSCF,I:SCSCF,MTAS,T:SCSCF,GTW,I:GTW,SCSCF,T:GTW,SCSCF,S:SCSCF,MTAS,S:SCSCF,PCSCF,S:PCSCF,SCSCF,P:SCSCF,MTAS,P:MTAS,SCSCF,P:SCSCF,GTW,P:GTW,SCSCF,P-200:SCSCF,MTAS,P-200:MTAS,SCSCF,P-200:SCSCF,PCSCF,P-200:GTW,SCSCF,S:SCSCF,MTAS,S:SCSCF,PCSCF,S:PCSCF,SCSCF,P:SCSCF,MTAS,P:MTAS,SCSCF,P:SCSCF,GTW,P:GTW,SCSCF,P-200:SCSCF,MTAS,P-200:MTAS,SCSCF,P-200:SCSCF,PCSCF,P-200:GTW,SCSCF,R:SCSCF,MTAS,R:SCSCF,PCSCF,R:PCSCF,SCSCF,P:SCSCF,MTAS,P:MTAS,SCSCF,P:SCSCF,GTW,P:GTW,SCSCF,P-200:SCSCF,MTAS,P-200:MTAS,SCSCF,P-200:SCSCF,PCSCF,P-200:GTW,SCSCF,I-200:SCSCF,MTAS,I-200:SCSCF,PCSCF,I-200:PCSCF,SCSCF,A:SCSCF,MTAS,A:MTAS,SCSCF,A:SCSCF,GTW,A:MTAS,SCSCF,U:SCSCF,GTW,U:GTW,SCSCF,U-200:SCSCF,MTAS,U-200:MTAS,SCSCF,U:SCSCF,PCSCF,U:PCSCF,SCSCF,U-200:SCSCF,MTAS,U-200:PCSCF,SCSCF,B:MTAS,SCSCF,B:SCSCF,GTW,B:GTW,SCSCF,B-200:SCSCF,MTAS,B-200:SCSCF,PCSCF,B-200"
455,455,0,1,0.29249486,"PCSCF,SCSCF,I:SCSCF,PCSCF,T:SCSCF,PCSCF,I-407:PCSCF,SCSCF,A:PCSCF,SCSCF,I:SCSCF,ASLI,I:SCSCF,PCSCF,T:ASLI,SCSCF,T:ASLI,SCSCF,I-500:SCSCF,ASLI,A:MTAS,SCSCF,I:SCSCF,MTAS,T:SCSCF,GTW,I:GTW,SCSCF,T:GTW,SCSCF,S:SCSCF,MTAS,S:SCSCF,PCSCF,S:PCSCF,SCSCF,P:MTAS,SCSCF,P:SCSCF,GTW,P:GTW,SCSCF,P-200:GTW,SCSCF,S:SCSCF,MTAS,P-200:SCSCF,MTAS,S:SCSCF,PCSCF,P-200:SCSCF,PCSCF,S:PCSCF,SCSCF,P:MTAS,SCSCF,P:SCSCF,GTW,P:GTW,SCSCF,P-200:SCSCF,MTAS,P-200:SCSCF,PCSCF,P-200:GTW,SCSCF,R:SCSCF,MTAS,R:SCSCF,PCSCF,R:PCSCF,SCSCF,P:MTAS,SCSCF,P:SCSCF,GTW,P:GTW,SCSCF,P-200:SCSCF,MTAS,P-200:SCSCF,PCSCF,P-200:GTW,SCSCF,I-200:SCSCF,MTAS,I-200:SCSCF,PCSCF,I-200:PCSCF,SCSCF,A:SCSCF,MTAS,A:MTAS,SCSCF,A:SCSCF,GTW,A:GTW,SCSCF,B:MTAS,SCSCF,B:SCSCF,PCSCF,B:PCSCF,SCSCF,B-200:SCSCF,MTAS,B-200:SCSCF,GTW,B-200"
456,456,0,1,0.53225636,"GTW,ICSCF,I:ICSCF,GTW,T:SCSCF,ASLI,I:ASLI,SCSCF,T:ASLI,SCSCF,I-500:SCSCF,ASLI,A:SCSCF,MTAS,I:MTAS,SCSCF,T:MTAS,SCSCF,I:SCSCF,MTAS,T:SCSCF,PCSCF,I:PCSCF,SCSCF,T:PCSCF,SCSCF,R:SCSCF,MTAS,R:MTAS,SCSCF,R:ICSCF,GTW,R:GTW,SCSCF,P:SCSCF,MTAS,P:MTAS,SCSCF,P:SCSCF,PCSCF,P:PCSCF,SCSCF,P-200:SCSCF,MTAS,P-200:MTAS,SCSCF,P-200:SCSCF,GTW,P-200:PCSCF,SCSCF,I-200:SCSCF,MTAS,I-200:MTAS,SCSCF,I-200:ICSCF,GTW,I-200:GTW,SCSCF,A:SCSCF,MTAS,A:MTAS,SCSCF,A:SCSCF,PCSCF,A:MTAS,SCSCF,U:SCSCF,PCSCF,U:MTAS,SCSCF,U:SCSCF,GTW,U:PCSCF,SCSCF,U-200:SCSCF,MTAS,U-200:GTW,SCSCF,U-200:SCSCF,MTAS,U-200:PCSCF,SCSCF,B:SCSCF,MTAS,B:MTAS,SCSCF,B:SCSCF,GTW,B:GTW,SCSCF,B-200:SCSCF,MTAS,B-200:MTAS,SCSCF,B-200:SCSCF,PCSCF,B-200"
457,457,0,1,0.22082369,"PCSCF,SCSCF,I:SCSCF,ASLI,I:ASLI,SCSCF,T:ASLI,SCSCF,I-500:SCSCF,ASLI,A:MTAS,SCSCF,I:SCSCF,MTAS,T:SCSCF,GTW,I:GTW,SCSCF,T:SCSCF,PCSCF,T:GTW,SCSCF,R:SCSCF,MTAS,R:SCSCF,PCSCF,R:PCSCF,SCSCF,P:SCSCF,MTAS,P:MTAS,SCSCF,P:SCSCF,GTW,P:GTW,SCSCF,P-200:SCSCF,MTAS,P-200:MTAS,SCSCF,P-200:SCSCF,PCSCF,P-200:GTW,SCSCF,I-200:SCSCF,MTAS,I-200:SCSCF,PCSCF,I-200:PCSCF,SCSCF,A:SCSCF,MTAS,A:MTAS,SCSCF,A:SCSCF,GTW,A:MTAS,SCSCF,U:SCSCF,GTW,U:GTW,SCSCF,U-200:SCSCF,PCSCF,U:SCSCF,MTAS,U-200:PCSCF,SCSCF,U-200:SCSCF,MTAS,U-200:PCSCF,SCSCF,B:SCSCF,MTAS,B:MTAS,SCSCF,B:SCSCF,GTW,B:GTW,SCSCF,B-200:SCSCF,MTAS,B-200:MTAS,SCSCF,B-200:SCSCF,PCSCF,B-200"
458,458,0,1,0.28023523,"GTW,ICSCF,I:ICSCF,GTW,T:SCSCF,ASLI,I:ASLI,SCSCF,T:ASLI,SCSCF,I-500:SCSCF,ASLI,A:SCSCF,MTAS,I:MTAS,SCSCF,T:MTAS,SCSCF,I:SCSCF,MTAS,T:SCSCF,PCSCF,I:PCSCF,SCSCF,T:PCSCF,SCSCF,R:SCSCF,MTAS,R:MTAS,SCSCF,R:ICSCF,GTW,R:GTW,SCSCF,P:SCSCF,MTAS,P:MTAS,SCSCF,P:SCSCF,PCSCF,P:PCSCF,SCSCF,P-200:SCSCF,MTAS,P-200:MTAS,SCSCF,P-200:SCSCF,GTW,P-200:PCSCF,SCSCF,I-200:SCSCF,MTAS,I-200:MTAS,SCSCF,I-200:ICSCF,GTW,I-200:GTW,SCSCF,A:SCSCF,MTAS,A:MTAS,SCSCF,A:SCSCF,PCSCF,A:MTAS,SCSCF,U:SCSCF,PCSCF,U:MTAS,SCSCF,U:SCSCF,GTW,U:GTW,SCSCF,U-200:PCSCF,SCSCF,U-200:SCSCF,MTAS,U-200:MTAS,SCSCF,U:SCSCF,GTW,U:SCSCF,PCSCF,U:GTW,SCSCF,U-200:SCSCF,MTAS,U-200:PCSCF,SCSCF,U-200:SCSCF,MTAS,U-200:MTAS,SCSCF,U:SCSCF,GTW,U:SCSCF,PCSCF,U:GTW,SCSCF,U-200:SCSCF,MTAS,U-200:PCSCF,SCSCF,U-200:SCSCF,MTAS,U-200:MTAS,SCSCF,U:SCSCF,GTW,U:GTW,SCSCF,U-200:SCSCF,MTAS,U-200:MTAS,SCSCF,U:SCSCF,PCSCF,U:PCSCF,SCSCF,U-200:SCSCF,MTAS,U-200:MTAS,SCSCF,U:SCSCF,GTW,U:GTW,SCSCF,U-200:SCSCF,MTAS,U-200:MTAS,SCSCF,U:SCSCF,PCSCF,U:PCSCF,SCSCF,U-200:SCSCF,MTAS,U-200:MTAS,SCSCF,U:SCSCF,GTW,U:GTW,SCSCF,U-200:SCSCF,MTAS,U-200:MTAS,SCSCF,U:SCSCF,PCSCF,U:PCSCF,SCSCF,U-200:SCSCF,MTAS,U-200:MTAS,SCSCF,U:SCSCF,GTW,U:GTW,SCSCF,U-200:SCSCF,MTAS,U-200:MTAS,SCSCF,U:SCSCF,PCSCF,U:PCSCF,SCSCF,U-200:SCSCF,MTAS,U-200:GTW,SCSCF,B:SCSCF,MTAS,B:MTAS,SCSCF,B:SCSCF,PCSCF,B:PCSCF,SCSCF,B-200:SCSCF,MTAS,B-200:MTAS,SCSCF,B-200:SCSCF,GTW,B-200"
459,459,0,0,0.9954181,"GTW,ICSCF,I:ICSCF,GTW,T:SCSCF,ASLI,I:ASLI,SCSCF,T:ASLI,SCSCF,I-500:SCSCF,ASLI,A:SCSCF,MTAS,I:MTAS,SCSCF,T:MTAS,SCSCF,W:ICSCF,GTW,W:MTAS,SCSCF,I:SCSCF,MTAS,T:SCSCF,GTW,I:GTW,SCSCF,T:GTW,SCSCF,S:SCSCF,MTAS,S:MTAS,SCSCF,S:ICSCF,GTW,S:GTW,SCSCF,P:SCSCF,MTAS,P:MTAS,SCSCF,P:SCSCF,GTW,P:GTW,SCSCF,P-200:SCSCF,MTAS,P-200:MTAS,SCSCF,P-200:SCSCF,GTW,P-200:GTW,SCSCF,R:SCSCF,MTAS,R:ICSCF,GTW,R:GTW,SCSCF,P:SCSCF,MTAS,P:MTAS,SCSCF,P:SCSCF,GTW,P:MTAS,SCSCF,R:GTW,SCSCF,P-200:SCSCF,MTAS,P-200:SCSCF,GTW,P-200:MTAS,SCSCF,P-200:GTW,SCSCF,I-200:SCSCF,MTAS,I-200:MTAS,SCSCF,I-200:ICSCF,GTW,I-200:GTW,SCSCF,A:SCSCF,MTAS,A:MTAS,SCSCF,A:SCSCF,GTW,A:GTW,SCSCF,B:SCSCF,MTAS,B:SCSCF,GTW,B:GTW,SCSCF,B-200:MTAS,SCSCF,B:SCSCF,MTAS,B-200:MTAS,SCSCF,B-200:SCSCF,GTW,B-200"
460,460,0,1,0.7991073,"GTW,ICSCF,I:ICSCF,GTW,T:SCSCF,ASLI,I:ASLI,SCSCF,T:ASLI,SCSCF,I-500:SCSCF,ASLI,A:SCSCF,MTAS,I:MTAS,SCSCF,T:MTAS,SCSCF,I:SCSCF,MTAS,T:SCSCF,PCSCF,I:PCSCF,SCSCF,T:PCSCF,SCSCF,R:SCSCF,MTAS,R:MTAS,SCSCF,R:ICSCF,GTW,R:GTW,SCSCF,P:SCSCF,MTAS,P:MTAS,SCSCF,P:SCSCF,PCSCF,P:PCSCF,SCSCF,P-200:SCSCF,MTAS,P-200:MTAS,SCSCF,P-200:SCSCF,GTW,P-200:PCSCF,SCSCF,I-200:SCSCF,MTAS,I-200:MTAS,SCSCF,I-200:ICSCF,GTW,I-200:GTW,SCSCF,A:SCSCF,MTAS,A:MTAS,SCSCF,A:SCSCF,PCSCF,A:MTAS,SCSCF,U:SCSCF,GTW,U:GTW,SCSCF,U-200:SCSCF,MTAS,U-200:SCSCF,PCSCF,U:PCSCF,SCSCF,U-200:SCSCF,MTAS,U-200:MTAS,SCSCF,U:SCSCF,GTW,U:GTW,SCSCF,U-200:SCSCF,MTAS,U-200:MTAS,SCSCF,U:SCSCF,PCSCF,U:PCSCF,SCSCF,U-200:SCSCF,MTAS,U-200:MTAS,SCSCF,U:SCSCF,GTW,U:GTW,SCSCF,U-200:SCSCF,MTAS,U-200:MTAS,SCSCF,U:SCSCF,PCSCF,U:PCSCF,SCSCF,U-200:SCSCF,MTAS,U-200:MTAS,SCSCF,U:SCSCF,GTW,U:GTW,SCSCF,U-200:SCSCF,MTAS,U-200:MTAS,SCSCF,U:SCSCF,PCSCF,U:PCSCF,SCSCF,U-200:SCSCF,MTAS,U-200:MTAS,SCSCF,U:SCSCF,GTW,U:GTW,SCSCF,U-200:SCSCF,MTAS,U-200:MTAS,SCSCF,U:SCSCF,PCSCF,U:PCSCF,SCSCF,U-200:SCSCF,MTAS,U-200:MTAS,SCSCF,U:SCSCF,GTW,U:GTW,SCSCF,U-200:SCSCF,MTAS,U-200:MTAS,SCSCF,U:SCSCF,PCSCF,U:PCSCF,SCSCF,U-200:SCSCF,MTAS,U-200:MTAS,SCSCF,U:SCSCF,GTW,U:GTW,SCSCF,U-200:SCSCF,MTAS,U-200:MTAS,SCSCF,U:SCSCF,PCSCF,U:PCSCF,SCSCF,U-200:SCSCF,MTAS,U-200:MTAS,SCSCF,U:SCSCF,GTW,U:GTW,SCSCF,U-200:SCSCF,MTAS,U-200:MTAS,SCSCF,U:SCSCF,PCSCF,U:PCSCF,SCSCF,U-200:SCSCF,MTAS,U-200:MTAS,SCSCF,U:SCSCF,GTW,U:GTW,SCSCF,U-200:SCSCF,MTAS,U-200:MTAS,SCSCF,U:SCSCF,PCSCF,U:PCSCF,SCSCF,U-200:SCSCF,MTAS,U-200:MTAS,SCSCF,U:SCSCF,GTW,U:GTW,SCSCF,U-200:SCSCF,MTAS,U-200:MTAS,SCSCF,U:SCSCF,PCSCF,U:PCSCF,SCSCF,U-200:SCSCF,MTAS,U-200:MTAS,SCSCF,U:SCSCF,GTW,U:GTW,SCSCF,U-200:SCSCF,MTAS,U-200:MTAS,SCSCF,U:SCSCF,PCSCF,U:PCSCF,SCSCF,U-200:SCSCF,MTAS,U-200:GTW,SCSCF,B:SCSCF,MTAS,B:MTAS,SCSCF,B:SCSCF,PCSCF,B:PCSCF,SCSCF,B-200:SCSCF,MTAS,B-200:MTAS,SCSCF,B-200:SCSCF,GTW,B-200"
461,461,0,1,0.22268967,"GTW,ICSCF,I:ICSCF,GTW,T:SCSCF,ASLI,I:ASLI,SCSCF,T:ASLI,SCSCF,I-500:SCSCF,MTAS,I:MTAS,SCSCF,I:SCSCF,MTAS,T:SCSCF,PCSCF,I:PCSCF,SCSCF,T:SCSCF,ASLI,A:MTAS,SCSCF,T:PCSCF,SCSCF,R:SCSCF,MTAS,R:MTAS,SCSCF,R:ICSCF,GTW,R:GTW,SCSCF,P:SCSCF,MTAS,P:MTAS,SCSCF,P:SCSCF,PCSCF,P:PCSCF,SCSCF,P-200:SCSCF,MTAS,P-200:MTAS,SCSCF,P-200:SCSCF,GTW,P-200:GTW,ICSCF,C:ICSCF,GTW,C-200:SCSCF,MTAS,C:MTAS,SCSCF,C-200:MTAS,SCSCF,C:SCSCF,MTAS,C-200:SCSCF,PCSCF,C:PCSCF,SCSCF,C-200:PCSCF,SCSCF,I-487:SCSCF,PCSCF,A:SCSCF,MTAS,I-487:MTAS,SCSCF,A:MTAS,SCSCF,I-487:SCSCF,MTAS,A:ICSCF,GTW,I-487:GTW,ICSCF,A"
462,462,0,0,0.8634298,"GTW,ICSCF,I:ICSCF,GTW,T:SCSCF,ASLI,I:ASLI,SCSCF,T:ASLI,SCSCF,I-500:SCSCF,ASLI,A:SCSCF,MTAS,I:MTAS,SCSCF,T:MTAS,SCSCF,I:SCSCF,MTAS,T:SCSCF,PCSCF,I:PCSCF,SCSCF,T:PCSCF,SCSCF,R:SCSCF,MTAS,R:MTAS,SCSCF,R:ICSCF,GTW,R:GTW,SCSCF,P:SCSCF,MTAS,P:MTAS,SCSCF,P:SCSCF,PCSCF,P:PCSCF,SCSCF,P-200:SCSCF,MTAS,P-200:MTAS,SCSCF,P-200:SCSCF,GTW,P-200:GTW,ICSCF,C:SCSCF,MTAS,C:ICSCF,GTW,C-200:MTAS,SCSCF,C-200:MTAS,SCSCF,C:SCSCF,MTAS,C-200:SCSCF,PCSCF,C:PCSCF,SCSCF,C-200:PCSCF,SCSCF,I-487:SCSCF,PCSCF,A:SCSCF,MTAS,I-487:MTAS,SCSCF,A:MTAS,SCSCF,I-487:ICSCF,GTW,I-487:GTW,ICSCF,A:SCSCF,MTAS,A"
463,463,0,1,0.16635735,"PCSCF,SCSCF,I:SCSCF,PCSCF,T:SCSCF,ASLI,I:ASLI,SCSCF,T:ASLI,SCSCF,I-500:SCSCF,ASLI,A:MTAS,SCSCF,I:SCSCF,MTAS,T:SCSCF,GTW,I:GTW,SCSCF,T:GTW,SCSCF,I-200:SCSCF,MTAS,I-200:SCSCF,PCSCF,I-200:PCSCF,SCSCF,A:SCSCF,MTAS,A:MTAS,SCSCF,A:SCSCF,GTW,A:MTAS,SCSCF,U:SCSCF,GTW,U:SCSCF,PCSCF,U:GTW,SCSCF,U-200:SCSCF,MTAS,U-200:PCSCF,SCSCF,U-200:SCSCF,MTAS,U-200:MTAS,SCSCF,U:SCSCF,GTW,U:GTW,SCSCF,U-200:SCSCF,MTAS,U-200:MTAS,SCSCF,U:SCSCF,PCSCF,U:PCSCF,SCSCF,U-200:SCSCF,MTAS,U-200:PCSCF,SCSCF,B:MTAS,SCSCF,B:SCSCF,GTW,B:GTW,SCSCF,B-200:SCSCF,MTAS,B-200:SCSCF,PCSCF,B-200"
464,464,0,1,0.6359248,"PCSCF,SCSCF,I:SCSCF,PCSCF,T:SCSCF,ASLI,I:ASLI,SCSCF,T:ASLI,SCSCF,I-500:SCSCF,ASLI,A:MTAS,SCSCF,I:SCSCF,MTAS,T:SCSCF,GTW,I:GTW,SCSCF,T:GTW,SCSCF,I-200:SCSCF,MTAS,I-200:SCSCF,PCSCF,I-200:PCSCF,SCSCF,A:SCSCF,MTAS,A:MTAS,SCSCF,A:SCSCF,GTW,A:MTAS,SCSCF,U:SCSCF,GTW,U:GTW,SCSCF,U-200:SCSCF,MTAS,U-200:MTAS,SCSCF,U:SCSCF,PCSCF,U:PCSCF,SCSCF,U-200:SCSCF,MTAS,U-200:MTAS,SCSCF,U:SCSCF,GTW,U:GTW,SCSCF,U-200:SCSCF,MTAS,U-200:MTAS,SCSCF,U:SCSCF,PCSCF,U:PCSCF,SCSCF,U-200:SCSCF,MTAS,U-200:MTAS,SCSCF,U:SCSCF,GTW,U:GTW,SCSCF,U-200:SCSCF,MTAS,U-200:MTAS,SCSCF,U:SCSCF,PCSCF,U:PCSCF,SCSCF,U-200:SCSCF,MTAS,U-200:GTW,SCSCF,B:MTAS,SCSCF,B:SCSCF,PCSCF,B:PCSCF,SCSCF,B-200:SCSCF,MTAS,B-200:SCSCF,GTW,B-200"
465,465,0,1,0.28419948,"GTW,ICSCF,I:ICSCF,GTW,T:SCSCF,ASLI,I:ASLI,SCSCF,T:ASLI,SCSCF,I-500:SCSCF,ASLI,A:SCSCF,MTAS,I:MTAS,SCSCF,T:MTAS,SCSCF,I:SCSCF,MTAS,T:SCSCF,PCSCF,I:PCSCF,SCSCF,T:PCSCF,SCSCF,R:SCSCF,MTAS,R:MTAS,SCSCF,R:ICSCF,GTW,R:GTW,SCSCF,P:SCSCF,MTAS,P:MTAS,SCSCF,P:SCSCF,PCSCF,P:PCSCF,SCSCF,P-200:SCSCF,MTAS,P-200:MTAS,SCSCF,P-200:SCSCF,GTW,P-200:PCSCF,SCSCF,I-200:SCSCF,MTAS,I-200:MTAS,SCSCF,I-200:ICSCF,GTW,I-200:GTW,SCSCF,A:SCSCF,MTAS,A:MTAS,SCSCF,A:SCSCF,PCSCF,A:GTW,SCSCF,I:SCSCF,GTW,T:SCSCF,MTAS,I:MTAS,SCSCF,T:MTAS,SCSCF,I:SCSCF,MTAS,T:SCSCF,PCSCF,I:PCSCF,SCSCF,I-200:SCSCF,MTAS,I-200:MTAS,SCSCF,I-200:SCSCF,GTW,I-200:GTW,SCSCF,A:SCSCF,MTAS,A:MTAS,SCSCF,A:SCSCF,PCSCF,A:GTW,SCSCF,I:SCSCF,GTW,T:SCSCF,MTAS,I:MTAS,SCSCF,T:MTAS,SCSCF,I:SCSCF,MTAS,T:SCSCF,PCSCF,I:PCSCF,SCSCF,I-200:SCSCF,MTAS,I-200:MTAS,SCSCF,I-200:SCSCF,GTW,I-200:GTW,SCSCF,A:SCSCF,MTAS,A:MTAS,SCSCF,A:SCSCF,PCSCF,A:GTW,SCSCF,B:SCSCF,MTAS,B:MTAS,SCSCF,B:SCSCF,PCSCF,B:PCSCF,SCSCF,B-200:SCSCF,MTAS,B-200:MTAS,SCSCF,B-200:SCSCF,GTW,B-200"
466,466,0,1,0.26313266,"PCSCF,SCSCF,I:SCSCF,ASLI,I:ASLI,SCSCF,T:ASLI,SCSCF,I-500:SCSCF,ASLI,A:SCSCF,PCSCF,T:MTAS,SCSCF,I:SCSCF,MTAS,T:SCSCF,GTW,I:GTW,SCSCF,T:GTW,SCSCF,S:SCSCF,MTAS,S:SCSCF,PCSCF,S:PCSCF,SCSCF,P:MTAS,SCSCF,P:SCSCF,GTW,P:GTW,SCSCF,P-200:SCSCF,MTAS,P-200:SCSCF,PCSCF,P-200:GTW,SCSCF,R:SCSCF,MTAS,R:SCSCF,PCSCF,R:PCSCF,SCSCF,P:MTAS,SCSCF,P:SCSCF,GTW,P:GTW,SCSCF,P-200:SCSCF,MTAS,P-200:SCSCF,PCSCF,P-200:GTW,SCSCF,I-200:SCSCF,MTAS,I-200:SCSCF,PCSCF,I-200:PCSCF,SCSCF,A:SCSCF,MTAS,A:MTAS,SCSCF,A:SCSCF,GTW,A:MTAS,SCSCF,U:SCSCF,GTW,U:GTW,SCSCF,U-200:SCSCF,MTAS,U-200:MTAS,SCSCF,U:SCSCF,PCSCF,U:PCSCF,SCSCF,U-200:SCSCF,MTAS,U-200:MTAS,SCSCF,U:SCSCF,GTW,U:SCSCF,PCSCF,U:GTW,SCSCF,U-200:SCSCF,MTAS,U-200:PCSCF,SCSCF,U-200:SCSCF,MTAS,U-200:PCSCF,SCSCF,B:MTAS,SCSCF,B:SCSCF,GTW,B:GTW,SCSCF,B-200:SCSCF,MTAS,B-200:SCSCF,PCSCF,B-200"
467,467,0,1,0.5394001,"PCSCF,SCSCF,I:SCSCF,PCSCF,T:SCSCF,ASLI,I:ASLI,SCSCF,T:ASLI,SCSCF,I-500:SCSCF,ASLI,A:MTAS,SCSCF,I:SCSCF,MTAS,T:SCSCF,GTW,I:GTW,SCSCF,T:GTW,SCSCF,S:SCSCF,MTAS,S:SCSCF,PCSCF,S:PCSCF,SCSCF,P:MTAS,SCSCF,P:SCSCF,GTW,P:GTW,SCSCF,P-200:SCSCF,MTAS,P-200:SCSCF,PCSCF,P-200:GTW,SCSCF,R:SCSCF,MTAS,R:SCSCF,PCSCF,R:PCSCF,SCSCF,P:MTAS,SCSCF,P:SCSCF,GTW,P:GTW,SCSCF,P-200:SCSCF,MTAS,P-200:SCSCF,PCSCF,P-200:GTW,SCSCF,I-200:SCSCF,MTAS,I-200:SCSCF,PCSCF,I-200:PCSCF,SCSCF,A:SCSCF,MTAS,A:MTAS,SCSCF,A:SCSCF,GTW,A:MTAS,SCSCF,U:SCSCF,GTW,U:SCSCF,PCSCF,U:PCSCF,SCSCF,U-200:GTW,SCSCF,U-200:SCSCF,MTAS,U-200:PCSCF,SCSCF,B:MTAS,SCSCF,B:SCSCF,GTW,B:GTW,SCSCF,B-200:SCSCF,MTAS,B-200:SCSCF,PCSCF,B-200"
468,468,0,1,0.35034806,"PCSCF,SCSCF,I:SCSCF,PCSCF,T:SCSCF,PCSCF,I-407:PCSCF,SCSCF,A:PCSCF,SCSCF,I:SCSCF,PCSCF,T:SCSCF,ASLI,I:ASLI,SCSCF,T:ASLI,SCSCF,I-500:SCSCF,ASLI,A:MTAS,SCSCF,I:SCSCF,MTAS,T:SCSCF,GTW,I:GTW,SCSCF,T:GTW,SCSCF,S:SCSCF,MTAS,S:SCSCF,PCSCF,S:PCSCF,SCSCF,P:SCSCF,MTAS,P:MTAS,SCSCF,P:SCSCF,GTW,P:GTW,SCSCF,P-200:GTW,SCSCF,S:SCSCF,MTAS,S:SCSCF,MTAS,P-200:MTAS,SCSCF,P-200:SCSCF,PCSCF,P-200:SCSCF,PCSCF,S:PCSCF,SCSCF,P:SCSCF,MTAS,P:MTAS,SCSCF,P:SCSCF,GTW,P:GTW,SCSCF,P-200:GTW,SCSCF,S:SCSCF,MTAS,S:SCSCF,MTAS,P-200:MTAS,SCSCF,P-200:SCSCF,PCSCF,P-200:SCSCF,PCSCF,S:PCSCF,SCSCF,P:SCSCF,MTAS,P:MTAS,SCSCF,P:SCSCF,GTW,P:GTW,SCSCF,P-200:GTW,SCSCF,R:SCSCF,MTAS,R:SCSCF,MTAS,P-200:MTAS,SCSCF,P-200:SCSCF,PCSCF,P-200:SCSCF,PCSCF,R:PCSCF,SCSCF,P:SCSCF,MTAS,P:MTAS,SCSCF,P:SCSCF,GTW,P:GTW,SCSCF,P-200:SCSCF,MTAS,P-200:MTAS,SCSCF,P-200:SCSCF,PCSCF,P-200:PCSCF,SCSCF,C:SCSCF,PCSCF,C-200:MTAS,SCSCF,C:SCSCF,MTAS,C-200:SCSCF,GTW,C:GTW,SCSCF,C-200:GTW,SCSCF,I-487:SCSCF,GTW,A:SCSCF,MTAS,I-487:MTAS,SCSCF,A:SCSCF,PCSCF,I-487:PCSCF,SCSCF,A"
469,469,0,1,0.50292134,"GTW,ICSCF,I:ICSCF,GTW,T:SCSCF,ASLI,I:ASLI,SCSCF,T:ASLI,SCSCF,I-500:SCSCF,ASLI,A:SCSCF,MTAS,I:MTAS,SCSCF,T:MTAS,SCSCF,I:SCSCF,MTAS,T:MTAS,SCSCF,W:ICSCF,GTW,W:SCSCF,GTW,I:GTW,SCSCF,T:GTW,SCSCF,S:SCSCF,MTAS,S:MTAS,SCSCF,S:ICSCF,GTW,S:GTW,SCSCF,P:SCSCF,MTAS,P:MTAS,SCSCF,P:SCSCF,GTW,P:GTW,SCSCF,P-200:SCSCF,MTAS,P-200:MTAS,SCSCF,P-200:SCSCF,GTW,P-200:GTW,SCSCF,R:SCSCF,MTAS,R:MTAS,SCSCF,R:ICSCF,GTW,R:GTW,SCSCF,P:SCSCF,MTAS,P:MTAS,SCSCF,P:SCSCF,GTW,P:GTW,SCSCF,P-200:SCSCF,MTAS,P-200:MTAS,SCSCF,P-200:SCSCF,GTW,P-200:GTW,ICSCF,C:ICSCF,GTW,C-200:SCSCF,MTAS,C:MTAS,SCSCF,C-200:MTAS,SCSCF,I-487:SCSCF,MTAS,A:MTAS,SCSCF,C:ICSCF,GTW,I-487:SCSCF,MTAS,C-200:SCSCF,GTW,C:GTW,ICSCF,A:GTW,SCSCF,C-200:GTW,SCSCF,I-487:SCSCF,GTW,A:SCSCF,MTAS,I-487:MTAS,SCSCF,A"
470,470,0,1,0.62942165,"PCSCF,SCSCF,I:SCSCF,PCSCF,T:SCSCF,PCSCF,I-407:PCSCF,SCSCF,A:PCSCF,SCSCF,I:SCSCF,ASLI,I:SCSCF,PCSCF,T:ASLI,SCSCF,T:ASLI,SCSCF,I-500:SCSCF,ASLI,A:MTAS,SCSCF,I:SCSCF,MTAS,T:SCSCF,GTW,I:GTW,SCSCF,T:GTW,SCSCF,S:SCSCF,MTAS,S:SCSCF,PCSCF,S:PCSCF,SCSCF,P:MTAS,SCSCF,P:SCSCF,GTW,P:GTW,SCSCF,P-200:GTW,SCSCF,R:SCSCF,MTAS,R:SCSCF,MTAS,P-200:SCSCF,PCSCF,P-200:SCSCF,PCSCF,R:PCSCF,SCSCF,P:MTAS,SCSCF,P:SCSCF,GTW,P:GTW,SCSCF,P-200:SCSCF,MTAS,P-200:SCSCF,PCSCF,P-200:GTW,SCSCF,I-200:SCSCF,MTAS,I-200:SCSCF,PCSCF,I-200:PCSCF,SCSCF,A:SCSCF,MTAS,A:MTAS,SCSCF,A:SCSCF,GTW,A:GTW,SCSCF,B:SCSCF,PCSCF,B:MTAS,SCSCF,B:PCSCF,SCSCF,B-200:SCSCF,MTAS,B-200:SCSCF,GTW,B-200"
471,471,0,1,0.18210423,"PCSCF,SCSCF,I:SCSCF,PCSCF,T:SCSCF,ASLI,I:ASLI,SCSCF,T:ASLI,SCSCF,I-500:SCSCF,ASLI,A:MTAS,SCSCF,I:SCSCF,MTAS,T:SCSCF,GTW,I:GTW,SCSCF,T:GTW,SCSCF,S:SCSCF,MTAS,S:SCSCF,PCSCF,S:PCSCF,SCSCF,P:SCSCF,MTAS,P:MTAS,SCSCF,P:SCSCF,GTW,P:GTW,SCSCF,P-200:SCSCF,MTAS,P-200:MTAS,SCSCF,P-200:SCSCF,PCSCF,P-200:GTW,SCSCF,R:SCSCF,MTAS,R:SCSCF,PCSCF,R:PCSCF,SCSCF,P:SCSCF,MTAS,P:MTAS,SCSCF,P:SCSCF,GTW,P:GTW,SCSCF,P-200:SCSCF,MTAS,P-200:MTAS,SCSCF,P-200:SCSCF,PCSCF,P-200:GTW,SCSCF,W:SCSCF,MTAS,W:SCSCF,PCSCF,W:PCSCF,SCSCF,P:SCSCF,MTAS,P:MTAS,SCSCF,P:SCSCF,GTW,P:GTW,SCSCF,P-200:SCSCF,MTAS,P-200:MTAS,SCSCF,P-200:SCSCF,PCSCF,P-200:GTW,SCSCF,S:SCSCF,MTAS,S:SCSCF,PCSCF,S:PCSCF,SCSCF,P:SCSCF,MTAS,P:MTAS,SCSCF,P:SCSCF,GTW,P:GTW,SCSCF,P-200:SCSCF,MTAS,P-200:MTAS,SCSCF,P-200:GTW,SCSCF,S:SCSCF,MTAS,S:SCSCF,PCSCF,P-200:SCSCF,PCSCF,S:PCSCF,SCSCF,P:SCSCF,MTAS,P:MTAS,SCSCF,P:SCSCF,GTW,P:GTW,SCSCF,P-200:SCSCF,MTAS,P-200:MTAS,SCSCF,P-200:SCSCF,PCSCF,P-200:PCSCF,SCSCF,C:MTAS,SCSCF,C:SCSCF,MTAS,C-200:SCSCF,GTW,C:GTW,SCSCF,C-200:GTW,SCSCF,I-487:SCSCF,GTW,A:SCSCF,MTAS,I-487:MTAS,SCSCF,A:SCSCF,PCSCF,C-200:SCSCF,PCSCF,I-487:PCSCF,SCSCF,A"
472,472,0,0,0.9872422,"PCSCF,SCSCF,I:SCSCF,PCSCF,T:SCSCF,PCSCF,I-407:PCSCF,SCSCF,A:PCSCF,SCSCF,I:SCSCF,PCSCF,T:SCSCF,ASLI,I:ASLI,SCSCF,T:ASLI,SCSCF,I-500:SCSCF,ASLI,A:MTAS,SCSCF,I:SCSCF,MTAS,T:SCSCF,GTW,I:GTW,SCSCF,T:GTW,SCSCF,I-404:SCSCF,GTW,A:SCSCF,MTAS,I-404:MTAS,SCSCF,A:SCSCF,PCSCF,S:PCSCF,SCSCF,C:SCSCF,PCSCF,C-200:SCSCF,PCSCF,I-404:PCSCF,SCSCF,A"
473,473,0,1,0.31540674,"PCSCF,SCSCF,I:SCSCF,PCSCF,T:SCSCF,ASLI,I:ASLI,SCSCF,T:ASLI,SCSCF,I-500:SCSCF,ASLI,A:MTAS,SCSCF,I:SCSCF,MTAS,T:SCSCF,GTW,I:GTW,SCSCF,T:GTW,SCSCF,S:SCSCF,MTAS,S:SCSCF,PCSCF,S:PCSCF,SCSCF,P:SCSCF,MTAS,P:MTAS,SCSCF,P:SCSCF,GTW,P:GTW,SCSCF,P-200:SCSCF,MTAS,P-200:MTAS,SCSCF,P-200:SCSCF,PCSCF,P-200:GTW,SCSCF,S:GTW,SCSCF,I-200:SCSCF,MTAS,S:SCSCF,MTAS,I-200:SCSCF,PCSCF,S:SCSCF,PCSCF,I-200:PCSCF,SCSCF,P:SCSCF,MTAS,P:MTAS,SCSCF,P:SCSCF,GTW,P:GTW,SCSCF,P-200:SCSCF,MTAS,P-200:MTAS,SCSCF,P-200:SCSCF,PCSCF,P-200:PCSCF,SCSCF,A:SCSCF,MTAS,A:MTAS,SCSCF,A:SCSCF,GTW,A:MTAS,SCSCF,U:SCSCF,GTW,U:SCSCF,PCSCF,U:GTW,SCSCF,U-200:SCSCF,MTAS,U-200:PCSCF,SCSCF,U-200:SCSCF,MTAS,U-200:MTAS,SCSCF,U:SCSCF,GTW,U:GTW,SCSCF,U-200:SCSCF,MTAS,U-200:MTAS,SCSCF,U:SCSCF,PCSCF,U:PCSCF,SCSCF,U-200:SCSCF,MTAS,U-200:PCSCF,SCSCF,B:SCSCF,MTAS,B:MTAS,SCSCF,B:SCSCF,GTW,B:GTW,SCSCF,B-200:SCSCF,MTAS,B-200:MTAS,SCSCF,B-200:SCSCF,PCSCF,B-200"
474,474,0,1,0.36579874,"PCSCF,SCSCF,I:SCSCF,PCSCF,T:SCSCF,ASLI,I:ASLI,SCSCF,T:ASLI,SCSCF,I-500:SCSCF,ASLI,A:MTAS,SCSCF,I:SCSCF,MTAS,T:SCSCF,GTW,I:GTW,SCSCF,T:GTW,SCSCF,S:SCSCF,MTAS,S:SCSCF,PCSCF,S:PCSCF,SCSCF,P:MTAS,SCSCF,P:SCSCF,GTW,P:GTW,SCSCF,P-200:SCSCF,MTAS,P-200:SCSCF,PCSCF,P-200:GTW,SCSCF,R:SCSCF,MTAS,R:SCSCF,PCSCF,R:PCSCF,SCSCF,P:MTAS,SCSCF,P:SCSCF,GTW,P:GTW,SCSCF,P-200:SCSCF,MTAS,P-200:SCSCF,PCSCF,P-200:GTW,SCSCF,I-200:SCSCF,MTAS,I-200:SCSCF,PCSCF,I-200:PCSCF,SCSCF,A:SCSCF,MTAS,A:MTAS,SCSCF,A:SCSCF,GTW,A:MTAS,SCSCF,U:SCSCF,GTW,U:GTW,SCSCF,U-200:SCSCF,PCSCF,U:SCSCF,MTAS,U-200:PCSCF,SCSCF,U-200:SCSCF,MTAS,U-200:GTW,SCSCF,B:MTAS,SCSCF,B:SCSCF,PCSCF,B:PCSCF,SCSCF,B-200:SCSCF,MTAS,B-200:SCSCF,GTW,B-200"
475,475,0,1,0.45463675,"GTW,ICSCF,I:ICSCF,GTW,T:SCSCF,ASLI,I:ASLI,SCSCF,T:ASLI,SCSCF,I-500:SCSCF,ASLI,A:SCSCF,MTAS,I:MTAS,SCSCF,T:MTAS,SCSCF,I:SCSCF,MTAS,T:SCSCF,GTW,I:MTAS,SCSCF,W:ICSCF,GTW,W:GTW,SCSCF,T:GTW,SCSCF,S:SCSCF,MTAS,S:MTAS,SCSCF,S:ICSCF,GTW,S:GTW,SCSCF,P:SCSCF,MTAS,P:MTAS,SCSCF,P:SCSCF,GTW,P:GTW,SCSCF,R:SCSCF,MTAS,R:GTW,SCSCF,P-200:SCSCF,MTAS,P-200:MTAS,SCSCF,P-200:MTAS,SCSCF,R:SCSCF,GTW,P-200:ICSCF,GTW,R:GTW,SCSCF,P:SCSCF,MTAS,P:MTAS,SCSCF,P:SCSCF,GTW,P:GTW,SCSCF,P-200:SCSCF,MTAS,P-200:MTAS,SCSCF,P-200:SCSCF,GTW,P-200:GTW,SCSCF,I-200:SCSCF,MTAS,I-200:MTAS,SCSCF,I-200:ICSCF,GTW,I-200:GTW,SCSCF,A:SCSCF,MTAS,A:MTAS,SCSCF,A:SCSCF,GTW,A:GTW,SCSCF,B:SCSCF,MTAS,B:MTAS,SCSCF,B:SCSCF,GTW,B:GTW,SCSCF,B-200:SCSCF,MTAS,B-200:MTAS,SCSCF,B-200:SCSCF,GTW,B-200"
476,476,0,1,0.6265691,"PCSCF,SCSCF,I:SCSCF,PCSCF,T:SCSCF,PCSCF,I-407:PCSCF,SCSCF,A:PCSCF,SCSCF,I:SCSCF,PCSCF,T:SCSCF,ASLI,I:ASLI,SCSCF,T:ASLI,SCSCF,I-500:SCSCF,ASLI,A:MTAS,SCSCF,I:SCSCF,MTAS,T:SCSCF,GTW,I:GTW,SCSCF,T:GTW,SCSCF,S:SCSCF,MTAS,S:SCSCF,PCSCF,S:PCSCF,SCSCF,P:MTAS,SCSCF,P:SCSCF,GTW,P:GTW,SCSCF,P-200:GTW,SCSCF,S:SCSCF,MTAS,P-200:SCSCF,MTAS,S:SCSCF,PCSCF,P-200:SCSCF,PCSCF,S:PCSCF,SCSCF,P:MTAS,SCSCF,P:SCSCF,GTW,P:GTW,SCSCF,P-200:GTW,SCSCF,R:SCSCF,MTAS,R:SCSCF,MTAS,P-200:SCSCF,PCSCF,P-200:SCSCF,PCSCF,R:PCSCF,SCSCF,P:MTAS,SCSCF,P:SCSCF,GTW,P:GTW,SCSCF,P-200:SCSCF,MTAS,P-200:SCSCF,PCSCF,P-200:GTW,SCSCF,I-200:SCSCF,MTAS,I-200:SCSCF,PCSCF,I-200:PCSCF,SCSCF,A:SCSCF,MTAS,A:MTAS,SCSCF,A:SCSCF,GTW,A:MTAS,SCSCF,U:SCSCF,GTW,U:GTW,SCSCF,U-200:SCSCF,PCSCF,U:SCSCF,MTAS,U-200:PCSCF,SCSCF,U-200:SCSCF,MTAS,U-200:GTW,SCSCF,B:MTAS,SCSCF,B:SCSCF,PCSCF,B:PCSCF,SCSCF,B-200:SCSCF,MTAS,B-200:SCSCF,GTW,B-200"
477,477,0,1,0.8367617,"PCSCF,SCSCF,I:SCSCF,ASLI,I:ASLI,SCSCF,T:ASLI,SCSCF,I-500:SCSCF,ASLI,A:MTAS,SCSCF,I:SCSCF,MTAS,T:SCSCF,PCSCF,T:SCSCF,GTW,I:GTW,SCSCF,T:GTW,SCSCF,S:SCSCF,MTAS,S:SCSCF,PCSCF,S:PCSCF,SCSCF,P:MTAS,SCSCF,P:SCSCF,GTW,P:GTW,SCSCF,P-200:SCSCF,MTAS,P-200:SCSCF,PCSCF,P-200:GTW,SCSCF,R:SCSCF,MTAS,R:SCSCF,PCSCF,R:PCSCF,SCSCF,P:MTAS,SCSCF,P:SCSCF,GTW,P:GTW,SCSCF,P-200:SCSCF,MTAS,P-200:SCSCF,PCSCF,P-200:GTW,SCSCF,I-480:SCSCF,GTW,A:SCSCF,MTAS,I-480:MTAS,SCSCF,A:SCSCF,PCSCF,I-480:PCSCF,SCSCF,A"
478,478,0,0,0.9960322,"GTW,ICSCF,I:ICSCF,GTW,T:SCSCF,ASLI,I:ASLI,SCSCF,T:ASLI,SCSCF,I-500:SCSCF,ASLI,A:SCSCF,MTAS,I:MTAS,SCSCF,T:MTAS,SCSCF,I:SCSCF,MTAS,T:SCSCF,PCSCF,I:PCSCF,SCSCF,T:PCSCF,SCSCF,R:SCSCF,MTAS,R:MTAS,SCSCF,R:ICSCF,GTW,R:GTW,SCSCF,P:SCSCF,MTAS,P:MTAS,SCSCF,P:SCSCF,PCSCF,P:PCSCF,SCSCF,P-200:SCSCF,MTAS,P-200:MTAS,SCSCF,P-200:SCSCF,GTW,P-200:PCSCF,SCSCF,I-200:SCSCF,MTAS,I-200:MTAS,SCSCF,I-200:ICSCF,GTW,I-200:GTW,SCSCF,A:SCSCF,MTAS,A:MTAS,SCSCF,A:SCSCF,PCSCF,A:GTW,SCSCF,B:SCSCF,MTAS,B:MTAS,SCSCF,B:SCSCF,PCSCF,B:PCSCF,SCSCF,B-200:MTAS,SCSCF,B-200:SCSCF,MTAS,B-200:SCSCF,GTW,B-200"
479,479,0,1,0.3999669,"PCSCF,SCSCF,I:SCSCF,PCSCF,T:SCSCF,PCSCF,I-407:PCSCF,SCSCF,A:PCSCF,SCSCF,I:SCSCF,PCSCF,T:SCSCF,ASLI,I:ASLI,SCSCF,T:ASLI,SCSCF,I-500:SCSCF,ASLI,A:MTAS,SCSCF,I:SCSCF,MTAS,T:SCSCF,GTW,I:GTW,SCSCF,T:GTW,SCSCF,S:SCSCF,MTAS,S:SCSCF,PCSCF,S:PCSCF,SCSCF,P:MTAS,SCSCF,P:SCSCF,GTW,P:GTW,SCSCF,P-200:GTW,SCSCF,R:SCSCF,MTAS,R:SCSCF,MTAS,P-200:SCSCF,PCSCF,P-200:SCSCF,PCSCF,R:PCSCF,SCSCF,P:MTAS,SCSCF,P:SCSCF,GTW,P:GTW,SCSCF,P-200:SCSCF,MTAS,P-200:SCSCF,PCSCF,P-200:GTW,SCSCF,S:SCSCF,MTAS,S:SCSCF,PCSCF,S:PCSCF,SCSCF,P:MTAS,SCSCF,P:SCSCF,GTW,P:GTW,SCSCF,P-200:SCSCF,MTAS,P-200:SCSCF,PCSCF,P-200:GTW,SCSCF,U:MTAS,SCSCF,U:SCSCF,PCSCF,U:PCSCF,SCSCF,U-200:SCSCF,MTAS,U-200:SCSCF,GTW,U-200:GTW,SCSCF,I-200:SCSCF,MTAS,I-200:SCSCF,PCSCF,I-200:PCSCF,SCSCF,A:SCSCF,MTAS,A:MTAS,SCSCF,A:SCSCF,GTW,A:PCSCF,SCSCF,B:SCSCF,MTAS,B:MTAS,SCSCF,B:SCSCF,GTW,B:GTW,SCSCF,B-200:SCSCF,MTAS,B-200:MTAS,SCSCF,B-200:SCSCF,PCSCF,B-200"
480,480,0,0,0.9944493,"PCSCF,SCSCF,I:SCSCF,PCSCF,T:SCSCF,PCSCF,I-407:PCSCF,SCSCF,A:PCSCF,SCSCF,I:SCSCF,PCSCF,T:SCSCF,ASLI,I:ASLI,SCSCF,T:ASLI,SCSCF,I-500:SCSCF,ASLI,A:MTAS,SCSCF,I:SCSCF,MTAS,T:SCSCF,ASLI,I:ASLI,SCSCF,T:ASLI,SCSCF,I-500:SCSCF,ASLI,A:SCSCF,MTAS,I:MTAS,SCSCF,T:MTAS,SCSCF,I:SCSCF,MTAS,T:SCSCF,PCSCF,I:PCSCF,SCSCF,T:PCSCF,SCSCF,R:SCSCF,MTAS,R:MTAS,SCSCF,R:SCSCF,MTAS,R:SCSCF,PCSCF,R:PCSCF,SCSCF,P:MTAS,SCSCF,P:SCSCF,MTAS,P:MTAS,SCSCF,P:SCSCF,PCSCF,P:PCSCF,SCSCF,P-200:SCSCF,MTAS,P-200:MTAS,SCSCF,P-200:SCSCF,MTAS,P-200:SCSCF,PCSCF,P-200:PCSCF,SCSCF,I-200:SCSCF,MTAS,I-200:MTAS,SCSCF,I-200:SCSCF,MTAS,I-200:SCSCF,PCSCF,I-200:PCSCF,SCSCF,A:MTAS,SCSCF,A:SCSCF,MTAS,A:MTAS,SCSCF,A:SCSCF,PCSCF,A:PCSCF,SCSCF,B:SCSCF,MTAS,B:MTAS,SCSCF,B:PCSCF,SCSCF,B:SCSCF,PCSCF,B:SCSCF,PCSCF,B-200:PCSCF,SCSCF,B-200:SCSCF,MTAS,B-200:MTAS,SCSCF,B-200:SCSCF,PCSCF,B-200"
481,481,0,1,0.2862116,"PCSCF,SCSCF,I:SCSCF,PCSCF,T:SCSCF,ASLI,I:ASLI,SCSCF,T:ASLI,SCSCF,I-500:SCSCF,ASLI,A:MTAS,SCSCF,I:SCSCF,MTAS,T:SCSCF,GTW,I:GTW,SCSCF,T:GTW,SCSCF,S:SCSCF,MTAS,S:SCSCF,PCSCF,S:PCSCF,SCSCF,P:MTAS,SCSCF,P:SCSCF,GTW,P:GTW,SCSCF,P-200:SCSCF,MTAS,P-200:SCSCF,PCSCF,P-200:GTW,SCSCF,S:SCSCF,MTAS,S:SCSCF,PCSCF,S:PCSCF,SCSCF,P:MTAS,SCSCF,P:SCSCF,GTW,P:GTW,SCSCF,P-200:SCSCF,MTAS,P-200:SCSCF,PCSCF,P-200:GTW,SCSCF,R:SCSCF,MTAS,R:SCSCF,PCSCF,R:GTW,SCSCF,S:SCSCF,MTAS,S:SCSCF,PCSCF,S:PCSCF,SCSCF,P:MTAS,SCSCF,P:SCSCF,GTW,P:GTW,SCSCF,P-200:SCSCF,MTAS,P-200:SCSCF,PCSCF,P-200:GTW,SCSCF,I-200:SCSCF,MTAS,I-200:SCSCF,PCSCF,I-200:PCSCF,SCSCF,A:SCSCF,MTAS,A:MTAS,SCSCF,A:SCSCF,GTW,A:PCSCF,SCSCF,B:MTAS,SCSCF,B:SCSCF,GTW,B:GTW,SCSCF,B-200:SCSCF,MTAS,B-200:SCSCF,PCSCF,B-200"
482,482,0,0,0.9989507,"GTW,ICSCF,I:ICSCF,GTW,T:SCSCF,ASLI,I:ASLI,SCSCF,T:ASLI,SCSCF,I-500:SCSCF,ASLI,A:SCSCF,MTAS,I:MTAS,SCSCF,T:MTAS,SCSCF,I:SCSCF,MTAS,T:SCSCF,PCSCF,I:PCSCF,SCSCF,T:PCSCF,SCSCF,R:SCSCF,MTAS,R:MTAS,SCSCF,R:ICSCF,GTW,R:GTW,SCSCF,P:SCSCF,MTAS,P:MTAS,SCSCF,P:SCSCF,PCSCF,P:PCSCF,SCSCF,P-200:SCSCF,MTAS,P-200:MTAS,SCSCF,P-200:SCSCF,GTW,P-200:PCSCF,SCSCF,I-200:SCSCF,MTAS,I-200:MTAS,SCSCF,I-200:ICSCF,GTW,I-200:GTW,SCSCF,A:SCSCF,MTAS,A:MTAS,SCSCF,A:SCSCF,PCSCF,A:MTAS,SCSCF,U:SCSCF,PCSCF,U:SCSCF,GTW,U:GTW,SCSCF,U-200:SCSCF,MTAS,U-200:PCSCF,SCSCF,U-200:SCSCF,MTAS,U-200:SCSCF,MTAS,B:PCSCF,SCSCF,B:MTAS,SCSCF,B:SCSCF,GTW,B:GTW,SCSCF,B-200:SCSCF,MTAS,B-200:MTAS,SCSCF,B-200:SCSCF,PCSCF,B-200"
483,483,0,1,0.55845094,"PCSCF,SCSCF,I:SCSCF,ASLI,I:ASLI,SCSCF,T:ASLI,SCSCF,I-500:SCSCF,ASLI,A:MTAS,SCSCF,I:SCSCF,MTAS,T:SCSCF,PCSCF,T:SCSCF,ASLI,I:ASLI,SCSCF,T:ASLI,SCSCF,I-500:SCSCF,MTAS,I:MTAS,SCSCF,I:SCSCF,MTAS,T:SCSCF,PCSCF,I:SCSCF,ASLI,A:MTAS,SCSCF,T:PCSCF,SCSCF,T:PCSCF,SCSCF,R:SCSCF,MTAS,R:MTAS,SCSCF,R:SCSCF,MTAS,R:SCSCF,PCSCF,R:PCSCF,SCSCF,P:MTAS,SCSCF,P:SCSCF,MTAS,P:MTAS,SCSCF,P:SCSCF,PCSCF,P:PCSCF,SCSCF,P-200:SCSCF,MTAS,P-200:MTAS,SCSCF,P-200:SCSCF,MTAS,P-200:SCSCF,PCSCF,P-200:PCSCF,SCSCF,I-200:SCSCF,MTAS,I-200:MTAS,SCSCF,I-200:SCSCF,MTAS,I-200:SCSCF,PCSCF,I-200:PCSCF,SCSCF,A:MTAS,SCSCF,A:SCSCF,MTAS,A:MTAS,SCSCF,A:SCSCF,PCSCF,A:PCSCF,SCSCF,B:MTAS,SCSCF,B:SCSCF,MTAS,B:MTAS,SCSCF,B:SCSCF,PCSCF,B:PCSCF,SCSCF,B-200:SCSCF,MTAS,B-200:MTAS,SCSCF,B-200:SCSCF,MTAS,B-200:SCSCF,PCSCF,B-200"
484,484,0,1,0.42896783,"PCSCF,SCSCF,I:SCSCF,ASLI,I:ASLI,SCSCF,T:ASLI,SCSCF,I-500:SCSCF,ASLI,A:MTAS,SCSCF,I:SCSCF,MTAS,T:SCSCF,GTW,I:GTW,SCSCF,T:SCSCF,PCSCF,T:GTW,SCSCF,R:SCSCF,MTAS,R:SCSCF,PCSCF,R:GTW,SCSCF,R:SCSCF,MTAS,R:PCSCF,SCSCF,P:MTAS,SCSCF,P:SCSCF,GTW,P:GTW,SCSCF,P-200:SCSCF,MTAS,P-200:SCSCF,PCSCF,P-200:GTW,SCSCF,I-200:SCSCF,MTAS,I-200:SCSCF,PCSCF,I-200:PCSCF,SCSCF,A:SCSCF,MTAS,A:MTAS,SCSCF,A:SCSCF,GTW,A:MTAS,SCSCF,U:SCSCF,GTW,U:GTW,SCSCF,U-200:SCSCF,MTAS,U-200:MTAS,SCSCF,U:SCSCF,PCSCF,U:PCSCF,SCSCF,U-200:SCSCF,MTAS,U-200:MTAS,SCSCF,U:SCSCF,GTW,U:MTAS,SCSCF,U:SCSCF,PCSCF,U:GTW,SCSCF,U-200:SCSCF,MTAS,U-200:PCSCF,SCSCF,U-200:SCSCF,MTAS,U-200:PCSCF,SCSCF,B:MTAS,SCSCF,B:SCSCF,GTW,B:GTW,SCSCF,B-200:SCSCF,MTAS,B-200:SCSCF,PCSCF,B-200"
485,485,0,1,0.33856288,"PCSCF,SCSCF,I:SCSCF,PCSCF,T:SCSCF,ASLI,I:ASLI,SCSCF,T:ASLI,SCSCF,I-500:SCSCF,ASLI,A:MTAS,SCSCF,I:SCSCF,MTAS,T:SCSCF,GTW,I:GTW,SCSCF,T:GTW,SCSCF,S:SCSCF,MTAS,S:SCSCF,PCSCF,S:GTW,SCSCF,S:SCSCF,MTAS,S:PCSCF,SCSCF,P:SCSCF,MTAS,P:MTAS,SCSCF,P:SCSCF,GTW,P:GTW,SCSCF,P-200:SCSCF,MTAS,P-200:MTAS,SCSCF,P-200:SCSCF,PCSCF,P-200:GTW,SCSCF,R:SCSCF,MTAS,R:SCSCF,PCSCF,R:PCSCF,SCSCF,P:SCSCF,MTAS,P:MTAS,SCSCF,P:SCSCF,GTW,P:GTW,SCSCF,P-200:SCSCF,MTAS,P-200:MTAS,SCSCF,P-200:SCSCF,PCSCF,P-200:GTW,SCSCF,I-200:SCSCF,MTAS,I-200:GTW,SCSCF,I-200:SCSCF,MTAS,I-200:SCSCF,PCSCF,I-200:PCSCF,SCSCF,A:SCSCF,MTAS,A:MTAS,SCSCF,A:SCSCF,GTW,A:GTW,SCSCF,B:MTAS,SCSCF,B:SCSCF,PCSCF,B:PCSCF,SCSCF,B-200:SCSCF,MTAS,B-200:SCSCF,GTW,B-200"
486,486,0,1,0.29675767,"PCSCF,SCSCF,I:SCSCF,PCSCF,T:SCSCF,ASLI,I:ASLI,SCSCF,T:ASLI,SCSCF,I-500:SCSCF,ASLI,A:MTAS,SCSCF,I:SCSCF,MTAS,T:SCSCF,GTW,I:GTW,SCSCF,T:GTW,SCSCF,I-200:SCSCF,MTAS,I-200:SCSCF,PCSCF,I-200:GTW,SCSCF,I-200:SCSCF,MTAS,I-200:PCSCF,SCSCF,A:SCSCF,MTAS,A:MTAS,SCSCF,A:SCSCF,GTW,A:MTAS,SCSCF,U:SCSCF,GTW,U:GTW,SCSCF,U-200:SCSCF,MTAS,U-200:MTAS,SCSCF,U:SCSCF,PCSCF,U:PCSCF,SCSCF,U-200:SCSCF,MTAS,U-200:PCSCF,SCSCF,B:MTAS,SCSCF,B:SCSCF,GTW,B:GTW,SCSCF,B-200:SCSCF,MTAS,B-200:SCSCF,PCSCF,B-200"
487,487,0,1,0.2952682,"PCSCF,SCSCF,I:SCSCF,PCSCF,T:SCSCF,PCSCF,I-407:PCSCF,SCSCF,A:PCSCF,SCSCF,I:SCSCF,PCSCF,T:SCSCF,ASLI,I:ASLI,SCSCF,T:ASLI,SCSCF,I-500:SCSCF,ASLI,A:MTAS,SCSCF,I:SCSCF,MTAS,T:SCSCF,GTW,I:GTW,SCSCF,T:GTW,SCSCF,S:SCSCF,MTAS,S:SCSCF,PCSCF,S:PCSCF,SCSCF,P:MTAS,SCSCF,P:SCSCF,GTW,P:GTW,SCSCF,P-200:SCSCF,MTAS,P-200:SCSCF,PCSCF,P-200:GTW,SCSCF,R:SCSCF,MTAS,R:SCSCF,PCSCF,R:PCSCF,SCSCF,P:MTAS,SCSCF,P:SCSCF,GTW,P:GTW,SCSCF,P-200:SCSCF,MTAS,P-200:SCSCF,PCSCF,P-200:GTW,SCSCF,W:SCSCF,MTAS,W:SCSCF,PCSCF,W:GTW,SCSCF,I-486:SCSCF,GTW,A:SCSCF,MTAS,I-486:PCSCF,SCSCF,P:MTAS,SCSCF,A:SCSCF,PCSCF,I-486:PCSCF,SCSCF,A"
488,488,0,1,0.72183913,"PCSCF,SCSCF,I:SCSCF,ASLI,I:ASLI,SCSCF,T:ASLI,SCSCF,I-500:SCSCF,ASLI,A:SCSCF,PCSCF,T:MTAS,SCSCF,I:SCSCF,MTAS,T:SCSCF,GTW,I:GTW,SCSCF,T:GTW,SCSCF,S:SCSCF,MTAS,S:SCSCF,PCSCF,S:PCSCF,SCSCF,P:SCSCF,MTAS,P:MTAS,SCSCF,P:SCSCF,GTW,P:GTW,SCSCF,P-200:SCSCF,MTAS,P-200:MTAS,SCSCF,P-200:SCSCF,PCSCF,P-200:GTW,SCSCF,R:SCSCF,MTAS,R:SCSCF,PCSCF,R:PCSCF,SCSCF,P:SCSCF,MTAS,P:MTAS,SCSCF,P:SCSCF,GTW,P:GTW,SCSCF,P-200:SCSCF,MTAS,P-200:MTAS,SCSCF,P-200:SCSCF,PCSCF,P-200:GTW,SCSCF,S:SCSCF,MTAS,S:SCSCF,PCSCF,S:PCSCF,SCSCF,P:SCSCF,MTAS,P:MTAS,SCSCF,P:SCSCF,GTW,P:GTW,SCSCF,P-200:SCSCF,MTAS,P-200:MTAS,SCSCF,P-200:SCSCF,PCSCF,P-200:GTW,SCSCF,S:SCSCF,MTAS,S:SCSCF,PCSCF,S:PCSCF,SCSCF,P:SCSCF,MTAS,P:MTAS,SCSCF,P:SCSCF,GTW,P:GTW,SCSCF,P-200:SCSCF,MTAS,P-200:MTAS,SCSCF,P-200:SCSCF,PCSCF,P-200:GTW,SCSCF,I-200:SCSCF,MTAS,I-200:SCSCF,PCSCF,I-200:PCSCF,SCSCF,A:SCSCF,MTAS,A:MTAS,SCSCF,A:SCSCF,GTW,A:PCSCF,SCSCF,B:SCSCF,MTAS,B:MTAS,SCSCF,B:SCSCF,GTW,B:GTW,SCSCF,B-200:SCSCF,MTAS,B-200:MTAS,SCSCF,B-200:SCSCF,PCSCF,B-200"
489,489,0,1,0.36623767,"PCSCF,SCSCF,I:SCSCF,ASLI,I:ASLI,SCSCF,T:ASLI,SCSCF,I-500:SCSCF,ASLI,A:SCSCF,PCSCF,T:MTAS,SCSCF,I:SCSCF,MTAS,T:SCSCF,GTW,I:GTW,SCSCF,T:GTW,SCSCF,S:SCSCF,MTAS,S:SCSCF,PCSCF,S:PCSCF,SCSCF,P:SCSCF,MTAS,P:MTAS,SCSCF,P:SCSCF,GTW,P:GTW,SCSCF,P-200:SCSCF,MTAS,P-200:MTAS,SCSCF,P-200:SCSCF,PCSCF,P-200:GTW,SCSCF,S:SCSCF,MTAS,S:SCSCF,PCSCF,S:PCSCF,SCSCF,P:SCSCF,MTAS,P:MTAS,SCSCF,P:SCSCF,GTW,P:GTW,SCSCF,P-200:SCSCF,MTAS,P-200:MTAS,SCSCF,P-200:SCSCF,PCSCF,P-200:PCSCF,SCSCF,C:MTAS,SCSCF,C:SCSCF,MTAS,C-200:SCSCF,GTW,C:GTW,SCSCF,C-200:GTW,SCSCF,I-487:SCSCF,GTW,A:SCSCF,MTAS,I-487:MTAS,SCSCF,A:SCSCF,PCSCF,C-200:SCSCF,PCSCF,I-487:PCSCF,SCSCF,A"
490,490,0,0,0.910365,"PCSCF,SCSCF,I:SCSCF,ASLI,I:ASLI,SCSCF,T:SCSCF,PCSCF,T:ASLI,SCSCF,I-500:SCSCF,ASLI,A:MTAS,SCSCF,I:SCSCF,MTAS,T:SCSCF,GTW,I:GTW,SCSCF,T:GTW,SCSCF,R:SCSCF,MTAS,R:SCSCF,PCSCF,R:PCSCF,SCSCF,P:SCSCF,MTAS,P:MTAS,SCSCF,P:SCSCF,GTW,P:GTW,SCSCF,P-200:SCSCF,MTAS,P-200:MTAS,SCSCF,P-200:SCSCF,PCSCF,P-200:GTW,SCSCF,I-200:SCSCF,MTAS,I-200:SCSCF,PCSCF,I-200:PCSCF,SCSCF,A:SCSCF,MTAS,A:MTAS,SCSCF,A:SCSCF,GTW,A:GTW,SCSCF,B:MTAS,SCSCF,B:SCSCF,PCSCF,B:PCSCF,SCSCF,B-200:SCSCF,MTAS,B-200:SCSCF,GTW,B-200"
491,491,0,1,0.35849893,"PCSCF,SCSCF,I:SCSCF,ASLI,I:ASLI,SCSCF,T:SCSCF,PCSCF,T:ASLI,SCSCF,I-500:SCSCF,ASLI,A:MTAS,SCSCF,I:SCSCF,MTAS,T:SCSCF,GTW,I:GTW,SCSCF,T:GTW,SCSCF,S:SCSCF,MTAS,S:SCSCF,PCSCF,S:PCSCF,SCSCF,P:SCSCF,MTAS,P:MTAS,SCSCF,P:SCSCF,GTW,P:GTW,SCSCF,P-200:GTW,SCSCF,R:SCSCF,MTAS,P-200:SCSCF,MTAS,R:MTAS,SCSCF,P-200:SCSCF,PCSCF,P-200:SCSCF,PCSCF,R:PCSCF,SCSCF,P:SCSCF,MTAS,P:MTAS,SCSCF,P:SCSCF,GTW,P:GTW,SCSCF,P-200:SCSCF,MTAS,P-200:MTAS,SCSCF,P-200:SCSCF,PCSCF,P-200:PCSCF,SCSCF,C:MTAS,SCSCF,C:SCSCF,MTAS,C-200:SCSCF,GTW,C:GTW,SCSCF,C-200:GTW,SCSCF,I-487:SCSCF,GTW,A:SCSCF,MTAS,I-487:MTAS,SCSCF,A:SCSCF,PCSCF,C-200:SCSCF,PCSCF,I-487:PCSCF,SCSCF,A"
492,492,0,1,0.23857965,"PCSCF,SCSCF,I:SCSCF,PCSCF,T:SCSCF,ASLI,I:ASLI,SCSCF,T:ASLI,SCSCF,I-500:MTAS,SCSCF,I:SCSCF,MTAS,T:SCSCF,ASLI,A:SCSCF,GTW,I:GTW,SCSCF,T:GTW,SCSCF,S:SCSCF,MTAS,S:SCSCF,PCSCF,S:PCSCF,SCSCF,P:SCSCF,MTAS,P:MTAS,SCSCF,P:SCSCF,GTW,P:GTW,SCSCF,P-200:GTW,SCSCF,S:SCSCF,MTAS,S:SCSCF,MTAS,P-200:MTAS,SCSCF,P-200:SCSCF,PCSCF,P-200:SCSCF,PCSCF,S:PCSCF,SCSCF,P:SCSCF,MTAS,P:MTAS,SCSCF,P:SCSCF,GTW,P:GTW,SCSCF,P-200:GTW,SCSCF,S:SCSCF,MTAS,S:SCSCF,MTAS,P-200:MTAS,SCSCF,P-200:SCSCF,PCSCF,P-200:SCSCF,PCSCF,S:PCSCF,SCSCF,P:SCSCF,MTAS,P:MTAS,SCSCF,P:SCSCF,GTW,P:GTW,SCSCF,P-200:SCSCF,MTAS,P-200:MTAS,SCSCF,P-200:SCSCF,PCSCF,P-200:GTW,SCSCF,R:SCSCF,MTAS,R:SCSCF,PCSCF,R:PCSCF,SCSCF,P:SCSCF,MTAS,P:MTAS,SCSCF,P:SCSCF,GTW,P:GTW,SCSCF,P-200:SCSCF,MTAS,P-200:MTAS,SCSCF,P-200:SCSCF,PCSCF,P-200:GTW,SCSCF,I-480:SCSCF,GTW,A:SCSCF,MTAS,I-480:MTAS,SCSCF,A:SCSCF,PCSCF,I-480:PCSCF,SCSCF,A"
493,493,0,1,0.85487527,"GTW,ICSCF,I:ICSCF,GTW,T:SCSCF,ASLI,I:ASLI,SCSCF,T:ASLI,SCSCF,I-500:SCSCF,ASLI,A:SCSCF,MTAS,I:MTAS,SCSCF,T:MTAS,SCSCF,W:ICSCF,GTW,W:MTAS,SCSCF,I:SCSCF,MTAS,T:SCSCF,GTW,I:GTW,SCSCF,T:GTW,SCSCF,S:SCSCF,MTAS,S:MTAS,SCSCF,S:ICSCF,GTW,S:GTW,SCSCF,P:SCSCF,MTAS,P:MTAS,SCSCF,P:SCSCF,GTW,P:GTW,SCSCF,P-200:SCSCF,MTAS,P-200:MTAS,SCSCF,P-200:SCSCF,GTW,P-200:GTW,SCSCF,S:SCSCF,MTAS,S:MTAS,SCSCF,S:ICSCF,GTW,S:GTW,SCSCF,P:SCSCF,MTAS,P:MTAS,SCSCF,P:SCSCF,GTW,P:GTW,SCSCF,P-200:SCSCF,MTAS,P-200:MTAS,SCSCF,P-200:SCSCF,GTW,P-200:GTW,ICSCF,C:ICSCF,GTW,C-200:SCSCF,MTAS,C:MTAS,SCSCF,C-200:MTAS,SCSCF,C:SCSCF,MTAS,C-200:SCSCF,GTW,C:MTAS,SCSCF,I-487:SCSCF,MTAS,A:ICSCF,GTW,I-487:GTW,ICSCF,A:GTW,SCSCF,C-200:GTW,SCSCF,I-487:SCSCF,GTW,A:SCSCF,MTAS,I-487:MTAS,SCSCF,A"
494,494,0,1,0.29302916,"PCSCF,SCSCF,I:SCSCF,PCSCF,T:SCSCF,ASLI,I:ASLI,SCSCF,T:ASLI,SCSCF,I-500:SCSCF,ASLI,A:MTAS,SCSCF,I:SCSCF,MTAS,T:SCSCF,GTW,I:GTW,SCSCF,T:GTW,SCSCF,S:SCSCF,MTAS,S:SCSCF,PCSCF,S:PCSCF,SCSCF,P:SCSCF,MTAS,P:MTAS,SCSCF,P:SCSCF,GTW,P:GTW,SCSCF,P-200:SCSCF,MTAS,P-200:MTAS,SCSCF,P-200:SCSCF,PCSCF,P-200:GTW,SCSCF,R:SCSCF,MTAS,R:SCSCF,PCSCF,R:PCSCF,SCSCF,P:SCSCF,MTAS,P:MTAS,SCSCF,P:SCSCF,GTW,P:GTW,SCSCF,P-200:SCSCF,MTAS,P-200:MTAS,SCSCF,P-200:SCSCF,PCSCF,P-200:PCSCF,SCSCF,C:MTAS,SCSCF,C:SCSCF,MTAS,C-200:SCSCF,GTW,C:GTW,SCSCF,C-200:GTW,SCSCF,I-487:SCSCF,GTW,A:SCSCF,MTAS,I-487:MTAS,SCSCF,A:SCSCF,PCSCF,C-200:SCSCF,PCSCF,I-487:PCSCF,SCSCF,A"
495,495,0,1,0.8555831,"PCSCF,SCSCF,I:SCSCF,ASLI,I:SCSCF,PCSCF,T:ASLI,SCSCF,T:ASLI,SCSCF,I-500:SCSCF,ASLI,A:MTAS,SCSCF,I:SCSCF,MTAS,T:SCSCF,GTW,I:GTW,SCSCF,T:GTW,SCSCF,R:SCSCF,MTAS,R:SCSCF,PCSCF,R:PCSCF,SCSCF,P:SCSCF,MTAS,P:MTAS,SCSCF,P:SCSCF,GTW,P:GTW,SCSCF,P-200:SCSCF,MTAS,P-200:MTAS,SCSCF,P-200:SCSCF,PCSCF,P-200:PCSCF,SCSCF,C:SCSCF,PCSCF,C-200:MTAS,SCSCF,C:SCSCF,MTAS,C-200:SCSCF,GTW,C:GTW,SCSCF,C-200:GTW,SCSCF,I-487:SCSCF,GTW,A:SCSCF,MTAS,I-487:MTAS,SCSCF,A:SCSCF,PCSCF,I-487:PCSCF,SCSCF,A"
496,496,0,1,0.25448403,"PCSCF,SCSCF,I:SCSCF,ASLI,I:ASLI,SCSCF,T:ASLI,SCSCF,I-500:SCSCF,ASLI,A:SCSCF,PCSCF,T:MTAS,SCSCF,I:SCSCF,MTAS,T:SCSCF,GTW,I:GTW,SCSCF,T:GTW,SCSCF,S:SCSCF,MTAS,S:SCSCF,PCSCF,S:PCSCF,SCSCF,P:MTAS,SCSCF,P:SCSCF,GTW,P:GTW,SCSCF,P-200:SCSCF,MTAS,P-200:SCSCF,PCSCF,P-200:GTW,SCSCF,R:SCSCF,MTAS,R:SCSCF,PCSCF,R:PCSCF,SCSCF,P:MTAS,SCSCF,P:SCSCF,GTW,P:GTW,SCSCF,P-200:SCSCF,MTAS,P-200:SCSCF,PCSCF,P-200:GTW,SCSCF,I-200:SCSCF,MTAS,I-200:SCSCF,PCSCF,I-200:PCSCF,SCSCF,A:SCSCF,MTAS,A:MTAS,SCSCF,A:SCSCF,GTW,A:GTW,SCSCF,B:MTAS,SCSCF,B:SCSCF,PCSCF,B:PCSCF,SCSCF,B-200:SCSCF,MTAS,B-200:SCSCF,GTW,B-200"
497,497,0,0,0.9873618,"GTW,ICSCF,I:ICSCF,GTW,T:SCSCF,ASLI,I:ASLI,SCSCF,T:ASLI,SCSCF,I-500:SCSCF,ASLI,A:SCSCF,MTAS,I:MTAS,SCSCF,T:MTAS,SCSCF,I:SCSCF,MTAS,T:SCSCF,PCSCF,I:PCSCF,SCSCF,T:SCSCF,MTAS,R:MTAS,SCSCF,R:PCSCF,SCSCF,R:ICSCF,GTW,R:GTW,SCSCF,P:SCSCF,MTAS,P:MTAS,SCSCF,P:SCSCF,PCSCF,P:SCSCF,MTAS,P-200:MTAS,SCSCF,P-200:PCSCF,SCSCF,P-200:SCSCF,GTW,P-200:SCSCF,MTAS,I-200:MTAS,SCSCF,I-200:PCSCF,SCSCF,I-200:ICSCF,GTW,I-200:GTW,SCSCF,A:SCSCF,MTAS,A:MTAS,SCSCF,A:SCSCF,PCSCF,A:MTAS,SCSCF,U:SCSCF,PCSCF,U:PCSCF,SCSCF,U-200:SCSCF,MTAS,U-200:MTAS,SCSCF,U:SCSCF,GTW,U:GTW,SCSCF,U-200:SCSCF,MTAS,U-200:PCSCF,SCSCF,B:SCSCF,MTAS,B:MTAS,SCSCF,B:SCSCF,GTW,B:GTW,SCSCF,B-200:SCSCF,MTAS,B-200:MTAS,SCSCF,B-200:SCSCF,PCSCF,B-200"
498,498,0,1,0.65657103,"PCSCF,SCSCF,I:SCSCF,PCSCF,T:SCSCF,ASLI,I:ASLI,SCSCF,T:ASLI,SCSCF,I-500:SCSCF,ASLI,A:MTAS,SCSCF,I:SCSCF,MTAS,T:SCSCF,GTW,I:GTW,SCSCF,T:GTW,SCSCF,S:SCSCF,MTAS,S:SCSCF,PCSCF,S:PCSCF,SCSCF,P:MTAS,SCSCF,P:SCSCF,GTW,P:GTW,SCSCF,P-200:SCSCF,MTAS,P-200:SCSCF,PCSCF,P-200:GTW,SCSCF,R:SCSCF,MTAS,R:SCSCF,PCSCF,R:PCSCF,SCSCF,P:MTAS,SCSCF,P:SCSCF,GTW,P:GTW,SCSCF,P-200:SCSCF,MTAS,P-200:SCSCF,PCSCF,P-200:GTW,SCSCF,I-200:SCSCF,MTAS,I-200:SCSCF,PCSCF,I-200:PCSCF,SCSCF,A:SCSCF,MTAS,A:MTAS,SCSCF,A:SCSCF,GTW,A:GTW,SCSCF,B:MTAS,SCSCF,B:SCSCF,PCSCF,B:PCSCF,SCSCF,B-200:SCSCF,MTAS,B-200:SCSCF,GTW,B-200"
499,499,0,1,0.36804247,"PCSCF,SCSCF,I:SCSCF,PCSCF,T:SCSCF,ASLI,I:ASLI,SCSCF,T:ASLI,SCSCF,I-500:SCSCF,ASLI,A:MTAS,SCSCF,I:SCSCF,MTAS,T:SCSCF,GTW,I:GTW,SCSCF,T:GTW,SCSCF,R:SCSCF,MTAS,R:SCSCF,PCSCF,R:PCSCF,SCSCF,P:SCSCF,MTAS,P:MTAS,SCSCF,P:SCSCF,GTW,P:GTW,SCSCF,P-200:SCSCF,MTAS,P-200:MTAS,SCSCF,P-200:SCSCF,PCSCF,P-200:GTW,SCSCF,I-200:SCSCF,MTAS,I-200:SCSCF,PCSCF,I-200:PCSCF,SCSCF,A:SCSCF,MTAS,A:MTAS,SCSCF,A:SCSCF,GTW,A:MTAS,SCSCF,U:SCSCF,GTW,U:GTW,SCSCF,U-200:SCSCF,MTAS,U-200:MTAS,SCSCF,U:SCSCF,PCSCF,U:PCSCF,SCSCF,U-200:SCSCF,MTAS,U-200:MTAS,SCSCF,U:SCSCF,GTW,U:GTW,SCSCF,U-200:SCSCF,MTAS,U-200:MTAS,SCSCF,U:SCSCF,PCSCF,U:PCSCF,SCSCF,U-200:SCSCF,MTAS,U-200:MTAS,SCSCF,U:SCSCF,GTW,U:GTW,SCSCF,U-200:SCSCF,MTAS,U-200:MTAS,SCSCF,U:SCSCF,PCSCF,U:PCSCF,SCSCF,U-200:SCSCF,MTAS,U-200:MTAS,SCSCF,U:SCSCF,GTW,U:GTW,SCSCF,U-200:SCSCF,MTAS,U-200:MTAS,SCSCF,U:SCSCF,PCSCF,U:PCSCF,SCSCF,U-200:SCSCF,MTAS,U-200:MTAS,SCSCF,U:SCSCF,GTW,U:GTW,SCSCF,U-200:SCSCF,MTAS,U-200:MTAS,SCSCF,U:SCSCF,PCSCF,U:PCSCF,SCSCF,U-200:SCSCF,MTAS,U-200:MTAS,SCSCF,U:SCSCF,GTW,U:GTW,SCSCF,U-200:SCSCF,MTAS,U-200:MTAS,SCSCF,U:SCSCF,PCSCF,U:PCSCF,SCSCF,U-200:SCSCF,MTAS,U-200:MTAS,SCSCF,U:SCSCF,GTW,U:GTW,SCSCF,U-200:SCSCF,MTAS,U-200:MTAS,SCSCF,U:SCSCF,PCSCF,U:PCSCF,SCSCF,U-200:SCSCF,MTAS,U-200:PCSCF,SCSCF,B:SCSCF,MTAS,B:MTAS,SCSCF,B:SCSCF,GTW,B:GTW,SCSCF,B-200:SCSCF,MTAS,B-200:MTAS,SCSCF,B-200:SCSCF,PCSCF,B-200"
500,500,0,0,0.8615264,"GTW,ICSCF,I:ICSCF,GTW,T:SCSCF,ASLI,I:ASLI,SCSCF,T:ASLI,SCSCF,I-500:SCSCF,ASLI,A:SCSCF,MTAS,I:MTAS,SCSCF,T:MTAS,SCSCF,I:SCSCF,MTAS,T:SCSCF,PCSCF,I:PCSCF,SCSCF,T:PCSCF,SCSCF,R:SCSCF,MTAS,R:MTAS,SCSCF,R:ICSCF,GTW,R:GTW,SCSCF,P:SCSCF,MTAS,P:MTAS,SCSCF,P:SCSCF,PCSCF,P:PCSCF,SCSCF,P-200:SCSCF,MTAS,P-200:MTAS,SCSCF,P-200:SCSCF,GTW,P-200:GTW,ICSCF,C:ICSCF,GTW,C-200:SCSCF,MTAS,C:MTAS,SCSCF,C-200:SCSCF,PCSCF,C:PCSCF,SCSCF,C-200:MTAS,SCSCF,C:SCSCF,MTAS,C-200:PCSCF,SCSCF,I-487:SCSCF,PCSCF,A:MTAS,SCSCF,I-487:SCSCF,MTAS,A:ICSCF,GTW,I-487:SCSCF,MTAS,I-487:MTAS,SCSCF,A:GTW,ICSCF,A"
501,501,0,0,0.91743064,"PCSCF,SCSCF,I:SCSCF,PCSCF,T:SCSCF,ASLI,I:ASLI,SCSCF,T:ASLI,SCSCF,I-500:SCSCF,ASLI,A:MTAS,SCSCF,I:SCSCF,MTAS,T:SCSCF,GTW,I:GTW,SCSCF,T:GTW,SCSCF,S:SCSCF,MTAS,S:SCSCF,PCSCF,S:PCSCF,SCSCF,P:SCSCF,MTAS,P:MTAS,SCSCF,P:SCSCF,GTW,P:GTW,SCSCF,P-200:GTW,SCSCF,S:SCSCF,MTAS,S:SCSCF,MTAS,P-200:MTAS,SCSCF,P-200:SCSCF,PCSCF,P-200:SCSCF,PCSCF,S:PCSCF,SCSCF,P:SCSCF,MTAS,P:MTAS,SCSCF,P:SCSCF,GTW,P:GTW,SCSCF,P-200:GTW,SCSCF,S:SCSCF,MTAS,P-200:SCSCF,MTAS,S:MTAS,SCSCF,P-200:SCSCF,PCSCF,P-200:SCSCF,PCSCF,S:PCSCF,SCSCF,P:SCSCF,MTAS,P:MTAS,SCSCF,P:SCSCF,GTW,P:GTW,SCSCF,P-200:GTW,SCSCF,R:SCSCF,MTAS,P-200:SCSCF,MTAS,R:MTAS,SCSCF,P-200:SCSCF,PCSCF,P-200:SCSCF,PCSCF,R:PCSCF,SCSCF,P:SCSCF,MTAS,P:MTAS,SCSCF,P:SCSCF,GTW,P:GTW,SCSCF,P-200:SCSCF,MTAS,P-200:MTAS,SCSCF,P-200:SCSCF,PCSCF,P-200:GTW,SCSCF,I-200:SCSCF,MTAS,I-200:SCSCF,PCSCF,I-200:PCSCF,SCSCF,A:SCSCF,MTAS,A:MTAS,SCSCF,A:SCSCF,GTW,A:PCSCF,SCSCF,B:SCSCF,MTAS,B:MTAS,SCSCF,B:SCSCF,GTW,B:GTW,SCSCF,B-200:SCSCF,MTAS,B-200:MTAS,SCSCF,B-200:SCSCF,PCSCF,B-200"
502,502,0,1,0.36933127,"GTW,ICSCF,I:ICSCF,GTW,T:SCSCF,ASLI,I:ASLI,SCSCF,T:ASLI,SCSCF,I-500:SCSCF,ASLI,A:SCSCF,MTAS,I:MTAS,SCSCF,T:MTAS,SCSCF,I:SCSCF,MTAS,T:SCSCF,PCSCF,I:PCSCF,SCSCF,T:PCSCF,SCSCF,R:SCSCF,MTAS,R:MTAS,SCSCF,R:ICSCF,GTW,R:GTW,SCSCF,P:SCSCF,MTAS,P:MTAS,SCSCF,P:SCSCF,PCSCF,P:PCSCF,SCSCF,P-200:SCSCF,MTAS,P-200:MTAS,SCSCF,P-200:SCSCF,GTW,P-200:PCSCF,SCSCF,I-200:SCSCF,MTAS,I-200:MTAS,SCSCF,I-200:ICSCF,GTW,I-200:GTW,SCSCF,A:SCSCF,MTAS,A:MTAS,SCSCF,A:SCSCF,PCSCF,A:PCSCF,SCSCF,I:SCSCF,MTAS,I:MTAS,SCSCF,T:MTAS,SCSCF,I:SCSCF,MTAS,T:SCSCF,PCSCF,T:SCSCF,GTW,I:GTW,SCSCF,T:GTW,SCSCF,I-200:SCSCF,MTAS,I-200:MTAS,SCSCF,I-200:SCSCF,PCSCF,I-200:PCSCF,SCSCF,A:SCSCF,MTAS,A:MTAS,SCSCF,A:SCSCF,GTW,A:PCSCF,SCSCF,I:SCSCF,PCSCF,T:SCSCF,MTAS,I:MTAS,SCSCF,T:MTAS,SCSCF,I:SCSCF,MTAS,T:SCSCF,GTW,I:GTW,SCSCF,T:GTW,SCSCF,I-488:SCSCF,GTW,A:SCSCF,MTAS,I-488:MTAS,SCSCF,A:MTAS,SCSCF,I-488:SCSCF,MTAS,A:SCSCF,PCSCF,I-488:PCSCF,SCSCF,A:PCSCF,SCSCF,I:SCSCF,PCSCF,T:SCSCF,PCSCF,I-407:PCSCF,SCSCF,A:PCSCF,SCSCF,I:SCSCF,MTAS,I:MTAS,SCSCF,T:MTAS,SCSCF,I:SCSCF,MTAS,T:SCSCF,GTW,I:GTW,SCSCF,T:GTW,SCSCF,I-200:SCSCF,MTAS,I-200:SCSCF,PCSCF,T:MTAS,SCSCF,I-200:SCSCF,PCSCF,I-200:PCSCF,SCSCF,A:SCSCF,MTAS,A:MTAS,SCSCF,A:SCSCF,GTW,A:GTW,SCSCF,B:SCSCF,MTAS,B:MTAS,SCSCF,B:SCSCF,PCSCF,B:PCSCF,SCSCF,B-200:SCSCF,MTAS,B-200:MTAS,SCSCF,B-200:SCSCF,GTW,B-200"
503,503,0,1,0.72980136,"GTW,ICSCF,I:ICSCF,GTW,T:SCSCF,ASLI,I:ASLI,SCSCF,T:ASLI,SCSCF,I-500:SCSCF,MTAS,I:SCSCF,ASLI,A:MTAS,SCSCF,T:MTAS,SCSCF,I:SCSCF,MTAS,T:SCSCF,PCSCF,I:PCSCF,SCSCF,T:PCSCF,SCSCF,R:SCSCF,MTAS,R:MTAS,SCSCF,R:ICSCF,GTW,R:GTW,SCSCF,P:SCSCF,MTAS,P:MTAS,SCSCF,P:SCSCF,PCSCF,P:PCSCF,SCSCF,P-200:SCSCF,MTAS,P-200:MTAS,SCSCF,P-200:SCSCF,GTW,P-200:PCSCF,SCSCF,I-200:SCSCF,MTAS,I-200:MTAS,SCSCF,I-200:ICSCF,GTW,I-200:GTW,SCSCF,A:SCSCF,MTAS,A:MTAS,SCSCF,A:SCSCF,PCSCF,A:GTW,SCSCF,I:SCSCF,GTW,T:SCSCF,MTAS,I:MTAS,SCSCF,T:MTAS,SCSCF,I:SCSCF,MTAS,T:SCSCF,PCSCF,I:PCSCF,SCSCF,I-200:SCSCF,MTAS,I-200:MTAS,SCSCF,I-200:SCSCF,GTW,I-200:GTW,SCSCF,A:SCSCF,MTAS,A:MTAS,SCSCF,A:SCSCF,PCSCF,A:PCSCF,SCSCF,B:SCSCF,MTAS,B:MTAS,SCSCF,B:SCSCF,GTW,B:GTW,SCSCF,B-200:SCSCF,MTAS,B-200:MTAS,SCSCF,B-200:SCSCF,PCSCF,B-200"
504,504,0,1,0.551927,"PCSCF,SCSCF,I:SCSCF,PCSCF,T:SCSCF,ASLI,I:ASLI,SCSCF,T:ASLI,SCSCF,I-500:MTAS,SCSCF,I:SCSCF,MTAS,T:SCSCF,ASLI,A:SCSCF,GTW,I:GTW,SCSCF,T:GTW,SCSCF,I-480:SCSCF,GTW,A:SCSCF,MTAS,I-480:MTAS,SCSCF,A:SCSCF,PCSCF,I-480:PCSCF,SCSCF,A"
505,505,0,0,0.9944493,"PCSCF,SCSCF,I:SCSCF,PCSCF,T:SCSCF,PCSCF,I-407:PCSCF,SCSCF,A:PCSCF,SCSCF,I:SCSCF,PCSCF,T:SCSCF,ASLI,I:ASLI,SCSCF,T:ASLI,SCSCF,I-500:SCSCF,ASLI,A:MTAS,SCSCF,I:SCSCF,MTAS,T:SCSCF,ASLI,I:ASLI,SCSCF,T:ASLI,SCSCF,I-500:SCSCF,ASLI,A:SCSCF,BCCAS,I:BCCAS,SCSCF,T:BCCAS,SCSCF,I:SCSCF,BCCAS,T:SCSCF,PCSCF,I:PCSCF,SCSCF,T:PCSCF,SCSCF,R:SCSCF,BCCAS,R:BCCAS,SCSCF,R:SCSCF,MTAS,R:SCSCF,PCSCF,R:PCSCF,SCSCF,P:MTAS,SCSCF,P:SCSCF,BCCAS,P:BCCAS,SCSCF,P:SCSCF,PCSCF,P:PCSCF,SCSCF,P-200:SCSCF,BCCAS,P-200:BCCAS,SCSCF,P-200:SCSCF,MTAS,P-200:SCSCF,PCSCF,P-200:PCSCF,SCSCF,I-200:SCSCF,BCCAS,I-200:BCCAS,SCSCF,I-200:SCSCF,MTAS,I-200:SCSCF,PCSCF,I-200:PCSCF,SCSCF,A:MTAS,SCSCF,A:SCSCF,BCCAS,A:BCCAS,SCSCF,A:SCSCF,PCSCF,A:PCSCF,SCSCF,B:MTAS,SCSCF,B:SCSCF,BCCAS,B:BCCAS,SCSCF,B:SCSCF,PCSCF,B:PCSCF,SCSCF,B-200:SCSCF,BCCAS,B-200:BCCAS,SCSCF,B-200:SCSCF,MTAS,B-200:SCSCF,PCSCF,B-200"
506,506,0,1,0.402848,"GTW,ICSCF,I:ICSCF,GTW,T:SCSCF,ASLI,I:ASLI,SCSCF,T:ASLI,SCSCF,I-500:SCSCF,ASLI,A:SCSCF,MTAS,I:MTAS,SCSCF,T:MTAS,SCSCF,I:SCSCF,MTAS,T:SCSCF,PCSCF,I:PCSCF,SCSCF,T:PCSCF,SCSCF,R:SCSCF,MTAS,R:MTAS,SCSCF,R:ICSCF,GTW,R:GTW,SCSCF,P:SCSCF,MTAS,P:MTAS,SCSCF,P:SCSCF,PCSCF,P:PCSCF,SCSCF,P-200:SCSCF,MTAS,P-200:MTAS,SCSCF,P-200:SCSCF,GTW,P-200:GTW,ICSCF,C:ICSCF,GTW,C-200:SCSCF,MTAS,C:MTAS,SCSCF,C-200:MTAS,SCSCF,C:SCSCF,MTAS,C-200:SCSCF,PCSCF,C:PCSCF,SCSCF,C-200:MTAS,SCSCF,I-487:PCSCF,SCSCF,I-487:SCSCF,PCSCF,A:SCSCF,MTAS,I-487:MTAS,SCSCF,A:SCSCF,MTAS,A:ICSCF,GTW,I-487:GTW,ICSCF,A"
507,507,0,0,0.9960322,"GTW,ICSCF,I:ICSCF,GTW,T:SCSCF,ASLI,I:ASLI,SCSCF,T:ASLI,SCSCF,I-500:SCSCF,ASLI,A:SCSCF,MTAS,I:MTAS,SCSCF,T:MTAS,SCSCF,I:SCSCF,MTAS,T:SCSCF,PCSCF,I:PCSCF,SCSCF,T:SCSCF,MTAS,R:MTAS,SCSCF,R:ICSCF,GTW,R:PCSCF,SCSCF,R:GTW,SCSCF,P:SCSCF,MTAS,P:MTAS,SCSCF,P:SCSCF,PCSCF,P:PCSCF,SCSCF,P-200:SCSCF,MTAS,P-200:MTAS,SCSCF,P-200:SCSCF,GTW,P-200:PCSCF,SCSCF,I-200:SCSCF,MTAS,I-200:MTAS,SCSCF,I-200:ICSCF,GTW,I-200:GTW,SCSCF,A:SCSCF,MTAS,A:MTAS,SCSCF,A:SCSCF,PCSCF,A:GTW,SCSCF,B:SCSCF,MTAS,B:MTAS,SCSCF,B:SCSCF,PCSCF,B:PCSCF,SCSCF,B-200:SCSCF,MTAS,B-200:MTAS,SCSCF,B-200:SCSCF,GTW,B-200"
508,508,0,1,0.7684046,"PCSCF,SCSCF,I:SCSCF,PCSCF,T:SCSCF,PCSCF,I-407:PCSCF,SCSCF,A:PCSCF,SCSCF,I:SCSCF,ASLI,I:ASLI,SCSCF,T:SCSCF,PCSCF,T:ASLI,SCSCF,I-500:SCSCF,ASLI,A:MTAS,SCSCF,I:SCSCF,MTAS,T:SCSCF,GTW,I:GTW,SCSCF,T:GTW,SCSCF,I-480:SCSCF,GTW,A:SCSCF,MTAS,I-480:MTAS,SCSCF,A:SCSCF,PCSCF,I-480:PCSCF,SCSCF,A"
509,509,0,1,0.77273285,"PCSCF,SCSCF,I:SCSCF,PCSCF,T:SCSCF,ASLI,I:ASLI,SCSCF,T:ASLI,SCSCF,I-500:SCSCF,ASLI,A:MTAS,SCSCF,I:SCSCF,MTAS,T:SCSCF,GTW,I:GTW,SCSCF,T:GTW,SCSCF,R:SCSCF,MTAS,R:SCSCF,PCSCF,R:GTW,SCSCF,I-200:SCSCF,MTAS,I-200:SCSCF,PCSCF,I-200:PCSCF,SCSCF,A:SCSCF,MTAS,A:MTAS,SCSCF,A:SCSCF,GTW,A:GTW,SCSCF,B:MTAS,SCSCF,B:SCSCF,PCSCF,B:PCSCF,SCSCF,B-200:SCSCF,MTAS,B-200:SCSCF,GTW,B-200"
510,510,0,1,0.20661508,"PCSCF,SCSCF,I:SCSCF,PCSCF,T:SCSCF,PCSCF,I-407:PCSCF,SCSCF,A:PCSCF,SCSCF,I:SCSCF,PCSCF,T:SCSCF,ASLI,I:ASLI,SCSCF,T:ASLI,SCSCF,I-500:SCSCF,ASLI,A:MTAS,SCSCF,I:SCSCF,MTAS,T:SCSCF,GTW,I:GTW,SCSCF,T:GTW,SCSCF,S:SCSCF,MTAS,S:SCSCF,PCSCF,S:PCSCF,SCSCF,P:MTAS,SCSCF,P:SCSCF,GTW,P:GTW,SCSCF,P-200:GTW,SCSCF,S:SCSCF,MTAS,S:SCSCF,MTAS,P-200:SCSCF,PCSCF,P-200:SCSCF,PCSCF,S:PCSCF,SCSCF,P:MTAS,SCSCF,P:SCSCF,GTW,P:GTW,SCSCF,P-200:SCSCF,MTAS,P-200:SCSCF,PCSCF,P-200:GTW,SCSCF,R:SCSCF,MTAS,R:SCSCF,PCSCF,R:PCSCF,SCSCF,P:MTAS,SCSCF,P:SCSCF,GTW,P:GTW,SCSCF,P-200:SCSCF,MTAS,P-200:SCSCF,PCSCF,P-200:GTW,SCSCF,S:SCSCF,MTAS,S:SCSCF,PCSCF,S:PCSCF,SCSCF,P:MTAS,SCSCF,P:SCSCF,GTW,P:GTW,SCSCF,P-200:SCSCF,MTAS,P-200:SCSCF,PCSCF,P-200:GTW,SCSCF,S:SCSCF,MTAS,S:SCSCF,PCSCF,S:PCSCF,SCSCF,P:MTAS,SCSCF,P:SCSCF,GTW,P:GTW,SCSCF,P-200:SCSCF,MTAS,P-200:SCSCF,PCSCF,P-200:GTW,SCSCF,S:SCSCF,MTAS,S:SCSCF,PCSCF,S:PCSCF,SCSCF,P:MTAS,SCSCF,P:SCSCF,GTW,P:GTW,SCSCF,P-200:SCSCF,MTAS,P-200:SCSCF,PCSCF,P-200:GTW,SCSCF,I-200:SCSCF,MTAS,I-200:SCSCF,PCSCF,I-200:PCSCF,SCSCF,A:SCSCF,MTAS,A:MTAS,SCSCF,A:SCSCF,GTW,A:PCSCF,SCSCF,B:MTAS,SCSCF,B:SCSCF,GTW,B:GTW,SCSCF,B-200:SCSCF,MTAS,B-200:SCSCF,PCSCF,B-200"
511,511,0,1,0.6350381,"PCSCF,SCSCF,I:SCSCF,PCSCF,T:SCSCF,ASLI,I:ASLI,SCSCF,T:ASLI,SCSCF,I-500:SCSCF,ASLI,A:MTAS,SCSCF,I:SCSCF,MTAS,T:SCSCF,GTW,I:GTW,SCSCF,T:GTW,SCSCF,R:SCSCF,MTAS,R:SCSCF,PCSCF,R:PCSCF,SCSCF,P:MTAS,SCSCF,P:SCSCF,GTW,P:GTW,SCSCF,P-200:SCSCF,MTAS,P-200:SCSCF,PCSCF,P-200:GTW,SCSCF,S:SCSCF,MTAS,S:SCSCF,PCSCF,S:PCSCF,SCSCF,P:MTAS,SCSCF,P:SCSCF,GTW,P:GTW,SCSCF,P-200:SCSCF,MTAS,P-200:SCSCF,PCSCF,P-200:GTW,SCSCF,S:SCSCF,MTAS,S:SCSCF,PCSCF,S:PCSCF,SCSCF,P:MTAS,SCSCF,P:SCSCF,GTW,P:GTW,SCSCF,P-200:SCSCF,MTAS,P-200:GTW,SCSCF,I-200:SCSCF,PCSCF,P-200:SCSCF,MTAS,I-200:SCSCF,PCSCF,I-200:PCSCF,SCSCF,A:SCSCF,MTAS,A:MTAS,SCSCF,A:SCSCF,GTW,A:PCSCF,SCSCF,B:MTAS,SCSCF,B:SCSCF,GTW,B:GTW,SCSCF,B-200:SCSCF,MTAS,B-200:SCSCF,PCSCF,B-200"
512,512,0,1,0.7526548,"PCSCF,SCSCF,I:SCSCF,PCSCF,T:SCSCF,ASLI,I:ASLI,SCSCF,T:ASLI,SCSCF,I-500:SCSCF,ASLI,A:MTAS,SCSCF,I:SCSCF,MTAS,T:SCSCF,GTW,I:GTW,SCSCF,T:GTW,SCSCF,S:SCSCF,MTAS,S:SCSCF,PCSCF,S:PCSCF,SCSCF,P:SCSCF,MTAS,P:MTAS,SCSCF,P:SCSCF,GTW,P:GTW,SCSCF,P-200:SCSCF,MTAS,P-200:MTAS,SCSCF,P-200:SCSCF,PCSCF,P-200:GTW,SCSCF,S:SCSCF,MTAS,S:SCSCF,PCSCF,S:PCSCF,SCSCF,P:SCSCF,MTAS,P:MTAS,SCSCF,P:SCSCF,GTW,P:GTW,SCSCF,P-200:SCSCF,MTAS,P-200:MTAS,SCSCF,P-200:SCSCF,PCSCF,P-200:GTW,SCSCF,R:SCSCF,MTAS,R:SCSCF,PCSCF,R:GTW,SCSCF,I-200:SCSCF,MTAS,I-200:SCSCF,PCSCF,I-200:PCSCF,SCSCF,A:SCSCF,MTAS,A:MTAS,SCSCF,A:SCSCF,GTW,A:GTW,SCSCF,B:MTAS,SCSCF,B:SCSCF,PCSCF,B:PCSCF,SCSCF,B-200:SCSCF,MTAS,B-200:SCSCF,GTW,B-200"
513,513,0,0,0.8615264,"GTW,ICSCF,I:ICSCF,GTW,T:SCSCF,ASLI,I:ASLI,SCSCF,T:ASLI,SCSCF,I-500:SCSCF,ASLI,A:SCSCF,MTAS,I:MTAS,SCSCF,T:MTAS,SCSCF,I:SCSCF,MTAS,T:SCSCF,PCSCF,I:PCSCF,SCSCF,T:PCSCF,SCSCF,R:SCSCF,MTAS,R:MTAS,SCSCF,R:ICSCF,GTW,R:GTW,SCSCF,P:SCSCF,MTAS,P:MTAS,SCSCF,P:SCSCF,PCSCF,P:PCSCF,SCSCF,P-200:SCSCF,MTAS,P-200:MTAS,SCSCF,P-200:SCSCF,GTW,P-200:GTW,ICSCF,C:ICSCF,GTW,C-200:SCSCF,MTAS,C:MTAS,SCSCF,C-200:MTAS,SCSCF,C:SCSCF,MTAS,C-200:SCSCF,PCSCF,C:PCSCF,SCSCF,C-200:PCSCF,SCSCF,I-487:SCSCF,PCSCF,A:SCSCF,MTAS,I-487:MTAS,SCSCF,A:ICSCF,GTW,I-487:MTAS,SCSCF,I-487:SCSCF,MTAS,A:GTW,ICSCF,A"
514,514,0,1,0.33030903,"PCSCF,SCSCF,I:SCSCF,ASLI,I:ASLI,SCSCF,T:ASLI,SCSCF,I-500:SCSCF,ASLI,A:SCSCF,PCSCF,T:MTAS,SCSCF,I:SCSCF,MTAS,T:SCSCF,ASLI,I:ASLI,SCSCF,T:ASLI,SCSCF,I-500:SCSCF,ASLI,A:SCSCF,MTAS,I:MTAS,SCSCF,T:MTAS,SCSCF,I:SCSCF,MTAS,T:SCSCF,PCSCF,I:PCSCF,SCSCF,T:PCSCF,SCSCF,R:SCSCF,MTAS,R:MTAS,SCSCF,R:SCSCF,MTAS,R:SCSCF,PCSCF,R:PCSCF,SCSCF,P:MTAS,SCSCF,P:SCSCF,MTAS,P:MTAS,SCSCF,P:SCSCF,PCSCF,P:PCSCF,SCSCF,P-200:SCSCF,MTAS,P-200:MTAS,SCSCF,P-200:SCSCF,MTAS,P-200:SCSCF,PCSCF,P-200:PCSCF,SCSCF,C:MTAS,SCSCF,C:SCSCF,MTAS,C-200:SCSCF,PCSCF,C-200:SCSCF,MTAS,C:MTAS,SCSCF,C-200:MTAS,SCSCF,C:SCSCF,MTAS,C-200:SCSCF,PCSCF,C:PCSCF,SCSCF,C-200:PCSCF,SCSCF,I-487:SCSCF,PCSCF,A:SCSCF,MTAS,I-487:MTAS,SCSCF,A:MTAS,SCSCF,I-487:SCSCF,MTAS,A:SCSCF,MTAS,I-487:MTAS,SCSCF,A:SCSCF,PCSCF,I-487:PCSCF,SCSCF,A"
515,515,0,1,0.2931216,"PCSCF,SCSCF,I:SCSCF,PCSCF,T:SCSCF,PCSCF,I-407:PCSCF,SCSCF,A:PCSCF,SCSCF,I:SCSCF,ASLI,I:SCSCF,PCSCF,T:ASLI,SCSCF,T:ASLI,SCSCF,I-500:SCSCF,ASLI,A:MTAS,SCSCF,I:SCSCF,MTAS,T:SCSCF,GTW,I:GTW,SCSCF,T:GTW,SCSCF,R:SCSCF,MTAS,R:SCSCF,PCSCF,R:PCSCF,SCSCF,P:SCSCF,MTAS,P:MTAS,SCSCF,P:SCSCF,GTW,P:GTW,SCSCF,P-200:SCSCF,MTAS,P-200:MTAS,SCSCF,P-200:SCSCF,PCSCF,P-200:GTW,SCSCF,I-200:SCSCF,MTAS,I-200:SCSCF,PCSCF,I-200:PCSCF,SCSCF,A:SCSCF,MTAS,A:MTAS,SCSCF,A:SCSCF,GTW,A:GTW,SCSCF,B:MTAS,SCSCF,B:SCSCF,PCSCF,B:PCSCF,SCSCF,B-200:SCSCF,MTAS,B-200:SCSCF,GTW,B-200"
516,516,0,1,0.7345237,"PCSCF,SCSCF,I:SCSCF,PCSCF,T:SCSCF,PCSCF,I-407:PCSCF,SCSCF,A:PCSCF,SCSCF,I:SCSCF,PCSCF,T:SCSCF,ASLI,I:ASLI,SCSCF,T:ASLI,SCSCF,I-500:SCSCF,ASLI,A:MTAS,SCSCF,I:SCSCF,MTAS,T:SCSCF,ASLI,I:ASLI,SCSCF,T:ASLI,SCSCF,I-500:SCSCF,MTAS,I:MTAS,SCSCF,T:MTAS,SCSCF,I:SCSCF,MTAS,T:SCSCF,PCSCF,I:PCSCF,SCSCF,T:SCSCF,ASLI,A:PCSCF,SCSCF,R:SCSCF,MTAS,R:MTAS,SCSCF,R:SCSCF,MTAS,R:SCSCF,PCSCF,R:PCSCF,SCSCF,P:MTAS,SCSCF,P:SCSCF,MTAS,P:MTAS,SCSCF,P:SCSCF,PCSCF,P:PCSCF,SCSCF,P-200:SCSCF,MTAS,P-200:MTAS,SCSCF,P-200:SCSCF,MTAS,P-200:SCSCF,PCSCF,P-200:PCSCF,SCSCF,I-200:SCSCF,MTAS,I-200:MTAS,SCSCF,I-200:SCSCF,MTAS,I-200:SCSCF,PCSCF,I-200:PCSCF,SCSCF,A:MTAS,SCSCF,A:SCSCF,MTAS,A:MTAS,SCSCF,A:SCSCF,PCSCF,A:PCSCF,SCSCF,B:SCSCF,MTAS,B:MTAS,SCSCF,B:SCSCF,PCSCF,B:PCSCF,SCSCF,B-200:SCSCF,MTAS,B-200:MTAS,SCSCF,B-200:SCSCF,PCSCF,B-200"
517,517,0,1,0.22310928,"PCSCF,SCSCF,I:SCSCF,ASLI,I:SCSCF,PCSCF,T:ASLI,SCSCF,T:ASLI,SCSCF,I-500:SCSCF,ASLI,A:MTAS,SCSCF,I:SCSCF,MTAS,T:SCSCF,GTW,I:GTW,SCSCF,T:GTW,SCSCF,S:SCSCF,MTAS,S:SCSCF,PCSCF,S:PCSCF,SCSCF,P:SCSCF,MTAS,P:MTAS,SCSCF,P:SCSCF,GTW,P:GTW,SCSCF,P-200:SCSCF,MTAS,P-200:MTAS,SCSCF,P-200:SCSCF,PCSCF,P-200:GTW,SCSCF,R:SCSCF,MTAS,R:SCSCF,PCSCF,R:PCSCF,SCSCF,P:SCSCF,MTAS,P:MTAS,SCSCF,P:SCSCF,GTW,P:GTW,SCSCF,P-200:SCSCF,MTAS,P-200:MTAS,SCSCF,P-200:SCSCF,PCSCF,P-200:GTW,SCSCF,S:SCSCF,MTAS,S:SCSCF,PCSCF,S:PCSCF,SCSCF,P:SCSCF,MTAS,P:MTAS,SCSCF,P:SCSCF,GTW,P:GTW,SCSCF,P-200:SCSCF,MTAS,P-200:MTAS,SCSCF,P-200:SCSCF,PCSCF,P-200:GTW,SCSCF,S:SCSCF,MTAS,S:SCSCF,PCSCF,S:PCSCF,SCSCF,P:SCSCF,MTAS,P:MTAS,SCSCF,P:SCSCF,GTW,P:GTW,SCSCF,P-200:SCSCF,MTAS,P-200:MTAS,SCSCF,P-200:SCSCF,PCSCF,P-200:PCSCF,SCSCF,C:SCSCF,PCSCF,C-200:MTAS,SCSCF,C:SCSCF,MTAS,C-200:SCSCF,GTW,C:GTW,SCSCF,C-200:GTW,SCSCF,I-487:SCSCF,GTW,A:SCSCF,MTAS,I-487:MTAS,SCSCF,A:SCSCF,PCSCF,I-487:PCSCF,SCSCF,A"
518,518,0,1,0.29810044,"GTW,ICSCF,I:ICSCF,GTW,T:SCSCF,ASLI,I:ASLI,SCSCF,T:ASLI,SCSCF,I-500:SCSCF,MTAS,I:MTAS,SCSCF,T:MTAS,SCSCF,W:ICSCF,GTW,W:MTAS,SCSCF,I:SCSCF,MTAS,T:SCSCF,ASLI,A:SCSCF,GTW,I:GTW,SCSCF,T:GTW,SCSCF,S:SCSCF,MTAS,S:MTAS,SCSCF,S:ICSCF,GTW,S:GTW,SCSCF,P:SCSCF,MTAS,P:MTAS,SCSCF,P:SCSCF,GTW,P:GTW,SCSCF,P-200:SCSCF,MTAS,P-200:MTAS,SCSCF,P-200:SCSCF,GTW,P-200:GTW,SCSCF,R:SCSCF,MTAS,R:MTAS,SCSCF,R:ICSCF,GTW,R:GTW,SCSCF,P:SCSCF,MTAS,P:MTAS,SCSCF,P:SCSCF,GTW,P:GTW,SCSCF,P-200:SCSCF,MTAS,P-200:MTAS,SCSCF,P-200:SCSCF,GTW,P-200:GTW,ICSCF,C:ICSCF,GTW,C-200:SCSCF,MTAS,C:MTAS,SCSCF,C-200:MTAS,SCSCF,C:SCSCF,MTAS,C-200:SCSCF,GTW,C:GTW,SCSCF,C-200:GTW,SCSCF,I-487:SCSCF,GTW,A:MTAS,SCSCF,I-487:SCSCF,MTAS,A:ICSCF,GTW,I-487:GTW,ICSCF,A:SCSCF,MTAS,I-487:MTAS,SCSCF,A"
519,519,0,1,0.58810186,"PCSCF,SCSCF,I:SCSCF,PCSCF,T:SCSCF,PCSCF,I-407:PCSCF,SCSCF,A:PCSCF,SCSCF,I:SCSCF,PCSCF,T:SCSCF,ASLI,I:ASLI,SCSCF,T:ASLI,SCSCF,I-500:SCSCF,ASLI,A:MTAS,SCSCF,I:SCSCF,MTAS,T:SCSCF,GTW,I:GTW,SCSCF,T:GTW,SCSCF,S:SCSCF,MTAS,S:SCSCF,PCSCF,S:PCSCF,SCSCF,P:MTAS,SCSCF,P:SCSCF,GTW,P:GTW,SCSCF,P-200:GTW,SCSCF,S:SCSCF,MTAS,P-200:SCSCF,MTAS,S:SCSCF,PCSCF,P-200:SCSCF,PCSCF,S:PCSCF,SCSCF,P:MTAS,SCSCF,P:SCSCF,GTW,P:GTW,SCSCF,P-200:SCSCF,MTAS,P-200:SCSCF,PCSCF,P-200:GTW,SCSCF,R:SCSCF,MTAS,R:SCSCF,PCSCF,R:PCSCF,SCSCF,P:MTAS,SCSCF,P:SCSCF,GTW,P:GTW,SCSCF,P-200:SCSCF,MTAS,P-200:SCSCF,PCSCF,P-200:PCSCF,SCSCF,C:SCSCF,PCSCF,C-200:MTAS,SCSCF,C:SCSCF,MTAS,C-200:SCSCF,GTW,C:GTW,SCSCF,C-200:GTW,SCSCF,I-487:SCSCF,GTW,A:SCSCF,MTAS,I-487:MTAS,SCSCF,A:SCSCF,PCSCF,I-487:PCSCF,SCSCF,A"
520,520,0,1,0.4890005,"PCSCF,SCSCF,I:SCSCF,PCSCF,T:SCSCF,PCSCF,I-407:PCSCF,SCSCF,A:PCSCF,SCSCF,I:SCSCF,ASLI,I:ASLI,SCSCF,T:SCSCF,PCSCF,T:ASLI,SCSCF,I-500:SCSCF,ASLI,A:MTAS,SCSCF,I:SCSCF,MTAS,T:SCSCF,GTW,I:GTW,SCSCF,T:GTW,SCSCF,I-200:SCSCF,MTAS,I-200:SCSCF,PCSCF,I-200:PCSCF,SCSCF,A:SCSCF,MTAS,A:MTAS,SCSCF,A:SCSCF,GTW,A:MTAS,SCSCF,U:SCSCF,GTW,U:GTW,SCSCF,U-200:SCSCF,MTAS,U-200:MTAS,SCSCF,U:SCSCF,PCSCF,U:PCSCF,SCSCF,U-200:SCSCF,MTAS,U-200:PCSCF,SCSCF,B:SCSCF,MTAS,B:MTAS,SCSCF,B:SCSCF,GTW,B:GTW,SCSCF,B-200:SCSCF,MTAS,B-200:MTAS,SCSCF,B-200:SCSCF,PCSCF,B-200"
521,521,0,0,0.8970928,"PCSCF,SCSCF,I:SCSCF,PCSCF,T:SCSCF,PCSCF,I-407:PCSCF,SCSCF,A:PCSCF,SCSCF,I:SCSCF,PCSCF,T:SCSCF,ASLI,I:ASLI,SCSCF,T:ASLI,SCSCF,I-500:SCSCF,ASLI,A:MTAS,SCSCF,I:SCSCF,MTAS,T:SCSCF,GTW,I:GTW,SCSCF,T:GTW,SCSCF,S:SCSCF,MTAS,S:SCSCF,PCSCF,S:PCSCF,SCSCF,P:SCSCF,MTAS,P:MTAS,SCSCF,P:SCSCF,GTW,P:GTW,SCSCF,P-200:GTW,SCSCF,R:SCSCF,MTAS,R:SCSCF,MTAS,P-200:MTAS,SCSCF,P-200:SCSCF,PCSCF,R:SCSCF,PCSCF,P-200:PCSCF,SCSCF,P:SCSCF,MTAS,P:MTAS,SCSCF,P:SCSCF,GTW,P:GTW,SCSCF,P-200:SCSCF,MTAS,P-200:MTAS,SCSCF,P-200:SCSCF,PCSCF,P-200:GTW,SCSCF,I-200:SCSCF,MTAS,I-200:SCSCF,PCSCF,I-200:PCSCF,SCSCF,A:SCSCF,MTAS,A:MTAS,SCSCF,A:SCSCF,GTW,A:PCSCF,SCSCF,I:SCSCF,PCSCF,T:MTAS,SCSCF,I:SCSCF,MTAS,T:SCSCF,GTW,I:GTW,SCSCF,T:GTW,SCSCF,I-200:SCSCF,MTAS,I-200:SCSCF,PCSCF,I-200:PCSCF,SCSCF,A:SCSCF,MTAS,A:MTAS,SCSCF,A:SCSCF,GTW,A:PCSCF,SCSCF,B:SCSCF,MTAS,B:MTAS,SCSCF,B:SCSCF,GTW,B:GTW,SCSCF,B-200:SCSCF,MTAS,B-200:MTAS,SCSCF,B-200:SCSCF,PCSCF,B-200"
522,522,0,1,0.37487426,"PCSCF,SCSCF,I:SCSCF,PCSCF,T:SCSCF,ASLI,I:ASLI,SCSCF,T:ASLI,SCSCF,I-500:SCSCF,ASLI,A:MTAS,SCSCF,I:SCSCF,MTAS,T:SCSCF,ASLI,I:ASLI,SCSCF,T:ASLI,SCSCF,I-500:SCSCF,ASLI,A:SCSCF,MTAS,I:MTAS,SCSCF,T:MTAS,SCSCF,I:SCSCF,MTAS,T:SCSCF,PCSCF,I:PCSCF,SCSCF,T:PCSCF,SCSCF,R:SCSCF,MTAS,R:MTAS,SCSCF,R:SCSCF,MTAS,R:SCSCF,PCSCF,R:PCSCF,SCSCF,P:MTAS,SCSCF,P:SCSCF,MTAS,P:MTAS,SCSCF,P:SCSCF,PCSCF,P:PCSCF,SCSCF,P-200:SCSCF,MTAS,P-200:MTAS,SCSCF,P-200:SCSCF,MTAS,P-200:SCSCF,PCSCF,P-200:MTAS,SCSCF,I-200:PCSCF,SCSCF,I-200:SCSCF,MTAS,I-200:SCSCF,PCSCF,I-200:PCSCF,SCSCF,A:MTAS,SCSCF,A:SCSCF,MTAS,A:MTAS,SCSCF,A:SCSCF,PCSCF,A:MTAS,SCSCF,U:SCSCF,PCSCF,U:PCSCF,SCSCF,U-200:SCSCF,MTAS,U-200:MTAS,SCSCF,U:SCSCF,MTAS,U-200:SCSCF,PCSCF,U:PCSCF,SCSCF,U-200:SCSCF,MTAS,U-200:PCSCF,SCSCF,B:MTAS,SCSCF,B:SCSCF,MTAS,B:MTAS,SCSCF,B:SCSCF,PCSCF,B:PCSCF,SCSCF,B-200:SCSCF,MTAS,B-200:MTAS,SCSCF,B-200:SCSCF,MTAS,B-200:SCSCF,PCSCF,B-200"
523,523,0,1,0.20269543,"PCSCF,SCSCF,I:SCSCF,PCSCF,T:SCSCF,PCSCF,I-407:PCSCF,SCSCF,A:PCSCF,SCSCF,I:SCSCF,PCSCF,T:SCSCF,ASLI,I:ASLI,SCSCF,T:ASLI,SCSCF,I-500:SCSCF,ASLI,A:MTAS,SCSCF,I:SCSCF,MTAS,T:SCSCF,GTW,I:GTW,SCSCF,T:GTW,SCSCF,S:SCSCF,MTAS,S:SCSCF,PCSCF,S:PCSCF,SCSCF,P:MTAS,SCSCF,P:SCSCF,GTW,P:GTW,SCSCF,P-200:GTW,SCSCF,S:SCSCF,MTAS,S:SCSCF,MTAS,P-200:SCSCF,PCSCF,P-200:SCSCF,PCSCF,S:PCSCF,SCSCF,P:MTAS,SCSCF,P:SCSCF,GTW,P:GTW,SCSCF,P-200:GTW,SCSCF,R:SCSCF,MTAS,P-200:SCSCF,MTAS,R:SCSCF,PCSCF,P-200:SCSCF,PCSCF,R:PCSCF,SCSCF,P:MTAS,SCSCF,P:SCSCF,GTW,P:GTW,SCSCF,P-200:SCSCF,MTAS,P-200:SCSCF,PCSCF,P-200:GTW,SCSCF,S:SCSCF,MTAS,S:SCSCF,PCSCF,S:PCSCF,SCSCF,P:MTAS,SCSCF,P:SCSCF,GTW,P:GTW,SCSCF,P-200:SCSCF,MTAS,P-200:SCSCF,PCSCF,P-200:GTW,SCSCF,S:SCSCF,MTAS,S:SCSCF,PCSCF,S:PCSCF,SCSCF,P:MTAS,SCSCF,P:SCSCF,GTW,P:GTW,SCSCF,P-200:SCSCF,MTAS,P-200:SCSCF,PCSCF,P-200:GTW,SCSCF,S:SCSCF,MTAS,S:SCSCF,PCSCF,S:PCSCF,SCSCF,P:MTAS,SCSCF,P:SCSCF,GTW,P:GTW,SCSCF,P-200:SCSCF,MTAS,P-200:SCSCF,PCSCF,P-200:GTW,SCSCF,I-200:SCSCF,MTAS,I-200:SCSCF,PCSCF,I-200:PCSCF,SCSCF,A:SCSCF,MTAS,A:MTAS,SCSCF,A:SCSCF,GTW,A:PCSCF,SCSCF,B:MTAS,SCSCF,B:SCSCF,GTW,B:GTW,SCSCF,B-200:SCSCF,MTAS,B-200:SCSCF,PCSCF,B-200"
524,524,0,0,0.9960322,"GTW,ICSCF,I:ICSCF,GTW,T:SCSCF,ASLI,I:ASLI,SCSCF,T:ASLI,SCSCF,I-500:SCSCF,ASLI,A:SCSCF,MTAS,I:MTAS,SCSCF,T:MTAS,SCSCF,I:SCSCF,MTAS,T:SCSCF,PCSCF,I:PCSCF,SCSCF,T:PCSCF,SCSCF,R:SCSCF,MTAS,R:MTAS,SCSCF,R:ICSCF,GTW,R:GTW,SCSCF,P:SCSCF,MTAS,P:MTAS,SCSCF,P:SCSCF,PCSCF,P:PCSCF,SCSCF,P-200:SCSCF,MTAS,P-200:MTAS,SCSCF,P-200:SCSCF,GTW,P-200:PCSCF,SCSCF,I-200:SCSCF,MTAS,I-200:MTAS,SCSCF,I-200:ICSCF,GTW,I-200:GTW,SCSCF,A:SCSCF,MTAS,A:MTAS,SCSCF,A:SCSCF,PCSCF,A:GTW,SCSCF,B:SCSCF,MTAS,B:MTAS,SCSCF,B:SCSCF,PCSCF,B:MTAS,SCSCF,B-200:SCSCF,GTW,B-200:PCSCF,SCSCF,B-200:SCSCF,MTAS,B-200"
525,525,0,1,0.2718368,"PCSCF,SCSCF,I:SCSCF,PCSCF,T:SCSCF,ASLI,I:ASLI,SCSCF,T:ASLI,SCSCF,I-500:SCSCF,ASLI,A:MTAS,SCSCF,I:SCSCF,MTAS,T:SCSCF,GTW,I:GTW,SCSCF,T:GTW,SCSCF,R:SCSCF,MTAS,R:SCSCF,PCSCF,R:PCSCF,SCSCF,P:SCSCF,MTAS,P:MTAS,SCSCF,P:SCSCF,GTW,P:GTW,SCSCF,P-200:SCSCF,MTAS,P-200:MTAS,SCSCF,P-200:SCSCF,PCSCF,P-200:GTW,SCSCF,I-200:SCSCF,MTAS,I-200:SCSCF,PCSCF,I-200:PCSCF,SCSCF,A:SCSCF,MTAS,A:MTAS,SCSCF,A:SCSCF,GTW,A:MTAS,SCSCF,U:SCSCF,GTW,U:GTW,SCSCF,U-200:SCSCF,MTAS,U-200:MTAS,SCSCF,U:SCSCF,PCSCF,U:PCSCF,SCSCF,U-200:SCSCF,MTAS,U-200:PCSCF,SCSCF,B:SCSCF,MTAS,B:MTAS,SCSCF,B:SCSCF,GTW,B:GTW,SCSCF,B-200:SCSCF,MTAS,B-200:MTAS,SCSCF,B-200:SCSCF,PCSCF,B-200"
526,526,0,1,0.28858662,"PCSCF,SCSCF,I:SCSCF,ASLI,I:SCSCF,PCSCF,T:ASLI,SCSCF,T:ASLI,SCSCF,I-500:SCSCF,ASLI,A:MTAS,SCSCF,I:SCSCF,MTAS,T:SCSCF,GTW,I:GTW,SCSCF,T:GTW,SCSCF,S:SCSCF,MTAS,S:SCSCF,PCSCF,S:PCSCF,SCSCF,P:MTAS,SCSCF,P:SCSCF,GTW,P:GTW,SCSCF,P-200:SCSCF,MTAS,P-200:SCSCF,PCSCF,P-200:GTW,SCSCF,S:SCSCF,MTAS,S:SCSCF,PCSCF,S:PCSCF,SCSCF,P:MTAS,SCSCF,P:SCSCF,GTW,P:GTW,SCSCF,P-200:SCSCF,MTAS,P-200:SCSCF,PCSCF,P-200:GTW,SCSCF,I-200:SCSCF,MTAS,I-200:SCSCF,PCSCF,I-200:PCSCF,SCSCF,A:SCSCF,MTAS,A:MTAS,SCSCF,A:SCSCF,GTW,A:MTAS,SCSCF,U:SCSCF,GTW,U:GTW,SCSCF,U-200:SCSCF,PCSCF,U:SCSCF,MTAS,U-200:PCSCF,SCSCF,U-200:SCSCF,MTAS,U-200:MTAS,SCSCF,U:SCSCF,GTW,U:GTW,SCSCF,U-200:SCSCF,MTAS,U-200:MTAS,SCSCF,U:SCSCF,PCSCF,U:PCSCF,SCSCF,U-200:SCSCF,MTAS,U-200:GTW,SCSCF,B:MTAS,SCSCF,B:SCSCF,PCSCF,B:PCSCF,SCSCF,B-200:SCSCF,MTAS,B-200:SCSCF,GTW,B-200"
527,527,0,0,0.90144724,"PCSCF,SCSCF,I:SCSCF,PCSCF,T:SCSCF,ASLI,I:ASLI,SCSCF,T:ASLI,SCSCF,I-500:SCSCF,ASLI,A:MTAS,SCSCF,I:SCSCF,MTAS,T:SCSCF,GTW,I:GTW,SCSCF,T:GTW,SCSCF,S:SCSCF,MTAS,S:SCSCF,PCSCF,S:PCSCF,SCSCF,P:SCSCF,MTAS,P:MTAS,SCSCF,P:SCSCF,GTW,P:GTW,SCSCF,P-200:SCSCF,MTAS,P-200:SCSCF,PCSCF,P-200:MTAS,SCSCF,P-200:GTW,SCSCF,R:SCSCF,MTAS,R:SCSCF,PCSCF,R:PCSCF,SCSCF,P:SCSCF,MTAS,P:MTAS,SCSCF,P:SCSCF,GTW,P:GTW,SCSCF,P-200:SCSCF,MTAS,P-200:MTAS,SCSCF,P-200:SCSCF,PCSCF,P-200:GTW,SCSCF,I-200:SCSCF,MTAS,I-200:SCSCF,PCSCF,I-200:PCSCF,SCSCF,A:SCSCF,MTAS,A:MTAS,SCSCF,A:SCSCF,GTW,A:PCSCF,SCSCF,B:SCSCF,MTAS,B:MTAS,SCSCF,B:SCSCF,GTW,B:GTW,SCSCF,B-200:SCSCF,MTAS,B-200:MTAS,SCSCF,B-200:SCSCF,PCSCF,B-200"
528,528,0,0,0.8828646,"PCSCF,SCSCF,I:SCSCF,PCSCF,T:SCSCF,ASLI,I:ASLI,SCSCF,T:ASLI,SCSCF,I-500:MTAS,SCSCF,I:SCSCF,MTAS,T:SCSCF,ASLI,A:SCSCF,GTW,I:GTW,SCSCF,T:GTW,SCSCF,R:SCSCF,MTAS,R:SCSCF,PCSCF,R:GTW,SCSCF,R:SCSCF,MTAS,R:PCSCF,SCSCF,P:MTAS,SCSCF,P:SCSCF,GTW,P:GTW,SCSCF,P-200:SCSCF,MTAS,P-200:SCSCF,PCSCF,P-200:GTW,SCSCF,I-200:SCSCF,MTAS,I-200:SCSCF,PCSCF,I-200:PCSCF,SCSCF,A:SCSCF,MTAS,A:MTAS,SCSCF,A:SCSCF,GTW,A:PCSCF,SCSCF,B:MTAS,SCSCF,B:SCSCF,GTW,B:GTW,SCSCF,B-200:SCSCF,MTAS,B-200:SCSCF,PCSCF,B-200"
529,529,0,0,0.9766357,"GTW,ICSCF,I:ICSCF,GTW,T:SCSCF,ASLI,I:ASLI,SCSCF,T:ASLI,SCSCF,I-500:SCSCF,ASLI,A:SCSCF,MTAS,I:MTAS,SCSCF,T:MTAS,SCSCF,I:SCSCF,MTAS,T:SCSCF,PCSCF,I:PCSCF,SCSCF,T:PCSCF,SCSCF,R:SCSCF,MTAS,R:MTAS,SCSCF,R:ICSCF,GTW,R:GTW,SCSCF,P:SCSCF,MTAS,P:MTAS,SCSCF,P:SCSCF,PCSCF,P:PCSCF,SCSCF,P-200:SCSCF,MTAS,P-200:MTAS,SCSCF,P-200:SCSCF,GTW,P-200:PCSCF,SCSCF,I-200:SCSCF,MTAS,I-200:MTAS,SCSCF,I-200:ICSCF,GTW,I-200:GTW,SCSCF,A:SCSCF,MTAS,A:MTAS,SCSCF,A:SCSCF,PCSCF,A:MTAS,SCSCF,U:SCSCF,PCSCF,U:SCSCF,GTW,U:GTW,SCSCF,U-200:SCSCF,MTAS,U-200:PCSCF,SCSCF,U-200:SCSCF,MTAS,U-200:MTAS,SCSCF,U:SCSCF,GTW,U:GTW,SCSCF,U-200:SCSCF,MTAS,U-200:MTAS,SCSCF,U:SCSCF,PCSCF,U:PCSCF,SCSCF,U-200:SCSCF,MTAS,U-200:MTAS,SCSCF,U:SCSCF,GTW,U:GTW,SCSCF,U-200:SCSCF,MTAS,U-200:MTAS,SCSCF,U:SCSCF,PCSCF,U:PCSCF,SCSCF,U-200:SCSCF,MTAS,U-200:PCSCF,SCSCF,B:SCSCF,MTAS,B:MTAS,SCSCF,B:SCSCF,GTW,B:GTW,SCSCF,B-200:SCSCF,MTAS,B-200:MTAS,SCSCF,B-200:SCSCF,PCSCF,B-200"
530,530,0,1,0.15319078,"PCSCF,SCSCF,I:SCSCF,PCSCF,T:SCSCF,PCSCF,I-407:PCSCF,SCSCF,A:PCSCF,SCSCF,I:SCSCF,ASLI,I:ASLI,SCSCF,T:ASLI,SCSCF,I-500:SCSCF,ASLI,A:MTAS,SCSCF,I:SCSCF,MTAS,T:SCSCF,ASLI,I:ASLI,SCSCF,T:ASLI,SCSCF,I-500:SCSCF,ASLI,A:SCSCF,MTAS,I:MTAS,SCSCF,T:MTAS,SCSCF,I:SCSCF,MTAS,T:SCSCF,PCSCF,T:SCSCF,PCSCF,I:PCSCF,SCSCF,T:PCSCF,SCSCF,R:SCSCF,MTAS,R:MTAS,SCSCF,R:SCSCF,MTAS,R:SCSCF,PCSCF,R:PCSCF,SCSCF,P:MTAS,SCSCF,P:SCSCF,MTAS,P:MTAS,SCSCF,P:SCSCF,PCSCF,P:PCSCF,SCSCF,P-200:SCSCF,MTAS,P-200:MTAS,SCSCF,P-200:SCSCF,MTAS,P-200:SCSCF,PCSCF,P-200:PCSCF,SCSCF,I-200:SCSCF,MTAS,I-200:MTAS,SCSCF,I-200:SCSCF,MTAS,I-200:SCSCF,PCSCF,I-200:PCSCF,SCSCF,I-200:SCSCF,MTAS,I-200:MTAS,SCSCF,I-200:SCSCF,MTAS,I-200:PCSCF,SCSCF,A:MTAS,SCSCF,A:SCSCF,MTAS,A:MTAS,SCSCF,A:SCSCF,PCSCF,A:SCSCF,PCSCF,I-200:PCSCF,SCSCF,A:MTAS,SCSCF,U:SCSCF,PCSCF,U:MTAS,SCSCF,U:SCSCF,MTAS,U-200:PCSCF,SCSCF,U-200:SCSCF,PCSCF,U:SCSCF,MTAS,U-200:PCSCF,SCSCF,U-200:SCSCF,MTAS,U-200:MTAS,SCSCF,U:SCSCF,PCSCF,U:MTAS,SCSCF,U:PCSCF,SCSCF,U-200:SCSCF,MTAS,U-200:MTAS,SCSCF,U:SCSCF,PCSCF,U:PCSCF,SCSCF,U-200:SCSCF,MTAS,U-200:MTAS,SCSCF,U:SCSCF,PCSCF,U:MTAS,SCSCF,U:SCSCF,MTAS,U-200:SCSCF,PCSCF,U:PCSCF,SCSCF,U-200:SCSCF,MTAS,U-200:PCSCF,SCSCF,U-200:SCSCF,MTAS,U-200:MTAS,SCSCF,U:SCSCF,MTAS,U-200:MTAS,SCSCF,U:SCSCF,PCSCF,U:PCSCF,SCSCF,U-200:SCSCF,MTAS,U-200:MTAS,SCSCF,U:SCSCF,PCSCF,U:PCSCF,SCSCF,U-200:SCSCF,MTAS,U-200:MTAS,SCSCF,U:SCSCF,MTAS,U-200:MTAS,SCSCF,U:SCSCF,PCSCF,U:PCSCF,SCSCF,U-200:SCSCF,MTAS,U-200:MTAS,SCSCF,U:SCSCF,PCSCF,U:PCSCF,SCSCF,U-200:SCSCF,MTAS,U-200:MTAS,SCSCF,U:SCSCF,MTAS,U-200:MTAS,SCSCF,U:SCSCF,PCSCF,U:PCSCF,SCSCF,U-200:SCSCF,MTAS,U-200:MTAS,SCSCF,U:SCSCF,PCSCF,U:PCSCF,SCSCF,U-200:SCSCF,MTAS,U-200:PCSCF,SCSCF,B:SCSCF,MTAS,B:MTAS,SCSCF,B:PCSCF,SCSCF,B:MTAS,SCSCF,B:SCSCF,PCSCF,B:SCSCF,PCSCF,B-200:PCSCF,SCSCF,B-200:SCSCF,MTAS,B-200:MTAS,SCSCF,B-200:SCSCF,PCSCF,B-200"
531,531,0,0,0.9873618,"GTW,ICSCF,I:ICSCF,GTW,T:SCSCF,ASLI,I:ASLI,SCSCF,T:ASLI,SCSCF,I-500:SCSCF,ASLI,A:SCSCF,MTAS,I:MTAS,SCSCF,T:MTAS,SCSCF,I:SCSCF,MTAS,T:SCSCF,PCSCF,I:PCSCF,SCSCF,T:PCSCF,SCSCF,R:SCSCF,MTAS,R:MTAS,SCSCF,R:ICSCF,GTW,R:GTW,SCSCF,P:SCSCF,MTAS,P:MTAS,SCSCF,P:SCSCF,PCSCF,P:PCSCF,SCSCF,P-200:SCSCF,MTAS,P-200:MTAS,SCSCF,P-200:SCSCF,GTW,P-200:PCSCF,SCSCF,I-200:SCSCF,MTAS,I-200:MTAS,SCSCF,I-200:ICSCF,GTW,I-200:GTW,SCSCF,A:SCSCF,MTAS,A:MTAS,SCSCF,A:SCSCF,PCSCF,A:MTAS,SCSCF,U:SCSCF,PCSCF,U:PCSCF,SCSCF,U-200:SCSCF,MTAS,U-200:MTAS,SCSCF,U:SCSCF,GTW,U:GTW,SCSCF,U-200:SCSCF,MTAS,U-200:GTW,SCSCF,B:SCSCF,MTAS,B:MTAS,SCSCF,B:SCSCF,PCSCF,B:PCSCF,SCSCF,B-200:SCSCF,MTAS,B-200:MTAS,SCSCF,B-200:SCSCF,GTW,B-200"
532,532,0,0,0.9363095,"GTW,ICSCF,I:ICSCF,GTW,T:SCSCF,ASLI,I:ASLI,SCSCF,T:ASLI,SCSCF,I-500:SCSCF,MTAS,I:SCSCF,ASLI,A:MTAS,SCSCF,T:MTAS,SCSCF,I:SCSCF,MTAS,T:SCSCF,PCSCF,I:PCSCF,SCSCF,T:PCSCF,SCSCF,R:SCSCF,MTAS,R:MTAS,SCSCF,R:ICSCF,GTW,R:GTW,SCSCF,P:SCSCF,MTAS,P:MTAS,SCSCF,P:SCSCF,PCSCF,P:PCSCF,SCSCF,P-200:SCSCF,MTAS,P-200:MTAS,SCSCF,P-200:SCSCF,GTW,P-200:PCSCF,SCSCF,I-200:SCSCF,MTAS,I-200:MTAS,SCSCF,I-200:ICSCF,GTW,I-200:GTW,SCSCF,A:SCSCF,MTAS,A:MTAS,SCSCF,A:SCSCF,PCSCF,A:MTAS,SCSCF,U:SCSCF,PCSCF,U:SCSCF,GTW,U:GTW,SCSCF,U-200:SCSCF,MTAS,U-200:PCSCF,SCSCF,U-200:SCSCF,MTAS,U-200:GTW,SCSCF,B:SCSCF,MTAS,B:MTAS,SCSCF,B:SCSCF,PCSCF,B:PCSCF,SCSCF,B-200:SCSCF,MTAS,B-200:MTAS,SCSCF,B-200:SCSCF,GTW,B-200"
533,533,0,1,0.28259507,"PCSCF,SCSCF,I:SCSCF,PCSCF,T:SCSCF,PCSCF,I-407:PCSCF,SCSCF,A:PCSCF,SCSCF,I:SCSCF,PCSCF,T:SCSCF,ASLI,I:ASLI,SCSCF,T:ASLI,SCSCF,I-500:SCSCF,ASLI,A:MTAS,SCSCF,I:SCSCF,MTAS,T:SCSCF,GTW,I:GTW,SCSCF,T:GTW,SCSCF,S:SCSCF,MTAS,S:SCSCF,PCSCF,S:PCSCF,SCSCF,P:SCSCF,MTAS,P:MTAS,SCSCF,P:SCSCF,GTW,P:GTW,SCSCF,P-200:SCSCF,MTAS,P-200:MTAS,SCSCF,P-200:SCSCF,PCSCF,P-200:GTW,SCSCF,R:SCSCF,MTAS,R:SCSCF,PCSCF,R:PCSCF,SCSCF,P:SCSCF,MTAS,P:MTAS,SCSCF,P:SCSCF,GTW,P:GTW,SCSCF,P-200:SCSCF,MTAS,P-200:MTAS,SCSCF,P-200:SCSCF,PCSCF,P-200:GTW,SCSCF,I-486:SCSCF,GTW,A:SCSCF,MTAS,I-486:MTAS,SCSCF,A:SCSCF,PCSCF,I-486:PCSCF,SCSCF,A"
534,534,0,1,0.45695117,"MTAS,ICSCF,I:ICSCF,MTAS,T:SCSCF,ASLI,I:ASLI,SCSCF,T:ASLI,SCSCF,I-500:SCSCF,ASLI,A:SCSCF,ASLI,I:ASLI,SCSCF,T:ASLI,SCSCF,I-500:SCSCF,ASLI,A:SCSCF,MTAS,I:MTAS,SCSCF,T:MTAS,SCSCF,I:SCSCF,MTAS,T:SCSCF,PCSCF,I:PCSCF,SCSCF,T:SCSCF,PCSCF,I:PCSCF,SCSCF,R:SCSCF,MTAS,R:MTAS,SCSCF,R:ICSCF,MTAS,R:MTAS,SCSCF,P:SCSCF,MTAS,P:MTAS,SCSCF,P:PCSCF,SCSCF,T:SCSCF,PCSCF,P:PCSCF,SCSCF,P-200:SCSCF,MTAS,P-200:MTAS,SCSCF,P-200:SCSCF,MTAS,P-200:PCSCF,SCSCF,I-408:SCSCF,PCSCF,A:PCSCF,SCSCF,I-200:SCSCF,MTAS,I-200:MTAS,SCSCF,I-200:ICSCF,MTAS,I-200:MTAS,SCSCF,A:SCSCF,MTAS,A:MTAS,SCSCF,A:SCSCF,PCSCF,A:PCSCF,SCSCF,B:SCSCF,MTAS,B:MTAS,SCSCF,B:SCSCF,MTAS,B:MTAS,SCSCF,B-200:SCSCF,MTAS,B-200:MTAS,SCSCF,B-200:SCSCF,PCSCF,B-200"
535,535,0,0,0.9455718,"PCSCF,SCSCF,I:SCSCF,PCSCF,T:SCSCF,PCSCF,I-407:PCSCF,SCSCF,A:PCSCF,SCSCF,I:SCSCF,PCSCF,T:SCSCF,ASLI,I:ASLI,SCSCF,T:ASLI,SCSCF,I-500:SCSCF,ASLI,A:MTAS,SCSCF,I:SCSCF,MTAS,T:SCSCF,GTW,I:GTW,SCSCF,T:GTW,SCSCF,R:SCSCF,MTAS,R:SCSCF,PCSCF,R:PCSCF,SCSCF,P:SCSCF,MTAS,P:MTAS,SCSCF,P:SCSCF,GTW,P:GTW,SCSCF,P-200:SCSCF,MTAS,P-200:MTAS,SCSCF,P-200:SCSCF,PCSCF,P-200:GTW,SCSCF,I-200:SCSCF,MTAS,I-200:SCSCF,PCSCF,I-200:PCSCF,SCSCF,A:SCSCF,MTAS,A:MTAS,SCSCF,A:SCSCF,GTW,A:GTW,SCSCF,B:MTAS,SCSCF,B:SCSCF,PCSCF,B:PCSCF,SCSCF,B-200:SCSCF,MTAS,B-200:SCSCF,GTW,B-200"
536,536,0,1,0.33566236,"PCSCF,SCSCF,I:SCSCF,PCSCF,T:SCSCF,PCSCF,I-407:PCSCF,SCSCF,A:PCSCF,SCSCF,I:SCSCF,PCSCF,T:SCSCF,ASLI,I:ASLI,SCSCF,T:ASLI,SCSCF,I-500:SCSCF,ASLI,A:MTAS,SCSCF,I:SCSCF,MTAS,T:SCSCF,GTW,I:GTW,SCSCF,T:GTW,SCSCF,S:SCSCF,MTAS,S:SCSCF,PCSCF,S:PCSCF,SCSCF,P:SCSCF,MTAS,P:MTAS,SCSCF,P:SCSCF,GTW,P:GTW,SCSCF,P-200:SCSCF,MTAS,P-200:MTAS,SCSCF,P-200:SCSCF,PCSCF,P-200:GTW,SCSCF,S:SCSCF,MTAS,S:SCSCF,PCSCF,S:PCSCF,SCSCF,P:SCSCF,MTAS,P:MTAS,SCSCF,P:SCSCF,GTW,P:GTW,SCSCF,P-200:SCSCF,MTAS,P-200:MTAS,SCSCF,P-200:SCSCF,PCSCF,P-200:GTW,SCSCF,R:SCSCF,MTAS,R:SCSCF,PCSCF,R:PCSCF,SCSCF,P:SCSCF,MTAS,P:MTAS,SCSCF,P:SCSCF,GTW,P:GTW,SCSCF,P-200:SCSCF,MTAS,P-200:MTAS,SCSCF,P-200:SCSCF,PCSCF,P-200:GTW,SCSCF,I-200:SCSCF,MTAS,I-200:SCSCF,PCSCF,I-200:PCSCF,SCSCF,A:SCSCF,MTAS,A:MTAS,SCSCF,A:SCSCF,GTW,A:MTAS,SCSCF,U:SCSCF,GTW,U:GTW,SCSCF,U-200:SCSCF,PCSCF,U:SCSCF,MTAS,U-200:PCSCF,SCSCF,U-200:SCSCF,MTAS,U-200:PCSCF,SCSCF,B:SCSCF,MTAS,B:MTAS,SCSCF,B:SCSCF,GTW,B:GTW,SCSCF,B-200:SCSCF,MTAS,B-200:MTAS,SCSCF,B-200:SCSCF,PCSCF,B-200"
537,537,0,1,0.44954348,"PCSCF,SCSCF,I:SCSCF,ASLI,I:ASLI,SCSCF,T:ASLI,SCSCF,I-500:SCSCF,ASLI,A:SCSCF,PCSCF,T:MTAS,SCSCF,I:SCSCF,MTAS,T:SCSCF,GTW,I:GTW,SCSCF,T:GTW,SCSCF,S:SCSCF,MTAS,S:SCSCF,PCSCF,S:PCSCF,SCSCF,P:MTAS,SCSCF,P:SCSCF,GTW,P:GTW,SCSCF,P-200:GTW,SCSCF,I-200:SCSCF,MTAS,P-200:SCSCF,MTAS,I-200:SCSCF,PCSCF,P-200:SCSCF,PCSCF,I-200:PCSCF,SCSCF,A:SCSCF,MTAS,A:MTAS,SCSCF,A:SCSCF,GTW,A:PCSCF,SCSCF,B:MTAS,SCSCF,B:SCSCF,GTW,B:GTW,SCSCF,B-200:SCSCF,MTAS,B-200:SCSCF,PCSCF,B-200"
538,538,0,1,0.21324912,"GTW,ICSCF,I:ICSCF,GTW,T:SCSCF,ASLI,I:ASLI,SCSCF,T:ASLI,SCSCF,I-500:SCSCF,ASLI,A:SCSCF,MTAS,I:MTAS,SCSCF,T:MTAS,SCSCF,W:ICSCF,GTW,W:MTAS,SCSCF,I:SCSCF,MTAS,T:SCSCF,GTW,I:GTW,SCSCF,T:GTW,SCSCF,S:SCSCF,MTAS,S:MTAS,SCSCF,S:ICSCF,GTW,S:GTW,SCSCF,P:SCSCF,MTAS,P:MTAS,SCSCF,P:SCSCF,GTW,P:GTW,SCSCF,P-200:SCSCF,MTAS,P-200:MTAS,SCSCF,P-200:SCSCF,GTW,P-200:GTW,SCSCF,R:SCSCF,MTAS,R:MTAS,SCSCF,R:ICSCF,GTW,R:GTW,SCSCF,P:SCSCF,MTAS,P:MTAS,SCSCF,P:SCSCF,GTW,P:GTW,SCSCF,P-200:SCSCF,MTAS,P-200:MTAS,SCSCF,P-200:SCSCF,GTW,P-200:GTW,SCSCF,I-200:SCSCF,MTAS,I-200:MTAS,SCSCF,I-200:ICSCF,GTW,I-200:GTW,SCSCF,A:SCSCF,MTAS,A:MTAS,SCSCF,A:SCSCF,GTW,A:MTAS,SCSCF,U:SCSCF,GTW,U:GTW,SCSCF,U-200:SCSCF,MTAS,U-200:MTAS,SCSCF,U:SCSCF,GTW,U:GTW,SCSCF,U-200:SCSCF,MTAS,U-200:MTAS,SCSCF,U:SCSCF,GTW,U:GTW,SCSCF,U-200:SCSCF,GTW,U:SCSCF,MTAS,U-200:GTW,SCSCF,U-200:SCSCF,MTAS,U-200:MTAS,SCSCF,U:SCSCF,GTW,U:SCSCF,GTW,U:GTW,SCSCF,U-200:SCSCF,MTAS,U-200:GTW,SCSCF,U-200:SCSCF,MTAS,U-200:MTAS,SCSCF,U:SCSCF,GTW,U:GTW,SCSCF,U-200:SCSCF,MTAS,U-200:MTAS,SCSCF,U:SCSCF,MTAS,U-200:SCSCF,GTW,U:GTW,SCSCF,U-200:GTW,SCSCF,B:SCSCF,MTAS,B:MTAS,SCSCF,B:SCSCF,GTW,B:GTW,SCSCF,B-200:SCSCF,MTAS,B-200:MTAS,SCSCF,B-200:SCSCF,GTW,B-200"
539,539,0,1,0.51484674,"PCSCF,SCSCF,I:SCSCF,ASLI,I:ASLI,SCSCF,T:ASLI,SCSCF,I-500:MTAS,SCSCF,I:SCSCF,MTAS,T:SCSCF,ASLI,A:SCSCF,GTW,I:GTW,SCSCF,T:SCSCF,PCSCF,T:GTW,SCSCF,R:SCSCF,MTAS,R:SCSCF,PCSCF,R:PCSCF,SCSCF,P:SCSCF,MTAS,P:MTAS,SCSCF,P:SCSCF,GTW,P:GTW,SCSCF,P-200:SCSCF,MTAS,P-200:MTAS,SCSCF,P-200:SCSCF,PCSCF,P-200:GTW,SCSCF,I-200:SCSCF,MTAS,I-200:SCSCF,PCSCF,I-200:PCSCF,SCSCF,A:SCSCF,MTAS,A:MTAS,SCSCF,A:SCSCF,GTW,A:GTW,SCSCF,B:MTAS,SCSCF,B:SCSCF,PCSCF,B:PCSCF,SCSCF,B-200:SCSCF,MTAS,B-200:SCSCF,GTW,B-200"
540,540,0,1,0.6193844,"PCSCF,SCSCF,I:SCSCF,PCSCF,T:SCSCF,ASLI,I:ASLI,SCSCF,T:ASLI,SCSCF,I-500:SCSCF,ASLI,A:MTAS,SCSCF,I:SCSCF,MTAS,T:SCSCF,GTW,I:GTW,SCSCF,T:GTW,SCSCF,R:SCSCF,MTAS,R:SCSCF,PCSCF,R:PCSCF,SCSCF,P:MTAS,SCSCF,P:SCSCF,GTW,P:GTW,SCSCF,P-200:SCSCF,MTAS,P-200:SCSCF,PCSCF,P-200:GTW,SCSCF,I-200:SCSCF,MTAS,I-200:SCSCF,PCSCF,I-200:PCSCF,SCSCF,A:SCSCF,MTAS,A:MTAS,SCSCF,A:SCSCF,GTW,A:MTAS,SCSCF,U:SCSCF,GTW,U:GTW,SCSCF,U-200:SCSCF,PCSCF,U:SCSCF,MTAS,U-200:PCSCF,SCSCF,U-200:SCSCF,MTAS,U-200:PCSCF,SCSCF,B:SCSCF,MTAS,B:MTAS,SCSCF,B:SCSCF,GTW,B:GTW,SCSCF,B-200:SCSCF,MTAS,B-200:MTAS,SCSCF,B-200:SCSCF,PCSCF,B-200"
541,541,0,1,0.7818566,"PCSCF,SCSCF,I:SCSCF,ASLI,I:ASLI,SCSCF,T:ASLI,SCSCF,I-500:SCSCF,PCSCF,T:SCSCF,ASLI,A:MTAS,SCSCF,I:SCSCF,MTAS,T:SCSCF,GTW,I:GTW,SCSCF,T:GTW,SCSCF,S:SCSCF,MTAS,S:SCSCF,PCSCF,S:PCSCF,SCSCF,P:SCSCF,MTAS,P:MTAS,SCSCF,P:SCSCF,GTW,P:GTW,SCSCF,P-200:SCSCF,MTAS,P-200:MTAS,SCSCF,P-200:SCSCF,PCSCF,P-200:GTW,SCSCF,R:SCSCF,MTAS,R:SCSCF,PCSCF,R:PCSCF,SCSCF,P:SCSCF,MTAS,P:MTAS,SCSCF,P:SCSCF,GTW,P:GTW,SCSCF,P-200:SCSCF,MTAS,P-200:MTAS,SCSCF,P-200:SCSCF,PCSCF,P-200:GTW,SCSCF,I-200:SCSCF,MTAS,I-200:SCSCF,PCSCF,I-200:PCSCF,SCSCF,A:SCSCF,MTAS,A:MTAS,SCSCF,A:SCSCF,GTW,A:PCSCF,SCSCF,B:SCSCF,MTAS,B:MTAS,SCSCF,B:SCSCF,GTW,B:GTW,SCSCF,B-200:SCSCF,MTAS,B-200:MTAS,SCSCF,B-200:SCSCF,PCSCF,B-200"
542,542,0,1,0.327279,"PCSCF,SCSCF,I:SCSCF,PCSCF,T:SCSCF,ASLI,I:ASLI,SCSCF,T:ASLI,SCSCF,I-500:SCSCF,ASLI,A:MTAS,SCSCF,I:SCSCF,MTAS,T:SCSCF,GTW,I:GTW,SCSCF,T:GTW,SCSCF,S:SCSCF,MTAS,S:SCSCF,PCSCF,S:PCSCF,SCSCF,P:SCSCF,MTAS,P:MTAS,SCSCF,P:SCSCF,GTW,P:GTW,SCSCF,P-200:SCSCF,MTAS,P-200:MTAS,SCSCF,P-200:SCSCF,PCSCF,P-200:GTW,SCSCF,S:SCSCF,MTAS,S:SCSCF,PCSCF,S:PCSCF,SCSCF,P:SCSCF,MTAS,P:MTAS,SCSCF,P:SCSCF,GTW,P:GTW,SCSCF,P-200:SCSCF,MTAS,P-200:MTAS,SCSCF,P-200:SCSCF,PCSCF,P-200:GTW,SCSCF,I-200:SCSCF,MTAS,I-200:SCSCF,PCSCF,I-200:PCSCF,SCSCF,A:SCSCF,MTAS,A:MTAS,SCSCF,A:SCSCF,GTW,A:GTW,SCSCF,I:SCSCF,GTW,T:MTAS,SCSCF,I:SCSCF,MTAS,T:SCSCF,PCSCF,I:PCSCF,SCSCF,I-200:SCSCF,MTAS,I-200:SCSCF,GTW,I-200:GTW,SCSCF,A:MTAS,SCSCF,A:SCSCF,PCSCF,A:PCSCF,SCSCF,B:SCSCF,MTAS,B:MTAS,SCSCF,B:SCSCF,GTW,B:GTW,SCSCF,B-200:SCSCF,MTAS,B-200:MTAS,SCSCF,B-200:SCSCF,PCSCF,B-200"
543,543,0,1,0.38069084,"PCSCF,SCSCF,I:SCSCF,ASLI,I:ASLI,SCSCF,T:ASLI,SCSCF,I-500:SCSCF,ASLI,A:SCSCF,PCSCF,T:MTAS,SCSCF,I:SCSCF,MTAS,T:SCSCF,GTW,I:GTW,SCSCF,T:GTW,SCSCF,S:SCSCF,MTAS,S:SCSCF,PCSCF,S:PCSCF,SCSCF,P:SCSCF,MTAS,P:MTAS,SCSCF,P:SCSCF,GTW,P:GTW,SCSCF,P-200:GTW,SCSCF,R:SCSCF,MTAS,P-200:SCSCF,MTAS,R:MTAS,SCSCF,P-200:SCSCF,PCSCF,P-200:SCSCF,PCSCF,R:PCSCF,SCSCF,P:SCSCF,MTAS,P:MTAS,SCSCF,P:SCSCF,GTW,P:GTW,SCSCF,P-200:SCSCF,MTAS,P-200:MTAS,SCSCF,P-200:SCSCF,PCSCF,P-200:GTW,SCSCF,I-200:SCSCF,MTAS,I-200:SCSCF,PCSCF,I-200:PCSCF,SCSCF,A:SCSCF,MTAS,A:MTAS,SCSCF,A:SCSCF,GTW,A:PCSCF,SCSCF,B:SCSCF,MTAS,B:MTAS,SCSCF,B:SCSCF,GTW,B:GTW,SCSCF,B-200:SCSCF,MTAS,B-200:MTAS,SCSCF,B-200:SCSCF,PCSCF,B-200"
544,544,0,1,0.8255148,"GTW,ICSCF,I:ICSCF,GTW,T:SCSCF,ASLI,I:ASLI,SCSCF,T:ASLI,SCSCF,I-500:SCSCF,ASLI,A:SCSCF,MTAS,I:MTAS,SCSCF,T:MTAS,SCSCF,I:SCSCF,MTAS,T:SCSCF,PCSCF,I:PCSCF,SCSCF,T:PCSCF,SCSCF,R:SCSCF,MTAS,R:MTAS,SCSCF,R:ICSCF,GTW,R:GTW,SCSCF,P:SCSCF,MTAS,P:MTAS,SCSCF,P:SCSCF,PCSCF,P:PCSCF,SCSCF,P-200:SCSCF,MTAS,P-200:MTAS,SCSCF,P-200:SCSCF,GTW,P-200:GTW,ICSCF,C:ICSCF,GTW,C-200:SCSCF,MTAS,C:MTAS,SCSCF,C-200:MTAS,SCSCF,C:SCSCF,PCSCF,C:PCSCF,SCSCF,C-200:SCSCF,MTAS,C-200:PCSCF,SCSCF,I-487:SCSCF,MTAS,I-487:MTAS,SCSCF,A:MTAS,SCSCF,I-487:SCSCF,MTAS,A:ICSCF,GTW,I-487:GTW,ICSCF,A:SCSCF,PCSCF,A"
545,545,0,1,0.67711085,"PCSCF,SCSCF,I:SCSCF,PCSCF,T:SCSCF,ASLI,I:ASLI,SCSCF,T:ASLI,SCSCF,I-500:SCSCF,ASLI,A:MTAS,SCSCF,I:SCSCF,MTAS,T:SCSCF,GTW,I:GTW,SCSCF,T:GTW,SCSCF,S:SCSCF,MTAS,S:SCSCF,PCSCF,S:PCSCF,SCSCF,P:MTAS,SCSCF,P:SCSCF,GTW,P:GTW,SCSCF,P-200:GTW,SCSCF,S:SCSCF,MTAS,P-200:SCSCF,MTAS,S:SCSCF,PCSCF,P-200:SCSCF,PCSCF,S:PCSCF,SCSCF,P:MTAS,SCSCF,P:SCSCF,GTW,P:GTW,SCSCF,P-200:SCSCF,MTAS,P-200:SCSCF,PCSCF,P-200:GTW,SCSCF,R:SCSCF,MTAS,R:SCSCF,PCSCF,R:PCSCF,SCSCF,P:MTAS,SCSCF,P:SCSCF,GTW,P:GTW,SCSCF,P-200:SCSCF,MTAS,P-200:SCSCF,PCSCF,P-200:GTW,SCSCF,I-200:SCSCF,MTAS,I-200:SCSCF,PCSCF,I-200:PCSCF,SCSCF,A:SCSCF,MTAS,A:MTAS,SCSCF,A:SCSCF,GTW,A:MTAS,SCSCF,U:SCSCF,GTW,U:GTW,SCSCF,U-200:SCSCF,MTAS,U-200:MTAS,SCSCF,U:SCSCF,PCSCF,U:PCSCF,SCSCF,U-200:SCSCF,MTAS,U-200:PCSCF,SCSCF,B:MTAS,SCSCF,B:SCSCF,GTW,B:GTW,SCSCF,B-200:SCSCF,MTAS,B-200:SCSCF,PCSCF,B-200"
546,546,0,1,0.36854684,"GTW,ICSCF,I:ICSCF,GTW,T:SCSCF,ASLI,I:ASLI,SCSCF,T:ASLI,SCSCF,I-500:SCSCF,MTAS,I:MTAS,SCSCF,T:MTAS,SCSCF,I:SCSCF,MTAS,T:SCSCF,PCSCF,I:PCSCF,SCSCF,T:SCSCF,ASLI,A:PCSCF,SCSCF,R:SCSCF,MTAS,R:MTAS,SCSCF,R:ICSCF,GTW,R:GTW,SCSCF,P:SCSCF,MTAS,P:MTAS,SCSCF,P:SCSCF,PCSCF,P:PCSCF,SCSCF,P-200:SCSCF,MTAS,P-200:MTAS,SCSCF,P-200:SCSCF,GTW,P-200:PCSCF,SCSCF,I-200:SCSCF,MTAS,I-200:MTAS,SCSCF,I-200:ICSCF,GTW,I-200:GTW,SCSCF,A:SCSCF,MTAS,A:MTAS,SCSCF,A:SCSCF,PCSCF,A:GTW,SCSCF,I:SCSCF,GTW,T:SCSCF,MTAS,I:MTAS,SCSCF,T:MTAS,SCSCF,I:SCSCF,MTAS,T:SCSCF,PCSCF,I:PCSCF,SCSCF,I-200:SCSCF,MTAS,I-200:MTAS,SCSCF,I-200:SCSCF,GTW,I-200:GTW,SCSCF,A:SCSCF,MTAS,A:MTAS,SCSCF,A:SCSCF,PCSCF,A:GTW,SCSCF,B:SCSCF,MTAS,B:MTAS,SCSCF,B:SCSCF,PCSCF,B:PCSCF,SCSCF,B-200:SCSCF,MTAS,B-200:MTAS,SCSCF,B-200:SCSCF,GTW,B-200"
547,547,0,1,0.29310828,"PCSCF,SCSCF,I:SCSCF,PCSCF,T:SCSCF,ASLI,I:ASLI,SCSCF,T:ASLI,SCSCF,I-500:SCSCF,ASLI,A:MTAS,SCSCF,I:SCSCF,MTAS,T:SCSCF,ASLI,I:ASLI,SCSCF,T:ASLI,SCSCF,I-500:SCSCF,MTAS,I:MTAS,SCSCF,T:SCSCF,ASLI,A:MTAS,SCSCF,I-486:SCSCF,MTAS,A:SCSCF,MTAS,I-486:MTAS,SCSCF,A:SCSCF,PCSCF,S:PCSCF,SCSCF,P:SCSCF,MTAS,P:MTAS,SCSCF,P-200:SCSCF,PCSCF,P-200:PCSCF,SCSCF,C:SCSCF,PCSCF,C-200:SCSCF,PCSCF,I-487:PCSCF,SCSCF,A"
548,548,0,1,0.53050745,"PCSCF,SCSCF,I:SCSCF,PCSCF,T:SCSCF,ASLI,I:ASLI,SCSCF,T:ASLI,SCSCF,I-500:SCSCF,ASLI,A:MTAS,SCSCF,I:SCSCF,MTAS,T:SCSCF,GTW,I:GTW,SCSCF,T:GTW,SCSCF,S:SCSCF,MTAS,S:SCSCF,PCSCF,S:PCSCF,SCSCF,P:MTAS,SCSCF,P:SCSCF,GTW,P:GTW,SCSCF,P-200:GTW,SCSCF,S:SCSCF,MTAS,P-200:SCSCF,MTAS,S:SCSCF,PCSCF,P-200:SCSCF,PCSCF,S:PCSCF,SCSCF,P:MTAS,SCSCF,P:SCSCF,GTW,P:GTW,SCSCF,R:GTW,SCSCF,P-200:SCSCF,MTAS,R:SCSCF,MTAS,P-200:SCSCF,PCSCF,P-200:SCSCF,PCSCF,R:PCSCF,SCSCF,P:MTAS,SCSCF,P:SCSCF,GTW,P:GTW,SCSCF,P-200:SCSCF,MTAS,P-200:SCSCF,PCSCF,P-200:GTW,SCSCF,I-200:SCSCF,MTAS,I-200:SCSCF,PCSCF,I-200:PCSCF,SCSCF,A:SCSCF,MTAS,A:MTAS,SCSCF,A:SCSCF,GTW,A:PCSCF,SCSCF,B:MTAS,SCSCF,B:SCSCF,GTW,B:GTW,SCSCF,B-200:SCSCF,MTAS,B-200:SCSCF,PCSCF,B-200"
549,549,0,1,0.39871666,"PCSCF,SCSCF,I:SCSCF,ASLI,I:ASLI,SCSCF,T:SCSCF,PCSCF,T:ASLI,SCSCF,I-500:SCSCF,ASLI,A:MTAS,SCSCF,I:SCSCF,MTAS,T:SCSCF,GTW,I:GTW,SCSCF,T:GTW,SCSCF,S:SCSCF,MTAS,S:SCSCF,PCSCF,S:PCSCF,SCSCF,P:MTAS,SCSCF,P:SCSCF,GTW,P:GTW,SCSCF,P-200:GTW,SCSCF,S:SCSCF,MTAS,S:SCSCF,MTAS,P-200:SCSCF,PCSCF,P-200:SCSCF,PCSCF,S:PCSCF,SCSCF,P:MTAS,SCSCF,P:SCSCF,GTW,P:GTW,SCSCF,P-200:SCSCF,MTAS,P-200:SCSCF,PCSCF,P-200:GTW,SCSCF,R:SCSCF,MTAS,R:SCSCF,PCSCF,R:PCSCF,SCSCF,P:MTAS,SCSCF,P:SCSCF,GTW,P:GTW,SCSCF,P-200:SCSCF,MTAS,P-200:SCSCF,PCSCF,P-200:GTW,SCSCF,I-200:SCSCF,MTAS,I-200:SCSCF,PCSCF,I-200:PCSCF,SCSCF,A:SCSCF,MTAS,A:MTAS,SCSCF,A:SCSCF,GTW,A:GTW,SCSCF,B:MTAS,SCSCF,B:SCSCF,PCSCF,B:PCSCF,SCSCF,B-200:SCSCF,MTAS,B-200:SCSCF,GTW,B-200"
550,550,0,1,0.7810636,"GTW,ICSCF,I:ICSCF,GTW,T:SCSCF,ASLI,I:ASLI,SCSCF,T:ASLI,SCSCF,I-500:SCSCF,ASLI,A:SCSCF,MTAS,I:MTAS,SCSCF,T:MTAS,SCSCF,I:SCSCF,MTAS,T:MTAS,SCSCF,W:ICSCF,GTW,W:SCSCF,GTW,I:GTW,SCSCF,T:GTW,SCSCF,S:SCSCF,MTAS,S:MTAS,SCSCF,S:ICSCF,GTW,S:GTW,SCSCF,P:SCSCF,MTAS,P:MTAS,SCSCF,P:SCSCF,GTW,P:GTW,SCSCF,P-200:SCSCF,MTAS,P-200:GTW,SCSCF,S:SCSCF,GTW,P-200:MTAS,SCSCF,P-200:SCSCF,MTAS,S:MTAS,SCSCF,S:ICSCF,GTW,S:GTW,SCSCF,P:SCSCF,MTAS,P:MTAS,SCSCF,P:SCSCF,GTW,P:GTW,SCSCF,P-200:GTW,SCSCF,S:SCSCF,MTAS,P-200:SCSCF,GTW,P-200:MTAS,SCSCF,P-200:SCSCF,MTAS,S:MTAS,SCSCF,S:ICSCF,GTW,S:GTW,SCSCF,P:SCSCF,MTAS,P:MTAS,SCSCF,P:SCSCF,GTW,P:GTW,SCSCF,P-200:SCSCF,MTAS,P-200:MTAS,SCSCF,P-200:SCSCF,GTW,P-200:GTW,SCSCF,R:SCSCF,MTAS,R:MTAS,SCSCF,R:ICSCF,GTW,R:GTW,SCSCF,P:SCSCF,MTAS,P:MTAS,SCSCF,P:SCSCF,GTW,P:GTW,SCSCF,P-200:SCSCF,MTAS,P-200:MTAS,SCSCF,P-200:SCSCF,GTW,P-200:GTW,SCSCF,I-200:SCSCF,MTAS,I-200:MTAS,SCSCF,I-200:ICSCF,GTW,I-200:GTW,SCSCF,A:SCSCF,MTAS,A:MTAS,SCSCF,A:SCSCF,GTW,A:GTW,SCSCF,B:SCSCF,MTAS,B:MTAS,SCSCF,B:SCSCF,GTW,B:GTW,SCSCF,B-200:SCSCF,MTAS,B-200:SCSCF,GTW,B-200:MTAS,SCSCF,B-200"
551,551,0,1,0.47136876,"PCSCF,SCSCF,I:SCSCF,ASLI,I:ASLI,SCSCF,T:ASLI,SCSCF,I-500:SCSCF,ASLI,A:SCSCF,PCSCF,T:MTAS,SCSCF,I:SCSCF,MTAS,T:SCSCF,GTW,I:GTW,SCSCF,T:GTW,SCSCF,S:SCSCF,MTAS,S:SCSCF,PCSCF,S:PCSCF,SCSCF,P:SCSCF,MTAS,P:MTAS,SCSCF,P:SCSCF,GTW,P:GTW,SCSCF,P-200:SCSCF,MTAS,P-200:MTAS,SCSCF,P-200:SCSCF,PCSCF,P-200:GTW,SCSCF,I-200:SCSCF,MTAS,I-200:SCSCF,PCSCF,I-200:PCSCF,SCSCF,A:SCSCF,MTAS,A:MTAS,SCSCF,A:SCSCF,GTW,A:PCSCF,SCSCF,B:SCSCF,MTAS,B:MTAS,SCSCF,B:SCSCF,GTW,B:GTW,SCSCF,B-200:SCSCF,MTAS,B-200:MTAS,SCSCF,B-200:SCSCF,PCSCF,B-200"
552,552,0,1,0.5956254,"GTW,ICSCF,I:ICSCF,GTW,T:SCSCF,ASLI,I:ASLI,SCSCF,T:ASLI,SCSCF,I-500:SCSCF,ASLI,A:SCSCF,MTAS,I:MTAS,SCSCF,T:MTAS,SCSCF,S:ICSCF,GTW,S:GTW,SCSCF,P:SCSCF,MTAS,P:MTAS,SCSCF,P-200:SCSCF,GTW,P-200:GTW,ICSCF,C:ICSCF,GTW,C-200:SCSCF,MTAS,C:MTAS,SCSCF,C-200:MTAS,SCSCF,I-603:SCSCF,MTAS,A:ICSCF,GTW,I-603:GTW,ICSCF,A"
553,553,0,1,0.37327963,"PCSCF,SCSCF,I:SCSCF,PCSCF,T:SCSCF,PCSCF,I-407:PCSCF,SCSCF,A:PCSCF,SCSCF,I:SCSCF,ASLI,I:SCSCF,PCSCF,T:ASLI,SCSCF,T:ASLI,SCSCF,I-500:SCSCF,ASLI,A:MTAS,SCSCF,I:SCSCF,MTAS,T:SCSCF,GTW,I:GTW,SCSCF,T:GTW,SCSCF,I-200:SCSCF,MTAS,I-200:SCSCF,PCSCF,I-200:PCSCF,SCSCF,A:SCSCF,MTAS,A:MTAS,SCSCF,A:SCSCF,GTW,A:GTW,SCSCF,B:MTAS,SCSCF,B:SCSCF,PCSCF,B:PCSCF,SCSCF,B-200:SCSCF,MTAS,B-200:SCSCF,GTW,B-200"
554,554,0,1,0.28193963,"PCSCF,SCSCF,I:SCSCF,PCSCF,T:SCSCF,PCSCF,I-407:PCSCF,SCSCF,A:PCSCF,SCSCF,I:SCSCF,ASLI,I:ASLI,SCSCF,T:SCSCF,PCSCF,T:ASLI,SCSCF,I-500:SCSCF,ASLI,A:MTAS,SCSCF,I:SCSCF,MTAS,T:SCSCF,GTW,I:GTW,SCSCF,T:GTW,SCSCF,S:SCSCF,MTAS,S:SCSCF,PCSCF,S:PCSCF,SCSCF,P:MTAS,SCSCF,P:SCSCF,GTW,P:GTW,SCSCF,P-200:SCSCF,MTAS,P-200:SCSCF,PCSCF,P-200:GTW,SCSCF,R:SCSCF,MTAS,R:SCSCF,PCSCF,R:PCSCF,SCSCF,P:MTAS,SCSCF,P:SCSCF,GTW,P:GTW,SCSCF,P-200:SCSCF,MTAS,P-200:SCSCF,PCSCF,P-200:GTW,SCSCF,I-200:SCSCF,MTAS,I-200:SCSCF,PCSCF,I-200:PCSCF,SCSCF,A:SCSCF,MTAS,A:MTAS,SCSCF,A:SCSCF,GTW,A:GTW,SCSCF,I:SCSCF,GTW,T:MTAS,SCSCF,I:SCSCF,MTAS,T:SCSCF,PCSCF,I:PCSCF,SCSCF,I-200:SCSCF,MTAS,I-200:SCSCF,GTW,I-200:GTW,SCSCF,A:MTAS,SCSCF,A:SCSCF,PCSCF,A:MTAS,SCSCF,U:SCSCF,GTW,U:GTW,SCSCF,U-200:SCSCF,MTAS,U-200:SCSCF,PCSCF,U:PCSCF,SCSCF,U-200:SCSCF,MTAS,U-200:PCSCF,SCSCF,B:MTAS,SCSCF,B:SCSCF,GTW,B:GTW,SCSCF,B-200:SCSCF,MTAS,B-200:SCSCF,PCSCF,B-200"
555,555,0,0,0.9859491,"GTW,ICSCF,I:ICSCF,GTW,T:SCSCF,ASLI,I:ASLI,SCSCF,T:ASLI,SCSCF,I-500:SCSCF,ASLI,A:SCSCF,MTAS,I:MTAS,SCSCF,T:MTAS,SCSCF,I:SCSCF,MTAS,T:SCSCF,PCSCF,I:PCSCF,SCSCF,T:PCSCF,SCSCF,R:SCSCF,MTAS,R:MTAS,SCSCF,R:ICSCF,GTW,R:GTW,SCSCF,P:SCSCF,MTAS,P:MTAS,SCSCF,P:SCSCF,PCSCF,P:PCSCF,SCSCF,P-200:SCSCF,MTAS,P-200:SCSCF,GTW,P-200:MTAS,SCSCF,P-200:PCSCF,SCSCF,I-200:SCSCF,MTAS,I-200:MTAS,SCSCF,I-200:ICSCF,GTW,I-200:GTW,SCSCF,A:SCSCF,MTAS,A:MTAS,SCSCF,A:SCSCF,PCSCF,A:MTAS,SCSCF,U:SCSCF,PCSCF,U:PCSCF,SCSCF,U-200:SCSCF,MTAS,U-200:MTAS,SCSCF,U:SCSCF,GTW,U:GTW,SCSCF,U-200:SCSCF,MTAS,U-200:MTAS,SCSCF,U:SCSCF,PCSCF,U:PCSCF,SCSCF,U-200:SCSCF,MTAS,U-200:MTAS,SCSCF,U:SCSCF,GTW,U:GTW,SCSCF,U-200:SCSCF,MTAS,U-200:PCSCF,SCSCF,B:SCSCF,MTAS,B:MTAS,SCSCF,B:SCSCF,GTW,B:GTW,SCSCF,B-200:SCSCF,MTAS,B-200:MTAS,SCSCF,B-200:SCSCF,PCSCF,B-200"
556,556,0,1,0.6278995,"GTW,ICSCF,I:ICSCF,GTW,T:SCSCF,ASLI,I:ASLI,SCSCF,T:ASLI,SCSCF,I-500:SCSCF,ASLI,A:SCSCF,MTAS,I:MTAS,SCSCF,I:MTAS,SCSCF,T:SCSCF,MTAS,T:SCSCF,PCSCF,I:PCSCF,SCSCF,T:PCSCF,SCSCF,R:SCSCF,MTAS,R:MTAS,SCSCF,R:ICSCF,GTW,R:GTW,SCSCF,P:SCSCF,MTAS,P:MTAS,SCSCF,P:SCSCF,PCSCF,P:PCSCF,SCSCF,P-200:SCSCF,MTAS,P-200:MTAS,SCSCF,P-200:SCSCF,GTW,P-200:GTW,ICSCF,C:ICSCF,GTW,C-200:SCSCF,MTAS,C:MTAS,SCSCF,C-200:MTAS,SCSCF,C:SCSCF,MTAS,C-200:SCSCF,PCSCF,C:PCSCF,SCSCF,C-200:PCSCF,SCSCF,I-487:SCSCF,PCSCF,A:SCSCF,MTAS,I-487:MTAS,SCSCF,A:MTAS,SCSCF,I-487:SCSCF,MTAS,A:ICSCF,GTW,I-487:GTW,ICSCF,A"
557,557,0,1,0.77140886,"PCSCF,SCSCF,I:SCSCF,PCSCF,T:SCSCF,ASLI,I:ASLI,SCSCF,T:ASLI,SCSCF,I-500:SCSCF,ASLI,A:MTAS,SCSCF,I:SCSCF,MTAS,T:SCSCF,GTW,I:GTW,SCSCF,T:GTW,SCSCF,S:SCSCF,MTAS,S:SCSCF,PCSCF,S:PCSCF,SCSCF,P:MTAS,SCSCF,P:SCSCF,GTW,P:GTW,SCSCF,P-200:SCSCF,MTAS,P-200:SCSCF,PCSCF,P-200:GTW,SCSCF,R:SCSCF,MTAS,R:GTW,SCSCF,I-200:SCSCF,MTAS,I-200:SCSCF,PCSCF,R:PCSCF,SCSCF,P:SCSCF,PCSCF,I-200:MTAS,SCSCF,P:SCSCF,GTW,P:GTW,SCSCF,P-200:SCSCF,MTAS,P-200:PCSCF,SCSCF,A:SCSCF,MTAS,A:MTAS,SCSCF,A:SCSCF,GTW,A:SCSCF,PCSCF,P-200:GTW,SCSCF,B:MTAS,SCSCF,B:SCSCF,PCSCF,B:PCSCF,SCSCF,B-200:SCSCF,MTAS,B-200:SCSCF,GTW,B-200"
558,558,0,1,0.7465813,"PCSCF,SCSCF,I:SCSCF,PCSCF,T:SCSCF,ASLI,I:ASLI,SCSCF,T:ASLI,SCSCF,I-500:SCSCF,ASLI,A:MTAS,SCSCF,I:SCSCF,MTAS,T:SCSCF,GTW,I:GTW,SCSCF,T:GTW,SCSCF,I-504:SCSCF,GTW,A:SCSCF,MTAS,I-504:MTAS,SCSCF,A:SCSCF,PCSCF,I-504:PCSCF,SCSCF,A"
559,559,0,1,0.20799206,"GTW,ICSCF,I:ICSCF,GTW,T:SCSCF,ASLI,I:ASLI,SCSCF,T:ASLI,SCSCF,I-500:SCSCF,ASLI,A:SCSCF,MTAS,I:MTAS,SCSCF,T:MTAS,SCSCF,W:ICSCF,GTW,W:MTAS,SCSCF,I:SCSCF,MTAS,T:SCSCF,GTW,I:GTW,SCSCF,T:GTW,SCSCF,S:SCSCF,MTAS,S:MTAS,SCSCF,S:ICSCF,GTW,S:GTW,SCSCF,P:SCSCF,MTAS,P:MTAS,SCSCF,P:SCSCF,GTW,P:GTW,SCSCF,P-200:SCSCF,MTAS,P-200:MTAS,SCSCF,P-200:SCSCF,GTW,P-200:GTW,SCSCF,R:SCSCF,MTAS,R:MTAS,SCSCF,R:ICSCF,GTW,R:GTW,SCSCF,P:SCSCF,MTAS,P:MTAS,SCSCF,P:SCSCF,GTW,P:GTW,SCSCF,P-200:SCSCF,MTAS,P-200:MTAS,SCSCF,P-200:SCSCF,GTW,P-200:GTW,ICSCF,C:ICSCF,GTW,C-200:SCSCF,MTAS,C:MTAS,SCSCF,C-200:MTAS,SCSCF,I-487:SCSCF,MTAS,A:ICSCF,GTW,I-487:MTAS,SCSCF,C:GTW,ICSCF,A:SCSCF,MTAS,C-200:SCSCF,GTW,C:GTW,SCSCF,C-200:GTW,SCSCF,I-487:SCSCF,GTW,A:SCSCF,MTAS,I-487:MTAS,SCSCF,A"
560,560,0,0,0.89061534,"PCSCF,SCSCF,I:SCSCF,ASLI,I:ASLI,SCSCF,T:ASLI,SCSCF,I-500:SCSCF,ASLI,A:MTAS,SCSCF,I:SCSCF,MTAS,T:SCSCF,GTW,I:GTW,SCSCF,T:SCSCF,PCSCF,T:GTW,SCSCF,R:SCSCF,MTAS,R:SCSCF,PCSCF,R:PCSCF,SCSCF,P:MTAS,SCSCF,P:SCSCF,GTW,P:GTW,SCSCF,P-200:SCSCF,MTAS,P-200:SCSCF,PCSCF,P-200:GTW,SCSCF,I-200:SCSCF,MTAS,I-200:SCSCF,PCSCF,I-200:PCSCF,SCSCF,A:SCSCF,MTAS,A:MTAS,SCSCF,A:SCSCF,GTW,A:GTW,SCSCF,I:SCSCF,GTW,T:MTAS,SCSCF,I:SCSCF,MTAS,T:SCSCF,PCSCF,I:PCSCF,SCSCF,I-200:SCSCF,MTAS,I-200:SCSCF,GTW,I-200:GTW,SCSCF,A:MTAS,SCSCF,A:SCSCF,PCSCF,A:PCSCF,SCSCF,B:MTAS,SCSCF,B:SCSCF,GTW,B:GTW,SCSCF,B-200:SCSCF,MTAS,B-200:SCSCF,PCSCF,B-200"
561,561,0,0,0.91322917,"PCSCF,SCSCF,I:SCSCF,PCSCF,T:SCSCF,ASLI,I:ASLI,SCSCF,T:ASLI,SCSCF,I-500:SCSCF,ASLI,A:MTAS,SCSCF,I:SCSCF,MTAS,T:SCSCF,GTW,I:GTW,SCSCF,T:GTW,SCSCF,S:SCSCF,MTAS,S:SCSCF,PCSCF,S:PCSCF,SCSCF,P:SCSCF,MTAS,P:MTAS,SCSCF,P:SCSCF,GTW,P:GTW,SCSCF,P-200:GTW,SCSCF,R:SCSCF,MTAS,P-200:MTAS,SCSCF,P-200:SCSCF,MTAS,R:SCSCF,PCSCF,P-200:SCSCF,PCSCF,R:PCSCF,SCSCF,P:SCSCF,MTAS,P:MTAS,SCSCF,P:SCSCF,GTW,P:GTW,SCSCF,P-200:SCSCF,MTAS,P-200:MTAS,SCSCF,P-200:SCSCF,PCSCF,P-200:PCSCF,SCSCF,C:SCSCF,PCSCF,C-200:MTAS,SCSCF,C:SCSCF,MTAS,C-200:SCSCF,GTW,C:GTW,SCSCF,C-200:GTW,SCSCF,I-487:SCSCF,GTW,A:SCSCF,MTAS,I-487:MTAS,SCSCF,A:SCSCF,PCSCF,I-487:PCSCF,SCSCF,A"
562,562,0,1,0.45211083,"PCSCF,SCSCF,I:SCSCF,PCSCF,T:SCSCF,PCSCF,I-407:PCSCF,SCSCF,A:PCSCF,SCSCF,I:SCSCF,PCSCF,T:SCSCF,ASLI,I:ASLI,SCSCF,T:ASLI,SCSCF,I-500:SCSCF,ASLI,A:MTAS,SCSCF,I:SCSCF,MTAS,T:SCSCF,GTW,I:GTW,SCSCF,T:GTW,SCSCF,I-200:SCSCF,MTAS,I-200:SCSCF,PCSCF,I-200:PCSCF,SCSCF,A:SCSCF,MTAS,A:MTAS,SCSCF,A:SCSCF,GTW,A:MTAS,SCSCF,U:SCSCF,GTW,U:SCSCF,PCSCF,U:GTW,SCSCF,U-200:SCSCF,MTAS,U-200:PCSCF,SCSCF,U-200:SCSCF,MTAS,U-200:GTW,SCSCF,B:MTAS,SCSCF,B:SCSCF,PCSCF,B:PCSCF,SCSCF,B-200:SCSCF,MTAS,B-200:SCSCF,GTW,B-200"
563,563,0,1,0.63584554,"PCSCF,SCSCF,I:SCSCF,PCSCF,T:SCSCF,ASLI,I:ASLI,SCSCF,T:ASLI,SCSCF,I-500:SCSCF,ASLI,A:MTAS,SCSCF,I:SCSCF,MTAS,T:SCSCF,GTW,I:GTW,SCSCF,T:GTW,SCSCF,S:SCSCF,MTAS,S:SCSCF,PCSCF,S:PCSCF,SCSCF,P:MTAS,SCSCF,P:SCSCF,GTW,P:GTW,SCSCF,P-200:GTW,SCSCF,S:SCSCF,MTAS,S:SCSCF,MTAS,P-200:SCSCF,PCSCF,P-200:SCSCF,PCSCF,S:PCSCF,SCSCF,P:MTAS,SCSCF,P:SCSCF,GTW,P:GTW,SCSCF,P-200:SCSCF,MTAS,P-200:SCSCF,PCSCF,P-200:GTW,SCSCF,R:SCSCF,MTAS,R:SCSCF,PCSCF,R:PCSCF,SCSCF,P:MTAS,SCSCF,P:SCSCF,GTW,P:GTW,SCSCF,P-200:SCSCF,MTAS,P-200:SCSCF,PCSCF,P-200:PCSCF,SCSCF,C:SCSCF,PCSCF,C-200:MTAS,SCSCF,C:SCSCF,MTAS,C-200:SCSCF,GTW,C:GTW,SCSCF,C-200:GTW,SCSCF,I-487:SCSCF,GTW,A:SCSCF,MTAS,I-487:MTAS,SCSCF,A:SCSCF,PCSCF,I-487:PCSCF,SCSCF,A"
564,564,0,1,0.21149595,"GTW,SCSCF,I:SCSCF,GTW,T:SCSCF,SLEVOOSP,I:SLEVOOSP,SCSCF,T:SLEVOOSP,SCSCF,S:SCSCF,GTW,S:GTW,SCSCF,P:SCSCF,SLEVOOSP,P:SLEVOOSP,SCSCF,P-200:SCSCF,GTW,P-200:SLEVOOSP,SCSCF,I-200:SCSCF,GTW,I-200:GTW,SCSCF,A:SCSCF,SLEVOOSP,A:GTW,SCSCF,I:SCSCF,GTW,T:SCSCF,SLEVOOSP,I:SLEVOOSP,SCSCF,T:SLEVOOSP,SCSCF,B:SLEVOOSP,SCSCF,I-488:SCSCF,GTW,B:SCSCF,SLEVOOSP,A:SCSCF,GTW,I-488"
565,565,0,0,0.9958109,"GTW,ICSCF,I:ICSCF,GTW,T:SCSCF,ASLI,I:ASLI,SCSCF,T:ASLI,SCSCF,I-500:SCSCF,ASLI,A:SCSCF,MTAS,I:MTAS,SCSCF,T:MTAS,SCSCF,I:SCSCF,MTAS,T:SCSCF,PCSCF,I:PCSCF,SCSCF,T:PCSCF,SCSCF,R:SCSCF,MTAS,R:MTAS,SCSCF,R:SCSCF,MTAS,P:ICSCF,GTW,R:GTW,SCSCF,P:MTAS,SCSCF,P:SCSCF,PCSCF,P:PCSCF,SCSCF,P-200:SCSCF,MTAS,P-200:MTAS,SCSCF,P-200:SCSCF,GTW,P-200:PCSCF,SCSCF,I-200:SCSCF,MTAS,I-200:MTAS,SCSCF,I-200:ICSCF,GTW,I-200:GTW,SCSCF,A:SCSCF,MTAS,A:MTAS,SCSCF,A:SCSCF,PCSCF,A:GTW,SCSCF,B:SCSCF,MTAS,B:MTAS,SCSCF,B:SCSCF,PCSCF,B:PCSCF,SCSCF,B-200:SCSCF,MTAS,B-200:MTAS,SCSCF,B-200:SCSCF,GTW,B-200"
566,566,0,0,0.96516776,"PCSCF,SCSCF,I:SCSCF,PCSCF,T:SCSCF,PCSCF,I-407:PCSCF,SCSCF,A:PCSCF,SCSCF,I:SCSCF,PCSCF,T:SCSCF,ASLI,I:ASLI,SCSCF,T:ASLI,SCSCF,I-500:SCSCF,ASLI,A:MTAS,SCSCF,I:SCSCF,MTAS,T:SCSCF,GTW,I:GTW,SCSCF,T:GTW,SCSCF,S:SCSCF,MTAS,S:SCSCF,PCSCF,S:PCSCF,SCSCF,P:MTAS,SCSCF,P:SCSCF,GTW,P:GTW,SCSCF,P-200:SCSCF,MTAS,P-200:SCSCF,PCSCF,P-200:GTW,SCSCF,I-200:SCSCF,MTAS,I-200:SCSCF,PCSCF,I-200:PCSCF,SCSCF,A:SCSCF,MTAS,A:MTAS,SCSCF,A:SCSCF,GTW,A:GTW,SCSCF,B:MTAS,SCSCF,B:SCSCF,PCSCF,B:PCSCF,SCSCF,B-200:SCSCF,MTAS,B-200:SCSCF,GTW,B-200"
567,567,0,1,0.19050787,"PCSCF,SCSCF,I:SCSCF,PCSCF,T:SCSCF,ASLI,I:ASLI,SCSCF,T:ASLI,SCSCF,I-500:SCSCF,ASLI,A:MTAS,SCSCF,I:SCSCF,MTAS,T:SCSCF,GTW,I:GTW,SCSCF,T:GTW,SCSCF,R:SCSCF,MTAS,R:SCSCF,PCSCF,R:PCSCF,SCSCF,P:MTAS,SCSCF,P:SCSCF,GTW,P:GTW,SCSCF,P-200:SCSCF,MTAS,P-200:SCSCF,PCSCF,P-200:GTW,SCSCF,I-200:SCSCF,MTAS,I-200:SCSCF,PCSCF,I-200:PCSCF,SCSCF,A:SCSCF,MTAS,A:MTAS,SCSCF,A:SCSCF,GTW,A:MTAS,SCSCF,U:SCSCF,GTW,U:GTW,SCSCF,U-200:SCSCF,MTAS,U-200:MTAS,SCSCF,U:SCSCF,PCSCF,U:PCSCF,SCSCF,U-200:SCSCF,MTAS,U-200:MTAS,SCSCF,U:SCSCF,GTW,U:GTW,SCSCF,U-200:SCSCF,MTAS,U-200:MTAS,SCSCF,U:SCSCF,PCSCF,U:PCSCF,SCSCF,U-200:SCSCF,MTAS,U-200:PCSCF,SCSCF,B:SCSCF,MTAS,B:MTAS,SCSCF,B:SCSCF,GTW,B:GTW,SCSCF,B-200:SCSCF,MTAS,B-200:MTAS,SCSCF,B-200:SCSCF,PCSCF,B-200"
568,568,0,1,0.33319268,"PCSCF,SCSCF,I:SCSCF,PCSCF,T:SCSCF,PCSCF,I-407:PCSCF,SCSCF,A:PCSCF,SCSCF,I:SCSCF,PCSCF,T:SCSCF,ASLI,I:ASLI,SCSCF,T:ASLI,SCSCF,I-500:SCSCF,ASLI,A:MTAS,SCSCF,I:SCSCF,MTAS,T:SCSCF,GTW,I:GTW,SCSCF,T:GTW,SCSCF,S:SCSCF,MTAS,S:SCSCF,PCSCF,S:PCSCF,SCSCF,P:SCSCF,MTAS,P:MTAS,SCSCF,P:SCSCF,GTW,P:GTW,SCSCF,P-200:GTW,SCSCF,W:SCSCF,MTAS,P-200:SCSCF,MTAS,W:MTAS,SCSCF,P-200:SCSCF,PCSCF,P-200:SCSCF,PCSCF,W:PCSCF,SCSCF,P:SCSCF,MTAS,P:MTAS,SCSCF,P:SCSCF,GTW,P:GTW,SCSCF,P-200:GTW,SCSCF,S:SCSCF,MTAS,P-200:SCSCF,MTAS,S:MTAS,SCSCF,P-200:SCSCF,PCSCF,P-200:SCSCF,PCSCF,S:PCSCF,SCSCF,P:SCSCF,MTAS,P:MTAS,SCSCF,P:SCSCF,GTW,P:GTW,SCSCF,P-200:SCSCF,MTAS,P-200:SCSCF,PCSCF,P-200:MTAS,SCSCF,P-200:GTW,SCSCF,I-200:SCSCF,MTAS,I-200:SCSCF,PCSCF,I-200:PCSCF,SCSCF,A:SCSCF,MTAS,A:MTAS,SCSCF,A:SCSCF,GTW,A:GTW,SCSCF,I:SCSCF,GTW,T:MTAS,SCSCF,I:SCSCF,MTAS,T:SCSCF,PCSCF,I:PCSCF,SCSCF,I-200:SCSCF,MTAS,I-200:SCSCF,GTW,I-200:GTW,SCSCF,A:MTAS,SCSCF,A:SCSCF,PCSCF,A:MTAS,SCSCF,U:SCSCF,PCSCF,U:MTAS,SCSCF,U:SCSCF,GTW,U:GTW,SCSCF,U-200:SCSCF,MTAS,U-200:PCSCF,SCSCF,U-200:SCSCF,MTAS,U-200:GTW,SCSCF,B:MTAS,SCSCF,B:SCSCF,PCSCF,B:PCSCF,SCSCF,B-200:SCSCF,MTAS,B-200:SCSCF,GTW,B-200"
569,569,0,1,0.6126929,"PCSCF,SCSCF,I:SCSCF,PCSCF,T:SCSCF,PCSCF,I-407:PCSCF,SCSCF,A:PCSCF,SCSCF,I:SCSCF,PCSCF,T:SCSCF,ASLI,I:ASLI,SCSCF,T:ASLI,SCSCF,I-500:SCSCF,ASLI,A:MTAS,SCSCF,I:SCSCF,MTAS,T:SCSCF,GTW,I:GTW,SCSCF,T:GTW,SCSCF,S:SCSCF,MTAS,S:SCSCF,PCSCF,S:PCSCF,SCSCF,P:MTAS,SCSCF,P:SCSCF,GTW,P:GTW,SCSCF,P-200:GTW,SCSCF,S:SCSCF,MTAS,S:SCSCF,MTAS,P-200:SCSCF,PCSCF,P-200:SCSCF,PCSCF,S:PCSCF,SCSCF,P:SCSCF,GTW,P:MTAS,SCSCF,P:GTW,SCSCF,P-200:SCSCF,MTAS,P-200:SCSCF,PCSCF,P-200:GTW,SCSCF,R:SCSCF,MTAS,R:SCSCF,PCSCF,R:PCSCF,SCSCF,P:MTAS,SCSCF,P:SCSCF,GTW,P:GTW,SCSCF,P-200:SCSCF,MTAS,P-200:SCSCF,PCSCF,P-200:GTW,SCSCF,I-200:SCSCF,MTAS,I-200:SCSCF,PCSCF,I-200:PCSCF,SCSCF,A:SCSCF,MTAS,A:MTAS,SCSCF,A:SCSCF,GTW,A:GTW,SCSCF,B:MTAS,SCSCF,B:SCSCF,PCSCF,B:PCSCF,SCSCF,B-200:SCSCF,MTAS,B-200:SCSCF,GTW,B-200"
570,570,0,0,0.91943455,"GTW,ICSCF,I:ICSCF,GTW,T:SCSCF,ASLI,I:ASLI,SCSCF,T:ASLI,SCSCF,I-500:SCSCF,ASLI,A:SCSCF,MTAS,I:MTAS,SCSCF,T:MTAS,SCSCF,I:SCSCF,MTAS,T:MTAS,SCSCF,W:ICSCF,GTW,W:SCSCF,GTW,I:GTW,SCSCF,T:GTW,SCSCF,S:SCSCF,MTAS,S:MTAS,SCSCF,S:ICSCF,GTW,S:GTW,SCSCF,P:SCSCF,MTAS,P:MTAS,SCSCF,P:SCSCF,GTW,P:GTW,SCSCF,P-200:SCSCF,MTAS,P-200:MTAS,SCSCF,P-200:SCSCF,GTW,P-200:GTW,SCSCF,R:SCSCF,MTAS,R:MTAS,SCSCF,R:ICSCF,GTW,R:GTW,SCSCF,P:SCSCF,MTAS,P:MTAS,SCSCF,P:SCSCF,GTW,P:GTW,SCSCF,P-200:SCSCF,MTAS,P-200:MTAS,SCSCF,P-200:SCSCF,GTW,P-200:GTW,SCSCF,I-200:SCSCF,MTAS,I-200:MTAS,SCSCF,I-200:ICSCF,GTW,I-200:GTW,SCSCF,A:SCSCF,MTAS,A:MTAS,SCSCF,A:SCSCF,GTW,A:MTAS,SCSCF,U:SCSCF,GTW,U:SCSCF,GTW,U:GTW,SCSCF,U-200:SCSCF,MTAS,U-200:GTW,SCSCF,U-200:SCSCF,MTAS,U-200:GTW,SCSCF,B:SCSCF,MTAS,B:MTAS,SCSCF,B:SCSCF,GTW,B:GTW,SCSCF,B-200:SCSCF,MTAS,B-200:MTAS,SCSCF,B-200:SCSCF,GTW,B-200"
571,571,0,0,0.9960322,"GTW,ICSCF,I:ICSCF,GTW,T:SCSCF,ASLI,I:ASLI,SCSCF,T:ASLI,SCSCF,I-500:SCSCF,ASLI,A:SCSCF,MTAS,I:MTAS,SCSCF,T:MTAS,SCSCF,I:SCSCF,MTAS,T:SCSCF,PCSCF,I:PCSCF,SCSCF,T:PCSCF,SCSCF,R:SCSCF,MTAS,R:MTAS,SCSCF,R:ICSCF,GTW,R:GTW,SCSCF,P:SCSCF,MTAS,P:MTAS,SCSCF,P:SCSCF,PCSCF,P:SCSCF,MTAS,P-200:MTAS,SCSCF,P-200:SCSCF,GTW,P-200:PCSCF,SCSCF,P-200:PCSCF,SCSCF,I-200:SCSCF,MTAS,I-200:MTAS,SCSCF,I-200:ICSCF,GTW,I-200:GTW,SCSCF,A:SCSCF,MTAS,A:MTAS,SCSCF,A:SCSCF,PCSCF,A:GTW,SCSCF,B:SCSCF,MTAS,B:MTAS,SCSCF,B:SCSCF,PCSCF,B:PCSCF,SCSCF,B-200:SCSCF,MTAS,B-200:MTAS,SCSCF,B-200:SCSCF,GTW,B-200"
572,572,0,1,0.27827686,"PCSCF,SCSCF,I:SCSCF,PCSCF,T:SCSCF,PCSCF,I-407:PCSCF,SCSCF,A:PCSCF,SCSCF,I:SCSCF,ASLI,I:ASLI,SCSCF,T:ASLI,SCSCF,I-500:SCSCF,ASLI,A:SCSCF,PCSCF,T:MTAS,SCSCF,I:SCSCF,MTAS,T:SCSCF,GTW,I:GTW,SCSCF,T:GTW,SCSCF,S:SCSCF,MTAS,S:SCSCF,PCSCF,S:PCSCF,SCSCF,P:MTAS,SCSCF,P:SCSCF,GTW,P:GTW,SCSCF,P-200:SCSCF,MTAS,P-200:SCSCF,PCSCF,P-200:GTW,SCSCF,R:SCSCF,MTAS,R:SCSCF,PCSCF,R:PCSCF,SCSCF,P:MTAS,SCSCF,P:SCSCF,GTW,P:GTW,SCSCF,P-200:SCSCF,MTAS,P-200:SCSCF,PCSCF,P-200:GTW,SCSCF,S:SCSCF,MTAS,S:SCSCF,PCSCF,S:PCSCF,SCSCF,P:MTAS,SCSCF,P:SCSCF,GTW,P:GTW,SCSCF,P-200:SCSCF,MTAS,P-200:SCSCF,PCSCF,P-200:GTW,SCSCF,S:SCSCF,MTAS,S:SCSCF,PCSCF,S:PCSCF,SCSCF,P:MTAS,SCSCF,P:SCSCF,GTW,P:GTW,SCSCF,P-200:SCSCF,MTAS,P-200:SCSCF,PCSCF,P-200:GTW,SCSCF,I-200:SCSCF,MTAS,I-200:SCSCF,PCSCF,I-200:PCSCF,SCSCF,A:SCSCF,MTAS,A:MTAS,SCSCF,A:SCSCF,GTW,A:PCSCF,SCSCF,B:MTAS,SCSCF,B:SCSCF,GTW,B:GTW,SCSCF,B-200:SCSCF,MTAS,B-200:SCSCF,PCSCF,B-200"
573,573,0,1,0.6338848,"PCSCF,SCSCF,I:SCSCF,PCSCF,T:SCSCF,ASLI,I:ASLI,SCSCF,T:ASLI,SCSCF,I-500:SCSCF,ASLI,A:MTAS,SCSCF,I:SCSCF,MTAS,T:GTW,SCSCF,T:SCSCF,GTW,I:GTW,SCSCF,R:SCSCF,MTAS,R:SCSCF,PCSCF,R:PCSCF,SCSCF,P:SCSCF,MTAS,P:MTAS,SCSCF,P:SCSCF,GTW,P:GTW,SCSCF,P-200:SCSCF,MTAS,P-200:MTAS,SCSCF,P-200:SCSCF,PCSCF,P-200:GTW,SCSCF,I-200:SCSCF,MTAS,I-200:SCSCF,PCSCF,I-200:PCSCF,SCSCF,A:SCSCF,MTAS,A:MTAS,SCSCF,A:SCSCF,GTW,A:PCSCF,SCSCF,B:MTAS,SCSCF,B:SCSCF,GTW,B:GTW,SCSCF,B-200:SCSCF,MTAS,B-200:SCSCF,PCSCF,B-200"
574,574,0,1,0.46896932,"PCSCF,SCSCF,I:SCSCF,PCSCF,T:SCSCF,ASLI,I:ASLI,SCSCF,T:ASLI,SCSCF,I-500:SCSCF,ASLI,A:MTAS,SCSCF,I:SCSCF,MTAS,T:SCSCF,GTW,I:GTW,SCSCF,T:GTW,SCSCF,S:SCSCF,MTAS,S:SCSCF,PCSCF,S:PCSCF,SCSCF,P:MTAS,SCSCF,P:SCSCF,GTW,P:GTW,SCSCF,P-200:SCSCF,MTAS,P-200:GTW,SCSCF,R:SCSCF,MTAS,R:SCSCF,PCSCF,P-200:SCSCF,PCSCF,R:PCSCF,SCSCF,P:MTAS,SCSCF,P:SCSCF,GTW,P:GTW,SCSCF,P-200:SCSCF,MTAS,P-200:SCSCF,PCSCF,P-200:GTW,SCSCF,I-200:SCSCF,MTAS,I-200:SCSCF,PCSCF,I-200:PCSCF,SCSCF,A:SCSCF,MTAS,A:MTAS,SCSCF,A:SCSCF,GTW,A:PCSCF,SCSCF,B:MTAS,SCSCF,B:SCSCF,GTW,B:GTW,SCSCF,B-200:SCSCF,MTAS,B-200:SCSCF,PCSCF,B-200"
575,575,0,1,0.24883647,"PCSCF,SCSCF,I:SCSCF,PCSCF,T:SCSCF,ASLI,I:ASLI,SCSCF,T:ASLI,SCSCF,I-500:SCSCF,ASLI,A:MTAS,SCSCF,I:SCSCF,MTAS,T:SCSCF,ASLI,I:ASLI,SCSCF,T:ASLI,SCSCF,I-500:SCSCF,MTAS,I:SCSCF,ASLI,A:MTAS,SCSCF,T:MTAS,SCSCF,I:SCSCF,MTAS,T:SCSCF,PCSCF,I:PCSCF,SCSCF,T:PCSCF,SCSCF,R:SCSCF,MTAS,R:MTAS,SCSCF,R:SCSCF,MTAS,R:SCSCF,PCSCF,R:PCSCF,SCSCF,P:MTAS,SCSCF,P:SCSCF,MTAS,P:MTAS,SCSCF,P:SCSCF,PCSCF,P:PCSCF,SCSCF,P-200:SCSCF,MTAS,P-200:MTAS,SCSCF,P-200:SCSCF,MTAS,P-200:SCSCF,PCSCF,P-200:PCSCF,SCSCF,I-200:SCSCF,MTAS,I-200:MTAS,SCSCF,I-200:SCSCF,MTAS,I-200:SCSCF,PCSCF,I-200:PCSCF,SCSCF,A:MTAS,SCSCF,A:SCSCF,MTAS,A:MTAS,SCSCF,A:SCSCF,PCSCF,A:MTAS,SCSCF,U:SCSCF,PCSCF,U:PCSCF,SCSCF,U-200:SCSCF,MTAS,U-200:SCSCF,PCSCF,U:MTAS,SCSCF,U:PCSCF,SCSCF,U-200:SCSCF,MTAS,U-200:PCSCF,SCSCF,B:SCSCF,MTAS,B:MTAS,SCSCF,B:SCSCF,MTAS,B:MTAS,SCSCF,B-200:MTAS,SCSCF,B:SCSCF,MTAS,B-200:SCSCF,MTAS,B-481:SCSCF,PCSCF,B-200:MTAS,SCSCF,B-200:SCSCF,PCSCF,B-200"
576,576,0,1,0.49920708,"PCSCF,SCSCF,I:SCSCF,ASLI,I:ASLI,SCSCF,T:ASLI,SCSCF,I-500:SCSCF,ASLI,A:MTAS,SCSCF,I:SCSCF,PCSCF,T:SCSCF,MTAS,T:SCSCF,ASLI,I:ASLI,SCSCF,T:ASLI,SCSCF,I-500:SCSCF,ASLI,A:SCSCF,MTAS,I:MTAS,SCSCF,T:MTAS,SCSCF,I:SCSCF,MTAS,T:SCSCF,PCSCF,I:PCSCF,SCSCF,T:PCSCF,SCSCF,R:SCSCF,MTAS,R:MTAS,SCSCF,R:SCSCF,MTAS,R:SCSCF,PCSCF,R:PCSCF,SCSCF,P:MTAS,SCSCF,P:SCSCF,MTAS,P:MTAS,SCSCF,P:SCSCF,PCSCF,P:PCSCF,SCSCF,P-200:SCSCF,MTAS,P-200:MTAS,SCSCF,P-200:SCSCF,MTAS,P-200:SCSCF,PCSCF,P-200:PCSCF,SCSCF,I-200:SCSCF,MTAS,I-200:MTAS,SCSCF,I-200:SCSCF,MTAS,I-200:SCSCF,PCSCF,I-200:PCSCF,SCSCF,A:MTAS,SCSCF,A:SCSCF,MTAS,A:MTAS,SCSCF,A:SCSCF,PCSCF,A:PCSCF,SCSCF,B:MTAS,SCSCF,B:SCSCF,MTAS,B:MTAS,SCSCF,B:SCSCF,PCSCF,B:PCSCF,SCSCF,B-200:SCSCF,MTAS,B-200:MTAS,SCSCF,B-200:SCSCF,MTAS,B-200:SCSCF,PCSCF,B-200"
577,577,0,1,0.11566799,"PCSCF,SCSCF,I:SCSCF,PCSCF,T:SCSCF,ASLI,I:ASLI,SCSCF,T:ASLI,SCSCF,I-500:SCSCF,ASLI,A:MTAS,SCSCF,I:SCSCF,MTAS,T:SCSCF,GTW,I:GTW,SCSCF,T:GTW,SCSCF,S:SCSCF,MTAS,S:SCSCF,PCSCF,S:PCSCF,SCSCF,P:SCSCF,MTAS,P:MTAS,SCSCF,P:SCSCF,GTW,P:GTW,SCSCF,S:SCSCF,MTAS,S:GTW,SCSCF,P-200:SCSCF,MTAS,P-200:MTAS,SCSCF,P-200:SCSCF,PCSCF,P-200:SCSCF,PCSCF,S:PCSCF,SCSCF,P:SCSCF,MTAS,P:MTAS,SCSCF,P:SCSCF,GTW,P:GTW,SCSCF,S:SCSCF,MTAS,S:GTW,SCSCF,P-200:SCSCF,MTAS,P-200:MTAS,SCSCF,P-200:SCSCF,PCSCF,P-200:SCSCF,PCSCF,S:PCSCF,SCSCF,P:SCSCF,MTAS,P:MTAS,SCSCF,P:SCSCF,GTW,P:GTW,SCSCF,P-200:SCSCF,MTAS,P-200:MTAS,SCSCF,P-200:SCSCF,PCSCF,P-200:GTW,SCSCF,S:SCSCF,MTAS,S:SCSCF,PCSCF,S:PCSCF,SCSCF,P:SCSCF,MTAS,P:MTAS,SCSCF,P:SCSCF,GTW,P:GTW,SCSCF,P-200:SCSCF,MTAS,P-200:MTAS,SCSCF,P-200:SCSCF,PCSCF,P-200:GTW,SCSCF,R:SCSCF,MTAS,R:SCSCF,PCSCF,R:PCSCF,SCSCF,P:SCSCF,MTAS,P:MTAS,SCSCF,P:SCSCF,GTW,P:GTW,SCSCF,P-200:SCSCF,MTAS,P-200:MTAS,SCSCF,P-200:SCSCF,PCSCF,P-200:PCSCF,SCSCF,C:SCSCF,PCSCF,C-200:MTAS,SCSCF,C:SCSCF,MTAS,C-200:SCSCF,GTW,C:GTW,SCSCF,C-200:GTW,SCSCF,I-487:SCSCF,GTW,A:SCSCF,MTAS,I-487:MTAS,SCSCF,A:SCSCF,PCSCF,I-487:PCSCF,SCSCF,A"
578,578,0,1,0.27959833,"PCSCF,SCSCF,I:SCSCF,PCSCF,T:SCSCF,ASLI,I:ASLI,SCSCF,T:ASLI,SCSCF,I-500:SCSCF,ASLI,A:MTAS,SCSCF,I:SCSCF,MTAS,T:SCSCF,GTW,I:GTW,SCSCF,T:GTW,SCSCF,R:SCSCF,MTAS,R:SCSCF,PCSCF,R:PCSCF,SCSCF,P:SCSCF,MTAS,P:MTAS,SCSCF,P:SCSCF,GTW,P:GTW,SCSCF,P-200:SCSCF,MTAS,P-200:MTAS,SCSCF,P-200:SCSCF,PCSCF,P-200:GTW,SCSCF,S:SCSCF,MTAS,S:SCSCF,PCSCF,S:PCSCF,SCSCF,P:SCSCF,MTAS,P:MTAS,SCSCF,P:SCSCF,GTW,P:GTW,SCSCF,P-200:SCSCF,MTAS,P-200:MTAS,SCSCF,P-200:SCSCF,PCSCF,P-200:GTW,SCSCF,S:SCSCF,MTAS,S:SCSCF,PCSCF,S:PCSCF,SCSCF,P:SCSCF,MTAS,P:MTAS,SCSCF,P:SCSCF,GTW,P:GTW,SCSCF,P-200:SCSCF,MTAS,P-200:MTAS,SCSCF,P-200:SCSCF,PCSCF,P-200:GTW,SCSCF,I-200:SCSCF,MTAS,I-200:SCSCF,PCSCF,I-200:PCSCF,SCSCF,A:SCSCF,MTAS,A:MTAS,SCSCF,A:SCSCF,GTW,A:MTAS,SCSCF,U:SCSCF,GTW,U:SCSCF,PCSCF,U:GTW,SCSCF,U-200:SCSCF,MTAS,U-200:PCSCF,SCSCF,U-200:SCSCF,MTAS,U-200:PCSCF,SCSCF,B:SCSCF,MTAS,B:MTAS,SCSCF,B:SCSCF,GTW,B:GTW,SCSCF,B-200:SCSCF,MTAS,B-200:MTAS,SCSCF,B-200:SCSCF,PCSCF,B-200"
579,579,0,1,0.62910575,"PCSCF,SCSCF,I:SCSCF,PCSCF,T:SCSCF,PCSCF,I-407:PCSCF,SCSCF,A:PCSCF,SCSCF,I:SCSCF,ASLI,I:SCSCF,PCSCF,T:ASLI,SCSCF,T:ASLI,SCSCF,I-500:SCSCF,ASLI,A:MTAS,SCSCF,I:SCSCF,MTAS,T:SCSCF,GTW,I:GTW,SCSCF,T:GTW,SCSCF,S:SCSCF,MTAS,S:SCSCF,PCSCF,S:PCSCF,SCSCF,P:MTAS,SCSCF,P:SCSCF,GTW,P:GTW,SCSCF,P-200:SCSCF,MTAS,P-200:SCSCF,PCSCF,P-200:GTW,SCSCF,R:SCSCF,MTAS,R:SCSCF,PCSCF,R:SCSCF,GTW,P:GTW,SCSCF,P-200:PCSCF,SCSCF,P:MTAS,SCSCF,P:SCSCF,MTAS,P-200:SCSCF,PCSCF,P-200:GTW,SCSCF,I-200:SCSCF,MTAS,I-200:SCSCF,PCSCF,I-200:PCSCF,SCSCF,A:SCSCF,MTAS,A:MTAS,SCSCF,A:SCSCF,GTW,A:PCSCF,SCSCF,B:MTAS,SCSCF,B:SCSCF,GTW,B:GTW,SCSCF,B-200:SCSCF,MTAS,B-200:SCSCF,PCSCF,B-200"
580,580,0,1,0.3059274,"PCSCF,SCSCF,I:SCSCF,ASLI,I:ASLI,SCSCF,T:ASLI,SCSCF,I-500:SCSCF,ASLI,A:SCSCF,PCSCF,T:MTAS,SCSCF,I:SCSCF,MTAS,T:SCSCF,GTW,I:GTW,SCSCF,T:GTW,SCSCF,R:SCSCF,MTAS,R:SCSCF,PCSCF,R:PCSCF,SCSCF,P:SCSCF,MTAS,P:MTAS,SCSCF,P:SCSCF,GTW,P:GTW,SCSCF,P-200:SCSCF,MTAS,P-200:MTAS,SCSCF,P-200:SCSCF,PCSCF,P-200:GTW,SCSCF,I-200:SCSCF,MTAS,I-200:SCSCF,PCSCF,I-200:PCSCF,SCSCF,A:SCSCF,MTAS,A:MTAS,SCSCF,A:SCSCF,GTW,A:MTAS,SCSCF,U:SCSCF,GTW,U:GTW,SCSCF,U-200:SCSCF,MTAS,U-200:MTAS,SCSCF,U:SCSCF,PCSCF,U:PCSCF,SCSCF,U-200:SCSCF,MTAS,U-200:GTW,SCSCF,B:MTAS,SCSCF,B:SCSCF,PCSCF,B:PCSCF,SCSCF,B-200:SCSCF,MTAS,B-200:SCSCF,GTW,B-200"
581,581,0,1,0.8242095,"MTAS,SCSCF,I:SCSCF,MTAS,T:SCSCF,PCSCF,I:PCSCF,SCSCF,T:PCSCF,SCSCF,R:SCSCF,MTAS,R:MTAS,SCSCF,P:SCSCF,PCSCF,P:PCSCF,SCSCF,P-200:SCSCF,MTAS,P-200:MTAS,SCSCF,C:SCSCF,MTAS,C-200:SCSCF,PCSCF,C:PCSCF,SCSCF,C-200:PCSCF,SCSCF,I-487:SCSCF,MTAS,I-487:MTAS,SCSCF,A:SCSCF,PCSCF,A"
582,582,0,1,0.21675663,"GTW,ICSCF,I:ICSCF,GTW,T:SCSCF,ASLI,I:ASLI,SCSCF,T:ASLI,SCSCF,I-500:SCSCF,ASLI,A:SCSCF,MTAS,I:MTAS,SCSCF,T:MTAS,SCSCF,I:SCSCF,MTAS,T:SCSCF,PCSCF,I:PCSCF,SCSCF,T:PCSCF,SCSCF,R:SCSCF,MTAS,R:MTAS,SCSCF,R:ICSCF,GTW,R:GTW,SCSCF,P:SCSCF,MTAS,P:MTAS,SCSCF,P:SCSCF,PCSCF,P:GTW,SCSCF,P:PCSCF,SCSCF,R:SCSCF,MTAS,R:PCSCF,SCSCF,P-200:SCSCF,MTAS,P-200:MTAS,SCSCF,P-200:SCSCF,GTW,P-200:GTW,ICSCF,C:ICSCF,GTW,C-200:SCSCF,MTAS,C:MTAS,SCSCF,C-200:MTAS,SCSCF,C:SCSCF,MTAS,C-200:SCSCF,PCSCF,C:PCSCF,SCSCF,C-200:PCSCF,SCSCF,I-487:SCSCF,PCSCF,A:SCSCF,MTAS,I-487:MTAS,SCSCF,A:MTAS,SCSCF,I-487:SCSCF,MTAS,A:ICSCF,GTW,I-487:GTW,ICSCF,A"
583,583,0,1,0.26245067,"PCSCF,SCSCF,I:SCSCF,PCSCF,T:SCSCF,PCSCF,I-407:PCSCF,SCSCF,A:PCSCF,SCSCF,I:SCSCF,PCSCF,T:SCSCF,ASLI,I:ASLI,SCSCF,T:ASLI,SCSCF,I-500:SCSCF,ASLI,A:MTAS,SCSCF,I:SCSCF,MTAS,T:SCSCF,ASLI,I:ASLI,SCSCF,T:ASLI,SCSCF,I-500:SCSCF,ASLI,A:SCSCF,MTAS,I:MTAS,SCSCF,T:MTAS,SCSCF,I:SCSCF,MTAS,T:SCSCF,PCSCF,I:PCSCF,SCSCF,T:PCSCF,SCSCF,R:SCSCF,MTAS,R:MTAS,SCSCF,R:SCSCF,MTAS,R:SCSCF,PCSCF,R:PCSCF,SCSCF,P:MTAS,SCSCF,P:SCSCF,MTAS,P:MTAS,SCSCF,P:SCSCF,PCSCF,P:PCSCF,SCSCF,P-200:SCSCF,MTAS,P-200:MTAS,SCSCF,P-200:SCSCF,MTAS,P-200:SCSCF,PCSCF,P-200:PCSCF,SCSCF,I-200:SCSCF,MTAS,I-200:MTAS,SCSCF,I-200:SCSCF,MTAS,I-200:SCSCF,PCSCF,I-200:PCSCF,SCSCF,A:MTAS,SCSCF,A:SCSCF,MTAS,A:MTAS,SCSCF,A:SCSCF,PCSCF,A:MTAS,SCSCF,U:SCSCF,PCSCF,U:PCSCF,SCSCF,U-200:SCSCF,MTAS,U-200:MTAS,SCSCF,U:SCSCF,PCSCF,U:MTAS,SCSCF,U:PCSCF,SCSCF,U-200:SCSCF,MTAS,U-200:PCSCF,SCSCF,B:MTAS,SCSCF,B:SCSCF,MTAS,B:MTAS,SCSCF,B:SCSCF,PCSCF,B:PCSCF,SCSCF,B-200:SCSCF,MTAS,B-200:MTAS,SCSCF,B-200:SCSCF,MTAS,B-200:SCSCF,PCSCF,B-200"
584,584,0,1,0.3585178,"PCSCF,SCSCF,I:SCSCF,ASLI,I:SCSCF,PCSCF,T:ASLI,SCSCF,T:ASLI,SCSCF,I-500:SCSCF,ASLI,A:MTAS,SCSCF,I:SCSCF,MTAS,T:SCSCF,GTW,I:GTW,SCSCF,T:GTW,SCSCF,S:SCSCF,MTAS,S:SCSCF,PCSCF,S:PCSCF,SCSCF,P:MTAS,SCSCF,P:SCSCF,GTW,P:GTW,SCSCF,P-200:GTW,SCSCF,S:SCSCF,MTAS,P-200:SCSCF,MTAS,S:SCSCF,PCSCF,P-200:SCSCF,PCSCF,S:PCSCF,SCSCF,P:MTAS,SCSCF,P:SCSCF,GTW,P:GTW,SCSCF,P-200:SCSCF,MTAS,P-200:SCSCF,PCSCF,P-200:GTW,SCSCF,R:SCSCF,MTAS,R:SCSCF,PCSCF,R:PCSCF,SCSCF,P:MTAS,SCSCF,P:SCSCF,GTW,P:GTW,SCSCF,P-200:SCSCF,MTAS,P-200:SCSCF,PCSCF,P-200:GTW,SCSCF,I-200:SCSCF,MTAS,I-200:SCSCF,PCSCF,I-200:PCSCF,SCSCF,A:SCSCF,MTAS,A:MTAS,SCSCF,A:SCSCF,GTW,A:PCSCF,SCSCF,B:SCSCF,MTAS,B:MTAS,SCSCF,B:SCSCF,GTW,B:GTW,SCSCF,B-200:SCSCF,MTAS,B-200:MTAS,SCSCF,B-200:SCSCF,PCSCF,B-200"
585,585,0,0,0.94413835,"GTW,SCSCF,I:SCSCF,GTW,T:SCSCF,SLEVOOSP,I:SLEVOOSP,SCSCF,T:SLEVOOSP,SCSCF,S:SCSCF,GTW,S:GTW,SCSCF,P:SCSCF,SLEVOOSP,P:SLEVOOSP,SCSCF,P-200:SCSCF,GTW,P-200:SLEVOOSP,SCSCF,I-200:SCSCF,GTW,I-200:GTW,SCSCF,A:SCSCF,SLEVOOSP,A:SCSCF,SLEVOOSP,B:GTW,SCSCF,B:SLEVOOSP,SCSCF,B-200:SCSCF,GTW,B-200"
586,586,0,1,0.11358796,"PCSCF,SCSCF,I:SCSCF,PCSCF,T:SCSCF,ASLI,I:ASLI,SCSCF,T:ASLI,SCSCF,I-500:SCSCF,ASLI,A:MTAS,SCSCF,I:SCSCF,MTAS,T:SCSCF,GTW,I:GTW,SCSCF,T:GTW,SCSCF,R:SCSCF,MTAS,R:SCSCF,PCSCF,R:PCSCF,SCSCF,P:MTAS,SCSCF,P:SCSCF,GTW,P:GTW,SCSCF,P-200:SCSCF,MTAS,P-200:SCSCF,PCSCF,P-200:GTW,SCSCF,I-200:SCSCF,MTAS,I-200:SCSCF,PCSCF,I-200:PCSCF,SCSCF,A:SCSCF,MTAS,A:MTAS,SCSCF,A:SCSCF,GTW,A:MTAS,SCSCF,U:SCSCF,GTW,U:GTW,SCSCF,U-200:SCSCF,MTAS,U-200:MTAS,SCSCF,U:SCSCF,PCSCF,U:PCSCF,SCSCF,U-200:SCSCF,MTAS,U-200:MTAS,SCSCF,U:SCSCF,GTW,U:GTW,SCSCF,U-200:SCSCF,MTAS,U-200:MTAS,SCSCF,U:SCSCF,PCSCF,U:PCSCF,SCSCF,U-200:SCSCF,MTAS,U-200:MTAS,SCSCF,U:SCSCF,GTW,U:GTW,SCSCF,U-200:SCSCF,MTAS,U-200:MTAS,SCSCF,U:SCSCF,PCSCF,U:PCSCF,SCSCF,U-200:SCSCF,MTAS,U-200:PCSCF,SCSCF,B:SCSCF,MTAS,B:MTAS,SCSCF,B:SCSCF,GTW,B:GTW,SCSCF,B-200:SCSCF,MTAS,B-200:MTAS,SCSCF,B-200:SCSCF,PCSCF,B-200"
587,587,0,1,0.8178279,"GTW,ICSCF,I:ICSCF,GTW,T:SCSCF,ASLI,I:ASLI,SCSCF,T:ASLI,SCSCF,I-500:SCSCF,MTAS,I:SCSCF,ASLI,A:MTAS,SCSCF,I:SCSCF,MTAS,T:SCSCF,PCSCF,I:MTAS,SCSCF,T:PCSCF,SCSCF,T:PCSCF,SCSCF,R:SCSCF,MTAS,R:MTAS,SCSCF,R:ICSCF,GTW,R:GTW,SCSCF,P:SCSCF,MTAS,P:MTAS,SCSCF,P:SCSCF,PCSCF,P:PCSCF,SCSCF,P-200:SCSCF,MTAS,P-200:MTAS,SCSCF,P-200:SCSCF,GTW,P-200:GTW,ICSCF,C:ICSCF,GTW,C-200:SCSCF,MTAS,C:MTAS,SCSCF,C-200:MTAS,SCSCF,C:SCSCF,MTAS,C-200:SCSCF,PCSCF,C:PCSCF,SCSCF,C-200:PCSCF,SCSCF,I-487:SCSCF,PCSCF,A:SCSCF,MTAS,I-487:MTAS,SCSCF,A:MTAS,SCSCF,I-487:SCSCF,MTAS,A:ICSCF,GTW,I-487:GTW,ICSCF,A"
588,588,0,1,0.6645069,"PCSCF,SCSCF,I:SCSCF,PCSCF,T:SCSCF,PCSCF,I-407:PCSCF,SCSCF,A:PCSCF,SCSCF,I:SCSCF,PCSCF,T:SCSCF,ASLI,I:ASLI,SCSCF,T:ASLI,SCSCF,I-500:SCSCF,ASLI,A:MTAS,SCSCF,I:SCSCF,MTAS,T:SCSCF,GTW,I:GTW,SCSCF,T:SCSCF,MTAS,S:GTW,SCSCF,S:SCSCF,PCSCF,S:PCSCF,SCSCF,P:MTAS,SCSCF,P:SCSCF,GTW,P:GTW,SCSCF,P-200:GTW,SCSCF,S:SCSCF,MTAS,P-200:SCSCF,MTAS,S:SCSCF,PCSCF,P-200:SCSCF,PCSCF,S:PCSCF,SCSCF,P:MTAS,SCSCF,P:SCSCF,GTW,P:GTW,SCSCF,P-200:SCSCF,MTAS,P-200:SCSCF,PCSCF,P-200:GTW,SCSCF,R:SCSCF,MTAS,R:SCSCF,PCSCF,R:PCSCF,SCSCF,P:MTAS,SCSCF,P:GTW,SCSCF,P-200:SCSCF,MTAS,P-200:SCSCF,PCSCF,P-200:SCSCF,GTW,P:GTW,SCSCF,I-200:SCSCF,MTAS,I-200:SCSCF,PCSCF,I-200:PCSCF,SCSCF,A:SCSCF,MTAS,A:MTAS,SCSCF,A:SCSCF,GTW,A:GTW,SCSCF,B:MTAS,SCSCF,B:SCSCF,PCSCF,B:PCSCF,SCSCF,B-200:SCSCF,MTAS,B-200:SCSCF,GTW,B-200"
589,589,0,1,0.23067233,"PCSCF,SCSCF,I:SCSCF,ASLI,I:ASLI,SCSCF,T:ASLI,SCSCF,I-500:SCSCF,ASLI,A:SCSCF,PCSCF,T:MTAS,SCSCF,I:SCSCF,MTAS,T:SCSCF,GTW,I:GTW,SCSCF,T:GTW,SCSCF,S:SCSCF,MTAS,S:SCSCF,PCSCF,S:PCSCF,SCSCF,P:SCSCF,MTAS,P:MTAS,SCSCF,P:SCSCF,GTW,P:GTW,SCSCF,P-200:SCSCF,MTAS,P-200:MTAS,SCSCF,P-200:SCSCF,PCSCF,P-200:GTW,SCSCF,R:SCSCF,MTAS,R:SCSCF,PCSCF,R:PCSCF,SCSCF,P:SCSCF,MTAS,P:MTAS,SCSCF,P:SCSCF,GTW,P:GTW,SCSCF,P-200:SCSCF,MTAS,P-200:MTAS,SCSCF,P-200:SCSCF,PCSCF,P-200:GTW,SCSCF,I-200:SCSCF,MTAS,I-200:SCSCF,PCSCF,I-200:PCSCF,SCSCF,A:SCSCF,MTAS,A:MTAS,SCSCF,A:SCSCF,GTW,A:MTAS,SCSCF,U:SCSCF,GTW,U:SCSCF,PCSCF,U:PCSCF,SCSCF,U-200:SCSCF,MTAS,U-200:GTW,SCSCF,U-200:SCSCF,MTAS,U-200:PCSCF,SCSCF,B:SCSCF,MTAS,B:MTAS,SCSCF,B:SCSCF,GTW,B:GTW,SCSCF,B-200:SCSCF,MTAS,B-200:MTAS,SCSCF,B-200:SCSCF,PCSCF,B-200"
590,590,0,1,0.33298337,"GTW,ICSCF,I:ICSCF,GTW,T:SCSCF,ASLI,I:ASLI,SCSCF,T:ASLI,SCSCF,I-500:SCSCF,MTAS,I:MTAS,SCSCF,T:MTAS,SCSCF,I:SCSCF,MTAS,T:SCSCF,PCSCF,I:SCSCF,ASLI,A:PCSCF,SCSCF,T:PCSCF,SCSCF,R:SCSCF,MTAS,R:MTAS,SCSCF,R:ICSCF,GTW,R:GTW,SCSCF,P:SCSCF,MTAS,P:MTAS,SCSCF,P:SCSCF,PCSCF,P:PCSCF,SCSCF,P-200:SCSCF,MTAS,P-200:MTAS,SCSCF,P-200:SCSCF,GTW,P-200:PCSCF,SCSCF,I-200:SCSCF,MTAS,I-200:MTAS,SCSCF,I-200:ICSCF,GTW,I-200:GTW,SCSCF,A:SCSCF,MTAS,A:MTAS,SCSCF,A:SCSCF,PCSCF,A:GTW,SCSCF,I:SCSCF,GTW,T:SCSCF,MTAS,I:MTAS,SCSCF,T:MTAS,SCSCF,I:SCSCF,MTAS,T:SCSCF,PCSCF,I:PCSCF,SCSCF,I-200:SCSCF,MTAS,I-200:MTAS,SCSCF,I-200:SCSCF,GTW,I-200:GTW,SCSCF,A:SCSCF,MTAS,A:MTAS,SCSCF,A:SCSCF,PCSCF,A:GTW,SCSCF,B:SCSCF,MTAS,B:MTAS,SCSCF,B:SCSCF,PCSCF,B:PCSCF,SCSCF,B-200:SCSCF,MTAS,B-200:MTAS,SCSCF,B-200:SCSCF,GTW,B-200"
591,591,0,0,0.8839351,"PCSCF,SCSCF,I:SCSCF,ASLI,I:ASLI,SCSCF,T:SCSCF,PCSCF,T:ASLI,SCSCF,I-500:SCSCF,ASLI,A:MTAS,SCSCF,I:SCSCF,MTAS,T:SCSCF,GTW,I:GTW,SCSCF,T:GTW,SCSCF,S:SCSCF,MTAS,S:SCSCF,PCSCF,S:PCSCF,SCSCF,P:SCSCF,MTAS,P:MTAS,SCSCF,P:SCSCF,GTW,P:GTW,SCSCF,P-200:SCSCF,MTAS,P-200:MTAS,SCSCF,P-200:SCSCF,PCSCF,P-200:GTW,SCSCF,R:SCSCF,MTAS,R:SCSCF,PCSCF,R:PCSCF,SCSCF,P:SCSCF,MTAS,P:MTAS,SCSCF,P:SCSCF,GTW,P:GTW,SCSCF,P-200:SCSCF,MTAS,P-200:MTAS,SCSCF,P-200:SCSCF,PCSCF,P-200:GTW,SCSCF,I-200:SCSCF,MTAS,I-200:SCSCF,PCSCF,I-200:PCSCF,SCSCF,A:SCSCF,MTAS,A:MTAS,SCSCF,A:SCSCF,GTW,A:GTW,SCSCF,B:MTAS,SCSCF,B:SCSCF,PCSCF,B:PCSCF,SCSCF,B-200:SCSCF,MTAS,B-200:SCSCF,GTW,B-200"
592,592,0,1,0.39694872,"PCSCF,SCSCF,I:SCSCF,PCSCF,T:SCSCF,ASLI,I:ASLI,SCSCF,T:ASLI,SCSCF,I-500:MTAS,SCSCF,I:SCSCF,MTAS,T:SCSCF,ASLI,A:SCSCF,GTW,I:GTW,SCSCF,T:GTW,SCSCF,R:SCSCF,MTAS,R:SCSCF,PCSCF,R:PCSCF,SCSCF,P:MTAS,SCSCF,P:SCSCF,GTW,P:GTW,SCSCF,P-200:SCSCF,MTAS,P-200:SCSCF,PCSCF,P-200:GTW,SCSCF,I-200:SCSCF,MTAS,I-200:SCSCF,PCSCF,I-200:PCSCF,SCSCF,A:SCSCF,MTAS,A:MTAS,SCSCF,A:SCSCF,GTW,A:MTAS,SCSCF,U:SCSCF,GTW,U:GTW,SCSCF,U-200:SCSCF,MTAS,U-200:MTAS,SCSCF,U:SCSCF,PCSCF,U:PCSCF,SCSCF,U-200:SCSCF,MTAS,U-200:PCSCF,SCSCF,B:MTAS,SCSCF,B:SCSCF,GTW,B:GTW,SCSCF,B-200:SCSCF,MTAS,B-200:SCSCF,PCSCF,B-200"
593,593,0,1,0.5715924,"GTW,ICSCF,I:ICSCF,GTW,T:SCSCF,ASLI,I:ASLI,SCSCF,T:ASLI,SCSCF,I-500:SCSCF,ASLI,A:SCSCF,MTAS,I:MTAS,SCSCF,T:MTAS,SCSCF,I:SCSCF,MTAS,T:SCSCF,PCSCF,I:PCSCF,SCSCF,T:PCSCF,SCSCF,R:SCSCF,MTAS,R:MTAS,SCSCF,R:ICSCF,GTW,R:GTW,SCSCF,P:SCSCF,MTAS,P:MTAS,SCSCF,P:SCSCF,PCSCF,P:PCSCF,SCSCF,P-200:SCSCF,MTAS,P-200:MTAS,SCSCF,P-200:SCSCF,GTW,P-200:PCSCF,SCSCF,I-200:SCSCF,MTAS,I-200:MTAS,SCSCF,I-200:ICSCF,GTW,I-200:GTW,SCSCF,A:SCSCF,MTAS,A:MTAS,SCSCF,A:SCSCF,PCSCF,A:MTAS,SCSCF,U:SCSCF,PCSCF,U:SCSCF,GTW,U:GTW,SCSCF,U-200:SCSCF,MTAS,U-200:PCSCF,SCSCF,U-200:SCSCF,MTAS,U-200:MTAS,SCSCF,U:SCSCF,GTW,U:GTW,SCSCF,U-200:SCSCF,MTAS,U-200:MTAS,SCSCF,U:SCSCF,PCSCF,U:PCSCF,SCSCF,U-200:SCSCF,MTAS,U-200:MTAS,SCSCF,U:SCSCF,GTW,U:GTW,SCSCF,U-200:SCSCF,MTAS,U-200:MTAS,SCSCF,U:SCSCF,PCSCF,U:PCSCF,SCSCF,U-200:SCSCF,MTAS,U-200:MTAS,SCSCF,U:SCSCF,GTW,U:GTW,SCSCF,U-200:SCSCF,MTAS,U-200:MTAS,SCSCF,U:SCSCF,PCSCF,U:PCSCF,SCSCF,U-200:SCSCF,MTAS,U-200:PCSCF,SCSCF,B:SCSCF,MTAS,B:MTAS,SCSCF,B:SCSCF,GTW,B:GTW,SCSCF,B-200:SCSCF,MTAS,B-200:MTAS,SCSCF,B-200:SCSCF,PCSCF,B-200"
594,594,0,1,0.2322856,"GTW,ICSCF,I:ICSCF,GTW,T:SCSCF,ASLI,I:ASLI,SCSCF,T:ASLI,SCSCF,I-500:SCSCF,ASLI,A:SCSCF,MTAS,I:MTAS,SCSCF,T:MTAS,SCSCF,I:SCSCF,MTAS,T:MTAS,SCSCF,W:ICSCF,GTW,W:SCSCF,GTW,I:GTW,SCSCF,T:GTW,SCSCF,S:SCSCF,MTAS,S:MTAS,SCSCF,S:ICSCF,GTW,S:GTW,SCSCF,P:SCSCF,MTAS,P:MTAS,SCSCF,P:SCSCF,GTW,P:GTW,SCSCF,P-200:GTW,SCSCF,S:SCSCF,MTAS,P-200:SCSCF,MTAS,S:MTAS,SCSCF,P-200:MTAS,SCSCF,S:SCSCF,GTW,P-200:ICSCF,GTW,S:GTW,SCSCF,P:SCSCF,MTAS,P:MTAS,SCSCF,P:SCSCF,GTW,P:GTW,SCSCF,P-200:SCSCF,MTAS,P-200:MTAS,SCSCF,P-200:SCSCF,GTW,P-200:GTW,SCSCF,I-200:SCSCF,MTAS,I-200:MTAS,SCSCF,I-200:ICSCF,GTW,I-200:GTW,SCSCF,A:SCSCF,MTAS,A:MTAS,SCSCF,A:SCSCF,GTW,A:GTW,SCSCF,I:SCSCF,GTW,T:SCSCF,MTAS,I:MTAS,SCSCF,I:MTAS,SCSCF,T:SCSCF,MTAS,T:SCSCF,GTW,I:GTW,SCSCF,T:GTW,SCSCF,I-200:SCSCF,MTAS,I-200:MTAS,SCSCF,I-200:SCSCF,GTW,I-200:GTW,SCSCF,A:SCSCF,MTAS,A:MTAS,SCSCF,A:SCSCF,GTW,A:GTW,SCSCF,B:SCSCF,MTAS,B:MTAS,SCSCF,B:SCSCF,GTW,B:GTW,SCSCF,B-200:SCSCF,MTAS,B-200:MTAS,SCSCF,B-200:SCSCF,GTW,B-200"
595,595,0,1,0.4226051,"PCSCF,SCSCF,I:SCSCF,PCSCF,T:SCSCF,ASLI,I:ASLI,SCSCF,T:ASLI,SCSCF,I-500:SCSCF,ASLI,A:MTAS,SCSCF,I:SCSCF,MTAS,T:SCSCF,GTW,I:GTW,SCSCF,T:GTW,SCSCF,S:SCSCF,MTAS,S:SCSCF,PCSCF,S:PCSCF,SCSCF,P:SCSCF,MTAS,P:MTAS,SCSCF,P:SCSCF,GTW,P:GTW,SCSCF,P-200:SCSCF,MTAS,P-200:MTAS,SCSCF,P-200:SCSCF,PCSCF,P-200:PCSCF,SCSCF,C:MTAS,SCSCF,C:SCSCF,MTAS,C-200:SCSCF,GTW,C:GTW,SCSCF,C-200:GTW,SCSCF,I-487:SCSCF,GTW,A:SCSCF,MTAS,I-487:MTAS,SCSCF,A:SCSCF,PCSCF,C-200:SCSCF,PCSCF,I-487:PCSCF,SCSCF,A"
596,596,0,1,0.4838443,"PCSCF,SCSCF,I:SCSCF,PCSCF,T:SCSCF,ASLI,I:ASLI,SCSCF,T:ASLI,SCSCF,I-500:SCSCF,ASLI,A:MTAS,SCSCF,I:SCSCF,MTAS,T:SCSCF,GTW,I:GTW,SCSCF,T:GTW,SCSCF,R:SCSCF,MTAS,R:SCSCF,PCSCF,R:PCSCF,SCSCF,C:MTAS,SCSCF,C:SCSCF,MTAS,C-200:SCSCF,GTW,C:GTW,SCSCF,C-200:GTW,SCSCF,I-487:SCSCF,GTW,A:SCSCF,MTAS,I-487:MTAS,SCSCF,A:SCSCF,PCSCF,C-200:SCSCF,PCSCF,I-487:PCSCF,SCSCF,A"
597,597,0,1,0.49451056,"PCSCF,SCSCF,I:SCSCF,PCSCF,T:SCSCF,PCSCF,I-407:PCSCF,SCSCF,A:PCSCF,SCSCF,I:SCSCF,PCSCF,T:SCSCF,ASLI,I:ASLI,SCSCF,T:ASLI,SCSCF,I-500:SCSCF,ASLI,A:MTAS,SCSCF,I:SCSCF,MTAS,T:SCSCF,GTW,I:GTW,SCSCF,T:GTW,SCSCF,S:SCSCF,MTAS,S:SCSCF,PCSCF,S:PCSCF,SCSCF,P:MTAS,SCSCF,P:SCSCF,GTW,P:GTW,SCSCF,P-200:SCSCF,MTAS,P-200:SCSCF,PCSCF,P-200:GTW,SCSCF,I-486:SCSCF,GTW,A:SCSCF,MTAS,I-486:MTAS,SCSCF,A:SCSCF,PCSCF,I-486:PCSCF,SCSCF,A"
598,598,0,1,0.6153794,"GTW,ICSCF,I:ICSCF,GTW,T:SCSCF,ASLI,I:ASLI,SCSCF,T:ASLI,SCSCF,I-500:SCSCF,ASLI,A:SCSCF,MTAS,I:MTAS,SCSCF,T:MTAS,SCSCF,I:SCSCF,MTAS,T:SCSCF,GTW,I:MTAS,SCSCF,W:GTW,SCSCF,T:ICSCF,GTW,W:GTW,SCSCF,S:SCSCF,MTAS,S:MTAS,SCSCF,S:ICSCF,GTW,S:GTW,SCSCF,P:SCSCF,MTAS,P:MTAS,SCSCF,P:SCSCF,GTW,P:GTW,SCSCF,P-200:SCSCF,MTAS,P-200:MTAS,SCSCF,P-200:SCSCF,GTW,P-200:GTW,SCSCF,R:SCSCF,MTAS,R:MTAS,SCSCF,R:ICSCF,GTW,R:GTW,SCSCF,P:SCSCF,MTAS,P:MTAS,SCSCF,P:SCSCF,GTW,P:GTW,SCSCF,P-200:SCSCF,MTAS,P-200:MTAS,SCSCF,P-200:SCSCF,GTW,P-200:GTW,SCSCF,I-200:SCSCF,MTAS,I-200:MTAS,SCSCF,I-200:ICSCF,GTW,I-200:GTW,SCSCF,A:SCSCF,MTAS,A:MTAS,SCSCF,A:SCSCF,GTW,A:GTW,SCSCF,B:SCSCF,MTAS,B:MTAS,SCSCF,B:SCSCF,GTW,B:GTW,SCSCF,B-200:SCSCF,MTAS,B-200:MTAS,SCSCF,B-200:SCSCF,GTW,B-200"
599,599,0,0,0.99566376,"GTW,ICSCF,I:ICSCF,GTW,T:SCSCF,ASLI,I:ASLI,SCSCF,T:ASLI,SCSCF,I-500:SCSCF,ASLI,A:SCSCF,MTAS,I:MTAS,SCSCF,I:SCSCF,MTAS,T:SCSCF,PCSCF,I:MTAS,SCSCF,T:PCSCF,SCSCF,T:SCSCF,MTAS,R:MTAS,SCSCF,R:PCSCF,SCSCF,R:ICSCF,GTW,R:GTW,SCSCF,P:SCSCF,MTAS,P:MTAS,SCSCF,P:SCSCF,PCSCF,P:PCSCF,SCSCF,P-200:SCSCF,MTAS,P-200:MTAS,SCSCF,P-200:SCSCF,GTW,P-200:PCSCF,SCSCF,I-200:SCSCF,MTAS,I-200:MTAS,SCSCF,I-200:ICSCF,GTW,I-200:GTW,SCSCF,A:SCSCF,MTAS,A:MTAS,SCSCF,A:SCSCF,PCSCF,A:PCSCF,SCSCF,B:SCSCF,MTAS,B:MTAS,SCSCF,B:SCSCF,GTW,B:GTW,SCSCF,B-200:SCSCF,MTAS,B-200:MTAS,SCSCF,B-200:SCSCF,PCSCF,B-200"
600,600,0,1,0.49969763,"PCSCF,SCSCF,I:SCSCF,PCSCF,T:SCSCF,ASLI,I:ASLI,SCSCF,T:ASLI,SCSCF,I-500:SCSCF,ASLI,A:MTAS,SCSCF,I:SCSCF,MTAS,T:SCSCF,GTW,I:GTW,SCSCF,T:GTW,SCSCF,S:SCSCF,MTAS,S:SCSCF,PCSCF,S:PCSCF,SCSCF,P:SCSCF,MTAS,P:MTAS,SCSCF,P:SCSCF,GTW,P:GTW,SCSCF,P-200:SCSCF,MTAS,P-200:MTAS,SCSCF,P-200:SCSCF,PCSCF,P-200:GTW,SCSCF,I-200:SCSCF,MTAS,I-200:SCSCF,PCSCF,I-200:PCSCF,SCSCF,A:SCSCF,MTAS,A:MTAS,SCSCF,A:SCSCF,GTW,A:PCSCF,SCSCF,B:SCSCF,MTAS,B:MTAS,SCSCF,B:SCSCF,GTW,B:GTW,SCSCF,B-200:SCSCF,MTAS,B-200:MTAS,SCSCF,B-200:SCSCF,PCSCF,B-200"
601,601,0,0,0.8790757,"PCSCF,SCSCF,I:SCSCF,ASLI,I:ASLI,SCSCF,T:ASLI,SCSCF,I-500:SCSCF,ASLI,A:MTAS,SCSCF,I:SCSCF,MTAS,T:SCSCF,PCSCF,T:SCSCF,ASLI,I:ASLI,SCSCF,T:ASLI,SCSCF,I-500:SCSCF,ASLI,A:SCSCF,MTAS,I:MTAS,SCSCF,T:MTAS,SCSCF,I:SCSCF,MTAS,T:SCSCF,PCSCF,I:PCSCF,SCSCF,T:PCSCF,SCSCF,R:SCSCF,MTAS,R:MTAS,SCSCF,R:SCSCF,MTAS,R:SCSCF,PCSCF,R:PCSCF,SCSCF,P:MTAS,SCSCF,P:SCSCF,MTAS,P:MTAS,SCSCF,P:SCSCF,PCSCF,P:PCSCF,SCSCF,P-200:SCSCF,MTAS,P-200:MTAS,SCSCF,P-200:SCSCF,MTAS,P-200:SCSCF,PCSCF,P-200:PCSCF,SCSCF,I-200:SCSCF,MTAS,I-200:MTAS,SCSCF,I-200:SCSCF,MTAS,I-200:SCSCF,PCSCF,I-200:PCSCF,SCSCF,A:MTAS,SCSCF,A:SCSCF,MTAS,A:MTAS,SCSCF,A:SCSCF,PCSCF,A:MTAS,SCSCF,U:SCSCF,PCSCF,U:PCSCF,SCSCF,U-200:SCSCF,MTAS,U-200:MTAS,SCSCF,U:SCSCF,MTAS,U-200:SCSCF,PCSCF,U:PCSCF,SCSCF,U-200:SCSCF,MTAS,U-200:PCSCF,SCSCF,B:SCSCF,MTAS,B:MTAS,SCSCF,B:SCSCF,PCSCF,B:PCSCF,SCSCF,B-200:SCSCF,MTAS,B-200:MTAS,SCSCF,B-200:SCSCF,PCSCF,B-200"
602,602,0,0,0.9960322,"GTW,ICSCF,I:ICSCF,GTW,T:SCSCF,ASLI,I:ASLI,SCSCF,T:ASLI,SCSCF,I-500:SCSCF,ASLI,A:SCSCF,MTAS,I:MTAS,SCSCF,T:MTAS,SCSCF,I:SCSCF,MTAS,T:SCSCF,PCSCF,I:PCSCF,SCSCF,T:PCSCF,SCSCF,R:SCSCF,MTAS,R:MTAS,SCSCF,R:ICSCF,GTW,R:GTW,SCSCF,P:SCSCF,MTAS,P:MTAS,SCSCF,P:SCSCF,PCSCF,P:PCSCF,SCSCF,P-200:MTAS,SCSCF,P-200:SCSCF,MTAS,P-200:SCSCF,GTW,P-200:PCSCF,SCSCF,I-200:SCSCF,MTAS,I-200:MTAS,SCSCF,I-200:ICSCF,GTW,I-200:GTW,SCSCF,A:SCSCF,MTAS,A:MTAS,SCSCF,A:SCSCF,PCSCF,A:GTW,SCSCF,B:SCSCF,MTAS,B:MTAS,SCSCF,B:SCSCF,PCSCF,B:PCSCF,SCSCF,B-200:SCSCF,MTAS,B-200:MTAS,SCSCF,B-200:SCSCF,GTW,B-200"
603,603,0,1,0.67300475,"GTW,ICSCF,I:ICSCF,GTW,T:SCSCF,ASLI,I:ASLI,SCSCF,T:ASLI,SCSCF,I-500:SCSCF,ASLI,A:SCSCF,MTAS,I:MTAS,SCSCF,T:MTAS,SCSCF,W:ICSCF,GTW,W:MTAS,SCSCF,I:SCSCF,MTAS,T:SCSCF,GTW,I:GTW,SCSCF,T:GTW,SCSCF,I-486:SCSCF,GTW,A:SCSCF,MTAS,I-486:MTAS,SCSCF,A:MTAS,SCSCF,I-486:SCSCF,MTAS,A:ICSCF,GTW,I-486:GTW,ICSCF,A"
604,604,0,1,0.27466127,"PCSCF,SCSCF,I:SCSCF,PCSCF,T:SCSCF,ASLI,I:ASLI,SCSCF,T:ASLI,SCSCF,I-500:SCSCF,ASLI,A:MTAS,SCSCF,I:SCSCF,MTAS,T:SCSCF,GTW,I:GTW,SCSCF,T:GTW,SCSCF,S:SCSCF,MTAS,S:SCSCF,PCSCF,S:PCSCF,SCSCF,P:SCSCF,MTAS,P:MTAS,SCSCF,P:SCSCF,GTW,P:GTW,SCSCF,P-200:SCSCF,MTAS,P-200:MTAS,SCSCF,P-200:SCSCF,PCSCF,P-200:GTW,SCSCF,S:SCSCF,MTAS,S:SCSCF,PCSCF,S:PCSCF,SCSCF,P:SCSCF,MTAS,P:MTAS,SCSCF,P:SCSCF,GTW,P:GTW,SCSCF,P-200:SCSCF,MTAS,P-200:MTAS,SCSCF,P-200:GTW,SCSCF,R:SCSCF,MTAS,R:SCSCF,PCSCF,P-200:SCSCF,PCSCF,R:PCSCF,SCSCF,P:SCSCF,MTAS,P:MTAS,SCSCF,P:SCSCF,GTW,P:GTW,SCSCF,P-200:SCSCF,MTAS,P-200:MTAS,SCSCF,P-200:SCSCF,PCSCF,P-200:PCSCF,SCSCF,C:SCSCF,PCSCF,C-200:MTAS,SCSCF,C:SCSCF,MTAS,C-200:SCSCF,GTW,C:GTW,SCSCF,C-200:GTW,SCSCF,I-487:SCSCF,GTW,A:SCSCF,MTAS,I-487:MTAS,SCSCF,A:SCSCF,PCSCF,I-487:PCSCF,SCSCF,A"
605,605,0,1,0.63376254,"PCSCF,SCSCF,I:SCSCF,PCSCF,T:SCSCF,PCSCF,I-407:PCSCF,SCSCF,A:PCSCF,SCSCF,I:SCSCF,ASLI,I:ASLI,SCSCF,T:ASLI,SCSCF,I-500:SCSCF,ASLI,A:MTAS,SCSCF,I:SCSCF,MTAS,T:SCSCF,GTW,I:GTW,SCSCF,T:SCSCF,PCSCF,T:GTW,SCSCF,I-486:SCSCF,GTW,A:SCSCF,MTAS,I-486:MTAS,SCSCF,A:SCSCF,PCSCF,I-486:PCSCF,SCSCF,A"
606,606,0,1,0.39579314,"GTW,ICSCF,I:ICSCF,GTW,T:SCSCF,ASLI,I:ASLI,SCSCF,T:ASLI,SCSCF,I-500:SCSCF,ASLI,A:SCSCF,MTAS,I:MTAS,SCSCF,T:MTAS,SCSCF,I:SCSCF,MTAS,T:SCSCF,PCSCF,I:PCSCF,SCSCF,T:PCSCF,SCSCF,R:SCSCF,MTAS,R:MTAS,SCSCF,R:ICSCF,GTW,R:GTW,SCSCF,P:SCSCF,MTAS,P:MTAS,SCSCF,P:SCSCF,PCSCF,P:PCSCF,SCSCF,P-200:SCSCF,MTAS,P-200:MTAS,SCSCF,P-200:SCSCF,GTW,P-200:MTAS,SCSCF,C:SCSCF,MTAS,C-200:SCSCF,PCSCF,C:PCSCF,SCSCF,C-200:PCSCF,SCSCF,I-487:SCSCF,PCSCF,A:SCSCF,MTAS,I-487:MTAS,SCSCF,A:MTAS,SCSCF,W:ICSCF,GTW,W:MTAS,SCSCF,S:ICSCF,GTW,S:GTW,SCSCF,P:SCSCF,MTAS,P:MTAS,SCSCF,P-200:SCSCF,GTW,P-200:MTAS,SCSCF,S:ICSCF,GTW,S:GTW,SCSCF,P:SCSCF,MTAS,P:MTAS,SCSCF,P-200:SCSCF,GTW,P-200:MTAS,SCSCF,S:ICSCF,GTW,S:GTW,SCSCF,P:SCSCF,MTAS,P:MTAS,SCSCF,P-200:SCSCF,GTW,P-200:MTAS,SCSCF,R:ICSCF,GTW,R:GTW,SCSCF,P:SCSCF,MTAS,P:MTAS,SCSCF,P-200:SCSCF,GTW,P-200:MTAS,SCSCF,I-200:ICSCF,GTW,I-200:GTW,SCSCF,A:SCSCF,MTAS,A:MTAS,SCSCF,B:SCSCF,GTW,B:GTW,SCSCF,B-200:SCSCF,MTAS,B-200"
607,607,0,1,0.74760926,"PCSCF,SCSCF,I:SCSCF,ASLI,I:ASLI,SCSCF,T:ASLI,SCSCF,I-500:SCSCF,ASLI,A:SCSCF,PCSCF,T:MTAS,SCSCF,I:SCSCF,MTAS,T:SCSCF,GTW,I:GTW,SCSCF,T:GTW,SCSCF,I-200:SCSCF,MTAS,I-200:SCSCF,PCSCF,I-200:PCSCF,SCSCF,A:SCSCF,MTAS,A:MTAS,SCSCF,A:SCSCF,GTW,A:PCSCF,SCSCF,B:MTAS,SCSCF,B:SCSCF,GTW,B:GTW,SCSCF,B-200:SCSCF,MTAS,B-200:SCSCF,PCSCF,B-200"
608,608,0,1,0.70915884,"PCSCF,SCSCF,I:SCSCF,PCSCF,T:SCSCF,ASLI,I:ASLI,SCSCF,T:ASLI,SCSCF,I-500:SCSCF,ASLI,A:MTAS,SCSCF,I:SCSCF,MTAS,T:SCSCF,GTW,I:GTW,SCSCF,T:GTW,SCSCF,R:SCSCF,MTAS,R:SCSCF,PCSCF,R:PCSCF,SCSCF,P:MTAS,SCSCF,P:SCSCF,GTW,P:GTW,SCSCF,P-200:SCSCF,MTAS,P-200:SCSCF,PCSCF,P-200:GTW,SCSCF,I-200:SCSCF,MTAS,I-200:SCSCF,PCSCF,I-200:PCSCF,SCSCF,A:SCSCF,MTAS,A:MTAS,SCSCF,A:SCSCF,GTW,A:MTAS,SCSCF,U:SCSCF,GTW,U:GTW,SCSCF,U-200:SCSCF,MTAS,U-200:SCSCF,PCSCF,U:PCSCF,SCSCF,U-200:SCSCF,MTAS,U-200:GTW,SCSCF,B:MTAS,SCSCF,B:SCSCF,PCSCF,B:PCSCF,SCSCF,B-200:SCSCF,MTAS,B-200:SCSCF,GTW,B-200"
609,609,0,0,0.9546147,"PCSCF,SCSCF,I:SCSCF,PCSCF,T:SCSCF,ASLI,I:ASLI,SCSCF,T:ASLI,SCSCF,I-500:MTAS,SCSCF,I:SCSCF,MTAS,T:SCSCF,ASLI,A:SCSCF,GTW,I:GTW,SCSCF,T:GTW,SCSCF,R:SCSCF,MTAS,R:SCSCF,PCSCF,R:PCSCF,SCSCF,P:MTAS,SCSCF,P:SCSCF,GTW,P:GTW,SCSCF,P-200:SCSCF,MTAS,P-200:SCSCF,PCSCF,P-200:GTW,SCSCF,I-200:SCSCF,MTAS,I-200:SCSCF,PCSCF,I-200:PCSCF,SCSCF,A:SCSCF,MTAS,A:MTAS,SCSCF,A:SCSCF,GTW,A:PCSCF,SCSCF,B:MTAS,SCSCF,B:SCSCF,GTW,B:GTW,SCSCF,B-200:SCSCF,MTAS,B-200:SCSCF,PCSCF,B-200"
610,610,0,1,0.52640724,"PCSCF,SCSCF,I:SCSCF,ASLI,I:ASLI,SCSCF,T:ASLI,SCSCF,I-500:SCSCF,ASLI,A:SCSCF,PCSCF,T:MTAS,SCSCF,I:SCSCF,MTAS,T:SCSCF,GTW,I:GTW,SCSCF,T:GTW,SCSCF,S:SCSCF,MTAS,S:SCSCF,PCSCF,S:PCSCF,SCSCF,P:SCSCF,MTAS,P:MTAS,SCSCF,P:SCSCF,GTW,P:GTW,SCSCF,P-200:GTW,SCSCF,S:SCSCF,MTAS,S:SCSCF,MTAS,P-200:MTAS,SCSCF,P-200:SCSCF,PCSCF,P-200:SCSCF,PCSCF,S:PCSCF,SCSCF,P:SCSCF,MTAS,P:MTAS,SCSCF,P:SCSCF,GTW,P:GTW,SCSCF,P-200:SCSCF,MTAS,P-200:MTAS,SCSCF,P-200:SCSCF,PCSCF,P-200:GTW,SCSCF,R:SCSCF,MTAS,R:SCSCF,PCSCF,R:PCSCF,SCSCF,P:SCSCF,MTAS,P:MTAS,SCSCF,P:SCSCF,GTW,P:GTW,SCSCF,P-200:SCSCF,MTAS,P-200:MTAS,SCSCF,P-200:SCSCF,PCSCF,P-200:GTW,SCSCF,I-200:SCSCF,MTAS,I-200:SCSCF,PCSCF,I-200:PCSCF,SCSCF,A:SCSCF,MTAS,A:MTAS,SCSCF,A:SCSCF,GTW,A:GTW,SCSCF,B:MTAS,SCSCF,B:SCSCF,PCSCF,B:PCSCF,SCSCF,B-200:SCSCF,MTAS,B-200:SCSCF,GTW,B-200"
611,611,0,1,0.42221147,"PCSCF,SCSCF,I:SCSCF,ASLI,I:SCSCF,PCSCF,T:ASLI,SCSCF,T:ASLI,SCSCF,I-500:SCSCF,ASLI,A:MTAS,SCSCF,I:SCSCF,MTAS,T:SCSCF,GTW,I:GTW,SCSCF,T:PCSCF,SCSCF,C:SCSCF,PCSCF,C-200:MTAS,SCSCF,C:SCSCF,MTAS,C-200:SCSCF,GTW,C:GTW,SCSCF,C-200:GTW,SCSCF,I-487:SCSCF,GTW,A:SCSCF,MTAS,I-487:MTAS,SCSCF,A:SCSCF,PCSCF,I-487:PCSCF,SCSCF,A"
612,612,0,1,0.19044286,"PCSCF,SCSCF,I:SCSCF,PCSCF,T:SCSCF,ASLI,I:ASLI,SCSCF,T:ASLI,SCSCF,I-500:MTAS,SCSCF,I:SCSCF,ASLI,A:SCSCF,MTAS,T:SCSCF,GTW,I:GTW,SCSCF,T:GTW,SCSCF,R:SCSCF,MTAS,R:SCSCF,PCSCF,R:PCSCF,SCSCF,P:MTAS,SCSCF,P:SCSCF,GTW,P:GTW,SCSCF,P-200:GTW,SCSCF,I-200:SCSCF,MTAS,I-200:SCSCF,MTAS,P-200:SCSCF,PCSCF,I-200:SCSCF,PCSCF,P-200:PCSCF,SCSCF,A:SCSCF,MTAS,A:MTAS,SCSCF,A:SCSCF,GTW,A:MTAS,SCSCF,U:SCSCF,GTW,U:GTW,SCSCF,U-200:SCSCF,MTAS,U-200:SCSCF,PCSCF,U:PCSCF,SCSCF,U-200:SCSCF,MTAS,U-200:MTAS,SCSCF,U:SCSCF,GTW,U:GTW,SCSCF,U-200:SCSCF,MTAS,U-200:MTAS,SCSCF,U:SCSCF,PCSCF,U:PCSCF,SCSCF,U-200:SCSCF,MTAS,U-200:GTW,SCSCF,B:MTAS,SCSCF,B:SCSCF,PCSCF,B:PCSCF,SCSCF,B-200:SCSCF,MTAS,B-200:SCSCF,GTW,B-200"
613,613,0,0,0.9319062,"GTW,ICSCF,I:ICSCF,GTW,T:SCSCF,ASLI,I:ASLI,SCSCF,T:ASLI,SCSCF,I-500:SCSCF,ASLI,A:SCSCF,MTAS,I:MTAS,SCSCF,T:MTAS,SCSCF,I:SCSCF,MTAS,T:SCSCF,PCSCF,I:PCSCF,SCSCF,T:PCSCF,SCSCF,R:SCSCF,MTAS,R:MTAS,SCSCF,R:ICSCF,GTW,R:GTW,SCSCF,P:SCSCF,MTAS,P:MTAS,SCSCF,P:SCSCF,PCSCF,P:PCSCF,SCSCF,P-200:SCSCF,MTAS,P-200:MTAS,SCSCF,P-200:SCSCF,GTW,P-200:PCSCF,SCSCF,I-200:SCSCF,MTAS,I-200:MTAS,SCSCF,I-200:ICSCF,GTW,I-200:GTW,SCSCF,A:SCSCF,MTAS,A:MTAS,SCSCF,A:SCSCF,PCSCF,A:MTAS,SCSCF,U:SCSCF,PCSCF,U:PCSCF,SCSCF,U-200:SCSCF,MTAS,U-200:MTAS,SCSCF,U:SCSCF,GTW,U:GTW,SCSCF,U-200:SCSCF,MTAS,U-200:MTAS,SCSCF,U:SCSCF,PCSCF,U:PCSCF,SCSCF,U-200:SCSCF,MTAS,U-200:MTAS,SCSCF,U:SCSCF,GTW,U:GTW,SCSCF,U-200:SCSCF,MTAS,U-200:MTAS,SCSCF,U:SCSCF,PCSCF,U:PCSCF,SCSCF,U-200:SCSCF,MTAS,U-200:MTAS,SCSCF,U:SCSCF,GTW,U:GTW,SCSCF,U-200:SCSCF,MTAS,U-200:GTW,SCSCF,B:SCSCF,MTAS,B:MTAS,SCSCF,B:SCSCF,PCSCF,B:PCSCF,SCSCF,B-200:SCSCF,MTAS,B-200:MTAS,SCSCF,B-200:SCSCF,GTW,B-200"
614,614,0,1,0.268088,"GTW,ICSCF,I:ICSCF,GTW,T:SCSCF,ASLI,I:ASLI,SCSCF,T:ASLI,SCSCF,I-500:SCSCF,ASLI,A:SCSCF,MTAS,I:MTAS,SCSCF,T:MTAS,SCSCF,I:SCSCF,MTAS,T:SCSCF,PCSCF,I:PCSCF,SCSCF,T:PCSCF,SCSCF,R:SCSCF,MTAS,R:MTAS,SCSCF,R:ICSCF,GTW,R:GTW,SCSCF,P:SCSCF,MTAS,P:MTAS,SCSCF,P:SCSCF,PCSCF,P:PCSCF,SCSCF,P-200:SCSCF,MTAS,P-200:MTAS,SCSCF,P-200:SCSCF,GTW,P-200:PCSCF,SCSCF,I-200:SCSCF,MTAS,I-200:MTAS,SCSCF,I-200:ICSCF,GTW,I-200:GTW,SCSCF,A:SCSCF,MTAS,A:MTAS,SCSCF,A:SCSCF,PCSCF,A:GTW,SCSCF,B:SCSCF,MTAS,B:MTAS,SCSCF,B:SCSCF,PCSCF,B:PCSCF,SCSCF,B:PCSCF,SCSCF,B-200:SCSCF,MTAS,B-200:SCSCF,PCSCF,B-481:MTAS,SCSCF,B-200:SCSCF,GTW,B-200"
615,615,0,1,0.54329884,"PCSCF,SCSCF,I:SCSCF,ASLI,I:ASLI,SCSCF,T:SCSCF,PCSCF,T:ASLI,SCSCF,I-500:SCSCF,ASLI,A:MTAS,SCSCF,I:SCSCF,MTAS,T:SCSCF,GTW,I:GTW,SCSCF,T:GTW,SCSCF,S:SCSCF,MTAS,S:SCSCF,PCSCF,S:PCSCF,SCSCF,P:MTAS,SCSCF,P:SCSCF,GTW,P:GTW,SCSCF,P-200:SCSCF,MTAS,P-200:SCSCF,PCSCF,P-200:GTW,SCSCF,I-200:SCSCF,MTAS,I-200:SCSCF,PCSCF,I-200:PCSCF,SCSCF,A:SCSCF,MTAS,A:MTAS,SCSCF,A:SCSCF,GTW,A:PCSCF,SCSCF,B:SCSCF,MTAS,B:MTAS,SCSCF,B:SCSCF,GTW,B:GTW,SCSCF,B-200:SCSCF,MTAS,B-200:MTAS,SCSCF,B-200:SCSCF,PCSCF,B-200"
616,616,0,1,0.681214,"PCSCF,SCSCF,I:SCSCF,PCSCF,T:SCSCF,ASLI,I:ASLI,SCSCF,T:ASLI,SCSCF,I-500:SCSCF,ASLI,A:MTAS,SCSCF,I:SCSCF,MTAS,T:SCSCF,GTW,I:GTW,SCSCF,T:GTW,SCSCF,S:SCSCF,MTAS,S:SCSCF,PCSCF,S:PCSCF,SCSCF,P:SCSCF,MTAS,P:MTAS,SCSCF,P:SCSCF,GTW,P:GTW,SCSCF,P-200:GTW,SCSCF,R:SCSCF,MTAS,R:SCSCF,MTAS,P-200:MTAS,SCSCF,P-200:SCSCF,PCSCF,P-200:SCSCF,PCSCF,R:PCSCF,SCSCF,P:SCSCF,MTAS,P:MTAS,SCSCF,P:SCSCF,GTW,P:GTW,SCSCF,P-200:SCSCF,MTAS,P-200:MTAS,SCSCF,P-200:SCSCF,PCSCF,P-200:GTW,SCSCF,I-200:SCSCF,MTAS,I-200:SCSCF,PCSCF,I-200:PCSCF,SCSCF,A:SCSCF,MTAS,A:MTAS,SCSCF,A:SCSCF,GTW,A:PCSCF,SCSCF,B:SCSCF,MTAS,B:MTAS,SCSCF,B:SCSCF,GTW,B:GTW,SCSCF,B-200:SCSCF,MTAS,B-200:MTAS,SCSCF,B-200:SCSCF,PCSCF,B-200"
617,617,0,1,0.8202469,"GTW,ICSCF,I:ICSCF,GTW,T:SCSCF,ASLI,I:ASLI,SCSCF,T:ASLI,SCSCF,I-500:SCSCF,MTAS,I:MTAS,SCSCF,T:MTAS,SCSCF,I:SCSCF,MTAS,T:SCSCF,ASLI,A:SCSCF,PCSCF,I:PCSCF,SCSCF,T:PCSCF,SCSCF,R:SCSCF,MTAS,R:MTAS,SCSCF,R:ICSCF,GTW,R:GTW,SCSCF,P:SCSCF,MTAS,P:MTAS,SCSCF,P:SCSCF,PCSCF,P:PCSCF,SCSCF,P-200:SCSCF,MTAS,P-200:MTAS,SCSCF,P-200:SCSCF,GTW,P-200:PCSCF,SCSCF,I-200:SCSCF,MTAS,I-200:MTAS,SCSCF,I-200:ICSCF,GTW,I-200:GTW,SCSCF,A:SCSCF,MTAS,A:MTAS,SCSCF,A:SCSCF,PCSCF,A:GTW,SCSCF,B:SCSCF,MTAS,B:MTAS,SCSCF,B:SCSCF,PCSCF,B:PCSCF,SCSCF,B-200:SCSCF,MTAS,B-200:MTAS,SCSCF,B-200:SCSCF,GTW,B-200"
618,618,0,1,0.37729192,"PCSCF,SCSCF,I:SCSCF,PCSCF,T:SCSCF,PCSCF,I-407:PCSCF,SCSCF,A:PCSCF,SCSCF,I:SCSCF,PCSCF,T:SCSCF,ASLI,I:ASLI,SCSCF,T:ASLI,SCSCF,I-500:SCSCF,ASLI,A:MTAS,SCSCF,I:SCSCF,MTAS,T:SCSCF,GTW,I:GTW,SCSCF,T:PCSCF,SCSCF,C:SCSCF,PCSCF,C-200:MTAS,SCSCF,C:SCSCF,MTAS,C-200:SCSCF,GTW,C:GTW,SCSCF,C-200:GTW,SCSCF,I-487:SCSCF,GTW,A:SCSCF,MTAS,I-487:MTAS,SCSCF,A:SCSCF,PCSCF,I-487:PCSCF,SCSCF,A"
619,619,0,1,0.30602652,"PCSCF,SCSCF,I:SCSCF,ASLI,I:ASLI,SCSCF,T:ASLI,SCSCF,I-500:SCSCF,ASLI,A:MTAS,SCSCF,I:SCSCF,MTAS,T:SCSCF,PCSCF,T:SCSCF,ASLI,I:ASLI,SCSCF,T:ASLI,SCSCF,I-500:SCSCF,ASLI,A:SCSCF,MTAS,I:MTAS,SCSCF,T:MTAS,SCSCF,I-486:SCSCF,MTAS,A:SCSCF,MTAS,I-486:MTAS,SCSCF,A:SCSCF,PCSCF,S:PCSCF,SCSCF,P:SCSCF,PCSCF,P-200:PCSCF,SCSCF,C:SCSCF,PCSCF,C-200:SCSCF,PCSCF,I-487:PCSCF,SCSCF,A"
620,620,0,1,0.37054878,"GTW,ICSCF,I:ICSCF,GTW,T:SCSCF,ASLI,I:ASLI,SCSCF,T:ASLI,SCSCF,I-500:SCSCF,ASLI,A:SCSCF,MTAS,I:MTAS,SCSCF,T:MTAS,SCSCF,I:SCSCF,MTAS,T:SCSCF,PCSCF,I:PCSCF,SCSCF,T:PCSCF,SCSCF,R:SCSCF,MTAS,R:MTAS,SCSCF,R:ICSCF,GTW,R:GTW,SCSCF,P:SCSCF,MTAS,P:MTAS,SCSCF,P:SCSCF,PCSCF,P:PCSCF,SCSCF,P-200:SCSCF,MTAS,P-200:MTAS,SCSCF,P-200:SCSCF,GTW,P-200:PCSCF,SCSCF,I-200:SCSCF,MTAS,I-200:MTAS,SCSCF,I-200:ICSCF,GTW,I-200:GTW,SCSCF,A:SCSCF,MTAS,A:MTAS,SCSCF,A:SCSCF,PCSCF,A:MTAS,SCSCF,U:SCSCF,GTW,U:GTW,SCSCF,U-200:SCSCF,PCSCF,U:SCSCF,MTAS,U-200:PCSCF,SCSCF,U-200:SCSCF,MTAS,U-200:MTAS,SCSCF,U:SCSCF,GTW,U:GTW,SCSCF,U-200:SCSCF,MTAS,U-200:MTAS,SCSCF,U:SCSCF,PCSCF,U:PCSCF,SCSCF,U-200:SCSCF,MTAS,U-200:MTAS,SCSCF,U:SCSCF,GTW,U:GTW,SCSCF,U-200:SCSCF,PCSCF,U:PCSCF,SCSCF,U-200:SCSCF,MTAS,U-200:MTAS,SCSCF,U:SCSCF,MTAS,U-200:MTAS,SCSCF,U:SCSCF,GTW,U:GTW,SCSCF,U-200:SCSCF,MTAS,U-200:SCSCF,PCSCF,U:PCSCF,SCSCF,U-200:SCSCF,MTAS,U-200:MTAS,SCSCF,U:SCSCF,GTW,U:SCSCF,PCSCF,U:GTW,SCSCF,U-200:SCSCF,MTAS,U-200:PCSCF,SCSCF,U-200:SCSCF,MTAS,U-200:PCSCF,SCSCF,B:SCSCF,MTAS,B:MTAS,SCSCF,B:SCSCF,GTW,B:GTW,SCSCF,B-200:SCSCF,MTAS,B-200:MTAS,SCSCF,B-200:SCSCF,PCSCF,B-200"
621,621,0,1,0.18893124,"PCSCF,SCSCF,I:SCSCF,PCSCF,T:SCSCF,PCSCF,I-407:PCSCF,SCSCF,A:PCSCF,SCSCF,I:SCSCF,PCSCF,T:SCSCF,ASLI,I:ASLI,SCSCF,T:ASLI,SCSCF,I-500:SCSCF,ASLI,A:MTAS,SCSCF,I:SCSCF,MTAS,T:SCSCF,GTW,I:GTW,SCSCF,T:GTW,SCSCF,S:SCSCF,MTAS,S:SCSCF,PCSCF,S:PCSCF,SCSCF,P:MTAS,SCSCF,P:SCSCF,GTW,P:GTW,SCSCF,P-200:SCSCF,MTAS,P-200:SCSCF,PCSCF,P-200:GTW,SCSCF,S:SCSCF,MTAS,S:SCSCF,PCSCF,S:PCSCF,SCSCF,P:MTAS,SCSCF,P:SCSCF,GTW,P:GTW,SCSCF,P-200:SCSCF,MTAS,P-200:SCSCF,PCSCF,P-200:GTW,SCSCF,I-480:SCSCF,GTW,A:SCSCF,MTAS,I-480:MTAS,SCSCF,A:SCSCF,PCSCF,I-480:PCSCF,SCSCF,A"
622,622,0,0,0.9990366,"GTW,ICSCF,I:ICSCF,GTW,T:SCSCF,ASLI,I:ASLI,SCSCF,T:ASLI,SCSCF,I-500:SCSCF,MTAS,I:SCSCF,ASLI,A:MTAS,SCSCF,T:MTAS,SCSCF,I:SCSCF,MTAS,T:SCSCF,PCSCF,I:PCSCF,SCSCF,T:PCSCF,SCSCF,R:SCSCF,MTAS,R:MTAS,SCSCF,R:ICSCF,GTW,R:GTW,SCSCF,P:SCSCF,MTAS,P:MTAS,SCSCF,P:SCSCF,PCSCF,P:SCSCF,MTAS,P-200:PCSCF,SCSCF,P-200:MTAS,SCSCF,P-200:SCSCF,GTW,P-200:PCSCF,SCSCF,I-200:SCSCF,MTAS,I-200:MTAS,SCSCF,I-200:ICSCF,GTW,I-200:GTW,SCSCF,A:SCSCF,MTAS,A:MTAS,SCSCF,A:SCSCF,PCSCF,A:PCSCF,SCSCF,B:SCSCF,MTAS,B:MTAS,SCSCF,B:SCSCF,GTW,B:GTW,SCSCF,B-200:SCSCF,MTAS,B-200:MTAS,SCSCF,B-200:SCSCF,PCSCF,B-200"
623,623,0,0,0.99898475,"MTAS,SCSCF,I:SCSCF,MTAS,T:SCSCF,PCSCF,I:PCSCF,SCSCF,T:PCSCF,SCSCF,R:SCSCF,MTAS,R:MTAS,SCSCF,P:SCSCF,PCSCF,P:PCSCF,SCSCF,P-200:SCSCF,MTAS,P-200:PCSCF,SCSCF,I-200:SCSCF,MTAS,I-200:MTAS,SCSCF,A:SCSCF,PCSCF,A:PCSCF,SCSCF,B:SCSCF,MTAS,B:MTAS,SCSCF,B-200:SCSCF,PCSCF,B-200"
624,624,0,1,0.6528283,"GTW,ICSCF,I:ICSCF,GTW,T:SCSCF,ASLI,I:ASLI,SCSCF,T:ASLI,SCSCF,I-500:SCSCF,ASLI,A:SCSCF,MTAS,I:MTAS,SCSCF,T:MTAS,SCSCF,I:SCSCF,MTAS,T:SCSCF,PCSCF,I:PCSCF,SCSCF,T:PCSCF,SCSCF,R:SCSCF,MTAS,R:PCSCF,SCSCF,I-488:SCSCF,PCSCF,A:SCSCF,MTAS,I-488:MTAS,SCSCF,A:MTAS,SCSCF,R:MTAS,SCSCF,I-488:ICSCF,GTW,R:SCSCF,MTAS,A:ICSCF,GTW,I-488:GTW,SCSCF,P:GTW,ICSCF,A:SCSCF,GTW,P-481:GTW,ICSCF,C:ICSCF,GTW,C-200"
625,625,0,0,0.8689586,"PCSCF,SCSCF,I:SCSCF,PCSCF,T:SCSCF,BCCAS,I:BCCAS,SCSCF,T:BCCAS,SCSCF,I-500:SCSCF,BCCAS,A:SCSCF,ASLI,I:ASLI,SCSCF,T:ASLI,SCSCF,I-500:SCSCF,ASLI,A:SCSCF,BCCAS,I:BCCAS,SCSCF,T:BCCAS,SCSCF,I:SCSCF,BCCAS,T:SCSCF,GTW,I:GTW,SCSCF,T:GTW,SCSCF,S:SCSCF,BCCAS,S:BCCAS,SCSCF,S:SCSCF,PCSCF,S:PCSCF,SCSCF,P:SCSCF,BCCAS,P:BCCAS,SCSCF,P:SCSCF,GTW,P:GTW,SCSCF,P-200:GTW,SCSCF,R:SCSCF,BCCAS,R:SCSCF,BCCAS,P-200:BCCAS,SCSCF,P-200:BCCAS,SCSCF,R:SCSCF,PCSCF,P-200:SCSCF,PCSCF,R:PCSCF,SCSCF,P:SCSCF,BCCAS,P:BCCAS,SCSCF,P:SCSCF,GTW,P:GTW,SCSCF,P-200:SCSCF,BCCAS,P-200:BCCAS,SCSCF,P-200:SCSCF,PCSCF,P-200:GTW,SCSCF,I-200:SCSCF,BCCAS,I-200:BCCAS,SCSCF,I-200:SCSCF,PCSCF,I-200:PCSCF,SCSCF,A:SCSCF,BCCAS,A:BCCAS,SCSCF,A:SCSCF,GTW,A:PCSCF,SCSCF,B:SCSCF,BCCAS,B:BCCAS,SCSCF,B:SCSCF,GTW,B:GTW,SCSCF,B-200:SCSCF,BCCAS,B-200:BCCAS,SCSCF,B-200:SCSCF,PCSCF,B-200"
626,626,0,0,0.939029,"GTW,ICSCF,I:ICSCF,GTW,T:SCSCF,ASLI,I:ASLI,SCSCF,T:ASLI,SCSCF,I-500:SCSCF,ASLI,A:SCSCF,MTAS,I:MTAS,SCSCF,T:MTAS,SCSCF,I:SCSCF,MTAS,T:SCSCF,PCSCF,I:PCSCF,SCSCF,T:PCSCF,SCSCF,R:SCSCF,MTAS,R:MTAS,SCSCF,R:ICSCF,GTW,R:GTW,SCSCF,P:SCSCF,MTAS,P:MTAS,SCSCF,P:SCSCF,PCSCF,P:PCSCF,SCSCF,P-200:SCSCF,MTAS,P-200:MTAS,SCSCF,P-200:SCSCF,GTW,P-200:PCSCF,SCSCF,I-200:SCSCF,MTAS,I-200:MTAS,SCSCF,I-200:ICSCF,GTW,I-200:GTW,SCSCF,A:SCSCF,MTAS,A:MTAS,SCSCF,A:SCSCF,PCSCF,A:MTAS,SCSCF,U:SCSCF,PCSCF,U:SCSCF,GTW,U:GTW,SCSCF,U-200:SCSCF,MTAS,U-200:PCSCF,SCSCF,U-200:SCSCF,MTAS,U-200:MTAS,SCSCF,U:SCSCF,GTW,U:GTW,SCSCF,U-200:SCSCF,MTAS,U-200:MTAS,SCSCF,U:SCSCF,PCSCF,U:PCSCF,SCSCF,U-200:SCSCF,MTAS,U-200:MTAS,SCSCF,U:SCSCF,GTW,U:GTW,SCSCF,U-200:SCSCF,MTAS,U-200:MTAS,SCSCF,U:SCSCF,PCSCF,U:PCSCF,SCSCF,U-200:SCSCF,MTAS,U-200:PCSCF,SCSCF,B:SCSCF,MTAS,B:MTAS,SCSCF,B:SCSCF,GTW,B:GTW,SCSCF,B:SCSCF,MTAS,B:MTAS,SCSCF,B-200:GTW,SCSCF,B-200:SCSCF,GTW,B-200:SCSCF,MTAS,B-200:MTAS,SCSCF,B-200:SCSCF,PCSCF,B-200"
627,627,0,1,0.5142434,"PCSCF,SCSCF,I:SCSCF,PCSCF,T:SCSCF,PCSCF,I-407:PCSCF,SCSCF,A:PCSCF,SCSCF,I:SCSCF,PCSCF,T:SCSCF,ASLI,I:ASLI,SCSCF,T:ASLI,SCSCF,I-500:SCSCF,ASLI,A:MTAS,SCSCF,I:SCSCF,MTAS,T:SCSCF,GTW,I:GTW,SCSCF,T:GTW,SCSCF,S:SCSCF,MTAS,S:SCSCF,PCSCF,S:PCSCF,SCSCF,P:SCSCF,MTAS,P:MTAS,SCSCF,P:SCSCF,GTW,P:GTW,SCSCF,P-200:SCSCF,MTAS,P-200:MTAS,SCSCF,P-200:SCSCF,PCSCF,P-200:GTW,SCSCF,R:SCSCF,MTAS,R:SCSCF,PCSCF,R:GTW,SCSCF,I-480:SCSCF,GTW,A:SCSCF,MTAS,I-480:MTAS,SCSCF,A:PCSCF,SCSCF,P:SCSCF,MTAS,P:SCSCF,PCSCF,I-480:PCSCF,SCSCF,A:SCSCF,MTAS,P:MTAS,SCSCF,P-481:SCSCF,PCSCF,P-481"
628,628,0,1,0.55374753,"PCSCF,SCSCF,I:SCSCF,PCSCF,T:SCSCF,PCSCF,I-407:PCSCF,SCSCF,A:PCSCF,SCSCF,I:SCSCF,PCSCF,T:SCSCF,ASLI,I:ASLI,SCSCF,T:ASLI,SCSCF,I-500:SCSCF,ASLI,A:MTAS,SCSCF,I:SCSCF,MTAS,T:SCSCF,GTW,I:GTW,SCSCF,T:GTW,SCSCF,R:SCSCF,MTAS,R:SCSCF,PCSCF,R:PCSCF,SCSCF,P:MTAS,SCSCF,P:SCSCF,GTW,P:GTW,SCSCF,P-200:SCSCF,MTAS,P-200:SCSCF,PCSCF,P-200:GTW,SCSCF,I-200:SCSCF,MTAS,I-200:SCSCF,PCSCF,I-200:PCSCF,SCSCF,A:SCSCF,MTAS,A:MTAS,SCSCF,A:SCSCF,GTW,A:MTAS,SCSCF,U:SCSCF,GTW,U:GTW,SCSCF,U-200:SCSCF,MTAS,U-200:SCSCF,PCSCF,U:PCSCF,SCSCF,U-200:SCSCF,MTAS,U-200:MTAS,SCSCF,U:SCSCF,GTW,U:GTW,SCSCF,U-200:SCSCF,MTAS,U-200:MTAS,SCSCF,U:SCSCF,PCSCF,U:PCSCF,SCSCF,U-200:SCSCF,MTAS,U-200:PCSCF,SCSCF,B:MTAS,SCSCF,B:SCSCF,GTW,B:GTW,SCSCF,B-200:SCSCF,MTAS,B-200:SCSCF,PCSCF,B-200"
629,629,0,1,0.6784695,"PCSCF,SCSCF,I:SCSCF,PCSCF,T:SCSCF,ASLI,I:ASLI,SCSCF,T:ASLI,SCSCF,I-500:SCSCF,ASLI,A:MTAS,SCSCF,I:SCSCF,MTAS,T:SCSCF,GTW,I:GTW,SCSCF,T:GTW,SCSCF,S:SCSCF,MTAS,S:SCSCF,PCSCF,S:PCSCF,SCSCF,P:MTAS,SCSCF,P:SCSCF,GTW,P:GTW,SCSCF,P-200:GTW,SCSCF,S:SCSCF,MTAS,P-200:SCSCF,PCSCF,P-200:SCSCF,MTAS,S:SCSCF,PCSCF,S:PCSCF,SCSCF,P:MTAS,SCSCF,P:SCSCF,GTW,P:GTW,SCSCF,P-200:SCSCF,MTAS,P-200:SCSCF,PCSCF,P-200:GTW,SCSCF,I-200:SCSCF,MTAS,I-200:SCSCF,PCSCF,I-200:PCSCF,SCSCF,A:SCSCF,MTAS,A:MTAS,SCSCF,A:SCSCF,GTW,T:SCSCF,GTW,A:GTW,SCSCF,I:MTAS,SCSCF,I:SCSCF,MTAS,T:SCSCF,PCSCF,I:PCSCF,SCSCF,I-200:SCSCF,MTAS,I-200:SCSCF,GTW,I-200:GTW,SCSCF,A:MTAS,SCSCF,A:SCSCF,PCSCF,A:PCSCF,SCSCF,B:MTAS,SCSCF,B:SCSCF,GTW,B:GTW,SCSCF,B-200:SCSCF,MTAS,B-200:SCSCF,PCSCF,B-200"
630,630,0,1,0.7328329,"PCSCF,SCSCF,I:SCSCF,PCSCF,T:SCSCF,PCSCF,I-407:PCSCF,SCSCF,A:PCSCF,SCSCF,I:SCSCF,PCSCF,T:SCSCF,ASLI,I:ASLI,SCSCF,T:ASLI,SCSCF,I-500:SCSCF,ASLI,A:MTAS,SCSCF,I:SCSCF,MTAS,T:SCSCF,GTW,I:GTW,SCSCF,T:GTW,SCSCF,R:SCSCF,MTAS,R:SCSCF,PCSCF,R:GTW,SCSCF,R:SCSCF,MTAS,R:SCSCF,PCSCF,R:GTW,SCSCF,I-200:SCSCF,MTAS,I-200:SCSCF,PCSCF,I-200:PCSCF,SCSCF,A:SCSCF,MTAS,A:MTAS,SCSCF,A:SCSCF,GTW,A:MTAS,SCSCF,U:SCSCF,GTW,U:GTW,SCSCF,U-200:SCSCF,MTAS,U-200:SCSCF,PCSCF,U:PCSCF,SCSCF,U-200:SCSCF,MTAS,U-200:MTAS,SCSCF,U:SCSCF,GTW,U:SCSCF,PCSCF,U:GTW,SCSCF,U-200:SCSCF,MTAS,U-200:PCSCF,SCSCF,U-200:SCSCF,MTAS,U-200:GTW,SCSCF,B:MTAS,SCSCF,B:SCSCF,PCSCF,B:PCSCF,SCSCF,B-200:SCSCF,MTAS,B-200:SCSCF,GTW,B-200"
631,631,0,1,0.2694309,"PCSCF,SCSCF,I:SCSCF,ASLI,I:ASLI,SCSCF,T:SCSCF,PCSCF,T:ASLI,SCSCF,I-500:SCSCF,ASLI,A:MTAS,SCSCF,I:SCSCF,MTAS,T:SCSCF,GTW,I:GTW,SCSCF,T:GTW,SCSCF,S:SCSCF,MTAS,S:SCSCF,PCSCF,S:PCSCF,SCSCF,P:SCSCF,MTAS,P:MTAS,SCSCF,P:SCSCF,GTW,P:GTW,SCSCF,P-200:SCSCF,MTAS,P-200:MTAS,SCSCF,P-200:SCSCF,PCSCF,P-200:GTW,SCSCF,R:SCSCF,MTAS,R:SCSCF,PCSCF,R:PCSCF,SCSCF,P:SCSCF,MTAS,P:MTAS,SCSCF,P:SCSCF,GTW,P:GTW,SCSCF,P-200:SCSCF,MTAS,P-200:MTAS,SCSCF,P-200:SCSCF,PCSCF,P-200:PCSCF,SCSCF,C:MTAS,SCSCF,C:SCSCF,MTAS,C-200:SCSCF,GTW,C:GTW,SCSCF,C-200:GTW,SCSCF,I-487:SCSCF,GTW,A:SCSCF,MTAS,I-487:MTAS,SCSCF,A:SCSCF,PCSCF,C-200:SCSCF,PCSCF,I-487:PCSCF,SCSCF,A"
632,632,0,1,0.66667664,"GTW,ICSCF,I:ICSCF,GTW,T:SCSCF,ASLI,I:ASLI,SCSCF,T:ASLI,SCSCF,I-500:SCSCF,ASLI,A:SCSCF,MTAS,I:MTAS,SCSCF,T:MTAS,SCSCF,I:SCSCF,MTAS,T:SCSCF,PCSCF,I:PCSCF,SCSCF,T:PCSCF,SCSCF,R:SCSCF,MTAS,R:MTAS,SCSCF,R:ICSCF,GTW,R:GTW,SCSCF,P:SCSCF,MTAS,P:MTAS,SCSCF,P:SCSCF,PCSCF,P:PCSCF,SCSCF,P-200:SCSCF,MTAS,P-200:MTAS,SCSCF,P-200:SCSCF,GTW,P-200:PCSCF,SCSCF,I-200:SCSCF,MTAS,I-200:MTAS,SCSCF,I-200:ICSCF,GTW,I-200:GTW,SCSCF,A:SCSCF,MTAS,A:MTAS,SCSCF,A:SCSCF,PCSCF,A:MTAS,SCSCF,U:SCSCF,PCSCF,U:MTAS,SCSCF,U:PCSCF,SCSCF,U-200:SCSCF,GTW,U:SCSCF,MTAS,U-200:GTW,SCSCF,U-200:SCSCF,MTAS,U-200:PCSCF,SCSCF,B:SCSCF,MTAS,B:MTAS,SCSCF,B:SCSCF,GTW,B:GTW,SCSCF,B-200:SCSCF,MTAS,B-200:MTAS,SCSCF,B-200:SCSCF,PCSCF,B-200"
633,633,0,1,0.6531067,"GTW,ICSCF,I:ICSCF,GTW,T:SCSCF,ASLI,I:ASLI,SCSCF,T:ASLI,SCSCF,I-500:SCSCF,ASLI,A:SCSCF,MTAS,I:MTAS,SCSCF,T:MTAS,SCSCF,I:SCSCF,MTAS,T:SCSCF,PCSCF,I:PCSCF,SCSCF,T:PCSCF,SCSCF,R:SCSCF,MTAS,R:MTAS,SCSCF,R:ICSCF,GTW,R:PCSCF,SCSCF,I-200:SCSCF,MTAS,I-200:MTAS,SCSCF,I-200:ICSCF,GTW,I-200:GTW,SCSCF,A:SCSCF,MTAS,A:MTAS,SCSCF,A:SCSCF,PCSCF,A:GTW,SCSCF,I:SCSCF,GTW,T:SCSCF,MTAS,I:MTAS,SCSCF,T:MTAS,SCSCF,I:SCSCF,MTAS,T:SCSCF,PCSCF,I:PCSCF,SCSCF,I-200:SCSCF,MTAS,I-200:MTAS,SCSCF,I-200:SCSCF,GTW,I-200:GTW,SCSCF,A:SCSCF,MTAS,A:MTAS,SCSCF,A:SCSCF,PCSCF,A:PCSCF,SCSCF,B:SCSCF,MTAS,B:MTAS,SCSCF,B:SCSCF,GTW,B:GTW,SCSCF,B-200:SCSCF,MTAS,B-200:MTAS,SCSCF,B-200:SCSCF,PCSCF,B-200"
634,634,0,1,0.6310985,"GTW,ICSCF,I:ICSCF,GTW,T:SCSCF,ASLI,I:ASLI,SCSCF,T:ASLI,SCSCF,I-500:SCSCF,ASLI,A:SCSCF,MTAS,I:MTAS,SCSCF,T:MTAS,SCSCF,I:SCSCF,MTAS,T:SCSCF,PCSCF,I:PCSCF,SCSCF,T:SCSCF,PCSCF,I:PCSCF,SCSCF,R:SCSCF,MTAS,R:MTAS,SCSCF,R:ICSCF,GTW,R:GTW,SCSCF,P:SCSCF,MTAS,P:MTAS,SCSCF,P:PCSCF,SCSCF,T:SCSCF,PCSCF,P:PCSCF,SCSCF,P-200:SCSCF,MTAS,P-200:MTAS,SCSCF,P-200:SCSCF,GTW,P-200:PCSCF,SCSCF,I-408:SCSCF,PCSCF,A:PCSCF,SCSCF,B:SCSCF,MTAS,B:MTAS,SCSCF,B-481:SCSCF,PCSCF,B-481:GTW,ICSCF,C:ICSCF,GTW,C-200:SCSCF,MTAS,C:MTAS,SCSCF,C-200:MTAS,SCSCF,C:SCSCF,MTAS,C-200:SCSCF,PCSCF,C:PCSCF,SCSCF,C-481:MTAS,SCSCF,I-487:SCSCF,MTAS,A:ICSCF,GTW,I-487:GTW,ICSCF,A"
635,635,0,1,0.6555197,"PCSCF,SCSCF,I:SCSCF,ASLI,I:ASLI,SCSCF,T:SCSCF,PCSCF,T:ASLI,SCSCF,I-500:SCSCF,ASLI,A:MTAS,SCSCF,I:SCSCF,MTAS,T:SCSCF,GTW,I:GTW,SCSCF,T:GTW,SCSCF,R:SCSCF,MTAS,R:SCSCF,PCSCF,R:PCSCF,SCSCF,C:SCSCF,PCSCF,C-200:MTAS,SCSCF,C:SCSCF,MTAS,C-200:SCSCF,GTW,C:GTW,SCSCF,C-200:GTW,SCSCF,I-487:SCSCF,GTW,A:SCSCF,MTAS,I-487:MTAS,SCSCF,A:SCSCF,PCSCF,I-487:PCSCF,SCSCF,A"
636,636,0,1,0.4455777,"GTW,ICSCF,I:ICSCF,GTW,T:SCSCF,ASLI,I:ASLI,SCSCF,T:ASLI,SCSCF,I-500:SCSCF,ASLI,A:SCSCF,MTAS,I:MTAS,SCSCF,T:MTAS,SCSCF,W:ICSCF,GTW,W:MTAS,SCSCF,I:SCSCF,MTAS,T:SCSCF,GTW,I:GTW,SCSCF,T:GTW,SCSCF,R:SCSCF,MTAS,R:MTAS,SCSCF,R:ICSCF,GTW,R:GTW,SCSCF,P:SCSCF,MTAS,P:MTAS,SCSCF,P:SCSCF,GTW,P:GTW,SCSCF,P-200:SCSCF,MTAS,P-200:MTAS,SCSCF,P-200:SCSCF,GTW,P-200:GTW,SCSCF,I-200:SCSCF,MTAS,I-200:MTAS,SCSCF,I-200:ICSCF,GTW,I-200:GTW,SCSCF,A:SCSCF,MTAS,A:MTAS,SCSCF,A:SCSCF,GTW,A:GTW,SCSCF,B:SCSCF,MTAS,B:MTAS,SCSCF,B:SCSCF,GTW,B:GTW,SCSCF,B-200:SCSCF,MTAS,B-200:MTAS,SCSCF,B-200:SCSCF,GTW,B-200"
637,637,0,1,0.42027953,"PCSCF,SCSCF,I:SCSCF,PCSCF,T:SCSCF,PCSCF,I-407:PCSCF,SCSCF,A:PCSCF,SCSCF,I:SCSCF,PCSCF,T:SCSCF,ASLI,I:ASLI,SCSCF,T:ASLI,SCSCF,I-500:SCSCF,ASLI,A:MTAS,SCSCF,I:SCSCF,MTAS,T:SCSCF,ASLI,I:ASLI,SCSCF,T:ASLI,SCSCF,I-500:SCSCF,ASLI,A:SCSCF,MTAS,I:MTAS,SCSCF,T:MTAS,SCSCF,I:SCSCF,MTAS,T:SCSCF,PCSCF,I:PCSCF,SCSCF,T:PCSCF,SCSCF,R:SCSCF,MTAS,R:MTAS,SCSCF,R:SCSCF,MTAS,R:SCSCF,PCSCF,R:PCSCF,SCSCF,P:MTAS,SCSCF,P:SCSCF,MTAS,P:MTAS,SCSCF,P:SCSCF,PCSCF,P:PCSCF,SCSCF,P-200:SCSCF,MTAS,P-200:MTAS,SCSCF,P-200:SCSCF,MTAS,P-200:SCSCF,PCSCF,P-200:PCSCF,SCSCF,I-200:SCSCF,MTAS,I-200:MTAS,SCSCF,I-200:SCSCF,MTAS,I-200:SCSCF,PCSCF,I-200:PCSCF,SCSCF,A:MTAS,SCSCF,A:SCSCF,MTAS,A:MTAS,SCSCF,A:SCSCF,PCSCF,A:MTAS,SCSCF,U:SCSCF,PCSCF,U:PCSCF,SCSCF,U-200:SCSCF,MTAS,U-200:PCSCF,SCSCF,U-200:SCSCF,MTAS,U-200:PCSCF,SCSCF,B:MTAS,SCSCF,B:SCSCF,MTAS,B:MTAS,SCSCF,B:SCSCF,PCSCF,B:PCSCF,SCSCF,B-200:SCSCF,MTAS,B-200:MTAS,SCSCF,B-200:SCSCF,MTAS,B-200:SCSCF,PCSCF,B-200"
638,638,0,0,0.9672592,"GTW,ICSCF,I:ICSCF,GTW,T:SCSCF,ASLI,I:ASLI,SCSCF,T:ASLI,SCSCF,I-500:SCSCF,ASLI,A:SCSCF,MTAS,I:MTAS,SCSCF,T:MTAS,SCSCF,I:SCSCF,MTAS,T:SCSCF,PCSCF,I:PCSCF,SCSCF,T:PCSCF,SCSCF,R:SCSCF,MTAS,R:MTAS,SCSCF,R:ICSCF,GTW,R:GTW,SCSCF,P:SCSCF,MTAS,P:MTAS,SCSCF,P:SCSCF,PCSCF,P:PCSCF,SCSCF,P-200:SCSCF,MTAS,P-200:MTAS,SCSCF,P-200:SCSCF,GTW,P-200:PCSCF,SCSCF,I-200:SCSCF,MTAS,I-200:MTAS,SCSCF,I-200:ICSCF,GTW,I-200:GTW,SCSCF,A:SCSCF,MTAS,A:MTAS,SCSCF,A:SCSCF,PCSCF,A:MTAS,SCSCF,U:SCSCF,PCSCF,U:MTAS,SCSCF,U:SCSCF,GTW,U:PCSCF,SCSCF,U-200:SCSCF,MTAS,U-200:GTW,SCSCF,U-200:SCSCF,MTAS,U-200:MTAS,SCSCF,U:SCSCF,PCSCF,U:SCSCF,GTW,U:GTW,SCSCF,U-200:SCSCF,MTAS,U-200:PCSCF,SCSCF,U-200:SCSCF,MTAS,U-200:MTAS,SCSCF,U:SCSCF,GTW,U:GTW,SCSCF,U-200:SCSCF,MTAS,U-200:MTAS,SCSCF,U:SCSCF,PCSCF,U:PCSCF,SCSCF,U-200:SCSCF,MTAS,U-200:PCSCF,SCSCF,B:SCSCF,MTAS,B:MTAS,SCSCF,B:SCSCF,GTW,B:GTW,SCSCF,B-200:SCSCF,MTAS,B-200:MTAS,SCSCF,B-200:SCSCF,PCSCF,B-200"
639,639,0,0,0.9834147,"GTW,ICSCF,I:ICSCF,GTW,T:SCSCF,ASLI,I:ASLI,SCSCF,T:ASLI,SCSCF,I-500:SCSCF,ASLI,A:SCSCF,MTAS,I:MTAS,SCSCF,T:MTAS,SCSCF,I:SCSCF,MTAS,T:SCSCF,PCSCF,I:PCSCF,SCSCF,T:PCSCF,SCSCF,R:SCSCF,MTAS,R:MTAS,SCSCF,R:ICSCF,GTW,R:GTW,SCSCF,P:SCSCF,MTAS,P:MTAS,SCSCF,P:SCSCF,PCSCF,P:PCSCF,SCSCF,P-200:SCSCF,MTAS,P-200:MTAS,SCSCF,P-200:SCSCF,GTW,P-200:PCSCF,SCSCF,I-200:SCSCF,MTAS,I-200:MTAS,SCSCF,I-200:ICSCF,GTW,I-200:GTW,SCSCF,A:SCSCF,MTAS,A:MTAS,SCSCF,A:SCSCF,PCSCF,A:PCSCF,SCSCF,B:SCSCF,MTAS,B:MTAS,SCSCF,B:GTW,SCSCF,B:SCSCF,GTW,B:SCSCF,MTAS,B:MTAS,SCSCF,B-200:SCSCF,GTW,B-200:GTW,SCSCF,B-200:SCSCF,MTAS,B-200:MTAS,SCSCF,B-200:SCSCF,PCSCF,B-200"
640,640,0,1,0.28915995,"GTW,ICSCF,I:ICSCF,GTW,T:SCSCF,ASLI,I:ASLI,SCSCF,T:ASLI,SCSCF,I-500:SCSCF,MTAS,I:MTAS,SCSCF,T:MTAS,SCSCF,I:SCSCF,MTAS,T:SCSCF,PCSCF,I:SCSCF,ASLI,A:PCSCF,SCSCF,T:PCSCF,SCSCF,R:SCSCF,MTAS,R:MTAS,SCSCF,R:ICSCF,GTW,R:GTW,SCSCF,P:SCSCF,MTAS,P:MTAS,SCSCF,P:SCSCF,PCSCF,P:PCSCF,SCSCF,P-200:SCSCF,MTAS,P-200:MTAS,SCSCF,P-200:SCSCF,GTW,P-200:GTW,ICSCF,C:ICSCF,GTW,C-200:SCSCF,MTAS,C:MTAS,SCSCF,C-200:MTAS,SCSCF,C:SCSCF,MTAS,C-200:SCSCF,PCSCF,C:PCSCF,SCSCF,C-200:PCSCF,SCSCF,I-487:SCSCF,PCSCF,A:SCSCF,MTAS,I-487:MTAS,SCSCF,A:MTAS,SCSCF,I-487:ICSCF,GTW,I-487:GTW,ICSCF,A:SCSCF,MTAS,A"
641,641,0,1,0.33142447,"GTW,ICSCF,I:ICSCF,GTW,T:SCSCF,ASLI,I:ASLI,SCSCF,T:ASLI,SCSCF,I-500:SCSCF,ASLI,A:SCSCF,MTAS,I:MTAS,SCSCF,T:MTAS,SCSCF,I:SCSCF,MTAS,T:SCSCF,PCSCF,I:PCSCF,SCSCF,T:PCSCF,SCSCF,R:SCSCF,MTAS,R:MTAS,SCSCF,R:ICSCF,GTW,R:GTW,SCSCF,P:SCSCF,MTAS,P:MTAS,SCSCF,P:SCSCF,PCSCF,P:PCSCF,SCSCF,P-200:SCSCF,MTAS,P-200:MTAS,SCSCF,P-200:SCSCF,GTW,P-200:PCSCF,SCSCF,I-200:SCSCF,MTAS,I-200:MTAS,SCSCF,I-200:ICSCF,GTW,I-200:GTW,SCSCF,A:SCSCF,MTAS,A:MTAS,SCSCF,A:SCSCF,PCSCF,A:MTAS,SCSCF,U:SCSCF,GTW,U:GTW,SCSCF,U-200:SCSCF,MTAS,U-200:SCSCF,PCSCF,U:PCSCF,SCSCF,U-200:SCSCF,MTAS,U-200:MTAS,SCSCF,U:SCSCF,GTW,U:GTW,SCSCF,U-200:SCSCF,MTAS,U-200:MTAS,SCSCF,U:SCSCF,PCSCF,U:PCSCF,SCSCF,U-200:SCSCF,MTAS,U-200:MTAS,SCSCF,U:SCSCF,GTW,U:GTW,SCSCF,U-200:SCSCF,MTAS,U-200:MTAS,SCSCF,U:SCSCF,PCSCF,U:PCSCF,SCSCF,U-200:SCSCF,MTAS,U-200:MTAS,SCSCF,U:SCSCF,GTW,U:GTW,SCSCF,U-200:SCSCF,MTAS,U-200:MTAS,SCSCF,U:SCSCF,PCSCF,U:PCSCF,SCSCF,U-200:SCSCF,MTAS,U-200:MTAS,SCSCF,U:SCSCF,GTW,U:GTW,SCSCF,U-200:SCSCF,MTAS,U-200:MTAS,SCSCF,U:SCSCF,PCSCF,U:PCSCF,SCSCF,U-200:SCSCF,MTAS,U-200:PCSCF,SCSCF,B:SCSCF,MTAS,B:MTAS,SCSCF,B:SCSCF,GTW,B:GTW,SCSCF,B-200:SCSCF,MTAS,B-200:MTAS,SCSCF,B-200:SCSCF,PCSCF,B-200"
642,642,0,1,0.29938942,"PCSCF,SCSCF,I:SCSCF,ASLI,I:ASLI,SCSCF,T:ASLI,SCSCF,I-500:SCSCF,ASLI,A:SCSCF,PCSCF,T:MTAS,SCSCF,I:SCSCF,MTAS,T:SCSCF,GTW,I:GTW,SCSCF,T:GTW,SCSCF,S:SCSCF,MTAS,S:SCSCF,PCSCF,S:PCSCF,SCSCF,P:MTAS,SCSCF,P:SCSCF,GTW,P:GTW,SCSCF,S:SCSCF,MTAS,S:GTW,SCSCF,P-200:SCSCF,MTAS,P-200:SCSCF,PCSCF,P-200:SCSCF,PCSCF,S:PCSCF,SCSCF,P:MTAS,SCSCF,P:SCSCF,GTW,P:GTW,SCSCF,P-200:SCSCF,MTAS,P-200:SCSCF,PCSCF,P-200:PCSCF,SCSCF,C:MTAS,SCSCF,C:SCSCF,MTAS,C-200:SCSCF,GTW,C:SCSCF,PCSCF,C-200:GTW,SCSCF,C-200:GTW,SCSCF,I-487:SCSCF,GTW,A:SCSCF,MTAS,I-487:MTAS,SCSCF,A:SCSCF,PCSCF,I-487:PCSCF,SCSCF,A"
643,643,0,1,0.39563975,"PCSCF,SCSCF,I:SCSCF,PCSCF,T:SCSCF,ASLI,I:ASLI,SCSCF,T:ASLI,SCSCF,I-500:SCSCF,ASLI,A:MTAS,SCSCF,I:SCSCF,MTAS,T:SCSCF,GTW,I:GTW,SCSCF,T:GTW,SCSCF,S:SCSCF,MTAS,S:GTW,SCSCF,S:SCSCF,MTAS,S:SCSCF,PCSCF,S:PCSCF,SCSCF,P:MTAS,SCSCF,P:SCSCF,GTW,P:GTW,SCSCF,P-200:SCSCF,MTAS,P-200:GTW,SCSCF,R:SCSCF,MTAS,R:SCSCF,PCSCF,P-200:SCSCF,PCSCF,R:GTW,SCSCF,R:SCSCF,MTAS,R:PCSCF,SCSCF,P:MTAS,SCSCF,P:SCSCF,GTW,P:GTW,SCSCF,P-200:SCSCF,MTAS,P-200:SCSCF,PCSCF,P-200:GTW,SCSCF,I-486:SCSCF,GTW,A:SCSCF,MTAS,I-486:MTAS,SCSCF,A:SCSCF,PCSCF,I-486:PCSCF,SCSCF,A"
644,644,0,1,0.49888608,"PCSCF,SCSCF,I:SCSCF,PCSCF,T:SCSCF,ASLI,I:ASLI,SCSCF,T:ASLI,SCSCF,I-500:MTAS,SCSCF,I:SCSCF,MTAS,T:SCSCF,ASLI,A:SCSCF,GTW,I:GTW,SCSCF,T:GTW,SCSCF,I-404:SCSCF,GTW,A:SCSCF,MTAS,I-404:MTAS,SCSCF,A:SCSCF,PCSCF,S:PCSCF,SCSCF,P:SCSCF,PCSCF,P-200:SCSCF,PCSCF,I-404:PCSCF,SCSCF,A"
645,645,0,1,0.6420444,"GTW,ICSCF,I:ICSCF,GTW,T:SCSCF,ASLI,I:ASLI,SCSCF,T:ASLI,SCSCF,I-500:SCSCF,MTAS,I:MTAS,SCSCF,I:SCSCF,MTAS,T:SCSCF,PCSCF,I:MTAS,SCSCF,T:SCSCF,ASLI,A:PCSCF,SCSCF,T:PCSCF,SCSCF,R:SCSCF,MTAS,R:MTAS,SCSCF,R:ICSCF,GTW,R:GTW,SCSCF,P:SCSCF,MTAS,P:MTAS,SCSCF,P:SCSCF,PCSCF,P:PCSCF,SCSCF,P-200:SCSCF,MTAS,P-200:MTAS,SCSCF,P-200:SCSCF,GTW,P-200:PCSCF,SCSCF,I-200:SCSCF,MTAS,I-200:MTAS,SCSCF,I-200:ICSCF,GTW,I-200:GTW,SCSCF,A:SCSCF,MTAS,A:MTAS,SCSCF,A:SCSCF,PCSCF,A:MTAS,SCSCF,U:SCSCF,PCSCF,U:MTAS,SCSCF,U:SCSCF,GTW,U:PCSCF,SCSCF,U-200:SCSCF,MTAS,U-200:GTW,SCSCF,U-200:SCSCF,MTAS,U-200:MTAS,SCSCF,U:SCSCF,PCSCF,U:MTAS,SCSCF,U:SCSCF,GTW,U:PCSCF,SCSCF,U-200:SCSCF,MTAS,U-200:GTW,SCSCF,U-200:SCSCF,MTAS,U-200:MTAS,SCSCF,U:SCSCF,PCSCF,U:SCSCF,GTW,U:GTW,SCSCF,U-200:SCSCF,MTAS,U-200:PCSCF,SCSCF,U-200:SCSCF,MTAS,U-200:PCSCF,SCSCF,B:SCSCF,MTAS,B:MTAS,SCSCF,B:SCSCF,GTW,B:GTW,SCSCF,B-200:SCSCF,MTAS,B-200:MTAS,SCSCF,B-200:SCSCF,PCSCF,B-200"
646,646,0,1,0.5240656,"PCSCF,SCSCF,I:SCSCF,PCSCF,T:SCSCF,PCSCF,I-407:PCSCF,SCSCF,A:PCSCF,SCSCF,I:SCSCF,ASLI,I:ASLI,SCSCF,T:ASLI,SCSCF,I-500:SCSCF,ASLI,A:SCSCF,PCSCF,T:MTAS,SCSCF,I:SCSCF,MTAS,T:SCSCF,GTW,I:GTW,SCSCF,T:GTW,SCSCF,R:SCSCF,MTAS,R:SCSCF,PCSCF,R:PCSCF,SCSCF,P:SCSCF,MTAS,P:MTAS,SCSCF,P:SCSCF,GTW,P:GTW,SCSCF,P-200:SCSCF,MTAS,P-200:MTAS,SCSCF,P-200:SCSCF,PCSCF,P-200:GTW,SCSCF,I-200:SCSCF,MTAS,I-200:SCSCF,PCSCF,I-200:PCSCF,SCSCF,A:SCSCF,MTAS,A:MTAS,SCSCF,A:SCSCF,GTW,A:GTW,SCSCF,I:SCSCF,GTW,T:MTAS,SCSCF,I:SCSCF,MTAS,T:SCSCF,PCSCF,I:PCSCF,SCSCF,I-200:SCSCF,MTAS,I-200:SCSCF,GTW,I-200:GTW,SCSCF,A:MTAS,SCSCF,A:SCSCF,PCSCF,A:GTW,SCSCF,B:MTAS,SCSCF,B:SCSCF,PCSCF,B:PCSCF,SCSCF,B-200:SCSCF,MTAS,B-200:SCSCF,GTW,B-200"
647,647,0,0,0.9281454,"GTW,ICSCF,I:ICSCF,GTW,T:SCSCF,ASLI,I:ASLI,SCSCF,T:ASLI,SCSCF,I-500:SCSCF,MTAS,I:MTAS,SCSCF,T:MTAS,SCSCF,W:ICSCF,GTW,W:MTAS,SCSCF,I:SCSCF,ASLI,A:SCSCF,MTAS,T:SCSCF,GTW,I:GTW,SCSCF,T:GTW,SCSCF,S:SCSCF,MTAS,S:MTAS,SCSCF,S:ICSCF,GTW,S:GTW,SCSCF,P:SCSCF,MTAS,P:MTAS,SCSCF,P:SCSCF,GTW,P:GTW,SCSCF,P-200:SCSCF,MTAS,P-200:MTAS,SCSCF,P-200:GTW,SCSCF,S:SCSCF,GTW,P-200:SCSCF,MTAS,S:MTAS,SCSCF,S:ICSCF,GTW,S:GTW,SCSCF,P:SCSCF,MTAS,P:MTAS,SCSCF,P:SCSCF,GTW,P:GTW,SCSCF,P-200:GTW,SCSCF,S:SCSCF,MTAS,S:SCSCF,MTAS,P-200:MTAS,SCSCF,P-200:SCSCF,GTW,P-200:MTAS,SCSCF,S:ICSCF,GTW,S:GTW,SCSCF,P:SCSCF,MTAS,P:MTAS,SCSCF,P:SCSCF,GTW,P:GTW,SCSCF,P-200:SCSCF,MTAS,P-200:MTAS,SCSCF,P-200:SCSCF,GTW,P-200:GTW,SCSCF,R:SCSCF,MTAS,R:MTAS,SCSCF,R:ICSCF,GTW,R:GTW,SCSCF,P:SCSCF,MTAS,P:MTAS,SCSCF,P:SCSCF,GTW,P:GTW,SCSCF,P-200:SCSCF,MTAS,P-200:MTAS,SCSCF,P-200:SCSCF,GTW,P-200:GTW,SCSCF,I-200:SCSCF,MTAS,I-200:MTAS,SCSCF,I-200:ICSCF,GTW,I-200:GTW,SCSCF,A:SCSCF,MTAS,A:MTAS,SCSCF,A:SCSCF,GTW,A:GTW,SCSCF,B:SCSCF,MTAS,B:MTAS,SCSCF,B:SCSCF,GTW,B:GTW,SCSCF,B-200:SCSCF,MTAS,B-200:MTAS,SCSCF,B-200:SCSCF,GTW,B-200"
648,648,0,1,0.15282215,"PCSCF,SCSCF,I:SCSCF,PCSCF,T:SCSCF,PCSCF,I-407:PCSCF,SCSCF,A:PCSCF,SCSCF,I:SCSCF,ASLI,I:ASLI,SCSCF,T:SCSCF,PCSCF,T:ASLI,SCSCF,I-500:SCSCF,ASLI,A:MTAS,SCSCF,I:SCSCF,MTAS,T:SCSCF,GTW,I:GTW,SCSCF,T:GTW,SCSCF,S:SCSCF,MTAS,S:SCSCF,PCSCF,S:PCSCF,SCSCF,P:MTAS,SCSCF,P:SCSCF,GTW,P:GTW,SCSCF,P-200:SCSCF,MTAS,P-200:SCSCF,PCSCF,P-200:GTW,SCSCF,R:SCSCF,MTAS,R:SCSCF,PCSCF,R:PCSCF,SCSCF,P:MTAS,SCSCF,P:SCSCF,GTW,P:GTW,SCSCF,P-200:SCSCF,MTAS,P-200:SCSCF,PCSCF,P-200:GTW,SCSCF,I-200:SCSCF,MTAS,I-200:SCSCF,PCSCF,I-200:PCSCF,SCSCF,A:SCSCF,MTAS,A:MTAS,SCSCF,A:SCSCF,GTW,A:MTAS,SCSCF,U:SCSCF,GTW,U:SCSCF,PCSCF,U:GTW,SCSCF,U-200:SCSCF,MTAS,U-200:PCSCF,SCSCF,U-200:SCSCF,MTAS,U-200:MTAS,SCSCF,U:SCSCF,GTW,U:SCSCF,PCSCF,U:GTW,SCSCF,U-200:SCSCF,MTAS,U-200:PCSCF,SCSCF,U-200:SCSCF,MTAS,U-200:MTAS,SCSCF,U:SCSCF,GTW,U:SCSCF,PCSCF,U:GTW,SCSCF,U-200:SCSCF,MTAS,U-200:PCSCF,SCSCF,U-200:SCSCF,MTAS,U-200:MTAS,SCSCF,U:SCSCF,GTW,U:GTW,SCSCF,U-200:SCSCF,MTAS,U-200:MTAS,SCSCF,U:SCSCF,PCSCF,U:PCSCF,SCSCF,U-200:SCSCF,MTAS,U-200:MTAS,SCSCF,U:SCSCF,GTW,U:GTW,SCSCF,U-200:SCSCF,MTAS,U-200:MTAS,SCSCF,U:SCSCF,PCSCF,U:PCSCF,SCSCF,U-200:SCSCF,MTAS,U-200:PCSCF,SCSCF,B:MTAS,SCSCF,B:SCSCF,GTW,B:GTW,SCSCF,B-200:SCSCF,MTAS,B-200:SCSCF,PCSCF,B-200"
649,649,0,1,0.791379,"PCSCF,SCSCF,I:SCSCF,PCSCF,T:SCSCF,ASLI,I:ASLI,SCSCF,T:ASLI,SCSCF,I-500:SCSCF,ASLI,A:MTAS,SCSCF,I:SCSCF,MTAS,T:SCSCF,GTW,I:GTW,SCSCF,T:GTW,SCSCF,S:SCSCF,MTAS,S:SCSCF,PCSCF,S:PCSCF,SCSCF,P:SCSCF,MTAS,P:MTAS,SCSCF,P:SCSCF,GTW,P:GTW,SCSCF,P-200:GTW,SCSCF,S:SCSCF,MTAS,P-200:SCSCF,MTAS,S:MTAS,SCSCF,P-200:SCSCF,PCSCF,P-200:SCSCF,PCSCF,S:PCSCF,SCSCF,P:SCSCF,MTAS,P:MTAS,SCSCF,P:SCSCF,GTW,P:GTW,SCSCF,P-200:SCSCF,MTAS,P-200:MTAS,SCSCF,P-200:SCSCF,PCSCF,P-200:GTW,SCSCF,R:SCSCF,MTAS,R:SCSCF,PCSCF,R:PCSCF,SCSCF,P:SCSCF,MTAS,P:MTAS,SCSCF,P:SCSCF,GTW,P:GTW,SCSCF,P-200:SCSCF,MTAS,P-200:MTAS,SCSCF,P-200:SCSCF,PCSCF,P-200:GTW,SCSCF,I-200:SCSCF,MTAS,I-200:SCSCF,PCSCF,I-200:PCSCF,SCSCF,A:SCSCF,MTAS,A:MTAS,SCSCF,A:SCSCF,GTW,A:GTW,SCSCF,B:MTAS,SCSCF,B:SCSCF,PCSCF,B:PCSCF,SCSCF,B-200:SCSCF,MTAS,B-200:SCSCF,GTW,B-200"
650,650,0,1,0.55235904,"GTW,ICSCF,I:ICSCF,GTW,T:SCSCF,ASLI,I:ASLI,SCSCF,T:ASLI,SCSCF,I-500:SCSCF,ASLI,A:SCSCF,MTAS,I:MTAS,SCSCF,T:MTAS,SCSCF,I:SCSCF,MTAS,T:SCSCF,PCSCF,I:PCSCF,SCSCF,T:SCSCF,PCSCF,I:PCSCF,SCSCF,T:PCSCF,SCSCF,I-480:SCSCF,PCSCF,A:PCSCF,SCSCF,I-200:SCSCF,MTAS,I-200:MTAS,SCSCF,I-200:ICSCF,GTW,I-200:GTW,SCSCF,A:SCSCF,MTAS,A:MTAS,SCSCF,A:SCSCF,PCSCF,A:PCSCF,SCSCF,I-200:SCSCF,MTAS,I-200:MTAS,SCSCF,A:SCSCF,PCSCF,A:GTW,SCSCF,I:SCSCF,GTW,T:SCSCF,MTAS,I:MTAS,SCSCF,T:MTAS,SCSCF,I:SCSCF,MTAS,T:SCSCF,PCSCF,I:PCSCF,SCSCF,I-200:SCSCF,MTAS,I-200:MTAS,SCSCF,I-200:SCSCF,GTW,I-200:GTW,SCSCF,A:SCSCF,MTAS,A:MTAS,SCSCF,A:SCSCF,PCSCF,A:GTW,SCSCF,B:SCSCF,MTAS,B:MTAS,SCSCF,B:SCSCF,PCSCF,B:PCSCF,SCSCF,B-200:SCSCF,MTAS,B-200:MTAS,SCSCF,B-200:SCSCF,GTW,B-200"
651,651,0,1,0.5464355,"PCSCF,SCSCF,I:SCSCF,PCSCF,T:SCSCF,ASLI,I:ASLI,SCSCF,T:ASLI,SCSCF,I-500:SCSCF,ASLI,A:MTAS,SCSCF,I:SCSCF,MTAS,T:SCSCF,GTW,I:GTW,SCSCF,T:GTW,SCSCF,S:SCSCF,MTAS,S:SCSCF,PCSCF,S:PCSCF,SCSCF,P:MTAS,SCSCF,P:SCSCF,GTW,P:GTW,SCSCF,P-200:GTW,SCSCF,R:SCSCF,MTAS,P-200:SCSCF,MTAS,R:SCSCF,PCSCF,P-200:SCSCF,PCSCF,R:PCSCF,SCSCF,P:MTAS,SCSCF,P:SCSCF,GTW,P:GTW,SCSCF,P-200:SCSCF,MTAS,P-200:SCSCF,PCSCF,P-200:PCSCF,SCSCF,C:SCSCF,PCSCF,C-200:MTAS,SCSCF,C:SCSCF,MTAS,C-200:SCSCF,GTW,C:GTW,SCSCF,C-200:GTW,SCSCF,I-487:SCSCF,GTW,A:SCSCF,MTAS,I-487:MTAS,SCSCF,A:SCSCF,PCSCF,I-487:PCSCF,SCSCF,A"
652,652,0,1,0.41291124,"GTW,ICSCF,I:ICSCF,GTW,T:SCSCF,ASLI,I:ASLI,SCSCF,T:ASLI,SCSCF,I-500:SCSCF,MTAS,I:SCSCF,ASLI,A:MTAS,SCSCF,T:MTAS,SCSCF,I:SCSCF,MTAS,T:SCSCF,PCSCF,I:PCSCF,SCSCF,T:PCSCF,SCSCF,R:SCSCF,MTAS,R:MTAS,SCSCF,R:ICSCF,GTW,R:GTW,SCSCF,P:SCSCF,MTAS,P:MTAS,SCSCF,P:SCSCF,PCSCF,P:PCSCF,SCSCF,P-200:SCSCF,MTAS,P-200:MTAS,SCSCF,P-200:SCSCF,GTW,P-200:PCSCF,SCSCF,I-200:SCSCF,MTAS,I-200:MTAS,SCSCF,I-200:ICSCF,GTW,I-200:GTW,SCSCF,A:SCSCF,MTAS,A:MTAS,SCSCF,A:SCSCF,PCSCF,A:MTAS,SCSCF,U:SCSCF,PCSCF,U:PCSCF,SCSCF,U-200:SCSCF,MTAS,U-200:MTAS,SCSCF,U:SCSCF,GTW,U:GTW,SCSCF,U-200:SCSCF,MTAS,U-200:MTAS,SCSCF,U:SCSCF,PCSCF,U:PCSCF,SCSCF,U-200:SCSCF,MTAS,U-200:MTAS,SCSCF,U:SCSCF,GTW,U:GTW,SCSCF,U-200:SCSCF,MTAS,U-200:PCSCF,SCSCF,B:SCSCF,MTAS,B:MTAS,SCSCF,B:SCSCF,GTW,B:GTW,SCSCF,B-200:SCSCF,MTAS,B-200:MTAS,SCSCF,B-200:SCSCF,PCSCF,B-200"
653,653,0,1,0.73535955,"PCSCF,SCSCF,I:SCSCF,ASLI,I:SCSCF,PCSCF,T:ASLI,SCSCF,T:ASLI,SCSCF,I-500:SCSCF,ASLI,A:MTAS,SCSCF,I:SCSCF,MTAS,T:SCSCF,GTW,I:GTW,SCSCF,T:GTW,SCSCF,R:SCSCF,MTAS,R:SCSCF,PCSCF,R:PCSCF,SCSCF,P:MTAS,SCSCF,P:SCSCF,GTW,P:GTW,SCSCF,P-200:SCSCF,MTAS,P-200:SCSCF,PCSCF,P-200:PCSCF,SCSCF,C:MTAS,SCSCF,C:SCSCF,MTAS,C-200:SCSCF,GTW,C:GTW,SCSCF,C-200:GTW,SCSCF,I-487:SCSCF,GTW,A:SCSCF,MTAS,I-487:SCSCF,PCSCF,C-200:MTAS,SCSCF,A:SCSCF,PCSCF,I-487:PCSCF,SCSCF,A"
654,654,0,0,0.91776067,"PCSCF,SCSCF,I:SCSCF,PCSCF,T:SCSCF,PCSCF,I-407:PCSCF,SCSCF,A:PCSCF,SCSCF,I:SCSCF,PCSCF,T:SCSCF,ASLI,I:ASLI,SCSCF,T:ASLI,SCSCF,I-500:SCSCF,ASLI,A:MTAS,SCSCF,I:SCSCF,MTAS,T:SCSCF,GTW,I:GTW,SCSCF,T:GTW,SCSCF,S:SCSCF,MTAS,S:SCSCF,PCSCF,S:PCSCF,SCSCF,P:SCSCF,MTAS,P:MTAS,SCSCF,P:SCSCF,GTW,P:GTW,SCSCF,P-200:GTW,SCSCF,S:SCSCF,MTAS,P-200:SCSCF,MTAS,S:MTAS,SCSCF,P-200:SCSCF,PCSCF,P-200:SCSCF,PCSCF,S:PCSCF,SCSCF,P:SCSCF,MTAS,P:MTAS,SCSCF,P:SCSCF,GTW,P:GTW,SCSCF,P-200:SCSCF,MTAS,P-200:MTAS,SCSCF,P-200:SCSCF,PCSCF,P-200:GTW,SCSCF,R:SCSCF,MTAS,R:SCSCF,PCSCF,R:PCSCF,SCSCF,P:SCSCF,MTAS,P:MTAS,SCSCF,P:SCSCF,GTW,P:GTW,SCSCF,P-200:SCSCF,MTAS,P-200:MTAS,SCSCF,P-200:SCSCF,PCSCF,P-200:GTW,SCSCF,I-200:SCSCF,MTAS,I-200:SCSCF,PCSCF,I-200:PCSCF,SCSCF,A:SCSCF,MTAS,A:MTAS,SCSCF,A:SCSCF,GTW,A:GTW,SCSCF,B:MTAS,SCSCF,B:SCSCF,PCSCF,B:PCSCF,SCSCF,B-200:SCSCF,MTAS,B-200:SCSCF,GTW,B-200"
655,655,0,1,0.48127845,"MTAS,SCSCF,I:SCSCF,MTAS,T:SCSCF,GTW,I:GTW,SCSCF,T:MTAS,SCSCF,C:SCSCF,MTAS,C-200:SCSCF,GTW,C:GTW,SCSCF,C-200:GTW,SCSCF,I-487:SCSCF,GTW,A:SCSCF,MTAS,I-487:MTAS,SCSCF,A"
656,656,0,1,0.3272174,"PCSCF,SCSCF,I:SCSCF,PCSCF,T:SCSCF,ASLI,I:ASLI,SCSCF,T:ASLI,SCSCF,I-500:SCSCF,ASLI,A:MTAS,SCSCF,I:SCSCF,MTAS,T:SCSCF,GTW,I:GTW,SCSCF,T:GTW,SCSCF,S:SCSCF,MTAS,S:SCSCF,PCSCF,S:PCSCF,SCSCF,P:SCSCF,MTAS,P:MTAS,SCSCF,P:SCSCF,GTW,P:GTW,SCSCF,P-200:SCSCF,MTAS,P-200:MTAS,SCSCF,P-200:SCSCF,PCSCF,P-200:GTW,SCSCF,S:SCSCF,MTAS,S:SCSCF,PCSCF,S:PCSCF,SCSCF,P:SCSCF,MTAS,P:MTAS,SCSCF,P:SCSCF,GTW,P:GTW,SCSCF,P-200:SCSCF,MTAS,P-200:MTAS,SCSCF,P-200:SCSCF,PCSCF,P-200:GTW,SCSCF,R:SCSCF,MTAS,R:SCSCF,PCSCF,R:PCSCF,SCSCF,P:SCSCF,MTAS,P:MTAS,SCSCF,P:SCSCF,GTW,P:GTW,SCSCF,P-200:SCSCF,MTAS,P-200:MTAS,SCSCF,P-200:SCSCF,PCSCF,P-200:PCSCF,SCSCF,C:MTAS,SCSCF,C:SCSCF,MTAS,C-200:SCSCF,GTW,C:GTW,SCSCF,C-200:GTW,SCSCF,I-487:SCSCF,GTW,A:SCSCF,MTAS,I-487:MTAS,SCSCF,A:SCSCF,PCSCF,C-200:SCSCF,PCSCF,I-487:PCSCF,SCSCF,A"
657,657,0,1,0.5529044,"PCSCF,SCSCF,I:SCSCF,PCSCF,T:SCSCF,ASLI,I:ASLI,SCSCF,T:ASLI,SCSCF,I-500:SCSCF,ASLI,A:MTAS,SCSCF,I:SCSCF,MTAS,T:SCSCF,GTW,I:GTW,SCSCF,T:GTW,SCSCF,R:SCSCF,MTAS,R:SCSCF,PCSCF,R:PCSCF,SCSCF,P:SCSCF,MTAS,P:MTAS,SCSCF,P:SCSCF,GTW,P:GTW,SCSCF,P-200:SCSCF,MTAS,P-200:MTAS,SCSCF,P-200:SCSCF,PCSCF,P-200:GTW,SCSCF,I-200:SCSCF,MTAS,I-200:SCSCF,PCSCF,I-200:GTW,SCSCF,I-200:SCSCF,MTAS,I-200:PCSCF,SCSCF,A:SCSCF,MTAS,A:MTAS,SCSCF,A:SCSCF,GTW,A:GTW,SCSCF,B:MTAS,SCSCF,B:PCSCF,SCSCF,B:SCSCF,PCSCF,B:SCSCF,MTAS,B:MTAS,SCSCF,B-200:PCSCF,SCSCF,B-481:SCSCF,MTAS,B-481:SCSCF,GTW,B-200:SCSCF,PCSCF,B-200"
658,658,0,1,0.46104333,"PCSCF,SCSCF,I:SCSCF,ASLI,I:SCSCF,PCSCF,T:ASLI,SCSCF,T:ASLI,SCSCF,I-500:SCSCF,ASLI,A:MTAS,SCSCF,I:SCSCF,MTAS,T:SCSCF,GTW,I:GTW,SCSCF,T:GTW,SCSCF,I-200:SCSCF,MTAS,I-200:SCSCF,PCSCF,I-200:PCSCF,SCSCF,A:SCSCF,MTAS,A:MTAS,SCSCF,A:SCSCF,GTW,A:GTW,SCSCF,I:SCSCF,GTW,T:MTAS,SCSCF,I:SCSCF,MTAS,T:SCSCF,PCSCF,I:PCSCF,SCSCF,I-200:SCSCF,MTAS,I-200:SCSCF,GTW,I-200:GTW,SCSCF,A:MTAS,SCSCF,A:SCSCF,PCSCF,A:PCSCF,SCSCF,B:MTAS,SCSCF,B:SCSCF,GTW,B:GTW,SCSCF,B-200:SCSCF,MTAS,B-200:SCSCF,PCSCF,B-200"
659,659,0,0,0.8928852,"GTW,ICSCF,I:ICSCF,GTW,T:SCSCF,ASLI,I:ASLI,SCSCF,T:ASLI,SCSCF,I-500:SCSCF,ASLI,A:SCSCF,MTAS,I:MTAS,SCSCF,T:MTAS,SCSCF,I:SCSCF,MTAS,T:SCSCF,GTW,I:GTW,SCSCF,T:MTAS,SCSCF,W:ICSCF,GTW,W:GTW,SCSCF,S:SCSCF,MTAS,S:MTAS,SCSCF,S:ICSCF,GTW,S:GTW,SCSCF,P:SCSCF,MTAS,P:MTAS,SCSCF,P:SCSCF,GTW,P:GTW,SCSCF,P-200:GTW,SCSCF,S:SCSCF,MTAS,P-200:SCSCF,MTAS,S:MTAS,SCSCF,P-200:MTAS,SCSCF,S:SCSCF,GTW,P-200:ICSCF,GTW,S:GTW,SCSCF,P:SCSCF,MTAS,P:MTAS,SCSCF,P:SCSCF,GTW,P:GTW,SCSCF,P-200:GTW,SCSCF,S:SCSCF,MTAS,P-200:SCSCF,MTAS,S:MTAS,SCSCF,P-200:MTAS,SCSCF,S:SCSCF,GTW,P-200:ICSCF,GTW,S:GTW,SCSCF,P:SCSCF,MTAS,P:MTAS,SCSCF,P:SCSCF,GTW,P:GTW,SCSCF,P-200:SCSCF,MTAS,P-200:MTAS,SCSCF,P-200:SCSCF,GTW,P-200:GTW,SCSCF,R:SCSCF,MTAS,R:MTAS,SCSCF,R:ICSCF,GTW,R:GTW,SCSCF,P:SCSCF,MTAS,P:MTAS,SCSCF,P:SCSCF,GTW,P:GTW,SCSCF,P-200:SCSCF,MTAS,P-200:MTAS,SCSCF,P-200:SCSCF,GTW,P-200:GTW,SCSCF,I-200:SCSCF,MTAS,I-200:MTAS,SCSCF,I-200:ICSCF,GTW,I-200:GTW,SCSCF,A:SCSCF,MTAS,A:MTAS,SCSCF,A:SCSCF,GTW,A:GTW,SCSCF,B:SCSCF,MTAS,B:MTAS,SCSCF,B:SCSCF,GTW,B:GTW,SCSCF,B-200:SCSCF,MTAS,B-200:MTAS,SCSCF,B-200:SCSCF,GTW,B-200"
660,660,0,1,0.6376095,"GTW,ICSCF,I:ICSCF,GTW,T:SCSCF,ASLI,I:ASLI,SCSCF,T:ASLI,SCSCF,I-500:SCSCF,ASLI,A:SCSCF,MTAS,I:MTAS,SCSCF,T:MTAS,SCSCF,I:SCSCF,MTAS,T:SCSCF,PCSCF,I:PCSCF,SCSCF,T:PCSCF,SCSCF,R:SCSCF,MTAS,R:MTAS,SCSCF,R:ICSCF,GTW,R:GTW,SCSCF,P:SCSCF,MTAS,P:MTAS,SCSCF,P:SCSCF,PCSCF,P:PCSCF,SCSCF,P-200:SCSCF,MTAS,P-200:MTAS,SCSCF,P-200:SCSCF,GTW,P-200:PCSCF,SCSCF,I-200:SCSCF,MTAS,I-200:MTAS,SCSCF,I-200:ICSCF,GTW,I-200:GTW,SCSCF,A:SCSCF,MTAS,A:MTAS,SCSCF,A:SCSCF,PCSCF,A:MTAS,SCSCF,U:SCSCF,PCSCF,U:PCSCF,SCSCF,U-200:SCSCF,MTAS,U-200:MTAS,SCSCF,U:SCSCF,GTW,U:GTW,SCSCF,U-200:SCSCF,MTAS,U-200:MTAS,SCSCF,U:SCSCF,PCSCF,U:SCSCF,GTW,U:GTW,SCSCF,U-200:SCSCF,MTAS,U-200:PCSCF,SCSCF,U-200:SCSCF,MTAS,U-200:MTAS,SCSCF,U:SCSCF,GTW,U:GTW,SCSCF,U-200:SCSCF,PCSCF,U:SCSCF,MTAS,U-200:PCSCF,SCSCF,U-200:SCSCF,MTAS,U-200:GTW,SCSCF,B:SCSCF,MTAS,B:PCSCF,SCSCF,B:SCSCF,MTAS,B:MTAS,SCSCF,B-200:MTAS,SCSCF,B:SCSCF,MTAS,B-481:MTAS,SCSCF,B-200:SCSCF,GTW,B-200:SCSCF,PCSCF,B-200"
661,661,0,1,0.72075474,"PCSCF,SCSCF,I:SCSCF,BCCAS,I:SCSCF,PCSCF,T:BCCAS,SCSCF,T:BCCAS,SCSCF,I-500:SCSCF,BCCAS,A:SCSCF,ASLI,I:ASLI,SCSCF,T:ASLI,SCSCF,I-500:SCSCF,ASLI,A:SCSCF,BCCAS,I:BCCAS,SCSCF,T:BCCAS,SCSCF,I:SCSCF,BCCAS,T:SCSCF,ASLI,I:ASLI,SCSCF,T:ASLI,SCSCF,I-500:SCSCF,ASLI,A:SCSCF,MTAS,I:MTAS,SCSCF,T:MTAS,SCSCF,I:SCSCF,MTAS,T:SCSCF,PCSCF,I:PCSCF,SCSCF,T:PCSCF,SCSCF,R:SCSCF,MTAS,R:MTAS,SCSCF,R:SCSCF,BCCAS,R:BCCAS,SCSCF,R:SCSCF,PCSCF,R:PCSCF,SCSCF,P:SCSCF,BCCAS,P:BCCAS,SCSCF,P:SCSCF,MTAS,P:MTAS,SCSCF,P:SCSCF,PCSCF,P:PCSCF,SCSCF,P-200:SCSCF,MTAS,P-200:MTAS,SCSCF,P-200:SCSCF,BCCAS,P-200:BCCAS,SCSCF,P-200:SCSCF,PCSCF,P-200:PCSCF,SCSCF,I-200:SCSCF,MTAS,I-200:MTAS,SCSCF,I-200:SCSCF,BCCAS,I-200:BCCAS,SCSCF,I-200:SCSCF,PCSCF,I-200:PCSCF,SCSCF,A:SCSCF,BCCAS,A:BCCAS,SCSCF,A:SCSCF,MTAS,A:MTAS,SCSCF,A:SCSCF,PCSCF,A:PCSCF,SCSCF,B:SCSCF,MTAS,B:MTAS,SCSCF,B:SCSCF,BCCAS,B:BCCAS,SCSCF,B:SCSCF,PCSCF,B:PCSCF,SCSCF,B-200:SCSCF,BCCAS,B-200:BCCAS,SCSCF,B-200:SCSCF,MTAS,B-200:MTAS,SCSCF,B-200:SCSCF,PCSCF,B-200"
662,662,0,1,0.3455253,"PCSCF,SCSCF,I:SCSCF,ASLI,I:SCSCF,PCSCF,T:ASLI,SCSCF,T:ASLI,SCSCF,I-500:SCSCF,ASLI,A:MTAS,SCSCF,I:SCSCF,MTAS,T:SCSCF,GTW,I:GTW,SCSCF,T:GTW,SCSCF,S:SCSCF,MTAS,S:SCSCF,PCSCF,S:PCSCF,SCSCF,P:SCSCF,MTAS,P:MTAS,SCSCF,P:SCSCF,GTW,P:GTW,SCSCF,P-200:SCSCF,MTAS,P-200:MTAS,SCSCF,P-200:SCSCF,PCSCF,P-200:GTW,SCSCF,R:SCSCF,MTAS,R:SCSCF,PCSCF,R:PCSCF,SCSCF,P:SCSCF,MTAS,P:MTAS,SCSCF,P:SCSCF,GTW,P:GTW,SCSCF,P-200:SCSCF,MTAS,P-200:MTAS,SCSCF,P-200:SCSCF,PCSCF,P-200:GTW,SCSCF,I-480:SCSCF,GTW,A:SCSCF,MTAS,I-480:MTAS,SCSCF,A:SCSCF,PCSCF,I-480:PCSCF,SCSCF,A"
663,663,0,0,0.8843676,"PCSCF,SCSCF,I:SCSCF,ASLI,I:ASLI,SCSCF,T:SCSCF,PCSCF,T:ASLI,SCSCF,I-500:SCSCF,ASLI,A:MTAS,SCSCF,I:SCSCF,MTAS,T:SCSCF,GTW,I:GTW,SCSCF,T:GTW,SCSCF,S:SCSCF,MTAS,S:SCSCF,PCSCF,S:PCSCF,SCSCF,P:SCSCF,MTAS,P:MTAS,SCSCF,P:SCSCF,GTW,P:GTW,SCSCF,P-200:SCSCF,MTAS,P-200:MTAS,SCSCF,P-200:SCSCF,PCSCF,P-200:GTW,SCSCF,R:SCSCF,MTAS,R:SCSCF,PCSCF,R:PCSCF,SCSCF,P:SCSCF,MTAS,P:MTAS,SCSCF,P:SCSCF,GTW,P:GTW,SCSCF,P-200:GTW,SCSCF,I-200:SCSCF,MTAS,P-200:SCSCF,MTAS,I-200:MTAS,SCSCF,P-200:SCSCF,PCSCF,P-200:SCSCF,PCSCF,I-200:PCSCF,SCSCF,A:SCSCF,MTAS,A:MTAS,SCSCF,A:SCSCF,GTW,A:GTW,SCSCF,B:MTAS,SCSCF,B:SCSCF,PCSCF,B:PCSCF,SCSCF,B-200:SCSCF,MTAS,B-200:SCSCF,GTW,B-200"
664,664,0,1,0.16082011,"GTW,ICSCF,I:ICSCF,GTW,T:SCSCF,ASLI,I:ASLI,SCSCF,T:ASLI,SCSCF,I-500:SCSCF,MTAS,I:MTAS,SCSCF,T:MTAS,SCSCF,I:SCSCF,MTAS,T:SCSCF,PCSCF,I:SCSCF,ASLI,A:PCSCF,SCSCF,T:PCSCF,SCSCF,R:SCSCF,MTAS,R:MTAS,SCSCF,R:ICSCF,GTW,R:GTW,SCSCF,P:SCSCF,MTAS,P:MTAS,SCSCF,P:SCSCF,PCSCF,P:PCSCF,SCSCF,P-200:SCSCF,MTAS,P-200:MTAS,SCSCF,P-200:SCSCF,GTW,P-200:PCSCF,SCSCF,I-200:SCSCF,MTAS,I-200:MTAS,SCSCF,I-200:ICSCF,GTW,I-200:GTW,SCSCF,A:SCSCF,MTAS,A:MTAS,SCSCF,A:SCSCF,PCSCF,A:MTAS,SCSCF,U:SCSCF,PCSCF,U:SCSCF,GTW,U:GTW,SCSCF,U-200:SCSCF,MTAS,U-200:PCSCF,SCSCF,U-200:SCSCF,MTAS,U-200:PCSCF,SCSCF,B:SCSCF,MTAS,B:MTAS,SCSCF,B:SCSCF,GTW,B:GTW,SCSCF,B-200:SCSCF,MTAS,B-200:MTAS,SCSCF,B-200:SCSCF,PCSCF,B-200"
665,665,0,0,0.9532023,"PCSCF,SCSCF,I:SCSCF,ASLI,I:ASLI,SCSCF,T:ASLI,SCSCF,I-500:SCSCF,ASLI,A:SCSCF,PCSCF,T:MTAS,SCSCF,I:SCSCF,MTAS,T:SCSCF,GTW,I:GTW,SCSCF,T:GTW,SCSCF,I-200:SCSCF,MTAS,I-200:SCSCF,PCSCF,I-200:PCSCF,SCSCF,A:SCSCF,MTAS,A:MTAS,SCSCF,A:SCSCF,GTW,A:MTAS,SCSCF,U:SCSCF,GTW,U:SCSCF,PCSCF,U:GTW,SCSCF,U-200:SCSCF,MTAS,U-200:PCSCF,SCSCF,U-200:SCSCF,MTAS,U-200:PCSCF,SCSCF,B:SCSCF,MTAS,B:MTAS,SCSCF,B:SCSCF,GTW,B:GTW,SCSCF,B-200:SCSCF,MTAS,B-200:MTAS,SCSCF,B-200:SCSCF,PCSCF,B-200"
666,666,0,1,0.29164332,"PCSCF,SCSCF,I:SCSCF,ASLI,I:ASLI,SCSCF,T:ASLI,SCSCF,I-500:SCSCF,ASLI,A:MTAS,SCSCF,I:SCSCF,MTAS,T:SCSCF,PCSCF,T:SCSCF,GTW,I:GTW,SCSCF,T:GTW,SCSCF,R:SCSCF,MTAS,R:SCSCF,PCSCF,R:PCSCF,SCSCF,P:MTAS,SCSCF,P:SCSCF,GTW,P:GTW,SCSCF,P-200:SCSCF,MTAS,P-200:SCSCF,PCSCF,P-200:PCSCF,SCSCF,C:SCSCF,PCSCF,C-200:MTAS,SCSCF,C:SCSCF,MTAS,C-200:SCSCF,GTW,C:GTW,SCSCF,C-200:GTW,SCSCF,I-487:SCSCF,GTW,A:SCSCF,MTAS,I-487:MTAS,SCSCF,A:SCSCF,PCSCF,I-487:PCSCF,SCSCF,A"
667,667,0,1,0.400966,"GTW,ICSCF,I:ICSCF,GTW,T:SCSCF,ASLI,I:ASLI,SCSCF,T:ASLI,SCSCF,I-500:SCSCF,ASLI,A:SCSCF,MTAS,I:MTAS,SCSCF,T:MTAS,SCSCF,I:SCSCF,MTAS,T:SCSCF,PCSCF,I:PCSCF,SCSCF,T:PCSCF,SCSCF,R:SCSCF,MTAS,R:MTAS,SCSCF,R:ICSCF,GTW,R:GTW,SCSCF,P:SCSCF,MTAS,P:SCSCF,PCSCF,P:MTAS,SCSCF,P:PCSCF,SCSCF,P-200:SCSCF,MTAS,P-200:MTAS,SCSCF,P-200:SCSCF,GTW,P-200:GTW,ICSCF,C:ICSCF,GTW,C-200:SCSCF,MTAS,C:MTAS,SCSCF,C-200:MTAS,SCSCF,C:SCSCF,MTAS,C-200:SCSCF,PCSCF,C:PCSCF,SCSCF,C-200:PCSCF,SCSCF,I-487:SCSCF,PCSCF,A:SCSCF,MTAS,I-487:MTAS,SCSCF,A:MTAS,SCSCF,I-487:SCSCF,MTAS,A:ICSCF,GTW,I-487:GTW,ICSCF,A"
668,668,0,1,0.63240117,"PCSCF,SCSCF,I:SCSCF,PCSCF,T:SCSCF,ASLI,I:ASLI,SCSCF,T:ASLI,SCSCF,I-500:SCSCF,ASLI,A:MTAS,SCSCF,I:SCSCF,MTAS,T:SCSCF,GTW,I:GTW,SCSCF,T:GTW,SCSCF,R:SCSCF,MTAS,R:SCSCF,PCSCF,R:PCSCF,SCSCF,P:MTAS,SCSCF,P:SCSCF,GTW,P:GTW,SCSCF,P-200:SCSCF,MTAS,P-200:SCSCF,PCSCF,P-200:GTW,SCSCF,I-200:SCSCF,MTAS,I-200:SCSCF,PCSCF,I-200:PCSCF,SCSCF,A:SCSCF,MTAS,A:MTAS,SCSCF,A:SCSCF,GTW,A:MTAS,SCSCF,U:SCSCF,GTW,U:GTW,SCSCF,U-200:SCSCF,MTAS,U-200:MTAS,SCSCF,U:SCSCF,PCSCF,U:PCSCF,SCSCF,U-200:SCSCF,MTAS,U-200:MTAS,SCSCF,U:SCSCF,GTW,U:GTW,SCSCF,U-200:SCSCF,MTAS,U-200:MTAS,SCSCF,U:SCSCF,PCSCF,U:PCSCF,SCSCF,U-200:SCSCF,MTAS,U-200:MTAS,SCSCF,U:SCSCF,GTW,U:SCSCF,PCSCF,U:GTW,SCSCF,U-200:SCSCF,MTAS,U-200:PCSCF,SCSCF,U-200:SCSCF,MTAS,U-200:MTAS,SCSCF,U:SCSCF,GTW,U:GTW,SCSCF,U-200:SCSCF,MTAS,U-200:MTAS,SCSCF,U:SCSCF,PCSCF,U:PCSCF,SCSCF,U-200:SCSCF,MTAS,U-200:PCSCF,SCSCF,B:MTAS,SCSCF,B:SCSCF,GTW,B:GTW,SCSCF,B-200:SCSCF,MTAS,B-200:SCSCF,PCSCF,B-200"
669,669,0,1,0.400966,"GTW,ICSCF,I:ICSCF,GTW,T:SCSCF,ASLI,I:ASLI,SCSCF,T:ASLI,SCSCF,I-500:SCSCF,ASLI,A:SCSCF,MTAS,I:MTAS,SCSCF,T:MTAS,SCSCF,I:SCSCF,MTAS,T:SCSCF,PCSCF,I:PCSCF,SCSCF,T:PCSCF,SCSCF,R:SCSCF,MTAS,R:MTAS,SCSCF,R:ICSCF,GTW,R:GTW,SCSCF,P:MTAS,SCSCF,P:SCSCF,MTAS,P:SCSCF,PCSCF,P:PCSCF,SCSCF,P-200:SCSCF,MTAS,P-200:MTAS,SCSCF,P-200:SCSCF,GTW,P-200:GTW,ICSCF,C:ICSCF,GTW,C-200:SCSCF,MTAS,C:MTAS,SCSCF,C-200:MTAS,SCSCF,C:SCSCF,MTAS,C-200:SCSCF,PCSCF,C:PCSCF,SCSCF,C-200:PCSCF,SCSCF,I-487:SCSCF,PCSCF,A:SCSCF,MTAS,I-487:MTAS,SCSCF,A:MTAS,SCSCF,I-487:SCSCF,MTAS,A:ICSCF,GTW,I-487:GTW,ICSCF,A"
670,670,0,1,0.66678935,"PCSCF,SCSCF,I:SCSCF,PCSCF,T:SCSCF,ASLI,I:ASLI,SCSCF,T:ASLI,SCSCF,I-500:SCSCF,ASLI,A:MTAS,SCSCF,I:SCSCF,MTAS,T:SCSCF,GTW,I:GTW,SCSCF,T:GTW,SCSCF,S:SCSCF,MTAS,S:SCSCF,PCSCF,S:PCSCF,SCSCF,P:MTAS,SCSCF,P:SCSCF,GTW,P:GTW,SCSCF,P-200:SCSCF,MTAS,P-200:SCSCF,PCSCF,P-200:GTW,SCSCF,S:GTW,SCSCF,I-200:SCSCF,MTAS,I-200:SCSCF,PCSCF,I-200:PCSCF,SCSCF,A:SCSCF,MTAS,A:MTAS,SCSCF,A:SCSCF,GTW,A:PCSCF,SCSCF,B:MTAS,SCSCF,B:SCSCF,GTW,B:GTW,SCSCF,B-200:SCSCF,MTAS,B-200:SCSCF,PCSCF,B-200"
671,671,0,0,0.9366786,"GTW,ICSCF,I:ICSCF,GTW,T:SCSCF,ASLI,I:ASLI,SCSCF,T:ASLI,SCSCF,I-500:SCSCF,ASLI,A:SCSCF,MTAS,I:MTAS,SCSCF,T:MTAS,SCSCF,I:SCSCF,MTAS,T:SCSCF,PCSCF,I:PCSCF,SCSCF,T:PCSCF,SCSCF,R:SCSCF,MTAS,R:MTAS,SCSCF,R:ICSCF,GTW,R:GTW,SCSCF,P:SCSCF,MTAS,P:MTAS,SCSCF,P:SCSCF,PCSCF,P:PCSCF,SCSCF,P-200:SCSCF,MTAS,P-200:MTAS,SCSCF,P-200:SCSCF,GTW,P-200:PCSCF,SCSCF,I-200:SCSCF,MTAS,I-200:MTAS,SCSCF,I-200:ICSCF,GTW,I-200:GTW,SCSCF,A:SCSCF,MTAS,A:MTAS,SCSCF,A:SCSCF,PCSCF,A:MTAS,SCSCF,U:SCSCF,PCSCF,U:PCSCF,SCSCF,U-200:SCSCF,MTAS,U-200:MTAS,SCSCF,U:SCSCF,GTW,U:GTW,SCSCF,U-200:SCSCF,MTAS,U-200:MTAS,SCSCF,U:SCSCF,PCSCF,U:SCSCF,GTW,U:GTW,SCSCF,U-200:SCSCF,MTAS,U-200:PCSCF,SCSCF,U-200:SCSCF,MTAS,U-200:MTAS,SCSCF,U:SCSCF,GTW,U:GTW,SCSCF,U-200:SCSCF,MTAS,U-200:MTAS,SCSCF,U:SCSCF,PCSCF,U:PCSCF,SCSCF,U-200:SCSCF,MTAS,U-200:GTW,SCSCF,B:SCSCF,MTAS,B:MTAS,SCSCF,B:SCSCF,PCSCF,B:PCSCF,SCSCF,B-200:SCSCF,MTAS,B-200:MTAS,SCSCF,B-200:SCSCF,GTW,B-200"
672,672,0,1,0.6859034,"PCSCF,SCSCF,I:SCSCF,PCSCF,T:SCSCF,ASLI,I:ASLI,SCSCF,T:ASLI,SCSCF,I-500:SCSCF,ASLI,A:MTAS,SCSCF,I:SCSCF,MTAS,T:SCSCF,GTW,I:GTW,SCSCF,T:GTW,SCSCF,R:SCSCF,MTAS,R:SCSCF,PCSCF,R:PCSCF,SCSCF,P:MTAS,SCSCF,P:SCSCF,GTW,P:GTW,SCSCF,P-200:SCSCF,MTAS,P-200:SCSCF,PCSCF,P-200:GTW,SCSCF,I-200:SCSCF,MTAS,I-200:SCSCF,PCSCF,I-200:PCSCF,SCSCF,A:SCSCF,MTAS,A:MTAS,SCSCF,A:SCSCF,GTW,A:MTAS,SCSCF,U:SCSCF,GTW,U:GTW,SCSCF,U-200:SCSCF,MTAS,U-200:MTAS,SCSCF,U:SCSCF,PCSCF,U:PCSCF,SCSCF,U-200:SCSCF,MTAS,U-200:MTAS,SCSCF,U:SCSCF,GTW,U:SCSCF,PCSCF,U:GTW,SCSCF,U-200:SCSCF,MTAS,U-200:PCSCF,SCSCF,U-200:SCSCF,MTAS,U-200:PCSCF,SCSCF,B:GTW,SCSCF,B:MTAS,SCSCF,B:SCSCF,GTW,B:GTW,SCSCF,B-200:SCSCF,MTAS,B-200:SCSCF,GTW,B-200:SCSCF,PCSCF,B-200"
673,673,0,1,0.26694041,"PCSCF,SCSCF,I:SCSCF,PCSCF,T:SCSCF,ASLI,I:ASLI,SCSCF,T:ASLI,SCSCF,I-500:SCSCF,ASLI,A:MTAS,SCSCF,I:SCSCF,MTAS,T:SCSCF,GTW,I:GTW,SCSCF,T:GTW,SCSCF,S:SCSCF,MTAS,S:SCSCF,PCSCF,S:PCSCF,SCSCF,P:SCSCF,MTAS,P:MTAS,SCSCF,P:SCSCF,GTW,P:GTW,SCSCF,P-200:SCSCF,MTAS,P-200:MTAS,SCSCF,P-200:SCSCF,PCSCF,P-200:GTW,SCSCF,R:SCSCF,MTAS,R:SCSCF,PCSCF,R:PCSCF,SCSCF,P:SCSCF,MTAS,P:MTAS,SCSCF,P:SCSCF,GTW,P:GTW,SCSCF,P-200:SCSCF,MTAS,P-200:MTAS,SCSCF,P-200:SCSCF,PCSCF,P-200:GTW,SCSCF,I-480:SCSCF,GTW,A:SCSCF,MTAS,I-480:MTAS,SCSCF,A:SCSCF,PCSCF,I-480:PCSCF,SCSCF,A"
674,674,0,1,0.7060914,"PCSCF,SCSCF,I:SCSCF,PCSCF,T:SCSCF,PCSCF,I-407:PCSCF,SCSCF,A:PCSCF,SCSCF,I:SCSCF,ASLI,I:ASLI,SCSCF,T:ASLI,SCSCF,I-500:SCSCF,ASLI,A:SCSCF,PCSCF,T:MTAS,SCSCF,I:SCSCF,MTAS,T:SCSCF,GTW,I:GTW,SCSCF,T:GTW,SCSCF,R:SCSCF,MTAS,R:SCSCF,PCSCF,R:PCSCF,SCSCF,P:MTAS,SCSCF,P:SCSCF,GTW,P:GTW,SCSCF,P-200:SCSCF,MTAS,P-200:SCSCF,PCSCF,P-200:PCSCF,SCSCF,C:MTAS,SCSCF,C:SCSCF,MTAS,C-200:SCSCF,GTW,C:SCSCF,PCSCF,C-200:GTW,SCSCF,C-200:GTW,SCSCF,I-487:SCSCF,GTW,A:SCSCF,MTAS,I-487:MTAS,SCSCF,A:SCSCF,PCSCF,I-487:PCSCF,SCSCF,A"
675,675,0,1,0.21996857,"PCSCF,SCSCF,I:SCSCF,PCSCF,T:SCSCF,PCSCF,I-407:PCSCF,SCSCF,A:PCSCF,SCSCF,I:SCSCF,ASLI,I:SCSCF,PCSCF,T:ASLI,SCSCF,T:ASLI,SCSCF,I-500:SCSCF,ASLI,A:MTAS,SCSCF,I:SCSCF,MTAS,T:SCSCF,ASLI,I:ASLI,SCSCF,T:ASLI,SCSCF,I-500:SCSCF,ASLI,A:SCSCF,MTAS,I:MTAS,SCSCF,I:SCSCF,MTAS,T:SCSCF,PCSCF,I:PCSCF,SCSCF,T:MTAS,SCSCF,T:PCSCF,SCSCF,R:SCSCF,MTAS,R:MTAS,SCSCF,R:SCSCF,MTAS,R:SCSCF,PCSCF,R:PCSCF,SCSCF,P:MTAS,SCSCF,P:SCSCF,MTAS,P:MTAS,SCSCF,P:SCSCF,PCSCF,P:PCSCF,SCSCF,P-200:SCSCF,MTAS,P-200:MTAS,SCSCF,P-200:SCSCF,MTAS,P-200:SCSCF,PCSCF,P-200:PCSCF,SCSCF,C:MTAS,SCSCF,C:SCSCF,MTAS,C-200:SCSCF,MTAS,C:MTAS,SCSCF,C-200:MTAS,SCSCF,C:SCSCF,MTAS,C-200:SCSCF,PCSCF,C:SCSCF,PCSCF,C-200:PCSCF,SCSCF,C-200:PCSCF,SCSCF,I-487:SCSCF,PCSCF,A:SCSCF,MTAS,I-487:MTAS,SCSCF,A:MTAS,SCSCF,I-487:SCSCF,MTAS,A:SCSCF,MTAS,I-487:MTAS,SCSCF,A:SCSCF,PCSCF,I-487:PCSCF,SCSCF,A"
676,676,0,0,0.936708,"PCSCF,SCSCF,I:SCSCF,PCSCF,T:SCSCF,ASLI,I:ASLI,SCSCF,T:ASLI,SCSCF,I-500:SCSCF,ASLI,A:MTAS,SCSCF,I:SCSCF,MTAS,T:SCSCF,GTW,I:GTW,SCSCF,T:GTW,SCSCF,S:SCSCF,MTAS,S:SCSCF,PCSCF,S:PCSCF,SCSCF,P:SCSCF,MTAS,P:MTAS,SCSCF,P:SCSCF,GTW,P:GTW,SCSCF,P-200:SCSCF,MTAS,P-200:MTAS,SCSCF,P-200:SCSCF,PCSCF,P-200:GTW,SCSCF,R:SCSCF,MTAS,R:SCSCF,PCSCF,R:PCSCF,SCSCF,P:SCSCF,MTAS,P:MTAS,SCSCF,P:SCSCF,GTW,P:GTW,SCSCF,P-200:SCSCF,MTAS,P-200:MTAS,SCSCF,P-200:SCSCF,PCSCF,P-200:PCSCF,SCSCF,C:SCSCF,PCSCF,C-200:MTAS,SCSCF,C:SCSCF,MTAS,C-200:SCSCF,GTW,C:GTW,SCSCF,C-200:SCSCF,MTAS,I-487:MTAS,SCSCF,A:GTW,SCSCF,I-487:SCSCF,GTW,A:SCSCF,PCSCF,I-487:PCSCF,SCSCF,A"
677,677,0,1,0.2563677,"PCSCF,SCSCF,I:SCSCF,ASLI,I:ASLI,SCSCF,T:ASLI,SCSCF,I-500:SCSCF,ASLI,A:SCSCF,PCSCF,T:MTAS,SCSCF,I:SCSCF,MTAS,T:SCSCF,ASLI,I:ASLI,SCSCF,T:ASLI,SCSCF,I-500:SCSCF,ASLI,A:SCSCF,MTAS,I:MTAS,SCSCF,T:MTAS,SCSCF,I-486:SCSCF,MTAS,A:SCSCF,MTAS,I-486:MTAS,SCSCF,A:SCSCF,PCSCF,S:SCSCF,MTAS,P:PCSCF,SCSCF,P:MTAS,SCSCF,P-200:SCSCF,PCSCF,P-200:PCSCF,SCSCF,C:SCSCF,PCSCF,C-200:SCSCF,PCSCF,I-487:PCSCF,SCSCF,A"
678,678,0,1,0.30256233,"PCSCF,SCSCF,I:SCSCF,PCSCF,T:SCSCF,ASLI,I:ASLI,SCSCF,T:ASLI,SCSCF,I-500:MTAS,SCSCF,I:SCSCF,MTAS,T:SCSCF,ASLI,A:SCSCF,GTW,I:GTW,SCSCF,T:GTW,SCSCF,S:SCSCF,MTAS,S:SCSCF,PCSCF,S:PCSCF,SCSCF,P:SCSCF,MTAS,P:MTAS,SCSCF,P:SCSCF,GTW,P:GTW,SCSCF,P-200:SCSCF,MTAS,P-200:MTAS,SCSCF,P-200:SCSCF,PCSCF,P-200:GTW,SCSCF,R:SCSCF,MTAS,R:SCSCF,PCSCF,R:PCSCF,SCSCF,P:SCSCF,MTAS,P:MTAS,SCSCF,P:SCSCF,GTW,P:GTW,SCSCF,P-200:SCSCF,MTAS,P-200:MTAS,SCSCF,P-200:SCSCF,PCSCF,P-200:GTW,SCSCF,S:SCSCF,MTAS,S:SCSCF,PCSCF,S:PCSCF,SCSCF,P:SCSCF,MTAS,P:MTAS,SCSCF,P:SCSCF,GTW,P:GTW,SCSCF,P-200:SCSCF,MTAS,P-200:MTAS,SCSCF,P-200:SCSCF,PCSCF,P-200:GTW,SCSCF,U:MTAS,SCSCF,U:SCSCF,PCSCF,U:PCSCF,SCSCF,U-200:SCSCF,MTAS,U-200:SCSCF,GTW,U-200:GTW,SCSCF,I-200:SCSCF,MTAS,I-200:SCSCF,PCSCF,I-200:PCSCF,SCSCF,A:SCSCF,MTAS,A:MTAS,SCSCF,A:SCSCF,GTW,A:PCSCF,SCSCF,B:SCSCF,MTAS,B:MTAS,SCSCF,B:SCSCF,GTW,B:GTW,SCSCF,B-200:SCSCF,MTAS,B-200:MTAS,SCSCF,B-200:SCSCF,PCSCF,B-200"
679,679,0,1,0.37560526,"PCSCF,SCSCF,I:SCSCF,PCSCF,T:SCSCF,ASLI,I:ASLI,SCSCF,T:ASLI,SCSCF,I-500:SCSCF,ASLI,A:MTAS,SCSCF,I:SCSCF,MTAS,T:SCSCF,GTW,I:GTW,SCSCF,T:GTW,SCSCF,S:SCSCF,MTAS,S:SCSCF,PCSCF,S:PCSCF,SCSCF,P:SCSCF,MTAS,P:MTAS,SCSCF,P:SCSCF,GTW,P:GTW,SCSCF,P-200:GTW,SCSCF,S:SCSCF,MTAS,S:SCSCF,MTAS,P-200:MTAS,SCSCF,P-200:SCSCF,PCSCF,P-200:SCSCF,PCSCF,S:PCSCF,SCSCF,P:SCSCF,MTAS,P:MTAS,SCSCF,P:SCSCF,GTW,P:GTW,SCSCF,P-200:SCSCF,MTAS,P-200:MTAS,SCSCF,P-200:SCSCF,PCSCF,P-200:GTW,SCSCF,R:SCSCF,MTAS,R:SCSCF,PCSCF,R:PCSCF,SCSCF,P:SCSCF,MTAS,P:MTAS,SCSCF,P:SCSCF,GTW,P:GTW,SCSCF,P-200:SCSCF,MTAS,P-200:MTAS,SCSCF,P-200:SCSCF,PCSCF,P-200:PCSCF,SCSCF,C:SCSCF,PCSCF,C-200:MTAS,SCSCF,C:SCSCF,MTAS,C-200:SCSCF,GTW,C:GTW,SCSCF,C-200:GTW,SCSCF,I-487:SCSCF,GTW,A:SCSCF,MTAS,I-487:MTAS,SCSCF,A:SCSCF,PCSCF,I-487:PCSCF,SCSCF,A"
680,680,0,0,0.999491,"PCSCF,SCSCF,I:SCSCF,PCSCF,T:SCSCF,ASLI,I:ASLI,SCSCF,T:ASLI,SCSCF,I-500:SCSCF,ASLI,A:MTAS,SCSCF,I:SCSCF,MTAS,T:SCSCF,GTW,I:GTW,SCSCF,T:GTW,SCSCF,I-200:SCSCF,MTAS,I-200:SCSCF,PCSCF,I-200:SCSCF,MTAS,A:PCSCF,SCSCF,A:MTAS,SCSCF,A:SCSCF,GTW,A:GTW,SCSCF,B:MTAS,SCSCF,B:SCSCF,PCSCF,B:PCSCF,SCSCF,B-200:SCSCF,MTAS,B-200:SCSCF,GTW,B-200"
681,681,0,1,0.4118578,"GTW,ICSCF,I:ICSCF,GTW,T:SCSCF,ASLI,I:ASLI,SCSCF,T:ASLI,SCSCF,I-500:SCSCF,ASLI,A:SCSCF,MTAS,I:MTAS,SCSCF,T:MTAS,SCSCF,I:SCSCF,MTAS,T:SCSCF,PCSCF,I:PCSCF,SCSCF,T:PCSCF,SCSCF,R:SCSCF,MTAS,R:MTAS,SCSCF,R:SCSCF,MTAS,P:MTAS,SCSCF,P:ICSCF,GTW,R:GTW,SCSCF,P:SCSCF,PCSCF,P:PCSCF,SCSCF,P-200:SCSCF,MTAS,P-200:MTAS,SCSCF,P-200:SCSCF,GTW,P-200:GTW,ICSCF,C:ICSCF,GTW,C-200:SCSCF,MTAS,C:MTAS,SCSCF,C-200:MTAS,SCSCF,C:SCSCF,MTAS,C-200:SCSCF,PCSCF,C:PCSCF,SCSCF,C-200:PCSCF,SCSCF,I-487:SCSCF,PCSCF,A:SCSCF,MTAS,I-487:MTAS,SCSCF,A:MTAS,SCSCF,I-487:SCSCF,MTAS,A:ICSCF,GTW,I-487:GTW,ICSCF,A"
682,682,0,0,0.8976735,"PCSCF,SCSCF,I:SCSCF,PCSCF,T:SCSCF,ASLI,I:ASLI,SCSCF,T:ASLI,SCSCF,I-500:SCSCF,ASLI,A:MTAS,SCSCF,I:SCSCF,MTAS,T:SCSCF,GTW,I:GTW,SCSCF,T:GTW,SCSCF,R:SCSCF,MTAS,R:SCSCF,PCSCF,R:PCSCF,SCSCF,P:SCSCF,MTAS,P:MTAS,SCSCF,P:SCSCF,GTW,P:GTW,SCSCF,P-200:SCSCF,MTAS,P-200:MTAS,SCSCF,P-200:SCSCF,PCSCF,P-200:PCSCF,SCSCF,C:SCSCF,PCSCF,C-200:SCSCF,GTW,C:MTAS,SCSCF,C:SCSCF,MTAS,C-200:GTW,SCSCF,C-200:GTW,SCSCF,I-487:SCSCF,GTW,A:SCSCF,MTAS,I-487:MTAS,SCSCF,A:SCSCF,PCSCF,I-487:PCSCF,SCSCF,A"
683,683,0,0,0.9960322,"GTW,ICSCF,I:ICSCF,GTW,T:SCSCF,ASLI,I:ASLI,SCSCF,T:ASLI,SCSCF,I-500:SCSCF,ASLI,A:SCSCF,MTAS,I:MTAS,SCSCF,T:MTAS,SCSCF,I:SCSCF,MTAS,T:SCSCF,PCSCF,I:PCSCF,SCSCF,T:PCSCF,SCSCF,R:SCSCF,MTAS,R:MTAS,SCSCF,R:ICSCF,GTW,R:GTW,SCSCF,P:SCSCF,MTAS,P:MTAS,SCSCF,P:SCSCF,PCSCF,P:PCSCF,SCSCF,P-200:SCSCF,MTAS,P-200:MTAS,SCSCF,P-200:SCSCF,GTW,P-200:SCSCF,MTAS,I-200:ICSCF,GTW,I-200:PCSCF,SCSCF,I-200:MTAS,SCSCF,I-200:GTW,SCSCF,A:SCSCF,MTAS,A:MTAS,SCSCF,A:SCSCF,PCSCF,A:GTW,SCSCF,B:SCSCF,MTAS,B:MTAS,SCSCF,B:SCSCF,PCSCF,B:PCSCF,SCSCF,B-200:SCSCF,MTAS,B-200:MTAS,SCSCF,B-200:SCSCF,GTW,B-200"
684,684,0,0,0.9810782,"GTW,ICSCF,I:ICSCF,GTW,T:SCSCF,ASLI,I:ASLI,SCSCF,T:ASLI,SCSCF,I-500:SCSCF,MTAS,I:MTAS,SCSCF,T:MTAS,SCSCF,I:SCSCF,ASLI,A:SCSCF,MTAS,T:MTAS,SCSCF,W:ICSCF,GTW,W:SCSCF,GTW,I:GTW,SCSCF,T:GTW,SCSCF,S:SCSCF,MTAS,S:MTAS,SCSCF,S:ICSCF,GTW,S:GTW,SCSCF,P:SCSCF,MTAS,P:MTAS,SCSCF,P:SCSCF,GTW,P:GTW,SCSCF,P-200:SCSCF,MTAS,P-200:MTAS,SCSCF,P-200:SCSCF,GTW,P-200:GTW,SCSCF,R:SCSCF,MTAS,R:MTAS,SCSCF,R:ICSCF,GTW,R:GTW,SCSCF,P:SCSCF,MTAS,P:MTAS,SCSCF,P:SCSCF,GTW,P:GTW,SCSCF,P-200:SCSCF,MTAS,P-200:MTAS,SCSCF,P-200:SCSCF,GTW,P-200:GTW,ICSCF,C:ICSCF,GTW,C-200:SCSCF,MTAS,C:MTAS,SCSCF,C-200:MTAS,SCSCF,C:SCSCF,MTAS,C-200:SCSCF,GTW,C:GTW,SCSCF,C-200:GTW,SCSCF,I-487:SCSCF,GTW,A:SCSCF,MTAS,I-487:MTAS,SCSCF,A:MTAS,SCSCF,I-487:SCSCF,MTAS,A:ICSCF,GTW,I-487:GTW,ICSCF,A"
685,685,0,1,0.400966,"GTW,ICSCF,I:ICSCF,GTW,T:SCSCF,ASLI,I:ASLI,SCSCF,T:ASLI,SCSCF,I-500:SCSCF,ASLI,A:SCSCF,MTAS,I:MTAS,SCSCF,T:MTAS,SCSCF,I:SCSCF,MTAS,T:SCSCF,PCSCF,I:PCSCF,SCSCF,T:MTAS,SCSCF,R:ICSCF,GTW,R:PCSCF,SCSCF,R:SCSCF,MTAS,R:GTW,SCSCF,P:SCSCF,MTAS,P:MTAS,SCSCF,P:SCSCF,PCSCF,P:PCSCF,SCSCF,P-200:SCSCF,MTAS,P-200:MTAS,SCSCF,P-200:SCSCF,GTW,P-200:GTW,ICSCF,C:ICSCF,GTW,C-200:SCSCF,MTAS,C:MTAS,SCSCF,C-200:MTAS,SCSCF,C:SCSCF,MTAS,C-200:SCSCF,PCSCF,C:PCSCF,SCSCF,C-200:PCSCF,SCSCF,I-487:SCSCF,PCSCF,A:SCSCF,MTAS,I-487:MTAS,SCSCF,A:MTAS,SCSCF,I-487:SCSCF,MTAS,A:ICSCF,GTW,I-487:GTW,ICSCF,A"
686,686,0,1,0.24430127,"PCSCF,SCSCF,I:SCSCF,PCSCF,T:SCSCF,PCSCF,I-407:PCSCF,SCSCF,A:PCSCF,SCSCF,I:SCSCF,ASLI,I:ASLI,SCSCF,T:ASLI,SCSCF,I-500:SCSCF,ASLI,A:SCSCF,PCSCF,T:MTAS,SCSCF,I:SCSCF,MTAS,T:SCSCF,GTW,I:GTW,SCSCF,T:GTW,SCSCF,S:SCSCF,MTAS,S:SCSCF,PCSCF,S:PCSCF,SCSCF,P:MTAS,SCSCF,P:SCSCF,GTW,P:GTW,SCSCF,P-200:SCSCF,MTAS,P-200:SCSCF,PCSCF,P-200:PCSCF,SCSCF,C:SCSCF,PCSCF,C-200:MTAS,SCSCF,C:SCSCF,MTAS,C-200:SCSCF,GTW,C:GTW,SCSCF,C-200:GTW,SCSCF,I-487:SCSCF,GTW,A:SCSCF,MTAS,I-487:MTAS,SCSCF,A:SCSCF,PCSCF,I-487:PCSCF,SCSCF,A"
687,687,0,1,0.3941743,"PCSCF,SCSCF,I:SCSCF,PCSCF,T:SCSCF,PCSCF,I-407:PCSCF,SCSCF,A:PCSCF,SCSCF,I:SCSCF,PCSCF,T:SCSCF,ASLI,I:ASLI,SCSCF,T:ASLI,SCSCF,I-500:SCSCF,ASLI,A:MTAS,SCSCF,I:SCSCF,MTAS,T:SCSCF,GTW,I:GTW,SCSCF,T:GTW,SCSCF,S:SCSCF,MTAS,S:SCSCF,PCSCF,S:PCSCF,SCSCF,P:MTAS,SCSCF,P:SCSCF,GTW,P:GTW,SCSCF,P-200:SCSCF,MTAS,P-200:SCSCF,PCSCF,P-200:GTW,SCSCF,R:SCSCF,MTAS,R:SCSCF,PCSCF,R:PCSCF,SCSCF,P:MTAS,SCSCF,P:SCSCF,GTW,P:GTW,SCSCF,P-200:SCSCF,MTAS,P-200:SCSCF,PCSCF,P-200:GTW,SCSCF,I-480:SCSCF,GTW,A:SCSCF,MTAS,I-480:MTAS,SCSCF,A:SCSCF,PCSCF,I-480:PCSCF,SCSCF,A"
688,688,0,1,0.51747173,"PCSCF,SCSCF,I:SCSCF,PCSCF,T:SCSCF,PCSCF,I-407:PCSCF,SCSCF,A:PCSCF,SCSCF,I:SCSCF,PCSCF,T:SCSCF,ASLI,I:ASLI,SCSCF,T:ASLI,SCSCF,I-500:SCSCF,ASLI,A:MTAS,SCSCF,I:SCSCF,MTAS,T:SCSCF,GTW,I:GTW,SCSCF,T:GTW,SCSCF,R:SCSCF,MTAS,R:SCSCF,PCSCF,R:PCSCF,SCSCF,P:MTAS,SCSCF,P:SCSCF,GTW,P:GTW,SCSCF,P-200:SCSCF,MTAS,P-200:SCSCF,PCSCF,P-200:PCSCF,SCSCF,C:MTAS,SCSCF,C:SCSCF,MTAS,C-200:SCSCF,GTW,C:GTW,SCSCF,C-200:GTW,SCSCF,I-487:SCSCF,GTW,A:SCSCF,MTAS,I-487:MTAS,SCSCF,A:SCSCF,PCSCF,C-200:SCSCF,PCSCF,I-487:PCSCF,SCSCF,A"
689,689,0,1,0.71179223,"GTW,ICSCF,I:ICSCF,GTW,T:SCSCF,ASLI,I:ASLI,SCSCF,T:ASLI,SCSCF,I-500:SCSCF,ASLI,A:SCSCF,MTAS,I:MTAS,SCSCF,T:MTAS,SCSCF,I:SCSCF,MTAS,T:SCSCF,PCSCF,I:PCSCF,SCSCF,T:PCSCF,SCSCF,R:SCSCF,MTAS,R:MTAS,SCSCF,R:ICSCF,GTW,R:GTW,SCSCF,P:SCSCF,MTAS,P:MTAS,SCSCF,P:SCSCF,PCSCF,P:PCSCF,SCSCF,P-200:SCSCF,MTAS,P-200:MTAS,SCSCF,P-200:SCSCF,GTW,P-200:PCSCF,SCSCF,I-200:SCSCF,MTAS,I-200:MTAS,SCSCF,I-200:ICSCF,GTW,I-200:GTW,SCSCF,A:SCSCF,MTAS,A:MTAS,SCSCF,A:SCSCF,PCSCF,A:PCSCF,SCSCF,I:SCSCF,MTAS,I:MTAS,SCSCF,T:MTAS,SCSCF,I:SCSCF,MTAS,T:SCSCF,GTW,I:GTW,SCSCF,T:GTW,SCSCF,I-200:SCSCF,MTAS,I-200:MTAS,SCSCF,I-200:SCSCF,PCSCF,T:SCSCF,PCSCF,I-200:PCSCF,SCSCF,A:SCSCF,MTAS,A:MTAS,SCSCF,A:SCSCF,GTW,A:GTW,SCSCF,B:SCSCF,MTAS,B:MTAS,SCSCF,B:SCSCF,PCSCF,B:PCSCF,SCSCF,B-200:SCSCF,MTAS,B-200:MTAS,SCSCF,B-200:SCSCF,GTW,B-200"
690,690,0,1,0.33876917,"GTW,ICSCF,I:ICSCF,GTW,T:SCSCF,ASLI,I:ASLI,SCSCF,T:ASLI,SCSCF,I-500:SCSCF,MTAS,I:MTAS,SCSCF,T:MTAS,SCSCF,I:SCSCF,MTAS,T:SCSCF,PCSCF,I:SCSCF,ASLI,A:PCSCF,SCSCF,T:PCSCF,SCSCF,I-486:SCSCF,PCSCF,A:SCSCF,MTAS,I-486:MTAS,SCSCF,A:MTAS,SCSCF,I-486:SCSCF,MTAS,A:ICSCF,GTW,I-486:GTW,ICSCF,A"
691,691,0,1,0.46108592,"PCSCF,SCSCF,I:SCSCF,ASLI,I:ASLI,SCSCF,T:ASLI,SCSCF,I-500:SCSCF,ASLI,A:SCSCF,PCSCF,T:MTAS,SCSCF,I:SCSCF,MTAS,T:SCSCF,ASLI,I:ASLI,SCSCF,T:ASLI,SCSCF,I-500:SCSCF,ASLI,A:SCSCF,MTAS,I:MTAS,SCSCF,T:MTAS,SCSCF,I:SCSCF,MTAS,T:SCSCF,PCSCF,I:PCSCF,SCSCF,T:SCSCF,PCSCF,I:PCSCF,SCSCF,T:PCSCF,SCSCF,R:SCSCF,MTAS,R:MTAS,SCSCF,R:SCSCF,MTAS,R:SCSCF,PCSCF,R:PCSCF,SCSCF,P:MTAS,SCSCF,P:SCSCF,MTAS,P:MTAS,SCSCF,P:SCSCF,PCSCF,P:PCSCF,SCSCF,P-200:SCSCF,MTAS,P-200:MTAS,SCSCF,P-200:SCSCF,MTAS,P-200:SCSCF,PCSCF,P-200:PCSCF,SCSCF,I-408:SCSCF,PCSCF,A:PCSCF,SCSCF,I-200:SCSCF,MTAS,I-200:MTAS,SCSCF,I-200:SCSCF,MTAS,I-200:SCSCF,PCSCF,I-200:PCSCF,SCSCF,A:MTAS,SCSCF,A:SCSCF,MTAS,A:MTAS,SCSCF,A:SCSCF,PCSCF,A:MTAS,SCSCF,U:SCSCF,PCSCF,U:MTAS,SCSCF,U:PCSCF,SCSCF,U-200:SCSCF,MTAS,U-200:PCSCF,SCSCF,U-200:SCSCF,MTAS,U-200:PCSCF,SCSCF,B:SCSCF,MTAS,B:MTAS,SCSCF,B:SCSCF,PCSCF,B:PCSCF,SCSCF,B-200:SCSCF,MTAS,B-200:MTAS,SCSCF,B-200:SCSCF,PCSCF,B-200"
692,692,0,1,0.75802106,"PCSCF,SCSCF,I:SCSCF,PCSCF,T:SCSCF,ASLI,I:ASLI,SCSCF,T:ASLI,SCSCF,I-500:SCSCF,ASLI,A:MTAS,SCSCF,I:SCSCF,MTAS,T:SCSCF,GTW,I:GTW,SCSCF,T:GTW,SCSCF,S:SCSCF,MTAS,S:SCSCF,PCSCF,S:PCSCF,SCSCF,P:MTAS,SCSCF,P:SCSCF,GTW,P:GTW,SCSCF,P-200:SCSCF,MTAS,P-200:SCSCF,PCSCF,P-200:GTW,SCSCF,S:SCSCF,MTAS,S:SCSCF,PCSCF,S:PCSCF,SCSCF,P:MTAS,SCSCF,P:SCSCF,GTW,P:GTW,SCSCF,P-200:SCSCF,MTAS,P-200:SCSCF,PCSCF,P-200:GTW,SCSCF,S:SCSCF,MTAS,S:SCSCF,PCSCF,S:PCSCF,SCSCF,P:MTAS,SCSCF,P:SCSCF,GTW,P:GTW,SCSCF,P-200:SCSCF,MTAS,P-200:SCSCF,PCSCF,P-200:GTW,SCSCF,S:SCSCF,MTAS,S:SCSCF,PCSCF,S:PCSCF,SCSCF,P:MTAS,SCSCF,P:SCSCF,GTW,P:GTW,SCSCF,P-200:SCSCF,MTAS,P-200:SCSCF,PCSCF,P-200:GTW,SCSCF,S:SCSCF,MTAS,S:SCSCF,PCSCF,S:PCSCF,SCSCF,P:MTAS,SCSCF,P:SCSCF,GTW,P:GTW,SCSCF,P-200:SCSCF,MTAS,P-200:SCSCF,PCSCF,P-200:GTW,SCSCF,I-200:SCSCF,MTAS,I-200:SCSCF,PCSCF,I-200:PCSCF,SCSCF,A:SCSCF,MTAS,A:MTAS,SCSCF,A:SCSCF,GTW,A:PCSCF,SCSCF,B:SCSCF,MTAS,B:MTAS,SCSCF,B:SCSCF,GTW,B:GTW,SCSCF,B-200:SCSCF,MTAS,B-200:MTAS,SCSCF,B-200:SCSCF,PCSCF,B-200"
693,693,0,0,0.9834147,"GTW,ICSCF,I:ICSCF,GTW,T:SCSCF,ASLI,I:ASLI,SCSCF,T:ASLI,SCSCF,I-500:SCSCF,ASLI,A:SCSCF,MTAS,I:MTAS,SCSCF,T:MTAS,SCSCF,I:SCSCF,MTAS,T:SCSCF,PCSCF,I:PCSCF,SCSCF,T:PCSCF,SCSCF,R:SCSCF,MTAS,R:MTAS,SCSCF,R:ICSCF,GTW,R:GTW,SCSCF,P:SCSCF,MTAS,P:MTAS,SCSCF,P:SCSCF,PCSCF,P:PCSCF,SCSCF,P-200:SCSCF,MTAS,P-200:MTAS,SCSCF,P-200:SCSCF,GTW,P-200:PCSCF,SCSCF,I-200:SCSCF,MTAS,I-200:MTAS,SCSCF,I-200:ICSCF,GTW,I-200:GTW,SCSCF,A:SCSCF,MTAS,A:MTAS,SCSCF,A:SCSCF,PCSCF,A:GTW,SCSCF,B:SCSCF,MTAS,B:SCSCF,PCSCF,B:SCSCF,MTAS,B:MTAS,SCSCF,B:PCSCF,SCSCF,B:MTAS,SCSCF,B-200:SCSCF,PCSCF,B-200:PCSCF,SCSCF,B-200:SCSCF,MTAS,B-200:MTAS,SCSCF,B-200:SCSCF,GTW,B-200"
694,694,0,0,0.992782,"PCSCF,SCSCF,I:SCSCF,ASLI,I:SCSCF,PCSCF,T:ASLI,SCSCF,T:ASLI,SCSCF,I-500:SCSCF,ASLI,A:MTAS,SCSCF,I:SCSCF,MTAS,T:SCSCF,GTW,I:GTW,SCSCF,T:GTW,SCSCF,R:SCSCF,MTAS,R:SCSCF,PCSCF,R:PCSCF,SCSCF,P:MTAS,SCSCF,P:SCSCF,GTW,P:GTW,SCSCF,P-200:SCSCF,MTAS,P-200:SCSCF,PCSCF,P-200:GTW,SCSCF,I-200:SCSCF,MTAS,I-200:SCSCF,PCSCF,I-200:PCSCF,SCSCF,A:SCSCF,MTAS,A:MTAS,SCSCF,A:SCSCF,GTW,A:PCSCF,SCSCF,B:MTAS,SCSCF,B:SCSCF,GTW,B:GTW,SCSCF,B-200:SCSCF,MTAS,B-200:SCSCF,PCSCF,B-200"
695,695,0,1,0.1774642,"PCSCF,SCSCF,I:SCSCF,PCSCF,T:SCSCF,PCSCF,I-407:PCSCF,SCSCF,A:PCSCF,SCSCF,I:SCSCF,ASLI,I:ASLI,SCSCF,T:ASLI,SCSCF,I-500:SCSCF,ASLI,A:SCSCF,PCSCF,T:MTAS,SCSCF,I:SCSCF,MTAS,T:SCSCF,GTW,I:GTW,SCSCF,T:GTW,SCSCF,S:SCSCF,MTAS,S:SCSCF,PCSCF,S:PCSCF,SCSCF,P:MTAS,SCSCF,P:SCSCF,GTW,P:GTW,SCSCF,P-200:GTW,SCSCF,R:SCSCF,MTAS,P-200:SCSCF,MTAS,R:SCSCF,PCSCF,P-200:SCSCF,PCSCF,R:PCSCF,SCSCF,P:MTAS,SCSCF,P:SCSCF,GTW,P:GTW,SCSCF,P-200:SCSCF,MTAS,P-200:SCSCF,PCSCF,P-200:GTW,SCSCF,I-200:SCSCF,MTAS,I-200:SCSCF,PCSCF,I-200:PCSCF,SCSCF,A:SCSCF,MTAS,A:MTAS,SCSCF,A:SCSCF,GTW,A:MTAS,SCSCF,U:SCSCF,GTW,U:GTW,SCSCF,U-200:SCSCF,PCSCF,U:SCSCF,MTAS,U-200:PCSCF,SCSCF,U-200:SCSCF,MTAS,U-200:PCSCF,SCSCF,B:MTAS,SCSCF,B:SCSCF,GTW,B:GTW,SCSCF,B-200:SCSCF,MTAS,B-200:SCSCF,PCSCF,B-200"
696,696,0,1,0.35538802,"GTW,ICSCF,I:ICSCF,GTW,T:SCSCF,ASLI,I:ASLI,SCSCF,T:ASLI,SCSCF,I-500:SCSCF,ASLI,A:SCSCF,MTAS,I:MTAS,SCSCF,T:MTAS,SCSCF,W:ICSCF,GTW,W:MTAS,SCSCF,I:SCSCF,MTAS,T:SCSCF,GTW,I:GTW,SCSCF,T:GTW,ICSCF,C:ICSCF,GTW,C-200:SCSCF,MTAS,C:MTAS,SCSCF,C:SCSCF,MTAS,C-200:SCSCF,GTW,C:MTAS,SCSCF,C-200:MTAS,SCSCF,I-487:SCSCF,MTAS,A:ICSCF,GTW,I-487:GTW,SCSCF,C-200:GTW,SCSCF,I-487:SCSCF,GTW,A:SCSCF,MTAS,I-487:MTAS,SCSCF,A:GTW,ICSCF,A"
697,697,0,1,0.29194704,"PCSCF,SCSCF,I:SCSCF,ASLI,I:SCSCF,PCSCF,T:ASLI,SCSCF,T:ASLI,SCSCF,I-500:SCSCF,ASLI,A:MTAS,SCSCF,I:SCSCF,MTAS,T:SCSCF,GTW,I:GTW,SCSCF,T:GTW,SCSCF,S:SCSCF,MTAS,S:SCSCF,PCSCF,S:PCSCF,SCSCF,P:MTAS,SCSCF,P:SCSCF,GTW,P:GTW,SCSCF,P-200:SCSCF,MTAS,P-200:SCSCF,PCSCF,P-200:GTW,SCSCF,S:SCSCF,MTAS,S:SCSCF,PCSCF,S:PCSCF,SCSCF,P:MTAS,SCSCF,P:SCSCF,GTW,P:GTW,SCSCF,P-200:SCSCF,MTAS,P-200:SCSCF,PCSCF,P-200:PCSCF,SCSCF,C:SCSCF,PCSCF,C-200:MTAS,SCSCF,C:SCSCF,MTAS,C-200:SCSCF,GTW,C:GTW,SCSCF,C-200:GTW,SCSCF,I-487:SCSCF,GTW,A:SCSCF,MTAS,I-487:MTAS,SCSCF,A:SCSCF,PCSCF,I-487:PCSCF,SCSCF,A"
698,698,0,0,0.9261995,"PCSCF,SCSCF,I:SCSCF,PCSCF,T:SCSCF,PCSCF,I-407:PCSCF,SCSCF,A:PCSCF,SCSCF,I:SCSCF,ASLI,I:SCSCF,PCSCF,T:ASLI,SCSCF,T:ASLI,SCSCF,I-500:SCSCF,ASLI,A:MTAS,SCSCF,I:SCSCF,MTAS,T:SCSCF,GTW,I:GTW,SCSCF,T:GTW,SCSCF,S:SCSCF,MTAS,S:SCSCF,PCSCF,S:PCSCF,SCSCF,P:SCSCF,MTAS,P:MTAS,SCSCF,P:SCSCF,GTW,P:GTW,SCSCF,P-200:GTW,SCSCF,R:SCSCF,MTAS,R:SCSCF,MTAS,P-200:MTAS,SCSCF,P-200:SCSCF,PCSCF,P-200:SCSCF,PCSCF,R:PCSCF,SCSCF,P:SCSCF,MTAS,P:MTAS,SCSCF,P:SCSCF,GTW,P:GTW,SCSCF,P-200:SCSCF,MTAS,P-200:MTAS,SCSCF,P-200:SCSCF,PCSCF,P-200:GTW,SCSCF,I-200:SCSCF,MTAS,I-200:SCSCF,PCSCF,I-200:PCSCF,SCSCF,A:SCSCF,MTAS,A:MTAS,SCSCF,A:SCSCF,GTW,A:PCSCF,SCSCF,I:SCSCF,PCSCF,T:MTAS,SCSCF,I:SCSCF,MTAS,T:SCSCF,GTW,I:GTW,SCSCF,T:GTW,SCSCF,I-200:SCSCF,MTAS,I-200:SCSCF,PCSCF,I-200:PCSCF,SCSCF,A:SCSCF,MTAS,A:MTAS,SCSCF,A:SCSCF,GTW,A:PCSCF,SCSCF,B:SCSCF,MTAS,B:MTAS,SCSCF,B:SCSCF,GTW,B:GTW,SCSCF,B-200:SCSCF,MTAS,B-200:MTAS,SCSCF,B-200:SCSCF,PCSCF,B-200"
699,699,0,1,0.402848,"GTW,ICSCF,I:ICSCF,GTW,T:SCSCF,ASLI,I:ASLI,SCSCF,T:ASLI,SCSCF,I-500:SCSCF,ASLI,A:SCSCF,MTAS,I:MTAS,SCSCF,T:MTAS,SCSCF,I:SCSCF,MTAS,T:SCSCF,PCSCF,I:PCSCF,SCSCF,T:PCSCF,SCSCF,R:SCSCF,MTAS,R:MTAS,SCSCF,R:ICSCF,GTW,R:GTW,SCSCF,P:SCSCF,MTAS,P:MTAS,SCSCF,P:SCSCF,PCSCF,P:PCSCF,SCSCF,P-200:SCSCF,MTAS,P-200:MTAS,SCSCF,P-200:SCSCF,GTW,P-200:GTW,ICSCF,C:ICSCF,GTW,C-200:SCSCF,MTAS,C:MTAS,SCSCF,C-200:MTAS,SCSCF,C:SCSCF,MTAS,C-200:SCSCF,PCSCF,C:PCSCF,SCSCF,C-200:PCSCF,SCSCF,I-487:SCSCF,MTAS,I-487:MTAS,SCSCF,A:MTAS,SCSCF,I-487:SCSCF,PCSCF,A:SCSCF,MTAS,A:ICSCF,GTW,I-487:GTW,ICSCF,A"
700,700,1,1,0.83149993,"ICSCF,SCSCF,I:SCSCF,ICSCF,T:SCSCF,ASLI,I:ASLI,SCSCF,T:ASLI,SCSCF,I-500:SCSCF,ASLI,A:SCSCF,MTAS,I:MTAS,SCSCF,T:MTAS,SCSCF,I:SCSCF,MTAS,T:SCSCF,PCSCF,I:PCSCF,SCSCF,T:SCSCF,MTAS,R:PCSCF,SCSCF,R:MTAS,SCSCF,R:SCSCF,ICSCF,R:SCSCF,MTAS,P:SCSCF,SCSCF,P:SCSCF,PCSCF,P:MTAS,SCSCF,P:PCSCF,SCSCF,P-200:SCSCF,MTAS,P-200:SCSCF,SCSCF,P-200:MTAS,SCSCF,P-200"
701,701,1,1,0.35180843,"PCSCF,SCSCF,I:SCSCF,PCSCF,T:SCSCF,PCSCF,I-407:PCSCF,SCSCF,A:PCSCF,SCSCF,I:SCSCF,PCSCF,T:SCSCF,ASLI,I:ASLI,SCSCF,T:ASLI,SCSCF,I-500:SCSCF,ASLI,A:SCSCF,MTAS,I:MTAS,SCSCF,T:MTAS,SCSCF,I:SCSCF,MTAS,T:SCSCF,ASLI,I:ASLI,SCSCF,T:ASLI,SCSCF,I-500:SCSCF,ASLI,A:SCSCF,MTAS,I:MTAS,SCSCF,T:MTAS,SCSCF,I:SCSCF,MTAS,T:SCSCF,PCSCF,I:PCSCF,SCSCF,T"
702,702,1,1,0.47792792,"MTAS,SCSCF,I:MTAS,SCSCF,A:GTW,ICSCF,I:ICSCF,GTW,T:SCSCF,ASLI,I:ASLI,SCSCF,T:ASLI,SCSCF,I-500:SCSCF,ASLI,A:SCSCF,MTAS,I:MTAS,SCSCF,T:MTAS,SCSCF,I:SCSCF,MTAS,T:SCSCF,MTAS,I-480:MTAS,SCSCF,A:MTAS,SCSCF,S:ICSCF,GTW,S:GTW,SCSCF,P:SCSCF,MTAS,P:SCSCF,GTW,P-200:MTAS,SCSCF,P-200:MTAS,SCSCF,I-480:SCSCF,MTAS,A:ICSCF,GTW,I-480:GTW,ICSCF,A"
703,703,1,1,0.38710204,"PCSCF,SCSCF,I:SCSCF,PCSCF,T:SCSCF,ASLI,I:ASLI,SCSCF,T:SCSCF,ASLI,A:ASLI,SCSCF,I-500:SCSCF,MTAS,I:MTAS,SCSCF,I:MTAS,SCSCF,T:SCSCF,MTAS,T:SCSCF,GTW,I:GTW,SCSCF,T"
704,704,1,0,0.9604935,"GTW,ICSCF,I:ICSCF,GTW,T:SCSCF,ASLI,I:ASLI,SCSCF,T:ASLI,SCSCF,I-500:SCSCF,ASLI,A:SCSCF,MTAS,I:MTAS,SCSCF,T:MTAS,SCSCF,I:SCSCF,MTAS,T:SCSCF,PCSCF,I:PCSCF,SCSCF,T:PCSCF,SCSCF,R:MTAS,SCSCF,R:SCSCF,MTAS,R:GTW,SCSCF,P:ICSCF,GTW,R:SCSCF,MTAS,P:MTAS,SCSCF,P:SCSCF,PCSCF,P:SCSCF,MTAS,P-200:PCSCF,SCSCF,P-200:MTAS,SCSCF,P-200:SCSCF,GTW,P-200"
705,705,1,1,0.3959284,"GTW,ICSCF,I:ICSCF,GTW,T:SCSCF,ASLI,I:ASLI,SCSCF,T:ASLI,SCSCF,I-500:SCSCF,ASLI,A:SCSCF,MTAS,I:MTAS,SCSCF,T:MTAS,SCSCF,I:SCSCF,MTAS,T:PCSCF,SCSCF,T:SCSCF,PCSCF,I:PCSCF,SCSCF,R:MTAS,SCSCF,R:SCSCF,MTAS,R:ICSCF,GTW,R:GTW,SCSCF,P:SCSCF,MTAS,P:MTAS,SCSCF,P:SCSCF,PCSCF,P:PCSCF,SCSCF,P-200:MTAS,SCSCF,P-200:SCSCF,MTAS,P-200:SCSCF,GTW,P-200"
706,706,1,1,0.35002974,"GTW,ICSCF,I:ICSCF,GTW,T:SCSCF,ASLI,I:ASLI,SCSCF,T:ASLI,SCSCF,I-500:SCSCF,MTAS,I:MTAS,SCSCF,T:MTAS,SCSCF,I:SCSCF,MTAS,T:SCSCF,PCSCF,I:PCSCF,SCSCF,T:SCSCF,ASLI,A:PCSCF,SCSCF,R:MTAS,SCSCF,R:ICSCF,GTW,R:SCSCF,MTAS,R:GTW,SCSCF,P:SCSCF,MTAS,P:MTAS,SCSCF,P:SCSCF,PCSCF,P:PCSCF,SCSCF,P-200:MTAS,SCSCF,P-200:SCSCF,GTW,P-200:SCSCF,MTAS,P-200"
707,707,1,1,0.682503,"IBCF,ICSCF,I:ICSCF,IBCF,T:ICSCF,SCSCF,I:SCSCF,ICSCF,T:SCSCF,ICSCF,R:ICSCF,IBCF,R"
708,708,1,1,0.64045304,"MTAS,SCSCF,I:MTAS,SCSCF,A:GTW,ICSCF,I:ICSCF,GTW,T:SCSCF,ASLI,I:ASLI,SCSCF,T:ASLI,SCSCF,I-500:SCSCF,ASLI,A:SCSCF,MTAS,I:MTAS,SCSCF,T:GTW,ICSCF,C:ICSCF,GTW,C-200:SCSCF,MTAS,C:MTAS,SCSCF,I-487:MTAS,SCSCF,C-200:SCSCF,MTAS,A:ICSCF,GTW,I-487:GTW,ICSCF,A"
709,709,1,1,0.63097584,"PCSCF,SCSCF,I:SCSCF,ASLI,I:SCSCF,PCSCF,T:ASLI,SCSCF,T:ASLI,SCSCF,I-500:SCSCF,ASLI,A:MTAS,SCSCF,I:SCSCF,MTAS,T:SCSCF,ASLI,I:ASLI,SCSCF,T:ASLI,SCSCF,I-500:SCSCF,ASLI,A:SCSCF,MTAS,I:MTAS,SCSCF,T:MTAS,SCSCF,I:SCSCF,MTAS,T:SCSCF,PCSCF,I:PCSCF,SCSCF,T:SCSCF,MTAS,R:PCSCF,SCSCF,R:MTAS,SCSCF,R:SCSCF,MTAS,R:SCSCF,PCSCF,R:PCSCF,SCSCF,P:MTAS,SCSCF,P:SCSCF,MTAS,P:MTAS,SCSCF,P:SCSCF,PCSCF,P:PCSCF,SCSCF,P-200:SCSCF,MTAS,P-200:MTAS,SCSCF,P-200:SCSCF,MTAS,P-200:SCSCF,PCSCF,P-200"
710,710,1,1,0.4392813,"MTAS,SCSCF,I:MTAS,SCSCF,A:GTW,ICSCF,I:SCSCF,ASLI,I:ASLI,SCSCF,T:ASLI,SCSCF,I-500:SCSCF,ASLI,A:SCSCF,MTAS,I:MTAS,SCSCF,T:MTAS,SCSCF,I:SCSCF,MTAS,T:SCSCF,MTAS,I-480:MTAS,SCSCF,A:MTAS,SCSCF,S:ICSCF,GTW,S:GTW,SCSCF,P:SCSCF,MTAS,P:MTAS,SCSCF,P-200:SCSCF,GTW,P-200:MTAS,SCSCF,I-480:ICSCF,GTW,I-480:SCSCF,MTAS,A:GTW,ICSCF,A"
711,711,1,1,0.83149993,"ICSCF,SCSCF,I:SCSCF,ICSCF,T:SCSCF,ASLI,I:ASLI,SCSCF,T:ASLI,SCSCF,I-500:SCSCF,ASLI,A:SCSCF,MTAS,I:MTAS,SCSCF,T:MTAS,SCSCF,I:SCSCF,MTAS,T:SCSCF,PCSCF,I:PCSCF,SCSCF,T:PCSCF,SCSCF,R:SCSCF,MTAS,R:MTAS,SCSCF,R:SCSCF,ICSCF,R:SCSCF,MTAS,P:SCSCF,SCSCF,P:MTAS,SCSCF,P:SCSCF,PCSCF,P:PCSCF,SCSCF,P-200:SCSCF,MTAS,P-200:MTAS,SCSCF,P-200:SCSCF,SCSCF,P-200"
712,712,1,1,0.82372737,"ICSCF,SCSCF,I:SCSCF,ICSCF,T:SCSCF,BCCAS,I:BCCAS,SCSCF,T:BCCAS,SCSCF,I:SCSCF,BCCAS,T:SCSCF,ASLI,I:SCSCF,ASLI,A:ASLI,SCSCF,T:ASLI,SCSCF,I-500:SCSCF,GTW,I:GTW,SCSCF,T"
713,713,1,1,0.21319817,"PCSCF,SCSCF,I:SCSCF,PCSCF,T:SCSCF,PCSCF,I-407:PCSCF,SCSCF,A:PCSCF,SCSCF,I:SCSCF,PCSCF,T:SCSCF,ASLI,I:ASLI,SCSCF,T:ASLI,SCSCF,I-500:SCSCF,ASLI,A:MTAS,SCSCF,I:SCSCF,MTAS,T:SCSCF,ASLI,I:ASLI,SCSCF,T:ASLI,SCSCF,I-500:SCSCF,BCCAS,I:BCCAS,SCSCF,T:BCCAS,SCSCF,I:SCSCF,BCCAS,T:SCSCF,ASLI,A:SCSCF,IBCF,I:IBCF,SCSCF,T:IBCF,SCSCF,Q:SCSCF,BCCAS,Q:BCCAS,SCSCF,Q:SCSCF,MTAS,Q:SCSCF,PCSCF,Q:PCSCF,SCSCF,P:SCSCF,MTAS,P:MTAS,SCSCF,P:SCSCF,BCCAS,P:BCCAS,SCSCF,P:SCSCF,IBCF,P:IBCF,SCSCF,P-200:SCSCF,BCCAS,P-200:BCCAS,SCSCF,P-200:SCSCF,MTAS,P-200:MTAS,SCSCF,P-200:SCSCF,PCSCF,P-200"
714,714,1,1,0.3959284,"GTW,ICSCF,I:ICSCF,GTW,T:SCSCF,ASLI,I:ASLI,SCSCF,T:ASLI,SCSCF,I-500:SCSCF,ASLI,A:SCSCF,MTAS,I:MTAS,SCSCF,T:MTAS,SCSCF,I:SCSCF,MTAS,T:PCSCF,SCSCF,T:SCSCF,PCSCF,I:PCSCF,SCSCF,R:SCSCF,MTAS,R:MTAS,SCSCF,R:ICSCF,GTW,R:GTW,SCSCF,P:SCSCF,MTAS,P:MTAS,SCSCF,P:SCSCF,PCSCF,P:SCSCF,MTAS,P-200:PCSCF,SCSCF,P-200:MTAS,SCSCF,P-200:SCSCF,GTW,P-200"
715,715,1,0,0.88722783,"PCSCF,SCSCF,I:SCSCF,PCSCF,T:SCSCF,ASLI,I:ASLI,SCSCF,T:ASLI,SCSCF,I-500:SCSCF,ASLI,A:MTAS,SCSCF,I:SCSCF,MTAS,T:SCSCF,GTW,I:GTW,SCSCF,T:GTW,SCSCF,R:SCSCF,MTAS,R:SCSCF,PCSCF,R:PCSCF,SCSCF,P:SCSCF,MTAS,P:MTAS,SCSCF,P:SCSCF,MTAS,P:SCSCF,GTW,P:GTW,SCSCF,P-200:SCSCF,MTAS,P-200:MTAS,SCSCF,P-200:SCSCF,PCSCF,P-200"
716,716,1,1,0.83149993,"GTW,ICSCF,I:ICSCF,GTW,T:SCSCF,ASLI,I:ASLI,SCSCF,T:ASLI,SCSCF,I-500:SCSCF,ASLI,A:SCSCF,MTAS,I:MTAS,SCSCF,T:MTAS,SCSCF,I:SCSCF,MTAS,T:SCSCF,PCSCF,I:PCSCF,SCSCF,T:PCSCF,SCSCF,R:MTAS,SCSCF,R:SCSCF,MTAS,R:ICSCF,GTW,R:GTW,SCSCF,P:SCSCF,MTAS,P:MTAS,SCSCF,P:SCSCF,PCSCF,P:PCSCF,SCSCF,P-200:SCSCF,MTAS,P-200:MTAS,SCSCF,P-200:SCSCF,GTW,P-200"
717,717,1,1,0.7597487,"MTAS,SCSCF,I:SCSCF,MTAS,T:SCSCF,PCSCF,I:PCSCF,SCSCF,T:SCSCF,MTAS,R:PCSCF,SCSCF,R:MTAS,SCSCF,P:SCSCF,PCSCF,P:PCSCF,SCSCF,P-200:SCSCF,MTAS,P-200"
718,718,1,1,0.5540272,"SCSCF,ICSCF,I:ICSCF,SCSCF,T:SCSCF,ASLI,I:ASLI,SCSCF,T:ASLI,SCSCF,I-500:SCSCF,ASLI,A:SCSCF,MTAS,I:MTAS,SCSCF,I:MTAS,SCSCF,T:SCSCF,MTAS,T:SCSCF,PCSCF,I:PCSCF,SCSCF,T:PCSCF,SCSCF,R:SCSCF,MTAS,R:MTAS,SCSCF,R:ICSCF,SCSCF,R:SCSCF,SCSCF,P:SCSCF,MTAS,P:MTAS,SCSCF,P:SCSCF,PCSCF,P:SCSCF,MTAS,P-200:PCSCF,SCSCF,P-200:MTAS,SCSCF,P-200:SCSCF,SCSCF,P-200"
719,719,1,1,0.73902655,"GTW,ICSCF,I:ICSCF,GTW,T:SCSCF,ASLI,I:ASLI,SCSCF,T:ASLI,SCSCF,I-500:SCSCF,MTAS,I:MTAS,SCSCF,T:MTAS,SCSCF,I:SCSCF,MTAS,T:SCSCF,ASLI,A:SCSCF,PCSCF,I:PCSCF,SCSCF,T:PCSCF,SCSCF,R:SCSCF,MTAS,R:MTAS,SCSCF,R:ICSCF,GTW,R:GTW,SCSCF,P:SCSCF,MTAS,P:MTAS,SCSCF,P:SCSCF,PCSCF,P:PCSCF,SCSCF,P-200:SCSCF,MTAS,P-200:MTAS,SCSCF,P-200:SCSCF,GTW,P-200"
720,720,1,1,0.34726226,"ICSCF,SCSCF,I:SCSCF,ICSCF,T:SCSCF,BCCAS,I:BCCAS,SCSCF,T:BCCAS,SCSCF,I:SCSCF,BCCAS,T:SCSCF,ASLI,I:ASLI,SCSCF,T:ASLI,SCSCF,I-500:SCSCF,ASLI,A:SCSCF,ASLI,I:ASLI,SCSCF,T:ASLI,SCSCF,I-500:SCSCF,ASLI,A:SCSCF,MTAS,I:MTAS,SCSCF,T:SCSCF,PCSCF,I:SCSCF,MTAS,T:PCSCF,SCSCF,T:PCSCF,SCSCF,R:SCSCF,MTAS,R:MTAS,SCSCF,R:SCSCF,BCCAS,R:SCSCF,ICSCF,R:BCCAS,SCSCF,R:IBCF,SCSCF,P:SCSCF,BCCAS,P:BCCAS,SCSCF,P:SCSCF,MTAS,P:SCSCF,PCSCF,P:SCSCF,MTAS,P-200:PCSCF,SCSCF,P-200:MTAS,SCSCF,P-200:SCSCF,BCCAS,P-200:BCCAS,SCSCF,P-200:SCSCF,IBCF,P-200"
721,721,1,1,0.30175903,"IBCF,ICSCF,I:ICSCF,SCSCF,I:SCSCF,ICSCF,T:SCSCF,ICSCF,S:ICSCF,IBCF,S:SCSCF,ICSCF,S:ICSCF,IBCF,S:SCSCF,ICSCF,R:ICSCF,IBCF,R:SCSCF,ICSCF,S"
722,722,1,1,0.83725893,"PCSCF,SCSCF,I:SCSCF,PCSCF,T:SCSCF,ASLI,I:ASLI,SCSCF,T:ASLI,SCSCF,I-500:SCSCF,ASLI,A:MTAS,SCSCF,I:SCSCF,MTAS,T:SCSCF,ASLI,I:ASLI,SCSCF,T:ASLI,SCSCF,I-500:SCSCF,ASLI,A:SCSCF,MTAS,I:MTAS,SCSCF,T:MTAS,SCSCF,I:SCSCF,MTAS,T:SCSCF,PCSCF,I:PCSCF,SCSCF,T:PCSCF,SCSCF,R:SCSCF,MTAS,R:MTAS,SCSCF,R:SCSCF,MTAS,R:SCSCF,PCSCF,R:PCSCF,SCSCF,P:MTAS,SCSCF,P:SCSCF,MTAS,P:SCSCF,PCSCF,P:PCSCF,SCSCF,P-200:SCSCF,MTAS,P-200:MTAS,SCSCF,P-200:SCSCF,MTAS,P-200:SCSCF,PCSCF,P-200"
723,723,1,1,0.76180804,"ICSCF,SCSCF,I:SCSCF,ICSCF,T:SCSCF,ASLI,I:ASLI,SCSCF,T:ASLI,SCSCF,I-500:SCSCF,ASLI,A:SCSCF,BCCAS,I:BCCAS,SCSCF,T"
724,724,1,1,0.6534151,"PCSCF,SCSCF,I:SCSCF,PCSCF,T:SCSCF,PCSCF,I-407:PCSCF,SCSCF,A:PCSCF,SCSCF,I:SCSCF,ASLI,I:SCSCF,PCSCF,T:ASLI,SCSCF,T:ASLI,SCSCF,I-500:SCSCF,ASLI,A:SCSCF,MTAS,I:MTAS,SCSCF,T:MTAS,SCSCF,I:SCSCF,MTAS,T:SCSCF,GTW,I:GTW,SCSCF,T"
725,725,1,1,0.33108282,"MTAS,SCSCF,I:MTAS,SCSCF,A:GTW,ICSCF,I:ICSCF,GTW,T:SCSCF,ASLI,I:ASLI,SCSCF,T:ASLI,SCSCF,I-500:SCSCF,ASLI,A:SCSCF,MTAS,I:MTAS,SCSCF,T:MTAS,SCSCF,S:ICSCF,GTW,S:SCSCF,MTAS,P:GTW,SCSCF,P:SCSCF,MTAS,P:MTAS,SCSCF,P-200:SCSCF,GTW,P-200:MTAS,SCSCF,I-480:SCSCF,MTAS,A:ICSCF,GTW,I-480:GTW,ICSCF,A:GTW,ICSCF,I:ICSCF,GTW,T:SCSCF,ASLI,I:ASLI,SCSCF,T:ASLI,SCSCF,I-500:SCSCF,ASLI,A:SCSCF,MTAS,I:MTAS,SCSCF,T:MTAS,SCSCF,I:SCSCF,MTAS,T:SCSCF,MTAS,I-480:MTAS,SCSCF,A:MTAS,SCSCF,S:ICSCF,GTW,S:GTW,SCSCF,P:SCSCF,MTAS,P:MTAS,SCSCF,P-200:SCSCF,GTW,P-200:MTAS,SCSCF,P-200:GTW,ICSCF,C:ICSCF,GTW,C-200:SCSCF,MTAS,C:MTAS,SCSCF,C-200:MTAS,SCSCF,I-487:SCSCF,MTAS,A:ICSCF,GTW,I-487:GTW,ICSCF,A"
726,726,1,1,0.83149993,"PCSCF,SCSCF,I:SCSCF,PCSCF,T:SCSCF,ASLI,I:ASLI,SCSCF,T:ASLI,SCSCF,I-500:SCSCF,ASLI,A:SCSCF,MTAS,I:MTAS,SCSCF,T:MTAS,SCSCF,I:SCSCF,MTAS,T:SCSCF,GTW,I:GTW,SCSCF,T:GTW,SCSCF,R:SCSCF,MTAS,R:MTAS,SCSCF,R:SCSCF,PCSCF,R:SCSCF,MTAS,P:PCSCF,SCSCF,P:MTAS,SCSCF,P:SCSCF,GTW,P:GTW,SCSCF,P-200:SCSCF,MTAS,P-200:MTAS,SCSCF,P-200:SCSCF,PCSCF,P-200"
727,727,1,1,0.47560233,"GTW,ICSCF,I:ICSCF,GTW,T:SCSCF,ASLI,I:ASLI,SCSCF,T:ASLI,SCSCF,I-500:SCSCF,ASLI,A:SCSCF,BCCAS,I:BCCAS,SCSCF,T:BCCAS,SCSCF,I:SCSCF,BCCAS,T:SCSCF,IBCF,I:IBCF,SCSCF,T:IBCF,SCSCF,Q:SCSCF,BCCAS,Q:ICSCF,GTW,Q:BCCAS,SCSCF,Q:SCSCF,BCCAS,P:GTW,SCSCF,P:BCCAS,SCSCF,P:SCSCF,IBCF,P:SCSCF,BCCAS,P-200:IBCF,SCSCF,P-200:BCCAS,SCSCF,P-200:SCSCF,GTW,P-200"
728,728,1,1,0.77468276,"PCSCF,SCSCF,I:SCSCF,PCSCF,T:SCSCF,ASLI,I:ASLI,SCSCF,T:ASLI,SCSCF,I-500:SCSCF,ASLI,A"
729,729,1,0,0.96571344,"ICSCF,SCSCF,I:SCSCF,ICSCF,T:SCSCF,ASLI,I:ASLI,SCSCF,T:ASLI,SCSCF,I-500:SCSCF,ASLI,A:SCSCF,MTAS,I:MTAS,SCSCF,I:SCSCF,MTAS,T:SCSCF,PCSCF,I:PCSCF,SCSCF,T:MTAS,SCSCF,T:PCSCF,SCSCF,R:SCSCF,MTAS,R:MTAS,SCSCF,R:SCSCF,ICSCF,R:SCSCF,MTAS,P:MTAS,SCSCF,P:SCSCF,PCSCF,P:PCSCF,SCSCF,P-200:SCSCF,MTAS,P-200:MTAS,SCSCF,P-200:SCSCF,SCSCF,P-200"
730,730,1,1,0.48605785,"PCSCF,SCSCF,I:SCSCF,PCSCF,T:SCSCF,ASLI,I:ASLI,SCSCF,T:ASLI,SCSCF,I-500:SCSCF,ASLI,A:SCSCF,MTAS,I:MTAS,SCSCF,T:MTAS,SCSCF,I:SCSCF,MTAS,T:SCSCF,ASLI,I:ASLI,SCSCF,T:ASLI,SCSCF,I-500:SCSCF,ASLI,A:SCSCF,MTAS,I:MTAS,SCSCF,T:MTAS,SCSCF,W:SCSCF,MTAS,W:MTAS,SCSCF,W:SCSCF,PCSCF,W:MTAS,SCSCF,I:SCSCF,MTAS,T:SCSCF,GTW,I:GTW,SCSCF,T"
731,731,1,1,0.46383536,"PCSCF,SCSCF,I:SCSCF,ASLI,I:ASLI,SCSCF,T:ASLI,SCSCF,I-500:SCSCF,ASLI,A:SCSCF,PCSCF,T:MTAS,SCSCF,I:SCSCF,MTAS,T:SCSCF,ASLI,I:ASLI,SCSCF,T:ASLI,SCSCF,I-500:SCSCF,ASLI,A:SCSCF,BCCAS,I:BCCAS,SCSCF,T:BCCAS,SCSCF,I:SCSCF,BCCAS,T:SCSCF,BCCAS,I-480:BCCAS,SCSCF,A"
732,732,1,1,0.7683176,"SCSCF,IBCF,I:IBCF,SCSCF,T"
733,733,1,1,0.21796772,"MTAS,SCSCF,I:MTAS,SCSCF,A:PCSCF,SCSCF,I:SCSCF,PCSCF,T:SCSCF,ASLI,I:ASLI,SCSCF,T:ASLI,SCSCF,I-500:SCSCF,ASLI,A:MTAS,SCSCF,I:SCSCF,MTAS,T:SCSCF,GTW,I:GTW,SCSCF,T:SCSCF,MTAS,I-200:GTW,SCSCF,I-200:SCSCF,PCSCF,I-200:PCSCF,SCSCF,A:SCSCF,MTAS,A:MTAS,SCSCF,A:SCSCF,GTW,A:PCSCF,SCSCF,B:MTAS,SCSCF,B:SCSCF,GTW,B:SCSCF,MTAS,B-200:GTW,SCSCF,B-200:SCSCF,PCSCF,B-200"
734,734,1,1,0.3312148,"PCSCF,SCSCF,I:SCSCF,ASLI,I:ASLI,SCSCF,T:SCSCF,ASLI,A:ASLI,SCSCF,I-500:SCSCF,PCSCF,T:MTAS,SCSCF,I:SCSCF,MTAS,T:SCSCF,GTW,I:GTW,SCSCF,T"
735,735,1,1,0.5494007,"SCSCF,BCCAS,I:BCCAS,SCSCF,T:BCCAS,SCSCF,I:SCSCF,BCCAS,T:SCSCF,BCCAS,R:BCCAS,SCSCF,R:SCSCF,BCCAS,P:BCCAS,SCSCF,P:SCSCF,BCCAS,P-481:SCSCF,BCCAS,I-600:BCCAS,SCSCF,A:BCCAS,SCSCF,P-481"
736,736,1,0,0.9148651,"GTW,ICSCF,I:ICSCF,GTW,T:SCSCF,ASLI,I:ASLI,SCSCF,T:SCSCF,ASLI,A:ASLI,SCSCF,I-500:SCSCF,BCCAS,I:BCCAS,SCSCF,T:BCCAS,SCSCF,I:SCSCF,BCCAS,T:SCSCF,BCCAS,I-480:BCCAS,SCSCF,A"
737,737,1,1,0.7254411,"GTW,ICSCF,I:SCSCF,ASLI,I:ASLI,SCSCF,T:ASLI,SCSCF,I-500:SCSCF,ASLI,A:SCSCF,BCCAS,I:BCCAS,SCSCF,T:BCCAS,SCSCF,I:SCSCF,BCCAS,T:SCSCF,IBCF,I:IBCF,SCSCF,T:IBCF,SCSCF,W:SCSCF,BCCAS,W:BCCAS,SCSCF,W:ICSCF,GTW,W:GTW,SCSCF,P:SCSCF,BCCAS,P:BCCAS,SCSCF,P:SCSCF,IBCF,P:IBCF,SCSCF,P-200:SCSCF,BCCAS,P-200:BCCAS,SCSCF,P-200:SCSCF,GTW,P-200"
738,738,1,1,0.41742548,"MTAS,SCSCF,I:MTAS,SCSCF,A:GTW,ICSCF,I:ICSCF,GTW,T:SCSCF,ASLI,I:ASLI,SCSCF,T:ASLI,SCSCF,I-500:SCSCF,ASLI,A:SCSCF,MTAS,I:MTAS,SCSCF,T:MTAS,SCSCF,I:SCSCF,MTAS,T:SCSCF,MTAS,I-480:MTAS,SCSCF,A:MTAS,SCSCF,S:ICSCF,GTW,S:GTW,SCSCF,P:SCSCF,MTAS,P:MTAS,SCSCF,P-200:SCSCF,GTW,P-200:MTAS,SCSCF,P-200:ICSCF,GTW,C-200:GTW,ICSCF,C:SCSCF,MTAS,C:MTAS,SCSCF,C-200:SCSCF,MTAS,A:MTAS,SCSCF,I-487:ICSCF,GTW,I-487:GTW,ICSCF,A"
739,739,1,1,0.59541273,"PCSCF,SCSCF,I:SCSCF,ASLI,I:ASLI,SCSCF,T:SCSCF,ASLI,A:SCSCF,PCSCF,T:ASLI,SCSCF,I-500:MTAS,SCSCF,I:SCSCF,MTAS,T:SCSCF,GTW,I:GTW,SCSCF,T"
740,740,1,1,0.14789,"MTAS,SCSCF,I:MTAS,SCSCF,A:GTW,ICSCF,I:ICSCF,GTW,T:SCSCF,ASLI,I:ASLI,SCSCF,T:ASLI,SCSCF,I-500:SCSCF,ASLI,A:SCSCF,MTAS,I:MTAS,SCSCF,T:MTAS,SCSCF,I:SCSCF,MTAS,T:SCSCF,MTAS,I-480:MTAS,SCSCF,A:MTAS,SCSCF,S:ICSCF,GTW,S:GTW,SCSCF,P:SCSCF,MTAS,P:MTAS,SCSCF,P-200:SCSCF,GTW,P-200:SCSCF,MTAS,A:MTAS,SCSCF,I-480:ICSCF,GTW,I-480:GTW,ICSCF,A:GTW,ICSCF,I:ICSCF,GTW,T:SCSCF,ASLI,I:ASLI,SCSCF,T:ASLI,SCSCF,I-500:SCSCF,ASLI,A:SCSCF,MTAS,I:MTAS,SCSCF,T:MTAS,SCSCF,I:SCSCF,MTAS,T:SCSCF,MTAS,I-480:MTAS,SCSCF,A:MTAS,SCSCF,S:ICSCF,GTW,S:GTW,SCSCF,P:SCSCF,MTAS,P:MTAS,SCSCF,P-200:SCSCF,GTW,P-200:MTAS,SCSCF,I-480:SCSCF,MTAS,A:ICSCF,GTW,I-480:GTW,ICSCF,A"
741,741,1,1,0.65882933,"PCSCF,SCSCF,I:SCSCF,ASLI,I:ASLI,SCSCF,T:ASLI,SCSCF,I-500:SCSCF,ASLI,A:SCSCF,PCSCF,T:MTAS,SCSCF,I:SCSCF,MTAS,T"
742,742,1,1,0.83149993,"GTW,ICSCF,I:ICSCF,GTW,T:SCSCF,ASLI,I:ASLI,SCSCF,T:ASLI,SCSCF,I-500:SCSCF,ASLI,A:SCSCF,BCCAS,I:BCCAS,SCSCF,T:BCCAS,SCSCF,I:SCSCF,BCCAS,T:SCSCF,PCSCF,I:PCSCF,SCSCF,T:PCSCF,SCSCF,R:SCSCF,BCCAS,R:BCCAS,SCSCF,R:ICSCF,GTW,R:GTW,SCSCF,P:SCSCF,BCCAS,P:SCSCF,PCSCF,P:BCCAS,SCSCF,P:PCSCF,SCSCF,P-200:SCSCF,BCCAS,P-200:BCCAS,SCSCF,P-200:SCSCF,GTW,P-200"
743,743,1,1,0.4177423,"SCSCF,BCCAS,I:IBCF,ICSCF,I:ICSCF,IBCF,T:ICSCF,SCSCF,I:SCSCF,ICSCF,T:SCSCF,ICSCF,S:ICSCF,IBCF,S:IBCF,SCSCF,P:SCSCF,IBCF,P-200:SCSCF,ICSCF,R:ICSCF,IBCF,R:IBCF,SCSCF,P:SCSCF,IBCF,P-200:SCSCF,ICSCF,I-200:ICSCF,IBCF,I-200:IBCF,SCSCF,A"
744,744,1,0,0.9604935,"GTW,ICSCF,I:ICSCF,GTW,T:SCSCF,ASLI,I:ASLI,SCSCF,T:ASLI,SCSCF,I-500:SCSCF,ASLI,A:SCSCF,MTAS,I:MTAS,SCSCF,T:MTAS,SCSCF,I:SCSCF,MTAS,T:SCSCF,PCSCF,I:PCSCF,SCSCF,T:SCSCF,MTAS,R:PCSCF,SCSCF,R:MTAS,SCSCF,R:GTW,SCSCF,P:ICSCF,GTW,R:SCSCF,MTAS,P:MTAS,SCSCF,P:SCSCF,PCSCF,P:PCSCF,SCSCF,P-200:SCSCF,MTAS,P-200:MTAS,SCSCF,P-200:SCSCF,GTW,P-200"
745,745,1,1,0.47792792,"MTAS,SCSCF,I:MTAS,SCSCF,A:GTW,ICSCF,I:ICSCF,GTW,T:SCSCF,ASLI,I:ASLI,SCSCF,T:ASLI,SCSCF,I-500:SCSCF,ASLI,A:SCSCF,MTAS,I:MTAS,SCSCF,T:MTAS,SCSCF,I:SCSCF,MTAS,T:SCSCF,MTAS,I-480:MTAS,SCSCF,A:MTAS,SCSCF,S:ICSCF,GTW,S:GTW,SCSCF,P:SCSCF,MTAS,P:MTAS,SCSCF,P-200:SCSCF,GTW,P-200:MTAS,SCSCF,I-480:SCSCF,MTAS,A:ICSCF,GTW,I-480:GTW,ICSCF,A"
746,746,1,1,0.12813036,"MTAS,SCSCF,I:MTAS,SCSCF,A:GTW,ICSCF,I:ICSCF,GTW,T:SCSCF,ASLI,I:ASLI,SCSCF,T:ASLI,SCSCF,I-500:SCSCF,ASLI,A:SCSCF,MTAS,I:MTAS,SCSCF,T:MTAS,SCSCF,I:SCSCF,MTAS,T:MTAS,SCSCF,A:SCSCF,MTAS,I-480:MTAS,SCSCF,S:ICSCF,GTW,S:SCSCF,MTAS,P:GTW,SCSCF,P:MTAS,SCSCF,P-200:SCSCF,GTW,P-200:MTAS,SCSCF,I-480:SCSCF,MTAS,A:ICSCF,GTW,I-480:GTW,ICSCF,A:GTW,ICSCF,I:ICSCF,GTW,T:SCSCF,ASLI,I:ASLI,SCSCF,T:ASLI,SCSCF,I-500:SCSCF,ASLI,A:SCSCF,MTAS,I:MTAS,SCSCF,T:MTAS,SCSCF,I:SCSCF,MTAS,T:MTAS,SCSCF,A:SCSCF,MTAS,I-480:MTAS,SCSCF,S:ICSCF,GTW,S:GTW,SCSCF,P:SCSCF,MTAS,P:MTAS,SCSCF,P-200:SCSCF,GTW,P-200:MTAS,SCSCF,I-480:SCSCF,MTAS,A:ICSCF,GTW,I-480:GTW,ICSCF,A"
747,747,1,1,0.37965363,"GTW,ICSCF,I:ICSCF,GTW,T:SCSCF,ASLI,I:ASLI,SCSCF,T:ASLI,SCSCF,I-500:SCSCF,ASLI,A:SCSCF,MTAS,I:MTAS,SCSCF,T:MTAS,SCSCF,W:ICSCF,GTW,W:MTAS,SCSCF,I:SCSCF,MTAS,T:SCSCF,ASLI,I:ASLI,SCSCF,T:ASLI,SCSCF,I-500:SCSCF,ASLI,A:SCSCF,BCCAS,I:BCCAS,SCSCF,T:BCCAS,SCSCF,I:SCSCF,BCCAS,T:SCSCF,BCCAS,I-480:BCCAS,SCSCF,A"
748,748,1,1,0.5652026,"GTW,ICSCF,I:ICSCF,GTW,T:SCSCF,ASLI,I:ASLI,SCSCF,T:SCSCF,ASLI,A:ASLI,SCSCF,I-500:MTAS,SCSCF,I:SCSCF,MTAS,T:SCSCF,PCSCF,I:PCSCF,SCSCF,T:SCSCF,MTAS,R:PCSCF,SCSCF,R:MTAS,SCSCF,P:SCSCF,PCSCF,P:SCSCF,MTAS,P-200:PCSCF,SCSCF,P-200:SCSCF,GTW,P-200"
749,749,1,1,0.27976042,"MTAS,SCSCF,I:MTAS,SCSCF,A:GTW,ICSCF,I:SCSCF,ASLI,I:ASLI,SCSCF,T:SCSCF,ASLI,A:ASLI,SCSCF,I-500:SCSCF,MTAS,I:MTAS,SCSCF,T:MTAS,SCSCF,I:SCSCF,MTAS,T:SCSCF,MTAS,I-480:MTAS,SCSCF,A:MTAS,SCSCF,S:ICSCF,GTW,S:GTW,SCSCF,P:SCSCF,MTAS,P:MTAS,SCSCF,P-200:SCSCF,GTW,P-200:MTAS,SCSCF,I-480:SCSCF,MTAS,A:ICSCF,GTW,I-480:GTW,ICSCF,A:GTW,ICSCF,I:ICSCF,GTW,T:SCSCF,ASLI,I:ASLI,SCSCF,T:ASLI,SCSCF,I-500:SCSCF,ASLI,A:SCSCF,MTAS,I:MTAS,SCSCF,T:MTAS,SCSCF,I:SCSCF,MTAS,T:SCSCF,MTAS,I-480:MTAS,SCSCF,A:MTAS,SCSCF,S:ICSCF,GTW,S:GTW,SCSCF,P:SCSCF,MTAS,P:MTAS,SCSCF,P-200:SCSCF,GTW,P-200:MTAS,SCSCF,I-480:SCSCF,MTAS,A:ICSCF,GTW,I-480:GTW,ICSCF,A:GTW,ICSCF,I:SCSCF,ASLI,I:ASLI,SCSCF,T:ASLI,SCSCF,I-500:SCSCF,ASLI,A:SCSCF,MTAS,I:MTAS,SCSCF,T:MTAS,SCSCF,I:SCSCF,MTAS,T:SCSCF,MTAS,I-480:MTAS,SCSCF,A:MTAS,SCSCF,S:ICSCF,GTW,S:GTW,SCSCF,P:SCSCF,MTAS,P:MTAS,SCSCF,P-200:SCSCF,GTW,P-200:MTAS,SCSCF,I-480:SCSCF,MTAS,A:ICSCF,GTW,I-480:GTW,ICSCF,A:GTW,ICSCF,I:ICSCF,GTW,T:SCSCF,ASLI,I:ASLI,SCSCF,T:ASLI,SCSCF,I-500:SCSCF,ASLI,A:SCSCF,MTAS,I:MTAS,SCSCF,T:MTAS,SCSCF,I:SCSCF,MTAS,T:SCSCF,MTAS,I-480:MTAS,SCSCF,A:MTAS,SCSCF,S:ICSCF,GTW,S:GTW,SCSCF,P:SCSCF,MTAS,P:MTAS,SCSCF,P-200:SCSCF,GTW,P-200:MTAS,SCSCF,P-200:MTAS,SCSCF,I-480:ICSCF,GTW,I-480:SCSCF,MTAS,A:GTW,ICSCF,A:GTW,ICSCF,I:ICSCF,GTW,T:SCSCF,ASLI,I:ASLI,SCSCF,T:ASLI,SCSCF,I-500:SCSCF,MTAS,I:MTAS,SCSCF,T:SCSCF,ASLI,A:MTAS,SCSCF,S:ICSCF,GTW,S:GTW,SCSCF,P:SCSCF,MTAS,P:MTAS,SCSCF,P-200:SCSCF,GTW,P-200:MTAS,SCSCF,I-480:SCSCF,MTAS,A:ICSCF,GTW,I-480:GTW,ICSCF,A:GTW,ICSCF,I:ICSCF,GTW,T:SCSCF,ASLI,I:ASLI,SCSCF,T:ASLI,SCSCF,I-500:SCSCF,ASLI,A:SCSCF,MTAS,I:MTAS,SCSCF,T:MTAS,SCSCF,I:SCSCF,MTAS,T:SCSCF,MTAS,I-480:MTAS,SCSCF,A:MTAS,SCSCF,S:ICSCF,GTW,S:GTW,SCSCF,P:SCSCF,MTAS,P:MTAS,SCSCF,P-200:SCSCF,GTW,P-200:MTAS,SCSCF,I-480:ICSCF,GTW,I-480:SCSCF,MTAS,A:GTW,ICSCF,A"
750,750,1,1,0.85424566,"PCSCF,SCSCF,I:SCSCF,PCSCF,T:SCSCF,ASLI,I:ASLI,SCSCF,T:ASLI,SCSCF,I-500:SCSCF,ASLI,A:MTAS,SCSCF,I:SCSCF,MTAS,T:SCSCF,ASLI,I:ASLI,SCSCF,T:ASLI,SCSCF,I-500:SCSCF,ASLI,A:SCSCF,MTAS,I:MTAS,SCSCF,T:SCSCF,PCSCF,I:PCSCF,SCSCF,T:PCSCF,SCSCF,R:SCSCF,MTAS,R:MTAS,SCSCF,R:SCSCF,MTAS,R:SCSCF,PCSCF,R:PCSCF,SCSCF,P:MTAS,SCSCF,P:SCSCF,MTAS,P:SCSCF,PCSCF,P:PCSCF,SCSCF,P-200:SCSCF,MTAS,P-200:MTAS,SCSCF,P-200:SCSCF,MTAS,P-200:SCSCF,PCSCF,P-200"
751,751,1,1,0.1753965,"PCSCF,SCSCF,I:SCSCF,PCSCF,T:SCSCF,PCSCF,I-407:PCSCF,SCSCF,A:PCSCF,SCSCF,I:SCSCF,PCSCF,T:SCSCF,ASLI,I:ASLI,SCSCF,T:SCSCF,ASLI,A:ASLI,SCSCF,I-500:MTAS,SCSCF,I:SCSCF,MTAS,T:SCSCF,ASLI,I:ASLI,SCSCF,T:ASLI,SCSCF,I-500:SCSCF,ASLI,A:SCSCF,MTAS,I:MTAS,SCSCF,T:SCSCF,PCSCF,I:PCSCF,SCSCF,T:PCSCF,SCSCF,R:SCSCF,MTAS,R:MTAS,SCSCF,R:SCSCF,MTAS,R:SCSCF,PCSCF,R:PCSCF,SCSCF,P:MTAS,SCSCF,P:SCSCF,MTAS,P:SCSCF,PCSCF,P:SCSCF,MTAS,P-200:PCSCF,SCSCF,P-200:MTAS,SCSCF,P-200:SCSCF,MTAS,P-200:SCSCF,PCSCF,P-200"
752,752,1,1,0.4290217,"ICSCF,SCSCF,I:SCSCF,ICSCF,T:SCSCF,BCCAS,I:BCCAS,SCSCF,T:BCCAS,SCSCF,I:SCSCF,BCCAS,T:SCSCF,ASLI,I:ASLI,SCSCF,T:ASLI,SCSCF,I-500:SCSCF,ASLI,A:SCSCF,GTW,I:GTW,SCSCF,T:GTW,SCSCF,S:SCSCF,BCCAS,S:BCCAS,SCSCF,S:SCSCF,ICSCF,S:IBCF,SCSCF,P:SCSCF,BCCAS,P:BCCAS,SCSCF,P:SCSCF,GTW,P:GTW,SCSCF,P-200:SCSCF,BCCAS,P-200:BCCAS,SCSCF,P-200:SCSCF,IBCF,P-200:GTW,SCSCF,R:SCSCF,BCCAS,R:BCCAS,SCSCF,R:SCSCF,ICSCF,R:IBCF,SCSCF,P:SCSCF,BCCAS,P:BCCAS,SCSCF,P:SCSCF,GTW,P:SCSCF,BCCAS,P-200:GTW,SCSCF,P-200:BCCAS,SCSCF,P-200:SCSCF,IBCF,P-200:GTW,SCSCF,I-480:SCSCF,GTW,A:SCSCF,BCCAS,I-480:BCCAS,SCSCF,A:BCCAS,SCSCF,I-480:SCSCF,BCCAS,A"
753,753,1,1,0.2571271,"BCCAS,SCSCF,I:SCSCF,BCCAS,T:SCSCF,ASLI,I:ASLI,SCSCF,T:ASLI,SCSCF,I-500:SCSCF,GTW,I:GTW,SCSCF,T:SCSCF,ASLI,A:GTW,SCSCF,R:SCSCF,BCCAS,R:BCCAS,SCSCF,P:SCSCF,GTW,P:GTW,SCSCF,P-200:SCSCF,BCCAS,P-200"
754,754,1,1,0.47937357,"MTAS,SCSCF,I:MTAS,SCSCF,A:GTW,ICSCF,I:ICSCF,GTW,T:SCSCF,ASLI,I:ASLI,SCSCF,T:ASLI,SCSCF,I-500:SCSCF,ASLI,A:SCSCF,MTAS,I:MTAS,SCSCF,T:MTAS,SCSCF,I:SCSCF,MTAS,T:SCSCF,MTAS,I-480:MTAS,SCSCF,A:MTAS,SCSCF,S:ICSCF,GTW,S:GTW,SCSCF,P:SCSCF,MTAS,P:MTAS,SCSCF,P-200:SCSCF,GTW,P-200:GTW,ICSCF,C:SCSCF,MTAS,C:ICSCF,GTW,C-200:MTAS,SCSCF,C-200:MTAS,SCSCF,I-487:SCSCF,MTAS,A:ICSCF,GTW,I-487:GTW,ICSCF,A:GTW,ICSCF,I:ICSCF,GTW,T:SCSCF,ASLI,I:ASLI,SCSCF,T:ASLI,SCSCF,I-500:SCSCF,ASLI,A:SCSCF,MTAS,I:MTAS,SCSCF,T:MTAS,SCSCF,I:SCSCF,MTAS,T:SCSCF,MTAS,I-480:MTAS,SCSCF,A:MTAS,SCSCF,S:ICSCF,GTW,S:GTW,SCSCF,P:SCSCF,MTAS,P:MTAS,SCSCF,P-200:SCSCF,GTW,P-200:GTW,ICSCF,C:ICSCF,GTW,C-200:SCSCF,MTAS,C:MTAS,SCSCF,C-200:MTAS,SCSCF,I-487:SCSCF,MTAS,A:ICSCF,GTW,I-487:GTW,ICSCF,A"
755,755,1,1,0.1200498,"MTAS,SCSCF,I:MTAS,SCSCF,A:GTW,ICSCF,I:ICSCF,GTW,T:SCSCF,ASLI,I:ASLI,SCSCF,T:ASLI,SCSCF,I-500:SCSCF,ASLI,A:SCSCF,MTAS,I:MTAS,SCSCF,T:MTAS,SCSCF,I:SCSCF,MTAS,T:SCSCF,MTAS,I-480:MTAS,SCSCF,A:MTAS,SCSCF,S:ICSCF,GTW,S:GTW,SCSCF,P:SCSCF,MTAS,P:MTAS,SCSCF,P-200:SCSCF,GTW,P-200:MTAS,SCSCF,I-480:SCSCF,MTAS,A:GTW,ICSCF,A:ICSCF,GTW,I-480:GTW,ICSCF,I:ICSCF,GTW,T:SCSCF,ASLI,I:ASLI,SCSCF,T:ASLI,SCSCF,I-500:SCSCF,ASLI,A:SCSCF,MTAS,I:MTAS,SCSCF,T:MTAS,SCSCF,I:SCSCF,MTAS,T:SCSCF,MTAS,I-480:MTAS,SCSCF,A:MTAS,SCSCF,S:ICSCF,GTW,S:GTW,SCSCF,P:SCSCF,MTAS,P:MTAS,SCSCF,P-200:SCSCF,GTW,P-200:MTAS,SCSCF,I-480:SCSCF,MTAS,A:ICSCF,GTW,I-480:GTW,ICSCF,A"
756,756,1,1,0.5405009,"IBCF,ICSCF,I:ICSCF,IBCF,T:SCSCF,BCCAS,I:BCCAS,SCSCF,T:BCCAS,SCSCF,I:SCSCF,BCCAS,T:SCSCF,BCCAS,I-500"
757,757,1,1,0.41332346,"ICSCF,SCSCF,I:SCSCF,BCCAS,I:BCCAS,SCSCF,T:SCSCF,ICSCF,T"
758,758,1,1,0.46551457,"MTAS,SCSCF,I:MTAS,SCSCF,A:GTW,ICSCF,I:ICSCF,GTW,T:SCSCF,ASLI,I:ASLI,SCSCF,T:ASLI,SCSCF,I-500:SCSCF,MTAS,I:MTAS,SCSCF,T:SCSCF,ASLI,A:GTW,ICSCF,C:ICSCF,GTW,C-200:SCSCF,MTAS,C:MTAS,SCSCF,I-487:SCSCF,MTAS,A:MTAS,SCSCF,C-200:ICSCF,GTW,I-487:GTW,ICSCF,A"
759,759,1,1,0.44452187,"MTAS,SCSCF,I:MTAS,SCSCF,A:GTW,ICSCF,I:ICSCF,GTW,T:SCSCF,ASLI,I:ASLI,SCSCF,T:ASLI,SCSCF,I-500:SCSCF,ASLI,A:SCSCF,MTAS,I:MTAS,SCSCF,T:MTAS,SCSCF,I:SCSCF,MTAS,T:SCSCF,MTAS,I-480:MTAS,SCSCF,A:MTAS,SCSCF,S:ICSCF,GTW,S:GTW,SCSCF,P:SCSCF,MTAS,P:MTAS,SCSCF,P-200:SCSCF,GTW,P-200:MTAS,SCSCF,P-200:MTAS,SCSCF,I-480:SCSCF,MTAS,A:ICSCF,GTW,I-480:GTW,ICSCF,A:GTW,ICSCF,I:ICSCF,GTW,T:SCSCF,ASLI,I:ASLI,SCSCF,T:ASLI,SCSCF,I-500:SCSCF,ASLI,A:SCSCF,MTAS,I:MTAS,SCSCF,T:MTAS,SCSCF,S:ICSCF,GTW,S:GTW,SCSCF,P:SCSCF,MTAS,P:MTAS,SCSCF,P-200:SCSCF,GTW,P-200:SCSCF,MTAS,A:ICSCF,GTW,I-480:MTAS,SCSCF,I-480:GTW,ICSCF,A:GTW,ICSCF,I:ICSCF,GTW,T:SCSCF,ASLI,I:ASLI,SCSCF,T:ASLI,SCSCF,I-500:SCSCF,MTAS,I:SCSCF,ASLI,A:MTAS,SCSCF,T:MTAS,SCSCF,I:SCSCF,MTAS,T:SCSCF,MTAS,I-480:MTAS,SCSCF,A:MTAS,SCSCF,S:ICSCF,GTW,S:GTW,SCSCF,P:SCSCF,MTAS,P:MTAS,SCSCF,P-200:SCSCF,GTW,P-200:MTAS,SCSCF,P-200:MTAS,SCSCF,I-480:SCSCF,MTAS,A:ICSCF,GTW,I-480:GTW,ICSCF,A"
760,760,1,1,0.32698888,"PCSCF,SCSCF,I:SCSCF,PCSCF,T:SCSCF,PCSCF,I-407:PCSCF,SCSCF,A:PCSCF,SCSCF,I:SCSCF,PCSCF,T:SCSCF,ASLI,I:ASLI,SCSCF,T:SCSCF,ASLI,A:ASLI,SCSCF,I-500:SCSCF,MTAS,I:MTAS,SCSCF,I:SCSCF,MTAS,T:MTAS,SCSCF,T:SCSCF,GTW,I:GTW,SCSCF,T"
761,761,1,0,0.8824084,"ICSCF,SCSCF,I:SCSCF,ASLI,I:SCSCF,ICSCF,T:ASLI,SCSCF,T:ASLI,SCSCF,I-500:SCSCF,ASLI,A:SCSCF,MTAS,I:MTAS,SCSCF,T:MTAS,SCSCF,I:SCSCF,MTAS,T:SCSCF,PCSCF,I:PCSCF,SCSCF,T:PCSCF,SCSCF,R:MTAS,SCSCF,R:SCSCF,MTAS,R:SCSCF,ICSCF,R:GTW,SCSCF,P:SCSCF,MTAS,P:MTAS,SCSCF,P:SCSCF,PCSCF,P:SCSCF,MTAS,P-200:PCSCF,SCSCF,P-200:MTAS,SCSCF,P-200:SCSCF,GTW,P-200"
762,762,1,1,0.35643256,"ICSCF,SCSCF,I:SCSCF,ICSCF,T:SCSCF,BCCAS,I:BCCAS,SCSCF,T:BCCAS,SCSCF,I:SCSCF,BCCAS,T:SCSCF,ASLI,I:ASLI,SCSCF,T:ASLI,SCSCF,I-500:SCSCF,ASLI,A:ICSCF,SCSCF,I:SCSCF,ICSCF,T"
763,763,1,1,0.7122631,"PCSCF,SCSCF,I:SCSCF,PCSCF,T:SCSCF,PCSCF,I-407:PCSCF,SCSCF,A:PCSCF,SCSCF,I:SCSCF,PCSCF,T:SCSCF,ASLI,I:ASLI,SCSCF,T:ASLI,SCSCF,I-500:SCSCF,ASLI,A:SCSCF,MTAS,I:MTAS,SCSCF,T:SCSCF,GTW,I:GTW,SCSCF,T"
764,764,1,1,0.31470454,"PCSCF,SCSCF,I:SCSCF,PCSCF,T:SCSCF,PCSCF,I-407:PCSCF,SCSCF,A:PCSCF,SCSCF,I:SCSCF,ASLI,I:ASLI,SCSCF,T:ASLI,SCSCF,I-500:SCSCF,ASLI,A:SCSCF,PCSCF,T:MTAS,SCSCF,I:SCSCF,ASLI,I:ASLI,SCSCF,T:ASLI,SCSCF,I-500:SCSCF,ASLI,A:SCSCF,MTAS,I:MTAS,SCSCF,T:SCSCF,PCSCF,I:PCSCF,SCSCF,T"
765,765,1,1,0.73497975,"IBCF,ICSCF,I:ICSCF,IBCF,T:SCSCF,BCCAS,I:BCCAS,SCSCF,T:BCCAS,SCSCF,I:SCSCF,BCCAS,T"
766,766,1,1,0.56977624,"PCSCF,SCSCF,I:SCSCF,PCSCF,T:SCSCF,PCSCF,I-407:PCSCF,SCSCF,A:PCSCF,SCSCF,I:SCSCF,PCSCF,T:SCSCF,ASLI,I:ASLI,SCSCF,T:SCSCF,ASLI,A:ASLI,SCSCF,I-500:SCSCF,MTAS,I:MTAS,SCSCF,T:MTAS,SCSCF,I:SCSCF,MTAS,T:SCSCF,ASLI,I:ASLI,SCSCF,T:ASLI,SCSCF,I-500:SCSCF,ASLI,A:SCSCF,MTAS,I:MTAS,SCSCF,T:MTAS,SCSCF,I:SCSCF,MTAS,T:SCSCF,PCSCF,I:PCSCF,SCSCF,T:PCSCF,SCSCF,R:SCSCF,MTAS,R:MTAS,SCSCF,R:SCSCF,MTAS,R:MTAS,SCSCF,R:SCSCF,PCSCF,R:PCSCF,SCSCF,P:SCSCF,MTAS,P:MTAS,SCSCF,P:SCSCF,MTAS,P:MTAS,SCSCF,P:SCSCF,PCSCF,P:PCSCF,SCSCF,P-200:SCSCF,MTAS,P-200:MTAS,SCSCF,P-200:SCSCF,MTAS,P-200:MTAS,SCSCF,P-200:SCSCF,PCSCF,P-200"
767,767,1,1,0.41391703,"ICSCF,SCSCF,I:SCSCF,ICSCF,T:SCSCF,ASLI,I:ASLI,SCSCF,T:ASLI,SCSCF,I-500:SCSCF,ASLI,A:SCSCF,MTAS,I:MTAS,SCSCF,T:SCSCF,PCSCF,I:PCSCF,SCSCF,T:PCSCF,SCSCF,R:SCSCF,MTAS,R:SCSCF,ICSCF,R:MTAS,SCSCF,R:SCSCF,SCSCF,P:SCSCF,MTAS,P:SCSCF,PCSCF,P:PCSCF,SCSCF,P-200:SCSCF,MTAS,P-200:MTAS,SCSCF,P-200:SCSCF,SCSCF,P-200"
768,768,1,1,0.80317134,"BCCAS,SCSCF,I:BCCAS,SCSCF,A"
769,769,1,1,0.7683176,"SCSCF,MTAS,I:MTAS,SCSCF,T"
770,770,1,1,0.25398934,"MTAS,SCSCF,I:MTAS,SCSCF,A:GTW,ICSCF,I:ICSCF,GTW,T:SCSCF,ASLI,I:ASLI,SCSCF,T:ASLI,SCSCF,I-500:SCSCF,ASLI,A:SCSCF,MTAS,I:MTAS,SCSCF,T:MTAS,SCSCF,I:SCSCF,MTAS,T:SCSCF,MTAS,I-480:MTAS,SCSCF,A:MTAS,SCSCF,S:ICSCF,GTW,S:GTW,SCSCF,P:SCSCF,MTAS,P:MTAS,SCSCF,P-200:SCSCF,GTW,P-200:MTAS,SCSCF,I-480:SCSCF,MTAS,A:ICSCF,GTW,I-480:GTW,ICSCF,A:GTW,ICSCF,I:ICSCF,GTW,T:SCSCF,ASLI,I:ASLI,SCSCF,T:ASLI,SCSCF,I-500:SCSCF,ASLI,A:SCSCF,MTAS,I:MTAS,SCSCF,T:MTAS,SCSCF,I:SCSCF,MTAS,T:SCSCF,MTAS,I-480:MTAS,SCSCF,A:MTAS,SCSCF,S:ICSCF,GTW,S:GTW,SCSCF,P:SCSCF,MTAS,P:MTAS,SCSCF,P-200:SCSCF,GTW,P-200:MTAS,SCSCF,I-480:ICSCF,GTW,I-480:SCSCF,MTAS,A:GTW,ICSCF,A:GTW,ICSCF,I:ICSCF,GTW,T:SCSCF,ASLI,I:ASLI,SCSCF,T:ASLI,SCSCF,I-500:SCSCF,ASLI,A:SCSCF,MTAS,I:MTAS,SCSCF,T:MTAS,SCSCF,I:SCSCF,MTAS,T:SCSCF,MTAS,I-480:MTAS,SCSCF,A:MTAS,SCSCF,S:ICSCF,GTW,S:GTW,SCSCF,P:SCSCF,MTAS,P:MTAS,SCSCF,P-200:SCSCF,GTW,P-200:MTAS,SCSCF,I-480:SCSCF,MTAS,A:ICSCF,GTW,I-480:GTW,ICSCF,A:GTW,ICSCF,I:ICSCF,GTW,T:SCSCF,ASLI,I:ASLI,SCSCF,T:ASLI,SCSCF,I-500:SCSCF,ASLI,A:SCSCF,MTAS,I:MTAS,SCSCF,T:MTAS,SCSCF,I:SCSCF,MTAS,T:SCSCF,MTAS,I-480:MTAS,SCSCF,A:MTAS,SCSCF,S:ICSCF,GTW,S:GTW,SCSCF,P:SCSCF,MTAS,P:MTAS,SCSCF,P-200:SCSCF,GTW,P-200:MTAS,SCSCF,I-480:ICSCF,GTW,I-480:SCSCF,MTAS,A:GTW,ICSCF,A"
771,771,1,1,0.44924924,"GTW,ICSCF,I:ICSCF,GTW,T:SCSCF,ASLI,I:ASLI,SCSCF,T:ASLI,SCSCF,I-500:SCSCF,ASLI,A:SCSCF,BCCAS,I:BCCAS,SCSCF,T:BCCAS,SCSCF,I:SCSCF,BCCAS,T:SCSCF,IBCF,I:IBCF,SCSCF,T:IBCF,SCSCF,I-200:SCSCF,BCCAS,I-200:BCCAS,SCSCF,I-200:SCSCF,BCCAS,A:SCSCF,IBCF,A"
772,772,1,1,0.6840719,"IBCF,ICSCF,I:ICSCF,IBCF,T:SCSCF,BCCAS,I:BCCAS,SCSCF,T:BCCAS,SCSCF,I:SCSCF,BCCAS,T:SCSCF,ASLI,I:ASLI,SCSCF,T:ASLI,SCSCF,I-500:SCSCF,ASLI,A:ICSCF,SCSCF,I:SCSCF,ICSCF,T:SCSCF,ICSCF,R:SCSCF,BCCAS,R:BCCAS,SCSCF,R:ICSCF,IBCF,R:IBCF,SCSCF,P:SCSCF,BCCAS,P:BCCAS,SCSCF,P:SCSCF,SCSCF,P:SCSCF,BCCAS,P-200:SCSCF,SCSCF,P-200:BCCAS,SCSCF,P-200:SCSCF,IBCF,P-200"
773,773,1,1,0.76180804,"PCSCF,SCSCF,I:SCSCF,PCSCF,T:SCSCF,ASLI,I:ASLI,SCSCF,T:ASLI,SCSCF,I-500:SCSCF,ASLI,A:SCSCF,GTW,I:GTW,SCSCF,T"
774,774,1,1,0.49565488,"PCSCF,SCSCF,I:SCSCF,PCSCF,T:SCSCF,ASLI,I:ASLI,SCSCF,T:ASLI,SCSCF,I-500:SCSCF,MTAS,I:MTAS,SCSCF,I:SCSCF,MTAS,T:MTAS,SCSCF,T:SCSCF,ASLI,A:SCSCF,GTW,I:GTW,SCSCF,T"
775,775,1,1,0.6222584,"IBCF,ICSCF,I:ICSCF,IBCF,T:ICSCF,SCSCF,I:SCSCF,ICSCF,T:SCSCF,ICSCF,S:ICSCF,IBCF,S:SCSCF,ICSCF,S:ICSCF,IBCF,S"
776,776,1,1,0.645709,"PCSCF,SCSCF,I:SCSCF,PCSCF,T:SCSCF,ASLI,I:ASLI,SCSCF,T:ASLI,SCSCF,I-500:SCSCF,ASLI,A:MTAS,SCSCF,I:SCSCF,MTAS,T:SCSCF,ASLI,I:ASLI,SCSCF,T:ASLI,SCSCF,I-500:SCSCF,ASLI,A:SCSCF,MTAS,I:MTAS,SCSCF,T:MTAS,SCSCF,I:SCSCF,MTAS,T:SCSCF,PCSCF,I:PCSCF,SCSCF,T:PCSCF,SCSCF,R:SCSCF,MTAS,R:MTAS,SCSCF,R:SCSCF,MTAS,R:SCSCF,PCSCF,R:PCSCF,SCSCF,P:MTAS,SCSCF,P:SCSCF,MTAS,P:MTAS,SCSCF,P:SCSCF,PCSCF,P:PCSCF,SCSCF,P-200:MTAS,SCSCF,P-200:SCSCF,MTAS,P-200:SCSCF,PCSCF,P-200"
777,777,1,1,0.39157012,"IBCF,ICSCF,I:ICSCF,SCSCF,I:SCSCF,ICSCF,T:SCSCF,ICSCF,R:ICSCF,IBCF,R"
778,778,1,1,0.7627878,"GTW,ICSCF,I:SCSCF,ASLI,I:ASLI,SCSCF,T:ASLI,SCSCF,I-500:SCSCF,MTAS,I:MTAS,SCSCF,T:MTAS,SCSCF,I:SCSCF,MTAS,T:SCSCF,PCSCF,I:PCSCF,SCSCF,T:SCSCF,ASLI,A:PCSCF,SCSCF,R:SCSCF,MTAS,R:MTAS,SCSCF,R:ICSCF,GTW,R:GTW,SCSCF,P:SCSCF,MTAS,P:MTAS,SCSCF,P:SCSCF,PCSCF,P:PCSCF,SCSCF,P-200:SCSCF,MTAS,P-200:MTAS,SCSCF,P-200:SCSCF,GTW,P-200"
779,779,1,1,0.42506358,"ICSCF,SCSCF,I:SCSCF,ICSCF,T:SCSCF,BCCAS,I:BCCAS,SCSCF,T:BCCAS,SCSCF,I:SCSCF,BCCAS,T:SCSCF,ASLI,I:ASLI,SCSCF,T:ASLI,SCSCF,I-500:SCSCF,ASLI,A:SCSCF,ASLI,I:ASLI,SCSCF,T:ASLI,SCSCF,I-500:SCSCF,ASLI,A:SCSCF,MTAS,I:MTAS,SCSCF,T:MTAS,SCSCF,I:SCSCF,MTAS,T:SCSCF,PCSCF,I:PCSCF,SCSCF,T:PCSCF,SCSCF,R:SCSCF,MTAS,R:MTAS,SCSCF,R:SCSCF,BCCAS,R:BCCAS,SCSCF,R:SCSCF,ICSCF,R:IBCF,SCSCF,P:SCSCF,BCCAS,P:BCCAS,SCSCF,P:SCSCF,MTAS,P:MTAS,SCSCF,P:SCSCF,PCSCF,P:PCSCF,SCSCF,P-200:SCSCF,MTAS,P-200:MTAS,SCSCF,P-200:SCSCF,BCCAS,P-200:BCCAS,SCSCF,P-200:SCSCF,IBCF,P-200"
780,780,1,1,0.8078731,"SCSCF,BCCAS,I:BCCAS,SCSCF,T:BCCAS,SCSCF,I:SCSCF,BCCAS,T"
781,781,1,0,0.8898834,"PCSCF,SCSCF,I:SCSCF,PCSCF,T:SCSCF,ASLI,I:ASLI,SCSCF,T:ASLI,SCSCF,I-500:SCSCF,ASLI,A:MTAS,SCSCF,I:SCSCF,MTAS,T:SCSCF,GTW,I:GTW,SCSCF,T:GTW,SCSCF,R:SCSCF,MTAS,R:SCSCF,PCSCF,R:GTW,SCSCF,R:SCSCF,MTAS,R:PCSCF,SCSCF,P:SCSCF,MTAS,P:MTAS,SCSCF,P:SCSCF,GTW,P:GTW,SCSCF,P-200:SCSCF,MTAS,P-200:MTAS,SCSCF,P-200:SCSCF,PCSCF,P-200"
782,782,1,1,0.356417,"MTAS,SCSCF,I:MTAS,SCSCF,A:GTW,ICSCF,I:ICSCF,GTW,T:SCSCF,ASLI,I:ASLI,SCSCF,T:ASLI,SCSCF,I-500:SCSCF,ASLI,A:SCSCF,MTAS,I:MTAS,SCSCF,T:MTAS,SCSCF,I:MTAS,SCSCF,A:SCSCF,MTAS,T:SCSCF,MTAS,I-480:MTAS,SCSCF,S:ICSCF,GTW,S:SCSCF,MTAS,P:GTW,SCSCF,P:MTAS,SCSCF,P-200:SCSCF,GTW,P-200:MTAS,SCSCF,I-480:ICSCF,GTW,I-480:SCSCF,MTAS,A:GTW,ICSCF,A:GTW,ICSCF,I:ICSCF,GTW,T:SCSCF,ASLI,I:ASLI,SCSCF,T:ASLI,SCSCF,I-500:SCSCF,ASLI,A:SCSCF,MTAS,I:MTAS,SCSCF,T:MTAS,SCSCF,I:SCSCF,MTAS,T:SCSCF,MTAS,I-480:MTAS,SCSCF,A:MTAS,SCSCF,S:ICSCF,GTW,S:GTW,SCSCF,P:SCSCF,MTAS,P:MTAS,SCSCF,P-200:SCSCF,GTW,P-200:MTAS,SCSCF,I-480:ICSCF,GTW,I-480:SCSCF,MTAS,A:GTW,ICSCF,A:GTW,ICSCF,I:ICSCF,GTW,T:SCSCF,ASLI,I:ASLI,SCSCF,T:ASLI,SCSCF,I-500:SCSCF,ASLI,A:SCSCF,MTAS,I:MTAS,SCSCF,T:MTAS,SCSCF,I:SCSCF,MTAS,T:MTAS,SCSCF,A:SCSCF,MTAS,I-480:MTAS,SCSCF,S:ICSCF,GTW,S:GTW,SCSCF,P:SCSCF,MTAS,P:MTAS,SCSCF,P-200:SCSCF,GTW,P-200:ICSCF,GTW,C-200:SCSCF,MTAS,C:GTW,ICSCF,C:MTAS,SCSCF,C-200:MTAS,SCSCF,I-487:SCSCF,MTAS,A:ICSCF,GTW,I-487:GTW,ICSCF,A"
783,783,1,1,0.5034504,"PCSCF,SCSCF,I:SCSCF,PCSCF,T:SCSCF,ASLI,I:ASLI,SCSCF,T:SCSCF,ASLI,A:ASLI,SCSCF,I-500:MTAS,SCSCF,I:SCSCF,MTAS,T:SCSCF,ASLI,I:ASLI,SCSCF,T:ASLI,SCSCF,I-500:SCSCF,ASLI,A:SCSCF,MTAS,I:MTAS,SCSCF,T:MTAS,SCSCF,I:SCSCF,MTAS,T:SCSCF,PCSCF,I:PCSCF,SCSCF,T:SCSCF,MTAS,R:PCSCF,SCSCF,R:MTAS,SCSCF,R:SCSCF,MTAS,R:SCSCF,PCSCF,R:PCSCF,SCSCF,P:MTAS,SCSCF,P:SCSCF,MTAS,P:MTAS,SCSCF,P:SCSCF,PCSCF,P:PCSCF,SCSCF,P-200:SCSCF,MTAS,P-200:MTAS,SCSCF,P-200:SCSCF,MTAS,P-200:SCSCF,PCSCF,P-200"
784,784,1,1,0.26854107,"IBCF,ICSCF,I:ICSCF,IBCF,T:ICSCF,SCSCF,I:SCSCF,ICSCF,T:SCSCF,ICSCF,S:ICSCF,IBCF,S:SCSCF,ICSCF,R:ICSCF,IBCF,R:ICSCF,SCSCF,C:SCSCF,ICSCF,I-487:SCSCF,ICSCF,C-200:ICSCF,SCSCF,A"
785,785,1,1,0.18207018,"MTAS,SCSCF,I:MTAS,SCSCF,A:PCSCF,SCSCF,I:SCSCF,PCSCF,T:SCSCF,ASLI,I:ASLI,SCSCF,T:SCSCF,ASLI,A:ASLI,SCSCF,I-500:MTAS,SCSCF,I:SCSCF,MTAS,T:SCSCF,GTW,I:GTW,SCSCF,T:GTW,SCSCF,S:SCSCF,MTAS,S:SCSCF,PCSCF,S:PCSCF,SCSCF,P:MTAS,SCSCF,P:SCSCF,GTW,P:GTW,SCSCF,P-200:GTW,SCSCF,S:SCSCF,MTAS,P-200:SCSCF,MTAS,S:SCSCF,PCSCF,P-200:SCSCF,PCSCF,S:PCSCF,SCSCF,P:MTAS,SCSCF,P:SCSCF,GTW,P:SCSCF,MTAS,P-200:GTW,SCSCF,P-200:SCSCF,PCSCF,P-200:SCSCF,MTAS,R:GTW,SCSCF,R:SCSCF,PCSCF,R:PCSCF,SCSCF,P:MTAS,SCSCF,P:SCSCF,GTW,P:SCSCF,MTAS,P-200:GTW,SCSCF,P-200:SCSCF,PCSCF,P-200:GTW,SCSCF,I-200:SCSCF,MTAS,I-200:SCSCF,PCSCF,I-200:PCSCF,SCSCF,A:SCSCF,MTAS,A:MTAS,SCSCF,A:SCSCF,GTW,A:GTW,SCSCF,B:MTAS,SCSCF,B:SCSCF,PCSCF,B:PCSCF,SCSCF,B-200:SCSCF,MTAS,B-200:SCSCF,GTW,B-200:PCSCF,SCSCF,I:SCSCF,PCSCF,T:SCSCF,ASLI,I:ASLI,SCSCF,T:ASLI,SCSCF,I-500:SCSCF,ASLI,A:MTAS,SCSCF,I:SCSCF,MTAS,T:SCSCF,GTW,I:GTW,SCSCF,T:GTW,SCSCF,S:SCSCF,MTAS,S:SCSCF,PCSCF,S:PCSCF,SCSCF,P:MTAS,SCSCF,P:SCSCF,GTW,P:GTW,SCSCF,P-200:GTW,SCSCF,S:SCSCF,MTAS,P-200:SCSCF,MTAS,S:SCSCF,PCSCF,P-200:SCSCF,PCSCF,S:PCSCF,SCSCF,P:MTAS,SCSCF,P:SCSCF,GTW,P:SCSCF,MTAS,P-200:GTW,SCSCF,P-200:SCSCF,PCSCF,P-200:SCSCF,MTAS,R:GTW,SCSCF,R:SCSCF,PCSCF,R:PCSCF,SCSCF,P:MTAS,SCSCF,P:SCSCF,GTW,P:GTW,SCSCF,P-200:SCSCF,MTAS,P-200:SCSCF,PCSCF,P-200:GTW,SCSCF,I-200:SCSCF,MTAS,I-200:SCSCF,PCSCF,I-200:PCSCF,SCSCF,A:SCSCF,MTAS,A:MTAS,SCSCF,A:SCSCF,GTW,A"
786,786,1,1,0.6305997,"ICSCF,SCSCF,I:SCSCF,ICSCF,T:SCSCF,BCCAS,I:BCCAS,SCSCF,T:BCCAS,SCSCF,I:SCSCF,ASLI,I:ASLI,SCSCF,T:ASLI,SCSCF,I-500:SCSCF,ASLI,A:SCSCF,GTW,I:GTW,SCSCF,T"
787,787,1,1,0.43825862,"ICSCF,SCSCF,I:SCSCF,ICSCF,T:SCSCF,ASLI,I:ASLI,SCSCF,T:ASLI,SCSCF,I-500:SCSCF,ASLI,A:SCSCF,BCCAS,I:BCCAS,SCSCF,T:BCCAS,SCSCF,I:SCSCF,BCCAS,T:SCSCF,IBCF,I:IBCF,SCSCF,T:IBCF,SCSCF,R:SCSCF,BCCAS,R:BCCAS,SCSCF,R:SCSCF,ICSCF,R:SCSCF,SCSCF,P:SCSCF,BCCAS,P:BCCAS,SCSCF,P:SCSCF,IBCF,P:IBCF,SCSCF,I-480:SCSCF,IBCF,A:IBCF,SCSCF,P-481:SCSCF,BCCAS,P-481:BCCAS,SCSCF,P-481:SCSCF,BCCAS,I-480:SCSCF,SCSCF,P-481:BCCAS,SCSCF,A"
788,788,1,1,0.32229635,"GTW,ICSCF,I:ICSCF,GTW,T:SCSCF,ASLI,I:ASLI,SCSCF,T:ASLI,SCSCF,I-500:SCSCF,MTAS,I:MTAS,SCSCF,T:SCSCF,PCSCF,I:SCSCF,MTAS,T:PCSCF,SCSCF,T:SCSCF,ASLI,A:PCSCF,SCSCF,R:SCSCF,MTAS,R:MTAS,SCSCF,R:ICSCF,GTW,R:GTW,SCSCF,P:SCSCF,MTAS,P:SCSCF,PCSCF,P:PCSCF,SCSCF,P-200:SCSCF,MTAS,P-200:MTAS,SCSCF,P-200:SCSCF,GTW,P-200"
789,789,1,1,0.24145107,"PCSCF,SCSCF,I:SCSCF,PCSCF,T:SCSCF,PCSCF,I-407:PCSCF,SCSCF,A:PCSCF,SCSCF,I:SCSCF,PCSCF,T:SCSCF,ASLI,I:ASLI,SCSCF,T:SCSCF,ASLI,A:ASLI,SCSCF,I-500:SCSCF,MTAS,I:MTAS,SCSCF,T:MTAS,SCSCF,I:SCSCF,MTAS,T:SCSCF,GTW,I:GTW,SCSCF,T"
790,790,1,1,0.37827364,"SCSCF,ICSCF,I:ICSCF,SCSCF,I:SCSCF,ICSCF,T:SCSCF,ICSCF,R:SCSCF,ICSCF,I-408:ICSCF,SCSCF,A"
791,791,1,1,0.39973453,"ICSCF,SCSCF,I:SCSCF,ICSCF,T:SCSCF,ASLI,I:ASLI,SCSCF,T:ASLI,SCSCF,I-500:SCSCF,ASLI,A:SCSCF,MTAS,I:MTAS,SCSCF,I:SCSCF,PCSCF,I:SCSCF,MTAS,T:MTAS,SCSCF,T:PCSCF,SCSCF,T:SCSCF,MTAS,R:PCSCF,SCSCF,R:MTAS,SCSCF,R:SCSCF,ICSCF,R:SCSCF,SCSCF,P:SCSCF,MTAS,P:MTAS,SCSCF,P:SCSCF,PCSCF,P:SCSCF,MTAS,P-200:PCSCF,SCSCF,P-200:MTAS,SCSCF,P-200:SCSCF,SCSCF,P-200"
792,792,1,1,0.36911887,"GTW,ICSCF,I:ICSCF,GTW,T:SCSCF,ASLI,I:ASLI,SCSCF,T:ASLI,SCSCF,I-500:SCSCF,ASLI,A:SCSCF,BCCAS,I:BCCAS,SCSCF,T:ICSCF,GTW,W:BCCAS,SCSCF,W:BCCAS,SCSCF,I:SCSCF,BCCAS,T:SCSCF,GTW,I:GTW,SCSCF,T"
793,793,1,1,0.4906736,"IBCF,ICSCF,I:ICSCF,SCSCF,I:SCSCF,ICSCF,T"
794,794,1,1,0.63325775,"GTW,ICSCF,I:ICSCF,GTW,T:SCSCF,ASLI,I:ASLI,SCSCF,T:ASLI,SCSCF,I-500:SCSCF,MTAS,I:MTAS,SCSCF,I:SCSCF,PCSCF,I:SCSCF,MTAS,T:PCSCF,SCSCF,T:SCSCF,ASLI,A:MTAS,SCSCF,T:PCSCF,SCSCF,R:SCSCF,MTAS,R:MTAS,SCSCF,R:ICSCF,GTW,R:GTW,SCSCF,P:SCSCF,MTAS,P:SCSCF,PCSCF,P:MTAS,SCSCF,P:PCSCF,SCSCF,P-200:SCSCF,MTAS,P-200:MTAS,SCSCF,P-200:SCSCF,GTW,P-200"
795,795,1,1,0.43588993,"PCSCF,SCSCF,I:SCSCF,PCSCF,T:SCSCF,ASLI,I:ASLI,SCSCF,T:ASLI,SCSCF,I-500:SCSCF,ASLI,A:MTAS,SCSCF,I:SCSCF,MTAS,T:SCSCF,GTW,I:GTW,SCSCF,T:GTW,SCSCF,S:SCSCF,MTAS,S:SCSCF,PCSCF,S:PCSCF,SCSCF,P:SCSCF,MTAS,P:MTAS,SCSCF,P:SCSCF,GTW,P:GTW,SCSCF,P-200:GTW,SCSCF,S:SCSCF,MTAS,P-200:SCSCF,MTAS,S:MTAS,SCSCF,P-200:SCSCF,PCSCF,P-200:SCSCF,PCSCF,S:PCSCF,SCSCF,P:SCSCF,MTAS,P:MTAS,SCSCF,P:SCSCF,GTW,P:GTW,SCSCF,P-200:GTW,SCSCF,R:SCSCF,MTAS,R:SCSCF,MTAS,P-200:MTAS,SCSCF,P-200:SCSCF,PCSCF,P-200:SCSCF,PCSCF,R:PCSCF,SCSCF,P:SCSCF,MTAS,P:MTAS,SCSCF,P:SCSCF,GTW,P:GTW,SCSCF,P-200:SCSCF,MTAS,P-200:MTAS,SCSCF,P-200:SCSCF,PCSCF,P-200"
796,796,1,1,0.23654984,"ICSCF,SCSCF,I:SCSCF,ICSCF,T:SCSCF,BCCAS,I:BCCAS,SCSCF,T:BCCAS,SCSCF,I:SCSCF,BCCAS,T:SCSCF,ASLI,I:ASLI,SCSCF,T:ASLI,SCSCF,I-500:SCSCF,ASLI,A:SCSCF,ASLI,I:ASLI,SCSCF,T:ASLI,SCSCF,I-500:SCSCF,ASLI,A:SCSCF,BCCAS,I:BCCAS,SCSCF,T:BCCAS,SCSCF,I:SCSCF,BCCAS,I-480:BCCAS,SCSCF,A"
797,797,1,1,0.5194332,"PCSCF,SCSCF,I:SCSCF,PCSCF,T:SCSCF,PCSCF,I-407:PCSCF,SCSCF,A:PCSCF,SCSCF,I:SCSCF,ASLI,I:SCSCF,PCSCF,T:ASLI,SCSCF,T:SCSCF,ASLI,A:ASLI,SCSCF,I-500:MTAS,SCSCF,I:SCSCF,MTAS,T:SCSCF,ASLI,I:ASLI,SCSCF,T:ASLI,SCSCF,I-500:SCSCF,ASLI,A:SCSCF,MTAS,I:MTAS,SCSCF,T:MTAS,SCSCF,I:SCSCF,MTAS,T:SCSCF,PCSCF,I:PCSCF,SCSCF,T:PCSCF,SCSCF,R:SCSCF,MTAS,R:MTAS,SCSCF,R:SCSCF,MTAS,R:SCSCF,PCSCF,R:PCSCF,SCSCF,P:MTAS,SCSCF,P:SCSCF,MTAS,P:MTAS,SCSCF,P:SCSCF,PCSCF,P:PCSCF,SCSCF,P-200:SCSCF,MTAS,P-200:MTAS,SCSCF,P-200:SCSCF,MTAS,P-200:SCSCF,PCSCF,P-200"
798,798,1,1,0.7328508,"GTW,ICSCF,I:ICSCF,GTW,T:SCSCF,ASLI,I:ASLI,SCSCF,T:ASLI,SCSCF,I-500:SCSCF,MTAS,I:SCSCF,ASLI,A:MTAS,SCSCF,T:MTAS,SCSCF,I:SCSCF,MTAS,T:SCSCF,PCSCF,I:PCSCF,SCSCF,T:PCSCF,SCSCF,R:SCSCF,MTAS,R:MTAS,SCSCF,R:ICSCF,GTW,R:GTW,SCSCF,P:SCSCF,MTAS,P:MTAS,SCSCF,P:SCSCF,PCSCF,P:SCSCF,MTAS,P-200:PCSCF,SCSCF,P-200:MTAS,SCSCF,P-200:SCSCF,GTW,P-200"
799,799,1,1,0.27783683,"PCSCF,SCSCF,I:SCSCF,PCSCF,T:SCSCF,PCSCF,I-407:PCSCF,SCSCF,A:PCSCF,SCSCF,I:SCSCF,PCSCF,T:SCSCF,ASLI,I:ASLI,SCSCF,T:ASLI,SCSCF,I-500:SCSCF,ASLI,A:SCSCF,ASLI,I:ASLI,SCSCF,T:ASLI,SCSCF,I-500:SCSCF,ASLI,A:SCSCF,MTAS,I:MTAS,SCSCF,T:MTAS,SCSCF,I:SCSCF,MTAS,T:SCSCF,PCSCF,I:PCSCF,SCSCF,T:PCSCF,SCSCF,R:SCSCF,MTAS,R:MTAS,SCSCF,R:SCSCF,MTAS,R:SCSCF,PCSCF,R:PCSCF,SCSCF,P:SCSCF,MTAS,P:MTAS,SCSCF,P:SCSCF,PCSCF,P:PCSCF,SCSCF,P-200:SCSCF,MTAS,P-200:MTAS,SCSCF,P-200:SCSCF,MTAS,P-200:SCSCF,PCSCF,P-200"
800,800,1,1,0.2764756,"PCSCF,SCSCF,I:SCSCF,PCSCF,T:SCSCF,ASLI,I:ASLI,SCSCF,T:ASLI,SCSCF,I-500:SCSCF,ASLI,A:MTAS,SCSCF,I:SCSCF,MTAS,T:SCSCF,ASLI,I:ASLI,SCSCF,T:SCSCF,ASLI,A:ASLI,SCSCF,I-500:SCSCF,MTAS,I:MTAS,SCSCF,T:MTAS,SCSCF,I:SCSCF,MTAS,T:SCSCF,PCSCF,I:PCSCF,SCSCF,T:PCSCF,SCSCF,R:SCSCF,MTAS,R:MTAS,SCSCF,R:SCSCF,MTAS,R:SCSCF,PCSCF,R:PCSCF,SCSCF,P:MTAS,SCSCF,P:SCSCF,MTAS,P:MTAS,SCSCF,P:SCSCF,PCSCF,P:PCSCF,SCSCF,P-200:SCSCF,MTAS,P-200:MTAS,SCSCF,P-200:SCSCF,MTAS,P-200:SCSCF,PCSCF,P-200"
801,801,1,1,0.6185565,"ICSCF,SCSCF,I:SCSCF,ICSCF,T:SCSCF,BCCAS,I:BCCAS,SCSCF,T:BCCAS,SCSCF,I:SCSCF,ASLI,I:ASLI,SCSCF,T:SCSCF,BCCAS,T:ASLI,SCSCF,I-500:SCSCF,ASLI,A:SCSCF,GTW,I:GTW,SCSCF,T"
802,802,1,1,0.8078731,"MTAS,SCSCF,I:SCSCF,MTAS,T:SCSCF,GTW,I:GTW,SCSCF,T"
803,803,1,1,0.83149993,"ICSCF,SCSCF,I:SCSCF,ICSCF,T:SCSCF,ASLI,I:ASLI,SCSCF,T:ASLI,SCSCF,I-500:SCSCF,ASLI,A:SCSCF,BCCAS,I:BCCAS,SCSCF,T:BCCAS,SCSCF,I:SCSCF,BCCAS,T:SCSCF,PCSCF,I:PCSCF,SCSCF,T:PCSCF,SCSCF,R:SCSCF,BCCAS,R:BCCAS,SCSCF,R:SCSCF,ICSCF,R:SCSCF,SCSCF,P:SCSCF,BCCAS,P:BCCAS,SCSCF,P:SCSCF,PCSCF,P:SCSCF,BCCAS,P-200:PCSCF,SCSCF,P-200:BCCAS,SCSCF,P-200:SCSCF,SCSCF,P-200"
804,804,1,1,0.7683176,"ICSCF,SCSCF,I:SCSCF,ICSCF,T"
805,805,1,1,0.6780522,"PCSCF,SCSCF,I:SCSCF,ASLI,I:SCSCF,PCSCF,T:ASLI,SCSCF,T:ASLI,SCSCF,I-500:SCSCF,ASLI,A:MTAS,SCSCF,I:SCSCF,MTAS,T:SCSCF,ASLI,I:ASLI,SCSCF,T:ASLI,SCSCF,I-500:SCSCF,ASLI,A:SCSCF,MTAS,I:MTAS,SCSCF,I:SCSCF,MTAS,T:MTAS,SCSCF,T:SCSCF,PCSCF,I:PCSCF,SCSCF,T:PCSCF,SCSCF,R:SCSCF,MTAS,R:MTAS,SCSCF,R:SCSCF,MTAS,R:SCSCF,PCSCF,R:PCSCF,SCSCF,P:MTAS,SCSCF,P:SCSCF,MTAS,P:MTAS,SCSCF,P:SCSCF,PCSCF,P:PCSCF,SCSCF,P-200:SCSCF,MTAS,P-200:MTAS,SCSCF,P-200:SCSCF,MTAS,P-200:SCSCF,PCSCF,P-200"
806,806,1,1,0.61440635,"PCSCF,SCSCF,I:SCSCF,PCSCF,T:SCSCF,ASLI,I:ASLI,SCSCF,T:ASLI,SCSCF,I-500:SCSCF,ASLI,A:SCSCF,ASLI,I:ASLI,SCSCF,T:ASLI,SCSCF,I-500:SCSCF,ASLI,A:SCSCF,MTAS,I:MTAS,SCSCF,T:MTAS,SCSCF,I:SCSCF,MTAS,T:SCSCF,PCSCF,I:PCSCF,SCSCF,T:PCSCF,SCSCF,R:SCSCF,MTAS,R:MTAS,SCSCF,R:SCSCF,MTAS,R:SCSCF,PCSCF,R:PCSCF,SCSCF,P:SCSCF,MTAS,P:MTAS,SCSCF,P:SCSCF,PCSCF,P:SCSCF,MTAS,P-200:PCSCF,SCSCF,P-200:MTAS,SCSCF,P-200:SCSCF,MTAS,P-200:SCSCF,PCSCF,P-200"
807,807,1,1,0.70644015,"PCSCF,SCSCF,I:SCSCF,PCSCF,T:SCSCF,ASLI,I:ASLI,SCSCF,T:SCSCF,ASLI,A:ASLI,SCSCF,I-500:MTAS,SCSCF,I:SCSCF,MTAS,T:SCSCF,GTW,I:GTW,SCSCF,T:GTW,SCSCF,R:SCSCF,MTAS,R:SCSCF,PCSCF,R:PCSCF,SCSCF,P:MTAS,SCSCF,P:SCSCF,MTAS,P:SCSCF,GTW,P:GTW,SCSCF,P-200:SCSCF,MTAS,P-200:MTAS,SCSCF,P-200:SCSCF,PCSCF,P-200"
808,808,1,1,0.5126707,"GTW,ICSCF,I:ICSCF,GTW,T:SCSCF,ASLI,I:ASLI,SCSCF,T:ASLI,SCSCF,I-500:SCSCF,ASLI,A:SCSCF,MTAS,I:MTAS,SCSCF,T:MTAS,SCSCF,W:MTAS,SCSCF,I:SCSCF,MTAS,T:ICSCF,GTW,W:SCSCF,GTW,I:GTW,SCSCF,T"
809,809,1,1,0.40816656,"PCSCF,SCSCF,I:SCSCF,PCSCF,T:SCSCF,PCSCF,I-407:PCSCF,SCSCF,A:PCSCF,SCSCF,I:SCSCF,PCSCF,T:SCSCF,BCCAS,I:BCCAS,SCSCF,T:BCCAS,SCSCF,I-500:SCSCF,BCCAS,A:SCSCF,ASLI,I:ASLI,SCSCF,T:SCSCF,ASLI,A:ASLI,SCSCF,I-500:SCSCF,BCCAS,I:BCCAS,SCSCF,T:BCCAS,SCSCF,I:SCSCF,BCCAS,T:SCSCF,GTW,I:GTW,SCSCF,T"
810,810,1,1,0.39157012,"SCSCF,ICSCF,I:ICSCF,SCSCF,I:SCSCF,ICSCF,T:SCSCF,ICSCF,R:ICSCF,SCSCF,R"
811,811,1,1,0.4613464,"PCSCF,SCSCF,I:SCSCF,PCSCF,T:SCSCF,ASLI,I:ASLI,SCSCF,T:SCSCF,ASLI,A:ASLI,SCSCF,I-500:MTAS,SCSCF,I:SCSCF,MTAS,T:SCSCF,GTW,I:GTW,SCSCF,T:SCSCF,MTAS,R:GTW,SCSCF,R:SCSCF,PCSCF,R:PCSCF,SCSCF,P:MTAS,SCSCF,P:SCSCF,GTW,P:GTW,SCSCF,P-200:SCSCF,MTAS,P-200:SCSCF,PCSCF,P-200"
812,812,1,0,0.9604935,"GTW,ICSCF,I:ICSCF,GTW,T:SCSCF,ASLI,I:ASLI,SCSCF,T:ASLI,SCSCF,I-500:SCSCF,ASLI,A:SCSCF,MTAS,I:MTAS,SCSCF,T:MTAS,SCSCF,I:SCSCF,MTAS,T:SCSCF,PCSCF,I:PCSCF,SCSCF,T:PCSCF,SCSCF,R:SCSCF,MTAS,R:MTAS,SCSCF,R:GTW,SCSCF,P:ICSCF,GTW,R:SCSCF,MTAS,P:MTAS,SCSCF,P:SCSCF,PCSCF,P:PCSCF,SCSCF,P-200:SCSCF,MTAS,P-200:MTAS,SCSCF,P-200:SCSCF,GTW,P-200"
813,813,1,1,0.50011814,"MTAS,SCSCF,I:MTAS,SCSCF,A:GTW,ICSCF,I:ICSCF,GTW,T:SCSCF,ASLI,I:ASLI,SCSCF,T:ASLI,SCSCF,I-500:SCSCF,ASLI,A:SCSCF,MTAS,I:MTAS,SCSCF,T:MTAS,SCSCF,I:MTAS,SCSCF,A:SCSCF,MTAS,T:SCSCF,MTAS,I-480:MTAS,SCSCF,S:ICSCF,GTW,S:GTW,SCSCF,P:SCSCF,MTAS,P:MTAS,SCSCF,P-200:SCSCF,GTW,P-200:MTAS,SCSCF,I-480:SCSCF,MTAS,A:ICSCF,GTW,I-480:GTW,ICSCF,A"
814,814,1,1,0.32742247,"MTAS,SCSCF,I:MTAS,SCSCF,A:GTW,ICSCF,I:ICSCF,GTW,T:SCSCF,ASLI,I:ASLI,SCSCF,T:ASLI,SCSCF,I-500:SCSCF,ASLI,A:SCSCF,MTAS,I:MTAS,SCSCF,T:MTAS,SCSCF,I:SCSCF,MTAS,T:SCSCF,MTAS,I-480:MTAS,SCSCF,A:MTAS,SCSCF,S:ICSCF,GTW,S:GTW,SCSCF,P:GTW,ICSCF,C:SCSCF,MTAS,P:ICSCF,GTW,C-200:SCSCF,MTAS,C:MTAS,SCSCF,C-200:MTAS,SCSCF,P-200:MTAS,SCSCF,I-487:SCSCF,MTAS,A:ICSCF,GTW,I-487:SCSCF,GTW,P-200:GTW,ICSCF,A"
815,815,1,1,0.6921604,"PCSCF,SCSCF,I:SCSCF,PCSCF,T:SCSCF,PCSCF,I-407:PCSCF,SCSCF,A:PCSCF,SCSCF,I:SCSCF,ASLI,I:ASLI,SCSCF,T:ASLI,SCSCF,I-500:SCSCF,ASLI,A:SCSCF,PCSCF,T:MTAS,SCSCF,I:SCSCF,MTAS,T:GTW,SCSCF,T:SCSCF,GTW,I"
816,816,1,1,0.49625564,"SCSCF,ICSCF,I:SCSCF,ASLI,I:ASLI,SCSCF,T:ASLI,SCSCF,I-500:SCSCF,ASLI,A:SCSCF,MTAS,I:MTAS,SCSCF,T:MTAS,SCSCF,I:SCSCF,MTAS,T:SCSCF,PCSCF,I:PCSCF,SCSCF,T:SCSCF,PCSCF,I:PCSCF,SCSCF,T:PCSCF,SCSCF,R:SCSCF,MTAS,R:MTAS,SCSCF,R:PCSCF,SCSCF,R:SCSCF,MTAS,R:MTAS,SCSCF,R:PCSCF,SCSCF,R:SCSCF,MTAS,R:MTAS,SCSCF,R:PCSCF,SCSCF,R:SCSCF,MTAS,R:MTAS,SCSCF,R:PCSCF,SCSCF,R:SCSCF,MTAS,R:PCSCF,SCSCF,I-408:SCSCF,PCSCF,A:MTAS,SCSCF,R:PCSCF,SCSCF,R:SCSCF,MTAS,R:MTAS,SCSCF,R:SCSCF,MTAS,R:PCSCF,SCSCF,R:PCSCF,SCSCF,I-500:SCSCF,PCSCF,A:SCSCF,MTAS,I-408:MTAS,SCSCF,A:MTAS,SCSCF,S:MTAS,SCSCF,R:MTAS,SCSCF,I-500:SCSCF,MTAS,A"
817,817,1,1,0.8513677,"PCSCF,SCSCF,I:SCSCF,ASLI,I:ASLI,SCSCF,T:ASLI,SCSCF,I-500:SCSCF,ASLI,A:SCSCF,PCSCF,T:MTAS,SCSCF,I:SCSCF,MTAS,T:SCSCF,GTW,I:GTW,SCSCF,T:GTW,SCSCF,R:SCSCF,MTAS,R:SCSCF,PCSCF,R:PCSCF,SCSCF,P:MTAS,SCSCF,P:SCSCF,GTW,P:GTW,SCSCF,P-200:SCSCF,MTAS,P-200:SCSCF,PCSCF,P-200"
818,818,1,1,0.08739752,"MTAS,SCSCF,I:MTAS,SCSCF,A:GTW,ICSCF,I:ICSCF,GTW,T:SCSCF,ASLI,I:ASLI,SCSCF,T:SCSCF,ASLI,A:ASLI,SCSCF,I-500:SCSCF,MTAS,I:MTAS,SCSCF,T:MTAS,SCSCF,I:SCSCF,MTAS,T:SCSCF,MTAS,I-480:MTAS,SCSCF,A:MTAS,SCSCF,S:ICSCF,GTW,S:SCSCF,MTAS,P:GTW,SCSCF,P:SCSCF,MTAS,P:MTAS,SCSCF,P-200:SCSCF,GTW,P-200:MTAS,SCSCF,P-200:MTAS,SCSCF,I-480:SCSCF,MTAS,A:ICSCF,GTW,I-480:GTW,ICSCF,A:GTW,ICSCF,I:ICSCF,GTW,T:SCSCF,ASLI,I:ASLI,SCSCF,T:ASLI,SCSCF,I-500:SCSCF,ASLI,A:SCSCF,MTAS,I:MTAS,SCSCF,T:MTAS,SCSCF,I:SCSCF,MTAS,T:SCSCF,MTAS,I-480:MTAS,SCSCF,A:MTAS,SCSCF,S:ICSCF,GTW,S:GTW,SCSCF,P:SCSCF,MTAS,P:MTAS,SCSCF,P-200:SCSCF,GTW,P-200:MTAS,SCSCF,I-480:SCSCF,MTAS,A:ICSCF,GTW,I-480:GTW,ICSCF,A:GTW,ICSCF,I:ICSCF,GTW,T:SCSCF,ASLI,I:ASLI,SCSCF,T:ASLI,SCSCF,I-500:SCSCF,ASLI,A:SCSCF,MTAS,I:MTAS,SCSCF,T:MTAS,SCSCF,I:SCSCF,MTAS,T:MTAS,SCSCF,A:SCSCF,MTAS,I-480:MTAS,SCSCF,S:ICSCF,GTW,S:GTW,SCSCF,P:SCSCF,MTAS,P:MTAS,SCSCF,P-200:SCSCF,GTW,P-200:MTAS,SCSCF,I-480:SCSCF,MTAS,A:ICSCF,GTW,I-480:GTW,ICSCF,A:GTW,ICSCF,I:ICSCF,GTW,T:SCSCF,ASLI,I:ASLI,SCSCF,T:ASLI,SCSCF,I-500:SCSCF,ASLI,A:SCSCF,MTAS,I:MTAS,SCSCF,T:MTAS,SCSCF,S:ICSCF,GTW,S:GTW,SCSCF,P:SCSCF,MTAS,P:MTAS,SCSCF,P-200:SCSCF,GTW,P-200:GTW,ICSCF,C:MTAS,SCSCF,C-200:ICSCF,GTW,C-200:SCSCF,MTAS,C:MTAS,SCSCF,I-487:SCSCF,MTAS,A:ICSCF,GTW,I-487:GTW,ICSCF,A"
819,819,1,1,0.21594802,"MTAS,SCSCF,I:MTAS,SCSCF,A:GTW,ICSCF,I:ICSCF,GTW,T:SCSCF,ASLI,I:ASLI,SCSCF,T:ASLI,SCSCF,I-500:SCSCF,ASLI,A:SCSCF,MTAS,I:MTAS,SCSCF,T:MTAS,SCSCF,I:SCSCF,MTAS,T:SCSCF,MTAS,I-480:MTAS,SCSCF,A:MTAS,SCSCF,S:ICSCF,GTW,S:GTW,SCSCF,P:SCSCF,MTAS,P:MTAS,SCSCF,P-200:SCSCF,GTW,P-200:GTW,ICSCF,C:ICSCF,GTW,C-200:SCSCF,MTAS,C:MTAS,SCSCF,C-200:MTAS,SCSCF,I-487:ICSCF,GTW,I-487:SCSCF,MTAS,A:GTW,ICSCF,A"
820,820,1,1,0.34894887,"MTAS,SCSCF,I:MTAS,SCSCF,A:GTW,ICSCF,I:ICSCF,GTW,T:SCSCF,ASLI,I:ASLI,SCSCF,T:ASLI,SCSCF,I-500:SCSCF,ASLI,A:SCSCF,MTAS,I:MTAS,SCSCF,T:MTAS,SCSCF,S:ICSCF,GTW,S:GTW,SCSCF,P:SCSCF,MTAS,P:MTAS,SCSCF,P-200:SCSCF,GTW,P-200:MTAS,SCSCF,I-480:SCSCF,MTAS,A:ICSCF,GTW,I-480:GTW,ICSCF,A:GTW,ICSCF,I:ICSCF,GTW,T:SCSCF,ASLI,I:ASLI,SCSCF,T:ASLI,SCSCF,I-500:SCSCF,ASLI,A:SCSCF,MTAS,I:MTAS,SCSCF,T:MTAS,SCSCF,S:ICSCF,GTW,S:GTW,SCSCF,P:SCSCF,MTAS,P:MTAS,SCSCF,P-200:SCSCF,GTW,P-200:MTAS,SCSCF,I-480:ICSCF,GTW,I-480:SCSCF,MTAS,A:GTW,ICSCF,A"
821,821,1,1,0.40559158,"PCSCF,SCSCF,I:SCSCF,ASLI,I:ASLI,SCSCF,T:ASLI,SCSCF,I-500:SCSCF,ASLI,A:MTAS,SCSCF,I:SCSCF,MTAS,T:SCSCF,PCSCF,T:SCSCF,ASLI,I:ASLI,SCSCF,T:ASLI,SCSCF,I-500:SCSCF,ASLI,A:SCSCF,MTAS,I:MTAS,SCSCF,T:MTAS,SCSCF,I:SCSCF,MTAS,T:SCSCF,PCSCF,I:PCSCF,SCSCF,T:PCSCF,SCSCF,R:SCSCF,MTAS,R:MTAS,SCSCF,R:SCSCF,MTAS,R:SCSCF,PCSCF,R:MTAS,SCSCF,P:PCSCF,SCSCF,P:SCSCF,MTAS,P:MTAS,SCSCF,P:SCSCF,PCSCF,P:PCSCF,SCSCF,P-200:SCSCF,MTAS,P-200:MTAS,SCSCF,P-200:SCSCF,MTAS,P-200:SCSCF,PCSCF,P-200"
822,822,1,1,0.7111352,"PCSCF,SCSCF,I:SCSCF,PCSCF,T:SCSCF,ASLI,I:ASLI,SCSCF,T:ASLI,SCSCF,I-500:SCSCF,ASLI,A:SCSCF,MTAS,I:MTAS,SCSCF,T:SCSCF,GTW,I:GTW,SCSCF,T"
823,823,1,1,0.20698734,"PCSCF,SCSCF,I:SCSCF,PCSCF,T:SCSCF,PCSCF,I-407:PCSCF,SCSCF,A:PCSCF,SCSCF,I:SCSCF,PCSCF,T:SCSCF,ASLI,I:ASLI,SCSCF,T:ASLI,SCSCF,I-500:SCSCF,ASLI,A:SCSCF,MTAS,I:MTAS,SCSCF,T:MTAS,SCSCF,I:SCSCF,MTAS,T:SCSCF,GTW,I:GTW,SCSCF,T:SCSCF,MTAS,R:GTW,SCSCF,R:MTAS,SCSCF,R:PCSCF,SCSCF,P:SCSCF,MTAS,P:MTAS,SCSCF,P:SCSCF,GTW,P:GTW,SCSCF,P-200:SCSCF,MTAS,P-200:MTAS,SCSCF,P-200:SCSCF,PCSCF,P-200"
824,824,1,1,0.7695976,"ICSCF,SCSCF,I:SCSCF,ICSCF,T:SCSCF,BCCAS,I:BCCAS,SCSCF,T:BCCAS,SCSCF,I:SCSCF,BCCAS,T:SCSCF,ASLI,I:ASLI,SCSCF,T:ASLI,SCSCF,I-500:SCSCF,ASLI,A:ICSCF,SCSCF,I:SCSCF,ICSCF,T:SCSCF,BCCAS,I:BCCAS,SCSCF,T:BCCAS,SCSCF,I:SCSCF,BCCAS,T:SCSCF,BCCAS,I-480:BCCAS,SCSCF,A"
825,825,1,1,0.16578037,"PCSCF,SCSCF,I:SCSCF,PCSCF,T:SCSCF,PCSCF,I-407:PCSCF,SCSCF,A:PCSCF,SCSCF,I:SCSCF,PCSCF,T:SCSCF,ASLI,I:ASLI,SCSCF,T:ASLI,SCSCF,I-500:SCSCF,ASLI,A:SCSCF,MTAS,I:MTAS,SCSCF,I:SCSCF,MTAS,T:MTAS,SCSCF,T:SCSCF,ASLI,I:ASLI,SCSCF,T:ASLI,SCSCF,I-500:SCSCF,ASLI,A:SCSCF,MTAS,I:MTAS,SCSCF,T:SCSCF,PCSCF,I:PCSCF,SCSCF,T:PCSCF,SCSCF,R:SCSCF,MTAS,R:MTAS,SCSCF,R:SCSCF,MTAS,R:SCSCF,PCSCF,R:PCSCF,SCSCF,P:SCSCF,MTAS,P:MTAS,SCSCF,P:SCSCF,MTAS,P:MTAS,SCSCF,P:SCSCF,PCSCF,P:PCSCF,SCSCF,P-200:SCSCF,MTAS,P-200:MTAS,SCSCF,P-200:SCSCF,MTAS,P-200:MTAS,SCSCF,P-200:SCSCF,PCSCF,P-200"
826,826,1,1,0.8078731,"IBCF,ICSCF,I:ICSCF,IBCF,T:SCSCF,BCCAS,I:BCCAS,SCSCF,T"
827,827,1,1,0.44483534,"GTW,ICSCF,I:ICSCF,GTW,T:SCSCF,ASLI,I:ASLI,SCSCF,T:ASLI,SCSCF,I-500:SCSCF,BCCAS,I:BCCAS,SCSCF,T:BCCAS,SCSCF,I:SCSCF,BCCAS,T:SCSCF,BCCAS,I-480:BCCAS,SCSCF,A:SCSCF,ASLI,A"
828,828,1,1,0.57106745,"GTW,ICSCF,I:ICSCF,GTW,T:SCSCF,ASLI,I:ASLI,SCSCF,T:ASLI,SCSCF,I-500:SCSCF,MTAS,I:MTAS,SCSCF,T:MTAS,SCSCF,I-486:SCSCF,MTAS,A:GTW,ICSCF,A:SCSCF,ASLI,A"
829,829,1,1,0.8390719,"PCSCF,SCSCF,I:SCSCF,PCSCF,T:SCSCF,PCSCF,I-407:PCSCF,SCSCF,A:PCSCF,SCSCF,I:SCSCF,PCSCF,T:SCSCF,ASLI,I:ASLI,SCSCF,T:ASLI,SCSCF,I-500:SCSCF,ASLI,A:SCSCF,GTW,I:GTW,SCSCF,T"
830,830,1,1,0.33245242,"PCSCF,SCSCF,I:SCSCF,ASLI,I:ASLI,SCSCF,T:SCSCF,PCSCF,T:ASLI,SCSCF,I-500:SCSCF,ASLI,A:MTAS,SCSCF,I:SCSCF,MTAS,T:SCSCF,ASLI,I:ASLI,SCSCF,T:ASLI,SCSCF,I-500:SCSCF,ASLI,A:SCSCF,MTAS,I:MTAS,SCSCF,T:MTAS,SCSCF,I:SCSCF,MTAS,T:SCSCF,PCSCF,I:PCSCF,SCSCF,T:PCSCF,SCSCF,R:MTAS,SCSCF,R:SCSCF,MTAS,R:SCSCF,PCSCF,R:PCSCF,SCSCF,P:MTAS,SCSCF,P:SCSCF,MTAS,P:MTAS,SCSCF,P:SCSCF,PCSCF,P:PCSCF,SCSCF,P-200:SCSCF,MTAS,P-200:MTAS,SCSCF,P-200:SCSCF,MTAS,P-200:SCSCF,PCSCF,P-200"
831,831,1,1,0.47039634,"PCSCF,SCSCF,I:SCSCF,PCSCF,T:SCSCF,ASLI,I:ASLI,SCSCF,T:SCSCF,ASLI,A:ASLI,SCSCF,I-500:MTAS,SCSCF,I:SCSCF,MTAS,T:SCSCF,ASLI,I:ASLI,SCSCF,T:ASLI,SCSCF,I-500:SCSCF,MTAS,I:MTAS,SCSCF,T:SCSCF,ASLI,A:MTAS,SCSCF,I:SCSCF,MTAS,T:SCSCF,PCSCF,I:PCSCF,SCSCF,T:PCSCF,SCSCF,R:SCSCF,MTAS,R:MTAS,SCSCF,R:SCSCF,MTAS,R:SCSCF,PCSCF,R:PCSCF,SCSCF,P:MTAS,SCSCF,P:SCSCF,MTAS,P:MTAS,SCSCF,P:SCSCF,PCSCF,P:SCSCF,MTAS,P-200:PCSCF,SCSCF,P-200:MTAS,SCSCF,P-200:SCSCF,MTAS,P-200:SCSCF,PCSCF,P-200"
832,832,1,1,0.30390438,"MTAS,SCSCF,I:MTAS,SCSCF,A:GTW,ICSCF,I:ICSCF,GTW,T:SCSCF,ASLI,I:ASLI,SCSCF,T:ASLI,SCSCF,I-500:SCSCF,ASLI,A:SCSCF,MTAS,I:MTAS,SCSCF,T:MTAS,SCSCF,S:ICSCF,GTW,S:SCSCF,MTAS,P:GTW,SCSCF,P:SCSCF,MTAS,P:MTAS,SCSCF,P-200:SCSCF,GTW,P-200:GTW,ICSCF,C:SCSCF,MTAS,C:ICSCF,GTW,C-200:MTAS,SCSCF,C-200:MTAS,SCSCF,I-487:SCSCF,MTAS,A:ICSCF,GTW,I-487:GTW,ICSCF,A"
833,833,1,1,0.2599462,"MTAS,SCSCF,I:MTAS,SCSCF,A:GTW,ICSCF,I:ICSCF,GTW,T:SCSCF,ASLI,I:ASLI,SCSCF,T:ASLI,SCSCF,I-500:SCSCF,ASLI,A:SCSCF,MTAS,I:MTAS,SCSCF,T:MTAS,SCSCF,I:SCSCF,MTAS,T:MTAS,SCSCF,A:SCSCF,MTAS,I-480:MTAS,SCSCF,S:ICSCF,GTW,S:GTW,SCSCF,P:SCSCF,MTAS,P:MTAS,SCSCF,P-200:SCSCF,GTW,P-200:MTAS,SCSCF,I-480:SCSCF,MTAS,A:ICSCF,GTW,I-480:GTW,ICSCF,A:GTW,ICSCF,I:ICSCF,GTW,T:SCSCF,ASLI,I:ASLI,SCSCF,T:ASLI,SCSCF,I-500:SCSCF,ASLI,A:SCSCF,MTAS,I:MTAS,SCSCF,T:MTAS,SCSCF,I:SCSCF,MTAS,T:SCSCF,MTAS,I-480:MTAS,SCSCF,A:MTAS,SCSCF,S:ICSCF,GTW,S:GTW,SCSCF,P:SCSCF,MTAS,P:MTAS,SCSCF,P-200:SCSCF,GTW,P-200:SCSCF,MTAS,C:MTAS,SCSCF,C-200:GTW,ICSCF,C:ICSCF,GTW,C-200:MTAS,SCSCF,I-487:SCSCF,MTAS,A:ICSCF,GTW,I-487:GTW,ICSCF,A"
834,834,1,1,0.7111352,"SCSCF,ICSCF,I:ICSCF,SCSCF,T:SCSCF,ASLI,I:ASLI,SCSCF,T:ASLI,SCSCF,I-500:SCSCF,ASLI,A:SCSCF,MTAS,I:MTAS,SCSCF,T:SCSCF,PCSCF,I:PCSCF,SCSCF,T"
835,835,1,1,0.57225823,"ICSCF,SCSCF,I:SCSCF,ICSCF,T:SCSCF,BCCAS,I:BCCAS,SCSCF,T:BCCAS,SCSCF,I:SCSCF,ASLI,I:ASLI,SCSCF,T:SCSCF,BCCAS,T:ASLI,SCSCF,I-500:SCSCF,ASLI,A"
836,836,1,1,0.7804305,"SCSCF,ICSCF,I:ICSCF,SCSCF,T:SCSCF,ASLI,I:ASLI,SCSCF,T:ASLI,SCSCF,I-500:SCSCF,ASLI,A:SCSCF,MTAS,I:MTAS,SCSCF,I:SCSCF,MTAS,T:SCSCF,PCSCF,I:MTAS,SCSCF,T:PCSCF,SCSCF,T:PCSCF,SCSCF,R:MTAS,SCSCF,R:SCSCF,MTAS,R:ICSCF,SCSCF,R:SCSCF,SCSCF,P:SCSCF,MTAS,P:MTAS,SCSCF,P:SCSCF,PCSCF,P:PCSCF,SCSCF,P-200:SCSCF,MTAS,P-200:MTAS,SCSCF,P-200:SCSCF,SCSCF,P-200"
837,837,1,1,0.5316769,"MTAS,SCSCF,I:MTAS,SCSCF,A:GTW,ICSCF,I:ICSCF,GTW,T:SCSCF,ASLI,I:ASLI,SCSCF,T:ASLI,SCSCF,I-500:SCSCF,ASLI,A:SCSCF,MTAS,I:MTAS,SCSCF,T:MTAS,SCSCF,I:SCSCF,MTAS,T:SCSCF,MTAS,I-480:MTAS,SCSCF,A:MTAS,SCSCF,S:ICSCF,GTW,S:GTW,SCSCF,P:SCSCF,MTAS,P:MTAS,SCSCF,P-200:SCSCF,GTW,P-200:MTAS,SCSCF,P-200:SCSCF,MTAS,A:MTAS,SCSCF,I-480:ICSCF,GTW,I-480:GTW,ICSCF,A:GTW,ICSCF,I:ICSCF,GTW,T:SCSCF,ASLI,I:ASLI,SCSCF,T:ASLI,SCSCF,I-500:SCSCF,ASLI,A:SCSCF,MTAS,I:MTAS,SCSCF,T:MTAS,SCSCF,I:SCSCF,MTAS,T:SCSCF,MTAS,I-480:MTAS,SCSCF,A:MTAS,SCSCF,S:ICSCF,GTW,S:GTW,SCSCF,P:SCSCF,MTAS,P:MTAS,SCSCF,P-200:SCSCF,GTW,P-200:MTAS,SCSCF,I-480:SCSCF,MTAS,A:ICSCF,GTW,I-480:GTW,ICSCF,A:GTW,ICSCF,I:ICSCF,GTW,T:SCSCF,ASLI,I:ASLI,SCSCF,T:ASLI,SCSCF,I-500:SCSCF,ASLI,A:SCSCF,MTAS,I:MTAS,SCSCF,T:MTAS,SCSCF,I:SCSCF,MTAS,T:SCSCF,MTAS,I-480:MTAS,SCSCF,A:MTAS,SCSCF,S:ICSCF,GTW,S:GTW,SCSCF,P:SCSCF,MTAS,P:MTAS,SCSCF,P-200:SCSCF,GTW,P-200:MTAS,SCSCF,I-480:SCSCF,MTAS,A:ICSCF,GTW,I-480:GTW,ICSCF,A:GTW,ICSCF,I:ICSCF,GTW,T:SCSCF,ASLI,I:ASLI,SCSCF,T:SCSCF,ASLI,A:ASLI,SCSCF,I-500:SCSCF,MTAS,I:MTAS,SCSCF,T:MTAS,SCSCF,I:SCSCF,MTAS,T:SCSCF,MTAS,I-480:MTAS,SCSCF,A:MTAS,SCSCF,S:ICSCF,GTW,S:GTW,SCSCF,P:SCSCF,MTAS,P:SCSCF,GTW,P-200:MTAS,SCSCF,P-200:MTAS,SCSCF,I-480:SCSCF,MTAS,A:ICSCF,GTW,I-480:GTW,ICSCF,A:GTW,ICSCF,I:ICSCF,GTW,T:SCSCF,ASLI,I:ASLI,SCSCF,T:ASLI,SCSCF,I-500:SCSCF,ASLI,A:SCSCF,MTAS,I:MTAS,SCSCF,T:MTAS,SCSCF,I:SCSCF,MTAS,T:SCSCF,MTAS,I-480:MTAS,SCSCF,A:MTAS,SCSCF,S:ICSCF,GTW,S:SCSCF,MTAS,P:GTW,SCSCF,P:SCSCF,MTAS,P:MTAS,SCSCF,P-200:SCSCF,GTW,P-200:GTW,ICSCF,C:SCSCF,MTAS,C:ICSCF,GTW,C-200:MTAS,SCSCF,C-200:MTAS,SCSCF,I-487:ICSCF,GTW,I-487:SCSCF,MTAS,A:GTW,ICSCF,A"
838,838,1,1,0.16597213,"IBCF,ICSCF,I:ICSCF,IBCF,T:SCSCF,BCCAS,I:BCCAS,SCSCF,T:BCCAS,SCSCF,I:SCSCF,BCCAS,T:SCSCF,ASLI,I:ASLI,SCSCF,T:ASLI,SCSCF,I-500:SCSCF,ASLI,A:SCSCF,ASLI,I:ASLI,SCSCF,T:ASLI,SCSCF,I-500:SCSCF,ASLI,A:SCSCF,BCCAS,I:BCCAS,SCSCF,T:BCCAS,SCSCF,I:SCSCF,BCCAS,T:SCSCF,IBCF,I:IBCF,SCSCF,T:IBCF,SCSCF,Q:SCSCF,BCCAS,Q:BCCAS,SCSCF,Q:SCSCF,BCCAS,Q:BCCAS,SCSCF,Q:ICSCF,IBCF,Q:SCSCF,BCCAS,P:IBCF,SCSCF,P:BCCAS,SCSCF,P:SCSCF,BCCAS,P:BCCAS,SCSCF,P:SCSCF,IBCF,P:IBCF,SCSCF,P-200:SCSCF,BCCAS,P-200:BCCAS,SCSCF,P-200:SCSCF,BCCAS,P-200:BCCAS,SCSCF,P-200:SCSCF,IBCF,P-200"
839,839,1,1,0.6715594,"SCSCF,ICSCF,I:ICSCF,SCSCF,T:ICSCF,SCSCF,I:SCSCF,ICSCF,T:SCSCF,ICSCF,W:ICSCF,SCSCF,W"
840,840,1,1,0.5975233,"PCSCF,SCSCF,I:SCSCF,ASLI,I:ASLI,SCSCF,T:ASLI,SCSCF,I-500:SCSCF,ASLI,A:MTAS,SCSCF,I:SCSCF,MTAS,T:SCSCF,PCSCF,T:SCSCF,ASLI,I:ASLI,SCSCF,T:ASLI,SCSCF,I-500:SCSCF,ASLI,A:SCSCF,BCCAS,I:BCCAS,SCSCF,T:BCCAS,SCSCF,I:SCSCF,BCCAS,T:SCSCF,BCCAS,I-480:BCCAS,SCSCF,A"
841,841,1,1,0.59140724,"GTW,ICSCF,I:ICSCF,GTW,T:SCSCF,ASLI,I:ASLI,SCSCF,T:ASLI,SCSCF,I-500:SCSCF,MTAS,I:MTAS,SCSCF,I:SCSCF,MTAS,T:SCSCF,PCSCF,I:PCSCF,SCSCF,T:SCSCF,ASLI,A:MTAS,SCSCF,T:PCSCF,SCSCF,R:SCSCF,MTAS,R:MTAS,SCSCF,R:ICSCF,GTW,R:GTW,SCSCF,P:SCSCF,MTAS,P:MTAS,SCSCF,P:SCSCF,PCSCF,P:PCSCF,SCSCF,P-200:SCSCF,MTAS,P-200:MTAS,SCSCF,P-200:SCSCF,GTW,P-200"
842,842,1,1,0.4613464,"PCSCF,SCSCF,I:SCSCF,PCSCF,T:SCSCF,ASLI,I:ASLI,SCSCF,T:SCSCF,ASLI,A:ASLI,SCSCF,I-500:MTAS,SCSCF,I:SCSCF,MTAS,T:SCSCF,GTW,I:GTW,SCSCF,T:SCSCF,MTAS,R:GTW,SCSCF,R:SCSCF,PCSCF,R:PCSCF,SCSCF,P:SCSCF,GTW,P:MTAS,SCSCF,P:GTW,SCSCF,P-200:SCSCF,MTAS,P-200:SCSCF,PCSCF,P-200"
843,843,1,1,0.26044968,"MTAS,SCSCF,I:MTAS,SCSCF,A:GTW,ICSCF,I:ICSCF,GTW,T:SCSCF,ASLI,I:ASLI,SCSCF,T:ASLI,SCSCF,I-500:SCSCF,ASLI,A:SCSCF,MTAS,I:MTAS,SCSCF,T:MTAS,SCSCF,I:SCSCF,MTAS,T:SCSCF,MTAS,I-480:MTAS,SCSCF,A:MTAS,SCSCF,S:ICSCF,GTW,S:GTW,SCSCF,P:SCSCF,MTAS,P:MTAS,SCSCF,P-200:SCSCF,GTW,P-200:MTAS,SCSCF,I-480:SCSCF,MTAS,A:ICSCF,GTW,I-480:GTW,ICSCF,A:GTW,ICSCF,I:ICSCF,GTW,T:SCSCF,ASLI,I:ASLI,SCSCF,T:SCSCF,ASLI,A:ASLI,SCSCF,I-500:SCSCF,MTAS,I:MTAS,SCSCF,T:MTAS,SCSCF,I:SCSCF,MTAS,T:SCSCF,MTAS,I-480:MTAS,SCSCF,A:MTAS,SCSCF,S:ICSCF,GTW,S:GTW,SCSCF,P:SCSCF,MTAS,P:MTAS,SCSCF,P-200:SCSCF,GTW,P-200:MTAS,SCSCF,I-480:SCSCF,MTAS,A:ICSCF,GTW,I-480:GTW,ICSCF,A:GTW,ICSCF,I:ICSCF,GTW,T:SCSCF,ASLI,I:ASLI,SCSCF,T:ASLI,SCSCF,I-500:SCSCF,ASLI,A:SCSCF,MTAS,I:MTAS,SCSCF,T:MTAS,SCSCF,I:SCSCF,MTAS,T:SCSCF,MTAS,I-480:MTAS,SCSCF,A:MTAS,SCSCF,S:ICSCF,GTW,S:GTW,SCSCF,P:SCSCF,MTAS,P:MTAS,SCSCF,P-200:SCSCF,GTW,P-200:MTAS,SCSCF,I-480:SCSCF,MTAS,A:ICSCF,GTW,I-480:GTW,ICSCF,A:GTW,ICSCF,I:ICSCF,GTW,T:SCSCF,ASLI,I:ASLI,SCSCF,T:ASLI,SCSCF,I-500:SCSCF,ASLI,A:SCSCF,MTAS,I:MTAS,SCSCF,T:MTAS,SCSCF,I:SCSCF,MTAS,T:MTAS,SCSCF,A:SCSCF,MTAS,I-480:MTAS,SCSCF,S:ICSCF,GTW,S:GTW,SCSCF,P:SCSCF,MTAS,P:MTAS,SCSCF,P-200:SCSCF,GTW,P-200:MTAS,SCSCF,P-200:MTAS,SCSCF,I-480:ICSCF,GTW,I-480:SCSCF,MTAS,A:GTW,ICSCF,A"
844,844,1,0,0.96697414,"PCSCF,SCSCF,I:SCSCF,ASLI,I:ASLI,SCSCF,T:SCSCF,PCSCF,T:SCSCF,ASLI,A:ASLI,SCSCF,I-500:SCSCF,MTAS,I:MTAS,SCSCF,T:ICSCF,SCSCF,I:SCSCF,ICSCF,T:SCSCF,ICSCF,R:SCSCF,MTAS,R:MTAS,SCSCF,R:SCSCF,PCSCF,R:PCSCF,SCSCF,P:SCSCF,MTAS,P:SCSCF,SCSCF,P:SCSCF,MTAS,P-200:SCSCF,SCSCF,P-200:MTAS,SCSCF,P-200:SCSCF,PCSCF,P-200"
845,845,1,1,0.4988248,"PCSCF,SCSCF,I:SCSCF,PCSCF,T:SCSCF,ASLI,I:ASLI,SCSCF,T:ASLI,SCSCF,I-500:SCSCF,ASLI,A:MTAS,SCSCF,I:SCSCF,MTAS,T:SCSCF,GTW,I:GTW,SCSCF,T:GTW,SCSCF,R:SCSCF,MTAS,R:SCSCF,PCSCF,R:PCSCF,SCSCF,P:MTAS,SCSCF,P:SCSCF,MTAS,P:SCSCF,GTW,P:GTW,SCSCF,P-200:SCSCF,MTAS,P-200:MTAS,SCSCF,P-200:SCSCF,PCSCF,P-200"
846,846,1,1,0.7804305,"GTW,ICSCF,I:ICSCF,GTW,T:SCSCF,ASLI,I:ASLI,SCSCF,T:ASLI,SCSCF,I-500:SCSCF,ASLI,A:SCSCF,MTAS,I:MTAS,SCSCF,I:SCSCF,MTAS,T:SCSCF,PCSCF,I:PCSCF,SCSCF,T:MTAS,SCSCF,T:PCSCF,SCSCF,R:SCSCF,MTAS,R:MTAS,SCSCF,R:ICSCF,GTW,R:GTW,SCSCF,P:SCSCF,MTAS,P:MTAS,SCSCF,P:SCSCF,PCSCF,P:PCSCF,SCSCF,P-200:SCSCF,MTAS,P-200:MTAS,SCSCF,P-200:SCSCF,GTW,P-200"
847,847,1,1,0.595832,"PCSCF,SCSCF,I:SCSCF,ASLI,I:ASLI,SCSCF,T:ASLI,SCSCF,I-500:SCSCF,ASLI,A:SCSCF,MTAS,I:MTAS,SCSCF,T:SCSCF,PCSCF,T:MTAS,SCSCF,I:SCSCF,MTAS,T:SCSCF,GTW,I:GTW,SCSCF,T"
848,848,1,1,0.46021572,"GTW,ICSCF,I:ICSCF,GTW,T:SCSCF,ASLI,I:ASLI,SCSCF,T:ASLI,SCSCF,I-500:SCSCF,BCCAS,I:SCSCF,ASLI,A:BCCAS,SCSCF,T:BCCAS,SCSCF,I:SCSCF,BCCAS,I-480:BCCAS,SCSCF,A"
849,849,1,1,0.4613464,"SCSCF,ICSCF,I:ICSCF,SCSCF,T:SCSCF,ASLI,I:ASLI,SCSCF,T:SCSCF,ASLI,A:ASLI,SCSCF,I-500:MTAS,SCSCF,I:SCSCF,MTAS,T:SCSCF,PCSCF,I:PCSCF,SCSCF,T:PCSCF,SCSCF,R:SCSCF,MTAS,R:ICSCF,SCSCF,R:SCSCF,SCSCF,P:MTAS,SCSCF,P:SCSCF,PCSCF,P:SCSCF,MTAS,P-200:PCSCF,SCSCF,P-200:SCSCF,SCSCF,P-200"
850,850,1,1,0.49503478,"PCSCF,SCSCF,I:SCSCF,ASLI,I:ASLI,SCSCF,T:SCSCF,PCSCF,T:SCSCF,ASLI,A:ASLI,SCSCF,I-500:MTAS,SCSCF,I:SCSCF,MTAS,T:SCSCF,GTW,I:GTW,SCSCF,T"
851,851,1,1,0.35499057,"MTAS,SCSCF,I:MTAS,SCSCF,A:GTW,ICSCF,I:ICSCF,GTW,T:SCSCF,ASLI,I:ASLI,SCSCF,T:ASLI,SCSCF,I-500:SCSCF,ASLI,A:SCSCF,MTAS,I:MTAS,SCSCF,T:MTAS,SCSCF,I:SCSCF,MTAS,T:SCSCF,MTAS,I-480:MTAS,SCSCF,A:MTAS,SCSCF,S:ICSCF,GTW,S:GTW,SCSCF,P:SCSCF,MTAS,P:MTAS,SCSCF,P-200:SCSCF,GTW,P-200:MTAS,SCSCF,I-480:SCSCF,MTAS,A:ICSCF,GTW,I-480:GTW,ICSCF,A:GTW,ICSCF,I:ICSCF,GTW,T:SCSCF,ASLI,I:ASLI,SCSCF,T:ASLI,SCSCF,I-500:SCSCF,ASLI,A:SCSCF,MTAS,I:MTAS,SCSCF,T:GTW,ICSCF,C:ICSCF,GTW,C-200:SCSCF,MTAS,C:MTAS,SCSCF,I-487:MTAS,SCSCF,C-200:SCSCF,MTAS,A:ICSCF,GTW,I-487:GTW,ICSCF,A"
852,852,1,0,0.9180612,"GTW,ICSCF,I:ICSCF,GTW,T:SCSCF,ASLI,I:ASLI,SCSCF,T:ASLI,SCSCF,I-500:SCSCF,ASLI,A:SCSCF,MTAS,I:MTAS,SCSCF,T:MTAS,SCSCF,I:SCSCF,PCSCF,I:PCSCF,SCSCF,T:PCSCF,SCSCF,R:SCSCF,MTAS,R:MTAS,SCSCF,R:ICSCF,GTW,R:GTW,SCSCF,P:SCSCF,MTAS,P:MTAS,SCSCF,P:SCSCF,PCSCF,P:PCSCF,SCSCF,P-200:SCSCF,MTAS,P-200:MTAS,SCSCF,P-200:SCSCF,GTW,P-200"
853,853,1,1,0.682503,"SCSCF,ICSCF,I:ICSCF,SCSCF,T:ICSCF,SCSCF,I:SCSCF,ICSCF,T:SCSCF,ICSCF,R:ICSCF,SCSCF,R"
854,854,1,1,0.6840719,"ICSCF,SCSCF,I:SCSCF,ICSCF,T:SCSCF,BCCAS,I:BCCAS,SCSCF,T:BCCAS,SCSCF,I:SCSCF,BCCAS,T:SCSCF,ASLI,I:ASLI,SCSCF,T:ASLI,SCSCF,I-500:SCSCF,ASLI,A:ICSCF,SCSCF,I:SCSCF,ICSCF,T:SCSCF,ICSCF,R:SCSCF,BCCAS,R:BCCAS,SCSCF,R:SCSCF,ICSCF,R:IBCF,SCSCF,P:SCSCF,BCCAS,P:BCCAS,SCSCF,P:SCSCF,SCSCF,P:SCSCF,SCSCF,P-200:SCSCF,BCCAS,P-200:BCCAS,SCSCF,P-200:SCSCF,IBCF,P-200"
855,855,1,1,0.6552229,"MTAS,SCSCF,I:MTAS,SCSCF,A:GTW,ICSCF,I:ICSCF,GTW,T:SCSCF,ASLI,I:ASLI,SCSCF,T:ASLI,SCSCF,I-500:SCSCF,ASLI,A:SCSCF,MTAS,I:MTAS,SCSCF,T:MTAS,SCSCF,I:SCSCF,MTAS,T:MTAS,SCSCF,A:SCSCF,MTAS,I-480:MTAS,SCSCF,S:ICSCF,GTW,S:SCSCF,MTAS,P:GTW,SCSCF,P:MTAS,SCSCF,P-200:SCSCF,GTW,P-200:MTAS,SCSCF,P-200:SCSCF,MTAS,A:MTAS,SCSCF,I-480:ICSCF,GTW,I-480:GTW,ICSCF,A:GTW,ICSCF,I:ICSCF,GTW,T:SCSCF,ASLI,I:ASLI,SCSCF,T:ASLI,SCSCF,I-500:SCSCF,MTAS,I:MTAS,SCSCF,T:SCSCF,ASLI,A:MTAS,SCSCF,I:SCSCF,MTAS,T:MTAS,SCSCF,A:SCSCF,MTAS,I-480:MTAS,SCSCF,S:ICSCF,GTW,S:GTW,SCSCF,P:SCSCF,MTAS,P:MTAS,SCSCF,P-200:SCSCF,GTW,P-200:MTAS,SCSCF,I-480:SCSCF,MTAS,A:ICSCF,GTW,I-480:GTW,ICSCF,A:GTW,ICSCF,I:ICSCF,GTW,T:SCSCF,ASLI,I:ASLI,SCSCF,T:ASLI,SCSCF,I-500:SCSCF,ASLI,A:SCSCF,MTAS,I:MTAS,SCSCF,T:MTAS,SCSCF,I:MTAS,SCSCF,A:SCSCF,MTAS,T:SCSCF,MTAS,I-480:MTAS,SCSCF,S:ICSCF,GTW,S:GTW,SCSCF,P:SCSCF,MTAS,P:MTAS,SCSCF,P-200:SCSCF,GTW,P-200:MTAS,SCSCF,I-480:SCSCF,MTAS,A:ICSCF,GTW,I-480:GTW,ICSCF,A:GTW,ICSCF,I:ICSCF,GTW,T:SCSCF,ASLI,I:ASLI,SCSCF,T:ASLI,SCSCF,I-500:SCSCF,ASLI,A:SCSCF,MTAS,I:MTAS,SCSCF,T:MTAS,SCSCF,I:SCSCF,MTAS,T:SCSCF,MTAS,I-480:MTAS,SCSCF,A:MTAS,SCSCF,S:ICSCF,GTW,S:GTW,SCSCF,P:SCSCF,MTAS,P:MTAS,SCSCF,P-200:SCSCF,GTW,P-200:MTAS,SCSCF,I-480:SCSCF,MTAS,A:ICSCF,GTW,I-480:GTW,ICSCF,A:GTW,ICSCF,I:ICSCF,GTW,T:SCSCF,ASLI,I:ASLI,SCSCF,T:ASLI,SCSCF,I-500:SCSCF,ASLI,A:SCSCF,MTAS,I:MTAS,SCSCF,T:MTAS,SCSCF,I:SCSCF,MTAS,T:SCSCF,MTAS,I-480:MTAS,SCSCF,A:MTAS,SCSCF,S:ICSCF,GTW,S:GTW,SCSCF,P:SCSCF,MTAS,P:MTAS,SCSCF,P-200:SCSCF,GTW,P-200:SCSCF,MTAS,C:GTW,ICSCF,C:ICSCF,GTW,C-200:MTAS,SCSCF,C-200:SCSCF,MTAS,A:MTAS,SCSCF,I-487:ICSCF,GTW,I-487:GTW,ICSCF,A:GTW,ICSCF,I:ICSCF,GTW,T:SCSCF,ASLI,I:ASLI,SCSCF,T:ASLI,SCSCF,I-500:SCSCF,ASLI,A:SCSCF,MTAS,I:MTAS,SCSCF,T:MTAS,SCSCF,I:SCSCF,MTAS,T:MTAS,SCSCF,A:SCSCF,MTAS,I-480:MTAS,SCSCF,S:ICSCF,GTW,S:GTW,SCSCF,P:SCSCF,MTAS,P:MTAS,SCSCF,P-200:SCSCF,GTW,P-200:SCSCF,MTAS,A:MTAS,SCSCF,I-480:ICSCF,GTW,I-480:GTW,ICSCF,A:GTW,ICSCF,I:ICSCF,GTW,T:SCSCF,ASLI,I:ASLI,SCSCF,T:ASLI,SCSCF,I-500:SCSCF,ASLI,A:SCSCF,MTAS,I:MTAS,SCSCF,T:MTAS,SCSCF,S:ICSCF,GTW,S:SCSCF,MTAS,P:GTW,SCSCF,P:SCSCF,MTAS,P:MTAS,SCSCF,P-200:SCSCF,GTW,P-200:MTAS,SCSCF,I-480:SCSCF,MTAS,A:ICSCF,GTW,I-480:GTW,ICSCF,A:GTW,ICSCF,I:ICSCF,GTW,T:SCSCF,ASLI,I:ASLI,SCSCF,T:ASLI,SCSCF,I-500:SCSCF,ASLI,A:SCSCF,MTAS,I:MTAS,SCSCF,T:MTAS,SCSCF,S:ICSCF,GTW,S:SCSCF,MTAS,P:GTW,SCSCF,P:SCSCF,MTAS,P:MTAS,SCSCF,P-200:SCSCF,GTW,P-200:MTAS,SCSCF,I:MTAS,SCSCF,A:MTAS,SCSCF,I-480:SCSCF,MTAS,A:ICSCF,GTW,I-480:GTW,ICSCF,A"
856,856,1,1,0.2997425,"PCSCF,SCSCF,I:SCSCF,PCSCF,T:SCSCF,ASLI,I:ASLI,SCSCF,T:ASLI,SCSCF,I-500:SCSCF,ASLI,A:SCSCF,MTAS,I:MTAS,SCSCF,T:MTAS,SCSCF,I:SCSCF,MTAS,T:SCSCF,ASLI,I:ASLI,SCSCF,T:ASLI,SCSCF,I-500:SCSCF,ASLI,A:SCSCF,MTAS,I:MTAS,SCSCF,T:MTAS,SCSCF,I:SCSCF,MTAS,T:SCSCF,PCSCF,I:PCSCF,SCSCF,T:PCSCF,SCSCF,R:SCSCF,MTAS,R:MTAS,SCSCF,R:SCSCF,MTAS,R:MTAS,SCSCF,R:SCSCF,PCSCF,R:PCSCF,SCSCF,P:SCSCF,MTAS,P:MTAS,SCSCF,P:SCSCF,MTAS,P:SCSCF,PCSCF,P:MTAS,SCSCF,P:SCSCF,MTAS,P-200:PCSCF,SCSCF,P-200:MTAS,SCSCF,P-200:SCSCF,MTAS,P-200:MTAS,SCSCF,P-200:SCSCF,PCSCF,P-200"
857,857,1,1,0.5375393,"IBCF,ICSCF,I:ICSCF,IBCF,T:SCSCF,BCCAS,I:BCCAS,SCSCF,T:BCCAS,SCSCF,I:SCSCF,ASLI,I:ASLI,SCSCF,T:ASLI,SCSCF,I-500:SCSCF,BCCAS,T:SCSCF,ASLI,A:SCSCF,GTW,I:GTW,SCSCF,T"
858,858,1,1,0.71564925,"ICSCF,SCSCF,I:SCSCF,ICSCF,T:SCSCF,BCCAS,I:BCCAS,SCSCF,T:BCCAS,SCSCF,I:SCSCF,BCCAS,T:SCSCF,ASLI,I:ASLI,SCSCF,T:ASLI,SCSCF,I-500:SCSCF,ASLI,A:SCSCF,ASLI,I:ASLI,SCSCF,T:ASLI,SCSCF,I-500:SCSCF,ASLI,A:MTAS,SCSCF,I:SCSCF,MTAS,T:SCSCF,PCSCF,I:PCSCF,SCSCF,T:PCSCF,SCSCF,R:SCSCF,MTAS,R:SCSCF,BCCAS,R:SCSCF,ICSCF,R:BCCAS,SCSCF,R:IBCF,SCSCF,P:SCSCF,BCCAS,P:BCCAS,SCSCF,P:MTAS,SCSCF,P:SCSCF,PCSCF,P:SCSCF,MTAS,P-200:PCSCF,SCSCF,P-200:SCSCF,BCCAS,P-200:BCCAS,SCSCF,P-200:SCSCF,IBCF,P-200"
859,859,1,1,0.8499299,"IBCF,ICSCF,I:ICSCF,IBCF,T:ICSCF,SCSCF,I:SCSCF,ICSCF,T:SCSCF,ICSCF,R:ICSCF,IBCF,R:SCSCF,ICSCF,I-480:ICSCF,SCSCF,A"
860,860,1,1,0.39567867,"GTW,ICSCF,I:ICSCF,GTW,T:SCSCF,ASLI,I:ASLI,SCSCF,T:SCSCF,ASLI,A:ASLI,SCSCF,I-500:SCSCF,MTAS,I:MTAS,SCSCF,T:MTAS,SCSCF,W:ICSCF,GTW,W:MTAS,SCSCF,I:SCSCF,MTAS,T:SCSCF,GTW,I:GTW,SCSCF,T"
861,861,1,0,0.9208853,"PCSCF,SCSCF,I:SCSCF,PCSCF,T:SCSCF,PCSCF,I-407:PCSCF,SCSCF,A:PCSCF,SCSCF,I:SCSCF,PCSCF,T:SCSCF,ASLI,I:ASLI,SCSCF,T:ASLI,SCSCF,I-500:MTAS,SCSCF,I:SCSCF,MTAS,T:SCSCF,ASLI,A:SCSCF,GTW,I:GTW,SCSCF,T"
862,862,1,1,0.4033271,"GTW,ICSCF,I:ICSCF,GTW,T:SCSCF,ASLI,I:ASLI,SCSCF,T:ASLI,SCSCF,I-500:SCSCF,MTAS,I:MTAS,SCSCF,T:MTAS,SCSCF,I:SCSCF,MTAS,T:SCSCF,PCSCF,I:SCSCF,ASLI,A:PCSCF,SCSCF,T:PCSCF,SCSCF,R:SCSCF,MTAS,R:MTAS,SCSCF,R:ICSCF,GTW,R:GTW,SCSCF,P:MTAS,SCSCF,P:SCSCF,MTAS,P:SCSCF,PCSCF,P:PCSCF,SCSCF,P-200:SCSCF,MTAS,P-200:MTAS,SCSCF,P-200:SCSCF,GTW,P-200"
863,863,1,1,0.30950248,"PCSCF,SCSCF,I:SCSCF,PCSCF,T:SCSCF,PCSCF,I-407:PCSCF,SCSCF,A:PCSCF,SCSCF,I:SCSCF,PCSCF,T:SCSCF,ASLI,I:ASLI,SCSCF,T:ASLI,SCSCF,I-500:SCSCF,ASLI,A:SCSCF,MTAS,I:MTAS,SCSCF,T:MTAS,SCSCF,I:SCSCF,MTAS,T:SCSCF,GTW,I:GTW,SCSCF,T:SCSCF,MTAS,R:GTW,SCSCF,R:MTAS,SCSCF,R:SCSCF,PCSCF,R:PCSCF,SCSCF,P:SCSCF,MTAS,P:MTAS,SCSCF,P:GTW,SCSCF,P-200:SCSCF,MTAS,P-200:SCSCF,GTW,P:MTAS,SCSCF,P-200:SCSCF,PCSCF,P-200"
864,864,1,1,0.5540272,"GTW,ICSCF,I:ICSCF,GTW,T:SCSCF,ASLI,I:ASLI,SCSCF,T:ASLI,SCSCF,I-500:SCSCF,ASLI,A:SCSCF,MTAS,I:MTAS,SCSCF,I:SCSCF,MTAS,T:MTAS,SCSCF,T:SCSCF,PCSCF,I:PCSCF,SCSCF,T:PCSCF,SCSCF,R:SCSCF,MTAS,R:MTAS,SCSCF,R:ICSCF,GTW,R:GTW,SCSCF,P:SCSCF,MTAS,P:MTAS,SCSCF,P:SCSCF,PCSCF,P:PCSCF,SCSCF,P-200:SCSCF,MTAS,P-200:MTAS,SCSCF,P-200:SCSCF,GTW,P-200"
865,865,1,1,0.7276453,"MTAS,SCSCF,I:MTAS,SCSCF,A:GTW,ICSCF,I:ICSCF,GTW,T:SCSCF,ASLI,I:ASLI,SCSCF,T:ASLI,SCSCF,I-500:SCSCF,ASLI,A:SCSCF,MTAS,I:MTAS,SCSCF,T:MTAS,SCSCF,I:SCSCF,MTAS,T:SCSCF,MTAS,I-480:MTAS,SCSCF,A:MTAS,SCSCF,S:ICSCF,GTW,S:GTW,SCSCF,P:SCSCF,MTAS,P:MTAS,SCSCF,P-200:SCSCF,GTW,P-200:MTAS,SCSCF,P-200:MTAS,SCSCF,I-480:ICSCF,GTW,I-480:SCSCF,MTAS,A:GTW,ICSCF,A"
866,866,1,1,0.57289386,"IBCF,ICSCF,I:ICSCF,IBCF,T:ICSCF,SCSCF,I:SCSCF,ICSCF,I-482:ICSCF,SCSCF,A"
867,867,1,1,0.63818693,"ICSCF,SCSCF,I:SCSCF,ICSCF,T:SCSCF,ICSCF,W:ICSCF,SCSCF,W"
868,868,1,0,0.9907951,"ICSCF,SCSCF,I:SCSCF,ICSCF,T:SCSCF,BCCAS,I:BCCAS,SCSCF,T:BCCAS,SCSCF,I:SCSCF,BCCAS,T:SCSCF,ASLI,I:ASLI,SCSCF,T:ASLI,SCSCF,I-500:SCSCF,ASLI,A:SCSCF,GTW,I:GTW,SCSCF,T:GTW,SCSCF,S:SCSCF,BCCAS,S:BCCAS,SCSCF,S:GTW,SCSCF,S:SCSCF,BCCAS,S:BCCAS,SCSCF,S:GTW,SCSCF,S:SCSCF,BCCAS,S:BCCAS,SCSCF,S:GTW,SCSCF,S:SCSCF,BCCAS,S:BCCAS,SCSCF,S:GTW,SCSCF,S:SCSCF,BCCAS,S:BCCAS,SCSCF,S:GTW,SCSCF,S:SCSCF,BCCAS,S:GTW,SCSCF,S:SCSCF,BCCAS,S:GTW,SCSCF,I-500:SCSCF,GTW,A:SCSCF,BCCAS,I-500"
869,869,1,1,0.80317134,"ICSCF,SCSCF,I:ICSCF,SCSCF,A"
870,870,1,1,0.3678012,"SCSCF,IBCF,I:IBCF,SCSCF,T:IBCF,SCSCF,R:SCSCF,IBCF,P:IBCF,SCSCF,R:SCSCF,IBCF,P:IBCF,SCSCF,P-481:IBCF,SCSCF,P-200"
871,871,1,1,0.69201636,"GTW,ICSCF,I:ICSCF,GTW,T:SCSCF,ASLI,I:ASLI,SCSCF,T:ASLI,SCSCF,I-500:SCSCF,ASLI,A:SCSCF,MTAS,I:MTAS,SCSCF,T:MTAS,SCSCF,I:SCSCF,MTAS,T:SCSCF,PCSCF,I:PCSCF,SCSCF,T"
872,872,1,1,0.83149993,"ICSCF,SCSCF,I:SCSCF,ICSCF,T:SCSCF,ASLI,I:ASLI,SCSCF,T:ASLI,SCSCF,I-500:SCSCF,ASLI,A:SCSCF,MTAS,I:MTAS,SCSCF,T:MTAS,SCSCF,I:SCSCF,MTAS,T:SCSCF,PCSCF,I:PCSCF,SCSCF,T:SCSCF,MTAS,R:PCSCF,SCSCF,R:MTAS,SCSCF,R:SCSCF,ICSCF,R:SCSCF,SCSCF,P:SCSCF,MTAS,P:MTAS,SCSCF,P:SCSCF,PCSCF,P:SCSCF,MTAS,P-200:PCSCF,SCSCF,P-200:MTAS,SCSCF,P-200:SCSCF,SCSCF,P-200"
873,873,1,1,0.7804305,"ICSCF,SCSCF,I:SCSCF,ICSCF,T:SCSCF,ASLI,I:ASLI,SCSCF,T:ASLI,SCSCF,I-500:SCSCF,ASLI,A:SCSCF,MTAS,I:MTAS,SCSCF,I:SCSCF,MTAS,T:SCSCF,PCSCF,I:MTAS,SCSCF,T:PCSCF,SCSCF,T:PCSCF,SCSCF,R:MTAS,SCSCF,R:SCSCF,MTAS,R:SCSCF,ICSCF,R:SCSCF,SCSCF,P:SCSCF,MTAS,P:MTAS,SCSCF,P:SCSCF,PCSCF,P:PCSCF,SCSCF,P-200:MTAS,SCSCF,P-200:SCSCF,MTAS,P-200:SCSCF,SCSCF,P-200"
874,874,1,1,0.4033271,"ICSCF,SCSCF,I:SCSCF,ICSCF,T:SCSCF,ASLI,I:ASLI,SCSCF,T:ASLI,SCSCF,I-500:SCSCF,MTAS,I:MTAS,SCSCF,T:MTAS,SCSCF,I:SCSCF,MTAS,T:SCSCF,PCSCF,I:SCSCF,ASLI,A:PCSCF,SCSCF,T:PCSCF,SCSCF,R:SCSCF,MTAS,R:MTAS,SCSCF,R:SCSCF,ICSCF,R:SCSCF,SCSCF,P:SCSCF,MTAS,P:MTAS,SCSCF,P:SCSCF,PCSCF,P:SCSCF,MTAS,P-200:PCSCF,SCSCF,P-200:MTAS,SCSCF,P-200:SCSCF,SCSCF,P-200"
875,875,1,1,0.85300237,"PCSCF,SCSCF,I:SCSCF,PCSCF,T:SCSCF,ASLI,I:ASLI,SCSCF,T:SCSCF,ASLI,A:ASLI,SCSCF,I-500"
876,876,1,1,0.43194324,"MTAS,SCSCF,I:MTAS,SCSCF,A:GTW,ICSCF,I:ICSCF,GTW,T:SCSCF,ASLI,I:ASLI,SCSCF,T:SCSCF,ASLI,A:ASLI,SCSCF,I-500:SCSCF,MTAS,I:MTAS,SCSCF,T:MTAS,SCSCF,I:SCSCF,MTAS,T:SCSCF,MTAS,I-480:MTAS,SCSCF,A:MTAS,SCSCF,S:ICSCF,GTW,S:SCSCF,MTAS,P:GTW,SCSCF,P:SCSCF,MTAS,P:MTAS,SCSCF,P-200:SCSCF,GTW,P-200:MTAS,SCSCF,I-480:SCSCF,MTAS,A:ICSCF,GTW,I-480:GTW,ICSCF,A"
877,877,1,1,0.43951786,"IBCF,ICSCF,I:ICSCF,IBCF,T:ICSCF,SCSCF,I:SCSCF,ICSCF,T:SCSCF,ICSCF,S:ICSCF,IBCF,S:SCSCF,ICSCF,S:ICSCF,IBCF,S:SCSCF,ICSCF,R:ICSCF,IBCF,R:SCSCF,ICSCF,I-480:ICSCF,SCSCF,A"
878,878,1,1,0.5945513,"PCSCF,SCSCF,I:SCSCF,PCSCF,T:SCSCF,PCSCF,I-407:PCSCF,SCSCF,A:PCSCF,SCSCF,I:SCSCF,PCSCF,T:SCSCF,ASLI,I:ASLI,SCSCF,T:ASLI,SCSCF,I-500:SCSCF,ASLI,A:SCSCF,MTAS,I:MTAS,SCSCF,I:SCSCF,MTAS,T:SCSCF,GTW,I:MTAS,SCSCF,T:GTW,SCSCF,T"
879,879,1,1,0.4033271,"GTW,ICSCF,I:ICSCF,GTW,T:SCSCF,ASLI,I:ASLI,SCSCF,T:ASLI,SCSCF,I-500:SCSCF,BCCAS,I:BCCAS,SCSCF,T:BCCAS,SCSCF,I:SCSCF,BCCAS,T:SCSCF,PCSCF,I:SCSCF,ASLI,A:PCSCF,SCSCF,T:PCSCF,SCSCF,R:SCSCF,BCCAS,R:BCCAS,SCSCF,R:ICSCF,GTW,R:GTW,SCSCF,P:SCSCF,BCCAS,P:BCCAS,SCSCF,P:SCSCF,PCSCF,P:PCSCF,SCSCF,P-200:SCSCF,BCCAS,P-200:BCCAS,SCSCF,P-200:SCSCF,GTW,P-200"
880,880,1,1,0.49039337,"PCSCF,SCSCF,I:SCSCF,PCSCF,T:SCSCF,ASLI,I:ASLI,SCSCF,T:ASLI,SCSCF,I-500:SCSCF,ASLI,A:MTAS,SCSCF,I:SCSCF,MTAS,T:SCSCF,ASLI,I:ASLI,SCSCF,T:ASLI,SCSCF,I-500:SCSCF,MTAS,I:MTAS,SCSCF,I:SCSCF,MTAS,T:SCSCF,PCSCF,I:PCSCF,SCSCF,T:SCSCF,ASLI,A:MTAS,SCSCF,T:PCSCF,SCSCF,R:SCSCF,MTAS,R:MTAS,SCSCF,R:SCSCF,MTAS,R:SCSCF,PCSCF,R:PCSCF,SCSCF,P:MTAS,SCSCF,P:SCSCF,MTAS,P:MTAS,SCSCF,P:SCSCF,PCSCF,P:PCSCF,SCSCF,P-200:SCSCF,MTAS,P-200:MTAS,SCSCF,P-200:SCSCF,MTAS,P-200:SCSCF,PCSCF,P-200"
881,881,1,1,0.53701925,"ICSCF,SCSCF,I:SCSCF,ICSCF,T:SCSCF,BCCAS,I:BCCAS,SCSCF,T:BCCAS,SCSCF,I:SCSCF,BCCAS,T:SCSCF,ASLI,I:ASLI,SCSCF,T:SCSCF,ASLI,A:ASLI,SCSCF,I-500:SCSCF,GTW,I:GTW,SCSCF,T:GTW,SCSCF,S:SCSCF,BCCAS,S:BCCAS,SCSCF,S:SCSCF,ICSCF,S:IBCF,SCSCF,P:SCSCF,BCCAS,P:BCCAS,SCSCF,P:SCSCF,GTW,P:GTW,SCSCF,P-200:GTW,SCSCF,R:SCSCF,BCCAS,P-200:SCSCF,BCCAS,R:BCCAS,SCSCF,P-200:SCSCF,IBCF,P-200:BCCAS,SCSCF,R:SCSCF,ICSCF,R:IBCF,SCSCF,P:SCSCF,BCCAS,P:BCCAS,SCSCF,P:SCSCF,GTW,P:SCSCF,BCCAS,P-200:GTW,SCSCF,P-200:BCCAS,SCSCF,P-200:SCSCF,IBCF,P-200:GTW,SCSCF,S:SCSCF,BCCAS,S:BCCAS,SCSCF,S:GTW,SCSCF,S:SCSCF,BCCAS,S:BCCAS,SCSCF,S:GTW,SCSCF,S:SCSCF,BCCAS,S:BCCAS,SCSCF,S:GTW,SCSCF,S:SCSCF,BCCAS,S:SCSCF,GTW,A:GTW,SCSCF,I-500:SCSCF,BCCAS,I-500:BCCAS,SCSCF,I-500:SCSCF,BCCAS,A:BCCAS,SCSCF,A"
882,882,1,1,0.41391703,"SCSCF,ICSCF,I:ICSCF,SCSCF,T:SCSCF,ASLI,I:ASLI,SCSCF,T:ASLI,SCSCF,I-500:SCSCF,ASLI,A:SCSCF,MTAS,I:MTAS,SCSCF,T:SCSCF,PCSCF,I:PCSCF,SCSCF,T:PCSCF,SCSCF,R:SCSCF,MTAS,R:MTAS,SCSCF,R:ICSCF,SCSCF,R:SCSCF,SCSCF,P:SCSCF,MTAS,P:SCSCF,PCSCF,P:SCSCF,MTAS,P-200:PCSCF,SCSCF,P-200:MTAS,SCSCF,P-200:SCSCF,SCSCF,P-200"
883,883,1,1,0.19567372,"ICSCF,SCSCF,I:SCSCF,ICSCF,T:SCSCF,ASLI,I:ASLI,SCSCF,T:ASLI,SCSCF,I-500:SCSCF,ASLI,A:SCSCF,MTAS,I:MTAS,SCSCF,T:MTAS,SCSCF,W:MTAS,SCSCF,I:SCSCF,ICSCF,W:SCSCF,MTAS,T:SCSCF,GTW,I:GTW,SCSCF,T"
884,884,1,1,0.62625396,"ICSCF,SCSCF,I:SCSCF,ICSCF,T:SCSCF,ASLI,I:ASLI,SCSCF,T:ASLI,SCSCF,I-500:SCSCF,ASLI,A:SCSCF,BCCAS,I:BCCAS,SCSCF,T:BCCAS,SCSCF,I:SCSCF,BCCAS,I-480:BCCAS,SCSCF,A"
885,885,1,1,0.33742392,"PCSCF,SCSCF,I:SCSCF,ASLI,I:SCSCF,PCSCF,T:ASLI,SCSCF,T:ASLI,SCSCF,I-500:SCSCF,ASLI,A:MTAS,SCSCF,I:SCSCF,MTAS,T:SCSCF,GTW,I:GTW,SCSCF,T"
886,886,1,1,0.83149993,"ICSCF,SCSCF,I:SCSCF,ICSCF,T:SCSCF,ASLI,I:ASLI,SCSCF,T:ASLI,SCSCF,I-500:SCSCF,ASLI,A:SCSCF,MTAS,I:MTAS,SCSCF,T:MTAS,SCSCF,I:SCSCF,MTAS,T:SCSCF,PCSCF,I:PCSCF,SCSCF,T:PCSCF,SCSCF,R:SCSCF,MTAS,R:MTAS,SCSCF,R:SCSCF,ICSCF,R:GTW,SCSCF,P:SCSCF,MTAS,P:MTAS,SCSCF,P:SCSCF,PCSCF,P:SCSCF,MTAS,P-200:PCSCF,SCSCF,P-200:MTAS,SCSCF,P-200:SCSCF,GTW,P-200"
887,887,1,1,0.4086941,"MTAS,SCSCF,I:MTAS,SCSCF,A:GTW,ICSCF,I:ICSCF,GTW,T:SCSCF,ASLI,I:ASLI,SCSCF,T:ASLI,SCSCF,I-500:SCSCF,ASLI,A:SCSCF,MTAS,I:MTAS,SCSCF,T:MTAS,SCSCF,S:ICSCF,GTW,S:GTW,SCSCF,P:SCSCF,MTAS,P:MTAS,SCSCF,P-200:SCSCF,GTW,P-200:MTAS,SCSCF,I-480:ICSCF,GTW,I-480:SCSCF,MTAS,A:GTW,ICSCF,A:GTW,ICSCF,I:ICSCF,GTW,T:SCSCF,ASLI,I:ASLI,SCSCF,T:ASLI,SCSCF,I-500:SCSCF,ASLI,A:SCSCF,MTAS,I:MTAS,SCSCF,T:MTAS,SCSCF,I:SCSCF,MTAS,T:SCSCF,MTAS,I-480:MTAS,SCSCF,A:MTAS,SCSCF,S:ICSCF,GTW,S:GTW,SCSCF,P:SCSCF,MTAS,P:MTAS,SCSCF,P-200:SCSCF,GTW,P-200:ICSCF,GTW,C-200:SCSCF,MTAS,C:GTW,ICSCF,C:MTAS,SCSCF,C-200:SCSCF,MTAS,A:ICSCF,GTW,I-487:MTAS,SCSCF,I-487:GTW,ICSCF,A"
888,888,1,1,0.26768404,"MTAS,SCSCF,I:MTAS,SCSCF,A:GTW,ICSCF,I:ICSCF,GTW,T:SCSCF,ASLI,I:ASLI,SCSCF,T:ASLI,SCSCF,I-500:SCSCF,ASLI,A:SCSCF,MTAS,I:MTAS,SCSCF,T:MTAS,SCSCF,I:SCSCF,MTAS,T:SCSCF,MTAS,I-480:MTAS,SCSCF,A:MTAS,SCSCF,S:ICSCF,GTW,S:GTW,SCSCF,P:SCSCF,MTAS,P:MTAS,SCSCF,P-200:SCSCF,GTW,P-200:SCSCF,MTAS,C:GTW,ICSCF,C:ICSCF,GTW,C-200:MTAS,SCSCF,C-200:MTAS,SCSCF,I-487:SCSCF,MTAS,A:ICSCF,GTW,I-487:GTW,ICSCF,A"
889,889,1,1,0.83149993,"SCSCF,ICSCF,I:ICSCF,SCSCF,T:SCSCF,ASLI,I:ASLI,SCSCF,T:ASLI,SCSCF,I-500:SCSCF,ASLI,A:SCSCF,MTAS,I:MTAS,SCSCF,T:MTAS,SCSCF,I:SCSCF,MTAS,T:SCSCF,PCSCF,I:PCSCF,SCSCF,T:PCSCF,SCSCF,R:SCSCF,MTAS,R:MTAS,SCSCF,R:ICSCF,SCSCF,R:SCSCF,MTAS,P:SCSCF,SCSCF,P:MTAS,SCSCF,P:SCSCF,PCSCF,P:PCSCF,SCSCF,P-200:SCSCF,MTAS,P-200:MTAS,SCSCF,P-200:SCSCF,SCSCF,P-200"
890,890,1,1,0.7111352,"PCSCF,SCSCF,I:SCSCF,PCSCF,T:SCSCF,ASLI,I:ASLI,SCSCF,T:ASLI,SCSCF,I-500:SCSCF,ASLI,A:MTAS,SCSCF,I:SCSCF,MTAS,T:SCSCF,GTW,I:GTW,SCSCF,T"
891,891,1,1,0.83149993,"GTW,ICSCF,I:ICSCF,GTW,T:SCSCF,ASLI,I:ASLI,SCSCF,T:ASLI,SCSCF,I-500:SCSCF,ASLI,A:SCSCF,MTAS,I:MTAS,SCSCF,T:MTAS,SCSCF,I:SCSCF,MTAS,T:SCSCF,PCSCF,I:PCSCF,SCSCF,T:PCSCF,SCSCF,R:SCSCF,MTAS,R:MTAS,SCSCF,R:ICSCF,GTW,R:GTW,SCSCF,P:MTAS,SCSCF,P:SCSCF,MTAS,P:SCSCF,PCSCF,P:PCSCF,SCSCF,P-200:SCSCF,MTAS,P-200:MTAS,SCSCF,P-200:SCSCF,GTW,P-200"
892,892,1,1,0.39197642,"MTAS,SCSCF,I:MTAS,SCSCF,A:GTW,ICSCF,I:ICSCF,GTW,T:SCSCF,ASLI,I:ASLI,SCSCF,T:ASLI,SCSCF,I-500:SCSCF,ASLI,A:SCSCF,MTAS,I:MTAS,SCSCF,T:MTAS,SCSCF,I:SCSCF,MTAS,T:MTAS,SCSCF,A:SCSCF,MTAS,I-480:MTAS,SCSCF,S:ICSCF,GTW,S:GTW,SCSCF,P:SCSCF,MTAS,P:MTAS,SCSCF,P-200:SCSCF,GTW,P-200:MTAS,SCSCF,I-480:SCSCF,MTAS,A:ICSCF,GTW,I-480:GTW,ICSCF,A:GTW,ICSCF,I:ICSCF,GTW,T:SCSCF,ASLI,I:ASLI,SCSCF,T:ASLI,SCSCF,I-500:SCSCF,MTAS,I:MTAS,SCSCF,T:SCSCF,ASLI,A:MTAS,SCSCF,S:ICSCF,GTW,S:GTW,SCSCF,P:SCSCF,MTAS,P:MTAS,SCSCF,P-200:SCSCF,GTW,P-200:MTAS,SCSCF,I-480:SCSCF,MTAS,A:ICSCF,GTW,I-480:GTW,ICSCF,A"
893,893,1,1,0.16738346,"MTAS,SCSCF,I:MTAS,SCSCF,A:GTW,ICSCF,I:ICSCF,GTW,T:SCSCF,ASLI,I:ASLI,SCSCF,T:ASLI,SCSCF,I-500:SCSCF,ASLI,A:SCSCF,MTAS,I:MTAS,SCSCF,T:MTAS,SCSCF,I:SCSCF,MTAS,T:SCSCF,MTAS,I-480:MTAS,SCSCF,A:MTAS,SCSCF,S:ICSCF,GTW,S:GTW,SCSCF,P:SCSCF,MTAS,P:MTAS,SCSCF,P-200:SCSCF,GTW,P-200:MTAS,SCSCF,I-480:SCSCF,MTAS,A:ICSCF,GTW,I-480:GTW,ICSCF,A:GTW,ICSCF,I:ICSCF,GTW,T:SCSCF,ASLI,I:ASLI,SCSCF,T:ASLI,SCSCF,I-500:SCSCF,ASLI,A:SCSCF,MTAS,I:MTAS,SCSCF,T:MTAS,SCSCF,I:SCSCF,MTAS,T:MTAS,SCSCF,A:SCSCF,MTAS,I-480:MTAS,SCSCF,S:ICSCF,GTW,S:GTW,SCSCF,P:SCSCF,MTAS,P:MTAS,SCSCF,P-200:SCSCF,GTW,P-200:GTW,ICSCF,C:MTAS,SCSCF,C-200:SCSCF,MTAS,C:ICSCF,GTW,C-200:MTAS,SCSCF,I-487:SCSCF,MTAS,A:ICSCF,GTW,I-487:GTW,ICSCF,A"
894,894,1,1,0.40310547,"ICSCF,SCSCF,I:SCSCF,ICSCF,T:SCSCF,ASLI,I:ASLI,SCSCF,T:SCSCF,ASLI,A:ASLI,SCSCF,I-500:SCSCF,BCCAS,I:BCCAS,SCSCF,T:BCCAS,SCSCF,I:SCSCF,BCCAS,I-480:BCCAS,SCSCF,A"
895,895,1,1,0.7159267,"PCSCF,SCSCF,I:SCSCF,ASLI,I:ASLI,SCSCF,T:ASLI,SCSCF,I-500:SCSCF,ASLI,A:SCSCF,MTAS,I:MTAS,SCSCF,T:MTAS,SCSCF,I:SCSCF,MTAS,T:SCSCF,PCSCF,T:SCSCF,ASLI,I:ASLI,SCSCF,T:ASLI,SCSCF,I-500:SCSCF,ASLI,A:SCSCF,MTAS,I:MTAS,SCSCF,T:MTAS,SCSCF,W:SCSCF,MTAS,W:MTAS,SCSCF,W:MTAS,SCSCF,I:SCSCF,MTAS,T:SCSCF,GTW,I:GTW,SCSCF,T:SCSCF,PCSCF,W"
896,896,1,1,0.42480993,"GTW,ICSCF,I:ICSCF,GTW,T:SCSCF,ASLI,I:ASLI,SCSCF,T:SCSCF,ASLI,A:ASLI,SCSCF,I-500:SCSCF,MTAS,I:MTAS,SCSCF,T:MTAS,SCSCF,I:SCSCF,MTAS,T:SCSCF,PCSCF,I:PCSCF,SCSCF,T:PCSCF,SCSCF,R:SCSCF,MTAS,R:MTAS,SCSCF,R:ICSCF,GTW,R:SCSCF,MTAS,P:GTW,SCSCF,P:MTAS,SCSCF,P:SCSCF,PCSCF,P:PCSCF,SCSCF,P-200:SCSCF,MTAS,P-200:MTAS,SCSCF,P-200:SCSCF,GTW,P-200"
897,897,1,1,0.64838564,"PCSCF,SCSCF,I:SCSCF,ASLI,I:SCSCF,PCSCF,T:ASLI,SCSCF,T:SCSCF,ASLI,A:ASLI,SCSCF,I-500:MTAS,SCSCF,I:SCSCF,GTW,I:GTW,SCSCF,T"
898,898,1,1,0.30094957,"MTAS,SCSCF,I:MTAS,SCSCF,A:GTW,ICSCF,I:ICSCF,GTW,T:SCSCF,ASLI,I:ASLI,SCSCF,T:ASLI,SCSCF,I-500:SCSCF,ASLI,A:SCSCF,MTAS,I:MTAS,SCSCF,T:MTAS,SCSCF,S:ICSCF,GTW,S:GTW,SCSCF,P:SCSCF,MTAS,P:MTAS,SCSCF,P-200:SCSCF,GTW,P-200:MTAS,SCSCF,I-480:SCSCF,MTAS,A:ICSCF,GTW,I-480:GTW,ICSCF,A:GTW,ICSCF,I:SCSCF,ASLI,I:ASLI,SCSCF,T:ASLI,SCSCF,I-500:SCSCF,ASLI,A:SCSCF,MTAS,I:MTAS,SCSCF,T:MTAS,SCSCF,S:ICSCF,GTW,S:GTW,SCSCF,P:SCSCF,MTAS,P:MTAS,SCSCF,P-200:SCSCF,GTW,P-200:MTAS,SCSCF,P-200:MTAS,SCSCF,I-480:SCSCF,MTAS,A:ICSCF,GTW,I-480:GTW,ICSCF,A:GTW,ICSCF,I:ICSCF,GTW,T:SCSCF,ASLI,I:ASLI,SCSCF,T:ASLI,SCSCF,I-500:SCSCF,ASLI,A:SCSCF,MTAS,I:MTAS,SCSCF,T:MTAS,SCSCF,I:SCSCF,MTAS,T:SCSCF,MTAS,I-480:MTAS,SCSCF,A:MTAS,SCSCF,S:ICSCF,GTW,S:GTW,SCSCF,P:SCSCF,MTAS,P:MTAS,SCSCF,P-200:SCSCF,GTW,P-200:MTAS,SCSCF,I-480:SCSCF,MTAS,A:ICSCF,GTW,I-480:GTW,ICSCF,A:GTW,ICSCF,I:ICSCF,GTW,T:SCSCF,ASLI,I:ASLI,SCSCF,T:ASLI,SCSCF,I-500:SCSCF,ASLI,A:SCSCF,MTAS,I:MTAS,SCSCF,T:MTAS,SCSCF,S:ICSCF,GTW,S:GTW,SCSCF,P:SCSCF,MTAS,P:MTAS,SCSCF,P-200:SCSCF,GTW,P-200:MTAS,SCSCF,I-480:ICSCF,GTW,I-480:SCSCF,MTAS,A:GTW,ICSCF,A:GTW,ICSCF,I:ICSCF,GTW,T:SCSCF,ASLI,I:ASLI,SCSCF,T:ASLI,SCSCF,I-500:SCSCF,ASLI,A:SCSCF,MTAS,I:MTAS,SCSCF,T:MTAS,SCSCF,I:SCSCF,MTAS,T:SCSCF,MTAS,I-480:MTAS,SCSCF,A:MTAS,SCSCF,S:ICSCF,GTW,S:GTW,SCSCF,P:SCSCF,MTAS,P:MTAS,SCSCF,P-200:SCSCF,GTW,P-200:MTAS,SCSCF,P-200:MTAS,SCSCF,I-480:SCSCF,MTAS,A:ICSCF,GTW,I-480:GTW,ICSCF,A:GTW,ICSCF,I:ICSCF,GTW,T:SCSCF,ASLI,I:ASLI,SCSCF,T:ASLI,SCSCF,I-500:SCSCF,ASLI,A:SCSCF,MTAS,I:MTAS,SCSCF,T:MTAS,SCSCF,I:SCSCF,MTAS,T:SCSCF,MTAS,I-480:MTAS,SCSCF,A:MTAS,SCSCF,S:ICSCF,GTW,S:GTW,SCSCF,P:SCSCF,MTAS,P:MTAS,SCSCF,P-200:SCSCF,GTW,P-200:MTAS,SCSCF,I-480:SCSCF,MTAS,A:ICSCF,GTW,I-480:GTW,ICSCF,A"
899,899,1,1,0.369507,"SCSCF,ICSCF,I:ICSCF,SCSCF,T:SCSCF,ASLI,I:ASLI,SCSCF,T:ASLI,SCSCF,I-500:SCSCF,ASLI,A:SCSCF,MTAS,I:MTAS,SCSCF,T:MTAS,SCSCF,I:SCSCF,PCSCF,I:SCSCF,MTAS,T:PCSCF,SCSCF,T:PCSCF,SCSCF,R:SCSCF,MTAS,R:MTAS,SCSCF,R:ICSCF,SCSCF,R:SCSCF,SCSCF,P:SCSCF,MTAS,P:MTAS,SCSCF,P:SCSCF,PCSCF,P:SCSCF,MTAS,P-200:PCSCF,SCSCF,P-200:MTAS,SCSCF,P-200:SCSCF,SCSCF,P-200"
900,900,1,1,0.83149993,"PCSCF,SCSCF,I:SCSCF,PCSCF,T:SCSCF,ASLI,I:ASLI,SCSCF,T:ASLI,SCSCF,I-500:SCSCF,ASLI,A:SCSCF,MTAS,I:MTAS,SCSCF,T:MTAS,SCSCF,I:SCSCF,MTAS,T:SCSCF,GTW,I:GTW,SCSCF,T:SCSCF,MTAS,R:GTW,SCSCF,R:MTAS,SCSCF,R:SCSCF,PCSCF,R:PCSCF,SCSCF,P:SCSCF,MTAS,P:MTAS,SCSCF,P:SCSCF,GTW,P:SCSCF,MTAS,P-200:GTW,SCSCF,P-200:MTAS,SCSCF,P-200:SCSCF,PCSCF,P-200"
901,901,1,1,0.52634597,"MTAS,SCSCF,I:MTAS,SCSCF,A:GTW,ICSCF,I:ICSCF,GTW,T:SCSCF,ASLI,I:ASLI,SCSCF,T:ASLI,SCSCF,I-500:SCSCF,ASLI,A:SCSCF,MTAS,I:MTAS,SCSCF,T:MTAS,SCSCF,S:ICSCF,GTW,S:GTW,SCSCF,P:SCSCF,MTAS,P:MTAS,SCSCF,P-200:SCSCF,GTW,P-200:MTAS,SCSCF,I-480:SCSCF,MTAS,A:ICSCF,GTW,I-480:GTW,ICSCF,A"
902,902,1,1,0.73062587,"PCSCF,SCSCF,I:SCSCF,PCSCF,T:SCSCF,PCSCF,I-407:PCSCF,SCSCF,A:PCSCF,SCSCF,I:SCSCF,ASLI,I:ASLI,SCSCF,T:ASLI,SCSCF,I-500:SCSCF,ASLI,A:SCSCF,PCSCF,T:SCSCF,MTAS,I:MTAS,SCSCF,T:MTAS,SCSCF,I:SCSCF,MTAS,T:SCSCF,GTW,I:GTW,SCSCF,T"
903,903,1,1,0.41391703,"GTW,ICSCF,I:ICSCF,GTW,T:SCSCF,ASLI,I:ASLI,SCSCF,T:ASLI,SCSCF,I-500:SCSCF,ASLI,A:SCSCF,MTAS,I:MTAS,SCSCF,T:SCSCF,PCSCF,I:PCSCF,SCSCF,T:PCSCF,SCSCF,R:SCSCF,MTAS,R:MTAS,SCSCF,R:ICSCF,GTW,R:GTW,SCSCF,P:SCSCF,MTAS,P:SCSCF,PCSCF,P:SCSCF,MTAS,P-200:PCSCF,SCSCF,P-200:MTAS,SCSCF,P-200:SCSCF,GTW,P-200"
904,904,1,1,0.12902334,"MTAS,SCSCF,I:MTAS,SCSCF,A:PCSCF,SCSCF,I:SCSCF,PCSCF,T:SCSCF,ASLI,I:ASLI,SCSCF,T:ASLI,SCSCF,I-500:SCSCF,ASLI,A:SCSCF,MTAS,I:MTAS,SCSCF,T:MTAS,SCSCF,I:SCSCF,MTAS,T:SCSCF,MTAS,I-404:MTAS,SCSCF,A:MTAS,SCSCF,S:SCSCF,PCSCF,S:PCSCF,SCSCF,P:SCSCF,MTAS,P:MTAS,SCSCF,P-200:SCSCF,PCSCF,P-200:MTAS,SCSCF,I-404:SCSCF,MTAS,A:SCSCF,PCSCF,I-404:PCSCF,SCSCF,A:PCSCF,SCSCF,I:SCSCF,PCSCF,T:SCSCF,PCSCF,I-407:PCSCF,SCSCF,A:PCSCF,SCSCF,I:SCSCF,PCSCF,T:SCSCF,ASLI,I:ASLI,SCSCF,T:ASLI,SCSCF,I-500:SCSCF,ASLI,A:SCSCF,MTAS,I:MTAS,SCSCF,T:MTAS,SCSCF,I:SCSCF,MTAS,T:SCSCF,MTAS,I-404:MTAS,SCSCF,A:MTAS,SCSCF,S:SCSCF,PCSCF,S:SCSCF,MTAS,P:PCSCF,SCSCF,P:MTAS,SCSCF,P-200:SCSCF,PCSCF,P-200:MTAS,SCSCF,I-404:SCSCF,PCSCF,I-404:SCSCF,MTAS,A:PCSCF,SCSCF,A:PCSCF,SCSCF,I:SCSCF,PCSCF,T:SCSCF,ASLI,I:ASLI,SCSCF,T:ASLI,SCSCF,I-500:SCSCF,ASLI,A:SCSCF,MTAS,I:MTAS,SCSCF,T:MTAS,SCSCF,I:SCSCF,MTAS,T:SCSCF,MTAS,I-404:MTAS,SCSCF,A:MTAS,SCSCF,S:SCSCF,PCSCF,S:PCSCF,SCSCF,P:SCSCF,MTAS,P:MTAS,SCSCF,P-200:SCSCF,PCSCF,P-200:PCSCF,SCSCF,I:SCSCF,PCSCF,T:SCSCF,ASLI,I:ASLI,SCSCF,T:ASLI,SCSCF,I-500:SCSCF,ASLI,A:SCSCF,MTAS,I:MTAS,SCSCF,T:MTAS,SCSCF,I:SCSCF,MTAS,T:SCSCF,MTAS,I-404:MTAS,SCSCF,A:MTAS,SCSCF,S:SCSCF,PCSCF,S:PCSCF,SCSCF,P:SCSCF,MTAS,P:MTAS,SCSCF,P-200:SCSCF,PCSCF,P-200:MTAS,SCSCF,I-404:SCSCF,MTAS,A:SCSCF,PCSCF,I-404:PCSCF,SCSCF,A:MTAS,SCSCF,I-404:SCSCF,MTAS,A:SCSCF,PCSCF,I-404:PCSCF,SCSCF,A"
905,905,1,1,0.18090251,"MTAS,SCSCF,I:MTAS,SCSCF,A:GTW,ICSCF,I:ICSCF,GTW,T:SCSCF,ASLI,I:ASLI,SCSCF,T:ASLI,SCSCF,I-500:SCSCF,ASLI,A:SCSCF,MTAS,I:MTAS,SCSCF,T:MTAS,SCSCF,I:SCSCF,MTAS,T:SCSCF,MTAS,I-480:MTAS,SCSCF,A:MTAS,SCSCF,S:ICSCF,GTW,S:GTW,SCSCF,P:SCSCF,MTAS,P:MTAS,SCSCF,P-200:SCSCF,GTW,P-200:MTAS,SCSCF,I-480:SCSCF,MTAS,A:ICSCF,GTW,I-480:GTW,ICSCF,A:GTW,ICSCF,I:ICSCF,GTW,T:SCSCF,ASLI,I:ASLI,SCSCF,T:ASLI,SCSCF,I-500:SCSCF,ASLI,A:SCSCF,MTAS,I:MTAS,SCSCF,T:MTAS,SCSCF,I:SCSCF,MTAS,T:SCSCF,MTAS,I-480:MTAS,SCSCF,A:MTAS,SCSCF,S:ICSCF,GTW,S:SCSCF,MTAS,P:GTW,SCSCF,P:SCSCF,MTAS,P:MTAS,SCSCF,P-200:SCSCF,GTW,P-200:MTAS,SCSCF,I-480:SCSCF,MTAS,A:ICSCF,GTW,I-480:GTW,ICSCF,A"
906,906,1,1,0.46767896,"GTW,ICSCF,I:ICSCF,GTW,T:SCSCF,ASLI,I:ASLI,SCSCF,T:SCSCF,ASLI,A:ASLI,SCSCF,I-500:SCSCF,BCCAS,I:BCCAS,SCSCF,T:BCCAS,SCSCF,I:SCSCF,BCCAS,T:SCSCF,IBCF,I:IBCF,SCSCF,T:IBCF,SCSCF,W:SCSCF,BCCAS,W:BCCAS,SCSCF,W:ICSCF,GTW,W:GTW,SCSCF,P:SCSCF,BCCAS,P:BCCAS,SCSCF,P:SCSCF,IBCF,P:IBCF,SCSCF,P-200:SCSCF,BCCAS,P-200:BCCAS,SCSCF,P-200:SCSCF,GTW,P-200"
907,907,1,1,0.751256,"PCSCF,SCSCF,I:SCSCF,PCSCF,T:SCSCF,PCSCF,I-407:PCSCF,SCSCF,A:PCSCF,SCSCF,I:SCSCF,ASLI,I:ASLI,SCSCF,T:ASLI,SCSCF,I-500:SCSCF,MTAS,I:MTAS,SCSCF,T:MTAS,SCSCF,I:SCSCF,MTAS,T:SCSCF,PCSCF,T:SCSCF,ASLI,A:SCSCF,GTW,I:GTW,SCSCF,T"
908,908,1,0,0.8802099,"ICSCF,SCSCF,I:SCSCF,ICSCF,T:SCSCF,ASLI,I:ASLI,SCSCF,T:ASLI,SCSCF,I-500:SCSCF,ASLI,A:MTAS,SCSCF,I:SCSCF,MTAS,T:SCSCF,PCSCF,I:PCSCF,SCSCF,T:SCSCF,MTAS,R:PCSCF,SCSCF,R:SCSCF,ICSCF,R:SCSCF,SCSCF,P:MTAS,SCSCF,P:SCSCF,PCSCF,P:PCSCF,SCSCF,P-200:SCSCF,MTAS,P-200:SCSCF,SCSCF,P-200"
909,909,1,1,0.2997425,"PCSCF,SCSCF,I:SCSCF,PCSCF,T:SCSCF,ASLI,I:ASLI,SCSCF,T:ASLI,SCSCF,I-500:SCSCF,ASLI,A:SCSCF,MTAS,I:MTAS,SCSCF,T:MTAS,SCSCF,I:SCSCF,MTAS,T:SCSCF,ASLI,I:ASLI,SCSCF,T:ASLI,SCSCF,I-500:SCSCF,ASLI,A:SCSCF,MTAS,I:MTAS,SCSCF,T:MTAS,SCSCF,I:SCSCF,MTAS,T:SCSCF,PCSCF,I:PCSCF,SCSCF,T:PCSCF,SCSCF,R:SCSCF,MTAS,R:MTAS,SCSCF,R:SCSCF,MTAS,R:MTAS,SCSCF,R:SCSCF,PCSCF,R:PCSCF,SCSCF,P:SCSCF,MTAS,P:MTAS,SCSCF,P:SCSCF,MTAS,P:MTAS,SCSCF,P:SCSCF,PCSCF,P:SCSCF,MTAS,P-200:PCSCF,SCSCF,P-200:MTAS,SCSCF,P-200:SCSCF,MTAS,P-200:MTAS,SCSCF,P-200:SCSCF,PCSCF,P-200"
910,910,1,1,0.42480993,"SCSCF,ICSCF,I:ICSCF,SCSCF,T:SCSCF,ASLI,I:ASLI,SCSCF,T:SCSCF,ASLI,A:ASLI,SCSCF,I-500:SCSCF,MTAS,I:MTAS,SCSCF,T:MTAS,SCSCF,I:SCSCF,MTAS,T:SCSCF,PCSCF,I:PCSCF,SCSCF,T:PCSCF,SCSCF,R:SCSCF,MTAS,R:MTAS,SCSCF,R:ICSCF,SCSCF,R:SCSCF,MTAS,P:SCSCF,SCSCF,P:MTAS,SCSCF,P:SCSCF,PCSCF,P:PCSCF,SCSCF,P-200:SCSCF,MTAS,P-200:MTAS,SCSCF,P-200:SCSCF,SCSCF,P-200"
911,911,1,1,0.18628137,"MTAS,SCSCF,I:MTAS,SCSCF,A:PCSCF,SCSCF,I:SCSCF,PCSCF,T:SCSCF,ASLI,I:ASLI,SCSCF,T:ASLI,SCSCF,I-500:SCSCF,ASLI,A:MTAS,SCSCF,I:SCSCF,MTAS,T:SCSCF,MTAS,I-404:MTAS,SCSCF,A:PCSCF,SCSCF,C:SCSCF,PCSCF,C-200:SCSCF,PCSCF,I-404:PCSCF,SCSCF,A"
912,912,1,1,0.4106722,"PCSCF,SCSCF,I:SCSCF,PCSCF,T:SCSCF,PCSCF,I-407:PCSCF,SCSCF,A:PCSCF,SCSCF,I:SCSCF,PCSCF,T:SCSCF,ASLI,I:ASLI,SCSCF,T:ASLI,SCSCF,I-500:SCSCF,ASLI,A:MTAS,SCSCF,I:SCSCF,MTAS,T:SCSCF,ASLI,I:ASLI,SCSCF,T:ASLI,SCSCF,I-500:SCSCF,ASLI,A:SCSCF,MTAS,I:MTAS,SCSCF,I:SCSCF,MTAS,T:SCSCF,PCSCF,I:MTAS,SCSCF,T:PCSCF,SCSCF,T:PCSCF,SCSCF,R:SCSCF,MTAS,R:MTAS,SCSCF,R:SCSCF,MTAS,R:SCSCF,PCSCF,R:PCSCF,SCSCF,P:MTAS,SCSCF,P:SCSCF,MTAS,P:MTAS,SCSCF,P:SCSCF,PCSCF,P:PCSCF,SCSCF,P-200:SCSCF,MTAS,P-200:MTAS,SCSCF,P-200:SCSCF,MTAS,P-200:SCSCF,PCSCF,P-200"
913,913,1,1,0.48346382,"GTW,ICSCF,I:ICSCF,GTW,T:SCSCF,ASLI,I:ASLI,SCSCF,T:ASLI,SCSCF,I-500:SCSCF,ASLI,A:SCSCF,MTAS,I:MTAS,SCSCF,T:MTAS,SCSCF,W:ICSCF,GTW,W:SCSCF,GTW,I:GTW,SCSCF,T"
914,914,1,1,0.2997425,"PCSCF,SCSCF,I:SCSCF,PCSCF,T:SCSCF,ASLI,I:ASLI,SCSCF,T:ASLI,SCSCF,I-500:SCSCF,ASLI,A:SCSCF,MTAS,I:MTAS,SCSCF,T:MTAS,SCSCF,I:SCSCF,MTAS,T:SCSCF,ASLI,I:ASLI,SCSCF,T:ASLI,SCSCF,I-500:SCSCF,ASLI,A:SCSCF,MTAS,I:MTAS,SCSCF,T:MTAS,SCSCF,I:SCSCF,MTAS,T:SCSCF,PCSCF,I:PCSCF,SCSCF,T:SCSCF,MTAS,R:PCSCF,SCSCF,R:MTAS,SCSCF,R:SCSCF,MTAS,R:MTAS,SCSCF,R:SCSCF,PCSCF,R:PCSCF,SCSCF,P:SCSCF,MTAS,P:MTAS,SCSCF,P:SCSCF,MTAS,P:MTAS,SCSCF,P:SCSCF,PCSCF,P:PCSCF,SCSCF,P-200:SCSCF,MTAS,P-200:MTAS,SCSCF,P-200:SCSCF,MTAS,P-200:MTAS,SCSCF,P-200:SCSCF,PCSCF,P-200"
915,915,1,1,0.43622965,"MTAS,SCSCF,I:MTAS,SCSCF,A:GTW,ICSCF,I:ICSCF,GTW,T:SCSCF,ASLI,I:ASLI,SCSCF,T:ASLI,SCSCF,I-500:SCSCF,ASLI,A:SCSCF,MTAS,I:MTAS,SCSCF,T:MTAS,SCSCF,I:SCSCF,MTAS,T:SCSCF,MTAS,I-480:MTAS,SCSCF,A:MTAS,SCSCF,S:ICSCF,GTW,S:GTW,SCSCF,P:SCSCF,MTAS,P:MTAS,SCSCF,P-200:SCSCF,GTW,P-200:MTAS,SCSCF,P-200:MTAS,SCSCF,I-480:SCSCF,MTAS,A:ICSCF,GTW,I-480:GTW,ICSCF,A:GTW,ICSCF,I:ICSCF,GTW,T:SCSCF,ASLI,I:ASLI,SCSCF,T:ASLI,SCSCF,I-500:SCSCF,MTAS,I:MTAS,SCSCF,T:SCSCF,ASLI,A:MTAS,SCSCF,I:SCSCF,MTAS,T:SCSCF,MTAS,I-480:MTAS,SCSCF,A:MTAS,SCSCF,S:ICSCF,GTW,S:GTW,SCSCF,P:SCSCF,MTAS,P:MTAS,SCSCF,P-200:SCSCF,GTW,P-200:MTAS,SCSCF,I-480:SCSCF,MTAS,A:ICSCF,GTW,I-480:GTW,ICSCF,A"
916,916,1,1,0.6880529,"PCSCF,SCSCF,I:SCSCF,PCSCF,T:SCSCF,ASLI,I:ASLI,SCSCF,T:SCSCF,ASLI,A:ASLI,SCSCF,I-500:MTAS,SCSCF,I:SCSCF,MTAS,T:SCSCF,ASLI,I:ASLI,SCSCF,T:ASLI,SCSCF,I-500:SCSCF,ASLI,A:SCSCF,MTAS,I:MTAS,SCSCF,I:MTAS,SCSCF,T:SCSCF,PCSCF,I:SCSCF,MTAS,T:PCSCF,SCSCF,T:PCSCF,SCSCF,R:SCSCF,MTAS,R:MTAS,SCSCF,R:SCSCF,MTAS,R:SCSCF,PCSCF,R:PCSCF,SCSCF,P:MTAS,SCSCF,P:SCSCF,MTAS,P:MTAS,SCSCF,P:SCSCF,PCSCF,P:PCSCF,SCSCF,P-200:SCSCF,MTAS,P-200:MTAS,SCSCF,P-200:SCSCF,MTAS,P-200:SCSCF,PCSCF,P-200"
917,917,1,1,0.51482767,"MTAS,SCSCF,I:MTAS,SCSCF,A:GTW,ICSCF,I:ICSCF,GTW,T:SCSCF,ASLI,I:ASLI,SCSCF,T:ASLI,SCSCF,I-500:SCSCF,ASLI,A:SCSCF,MTAS,I:MTAS,SCSCF,T:MTAS,SCSCF,I:SCSCF,MTAS,T:SCSCF,MTAS,I-480:MTAS,SCSCF,A:MTAS,SCSCF,S:ICSCF,GTW,S:GTW,SCSCF,P:SCSCF,MTAS,P:MTAS,SCSCF,P-200:SCSCF,GTW,P-200:MTAS,SCSCF,I-480:SCSCF,MTAS,A:ICSCF,GTW,I-480:GTW,ICSCF,A:GTW,ICSCF,I:ICSCF,GTW,T:SCSCF,ASLI,I:ASLI,SCSCF,T:ASLI,SCSCF,I-500:SCSCF,ASLI,A:SCSCF,MTAS,I:MTAS,SCSCF,T:MTAS,SCSCF,I:SCSCF,MTAS,T:SCSCF,MTAS,I-480:MTAS,SCSCF,A:MTAS,SCSCF,S:ICSCF,GTW,S:MTAS,SCSCF,I-480:SCSCF,MTAS,A:ICSCF,GTW,I-480:GTW,ICSCF,A"
918,918,1,1,0.25401068,"PCSCF,SCSCF,I:SCSCF,PCSCF,T:SCSCF,ASLI,I:ASLI,SCSCF,T:ASLI,SCSCF,I-500:SCSCF,ASLI,A:SCSCF,MTAS,I:MTAS,SCSCF,I:SCSCF,MTAS,T:SCSCF,GTW,I:MTAS,SCSCF,T:GTW,SCSCF,T"
919,919,1,1,0.32436293,"ICSCF,SCSCF,I:SCSCF,ICSCF,T:SCSCF,BCCAS,I:BCCAS,SCSCF,T:BCCAS,SCSCF,I:SCSCF,BCCAS,T:SCSCF,ASLI,I:ASLI,SCSCF,T:ASLI,SCSCF,I-500:SCSCF,ASLI,A"
920,920,1,1,0.2276656,"MTAS,SCSCF,I:MTAS,SCSCF,A:GTW,ICSCF,I:ICSCF,GTW,T:SCSCF,ASLI,I:ASLI,SCSCF,T:ASLI,SCSCF,I-500:SCSCF,MTAS,I:MTAS,SCSCF,T:SCSCF,ASLI,A:MTAS,SCSCF,I:SCSCF,MTAS,T:SCSCF,MTAS,I-480:MTAS,SCSCF,A:MTAS,SCSCF,S:ICSCF,GTW,S:GTW,SCSCF,P:SCSCF,MTAS,P:MTAS,SCSCF,P-200:SCSCF,GTW,P-200:MTAS,SCSCF,P-200:MTAS,SCSCF,I-480:ICSCF,GTW,I-480:SCSCF,MTAS,A:GTW,ICSCF,A:GTW,ICSCF,I:ICSCF,GTW,T:SCSCF,ASLI,I:ASLI,SCSCF,T:ASLI,SCSCF,I-500:SCSCF,ASLI,A:SCSCF,MTAS,I:MTAS,SCSCF,T:MTAS,SCSCF,I:SCSCF,MTAS,T:SCSCF,MTAS,I-480:MTAS,SCSCF,A:MTAS,SCSCF,S:ICSCF,GTW,S:GTW,SCSCF,P:SCSCF,MTAS,P:MTAS,SCSCF,P-200:SCSCF,GTW,P-200:MTAS,SCSCF,I-480:SCSCF,MTAS,A:ICSCF,GTW,I-480:GTW,ICSCF,A"
921,921,1,1,0.6967859,"PCSCF,SCSCF,I:SCSCF,PCSCF,T:SCSCF,PCSCF,I-407:PCSCF,SCSCF,A:PCSCF,SCSCF,I:SCSCF,ASLI,I:ASLI,SCSCF,T:ASLI,SCSCF,I-500:SCSCF,ASLI,A:MTAS,SCSCF,I:SCSCF,MTAS,T:SCSCF,PCSCF,T:SCSCF,GTW,I:GTW,SCSCF,T"
922,922,1,1,0.4033271,"GTW,ICSCF,I:ICSCF,GTW,T:SCSCF,ASLI,I:ASLI,SCSCF,T:ASLI,SCSCF,I-500:SCSCF,MTAS,I:MTAS,SCSCF,T:MTAS,SCSCF,I:SCSCF,MTAS,T:SCSCF,PCSCF,I:SCSCF,ASLI,A:PCSCF,SCSCF,T:PCSCF,SCSCF,R:SCSCF,MTAS,R:MTAS,SCSCF,R:ICSCF,GTW,R:GTW,SCSCF,P:SCSCF,MTAS,P:MTAS,SCSCF,P:SCSCF,PCSCF,P:PCSCF,SCSCF,P-200:SCSCF,MTAS,P-200:MTAS,SCSCF,P-200:SCSCF,GTW,P-200"
923,923,1,0,0.95495975,"PCSCF,SCSCF,I:SCSCF,ASLI,I:SCSCF,PCSCF,T:ASLI,SCSCF,T:ASLI,SCSCF,I-500:SCSCF,ASLI,A:MTAS,SCSCF,I:SCSCF,MTAS,T:SCSCF,GTW,I:GTW,SCSCF,T:SCSCF,MTAS,R:GTW,SCSCF,R:SCSCF,PCSCF,R:PCSCF,SCSCF,P:SCSCF,MTAS,P:MTAS,SCSCF,P:SCSCF,GTW,P:SCSCF,MTAS,P-200:GTW,SCSCF,P-200:MTAS,SCSCF,P-200:SCSCF,PCSCF,P-200"
924,924,1,1,0.6840299,"GTW,ICSCF,I:ICSCF,GTW,T:SCSCF,ASLI,I:ASLI,SCSCF,T:SCSCF,ASLI,A:ASLI,SCSCF,I-500:ICSCF,GTW,W:MTAS,SCSCF,I:SCSCF,MTAS,T:SCSCF,GTW,I:GTW,SCSCF,T"
925,925,1,1,0.2247341,"MTAS,SCSCF,I:MTAS,SCSCF,A:GTW,ICSCF,I:ICSCF,GTW,T:SCSCF,ASLI,I:ASLI,SCSCF,T:ASLI,SCSCF,I-500:SCSCF,ASLI,A:SCSCF,MTAS,I:MTAS,SCSCF,T:MTAS,SCSCF,S:ICSCF,GTW,S:SCSCF,MTAS,P:GTW,SCSCF,P:SCSCF,MTAS,P:MTAS,SCSCF,P-200:SCSCF,GTW,P-200:MTAS,SCSCF,P-200:MTAS,SCSCF,I-480:SCSCF,MTAS,A:ICSCF,GTW,I-480:GTW,ICSCF,A:GTW,ICSCF,I:ICSCF,GTW,T:SCSCF,ASLI,I:ASLI,SCSCF,T:ASLI,SCSCF,I-500:SCSCF,MTAS,I:SCSCF,ASLI,A:MTAS,SCSCF,T:MTAS,SCSCF,I:SCSCF,MTAS,T:MTAS,SCSCF,A:SCSCF,MTAS,I-480:MTAS,SCSCF,S:ICSCF,GTW,S:GTW,SCSCF,P:SCSCF,MTAS,P:MTAS,SCSCF,P-200:SCSCF,GTW,P-200:MTAS,SCSCF,P-200:MTAS,SCSCF,I-480:SCSCF,MTAS,A:ICSCF,GTW,I-480:GTW,ICSCF,A:GTW,ICSCF,I:ICSCF,GTW,T:SCSCF,ASLI,I:ASLI,SCSCF,T:ASLI,SCSCF,I-500:SCSCF,ASLI,A:SCSCF,MTAS,I:MTAS,SCSCF,T:MTAS,SCSCF,I:SCSCF,MTAS,T:SCSCF,MTAS,I-480:MTAS,SCSCF,A:MTAS,SCSCF,S:ICSCF,GTW,S:GTW,SCSCF,P:SCSCF,MTAS,P:MTAS,SCSCF,P-200:SCSCF,GTW,P-200:MTAS,SCSCF,P-200:MTAS,SCSCF,I-480:SCSCF,MTAS,A:ICSCF,GTW,I-480:GTW,ICSCF,A:GTW,ICSCF,I:ICSCF,GTW,T:SCSCF,ASLI,I:ASLI,SCSCF,T:ASLI,SCSCF,I-500:SCSCF,MTAS,I:MTAS,SCSCF,T:SCSCF,ASLI,A:MTAS,SCSCF,I:SCSCF,MTAS,T:SCSCF,MTAS,I-480:MTAS,SCSCF,A:MTAS,SCSCF,S:ICSCF,GTW,S:GTW,SCSCF,P:SCSCF,MTAS,P:MTAS,SCSCF,P-200:SCSCF,GTW,P-200:MTAS,SCSCF,I-480:SCSCF,MTAS,A:ICSCF,GTW,I-480:GTW,ICSCF,A"
926,926,1,1,0.4628836,"GTW,ICSCF,I:ICSCF,GTW,T:SCSCF,ASLI,I:ASLI,SCSCF,T:ASLI,SCSCF,I-500:SCSCF,BCCAS,I:BCCAS,SCSCF,T:BCCAS,SCSCF,I:SCSCF,BCCAS,T:SCSCF,ASLI,A:SCSCF,IBCF,I:IBCF,SCSCF,T:IBCF,SCSCF,I-200:SCSCF,BCCAS,I-200:BCCAS,SCSCF,I-200:GTW,SCSCF,A:SCSCF,BCCAS,A:SCSCF,IBCF,A:BCCAS,SCSCF,A"
927,927,1,1,0.37098634,"MTAS,SCSCF,I:MTAS,SCSCF,A:GTW,ICSCF,I:ICSCF,GTW,T:SCSCF,ASLI,I:ASLI,SCSCF,T:ASLI,SCSCF,I-500:SCSCF,ASLI,A:SCSCF,MTAS,I:MTAS,SCSCF,T:MTAS,SCSCF,I:SCSCF,MTAS,T:SCSCF,MTAS,I-480:MTAS,SCSCF,A:MTAS,SCSCF,S:ICSCF,GTW,S:GTW,SCSCF,P:SCSCF,MTAS,P:MTAS,SCSCF,P-200:SCSCF,GTW,P-200:MTAS,SCSCF,P-200:MTAS,SCSCF,I-480:SCSCF,MTAS,A:ICSCF,GTW,I-480:GTW,ICSCF,A:GTW,ICSCF,I:ICSCF,GTW,T:SCSCF,ASLI,I:ASLI,SCSCF,T:ASLI,SCSCF,I-500:SCSCF,MTAS,I:MTAS,SCSCF,T:SCSCF,ASLI,A:MTAS,SCSCF,I:SCSCF,MTAS,T:SCSCF,MTAS,I-480:MTAS,SCSCF,A:MTAS,SCSCF,S:ICSCF,GTW,S:GTW,SCSCF,P:SCSCF,MTAS,P:MTAS,SCSCF,P-200:SCSCF,GTW,P-200:ICSCF,GTW,C-200:SCSCF,MTAS,C:GTW,ICSCF,C:MTAS,SCSCF,C-200:MTAS,SCSCF,I-487:SCSCF,MTAS,A:ICSCF,GTW,I-487:GTW,ICSCF,A"
928,928,1,1,0.5204492,"MTAS,SCSCF,I:MTAS,SCSCF,A:GTW,ICSCF,I:ICSCF,GTW,T:SCSCF,ASLI,I:ASLI,SCSCF,T:ASLI,SCSCF,I-500:SCSCF,ASLI,A:SCSCF,MTAS,I:MTAS,SCSCF,T:MTAS,SCSCF,I:SCSCF,MTAS,T:MTAS,SCSCF,A:SCSCF,MTAS,I-480:MTAS,SCSCF,S:ICSCF,GTW,S:SCSCF,MTAS,P:GTW,SCSCF,P:SCSCF,MTAS,P:MTAS,SCSCF,P-200:SCSCF,GTW,P-200:MTAS,SCSCF,I-480:SCSCF,MTAS,A:ICSCF,GTW,I-480:GTW,ICSCF,A:GTW,ICSCF,I:ICSCF,GTW,T:SCSCF,ASLI,I:ASLI,SCSCF,T:ASLI,SCSCF,I-500:SCSCF,ASLI,A:SCSCF,MTAS,I:MTAS,SCSCF,T:MTAS,SCSCF,I:SCSCF,MTAS,T:SCSCF,MTAS,I-480:MTAS,SCSCF,A:MTAS,SCSCF,S:ICSCF,GTW,S:GTW,SCSCF,P:SCSCF,MTAS,P:MTAS,SCSCF,P-200:SCSCF,GTW,P-200:MTAS,SCSCF,P-200:MTAS,SCSCF,I-480:SCSCF,MTAS,A:ICSCF,GTW,I-480:GTW,ICSCF,A:GTW,ICSCF,I:ICSCF,GTW,T:SCSCF,ASLI,I:ASLI,SCSCF,T:ASLI,SCSCF,I-500:SCSCF,ASLI,A:SCSCF,MTAS,I:MTAS,SCSCF,T:MTAS,SCSCF,I:SCSCF,MTAS,T:SCSCF,MTAS,I-480:MTAS,SCSCF,A:MTAS,SCSCF,S:ICSCF,GTW,S:SCSCF,MTAS,P:GTW,SCSCF,P:MTAS,SCSCF,P-200:SCSCF,GTW,P-200:MTAS,SCSCF,I-480:SCSCF,MTAS,A:ICSCF,GTW,I-480:GTW,ICSCF,A:GTW,ICSCF,I:ICSCF,GTW,T:SCSCF,ASLI,I:ASLI,SCSCF,T:ASLI,SCSCF,I-500:SCSCF,ASLI,A:SCSCF,MTAS,I:MTAS,SCSCF,T:MTAS,SCSCF,I:SCSCF,MTAS,T:MTAS,SCSCF,A:SCSCF,MTAS,I-480:MTAS,SCSCF,S:ICSCF,GTW,S:GTW,SCSCF,P:SCSCF,MTAS,P:MTAS,SCSCF,P-200:SCSCF,GTW,P-200:MTAS,SCSCF,I-480:SCSCF,MTAS,A:ICSCF,GTW,I-480:GTW,ICSCF,A:GTW,ICSCF,I:ICSCF,GTW,T:SCSCF,ASLI,I:ASLI,SCSCF,T:ASLI,SCSCF,I-500:SCSCF,ASLI,A:SCSCF,MTAS,I:MTAS,SCSCF,T:MTAS,SCSCF,I:SCSCF,MTAS,T:SCSCF,MTAS,I-480:MTAS,SCSCF,A:MTAS,SCSCF,S:ICSCF,GTW,S:GTW,SCSCF,P:SCSCF,MTAS,P:MTAS,SCSCF,P-200:SCSCF,GTW,P-200:MTAS,SCSCF,P-200:MTAS,SCSCF,I-480:SCSCF,MTAS,A:ICSCF,GTW,I-480:GTW,ICSCF,A:GTW,ICSCF,I:ICSCF,GTW,T:SCSCF,ASLI,I:ASLI,SCSCF,T:ASLI,SCSCF,I-500:SCSCF,ASLI,A:SCSCF,MTAS,I:MTAS,SCSCF,T:MTAS,SCSCF,I:SCSCF,MTAS,T:SCSCF,MTAS,I-480:MTAS,SCSCF,A:MTAS,SCSCF,S:ICSCF,GTW,S:SCSCF,MTAS,P:GTW,SCSCF,P:SCSCF,MTAS,P:MTAS,SCSCF,P-200:SCSCF,GTW,P-200:MTAS,SCSCF,I-480:SCSCF,MTAS,A:ICSCF,GTW,I-480:GTW,ICSCF,A:GTW,ICSCF,I:ICSCF,GTW,T:SCSCF,ASLI,I:ASLI,SCSCF,T:ASLI,SCSCF,I-500:SCSCF,ASLI,A:SCSCF,MTAS,I:MTAS,SCSCF,T:MTAS,SCSCF,S:ICSCF,GTW,S:GTW,SCSCF,P:SCSCF,MTAS,P:MTAS,SCSCF,P-200:SCSCF,GTW,P-200:MTAS,SCSCF,I-480:SCSCF,MTAS,A:ICSCF,GTW,I-480:GTW,ICSCF,A"
929,929,1,0,0.97111195,"PCSCF,SCSCF,I:SCSCF,PCSCF,T:SCSCF,PCSCF,I-407:PCSCF,SCSCF,A:PCSCF,SCSCF,I:SCSCF,ASLI,I:ASLI,SCSCF,T:ASLI,SCSCF,I-500:SCSCF,ASLI,A:MTAS,SCSCF,I:SCSCF,MTAS,T:SCSCF,GTW,I:GTW,SCSCF,T:GTW,SCSCF,S:SCSCF,MTAS,S:GTW,SCSCF,S:SCSCF,MTAS,S:GTW,SCSCF,S:SCSCF,MTAS,S:SCSCF,PCSCF,S:GTW,SCSCF,S:SCSCF,MTAS,S:SCSCF,PCSCF,S:GTW,SCSCF,S:SCSCF,MTAS,S:SCSCF,PCSCF,S:GTW,SCSCF,S:SCSCF,MTAS,S:GTW,SCSCF,I-500:SCSCF,MTAS,I-500:SCSCF,GTW,A:MTAS,SCSCF,A"
930,930,1,1,0.6715594,"GTW,ICSCF,I:ICSCF,GTW,T:ICSCF,SCSCF,I:SCSCF,ICSCF,T:SCSCF,ICSCF,W:ICSCF,GTW,W"
931,931,1,1,0.6073068,"MTAS,SCSCF,I:MTAS,SCSCF,A:GTW,ICSCF,I:ICSCF,GTW,T:SCSCF,ASLI,I:ASLI,SCSCF,T:ASLI,SCSCF,I-500:SCSCF,MTAS,I:SCSCF,ASLI,A:MTAS,SCSCF,T:MTAS,SCSCF,S:ICSCF,GTW,S:SCSCF,MTAS,P:GTW,SCSCF,P:SCSCF,MTAS,P:MTAS,SCSCF,P-200:SCSCF,GTW,P-200:MTAS,SCSCF,I-480:SCSCF,MTAS,A:ICSCF,GTW,I-480:GTW,ICSCF,A"
932,932,1,1,0.26796186,"PCSCF,SCSCF,I:SCSCF,PCSCF,T:PCSCF,SCSCF,A:SCSCF,PCSCF,I-407:PCSCF,SCSCF,I:SCSCF,PCSCF,T:SCSCF,ASLI,I:ASLI,SCSCF,T:ASLI,SCSCF,I-500:SCSCF,ASLI,A:SCSCF,MTAS,I:MTAS,SCSCF,I:MTAS,SCSCF,T:SCSCF,MTAS,T:SCSCF,GTW,I:GTW,SCSCF,T"
933,933,1,1,0.4051867,"ICSCF,SCSCF,I:SCSCF,ICSCF,T:SCSCF,BCCAS,I:BCCAS,SCSCF,T:BCCAS,SCSCF,I:SCSCF,ASLI,I:ASLI,SCSCF,T:ASLI,SCSCF,I-500:SCSCF,ASLI,A:SCSCF,GTW,I:GTW,SCSCF,T:GTW,SCSCF,S:SCSCF,BCCAS,S:BCCAS,SCSCF,S:SCSCF,ICSCF,S:IBCF,SCSCF,P:SCSCF,BCCAS,P:BCCAS,SCSCF,P:SCSCF,GTW,P:GTW,SCSCF,P-200:GTW,SCSCF,S:SCSCF,BCCAS,S:SCSCF,BCCAS,P-200:BCCAS,SCSCF,S:SCSCF,ICSCF,S:SCSCF,IBCF,P-200:BCCAS,SCSCF,P-200:IBCF,SCSCF,P:SCSCF,BCCAS,P:BCCAS,SCSCF,P:SCSCF,GTW,P:GTW,SCSCF,P-200:SCSCF,BCCAS,P-200:BCCAS,SCSCF,P-200:SCSCF,IBCF,P-200"
934,934,1,1,0.83149993,"SCSCF,ICSCF,I:ICSCF,SCSCF,T:SCSCF,ASLI,I:ASLI,SCSCF,T:ASLI,SCSCF,I-500:SCSCF,ASLI,A:SCSCF,MTAS,I:MTAS,SCSCF,T:MTAS,SCSCF,I:SCSCF,MTAS,T:SCSCF,PCSCF,I:PCSCF,SCSCF,T:PCSCF,SCSCF,R:SCSCF,MTAS,R:MTAS,SCSCF,R:ICSCF,SCSCF,R:SCSCF,SCSCF,P:SCSCF,MTAS,P:MTAS,SCSCF,P:SCSCF,PCSCF,P:SCSCF,MTAS,P-200:PCSCF,SCSCF,P-200:MTAS,SCSCF,P-200:SCSCF,SCSCF,P-200"
935,935,1,1,0.38936734,"PCSCF,SCSCF,I:SCSCF,PCSCF,T:SCSCF,PCSCF,I-407:PCSCF,SCSCF,A:PCSCF,SCSCF,I:SCSCF,ASLI,I:SCSCF,PCSCF,T:ASLI,SCSCF,T:ASLI,SCSCF,I-500:SCSCF,ASLI,A:SCSCF,MTAS,I:MTAS,SCSCF,T:SCSCF,GTW,I:GTW,SCSCF,T"
936,936,1,1,0.1286831,"MTAS,SCSCF,I:MTAS,SCSCF,A:GTW,ICSCF,I:ICSCF,GTW,T:SCSCF,ASLI,I:ASLI,SCSCF,T:ASLI,SCSCF,I-500:SCSCF,ASLI,A:SCSCF,MTAS,I:MTAS,SCSCF,T:MTAS,SCSCF,S:ICSCF,GTW,S:GTW,SCSCF,P:SCSCF,MTAS,P:MTAS,SCSCF,P-200:SCSCF,GTW,P-200:MTAS,SCSCF,P-200:MTAS,SCSCF,I-480:SCSCF,MTAS,A:ICSCF,GTW,I-480:GTW,ICSCF,A:GTW,ICSCF,I:ICSCF,GTW,T:SCSCF,ASLI,I:ASLI,SCSCF,T:ASLI,SCSCF,I-500:SCSCF,ASLI,A:SCSCF,MTAS,I:MTAS,SCSCF,T:MTAS,SCSCF,I:SCSCF,MTAS,T:SCSCF,MTAS,I-480:MTAS,SCSCF,A:MTAS,SCSCF,S:ICSCF,GTW,S:GTW,SCSCF,P:SCSCF,MTAS,P:MTAS,SCSCF,P-200:SCSCF,GTW,P-200:MTAS,SCSCF,I-480:SCSCF,MTAS,A:ICSCF,GTW,I-480:GTW,ICSCF,A:GTW,ICSCF,I:ICSCF,GTW,T:SCSCF,ASLI,I:ASLI,SCSCF,T:ASLI,SCSCF,I-500:SCSCF,ASLI,A:SCSCF,MTAS,I:MTAS,SCSCF,T:MTAS,SCSCF,I:MTAS,SCSCF,A:SCSCF,MTAS,T:SCSCF,MTAS,I-480:MTAS,SCSCF,S:ICSCF,GTW,S:SCSCF,MTAS,P:GTW,SCSCF,P:SCSCF,MTAS,P:MTAS,SCSCF,P-200:SCSCF,GTW,P-200:MTAS,SCSCF,P-200:MTAS,SCSCF,I-480:SCSCF,MTAS,A:ICSCF,GTW,I-480:GTW,ICSCF,A:GTW,ICSCF,I:ICSCF,GTW,T:SCSCF,ASLI,I:ASLI,SCSCF,T:ASLI,SCSCF,I-500:SCSCF,ASLI,A:SCSCF,MTAS,I:MTAS,SCSCF,T:MTAS,SCSCF,I:SCSCF,MTAS,T:SCSCF,MTAS,I-480:MTAS,SCSCF,A:MTAS,SCSCF,S:ICSCF,GTW,S:GTW,SCSCF,P:SCSCF,MTAS,P:MTAS,SCSCF,P-200:SCSCF,GTW,P-200:MTAS,SCSCF,I-480:SCSCF,MTAS,A:ICSCF,GTW,I-480:GTW,ICSCF,A"
937,937,1,1,0.24124634,"MTAS,SCSCF,I:MTAS,SCSCF,A:GTW,ICSCF,I:ICSCF,GTW,T:SCSCF,ASLI,I:ASLI,SCSCF,T:ASLI,SCSCF,I-500:SCSCF,MTAS,I:MTAS,SCSCF,T:SCSCF,ASLI,A:MTAS,SCSCF,I:SCSCF,MTAS,T:SCSCF,MTAS,I-480:MTAS,SCSCF,A:MTAS,SCSCF,S:ICSCF,GTW,S:GTW,SCSCF,P:SCSCF,MTAS,P:MTAS,SCSCF,P-200:SCSCF,GTW,P-200:MTAS,SCSCF,P-200:MTAS,SCSCF,I-480:SCSCF,MTAS,A:ICSCF,GTW,I-480:GTW,ICSCF,A:GTW,ICSCF,I:ICSCF,GTW,T:SCSCF,ASLI,I:ASLI,SCSCF,T:ASLI,SCSCF,I-500:SCSCF,ASLI,A:SCSCF,MTAS,I:MTAS,SCSCF,T:MTAS,SCSCF,I:SCSCF,MTAS,T:SCSCF,MTAS,I-480:MTAS,SCSCF,A:MTAS,SCSCF,S:ICSCF,GTW,S:GTW,SCSCF,P:SCSCF,MTAS,P:MTAS,SCSCF,P-200:SCSCF,GTW,P-200:GTW,ICSCF,C:ICSCF,GTW,C-200:SCSCF,MTAS,C:MTAS,SCSCF,C-200:ICSCF,GTW,I-487:MTAS,SCSCF,I-487:SCSCF,MTAS,A:GTW,ICSCF,A:GTW,ICSCF,I:ICSCF,GTW,T:SCSCF,ASLI,I:ASLI,SCSCF,T:ASLI,SCSCF,I-500:SCSCF,ASLI,A:SCSCF,MTAS,I:MTAS,SCSCF,T:MTAS,SCSCF,I:SCSCF,MTAS,T:MTAS,SCSCF,A:SCSCF,MTAS,I-480:ICSCF,GTW,S:MTAS,SCSCF,S:SCSCF,MTAS,P:GTW,SCSCF,P:SCSCF,MTAS,P:MTAS,SCSCF,P-200:SCSCF,GTW,P-200:MTAS,SCSCF,I-480:ICSCF,GTW,I-480:SCSCF,MTAS,A:GTW,ICSCF,A:GTW,ICSCF,I:ICSCF,GTW,T:SCSCF,ASLI,I:ASLI,SCSCF,T:ASLI,SCSCF,I-500:SCSCF,ASLI,A:SCSCF,MTAS,I:MTAS,SCSCF,T:MTAS,SCSCF,I:SCSCF,MTAS,T:SCSCF,MTAS,I-480:MTAS,SCSCF,A:MTAS,SCSCF,S:ICSCF,GTW,S:GTW,SCSCF,P:SCSCF,MTAS,P:MTAS,SCSCF,P-200:SCSCF,GTW,P-200:GTW,ICSCF,C:ICSCF,GTW,C-200:SCSCF,MTAS,C:MTAS,SCSCF,C-200:MTAS,SCSCF,I-487:SCSCF,MTAS,A:ICSCF,GTW,I-487:GTW,ICSCF,A"
938,938,1,1,0.32879293,"MTAS,SCSCF,I:MTAS,SCSCF,A:GTW,ICSCF,I:ICSCF,GTW,T:SCSCF,ASLI,I:ASLI,SCSCF,T:ASLI,SCSCF,I-500:SCSCF,ASLI,A:SCSCF,MTAS,I:MTAS,SCSCF,T:MTAS,SCSCF,I:SCSCF,MTAS,T:SCSCF,MTAS,I-480:MTAS,SCSCF,A:MTAS,SCSCF,S:ICSCF,GTW,S:SCSCF,MTAS,P:GTW,SCSCF,P:SCSCF,MTAS,P:MTAS,SCSCF,P-200:SCSCF,GTW,P-200:GTW,ICSCF,C:ICSCF,GTW,C-200:SCSCF,MTAS,C:MTAS,SCSCF,C-200:MTAS,SCSCF,I-487:SCSCF,MTAS,A:ICSCF,GTW,I-487:GTW,ICSCF,A"
939,939,1,1,0.26817313,"MTAS,SCSCF,I:MTAS,SCSCF,A:GTW,ICSCF,I:ICSCF,GTW,T:SCSCF,ASLI,I:ASLI,SCSCF,T:ASLI,SCSCF,I-500:SCSCF,ASLI,A:SCSCF,MTAS,I:MTAS,SCSCF,T:MTAS,SCSCF,I:SCSCF,MTAS,T:MTAS,SCSCF,A:SCSCF,MTAS,I-480:ICSCF,GTW,S:MTAS,SCSCF,S:GTW,SCSCF,P:SCSCF,MTAS,P:MTAS,SCSCF,P-200:SCSCF,GTW,P-200:ICSCF,GTW,C-200:SCSCF,MTAS,C:GTW,ICSCF,C:MTAS,SCSCF,C-200:MTAS,SCSCF,I-487:ICSCF,GTW,I-487:SCSCF,MTAS,A:GTW,ICSCF,A"
940,940,1,0,0.8706735,"PCSCF,SCSCF,I:SCSCF,PCSCF,T:SCSCF,ASLI,I:ASLI,SCSCF,T:ASLI,SCSCF,I-500:SCSCF,ASLI,A:MTAS,SCSCF,I:SCSCF,MTAS,T:SCSCF,GTW,I:GTW,SCSCF,T:SCSCF,MTAS,R:GTW,SCSCF,R:SCSCF,PCSCF,R:PCSCF,SCSCF,P:SCSCF,MTAS,P:MTAS,SCSCF,P:SCSCF,GTW,P:GTW,SCSCF,P-200:SCSCF,MTAS,P-200:MTAS,SCSCF,P-200:SCSCF,PCSCF,P-200:MTAS,SCSCF,P-200"
941,941,1,1,0.62625396,"SCSCF,ICSCF,I:ICSCF,SCSCF,T:SCSCF,ASLI,I:ASLI,SCSCF,T:ASLI,SCSCF,I-500:SCSCF,ASLI,A:SCSCF,BCCAS,I:BCCAS,SCSCF,T:BCCAS,SCSCF,I:SCSCF,BCCAS,I-480:BCCAS,SCSCF,A"
942,942,1,1,0.41391703,"ICSCF,SCSCF,I:SCSCF,ICSCF,T:SCSCF,ASLI,I:ASLI,SCSCF,T:ASLI,SCSCF,I-500:SCSCF,ASLI,A:SCSCF,MTAS,I:MTAS,SCSCF,T:SCSCF,PCSCF,I:PCSCF,SCSCF,T:PCSCF,SCSCF,R:SCSCF,MTAS,R:MTAS,SCSCF,R:SCSCF,ICSCF,R:GTW,SCSCF,P:SCSCF,MTAS,P:SCSCF,PCSCF,P:PCSCF,SCSCF,P-200:SCSCF,MTAS,P-200:MTAS,SCSCF,P-200:SCSCF,GTW,P-200"
943,943,1,1,0.83149993,"ICSCF,SCSCF,I:SCSCF,ICSCF,T:SCSCF,ASLI,I:ASLI,SCSCF,T:ASLI,SCSCF,I-500:SCSCF,ASLI,A:SCSCF,MTAS,I:MTAS,SCSCF,T:MTAS,SCSCF,I:SCSCF,MTAS,T:SCSCF,PCSCF,I:PCSCF,SCSCF,T:PCSCF,SCSCF,R:SCSCF,MTAS,R:MTAS,SCSCF,R:SCSCF,ICSCF,R:SCSCF,SCSCF,P:SCSCF,MTAS,P:SCSCF,PCSCF,P:MTAS,SCSCF,P:PCSCF,SCSCF,P-200:SCSCF,MTAS,P-200:MTAS,SCSCF,P-200:SCSCF,SCSCF,P-200"
944,944,1,1,0.8525029,"SCSCF,PCSCF,I:SCSCF,PCSCF,P"
945,945,1,1,0.2863098,"PCSCF,SCSCF,I:SCSCF,ASLI,I:SCSCF,PCSCF,T:ASLI,SCSCF,T:ASLI,SCSCF,I-500:SCSCF,ASLI,A"
946,946,1,0,0.8802099,"PCSCF,SCSCF,I:SCSCF,PCSCF,T:SCSCF,ASLI,I:ASLI,SCSCF,T:ASLI,SCSCF,I-500:SCSCF,ASLI,A:MTAS,SCSCF,I:SCSCF,MTAS,T:ICSCF,SCSCF,I:SCSCF,ICSCF,T:SCSCF,ICSCF,R:SCSCF,MTAS,R:SCSCF,PCSCF,R:PCSCF,SCSCF,P:MTAS,SCSCF,P:SCSCF,SCSCF,P:SCSCF,SCSCF,P-200:SCSCF,MTAS,P-200:SCSCF,PCSCF,P-200"
947,947,1,1,0.23972394,"PCSCF,SCSCF,I:SCSCF,PCSCF,T:SCSCF,PCSCF,I-407:PCSCF,SCSCF,A:PCSCF,SCSCF,I:SCSCF,PCSCF,T:SCSCF,ASLI,I:ASLI,SCSCF,T:SCSCF,ASLI,A:ASLI,SCSCF,I-500:MTAS,SCSCF,I:SCSCF,MTAS,T:SCSCF,ASLI,I:ASLI,SCSCF,T:ASLI,SCSCF,I-500:SCSCF,ASLI,A:MTAS,SCSCF,I:SCSCF,MTAS,T:SCSCF,PCSCF,I:PCSCF,SCSCF,T:PCSCF,SCSCF,R:SCSCF,MTAS,R:SCSCF,PCSCF,R:PCSCF,SCSCF,P:MTAS,SCSCF,P:SCSCF,PCSCF,P:SCSCF,MTAS,P-200:PCSCF,SCSCF,P-200:SCSCF,MTAS,P-200:SCSCF,PCSCF,P-200"
948,948,1,1,0.41478595,"SCSCF,ICSCF,I:ICSCF,SCSCF,T:SCSCF,ASLI,I:ASLI,SCSCF,T:ASLI,SCSCF,I-500:SCSCF,MTAS,I:MTAS,SCSCF,T:SCSCF,ASLI,A:SCSCF,PCSCF,I:PCSCF,SCSCF,T:PCSCF,SCSCF,R:SCSCF,MTAS,R:MTAS,SCSCF,R:ICSCF,SCSCF,R:SCSCF,SCSCF,P:SCSCF,MTAS,P:SCSCF,PCSCF,P:PCSCF,SCSCF,P-200:SCSCF,MTAS,P-200:MTAS,SCSCF,P-200:SCSCF,SCSCF,P-200"
949,949,1,1,0.5864535,"IBCF,ICSCF,I:ICSCF,IBCF,T:ICSCF,SCSCF,I:SCSCF,ICSCF,T:SCSCF,BCCAS,I:BCCAS,SCSCF,T:BCCAS,SCSCF,W:SCSCF,ICSCF,W:ICSCF,IBCF,W"
950,950,1,1,0.5981325,"IBCF,ICSCF,I:ICSCF,IBCF,T:SCSCF,BCCAS,I:BCCAS,SCSCF,T:BCCAS,SCSCF,I:SCSCF,ASLI,I:ASLI,SCSCF,T:ASLI,SCSCF,I-500:SCSCF,ASLI,A:SCSCF,BCCAS,T:SCSCF,GTW,I:GTW,SCSCF,T"
951,951,1,1,0.20567107,"MTAS,SCSCF,I:MTAS,SCSCF,A:PCSCF,SCSCF,I:SCSCF,PCSCF,T:SCSCF,ASLI,I:ASLI,SCSCF,T:ASLI,SCSCF,I-500:SCSCF,ASLI,A:MTAS,SCSCF,I:SCSCF,MTAS,I-404:MTAS,SCSCF,A:SCSCF,PCSCF,S:PCSCF,SCSCF,P:SCSCF,PCSCF,P-200:PCSCF,SCSCF,C:SCSCF,PCSCF,C-200:SCSCF,PCSCF,I-404:PCSCF,SCSCF,A:PCSCF,SCSCF,I:SCSCF,PCSCF,T:SCSCF,PCSCF,I-407:PCSCF,SCSCF,A:PCSCF,SCSCF,I:SCSCF,PCSCF,T:SCSCF,ASLI,I:ASLI,SCSCF,T:ASLI,SCSCF,I-500:SCSCF,ASLI,A:MTAS,SCSCF,I:SCSCF,MTAS,T:SCSCF,MTAS,I-404:MTAS,SCSCF,A:SCSCF,PCSCF,S:PCSCF,SCSCF,P:SCSCF,PCSCF,P-200:PCSCF,SCSCF,C:SCSCF,PCSCF,C-200:SCSCF,PCSCF,I-404:PCSCF,SCSCF,A"
952,952,1,1,0.6576104,"GTW,ICSCF,I:ICSCF,GTW,T:SCSCF,ASLI,I:ASLI,SCSCF,T:ASLI,SCSCF,I-500:SCSCF,ASLI,A:SCSCF,MTAS,I:MTAS,SCSCF,T:MTAS,SCSCF,I:SCSCF,MTAS,T:SCSCF,MTAS,I-480:MTAS,SCSCF,A:MTAS,SCSCF,S:ICSCF,GTW,S:GTW,SCSCF,P:SCSCF,MTAS,P:MTAS,SCSCF,P-200:SCSCF,GTW,P-200:MTAS,SCSCF,I-480:SCSCF,MTAS,A:GTW,ICSCF,A"
953,953,1,1,0.55903304,"ICSCF,SCSCF,I:SCSCF,ICSCF,T:SCSCF,BCCAS,I:BCCAS,SCSCF,T:BCCAS,SCSCF,I:SCSCF,ASLI,I:ASLI,SCSCF,T:ASLI,SCSCF,I-500:SCSCF,ASLI,A:SCSCF,ASLI,I:ASLI,SCSCF,T:ASLI,SCSCF,I-500:SCSCF,ASLI,A:SCSCF,BCCAS,I:BCCAS,SCSCF,T:BCCAS,SCSCF,I:SCSCF,BCCAS,T:SCSCF,BCCAS,I-480:BCCAS,SCSCF,A"
954,954,1,1,0.546825,"GTW,ICSCF,I:ICSCF,GTW,T:SCSCF,ASLI,I:ASLI,SCSCF,T:ASLI,SCSCF,I-500:SCSCF,ASLI,A:SCSCF,MTAS,I:MTAS,SCSCF,I:MTAS,SCSCF,T:SCSCF,MTAS,T:SCSCF,PCSCF,I:PCSCF,SCSCF,T:SCSCF,MTAS,R:MTAS,SCSCF,R:GTW,SCSCF,P:SCSCF,MTAS,P:MTAS,SCSCF,P:SCSCF,PCSCF,P:SCSCF,MTAS,P-200:MTAS,SCSCF,P-200:SCSCF,GTW,P-200:PCSCF,SCSCF,P-200"
955,955,1,1,0.45475444,"MTAS,SCSCF,I:MTAS,SCSCF,A:MTAS,SCSCF,I:MTAS,SCSCF,A"
956,956,1,1,0.7982333,"ICSCF,SCSCF,I:SCSCF,ICSCF,T:SCSCF,ASLI,I:ASLI,SCSCF,T:SCSCF,ASLI,A:ASLI,SCSCF,I-500:SCSCF,MTAS,I:MTAS,SCSCF,T:SCSCF,PCSCF,I:SCSCF,MTAS,T:PCSCF,SCSCF,T:PCSCF,SCSCF,R:SCSCF,MTAS,R:MTAS,SCSCF,R:SCSCF,ICSCF,R:SCSCF,SCSCF,P:SCSCF,MTAS,P:SCSCF,PCSCF,P:PCSCF,SCSCF,P-200:SCSCF,MTAS,P-200:MTAS,SCSCF,P-200:SCSCF,SCSCF,P-200"
957,957,1,1,0.13552642,"PCSCF,SCSCF,I:SCSCF,ASLI,I:ASLI,SCSCF,T:ASLI,SCSCF,I-500:SCSCF,ASLI,A:SCSCF,MTAS,I:MTAS,SCSCF,T:MTAS,SCSCF,I:SCSCF,MTAS,T:SCSCF,PCSCF,T:SCSCF,ASLI,I:ASLI,SCSCF,T:ASLI,SCSCF,I-500:SCSCF,ASLI,A:SCSCF,MTAS,I:MTAS,SCSCF,T:SCSCF,PCSCF,I:PCSCF,SCSCF,T:PCSCF,SCSCF,R:SCSCF,MTAS,R:MTAS,SCSCF,R:SCSCF,MTAS,R:MTAS,SCSCF,R:SCSCF,PCSCF,R:PCSCF,SCSCF,P:SCSCF,MTAS,P:MTAS,SCSCF,P:SCSCF,MTAS,P:SCSCF,PCSCF,P:PCSCF,SCSCF,P-200:SCSCF,MTAS,P-200:MTAS,SCSCF,P-200:SCSCF,MTAS,P-200:MTAS,SCSCF,P-200:SCSCF,PCSCF,P-200"
958,958,1,1,0.4623771,"ICSCF,SCSCF,I:SCSCF,ASLI,I:ASLI,SCSCF,T:ASLI,SCSCF,I-500:SCSCF,MTAS,I:SCSCF,ASLI,A:MTAS,SCSCF,T:SCSCF,ICSCF,T:MTAS,SCSCF,I:SCSCF,MTAS,T:SCSCF,PCSCF,I:PCSCF,SCSCF,T:PCSCF,SCSCF,R:SCSCF,MTAS,R:MTAS,SCSCF,R:SCSCF,ICSCF,R:SCSCF,MTAS,P:MTAS,SCSCF,P:SCSCF,PCSCF,P:PCSCF,SCSCF,P-200:SCSCF,MTAS,P-200:MTAS,SCSCF,P-200:SCSCF,SCSCF,P-200"
959,959,1,1,0.6656066,"MTAS,SCSCF,I:MTAS,SCSCF,A:GTW,ICSCF,I:ICSCF,GTW,T:SCSCF,ASLI,I:ASLI,SCSCF,T:ASLI,SCSCF,I-500:SCSCF,ASLI,A:SCSCF,MTAS,I:MTAS,SCSCF,T:MTAS,SCSCF,I:SCSCF,MTAS,T:SCSCF,MTAS,I-480:MTAS,SCSCF,A:MTAS,SCSCF,S:ICSCF,GTW,S:SCSCF,MTAS,P:GTW,SCSCF,P:SCSCF,MTAS,P:MTAS,SCSCF,P-200:SCSCF,GTW,P-200:MTAS,SCSCF,I-480:SCSCF,MTAS,A:ICSCF,GTW,I-480:GTW,ICSCF,A:GTW,ICSCF,I:ICSCF,GTW,T:SCSCF,ASLI,I:ASLI,SCSCF,T:SCSCF,ASLI,A:ASLI,SCSCF,I-500:SCSCF,MTAS,I:MTAS,SCSCF,T:MTAS,SCSCF,S:ICSCF,GTW,S:SCSCF,MTAS,P:GTW,SCSCF,P:SCSCF,MTAS,P:MTAS,SCSCF,P-200:SCSCF,GTW,P-200:MTAS,SCSCF,P-200:MTAS,SCSCF,I-480:SCSCF,MTAS,A:ICSCF,GTW,I-480:GTW,ICSCF,A:GTW,ICSCF,I:ICSCF,GTW,T:SCSCF,ASLI,I:ASLI,SCSCF,T:ASLI,SCSCF,I-500:SCSCF,ASLI,A:SCSCF,MTAS,I:MTAS,SCSCF,T:MTAS,SCSCF,I:SCSCF,MTAS,T:SCSCF,MTAS,I-480:MTAS,SCSCF,A:MTAS,SCSCF,S:ICSCF,GTW,S:GTW,SCSCF,P:SCSCF,MTAS,P:MTAS,SCSCF,P-200:SCSCF,GTW,P-200:MTAS,SCSCF,P-200:MTAS,SCSCF,I-480:SCSCF,MTAS,A:ICSCF,GTW,I-480:GTW,ICSCF,A:GTW,ICSCF,I:ICSCF,GTW,T:SCSCF,ASLI,I:ASLI,SCSCF,T:ASLI,SCSCF,I-500:SCSCF,MTAS,I:MTAS,SCSCF,T:SCSCF,ASLI,A:MTAS,SCSCF,I:SCSCF,MTAS,T:SCSCF,MTAS,I-480:MTAS,SCSCF,A:MTAS,SCSCF,S:ICSCF,GTW,S:SCSCF,MTAS,P:GTW,SCSCF,P:SCSCF,MTAS,P:MTAS,SCSCF,P-200:SCSCF,GTW,P-200:MTAS,SCSCF,I-480:SCSCF,MTAS,A:ICSCF,GTW,I-480:GTW,ICSCF,A:GTW,ICSCF,I:ICSCF,GTW,T:SCSCF,ASLI,I:ASLI,SCSCF,T:ASLI,SCSCF,I-500:SCSCF,ASLI,A:SCSCF,MTAS,I:MTAS,SCSCF,T:MTAS,SCSCF,I:SCSCF,MTAS,T:SCSCF,MTAS,I-480:MTAS,SCSCF,A:MTAS,SCSCF,S:ICSCF,GTW,S:GTW,SCSCF,P:SCSCF,MTAS,P:MTAS,SCSCF,P-200:SCSCF,GTW,P-200:MTAS,SCSCF,I-480:SCSCF,MTAS,A:ICSCF,GTW,I-480:GTW,ICSCF,A:GTW,ICSCF,I:ICSCF,GTW,T:SCSCF,ASLI,I:ASLI,SCSCF,T:ASLI,SCSCF,I-500:SCSCF,ASLI,A:SCSCF,MTAS,I:MTAS,SCSCF,T:MTAS,SCSCF,S:ICSCF,GTW,S:GTW,SCSCF,P:SCSCF,MTAS,P:MTAS,SCSCF,P-200:SCSCF,GTW,P-200:MTAS,SCSCF,I-480:SCSCF,MTAS,A:ICSCF,GTW,I-480:GTW,ICSCF,A:MTAS,SCSCF,I:MTAS,SCSCF,A"
960,960,1,1,0.7370872,"MTAS,SCSCF,I:MTAS,SCSCF,A:GTW,ICSCF,I:SCSCF,ASLI,I:ASLI,SCSCF,T:ASLI,SCSCF,I-500:SCSCF,ASLI,A:SCSCF,MTAS,I:MTAS,SCSCF,T:MTAS,SCSCF,I:SCSCF,MTAS,T:SCSCF,MTAS,I-480:MTAS,SCSCF,A:MTAS,SCSCF,S:ICSCF,GTW,S:GTW,SCSCF,P:SCSCF,MTAS,P:MTAS,SCSCF,P-200:SCSCF,GTW,P-200:GTW,ICSCF,C:ICSCF,GTW,C-200:SCSCF,MTAS,C:MTAS,SCSCF,C-200:MTAS,SCSCF,I-487:ICSCF,GTW,I-487:SCSCF,MTAS,A:GTW,ICSCF,A"
961,961,1,1,0.19320947,"PCSCF,SCSCF,I:SCSCF,PCSCF,T:SCSCF,PCSCF,I-407:PCSCF,SCSCF,A:PCSCF,SCSCF,I:SCSCF,PCSCF,T:SCSCF,ASLI,I:ASLI,SCSCF,T:ASLI,SCSCF,I-500:SCSCF,MTAS,I:MTAS,SCSCF,T:MTAS,SCSCF,I:SCSCF,MTAS,T:SCSCF,ASLI,A:SCSCF,GTW,I:GTW,SCSCF,T"
962,962,1,1,0.45371497,"MTAS,SCSCF,I:MTAS,SCSCF,A:GTW,ICSCF,I:ICSCF,GTW,T:SCSCF,ASLI,I:ASLI,SCSCF,T:ASLI,SCSCF,I-500:SCSCF,ASLI,A:SCSCF,MTAS,I:MTAS,SCSCF,T:MTAS,SCSCF,I:SCSCF,MTAS,T:SCSCF,MTAS,I-480:MTAS,SCSCF,A:MTAS,SCSCF,S:ICSCF,GTW,S:SCSCF,MTAS,P:GTW,SCSCF,P:SCSCF,MTAS,P:MTAS,SCSCF,P-200:SCSCF,GTW,P-200:GTW,ICSCF,C:ICSCF,GTW,C-200:SCSCF,MTAS,C:MTAS,SCSCF,C-200:MTAS,SCSCF,I-487:ICSCF,GTW,I-487:SCSCF,MTAS,A:GTW,ICSCF,A"
963,963,1,1,0.8146647,"PCSCF,SCSCF,I:SCSCF,PCSCF,T:SCSCF,ASLI,I:ASLI,SCSCF,T:ASLI,SCSCF,I-500:SCSCF,ASLI,A:MTAS,SCSCF,I:SCSCF,MTAS,T:SCSCF,GTW,I:GTW,SCSCF,T:GTW,SCSCF,S:SCSCF,MTAS,S:SCSCF,PCSCF,S:PCSCF,SCSCF,P:MTAS,SCSCF,P:SCSCF,GTW,P:GTW,SCSCF,P-200:SCSCF,MTAS,P-200:SCSCF,PCSCF,P-200:GTW,SCSCF,R:SCSCF,MTAS,R:SCSCF,PCSCF,R:PCSCF,SCSCF,P:MTAS,SCSCF,P:SCSCF,GTW,P:GTW,SCSCF,P-200:SCSCF,MTAS,P-200:SCSCF,PCSCF,P-200:SCSCF,GTW,A:GTW,SCSCF,I-480:SCSCF,MTAS,I-480:MTAS,SCSCF,A"
964,964,1,1,0.4219997,"MTAS,SCSCF,I:MTAS,SCSCF,A:SCSCF,ASLI,I:ASLI,SCSCF,T:ASLI,SCSCF,I-500"
965,965,1,1,0.45601785,"MTAS,SCSCF,I:MTAS,SCSCF,A:GTW,ICSCF,I:SCSCF,ASLI,I:ASLI,SCSCF,T:ASLI,SCSCF,I-500:SCSCF,MTAS,I:MTAS,SCSCF,T:SCSCF,ASLI,A:MTAS,SCSCF,S:ICSCF,GTW,S:GTW,SCSCF,P:SCSCF,MTAS,P:MTAS,SCSCF,P-200:SCSCF,GTW,P-200:MTAS,SCSCF,P-200:SCSCF,MTAS,C:ICSCF,GTW,C-200:GTW,ICSCF,C:MTAS,SCSCF,C-200:MTAS,SCSCF,I-487:SCSCF,MTAS,A:ICSCF,GTW,I-487:GTW,ICSCF,A"
966,966,1,1,0.18141143,"MTAS,SCSCF,I:MTAS,SCSCF,A:GTW,ICSCF,I:ICSCF,GTW,T:SCSCF,ASLI,I:ASLI,SCSCF,T:ASLI,SCSCF,I-500:SCSCF,ASLI,A:SCSCF,MTAS,I:MTAS,SCSCF,T:MTAS,SCSCF,I:SCSCF,MTAS,T:MTAS,SCSCF,A:SCSCF,MTAS,I-480:MTAS,SCSCF,S:ICSCF,GTW,S:GTW,SCSCF,P:SCSCF,MTAS,P:MTAS,SCSCF,P-200:SCSCF,GTW,P-200:MTAS,SCSCF,I-480:ICSCF,GTW,I-480:SCSCF,MTAS,A:GTW,ICSCF,A:GTW,ICSCF,I:ICSCF,GTW,T:SCSCF,ASLI,I:ASLI,SCSCF,T:ASLI,SCSCF,I-500:SCSCF,ASLI,A:SCSCF,MTAS,I:MTAS,SCSCF,T:MTAS,SCSCF,I:SCSCF,MTAS,T:SCSCF,MTAS,I-480:MTAS,SCSCF,A:MTAS,SCSCF,S:ICSCF,GTW,S:GTW,SCSCF,P:SCSCF,MTAS,P:MTAS,SCSCF,P-200:SCSCF,GTW,P-200:MTAS,SCSCF,P-200:SCSCF,MTAS,A:MTAS,SCSCF,I-480:ICSCF,GTW,I-480:GTW,ICSCF,A"
967,967,1,1,0.34135073,"MTAS,SCSCF,I:MTAS,SCSCF,A:GTW,ICSCF,I:ICSCF,GTW,T:SCSCF,ASLI,I:ASLI,SCSCF,T:ASLI,SCSCF,I-500:SCSCF,MTAS,I:SCSCF,ASLI,A:MTAS,SCSCF,T:MTAS,SCSCF,I:SCSCF,MTAS,T:SCSCF,MTAS,I-480:MTAS,SCSCF,A:MTAS,SCSCF,S:ICSCF,GTW,S:GTW,SCSCF,P:SCSCF,MTAS,P:MTAS,SCSCF,P-200:SCSCF,GTW,P-200:ICSCF,GTW,C-200:GTW,ICSCF,C:SCSCF,MTAS,C:MTAS,SCSCF,C-200:MTAS,SCSCF,I-487:SCSCF,MTAS,A:ICSCF,GTW,I-487:GTW,ICSCF,A"
968,968,1,1,0.8140201,"IBCF,ICSCF,I:ICSCF,IBCF,T:ICSCF,SCSCF,I:SCSCF,ICSCF,T:SCSCF,ICSCF,R:ICSCF,IBCF,R:IBCF,SCSCF,P:SCSCF,IBCF,P-200"
969,969,1,0,0.93500036,"ICSCF,SCSCF,I:SCSCF,ICSCF,T:SCSCF,BCCAS,I:BCCAS,SCSCF,T:BCCAS,SCSCF,I:SCSCF,ASLI,I:ASLI,SCSCF,T:SCSCF,BCCAS,T:SCSCF,ASLI,A:ASLI,SCSCF,I-500:SCSCF,GTW,I:GTW,SCSCF,T"
970,970,1,1,0.4988248,"PCSCF,SCSCF,I:SCSCF,PCSCF,T:SCSCF,ASLI,I:ASLI,SCSCF,T:ASLI,SCSCF,I-500:SCSCF,ASLI,A:MTAS,SCSCF,I:SCSCF,MTAS,T:SCSCF,GTW,I:GTW,SCSCF,T:GTW,SCSCF,R:SCSCF,MTAS,R:SCSCF,PCSCF,R:PCSCF,SCSCF,P:SCSCF,MTAS,P:MTAS,SCSCF,P:SCSCF,GTW,P:GTW,SCSCF,P-200:SCSCF,MTAS,P-200:MTAS,SCSCF,P-200:SCSCF,PCSCF,P-200"
971,971,1,1,0.36611062,"BCCAS,SCSCF,I:SCSCF,BCCAS,T:SCSCF,BCCAS,S:BCCAS,SCSCF,P:SCSCF,BCCAS,P-200"
972,972,1,1,0.82602984,"ICSCF,SCSCF,I:SCSCF,ICSCF,T:SCSCF,BCCAS,I:BCCAS,SCSCF,T:BCCAS,SCSCF,I:SCSCF,BCCAS,T:SCSCF,ASLI,I:ASLI,SCSCF,T:SCSCF,ASLI,A:ASLI,SCSCF,I-500:SCSCF,GTW,I:GTW,SCSCF,T"
973,973,1,1,0.38273144,"MTAS,SCSCF,I:MTAS,SCSCF,A:GTW,ICSCF,I:SCSCF,ASLI,I:ASLI,SCSCF,T:ASLI,SCSCF,I-500:SCSCF,ASLI,A:SCSCF,MTAS,I:MTAS,SCSCF,T:MTAS,SCSCF,I:SCSCF,MTAS,T:SCSCF,MTAS,I-480:MTAS,SCSCF,A:MTAS,SCSCF,S:ICSCF,GTW,S:GTW,SCSCF,P:SCSCF,MTAS,P:MTAS,SCSCF,P-200:SCSCF,GTW,P-200:MTAS,SCSCF,I-480:SCSCF,MTAS,A:ICSCF,GTW,I-480:GTW,ICSCF,A:GTW,ICSCF,I:ICSCF,GTW,T:SCSCF,ASLI,I:ASLI,SCSCF,T:ASLI,SCSCF,I-500:SCSCF,ASLI,A:SCSCF,MTAS,I:MTAS,SCSCF,T:MTAS,SCSCF,I:SCSCF,MTAS,T:MTAS,SCSCF,A:SCSCF,MTAS,I-480:MTAS,SCSCF,S:ICSCF,GTW,S:GTW,SCSCF,P:SCSCF,MTAS,P:MTAS,SCSCF,P-200:SCSCF,GTW,P-200:GTW,ICSCF,C:SCSCF,MTAS,C:ICSCF,GTW,C-200:MTAS,SCSCF,C-200:MTAS,SCSCF,I-487:SCSCF,MTAS,A:ICSCF,GTW,I-487:GTW,ICSCF,A"
974,974,1,1,0.36365858,"MTAS,SCSCF,I:MTAS,SCSCF,P:MTAS,SCSCF,A:SCSCF,PCSCF,A"
975,975,1,1,0.24724047,"MTAS,SCSCF,I:MTAS,SCSCF,A:GTW,ICSCF,I:ICSCF,GTW,T:SCSCF,ASLI,I:ASLI,SCSCF,T:ASLI,SCSCF,I-500:SCSCF,ASLI,A:SCSCF,MTAS,I:MTAS,SCSCF,T:MTAS,SCSCF,I:SCSCF,MTAS,T:SCSCF,MTAS,I-480:MTAS,SCSCF,A:MTAS,SCSCF,S:ICSCF,GTW,S:GTW,SCSCF,P:SCSCF,MTAS,P:MTAS,SCSCF,P-200:SCSCF,GTW,P-200:SCSCF,MTAS,A:MTAS,SCSCF,I-480:ICSCF,GTW,I-480:GTW,ICSCF,A:GTW,ICSCF,I:ICSCF,GTW,T:SCSCF,ASLI,I:ASLI,SCSCF,T:ASLI,SCSCF,I-500:SCSCF,ASLI,A:SCSCF,MTAS,I:MTAS,SCSCF,T:MTAS,SCSCF,I:SCSCF,MTAS,T:SCSCF,MTAS,I-480:MTAS,SCSCF,A:MTAS,SCSCF,S:ICSCF,GTW,S:GTW,SCSCF,P:SCSCF,MTAS,P:MTAS,SCSCF,P-200:SCSCF,GTW,P-200:MTAS,SCSCF,P-200:MTAS,SCSCF,I-480:SCSCF,MTAS,A:ICSCF,GTW,I-480:GTW,ICSCF,A:GTW,ICSCF,I:ICSCF,GTW,T:SCSCF,ASLI,I:ASLI,SCSCF,T:ASLI,SCSCF,I-500:SCSCF,ASLI,A:SCSCF,MTAS,I:MTAS,SCSCF,T:MTAS,SCSCF,I:SCSCF,MTAS,T:SCSCF,MTAS,I-480:MTAS,SCSCF,A:MTAS,SCSCF,S:ICSCF,GTW,S:GTW,SCSCF,P:SCSCF,MTAS,P:MTAS,SCSCF,P-200:SCSCF,GTW,P-200:MTAS,SCSCF,P-200:GTW,ICSCF,C:ICSCF,GTW,C-200:SCSCF,MTAS,C:MTAS,SCSCF,C-200:MTAS,SCSCF,I-487:GTW,ICSCF,A:SCSCF,MTAS,A:ICSCF,GTW,I-487"
976,976,1,1,0.52404124,"PCSCF,SCSCF,I:SCSCF,PCSCF,T:SCSCF,ASLI,I:ASLI,SCSCF,T:ASLI,SCSCF,I-500:SCSCF,ASLI,A:MTAS,SCSCF,I:SCSCF,MTAS,T:SCSCF,ASLI,I:ASLI,SCSCF,T:ASLI,SCSCF,I-500:SCSCF,MTAS,I:MTAS,SCSCF,T:MTAS,SCSCF,I:SCSCF,MTAS,T:SCSCF,PCSCF,I:PCSCF,SCSCF,T:SCSCF,ASLI,A:PCSCF,SCSCF,R:SCSCF,MTAS,R:MTAS,SCSCF,R:SCSCF,MTAS,R:SCSCF,PCSCF,R:PCSCF,SCSCF,P:MTAS,SCSCF,P:SCSCF,MTAS,P:MTAS,SCSCF,P:SCSCF,PCSCF,P:PCSCF,SCSCF,P-200:SCSCF,MTAS,P-200:MTAS,SCSCF,P-200:SCSCF,MTAS,P-200:SCSCF,PCSCF,P-200"
977,977,1,1,0.8213349,"ICSCF,SCSCF,I:SCSCF,ICSCF,T:SCSCF,BCCAS,I:BCCAS,SCSCF,T:BCCAS,SCSCF,I:SCSCF,BCCAS,T:SCSCF,ASLI,I:ASLI,SCSCF,T:ASLI,SCSCF,I-500:SCSCF,ASLI,A:SCSCF,GTW,I:GTW,SCSCF,T:GTW,SCSCF,I-503:SCSCF,GTW,A:SCSCF,GTW,I:GTW,SCSCF,T"
978,978,1,1,0.6446504,"PCSCF,SCSCF,I:SCSCF,PCSCF,T:SCSCF,ASLI,I:ASLI,SCSCF,T:ASLI,SCSCF,I-500:SCSCF,ASLI,A:MTAS,SCSCF,I:SCSCF,MTAS,T:SCSCF,ASLI,I:ASLI,SCSCF,T:ASLI,SCSCF,I-500:SCSCF,ASLI,A:SCSCF,MTAS,I:MTAS,SCSCF,T:MTAS,SCSCF,I:SCSCF,MTAS,T:SCSCF,PCSCF,I:PCSCF,SCSCF,T:PCSCF,SCSCF,R:SCSCF,MTAS,R:MTAS,SCSCF,R:SCSCF,MTAS,R:SCSCF,PCSCF,R:PCSCF,SCSCF,P:MTAS,SCSCF,P:SCSCF,MTAS,P:SCSCF,PCSCF,P:MTAS,SCSCF,P:PCSCF,SCSCF,P-200:SCSCF,MTAS,P-200:MTAS,SCSCF,P-200:SCSCF,MTAS,P-200:SCSCF,PCSCF,P-200"
979,979,1,1,0.83149993,"GTW,ICSCF,I:ICSCF,GTW,T:SCSCF,ASLI,I:ASLI,SCSCF,T:ASLI,SCSCF,I-500:SCSCF,ASLI,A:SCSCF,MTAS,I:MTAS,SCSCF,T:MTAS,SCSCF,I:SCSCF,MTAS,T:SCSCF,PCSCF,I:PCSCF,SCSCF,T:PCSCF,SCSCF,R:MTAS,SCSCF,R:SCSCF,MTAS,R:ICSCF,GTW,R:GTW,SCSCF,P:MTAS,SCSCF,P:SCSCF,MTAS,P:SCSCF,PCSCF,P:SCSCF,MTAS,P-200:PCSCF,SCSCF,P-200:MTAS,SCSCF,P-200:SCSCF,GTW,P-200"
980,980,1,1,0.42285085,"PCSCF,SCSCF,I:SCSCF,ASLI,I:SCSCF,PCSCF,T:ASLI,SCSCF,T:SCSCF,ASLI,A:ASLI,SCSCF,I-500:SCSCF,MTAS,I:MTAS,SCSCF,T:MTAS,SCSCF,I:SCSCF,MTAS,T:SCSCF,GTW,I:GTW,SCSCF,T"
981,981,1,1,0.4150655,"PCSCF,SCSCF,I:SCSCF,PCSCF,T:SCSCF,ASLI,I:ASLI,SCSCF,T:SCSCF,ASLI,A:ASLI,SCSCF,I-500:MTAS,SCSCF,I:SCSCF,MTAS,T:SCSCF,GTW,I:GTW,SCSCF,T:SCSCF,MTAS,S:GTW,SCSCF,S:SCSCF,PCSCF,S:PCSCF,SCSCF,P:MTAS,SCSCF,P:SCSCF,GTW,P:GTW,SCSCF,P-200:GTW,SCSCF,R:SCSCF,MTAS,R:SCSCF,MTAS,P-200:SCSCF,PCSCF,P-200:SCSCF,PCSCF,R:PCSCF,SCSCF,P:MTAS,SCSCF,P:SCSCF,GTW,P:GTW,SCSCF,P-200:SCSCF,MTAS,P-200:SCSCF,PCSCF,P-200"
982,982,1,1,0.3968725,"PCSCF,SCSCF,I:SCSCF,PCSCF,T:SCSCF,ASLI,I:ASLI,SCSCF,T:ASLI,SCSCF,I-500:SCSCF,ASLI,A:MTAS,SCSCF,I:SCSCF,MTAS,T:SCSCF,ASLI,I:ASLI,SCSCF,T:ASLI,SCSCF,I-500:SCSCF,ASLI,A:MTAS,SCSCF,I:SCSCF,MTAS,T:SCSCF,PCSCF,I:PCSCF,SCSCF,T"
983,983,1,1,0.85414106,"IBCF,ICSCF,I"
984,984,1,1,0.83149993,"PCSCF,SCSCF,I:SCSCF,PCSCF,T:SCSCF,ASLI,I:ASLI,SCSCF,T:ASLI,SCSCF,I-500:SCSCF,ASLI,A:SCSCF,MTAS,I:MTAS,SCSCF,T:MTAS,SCSCF,I:SCSCF,MTAS,T:SCSCF,GTW,I:GTW,SCSCF,T:SCSCF,MTAS,R:GTW,SCSCF,R:MTAS,SCSCF,R:SCSCF,PCSCF,R:PCSCF,SCSCF,P:MTAS,SCSCF,P:SCSCF,MTAS,P:SCSCF,GTW,P:GTW,SCSCF,P-200:SCSCF,MTAS,P-200:MTAS,SCSCF,P-200:SCSCF,PCSCF,P-200"
985,985,1,0,0.87231857,"ICSCF,SCSCF,I:SCSCF,ICSCF,T:SCSCF,ASLI,I:ASLI,SCSCF,T:ASLI,SCSCF,I-500:SCSCF,ASLI,A:SCSCF,BCCAS,I:BCCAS,SCSCF,T:BCCAS,SCSCF,I:SCSCF,BCCAS,T:SCSCF,IBCF,I:IBCF,SCSCF,T:IBCF,SCSCF,R:SCSCF,BCCAS,R:BCCAS,SCSCF,R:SCSCF,ICSCF,R:SCSCF,BCCAS,P:BCCAS,SCSCF,P:SCSCF,IBCF,P:IBCF,SCSCF,P-200:SCSCF,BCCAS,P-200:BCCAS,SCSCF,P-200:SCSCF,SCSCF,P-200"
986,986,1,1,0.63097584,"PCSCF,SCSCF,I:SCSCF,ASLI,I:ASLI,SCSCF,T:SCSCF,PCSCF,T:ASLI,SCSCF,I-500:SCSCF,ASLI,A:MTAS,SCSCF,I:SCSCF,MTAS,T:SCSCF,ASLI,I:ASLI,SCSCF,T:ASLI,SCSCF,I-500:SCSCF,ASLI,A:SCSCF,MTAS,I:MTAS,SCSCF,T:MTAS,SCSCF,I:SCSCF,MTAS,T:SCSCF,PCSCF,I:PCSCF,SCSCF,T:PCSCF,SCSCF,R:SCSCF,MTAS,R:MTAS,SCSCF,R:SCSCF,MTAS,R:SCSCF,PCSCF,R:PCSCF,SCSCF,P:MTAS,SCSCF,P:SCSCF,MTAS,P:MTAS,SCSCF,P:SCSCF,PCSCF,P:PCSCF,SCSCF,P-200:SCSCF,MTAS,P-200:MTAS,SCSCF,P-200:SCSCF,MTAS,P-200:SCSCF,PCSCF,P-200"
987,987,1,1,0.33671874,"BCCAS,SCSCF,I:SCSCF,BCCAS,T:SCSCF,BCCAS,R:BCCAS,SCSCF,P:SCSCF,BCCAS,P-200"
988,988,1,1,0.26627982,"MTAS,SCSCF,I:MTAS,SCSCF,A:GTW,ICSCF,I:ICSCF,GTW,T:SCSCF,ASLI,I:ASLI,SCSCF,T:ASLI,SCSCF,I-500:SCSCF,ASLI,A:SCSCF,MTAS,I:MTAS,SCSCF,T:MTAS,SCSCF,I:SCSCF,MTAS,T:MTAS,SCSCF,A:SCSCF,MTAS,I-480:MTAS,SCSCF,S:ICSCF,GTW,S:GTW,SCSCF,P:SCSCF,MTAS,P:MTAS,SCSCF,P-200:SCSCF,GTW,P-200:GTW,ICSCF,C:SCSCF,MTAS,C:ICSCF,GTW,C-200:MTAS,SCSCF,C-200:MTAS,SCSCF,I-487:ICSCF,GTW,I-487:SCSCF,MTAS,A:GTW,ICSCF,A"
989,989,1,1,0.2555449,"PCSCF,SCSCF,I:SCSCF,PCSCF,T:SCSCF,ASLI,I:ASLI,SCSCF,T:ASLI,SCSCF,I-500:SCSCF,ASLI,A:SCSCF,MTAS,I:MTAS,SCSCF,I:MTAS,SCSCF,T:SCSCF,GTW,I:GTW,SCSCF,T"
990,990,1,1,0.63859755,"PCSCF,SCSCF,I:SCSCF,ASLI,I:ASLI,SCSCF,T:ASLI,SCSCF,I-500:SCSCF,ASLI,A:SCSCF,PCSCF,T:MTAS,SCSCF,I:SCSCF,MTAS,T:SCSCF,GTW,I:GTW,SCSCF,T"
991,991,1,1,0.7005854,"IBCF,ICSCF,I:ICSCF,IBCF,T:ICSCF,SCSCF,I:SCSCF,ICSCF,T:SCSCF,ICSCF,S:ICSCF,IBCF,S:SCSCF,ICSCF,S:ICSCF,IBCF,S:ICSCF,IBCF,R:SCSCF,ICSCF,R"
992,992,1,0,0.94663566,"GTW,ICSCF,I:SCSCF,ASLI,I:ASLI,SCSCF,T:ASLI,SCSCF,I-500:SCSCF,ASLI,A:SCSCF,MTAS,I:MTAS,SCSCF,I:SCSCF,MTAS,T:SCSCF,PCSCF,I:PCSCF,SCSCF,T:MTAS,SCSCF,T:PCSCF,SCSCF,R:SCSCF,MTAS,R:MTAS,SCSCF,R:ICSCF,GTW,R:GTW,SCSCF,P:SCSCF,MTAS,P:MTAS,SCSCF,P:SCSCF,PCSCF,P:SCSCF,MTAS,P-200:PCSCF,SCSCF,P-200:MTAS,SCSCF,P-200:SCSCF,GTW,P-200"
993,993,1,1,0.61209655,"PCSCF,SCSCF,I:SCSCF,ASLI,I:ASLI,SCSCF,T:ASLI,SCSCF,I-500:SCSCF,ASLI,A:SCSCF,PCSCF,T:SCSCF,MTAS,I:MTAS,SCSCF,T:MTAS,SCSCF,I:SCSCF,MTAS,T:SCSCF,GTW,I:GTW,SCSCF,T"
994,994,1,1,0.584453,"PCSCF,SCSCF,I:SCSCF,ASLI,I:ASLI,SCSCF,T:ASLI,SCSCF,I-500:SCSCF,ASLI,A:SCSCF,PCSCF,T:MTAS,SCSCF,I:SCSCF,GTW,I:GTW,SCSCF,T"
995,995,1,1,0.43957534,"GTW,ICSCF,I:ICSCF,GTW,T:SCSCF,ASLI,I:ASLI,SCSCF,T:SCSCF,ASLI,A:ASLI,SCSCF,I-500:SCSCF,MTAS,I:MTAS,SCSCF,T:MTAS,SCSCF,W:ICSCF,GTW,W:SCSCF,GTW,I:GTW,SCSCF,T"
996,996,1,1,0.44896626,"SCSCF,BCCAS,I:BCCAS,SCSCF,T:BCCAS,SCSCF,I:SCSCF,BCCAS,T:SCSCF,IBCF,I:IBCF,SCSCF,T:IBCF,SCSCF,R:SCSCF,BCCAS,R:BCCAS,SCSCF,R:SCSCF,BCCAS,P:BCCAS,SCSCF,P:SCSCF,IBCF,P:IBCF,SCSCF,I-600:IBCF,SCSCF,P-481:SCSCF,IBCF,A:SCSCF,BCCAS,P-481:BCCAS,SCSCF,P-481:SCSCF,BCCAS,I-600:BCCAS,SCSCF,A"
997,997,1,1,0.61440635,"PCSCF,SCSCF,I:SCSCF,PCSCF,T:SCSCF,ASLI,I:ASLI,SCSCF,T:ASLI,SCSCF,I-500:SCSCF,ASLI,A:SCSCF,ASLI,I:ASLI,SCSCF,T:ASLI,SCSCF,I-500:SCSCF,ASLI,A:SCSCF,MTAS,I:MTAS,SCSCF,T:MTAS,SCSCF,I:SCSCF,MTAS,T:SCSCF,PCSCF,I:PCSCF,SCSCF,T:PCSCF,SCSCF,R:SCSCF,MTAS,R:MTAS,SCSCF,R:SCSCF,MTAS,R:SCSCF,PCSCF,R:PCSCF,SCSCF,P:SCSCF,MTAS,P:MTAS,SCSCF,P:SCSCF,PCSCF,P:PCSCF,SCSCF,P-200:SCSCF,MTAS,P-200:MTAS,SCSCF,P-200:SCSCF,MTAS,P-200:SCSCF,PCSCF,P-200"
998,998,1,1,0.35643256,"IBCF,ICSCF,I:ICSCF,IBCF,T:SCSCF,BCCAS,I:BCCAS,SCSCF,T:BCCAS,SCSCF,I:SCSCF,BCCAS,T:SCSCF,ASLI,I:ASLI,SCSCF,T:ASLI,SCSCF,I-500:SCSCF,ASLI,A:SCSCF,GTW,I:GTW,SCSCF,T"
999,999,1,1,0.6119035,"PCSCF,SCSCF,I:SCSCF,PCSCF,T:SCSCF,PCSCF,I-407:PCSCF,SCSCF,A:PCSCF,SCSCF,I:SCSCF,PCSCF,T:SCSCF,BCCAS,I:BCCAS,SCSCF,T:BCCAS,SCSCF,I-500:SCSCF,ASLI,I:ASLI,SCSCF,T:SCSCF,ASLI,A:ASLI,SCSCF,I-500:SCSCF,BCCAS,A:SCSCF,BCCAS,I:BCCAS,SCSCF,T:BCCAS,SCSCF,I:SCSCF,GTW,I:GTW,SCSCF,T"
